sku,handling_unit_id,from_rack,to_rack,from,to
100167,SHELF_034,G22_12,G13_12,Z15/A02/B-G22_12/L03/S01,Z10/A01/B-G13_12/L02/S02
100949,SHELF_023,G17_14,G17_13,Z13/A02/B-G17_14/L02/S04,Z13/A02/B-G17_13/L01/S02
101012,SHELF_013,G22_15,G17_14,Z15/A02/B-G22_15/L03/S01,Z13/A02/B-G17_14/L02/S01
101013,SHELF_116,G16_13,G17_7,Z13/A01/B-G16_13/L01/S01,Z13/A02/B-G17_7/L01/S01
101014,SHELF_072,G16_14,G11_10,Z13/A01/B-G16_14/L02/S04,Z09/A02/B-G11_10/L01/S02
101015,SHELF_109,G13_13,G11_8,Z10/A01/B-G13_13/L02/S03,Z09/A02/B-G11_8/L01/S04
101016,SHELF_011,G14_12,G14_14,Z10/A02/B-G14_12/L01/S04,Z10/A02/B-G14_14/L02/S03
101017,SHELF_082,G14_9,G22_10,Z10/A02/B-G14_9/L02/S03,Z15/A02/B-G22_10/L01/S04
101018,SHELF_011,G16_14,G14_14,Z13/A01/B-G16_14/L01/S01,Z10/A02/B-G14_14/L01/S01
101019,SHELF_022,G28_12,G16_13,Z17/A02/B-G28_12/L03/S02,Z13/A01/B-G16_13/L02/S02
101020,SHELF_018,G11_13,G21_14,Z09/A02/B-G11_13/L01/S01,Z15/A01/B-G21_14/L02/S02
101021,SHELF_085,G27_14,G20_9,Z17/A01/B-G27_14/L01/S01,Z14/A02/B-G20_9/L01/S01
101022,SHELF_113,G7_15,G13_7,Z06/A01/B-G7_15/L03/S04,Z10/A01/B-G13_7/L01/S02
101024,SHELF_160,G5_10,G3_10,Z01/A04/B-G5_10/L01/S01,Z01/A02/B-G3_10/L01/S04
101025,SHELF_019,G20_15,G10_14,Z14/A02/B-G20_15/L02/S02,Z09/A01/B-G10_14/L01/S03
101026,SHELF_034,G22_15,G13_12,Z15/A02/B-G22_15/L01/S01,Z10/A01/B-G13_12/L01/S04
101027,SHELF_219,G20_12,G7_5,Z14/A02/B-G20_12/L02/S02,Z06/A01/B-G7_5/L01/S03
101028,SHELF_003,G10_15,G16_15,Z09/A01/B-G10_15/L02/S02,Z13/A01/B-G16_15/L01/S01
101030,SHELF_006,G14_10,G20_15,Z10/A02/B-G14_10/L01/S02,Z14/A02/B-G20_15/L01/S03
101031,SHELF_244,G30_13,G10_2,Z18/A01/B-G30_13/L03/S01,Z11/A01/B-G10_2/L01/S03
101032,SHELF_067,G4_13,G20_10,Z04/A03/B-G4_13/L03/S01,Z14/A02/B-G20_10/L01/S01
101033,SHELF_291,G28_14,G28_2,Z17/A02/B-G28_14/L02/S01,Z21/A04/B-G28_2/L01/S02
101036,SHELF_302,G20_8,G30_2,Z14/A02/B-G20_8/L02/S02,Z21/A06/B-G30_2/L01/S03
101039,SHELF_237,G4_8,G4_6,Z01/A03/B-G4_8/L01/S03,Z01/A03/B-G4_6/L02/S04
101043,SHELF_273,G28_13,G33_8,Z17/A02/B-G28_13/L01/S03,Z19/A04/B-G33_8/L01/S01
101044,SHELF_233,G13_10,G31_8,Z10/A01/B-G13_10/L01/S03,Z19/A02/B-G31_8/L02/S01
101045,SHELF_065,G25_13,G3_15,Z16/A02/B-G25_13/L03/S04,Z04/A02/B-G3_15/L02/S01
101053,SHELF_064,G19_9,G28_14,Z14/A01/B-G19_9/L03/S03,Z17/A02/B-G28_14/L01/S03
101056,SHELF_053,G11_10,G8_13,Z09/A02/B-G11_10/L03/S03,Z06/A02/B-G8_13/L01/S04
101059,SHELF_050,G3_13,G22_12,Z04/A02/B-G3_13/L03/S02,Z15/A02/B-G22_12/L01/S04
101060,SHELF_230,G24_15,G25_4,Z16/A01/B-G24_15/L02/S02,Z16/A02/B-G25_4/L01/S01
101061,SHELF_015,G20_13,G22_15,Z14/A02/B-G20_13/L03/S04,Z15/A02/B-G22_15/L02/S02
101063,SHELF_024,G27_15,G19_13,Z17/A01/B-G27_15/L03/S03,Z14/A01/B-G19_13/L01/S03
101065,SHELF_020,G14_13,G13_13,Z10/A02/B-G14_13/L01/S04,Z10/A01/B-G13_13/L02/S04
101066,SHELF_025,G14_10,G22_14,Z10/A02/B-G14_10/L01/S04,Z15/A02/B-G22_14/L01/S02
101067,SHELF_211,G24_13,G31_9,Z16/A01/B-G24_13/L02/S01,Z19/A02/B-G31_9/L01/S03
101068,SHELF_139,G19_10,G8_8,Z14/A01/B-G19_10/L02/S02,Z06/A02/B-G8_8/L02/S01
101069,SHELF_229,G19_8,G20_2,Z14/A01/B-G19_8/L01/S03,Z14/A02/B-G20_2/L01/S01
101071,SHELF_155,G8_13,G17_5,Z06/A02/B-G8_13/L02/S04,Z13/A02/B-G17_5/L01/S03
101072,SHELF_107,G5_12,G4_12,Z04/A04/B-G5_12/L03/S03,Z04/A03/B-G4_12/L02/S01
101073,SHELF_030,G7_14,G11_13,Z06/A01/B-G7_14/L02/S03,Z09/A02/B-G11_13/L01/S01
101074,SHELF_284,G24_14,G32_6,Z16/A01/B-G24_14/L01/S03,Z19/A03/B-G32_6/L01/S01
101075,SHELF_004,G17_15,G17_15,Z13/A02/B-G17_15/L01/S04,Z13/A02/B-G17_15/L01/S03
101076,SHELF_122,G14_14,G30_12,Z10/A02/B-G14_14/L02/S01,Z18/A01/B-G30_12/L01/S03
101077,SHELF_226,G5_12,G28_6,Z04/A04/B-G5_12/L03/S04,Z17/A02/B-G28_6/L02/S03
101080,SHELF_072,G13_14,G11_10,Z10/A01/B-G13_14/L02/S02,Z09/A02/B-G11_10/L01/S01
101082,SHELF_224,G28_12,G19_2,Z17/A02/B-G28_12/L02/S02,Z14/A01/B-G19_2/L02/S01
101084,SHELF_153,G14_10,G14_5,Z10/A02/B-G14_10/L03/S01,Z10/A02/B-G14_5/L01/S01
101085,SHELF_048,G21_13,G7_14,Z15/A01/B-G21_13/L03/S04,Z06/A01/B-G7_14/L02/S01
101089,SHELF_282,G5_13,G30_4,Z04/A04/B-G5_13/L03/S04,Z19/A01/B-G30_4/L01/S02
101090,SHELF_136,G19_10,G19_6,Z14/A01/B-G19_10/L01/S01,Z14/A01/B-G19_6/L01/S01
101091,SHELF_237,G5_8,G4_6,Z01/A04/B-G5_8/L03/S04,Z01/A03/B-G4_6/L01/S04
101092,SHELF_030,G22_13,G11_13,Z15/A02/B-G22_13/L03/S01,Z09/A02/B-G11_13/L01/S04
101093,SHELF_255,G16_12,G31_7,Z13/A01/B-G16_12/L03/S03,Z19/A02/B-G31_7/L01/S04
101094,SHELF_206,G3_9,G3_8,Z01/A02/B-G3_9/L02/S01,Z01/A02/B-G3_8/L02/S04
101095,SHELF_005,G16_15,G19_15,Z13/A01/B-G16_15/L02/S04,Z14/A01/B-G19_15/L02/S01
101096,SHELF_283,G28_15,G31_5,Z17/A02/B-G28_15/L01/S04,Z19/A02/B-G31_5/L01/S03
101097,SHELF_133,G20_13,G14_6,Z14/A02/B-G20_13/L03/S01,Z10/A02/B-G14_6/L01/S01
101099,SHELF_311,G5_13,G31_2,Z04/A04/B-G5_13/L02/S04,Z21/A07/B-G31_2/L01/S01
101101,SHELF_040,G16_8,G24_14,Z13/A01/B-G16_8/L03/S03,Z16/A01/B-G24_14/L01/S04
101102,SHELF_128,G14_12,G21_7,Z10/A02/B-G14_12/L03/S01,Z15/A01/B-G21_7/L01/S04
101103,SHELF_169,G2_10,G4_9,Z01/A01/B-G2_10/L01/S03,Z01/A03/B-G4_9/L02/S04
101104,SHELF_021,G19_13,G14_13,Z14/A01/B-G19_13/L01/S04,Z10/A02/B-G14_13/L01/S02
101105,SHELF_175,G3_15,G7_7,Z04/A02/B-G3_15/L02/S02,Z06/A01/B-G7_7/L01/S03
101106,SHELF_028,G20_15,G20_13,Z14/A02/B-G20_15/L03/S03,Z14/A02/B-G20_13/L01/S02
101107,SHELF_149,G3_10,G5_9,Z01/A02/B-G3_10/L01/S04,Z01/A04/B-G5_9/L01/S02
101109,SHELF_257,G13_12,G36_12,Z10/A01/B-G13_12/L03/S02,Z20/A02/B-G36_12/L01/S03
101110,SHELF_154,G19_10,G16_5,Z14/A01/B-G19_10/L02/S03,Z13/A01/B-G16_5/L01/S03
101112,SHELF_231,G20_9,G27_5,Z14/A02/B-G20_9/L03/S03,Z17/A01/B-G27_5/L01/S02
101116,SHELF_050,G30_14,G22_12,Z18/A01/B-G30_14/L02/S01,Z15/A02/B-G22_12/L02/S01
101117,SHELF_125,G22_15,G33_15,Z15/A02/B-G22_15/L03/S04,Z18/A04/B-G33_15/L01/S02
101122,SHELF_097,G13_12,G16_8,Z10/A01/B-G13_12/L02/S02,Z13/A01/B-G16_8/L01/S02
101125,SHELF_092,G19_9,G2_14,Z14/A01/B-G19_9/L01/S02,Z04/A01/B-G2_14/L01/S04
101126,SHELF_210,G22_9,G30_8,Z15/A02/B-G22_9/L03/S02,Z19/A01/B-G30_8/L01/S04
101128,SHELF_048,G4_15,G7_14,Z04/A03/B-G4_15/L03/S01,Z06/A01/B-G7_14/L01/S01
101133,SHELF_198,G32_15,G21_4,Z18/A03/B-G32_15/L03/S03,Z15/A01/B-G21_4/L01/S03
101134,SHELF_051,G17_15,G24_13,Z13/A02/B-G17_15/L03/S02,Z16/A01/B-G24_13/L01/S04
101135,SHELF_002,G10_15,G14_15,Z09/A01/B-G10_15/L02/S03,Z10/A02/B-G14_15/L01/S04
101137,SHELF_223,G16_8,G17_2,Z13/A01/B-G16_8/L02/S04,Z13/A02/B-G17_2/L01/S04
101138,SHELF_315,G17_8,G0_3,Z13/A02/B-G17_8/L03/S04,Z03/A01/B-G0_3/L01/S03
101141,SHELF_249,G3_14,G22_2,Z04/A02/B-G3_14/L03/S03,Z15/A02/B-G22_2/L01/S03
101143,SHELF_151,G8_12,G10_6,Z06/A02/B-G8_12/L01/S03,Z09/A01/B-G10_6/L01/S03
101144,SHELF_207,G28_12,G8_5,Z17/A02/B-G28_12/L03/S03,Z06/A02/B-G8_5/L01/S02
101145,SHELF_245,G21_12,G13_1,Z15/A01/B-G21_12/L03/S01,Z12/A01/B-G13_1/L01/S03
101146,SHELF_188,G22_15,G25_6,Z15/A02/B-G22_15/L02/S03,Z16/A02/B-G25_6/L01/S02
101147,SHELF_075,G8_15,G5_13,Z06/A02/B-G8_15/L02/S04,Z04/A04/B-G5_13/L01/S03
101149,SHELF_095,G14_13,G13_8,Z10/A02/B-G14_13/L01/S03,Z10/A01/B-G13_8/L01/S01
101150,SHELF_040,G19_12,G24_14,Z14/A01/B-G19_12/L03/S03,Z16/A01/B-G24_14/L02/S03
101151,SHELF_169,G5_9,G4_9,Z01/A04/B-G5_9/L02/S02,Z01/A03/B-G4_9/L01/S04
101153,SHELF_208,G25_14,G25_5,Z16/A02/B-G25_14/L02/S03,Z16/A02/B-G25_5/L01/S03
101154,SHELF_015,G24_12,G22_15,Z16/A01/B-G24_12/L01/S01,Z15/A02/B-G22_15/L01/S01
101155,SHELF_017,G21_15,G11_14,Z15/A01/B-G21_15/L02/S02,Z09/A02/B-G11_14/L02/S02
101157,SHELF_202,G22_13,G10_4,Z15/A02/B-G22_13/L02/S02,Z09/A01/B-G10_4/L01/S02
101159,SHELF_037,G4_13,G17_12,Z04/A03/B-G4_13/L03/S02,Z13/A02/B-G17_12/L02/S01
101160,SHELF_183,G17_8,G24_6,Z13/A02/B-G17_8/L03/S01,Z16/A01/B-G24_6/L01/S04
101163,SHELF_145,G4_10,G4_10,Z01/A03/B-G4_10/L01/S03,Z01/A03/B-G4_10/L01/S04
101164,SHELF_119,G27_14,G3_12,Z17/A01/B-G27_14/L01/S04,Z04/A02/B-G3_12/L01/S04
101165,SHELF_121,G30_13,G27_10,Z18/A01/B-G30_13/L03/S04,Z17/A01/B-G27_10/L01/S04
101166,SHELF_108,G22_13,G0_15,Z15/A02/B-G22_13/L02/S03,Z03/A01/B-G0_15/L02/S01
101167,SHELF_071,G13_10,G4_14,Z10/A01/B-G13_10/L01/S01,Z04/A03/B-G4_14/L02/S01
101173,SHELF_183,G13_9,G24_6,Z10/A01/B-G13_9/L02/S04,Z16/A01/B-G24_6/L02/S04
101174,SHELF_102,G5_14,G3_13,Z04/A04/B-G5_14/L03/S04,Z04/A02/B-G3_13/L02/S01
101177,SHELF_065,G8_15,G3_15,Z06/A02/B-G8_15/L01/S01,Z04/A02/B-G3_15/L01/S02
101179,SHELF_125,G30_14,G33_15,Z18/A01/B-G30_14/L01/S02,Z18/A04/B-G33_15/L02/S01
101180,SHELF_140,G10_14,G20_6,Z09/A01/B-G10_14/L03/S04,Z14/A02/B-G20_6/L01/S02
101181,SHELF_022,G13_14,G16_13,Z10/A01/B-G13_14/L01/S01,Z13/A01/B-G16_13/L02/S04
101182,SHELF_112,G10_12,G10_8,Z09/A01/B-G10_12/L02/S04,Z09/A01/B-G10_8/L01/S02
101183,SHELF_088,G25_15,G31_15,Z16/A02/B-G25_15/L02/S03,Z18/A02/B-G31_15/L01/S03
101184,SHELF_065,G24_13,G3_15,Z16/A01/B-G24_13/L03/S03,Z04/A02/B-G3_15/L01/S04
101185,SHELF_221,G19_13,G14_2,Z14/A01/B-G19_13/L01/S01,Z12/A02/B-G14_2/L01/S02
101187,SHELF_028,G22_15,G20_13,Z15/A02/B-G22_15/L01/S02,Z14/A02/B-G20_13/L01/S04
101189,SHELF_153,G22_13,G14_5,Z15/A02/B-G22_13/L02/S01,Z10/A02/B-G14_5/L02/S02
101191,SHELF_110,G10_15,G21_8,Z09/A01/B-G10_15/L03/S01,Z15/A01/B-G21_8/L01/S04
101192,SHELF_174,G4_10,G5_8,Z01/A03/B-G4_10/L03/S02,Z01/A04/B-G5_8/L01/S02
101193,SHELF_006,G11_14,G20_15,Z09/A02/B-G11_14/L01/S03,Z14/A02/B-G20_15/L02/S02
101195,SHELF_189,G19_8,G27_7,Z14/A01/B-G19_8/L02/S04,Z17/A01/B-G27_7/L01/S03
101198,SHELF_063,G24_14,G24_12,Z16/A01/B-G24_14/L03/S01,Z16/A01/B-G24_12/L02/S02
101199,SHELF_296,G4_14,G36_9,Z04/A03/B-G4_14/L03/S02,Z20/A02/B-G36_9/L02/S01
101200,SHELF_119,G17_13,G3_12,Z13/A02/B-G17_13/L02/S04,Z04/A02/B-G3_12/L01/S02
101202,SHELF_177,G24_15,G13_4,Z16/A01/B-G24_15/L03/S01,Z10/A01/B-G13_4/L01/S01
101203,SHELF_074,G22_13,G2_15,Z15/A02/B-G22_13/L03/S02,Z04/A01/B-G2_15/L01/S02
101207,SHELF_132,G13_14,G13_6,Z10/A01/B-G13_14/L02/S01,Z10/A01/B-G13_6/L01/S01
101211,SHELF_167,G16_12,G33_13,Z13/A01/B-G16_12/L02/S04,Z18/A04/B-G33_13/L01/S01
101215,SHELF_040,G11_12,G24_14,Z09/A02/B-G11_12/L03/S01,Z16/A01/B-G24_14/L02/S01
101218,SHELF_236,G21_13,G36_13,Z15/A01/B-G21_13/L02/S03,Z20/A02/B-G36_13/L01/S04
101219,SHELF_244,G8_14,G10_2,Z06/A02/B-G8_14/L02/S02,Z11/A01/B-G10_2/L01/S02
101221,SHELF_008,G25_15,G21_15,Z16/A02/B-G25_15/L02/S02,Z15/A01/B-G21_15/L02/S02
101233,SHELF_287,G27_12,G36_10,Z17/A01/B-G27_12/L02/S02,Z20/A02/B-G36_10/L01/S02
101234,SHELF_274,G16_8,G35_10,Z13/A01/B-G16_8/L02/S01,Z20/A01/B-G35_10/L01/S03
101235,SHELF_195,G2_10,G4_8,Z01/A01/B-G2_10/L02/S01,Z01/A03/B-G4_8/L01/S03
101244,SHELF_071,G14_12,G4_14,Z10/A02/B-G14_12/L02/S03,Z04/A03/B-G4_14/L01/S04
101254,SHELF_020,G24_13,G13_13,Z16/A01/B-G24_13/L02/S03,Z10/A01/B-G13_13/L02/S02
101256,SHELF_290,G25_12,G5_2,Z16/A02/B-G25_12/L02/S02,Z05/A04/B-G5_2/L01/S02
101265,SHELF_228,G24_13,G8_4,Z16/A01/B-G24_13/L01/S02,Z06/A02/B-G8_4/L01/S03
101266,SHELF_227,G4_9,G3_7,Z01/A03/B-G4_9/L03/S02,Z01/A02/B-G3_7/L01/S03
101271,SHELF_261,G2_14,G21_1,Z04/A01/B-G2_14/L02/S01,Z15/A01/B-G21_1/L02/S01
101273,SHELF_191,G21_10,G31_10,Z15/A01/B-G21_10/L01/S04,Z19/A02/B-G31_10/L01/S02
101275,SHELF_066,G17_12,G8_12,Z13/A02/B-G17_12/L01/S01,Z06/A02/B-G8_12/L02/S04
101276,SHELF_084,G21_14,G3_14,Z15/A01/B-G21_14/L02/S02,Z04/A02/B-G3_14/L01/S01
101277,SHELF_253,G14_8,G27_4,Z10/A02/B-G14_8/L03/S03,Z17/A01/B-G27_4/L01/S01
101279,SHELF_286,G4_14,G35_9,Z04/A03/B-G4_14/L02/S04,Z20/A01/B-G35_9/L01/S03
101280,SHELF_199,G4_9,G2_9,Z01/A03/B-G4_9/L01/S02,Z01/A01/B-G2_9/L01/S03
101281,SHELF_143,G28_15,G32_13,Z17/A02/B-G28_15/L03/S01,Z18/A03/B-G32_13/L01/S02
101282,SHELF_003,G28_15,G16_15,Z17/A02/B-G28_15/L02/S04,Z13/A01/B-G16_15/L01/S02
101285,SHELF_001,G30_14,G13_15,Z18/A01/B-G30_14/L01/S04,Z10/A01/B-G13_15/L01/S02
101288,SHELF_169,G3_10,G4_9,Z01/A02/B-G3_10/L03/S02,Z01/A03/B-G4_9/L02/S02
101289,SHELF_202,G32_15,G10_4,Z18/A03/B-G32_15/L03/S04,Z09/A01/B-G10_4/L01/S01
101290,SHELF_057,G13_15,G5_14,Z10/A01/B-G13_15/L01/S03,Z04/A04/B-G5_14/L01/S03
101291,SHELF_231,G8_15,G27_5,Z06/A02/B-G8_15/L03/S01,Z17/A01/B-G27_5/L01/S01
101292,SHELF_294,G8_13,G33_6,Z06/A02/B-G8_13/L03/S04,Z19/A04/B-G33_6/L01/S02
101293,SHELF_046,G16_14,G21_12,Z13/A01/B-G16_14/L02/S01,Z15/A01/B-G21_12/L02/S02
101295,SHELF_141,G17_14,G27_9,Z13/A02/B-G17_14/L01/S01,Z17/A01/B-G27_9/L01/S04
101296,SHELF_015,G16_15,G22_15,Z13/A01/B-G16_15/L03/S04,Z15/A02/B-G22_15/L02/S03
101297,SHELF_112,G25_15,G10_8,Z16/A02/B-G25_15/L03/S04,Z09/A01/B-G10_8/L01/S04
101299,SHELF_126,G11_12,G0_14,Z09/A02/B-G11_12/L01/S02,Z03/A01/B-G0_14/L01/S02
101301,SHELF_274,G24_12,G35_10,Z16/A01/B-G24_12/L01/S04,Z20/A01/B-G35_10/L01/S04
101302,SHELF_035,G13_12,G14_12,Z10/A01/B-G13_12/L03/S03,Z10/A02/B-G14_12/L01/S02
101303,SHELF_022,G13_10,G16_13,Z10/A01/B-G13_10/L02/S04,Z13/A01/B-G16_13/L01/S03
101305,SHELF_099,G11_13,G19_8,Z09/A02/B-G11_13/L03/S04,Z14/A01/B-G19_8/L01/S03
101307,SHELF_143,G17_10,G32_13,Z13/A02/B-G17_10/L02/S03,Z18/A03/B-G32_13/L01/S01
101311,SHELF_173,G3_9,G2_10,Z01/A02/B-G3_9/L03/S03,Z01/A01/B-G2_10/L01/S01
101318,SHELF_103,G21_14,G20_8,Z15/A01/B-G21_14/L01/S04,Z14/A02/B-G20_8/L01/S02
101322,SHELF_218,G2_10,G5_6,Z01/A01/B-G2_10/L02/S03,Z01/A04/B-G5_6/L01/S02
101325,SHELF_108,G22_12,G0_15,Z15/A02/B-G22_12/L03/S02,Z03/A01/B-G0_15/L01/S02
101326,SHELF_230,G31_15,G25_4,Z18/A02/B-G31_15/L03/S04,Z16/A02/B-G25_4/L01/S02
101327,SHELF_022,G19_12,G16_13,Z14/A01/B-G19_12/L01/S01,Z13/A01/B-G16_13/L01/S02
101328,SHELF_055,G24_13,G27_14,Z16/A01/B-G24_13/L01/S03,Z17/A01/B-G27_14/L01/S04
101329,SHELF_025,G13_15,G22_14,Z10/A01/B-G13_15/L03/S01,Z15/A02/B-G22_14/L02/S02
101330,SHELF_011,G16_15,G14_14,Z13/A01/B-G16_15/L01/S03,Z10/A02/B-G14_14/L01/S04
101332,SHELF_100,G14_14,G22_9,Z10/A02/B-G14_14/L03/S04,Z15/A02/B-G22_9/L01/S02
101333,SHELF_281,G16_12,G27_2,Z13/A01/B-G16_12/L02/S02,Z21/A03/B-G27_2/L01/S01
101334,SHELF_265,G7_14,G22_1,Z06/A01/B-G7_14/L02/S02,Z15/A02/B-G22_1/L01/S02
101335,SHELF_108,G22_15,G0_15,Z15/A02/B-G22_15/L01/S04,Z03/A01/B-G0_15/L01/S03
101336,SHELF_044,G4_15,G27_15,Z04/A03/B-G4_15/L02/S01,Z17/A01/B-G27_15/L02/S01
101337,SHELF_008,G25_15,G21_15,Z16/A02/B-G25_15/L01/S02,Z15/A01/B-G21_15/L01/S03
104356,SHELF_163,G24_14,G25_7,Z16/A01/B-G24_14/L02/S04,Z16/A02/B-G25_7/L01/S03
104357,SHELF_233,G31_14,G31_8,Z18/A02/B-G31_14/L01/S04,Z19/A02/B-G31_8/L01/S04
104397,SHELF_199,G4_9,G2_9,Z01/A03/B-G4_9/L03/S03,Z01/A01/B-G2_9/L02/S01
104398,SHELF_211,G20_9,G31_9,Z14/A02/B-G20_9/L02/S04,Z19/A02/B-G31_9/L01/S04
104429,SHELF_259,G22_12,G0_8,Z15/A02/B-G22_12/L02/S03,Z03/A01/B-G0_8/L01/S01
104505,SHELF_114,G21_9,G14_7,Z15/A01/B-G21_9/L03/S03,Z10/A02/B-G14_7/L01/S03
105271,SHELF_300,G30_13,G5_1,Z18/A01/B-G30_13/L01/S02,Z05/A04/B-G5_1/L01/S01
105418,SHELF_098,G30_15,G17_8,Z18/A01/B-G30_15/L03/S04,Z13/A02/B-G17_8/L01/S01
107034,SHELF_021,G19_14,G14_13,Z14/A01/B-G19_14/L02/S04,Z10/A02/B-G14_13/L02/S02
107094,SHELF_117,G20_10,G19_7,Z14/A02/B-G20_10/L03/S01,Z14/A01/B-G19_7/L02/S02
107095,SHELF_218,G2_10,G5_6,Z01/A01/B-G2_10/L03/S02,Z01/A04/B-G5_6/L01/S04
107101,SHELF_043,G14_12,G25_14,Z10/A02/B-G14_12/L03/S04,Z16/A02/B-G25_14/L01/S04
107102,SHELF_197,G3_15,G11_4,Z04/A02/B-G3_15/L02/S04,Z09/A02/B-G11_4/L01/S03
107103,SHELF_173,G5_9,G2_10,Z01/A04/B-G5_9/L02/S01,Z01/A01/B-G2_10/L01/S02
107104,SHELF_171,G8_13,G11_5,Z06/A02/B-G8_13/L01/S02,Z09/A02/B-G11_5/L01/S01
107105,SHELF_242,G2_10,G5_5,Z01/A01/B-G2_10/L02/S02,Z01/A04/B-G5_5/L01/S02
107106,SHELF_058,G21_12,G7_13,Z15/A01/B-G21_12/L02/S01,Z06/A01/B-G7_13/L01/S03
107107,SHELF_090,G10_9,G11_9,Z09/A01/B-G10_9/L02/S03,Z09/A02/B-G11_9/L01/S02
107108,SHELF_210,G30_14,G30_8,Z18/A01/B-G30_14/L02/S02,Z19/A01/B-G30_8/L01/S02
107110,SHELF_230,G30_13,G25_4,Z18/A01/B-G30_13/L01/S03,Z16/A02/B-G25_4/L01/S03
107112,SHELF_123,G0_15,G31_13,Z03/A01/B-G0_15/L02/S02,Z18/A02/B-G31_13/L01/S02
107113,SHELF_155,G4_14,G17_5,Z04/A03/B-G4_14/L02/S03,Z13/A02/B-G17_5/L01/S02
107116,SHELF_160,G4_9,G3_10,Z01/A03/B-G4_9/L02/S03,Z01/A02/B-G3_10/L02/S01
107120,SHELF_054,G14_15,G25_13,Z10/A02/B-G14_15/L01/S04,Z16/A02/B-G25_13/L01/S03
107121,SHELF_124,G5_13,G32_14,Z04/A04/B-G5_13/L01/S01,Z18/A03/B-G32_14/L02/S03
107123,SHELF_183,G17_8,G24_6,Z13/A02/B-G17_8/L02/S04,Z16/A01/B-G24_6/L02/S02
107124,SHELF_150,G8_15,G7_8,Z06/A02/B-G8_15/L01/S03,Z06/A01/B-G7_8/L01/S04
107129,SHELF_029,G25_12,G25_15,Z16/A02/B-G25_12/L02/S03,Z16/A02/B-G25_15/L02/S01
107130,SHELF_005,G20_15,G19_15,Z14/A02/B-G20_15/L01/S03,Z14/A01/B-G19_15/L01/S02
107131,SHELF_065,G7_15,G3_15,Z06/A01/B-G7_15/L02/S04,Z04/A02/B-G3_15/L02/S03
107133,SHELF_169,G4_8,G4_9,Z01/A03/B-G4_8/L03/S02,Z01/A03/B-G4_9/L02/S03
107135,SHELF_073,G31_14,G21_10,Z18/A02/B-G31_14/L03/S01,Z15/A01/B-G21_10/L01/S01
107136,SHELF_002,G20_12,G14_15,Z14/A02/B-G20_12/L01/S01,Z10/A02/B-G14_15/L01/S02
107144,SHELF_217,G3_9,G2_8,Z01/A02/B-G3_9/L01/S03,Z01/A01/B-G2_8/L01/S01
107146,SHELF_154,G27_13,G16_5,Z17/A01/B-G27_13/L01/S01,Z13/A01/B-G16_5/L01/S04
107149,SHELF_183,G28_13,G24_6,Z17/A02/B-G28_13/L02/S01,Z16/A01/B-G24_6/L02/S03
107151,SHELF_030,G20_10,G11_13,Z14/A02/B-G20_10/L01/S03,Z09/A02/B-G11_13/L01/S02
107153,SHELF_064,G13_9,G28_14,Z10/A01/B-G13_9/L03/S03,Z17/A02/B-G28_14/L01/S04
107154,SHELF_011,G5_12,G14_14,Z04/A04/B-G5_12/L01/S04,Z10/A02/B-G14_14/L01/S03
107159,SHELF_013,G21_14,G17_14,Z15/A01/B-G21_14/L03/S03,Z13/A02/B-G17_14/L02/S02
107162,SHELF_004,G5_15,G17_15,Z04/A04/B-G5_15/L03/S02,Z13/A02/B-G17_15/L02/S01
107164,SHELF_048,G30_14,G7_14,Z18/A01/B-G30_14/L03/S01,Z06/A01/B-G7_14/L01/S02
107165,SHELF_250,G27_13,G28_5,Z17/A01/B-G27_13/L03/S02,Z17/A02/B-G28_5/L01/S03
107166,SHELF_141,G13_8,G27_9,Z10/A01/B-G13_8/L01/S02,Z17/A01/B-G27_9/L01/S01
107168,SHELF_176,G24_13,G10_5,Z16/A01/B-G24_13/L02/S04,Z09/A01/B-G10_5/L01/S04
107170,SHELF_167,G14_8,G33_13,Z10/A02/B-G14_8/L02/S03,Z18/A04/B-G33_13/L01/S03
107171,SHELF_322,G19_8,G35_4,Z14/A01/B-G19_8/L03/S02,Z20/A01/B-G35_4/L01/S01
107172,SHELF_059,G19_13,G13_10,Z14/A01/B-G19_13/L02/S01,Z10/A01/B-G13_10/L01/S02
107174,SHELF_108,G27_13,G0_15,Z17/A01/B-G27_13/L01/S02,Z03/A01/B-G0_15/L01/S04
107175,SHELF_295,G22_12,G35_8,Z15/A02/B-G22_12/L02/S01,Z20/A01/B-G35_8/L01/S01
107176,SHELF_061,G8_12,G17_10,Z06/A02/B-G8_12/L01/S02,Z13/A02/B-G17_10/L01/S02
107177,SHELF_149,G5_9,G5_9,Z01/A04/B-G5_9/L02/S03,Z01/A04/B-G5_9/L01/S03
107178,SHELF_037,G10_13,G17_12,Z09/A01/B-G10_13/L03/S02,Z13/A02/B-G17_12/L01/S02
107180,SHELF_106,G10_9,G32_15,Z09/A01/B-G10_9/L01/S01,Z18/A03/B-G32_15/L01/S03
107186,SHELF_225,G5_14,G24_4,Z04/A04/B-G5_14/L02/S01,Z16/A01/B-G24_4/L01/S02
107188,SHELF_003,G14_8,G16_15,Z10/A02/B-G14_8/L02/S04,Z13/A01/B-G16_15/L01/S03
107192,SHELF_260,G19_10,G11_1,Z14/A01/B-G19_10/L01/S03,Z11/A02/B-G11_1/L01/S03
107195,SHELF_215,G4_8,G4_7,Z01/A03/B-G4_8/L03/S04,Z01/A03/B-G4_7/L02/S04
107197,SHELF_020,G16_8,G13_13,Z13/A01/B-G16_8/L01/S01,Z10/A01/B-G13_13/L01/S02
107198,SHELF_078,G19_8,G13_9,Z14/A01/B-G19_8/L02/S01,Z10/A01/B-G13_9/L01/S04
107199,SHELF_319,G4_13,G36_6,Z04/A03/B-G4_13/L03/S03,Z20/A02/B-G36_6/L01/S01
107202,SHELF_274,G22_10,G35_10,Z15/A02/B-G22_10/L01/S03,Z20/A01/B-G35_10/L01/S02
107204,SHELF_155,G11_12,G17_5,Z09/A02/B-G11_12/L03/S03,Z13/A02/B-G17_5/L02/S01
107207,SHELF_081,G20_12,G19_9,Z14/A02/B-G20_12/L03/S04,Z14/A01/B-G19_9/L02/S01
107209,SHELF_165,G16_8,G30_10,Z13/A01/B-G16_8/L01/S04,Z19/A01/B-G30_10/L02/S03
107210,SHELF_225,G19_12,G24_4,Z14/A01/B-G19_12/L02/S02,Z16/A01/B-G24_4/L01/S01
107212,SHELF_209,G2_15,G27_6,Z04/A01/B-G2_15/L03/S04,Z17/A01/B-G27_6/L01/S04
107213,SHELF_044,G14_14,G27_15,Z10/A02/B-G14_14/L01/S03,Z17/A01/B-G27_15/L01/S03
107217,SHELF_047,G31_14,G5_15,Z18/A02/B-G31_14/L03/S02,Z04/A04/B-G5_15/L02/S02
107219,SHELF_036,G11_15,G16_12,Z09/A02/B-G11_15/L02/S02,Z13/A01/B-G16_12/L01/S01
107223,SHELF_024,G4_13,G19_13,Z04/A03/B-G4_13/L03/S04,Z14/A01/B-G19_13/L02/S03
107224,SHELF_008,G19_14,G21_15,Z14/A01/B-G19_14/L03/S03,Z15/A01/B-G21_15/L02/S03
107225,SHELF_216,G22_10,G0_10,Z15/A02/B-G22_10/L01/S01,Z03/A01/B-G0_10/L01/S01
107226,SHELF_032,G27_13,G7_15,Z17/A01/B-G27_13/L01/S04,Z06/A01/B-G7_15/L02/S01
107227,SHELF_139,G16_12,G8_8,Z13/A01/B-G16_12/L03/S04,Z06/A02/B-G8_8/L01/S01
107229,SHELF_235,G31_14,G35_12,Z18/A02/B-G31_14/L02/S03,Z20/A01/B-G35_12/L01/S02
107230,SHELF_261,G5_13,G21_1,Z04/A04/B-G5_13/L02/S02,Z15/A01/B-G21_1/L01/S01
107232,SHELF_039,G10_15,G22_13,Z09/A01/B-G10_15/L03/S03,Z15/A02/B-G22_13/L01/S04
107237,SHELF_237,G5_7,G4_6,Z01/A04/B-G5_7/L03/S02,Z01/A03/B-G4_6/L01/S03
107238,SHELF_047,G13_15,G5_15,Z10/A01/B-G13_15/L01/S01,Z04/A04/B-G5_15/L01/S04
107239,SHELF_248,G19_8,G19_1,Z14/A01/B-G19_8/L03/S03,Z14/A01/B-G19_1/L01/S03
107244,SHELF_110,G31_15,G21_8,Z18/A02/B-G31_15/L01/S01,Z15/A01/B-G21_8/L01/S02
107248,SHELF_192,G3_13,G33_12,Z04/A02/B-G3_13/L02/S01,Z18/A04/B-G33_12/L01/S04
107250,SHELF_048,G16_14,G7_14,Z13/A01/B-G16_14/L01/S02,Z06/A01/B-G7_14/L02/S03
107251,SHELF_066,G14_9,G8_12,Z10/A02/B-G14_9/L03/S01,Z06/A02/B-G8_12/L01/S04
107254,SHELF_063,G21_13,G24_12,Z15/A01/B-G21_13/L01/S04,Z16/A01/B-G24_12/L02/S01
107255,SHELF_104,G25_14,G30_13,Z16/A02/B-G25_14/L02/S02,Z18/A01/B-G30_13/L01/S04
107256,SHELF_043,G14_13,G25_14,Z10/A02/B-G14_13/L03/S02,Z16/A02/B-G25_14/L02/S02
107258,SHELF_126,G7_13,G0_14,Z06/A01/B-G7_13/L01/S02,Z03/A01/B-G0_14/L01/S01
107259,SHELF_057,G14_13,G5_14,Z10/A02/B-G14_13/L02/S02,Z04/A04/B-G5_14/L01/S04
107261,SHELF_309,G30_15,G2_2,Z18/A01/B-G30_15/L02/S01,Z05/A01/B-G2_2/L01/S01
107263,SHELF_203,G13_13,G22_4,Z10/A01/B-G13_13/L01/S01,Z15/A02/B-G22_4/L01/S01
107264,SHELF_085,G13_8,G20_9,Z10/A01/B-G13_8/L03/S04,Z14/A02/B-G20_9/L02/S02
107265,SHELF_177,G2_15,G13_4,Z04/A01/B-G2_15/L01/S04,Z10/A01/B-G13_4/L02/S01
107266,SHELF_222,G19_10,G16_2,Z14/A01/B-G19_10/L03/S04,Z13/A01/B-G16_2/L01/S02
107268,SHELF_181,G25_14,G19_4,Z16/A02/B-G25_14/L01/S04,Z14/A01/B-G19_4/L01/S01
107269,SHELF_064,G17_12,G28_14,Z13/A02/B-G17_12/L02/S03,Z17/A02/B-G28_14/L02/S01
107271,SHELF_079,G20_10,G14_9,Z14/A02/B-G20_10/L03/S02,Z10/A02/B-G14_9/L01/S04
107272,SHELF_191,G11_14,G31_10,Z09/A02/B-G11_14/L02/S03,Z19/A02/B-G31_10/L01/S03
107274,SHELF_124,G7_14,G32_14,Z06/A01/B-G7_14/L02/S04,Z18/A03/B-G32_14/L02/S02
107275,SHELF_116,G21_10,G17_7,Z15/A01/B-G21_10/L02/S02,Z13/A02/B-G17_7/L01/S02
107276,SHELF_117,G24_15,G19_7,Z16/A01/B-G24_15/L01/S03,Z14/A01/B-G19_7/L01/S03
107280,SHELF_070,G16_14,G30_15,Z13/A01/B-G16_14/L03/S02,Z18/A01/B-G30_15/L01/S01
107281,SHELF_017,G22_14,G11_14,Z15/A02/B-G22_14/L02/S04,Z09/A02/B-G11_14/L02/S03
107283,SHELF_074,G27_12,G2_15,Z17/A01/B-G27_12/L02/S04,Z04/A01/B-G2_15/L02/S01
107285,SHELF_037,G13_12,G17_12,Z10/A01/B-G13_12/L01/S01,Z13/A02/B-G17_12/L02/S02
107287,SHELF_130,G3_9,G5_10,Z01/A02/B-G3_9/L02/S04,Z01/A04/B-G5_10/L02/S02
107288,SHELF_142,G28_13,G31_12,Z17/A02/B-G28_13/L02/S04,Z18/A02/B-G31_12/L01/S01
107290,SHELF_206,G4_9,G3_8,Z01/A03/B-G4_9/L02/S01,Z01/A02/B-G3_8/L01/S03
107291,SHELF_140,G7_13,G20_6,Z06/A01/B-G7_13/L03/S02,Z14/A02/B-G20_6/L01/S01
107292,SHELF_224,G25_12,G19_2,Z16/A02/B-G25_12/L03/S03,Z14/A01/B-G19_2/L01/S01
107293,SHELF_171,G11_14,G11_5,Z09/A02/B-G11_14/L01/S02,Z09/A02/B-G11_5/L01/S03
107294,SHELF_224,G8_14,G19_2,Z06/A02/B-G8_14/L01/S03,Z14/A01/B-G19_2/L01/S04
107297,SHELF_179,G16_13,G16_4,Z13/A01/B-G16_13/L01/S02,Z13/A01/B-G16_4/L01/S03
107301,SHELF_173,G4_10,G2_10,Z01/A03/B-G4_10/L01/S04,Z01/A01/B-G2_10/L01/S04
107302,SHELF_094,G21_8,G10_9,Z15/A01/B-G21_8/L03/S02,Z09/A01/B-G10_9/L01/S04
107303,SHELF_034,G27_15,G13_12,Z17/A01/B-G27_15/L02/S01,Z10/A01/B-G13_12/L02/S03
107304,SHELF_043,G11_10,G25_14,Z09/A02/B-G11_10/L02/S02,Z16/A02/B-G25_14/L02/S01
107310,SHELF_137,G10_14,G22_7,Z09/A01/B-G10_14/L02/S03,Z15/A02/B-G22_7/L01/S01
107311,SHELF_029,G28_14,G25_15,Z17/A02/B-G28_14/L03/S02,Z16/A02/B-G25_15/L01/S03
107312,SHELF_027,G11_15,G8_15,Z09/A02/B-G11_15/L03/S03,Z06/A02/B-G8_15/L02/S04
107314,SHELF_102,G27_12,G3_13,Z17/A01/B-G27_12/L01/S02,Z04/A02/B-G3_13/L01/S03
107317,SHELF_097,G13_14,G16_8,Z10/A01/B-G13_14/L03/S01,Z13/A01/B-G16_8/L01/S01
107321,SHELF_147,G20_8,G11_6,Z14/A02/B-G20_8/L02/S03,Z09/A02/B-G11_6/L01/S03
107323,SHELF_244,G10_10,G10_2,Z09/A01/B-G10_10/L02/S01,Z11/A01/B-G10_2/L01/S04
107324,SHELF_089,G13_12,G4_13,Z10/A01/B-G13_12/L02/S01,Z04/A03/B-G4_13/L02/S01
107326,SHELF_111,G30_14,G2_13,Z18/A01/B-G30_14/L02/S03,Z04/A01/B-G2_13/L01/S01
107327,SHELF_074,G21_13,G2_15,Z15/A01/B-G21_13/L03/S01,Z04/A01/B-G2_15/L01/S01
107328,SHELF_142,G11_15,G31_12,Z09/A02/B-G11_15/L02/S04,Z18/A02/B-G31_12/L01/S03
107329,SHELF_012,G13_12,G16_14,Z10/A01/B-G13_12/L03/S01,Z13/A01/B-G16_14/L01/S01
107330,SHELF_162,G22_12,G20_5,Z15/A02/B-G22_12/L01/S04,Z14/A02/B-G20_5/L01/S02
107332,SHELF_196,G10_10,G0_11,Z09/A01/B-G10_10/L01/S02,Z03/A01/B-G0_11/L01/S01
107333,SHELF_099,G21_12,G19_8,Z15/A01/B-G21_12/L02/S03,Z14/A01/B-G19_8/L01/S02
107334,SHELF_065,G8_15,G3_15,Z06/A02/B-G8_15/L03/S03,Z04/A02/B-G3_15/L02/S02
107336,SHELF_160,G5_9,G3_10,Z01/A04/B-G5_9/L03/S01,Z01/A02/B-G3_10/L01/S01
107340,SHELF_086,G22_13,G27_12,Z15/A02/B-G22_13/L03/S03,Z17/A01/B-G27_12/L01/S04
107342,SHELF_293,G27_13,G32_5,Z17/A01/B-G27_13/L03/S01,Z19/A03/B-G32_5/L01/S02
107343,SHELF_119,G7_14,G3_12,Z06/A01/B-G7_14/L01/S02,Z04/A02/B-G3_12/L02/S01
107344,SHELF_050,G20_8,G22_12,Z14/A02/B-G20_8/L02/S04,Z15/A02/B-G22_12/L01/S02
107347,SHELF_227,G5_8,G3_7,Z01/A04/B-G5_8/L02/S02,Z01/A02/B-G3_7/L01/S02
107349,SHELF_323,G4_12,G36_5,Z04/A03/B-G4_12/L02/S04,Z20/A02/B-G36_5/L01/S01
107364,SHELF_108,G3_15,G0_15,Z04/A02/B-G3_15/L03/S01,Z03/A01/B-G0_15/L01/S01
107366,SHELF_165,G8_14,G30_10,Z06/A02/B-G8_14/L03/S01,Z19/A01/B-G30_10/L01/S01
107377,SHELF_046,G19_12,G21_12,Z14/A01/B-G19_12/L01/S02,Z15/A01/B-G21_12/L01/S04
107380,SHELF_014,G13_13,G19_14,Z10/A01/B-G13_13/L01/S04,Z14/A01/B-G19_14/L01/S02
107381,SHELF_213,G8_14,G35_13,Z06/A02/B-G8_14/L01/S01,Z20/A01/B-G35_13/L01/S01
107382,SHELF_077,G13_12,G10_10,Z10/A01/B-G13_12/L01/S02,Z09/A01/B-G10_10/L01/S02
107383,SHELF_262,G4_8,G2_6,Z01/A03/B-G4_8/L02/S03,Z01/A01/B-G2_6/L01/S01
107387,SHELF_267,G5_8,G3_5,Z01/A04/B-G5_8/L03/S03,Z01/A02/B-G3_5/L01/S01
107388,SHELF_226,G4_14,G28_6,Z04/A03/B-G4_14/L03/S03,Z17/A02/B-G28_6/L01/S03
107389,SHELF_226,G25_13,G28_6,Z16/A02/B-G25_13/L01/S02,Z17/A02/B-G28_6/L01/S02
107393,SHELF_171,G28_12,G11_5,Z17/A02/B-G28_12/L02/S03,Z09/A02/B-G11_5/L01/S02
107395,SHELF_070,G10_13,G30_15,Z09/A01/B-G10_13/L02/S02,Z18/A01/B-G30_15/L02/S01
107396,SHELF_115,G16_13,G16_7,Z13/A01/B-G16_13/L02/S04,Z13/A01/B-G16_7/L01/S01
107398,SHELF_130,G4_10,G5_10,Z01/A03/B-G4_10/L03/S04,Z01/A04/B-G5_10/L02/S01
107400,SHELF_169,G2_10,G4_9,Z01/A01/B-G2_10/L03/S01,Z01/A03/B-G4_9/L02/S01
107403,SHELF_077,G17_10,G10_10,Z13/A02/B-G17_10/L03/S04,Z09/A01/B-G10_10/L01/S04
107404,SHELF_213,G2_13,G35_13,Z04/A01/B-G2_13/L01/S03,Z20/A01/B-G35_13/L01/S03
107405,SHELF_179,G19_10,G16_4,Z14/A01/B-G19_10/L02/S04,Z13/A01/B-G16_4/L01/S01
107407,SHELF_115,G22_14,G16_7,Z15/A02/B-G22_14/L03/S01,Z13/A01/B-G16_7/L01/S04
107411,SHELF_069,G24_12,G27_13,Z16/A01/B-G24_12/L02/S03,Z17/A01/B-G27_13/L02/S01
107412,SHELF_001,G19_15,G13_15,Z14/A01/B-G19_15/L01/S01,Z10/A01/B-G13_15/L01/S04
107413,SHELF_151,G10_10,G10_6,Z09/A01/B-G10_10/L03/S04,Z09/A01/B-G10_6/L01/S04
107414,SHELF_243,G7_12,G7_4,Z06/A01/B-G7_12/L01/S04,Z06/A01/B-G7_4/L02/S02
107416,SHELF_223,G10_9,G17_2,Z09/A01/B-G10_9/L01/S02,Z13/A02/B-G17_2/L01/S03
107419,SHELF_124,G2_14,G32_14,Z04/A01/B-G2_14/L03/S02,Z18/A03/B-G32_14/L01/S03
107423,SHELF_233,G11_8,G31_8,Z09/A02/B-G11_8/L02/S03,Z19/A02/B-G31_8/L02/S03
107428,SHELF_053,G11_13,G8_13,Z09/A02/B-G11_13/L03/S01,Z06/A02/B-G8_13/L01/S03
107429,SHELF_191,G20_8,G31_10,Z14/A02/B-G20_8/L01/S01,Z19/A02/B-G31_10/L02/S01
107435,SHELF_146,G22_9,G0_13,Z15/A02/B-G22_9/L02/S02,Z03/A01/B-G0_13/L02/S01
107437,SHELF_283,G13_8,G31_5,Z10/A01/B-G13_8/L02/S01,Z19/A02/B-G31_5/L01/S01
107439,SHELF_173,G4_10,G2_10,Z01/A03/B-G4_10/L02/S01,Z01/A01/B-G2_10/L02/S02
107441,SHELF_052,G4_12,G28_15,Z04/A03/B-G4_12/L01/S04,Z17/A02/B-G28_15/L01/S01
107443,SHELF_207,G31_15,G8_5,Z18/A02/B-G31_15/L03/S02,Z06/A02/B-G8_5/L01/S01
107444,SHELF_090,G28_15,G11_9,Z17/A02/B-G28_15/L02/S01,Z09/A02/B-G11_9/L02/S01
107448,SHELF_208,G22_9,G25_5,Z15/A02/B-G22_9/L03/S03,Z16/A02/B-G25_5/L01/S02
107449,SHELF_150,G8_12,G7_8,Z06/A02/B-G8_12/L02/S02,Z06/A01/B-G7_8/L02/S02
107450,SHELF_301,G10_9,G3_2,Z09/A01/B-G10_9/L02/S02,Z05/A02/B-G3_2/L01/S01
107451,SHELF_128,G2_14,G21_7,Z04/A01/B-G2_14/L01/S04,Z15/A01/B-G21_7/L01/S02
107452,SHELF_224,G21_8,G19_2,Z15/A01/B-G21_8/L03/S03,Z14/A01/B-G19_2/L01/S03
107455,SHELF_115,G7_12,G16_7,Z06/A01/B-G7_12/L01/S02,Z13/A01/B-G16_7/L01/S03
107456,SHELF_269,G21_13,G25_2,Z15/A01/B-G21_13/L01/S02,Z21/A01/B-G25_2/L01/S01
107457,SHELF_135,G10_14,G17_6,Z09/A01/B-G10_14/L01/S03,Z13/A02/B-G17_6/L01/S04
107458,SHELF_128,G7_15,G21_7,Z06/A01/B-G7_15/L01/S02,Z15/A01/B-G21_7/L02/S03
107459,SHELF_032,G17_15,G7_15,Z13/A02/B-G17_15/L01/S02,Z06/A01/B-G7_15/L02/S03
107573,SHELF_080,G10_12,G17_9,Z09/A01/B-G10_12/L01/S01,Z13/A02/B-G17_9/L01/S03
107879,SHELF_121,G2_15,G27_10,Z04/A01/B-G2_15/L02/S04,Z17/A01/B-G27_10/L01/S03
109534,SHELF_051,G13_9,G24_13,Z10/A01/B-G13_9/L02/S03,Z16/A01/B-G24_13/L01/S03
109843,SHELF_111,G13_14,G2_13,Z10/A01/B-G13_14/L03/S03,Z04/A01/B-G2_13/L01/S02
109969,SHELF_186,G10_12,G8_6,Z09/A01/B-G10_12/L02/S03,Z06/A02/B-G8_6/L01/S04
109989,SHELF_029,G14_14,G25_15,Z10/A02/B-G14_14/L02/S03,Z16/A02/B-G25_15/L02/S02
110097,SHELF_204,G13_12,G24_5,Z10/A01/B-G13_12/L02/S04,Z16/A01/B-G24_5/L01/S03
110109,SHELF_214,G27_14,G36_14,Z17/A01/B-G27_14/L02/S02,Z20/A02/B-G36_14/L01/S01
110128,SHELF_254,G4_14,G30_6,Z04/A03/B-G4_14/L03/S04,Z19/A01/B-G30_6/L01/S03
110130,SHELF_165,G11_10,G30_10,Z09/A02/B-G11_10/L03/S01,Z19/A01/B-G30_10/L02/S02
110131,SHELF_170,G14_12,G0_12,Z10/A02/B-G14_12/L02/S02,Z03/A01/B-G0_12/L01/S04
110132,SHELF_031,G13_12,G21_13,Z10/A01/B-G13_12/L02/S03,Z15/A01/B-G21_13/L02/S03
110133,SHELF_266,G19_12,G28_4,Z14/A01/B-G19_12/L03/S02,Z17/A02/B-G28_4/L01/S02
110134,SHELF_235,G21_13,G35_12,Z15/A01/B-G21_13/L02/S04,Z20/A01/B-G35_12/L01/S03
110135,SHELF_272,G11_9,G32_7,Z09/A02/B-G11_9/L03/S01,Z19/A03/B-G32_7/L01/S01
110136,SHELF_176,G25_14,G10_5,Z16/A02/B-G25_14/L02/S04,Z09/A01/B-G10_5/L01/S03
110137,SHELF_146,G24_15,G0_13,Z16/A01/B-G24_15/L02/S04,Z03/A01/B-G0_13/L01/S02
110138,SHELF_139,G10_13,G8_8,Z09/A01/B-G10_13/L02/S03,Z06/A02/B-G8_8/L01/S03
110139,SHELF_094,G17_12,G10_9,Z13/A02/B-G17_12/L02/S02,Z09/A01/B-G10_9/L01/S03
110141,SHELF_064,G17_14,G28_14,Z13/A02/B-G17_14/L02/S02,Z17/A02/B-G28_14/L02/S02
110142,SHELF_085,G24_15,G20_9,Z16/A01/B-G24_15/L02/S03,Z14/A02/B-G20_9/L02/S01
110143,SHELF_094,G21_15,G10_9,Z15/A01/B-G21_15/L03/S01,Z09/A01/B-G10_9/L01/S01
110146,SHELF_039,G20_14,G22_13,Z14/A02/B-G20_14/L01/S03,Z15/A02/B-G22_13/L02/S01
110147,SHELF_248,G25_12,G19_1,Z16/A02/B-G25_12/L01/S04,Z14/A01/B-G19_1/L01/S02
110148,SHELF_019,G16_15,G10_14,Z13/A01/B-G16_15/L01/S02,Z09/A01/B-G10_14/L01/S04
110149,SHELF_049,G22_13,G10_12,Z15/A02/B-G22_13/L01/S03,Z09/A01/B-G10_12/L02/S02
110150,SHELF_069,G16_12,G27_13,Z13/A01/B-G16_12/L01/S04,Z17/A01/B-G27_13/L01/S02
110151,SHELF_020,G7_14,G13_13,Z06/A01/B-G7_14/L03/S04,Z10/A01/B-G13_13/L01/S01
110152,SHELF_292,G31_15,G31_4,Z18/A02/B-G31_15/L03/S01,Z19/A02/B-G31_4/L01/S02
110153,SHELF_217,G4_9,G2_8,Z01/A03/B-G4_9/L02/S04,Z01/A01/B-G2_8/L01/S04
110154,SHELF_127,G13_13,G11_7,Z10/A01/B-G13_13/L01/S03,Z09/A02/B-G11_7/L01/S02
110155,SHELF_087,G21_13,G30_14,Z15/A01/B-G21_13/L01/S03,Z18/A01/B-G30_14/L02/S02
110156,SHELF_146,G11_12,G0_13,Z09/A02/B-G11_12/L01/S03,Z03/A01/B-G0_13/L01/S01
110157,SHELF_109,G17_10,G11_8,Z13/A02/B-G17_10/L02/S04,Z09/A02/B-G11_8/L02/S01
110158,SHELF_027,G27_13,G8_15,Z17/A01/B-G27_13/L02/S03,Z06/A02/B-G8_15/L02/S02
110161,SHELF_078,G19_13,G13_9,Z14/A01/B-G19_13/L03/S02,Z10/A01/B-G13_9/L02/S01
110162,SHELF_009,G16_14,G10_15,Z13/A01/B-G16_14/L01/S03,Z09/A01/B-G10_15/L02/S01
110163,SHELF_178,G21_14,G14_4,Z15/A01/B-G21_14/L01/S01,Z10/A02/B-G14_4/L01/S03
110164,SHELF_052,G13_13,G28_15,Z10/A01/B-G13_13/L03/S04,Z17/A02/B-G28_15/L02/S03
110165,SHELF_041,G20_14,G8_14,Z14/A02/B-G20_14/L02/S04,Z06/A02/B-G8_14/L01/S04
110166,SHELF_038,G14_15,G19_12,Z10/A02/B-G14_15/L03/S03,Z14/A01/B-G19_12/L01/S04
110168,SHELF_063,G21_14,G24_12,Z15/A01/B-G21_14/L02/S03,Z16/A01/B-G24_12/L01/S02
110169,SHELF_196,G25_15,G0_11,Z16/A02/B-G25_15/L01/S04,Z03/A01/B-G0_11/L01/S03
110170,SHELF_169,G5_8,G4_9,Z01/A04/B-G5_8/L02/S03,Z01/A03/B-G4_9/L01/S01
110171,SHELF_022,G17_13,G16_13,Z13/A02/B-G17_13/L01/S01,Z13/A01/B-G16_13/L01/S04
110172,SHELF_132,G11_10,G13_6,Z09/A02/B-G11_10/L02/S04,Z10/A01/B-G13_6/L02/S01
110173,SHELF_099,G7_13,G19_8,Z06/A01/B-G7_13/L01/S01,Z14/A01/B-G19_8/L01/S01
110174,SHELF_127,G21_12,G11_7,Z15/A01/B-G21_12/L01/S01,Z09/A02/B-G11_7/L02/S01
110175,SHELF_016,G17_9,G20_14,Z13/A02/B-G17_9/L02/S02,Z14/A02/B-G20_14/L01/S01
110176,SHELF_228,G8_12,G8_4,Z06/A02/B-G8_12/L01/S04,Z06/A02/B-G8_4/L01/S04
110177,SHELF_304,G5_12,G33_5,Z04/A04/B-G5_12/L02/S03,Z19/A04/B-G33_5/L01/S04
110178,SHELF_026,G10_15,G24_15,Z09/A01/B-G10_15/L03/S04,Z16/A01/B-G24_15/L01/S01
110179,SHELF_049,G11_14,G10_12,Z09/A02/B-G11_14/L03/S03,Z09/A01/B-G10_12/L01/S01
110180,SHELF_138,G8_12,G28_10,Z06/A02/B-G8_12/L03/S04,Z17/A02/B-G28_10/L01/S02
110181,SHELF_254,G28_14,G30_6,Z17/A02/B-G28_14/L01/S01,Z19/A01/B-G30_6/L01/S01
110182,SHELF_078,G11_14,G13_9,Z09/A02/B-G11_14/L03/S02,Z10/A01/B-G13_9/L01/S02
110185,SHELF_012,G16_15,G16_14,Z13/A01/B-G16_15/L03/S01,Z13/A01/B-G16_14/L01/S03
110186,SHELF_113,G14_14,G13_7,Z10/A02/B-G14_14/L01/S02,Z10/A01/B-G13_7/L01/S01
110187,SHELF_015,G13_10,G22_15,Z10/A01/B-G13_10/L01/S04,Z15/A02/B-G22_15/L01/S04
110189,SHELF_043,G13_14,G25_14,Z10/A01/B-G13_14/L03/S04,Z16/A02/B-G25_14/L01/S01
110190,SHELF_046,G5_14,G21_12,Z04/A04/B-G5_14/L03/S01,Z15/A01/B-G21_12/L02/S01
110191,SHELF_039,G21_15,G22_13,Z15/A01/B-G21_15/L03/S03,Z15/A02/B-G22_13/L01/S01
110192,SHELF_249,G27_14,G22_2,Z17/A01/B-G27_14/L03/S03,Z15/A02/B-G22_2/L01/S04
110193,SHELF_161,G21_14,G8_7,Z15/A01/B-G21_14/L02/S01,Z06/A02/B-G8_7/L01/S03
110194,SHELF_018,G20_14,G21_14,Z14/A02/B-G20_14/L02/S03,Z15/A01/B-G21_14/L01/S03
110195,SHELF_200,G3_9,G5_7,Z01/A02/B-G3_9/L02/S03,Z01/A04/B-G5_7/L02/S04
110196,SHELF_008,G19_10,G21_15,Z14/A01/B-G19_10/L01/S04,Z15/A01/B-G21_15/L02/S01
110197,SHELF_178,G14_10,G14_4,Z10/A02/B-G14_10/L03/S03,Z10/A02/B-G14_4/L01/S02
110198,SHELF_217,G3_10,G2_8,Z01/A02/B-G3_10/L03/S01,Z01/A01/B-G2_8/L02/S03
110199,SHELF_068,G27_14,G25_12,Z17/A01/B-G27_14/L01/S03,Z16/A02/B-G25_12/L01/S04
110200,SHELF_166,G5_15,G32_12,Z04/A04/B-G5_15/L02/S04,Z18/A03/B-G32_12/L01/S01
110201,SHELF_174,G4_9,G5_8,Z01/A03/B-G4_9/L02/S02,Z01/A04/B-G5_8/L01/S01
110204,SHELF_147,G24_14,G11_6,Z16/A01/B-G24_14/L03/S03,Z09/A02/B-G11_6/L02/S01
110205,SHELF_216,G14_13,G0_10,Z10/A02/B-G14_13/L01/S01,Z03/A01/B-G0_10/L01/S02
110208,SHELF_203,G10_8,G22_4,Z09/A01/B-G10_8/L03/S03,Z15/A02/B-G22_4/L01/S03
110209,SHELF_209,G28_14,G27_6,Z17/A02/B-G28_14/L03/S03,Z17/A01/B-G27_6/L01/S03
110210,SHELF_185,G4_10,G3_9,Z01/A03/B-G4_10/L01/S02,Z01/A02/B-G3_9/L01/S04
110211,SHELF_079,G21_13,G14_9,Z15/A01/B-G21_13/L01/S01,Z10/A02/B-G14_9/L01/S02
110212,SHELF_007,G28_15,G11_15,Z17/A02/B-G28_15/L02/S02,Z09/A02/B-G11_15/L01/S03
110214,SHELF_106,G10_13,G32_15,Z09/A01/B-G10_13/L03/S01,Z18/A03/B-G32_15/L02/S01
110215,SHELF_057,G27_15,G5_14,Z17/A01/B-G27_15/L01/S04,Z04/A04/B-G5_14/L02/S01
110216,SHELF_070,G14_13,G30_15,Z10/A02/B-G14_13/L03/S04,Z18/A01/B-G30_15/L02/S02
110217,SHELF_152,G10_9,G13_5,Z09/A01/B-G10_9/L03/S02,Z10/A01/B-G13_5/L01/S04
110218,SHELF_130,G4_10,G5_10,Z01/A03/B-G4_10/L02/S04,Z01/A04/B-G5_10/L03/S02
110219,SHELF_089,G24_14,G4_13,Z16/A01/B-G24_14/L02/S02,Z04/A03/B-G4_13/L01/S04
110220,SHELF_200,G3_10,G5_7,Z01/A02/B-G3_10/L03/S03,Z01/A04/B-G5_7/L02/S01
110221,SHELF_024,G17_15,G19_13,Z13/A02/B-G17_15/L03/S01,Z14/A01/B-G19_13/L02/S01
110222,SHELF_130,G5_10,G5_10,Z01/A04/B-G5_10/L01/S04,Z01/A04/B-G5_10/L02/S04
110223,SHELF_043,G14_12,G25_14,Z10/A02/B-G14_12/L02/S04,Z16/A02/B-G25_14/L01/S02
110224,SHELF_067,G16_14,G20_10,Z13/A01/B-G16_14/L03/S04,Z14/A02/B-G20_10/L02/S01
110225,SHELF_062,G14_15,G19_10,Z10/A02/B-G14_15/L01/S02,Z14/A01/B-G19_10/L01/S03
110226,SHELF_303,G10_10,G32_4,Z09/A01/B-G10_10/L01/S03,Z19/A03/B-G32_4/L01/S01
110227,SHELF_037,G10_15,G17_12,Z09/A01/B-G10_15/L01/S03,Z13/A02/B-G17_12/L01/S03
110228,SHELF_227,G3_9,G3_7,Z01/A02/B-G3_9/L01/S04,Z01/A02/B-G3_7/L01/S01
110229,SHELF_197,G10_12,G11_4,Z09/A01/B-G10_12/L03/S04,Z09/A02/B-G11_4/L01/S04
110230,SHELF_286,G2_15,G35_9,Z04/A01/B-G2_15/L01/S02,Z20/A01/B-G35_9/L01/S01
110231,SHELF_092,G14_15,G2_14,Z10/A02/B-G14_15/L02/S01,Z04/A01/B-G2_14/L01/S03
110232,SHELF_008,G11_15,G21_15,Z09/A02/B-G11_15/L02/S01,Z15/A01/B-G21_15/L01/S01
110233,SHELF_098,G13_15,G17_8,Z10/A01/B-G13_15/L03/S04,Z13/A02/B-G17_8/L01/S02
110234,SHELF_062,G22_14,G19_10,Z15/A02/B-G22_14/L01/S03,Z14/A01/B-G19_10/L02/S02
110236,SHELF_147,G4_13,G11_6,Z04/A03/B-G4_13/L02/S03,Z09/A02/B-G11_6/L01/S04
110239,SHELF_105,G24_12,G31_14,Z16/A01/B-G24_12/L02/S02,Z18/A02/B-G31_14/L01/S04
110241,SHELF_262,G4_8,G2_6,Z01/A03/B-G4_8/L01/S02,Z01/A01/B-G2_6/L01/S02
110242,SHELF_260,G24_12,G11_1,Z16/A01/B-G24_12/L03/S02,Z11/A02/B-G11_1/L01/S02
110243,SHELF_100,G8_12,G22_9,Z06/A02/B-G8_12/L02/S03,Z15/A02/B-G22_9/L02/S01
110246,SHELF_251,G2_9,G3_6,Z01/A01/B-G2_9/L01/S04,Z01/A02/B-G3_6/L01/S01
110248,SHELF_207,G14_9,G8_5,Z10/A02/B-G14_9/L02/S01,Z06/A02/B-G8_5/L02/S02
110250,SHELF_179,G25_12,G16_4,Z16/A02/B-G25_12/L01/S01,Z13/A01/B-G16_4/L01/S02
110251,SHELF_126,G10_14,G0_14,Z09/A01/B-G10_14/L03/S03,Z03/A01/B-G0_14/L01/S03
110252,SHELF_017,G22_15,G11_14,Z15/A02/B-G22_15/L02/S02,Z09/A02/B-G11_14/L01/S03
110253,SHELF_148,G10_14,G21_6,Z09/A01/B-G10_14/L01/S01,Z15/A01/B-G21_6/L01/S04
110254,SHELF_104,G19_15,G30_13,Z14/A01/B-G19_15/L02/S01,Z18/A01/B-G30_13/L01/S03
110255,SHELF_174,G5_10,G5_8,Z01/A04/B-G5_10/L02/S01,Z01/A04/B-G5_8/L02/S04
110256,SHELF_072,G30_15,G11_10,Z18/A01/B-G30_15/L02/S04,Z09/A02/B-G11_10/L02/S01
110257,SHELF_144,G13_8,G33_14,Z10/A01/B-G13_8/L01/S03,Z18/A04/B-G33_14/L02/S01
110258,SHELF_056,G5_12,G4_15,Z04/A04/B-G5_12/L02/S04,Z04/A03/B-G4_15/L02/S01
110259,SHELF_129,G25_12,G2_12,Z16/A02/B-G25_12/L02/S04,Z04/A01/B-G2_12/L01/S04
110261,SHELF_140,G11_9,G20_6,Z09/A02/B-G11_9/L02/S01,Z14/A02/B-G20_6/L01/S03
110262,SHELF_007,G20_15,G11_15,Z14/A02/B-G20_15/L01/S02,Z09/A02/B-G11_15/L02/S01
110263,SHELF_286,G4_13,G35_9,Z04/A03/B-G4_13/L02/S01,Z20/A01/B-G35_9/L01/S02
110265,SHELF_117,G2_13,G19_7,Z04/A01/B-G2_13/L01/S04,Z14/A01/B-G19_7/L02/S01
110266,SHELF_165,G7_12,G30_10,Z06/A01/B-G7_12/L03/S01,Z19/A01/B-G30_10/L01/S02
110267,SHELF_214,G8_15,G36_14,Z06/A02/B-G8_15/L01/S04,Z20/A02/B-G36_14/L01/S03
110268,SHELF_060,G14_9,G14_10,Z10/A02/B-G14_9/L02/S04,Z10/A02/B-G14_10/L02/S02
110269,SHELF_034,G10_10,G13_12,Z09/A01/B-G10_10/L03/S01,Z10/A01/B-G13_12/L03/S01
110270,SHELF_139,G3_14,G8_8,Z04/A02/B-G3_14/L03/S04,Z06/A02/B-G8_8/L01/S02
110273,SHELF_151,G2_15,G10_6,Z04/A01/B-G2_15/L02/S02,Z09/A01/B-G10_6/L01/S01
110274,SHELF_006,G19_15,G20_15,Z14/A01/B-G19_15/L01/S04,Z14/A02/B-G20_15/L01/S04
110276,SHELF_127,G2_13,G11_7,Z04/A01/B-G2_13/L03/S01,Z09/A02/B-G11_7/L01/S04
110278,SHELF_063,G17_13,G24_12,Z13/A02/B-G17_13/L03/S04,Z16/A01/B-G24_12/L02/S03
110282,SHELF_175,G5_14,G7_7,Z04/A04/B-G5_14/L02/S02,Z06/A01/B-G7_7/L01/S02
110283,SHELF_124,G16_14,G32_14,Z13/A01/B-G16_14/L03/S01,Z18/A03/B-G32_14/L02/S01
110284,SHELF_023,G10_15,G17_13,Z09/A01/B-G10_15/L02/S04,Z13/A02/B-G17_13/L01/S03
110285,SHELF_022,G13_14,G16_13,Z10/A01/B-G13_14/L01/S04,Z13/A01/B-G16_13/L02/S03
110286,SHELF_040,G20_14,G24_14,Z14/A02/B-G20_14/L02/S02,Z16/A01/B-G24_14/L02/S02
110289,SHELF_079,G19_13,G14_9,Z14/A01/B-G19_13/L03/S04,Z10/A02/B-G14_9/L02/S02
110290,SHELF_079,G19_10,G14_9,Z14/A01/B-G19_10/L02/S01,Z10/A02/B-G14_9/L01/S03
110291,SHELF_130,G3_10,G5_10,Z01/A02/B-G3_10/L01/S02,Z01/A04/B-G5_10/L01/S02
110292,SHELF_197,G14_12,G11_4,Z10/A02/B-G14_12/L03/S02,Z09/A02/B-G11_4/L01/S02
110293,SHELF_091,G17_13,G21_9,Z13/A02/B-G17_13/L03/S02,Z15/A01/B-G21_9/L01/S02
110294,SHELF_159,G7_15,G28_9,Z06/A01/B-G7_15/L02/S03,Z17/A02/B-G28_9/L01/S02
110295,SHELF_174,G5_7,G5_8,Z01/A04/B-G5_7/L01/S03,Z01/A04/B-G5_8/L01/S03
110296,SHELF_125,G19_12,G33_15,Z14/A01/B-G19_12/L01/S03,Z18/A04/B-G33_15/L02/S04
110297,SHELF_014,G16_13,G19_14,Z13/A01/B-G16_13/L03/S01,Z14/A01/B-G19_14/L01/S01
110298,SHELF_083,G10_14,G28_13,Z09/A01/B-G10_14/L01/S04,Z17/A02/B-G28_13/L01/S04
110299,SHELF_003,G19_15,G16_15,Z14/A01/B-G19_15/L02/S04,Z13/A01/B-G16_15/L02/S02
110300,SHELF_306,G11_9,G36_8,Z09/A02/B-G11_9/L02/S04,Z20/A02/B-G36_8/L01/S01
110301,SHELF_111,G11_14,G2_13,Z09/A02/B-G11_14/L02/S01,Z04/A01/B-G2_13/L02/S01
110302,SHELF_119,G4_14,G3_12,Z04/A03/B-G4_14/L02/S01,Z04/A02/B-G3_12/L01/S03
110303,SHELF_158,G4_13,G24_7,Z04/A03/B-G4_13/L02/S02,Z16/A01/B-G24_7/L01/S01
110305,SHELF_169,G5_10,G4_9,Z01/A04/B-G5_10/L01/S02,Z01/A03/B-G4_9/L01/S02
110306,SHELF_107,G19_14,G4_12,Z14/A01/B-G19_14/L02/S02,Z04/A03/B-G4_12/L01/S03
110307,SHELF_067,G13_10,G20_10,Z10/A01/B-G13_10/L03/S04,Z14/A02/B-G20_10/L02/S02
110308,SHELF_305,G4_12,G35_7,Z04/A03/B-G4_12/L02/S01,Z20/A01/B-G35_7/L01/S01
110309,SHELF_090,G20_12,G11_9,Z14/A02/B-G20_12/L01/S04,Z09/A02/B-G11_9/L01/S03
110310,SHELF_098,G5_14,G17_8,Z04/A04/B-G5_14/L01/S01,Z13/A02/B-G17_8/L01/S04
110311,SHELF_147,G8_13,G11_6,Z06/A02/B-G8_13/L03/S02,Z09/A02/B-G11_6/L01/S02
110313,SHELF_085,G25_15,G20_9,Z16/A02/B-G25_15/L02/S04,Z14/A02/B-G20_9/L02/S03
110314,SHELF_038,G10_10,G19_12,Z09/A01/B-G10_10/L02/S04,Z14/A01/B-G19_12/L01/S02
110316,SHELF_026,G21_15,G24_15,Z15/A01/B-G21_15/L01/S01,Z16/A01/B-G24_15/L01/S04
110317,SHELF_046,G10_14,G21_12,Z09/A01/B-G10_14/L03/S02,Z15/A01/B-G21_12/L02/S04
110319,SHELF_025,G24_14,G22_14,Z16/A01/B-G24_14/L03/S04,Z15/A02/B-G22_14/L01/S01
110322,SHELF_014,G20_12,G19_14,Z14/A02/B-G20_12/L03/S01,Z14/A01/B-G19_14/L02/S01
110323,SHELF_041,G21_15,G8_14,Z15/A01/B-G21_15/L02/S03,Z06/A02/B-G8_14/L02/S01
110324,SHELF_009,G16_13,G10_15,Z13/A01/B-G16_13/L03/S02,Z09/A01/B-G10_15/L01/S01
110325,SHELF_050,G24_15,G22_12,Z16/A01/B-G24_15/L01/S02,Z15/A02/B-G22_12/L02/S02
110326,SHELF_049,G2_15,G10_12,Z04/A01/B-G2_15/L03/S01,Z09/A01/B-G10_12/L02/S01
110328,SHELF_155,G8_14,G17_5,Z06/A02/B-G8_14/L01/S04,Z13/A02/B-G17_5/L01/S01
110329,SHELF_223,G11_12,G17_2,Z09/A02/B-G11_12/L02/S04,Z13/A02/B-G17_2/L01/S01
110332,SHELF_114,G16_8,G14_7,Z13/A01/B-G16_8/L02/S03,Z10/A02/B-G14_7/L01/S02
110333,SHELF_063,G25_15,G24_12,Z16/A02/B-G25_15/L03/S02,Z16/A01/B-G24_12/L01/S04
110335,SHELF_123,G3_15,G31_13,Z04/A02/B-G3_15/L01/S01,Z18/A02/B-G31_13/L01/S03
110336,SHELF_058,G19_15,G7_13,Z14/A01/B-G19_15/L03/S03,Z06/A01/B-G7_13/L01/S01
110338,SHELF_183,G24_13,G24_6,Z16/A01/B-G24_13/L03/S02,Z16/A01/B-G24_6/L01/S02
110339,SHELF_217,G3_9,G2_8,Z01/A02/B-G3_9/L03/S02,Z01/A01/B-G2_8/L02/S01
110341,SHELF_003,G14_10,G16_15,Z10/A02/B-G14_10/L02/S03,Z13/A01/B-G16_15/L02/S04
110342,SHELF_137,G13_12,G22_7,Z10/A01/B-G13_12/L03/S04,Z15/A02/B-G22_7/L01/S02
110343,SHELF_185,G4_10,G3_9,Z01/A03/B-G4_10/L02/S03,Z01/A02/B-G3_9/L01/S02
110344,SHELF_149,G5_9,G5_9,Z01/A04/B-G5_9/L01/S03,Z01/A04/B-G5_9/L02/S02
110346,SHELF_033,G11_14,G10_13,Z09/A02/B-G11_14/L03/S04,Z09/A01/B-G10_13/L01/S03
110347,SHELF_253,G11_13,G27_4,Z09/A02/B-G11_13/L02/S01,Z17/A01/B-G27_4/L01/S02
110348,SHELF_055,G13_12,G27_14,Z10/A01/B-G13_12/L01/S04,Z17/A01/B-G27_14/L01/S03
110349,SHELF_200,G5_9,G5_7,Z01/A04/B-G5_9/L03/S03,Z01/A04/B-G5_7/L02/S02
110350,SHELF_081,G8_14,G19_9,Z06/A02/B-G8_14/L02/S04,Z14/A01/B-G19_9/L01/S01
110351,SHELF_130,G3_10,G5_10,Z01/A02/B-G3_10/L02/S04,Z01/A04/B-G5_10/L01/S03
110353,SHELF_095,G20_14,G13_8,Z14/A02/B-G20_14/L03/S02,Z10/A01/B-G13_8/L01/S03
110354,SHELF_305,G2_14,G35_7,Z04/A01/B-G2_14/L02/S02,Z20/A01/B-G35_7/L01/S02
110355,SHELF_178,G17_9,G14_4,Z13/A02/B-G17_9/L03/S02,Z10/A02/B-G14_4/L01/S01
110356,SHELF_200,G2_10,G5_7,Z01/A01/B-G2_10/L01/S01,Z01/A04/B-G5_7/L01/S01
110357,SHELF_083,G24_15,G28_13,Z16/A01/B-G24_15/L01/S04,Z17/A02/B-G28_13/L02/S01
110358,SHELF_005,G7_15,G19_15,Z06/A01/B-G7_15/L01/S04,Z14/A01/B-G19_15/L01/S01
110360,SHELF_156,G10_13,G19_5,Z09/A01/B-G10_13/L01/S03,Z14/A01/B-G19_5/L01/S03
110361,SHELF_008,G7_15,G21_15,Z06/A01/B-G7_15/L03/S01,Z15/A01/B-G21_15/L03/S01
110362,SHELF_021,G14_14,G14_13,Z10/A02/B-G14_14/L03/S01,Z10/A02/B-G14_13/L02/S03
110363,SHELF_001,G11_12,G13_15,Z09/A02/B-G11_12/L01/S01,Z10/A01/B-G13_15/L02/S02
110368,SHELF_165,G17_10,G30_10,Z13/A02/B-G17_10/L01/S02,Z19/A01/B-G30_10/L02/S01
110370,SHELF_301,G8_12,G3_2,Z06/A02/B-G8_12/L02/S01,Z05/A02/B-G3_2/L01/S02
110374,SHELF_076,G20_12,G7_12,Z14/A02/B-G20_12/L01/S02,Z06/A01/B-G7_12/L01/S04
110377,SHELF_127,G3_15,G11_7,Z04/A02/B-G3_15/L03/S03,Z09/A02/B-G11_7/L01/S03
110378,SHELF_195,G2_10,G4_8,Z01/A01/B-G2_10/L01/S02,Z01/A03/B-G4_8/L02/S02
110379,SHELF_135,G8_13,G17_6,Z06/A02/B-G8_13/L02/S01,Z13/A02/B-G17_6/L02/S01
110380,SHELF_076,G13_14,G7_12,Z10/A01/B-G13_14/L02/S04,Z06/A01/B-G7_12/L01/S03
110381,SHELF_249,G5_14,G22_2,Z04/A04/B-G5_14/L01/S02,Z15/A02/B-G22_2/L01/S01
110382,SHELF_222,G20_13,G16_2,Z14/A02/B-G20_13/L01/S02,Z13/A01/B-G16_2/L01/S01
110385,SHELF_077,G19_15,G10_10,Z14/A01/B-G19_15/L03/S01,Z09/A01/B-G10_10/L01/S01
110386,SHELF_195,G5_10,G4_8,Z01/A04/B-G5_10/L03/S03,Z01/A03/B-G4_8/L02/S01
110387,SHELF_232,G20_8,G30_7,Z14/A02/B-G20_8/L03/S02,Z19/A01/B-G30_7/L01/S01
110388,SHELF_104,G5_13,G30_13,Z04/A04/B-G5_13/L03/S01,Z18/A01/B-G30_13/L01/S02
110390,SHELF_060,G11_15,G14_10,Z09/A02/B-G11_15/L03/S02,Z10/A02/B-G14_10/L02/S03
110391,SHELF_238,G16_13,G0_9,Z13/A01/B-G16_13/L03/S04,Z03/A01/B-G0_9/L01/S01
110392,SHELF_208,G25_12,G25_5,Z16/A02/B-G25_12/L02/S01,Z16/A02/B-G25_5/L01/S01
110393,SHELF_103,G17_13,G20_8,Z13/A02/B-G17_13/L01/S04,Z14/A02/B-G20_8/L01/S01
110394,SHELF_041,G28_15,G8_14,Z17/A02/B-G28_15/L03/S02,Z06/A02/B-G8_14/L01/S01
110395,SHELF_029,G11_13,G25_15,Z09/A02/B-G11_13/L01/S02,Z16/A02/B-G25_15/L01/S02
110397,SHELF_003,G4_15,G16_15,Z04/A03/B-G4_15/L01/S03,Z13/A01/B-G16_15/L02/S03
110398,SHELF_060,G22_14,G14_10,Z15/A02/B-G22_14/L02/S02,Z10/A02/B-G14_10/L01/S04
110401,SHELF_028,G20_13,G20_13,Z14/A02/B-G20_13/L03/S02,Z14/A02/B-G20_13/L01/S01
110404,SHELF_316,G28_13,G2_1,Z17/A02/B-G28_13/L01/S04,Z05/A01/B-G2_1/L01/S01
110407,SHELF_088,G22_9,G31_15,Z15/A02/B-G22_9/L01/S02,Z18/A02/B-G31_15/L01/S01
110412,SHELF_209,G27_15,G27_6,Z17/A01/B-G27_15/L03/S04,Z17/A01/B-G27_6/L01/S02
110417,SHELF_056,G20_15,G4_15,Z14/A02/B-G20_15/L02/S01,Z04/A03/B-G4_15/L01/S02
110418,SHELF_081,G19_15,G19_9,Z14/A01/B-G19_15/L03/S02,Z14/A01/B-G19_9/L01/S02
110419,SHELF_026,G11_15,G24_15,Z09/A02/B-G11_15/L01/S02,Z16/A01/B-G24_15/L01/S02
110420,SHELF_271,G20_9,G31_6,Z14/A02/B-G20_9/L01/S04,Z19/A02/B-G31_6/L01/S03
110422,SHELF_029,G14_9,G25_15,Z10/A02/B-G14_9/L01/S01,Z16/A02/B-G25_15/L03/S01
110423,SHELF_042,G8_12,G20_12,Z06/A02/B-G8_12/L02/S04,Z14/A02/B-G20_12/L02/S01
110424,SHELF_305,G10_9,G35_7,Z09/A01/B-G10_9/L03/S01,Z20/A01/B-G35_7/L01/S04
110426,SHELF_015,G7_14,G22_15,Z06/A01/B-G7_14/L03/S03,Z15/A02/B-G22_15/L01/S03
110428,SHELF_174,G3_8,G5_8,Z01/A02/B-G3_8/L03/S04,Z01/A04/B-G5_8/L01/S04
110429,SHELF_303,G19_9,G32_4,Z14/A01/B-G19_9/L01/S01,Z19/A03/B-G32_4/L01/S02
110431,SHELF_168,G14_8,G35_15,Z10/A02/B-G14_8/L01/S01,Z20/A01/B-G35_15/L01/S03
110432,SHELF_078,G10_13,G13_9,Z09/A01/B-G10_13/L03/S04,Z10/A01/B-G13_9/L01/S01
110433,SHELF_118,G22_15,G22_8,Z15/A02/B-G22_15/L02/S04,Z15/A02/B-G22_8/L01/S02
110434,SHELF_111,G10_9,G2_13,Z09/A01/B-G10_9/L01/S03,Z04/A01/B-G2_13/L01/S03
110435,SHELF_276,G17_10,G0_7,Z13/A02/B-G17_10/L01/S04,Z03/A01/B-G0_7/L01/S01
110436,SHELF_009,G19_14,G10_15,Z14/A01/B-G19_14/L01/S03,Z09/A01/B-G10_15/L01/S04
110437,SHELF_145,G4_9,G4_10,Z01/A03/B-G4_9/L01/S04,Z01/A03/B-G4_10/L01/S03
110438,SHELF_278,G2_9,G2_5,Z01/A01/B-G2_9/L01/S02,Z01/A01/B-G2_5/L01/S01
110439,SHELF_211,G25_14,G31_9,Z16/A02/B-G25_14/L03/S01,Z19/A02/B-G31_9/L01/S02
110440,SHELF_049,G14_13,G10_12,Z10/A02/B-G14_13/L01/S02,Z09/A01/B-G10_12/L01/S03
110441,SHELF_129,G31_14,G2_12,Z18/A02/B-G31_14/L02/S04,Z04/A01/B-G2_12/L01/S01
110442,SHELF_076,G17_9,G7_12,Z13/A02/B-G17_9/L03/S01,Z06/A01/B-G7_12/L01/S02
110443,SHELF_266,G19_9,G28_4,Z14/A01/B-G19_9/L01/S03,Z17/A02/B-G28_4/L01/S01
110444,SHELF_091,G8_14,G21_9,Z06/A02/B-G8_14/L03/S02,Z15/A01/B-G21_9/L01/S01
110445,SHELF_159,G11_10,G28_9,Z09/A02/B-G11_10/L03/S04,Z17/A02/B-G28_9/L02/S01
110446,SHELF_099,G30_15,G19_8,Z18/A01/B-G30_15/L02/S02,Z14/A01/B-G19_8/L01/S04
110447,SHELF_220,G28_12,G13_2,Z17/A02/B-G28_12/L01/S01,Z12/A01/B-G13_2/L01/S02
110448,SHELF_202,G7_15,G10_4,Z06/A01/B-G7_15/L03/S02,Z09/A01/B-G10_4/L02/S01
110449,SHELF_134,G27_14,G16_6,Z17/A01/B-G27_14/L03/S01,Z13/A01/B-G16_6/L01/S02
110450,SHELF_034,G21_15,G13_12,Z15/A01/B-G21_15/L02/S04,Z10/A01/B-G13_12/L02/S01
110452,SHELF_079,G10_14,G14_9,Z09/A01/B-G10_14/L02/S02,Z10/A02/B-G14_9/L02/S01
110453,SHELF_297,G4_15,G4_2,Z04/A03/B-G4_15/L01/S04,Z05/A03/B-G4_2/L01/S02
110455,SHELF_060,G4_14,G14_10,Z04/A03/B-G4_14/L02/S02,Z10/A02/B-G14_10/L01/S01
110457,SHELF_019,G14_8,G10_14,Z10/A02/B-G14_8/L02/S01,Z09/A01/B-G10_14/L01/S02
110459,SHELF_291,G3_13,G28_2,Z04/A02/B-G3_13/L02/S04,Z21/A04/B-G28_2/L01/S03
110461,SHELF_083,G19_12,G28_13,Z14/A01/B-G19_12/L01/S04,Z17/A02/B-G28_13/L01/S01
110462,SHELF_300,G17_9,G5_1,Z13/A02/B-G17_9/L01/S01,Z05/A04/B-G5_1/L01/S03
110463,SHELF_102,G11_10,G3_13,Z09/A02/B-G11_10/L03/S02,Z04/A02/B-G3_13/L01/S01
110464,SHELF_167,G10_12,G33_13,Z09/A01/B-G10_12/L02/S01,Z18/A04/B-G33_13/L01/S04
110465,SHELF_006,G10_15,G20_15,Z09/A01/B-G10_15/L01/S04,Z14/A02/B-G20_15/L01/S02
110466,SHELF_084,G14_13,G3_14,Z10/A02/B-G14_13/L03/S01,Z04/A02/B-G3_14/L02/S01
110468,SHELF_240,G20_13,G21_2,Z14/A02/B-G20_13/L01/S01,Z15/A01/B-G21_2/L01/S02
110469,SHELF_021,G14_14,G14_13,Z10/A02/B-G14_14/L03/S02,Z10/A02/B-G14_13/L02/S01
110473,SHELF_141,G30_15,G27_9,Z18/A01/B-G30_15/L03/S01,Z17/A01/B-G27_9/L01/S03
110474,SHELF_310,G3_14,G3_1,Z04/A02/B-G3_14/L02/S04,Z05/A02/B-G3_1/L01/S01
110475,SHELF_036,G16_15,G16_12,Z13/A01/B-G16_15/L01/S01,Z13/A01/B-G16_12/L01/S03
110478,SHELF_029,G25_12,G25_15,Z16/A02/B-G25_12/L03/S01,Z16/A02/B-G25_15/L01/S01
110479,SHELF_073,G17_13,G21_10,Z13/A02/B-G17_13/L03/S03,Z15/A01/B-G21_10/L01/S03
110480,SHELF_243,G8_14,G7_4,Z06/A02/B-G8_14/L03/S03,Z06/A01/B-G7_4/L01/S03
110481,SHELF_180,G21_12,G17_4,Z15/A01/B-G21_12/L03/S04,Z13/A02/B-G17_4/L02/S01
110482,SHELF_201,G16_13,G7_6,Z13/A01/B-G16_13/L01/S03,Z06/A01/B-G7_6/L01/S03
110483,SHELF_114,G22_14,G14_7,Z15/A02/B-G22_14/L02/S03,Z10/A02/B-G14_7/L02/S01
110484,SHELF_101,G22_14,G28_12,Z15/A02/B-G22_14/L01/S01,Z17/A02/B-G28_12/L01/S01
110485,SHELF_246,G27_15,G14_1,Z17/A01/B-G27_15/L01/S02,Z12/A02/B-G14_1/L01/S01
110486,SHELF_026,G11_13,G24_15,Z09/A02/B-G11_13/L01/S03,Z16/A01/B-G24_15/L02/S02
110487,SHELF_019,G28_13,G10_14,Z17/A02/B-G28_13/L01/S02,Z09/A01/B-G10_14/L02/S03
110489,SHELF_228,G21_8,G8_4,Z15/A01/B-G21_8/L02/S03,Z06/A02/B-G8_4/L01/S01
110491,SHELF_088,G22_9,G31_15,Z15/A02/B-G22_9/L02/S03,Z18/A02/B-G31_15/L01/S04
110492,SHELF_168,G16_13,G35_15,Z13/A01/B-G16_13/L03/S03,Z20/A01/B-G35_15/L01/S02
110494,SHELF_200,G5_9,G5_7,Z01/A04/B-G5_9/L01/S01,Z01/A04/B-G5_7/L01/S04
110495,SHELF_103,G19_9,G20_8,Z14/A01/B-G19_9/L03/S04,Z14/A02/B-G20_8/L01/S04
110496,SHELF_215,G5_8,G4_7,Z01/A04/B-G5_8/L02/S04,Z01/A03/B-G4_7/L01/S01
110497,SHELF_015,G28_15,G22_15,Z17/A02/B-G28_15/L02/S03,Z15/A02/B-G22_15/L01/S02
110498,SHELF_006,G22_15,G20_15,Z15/A02/B-G22_15/L03/S02,Z14/A02/B-G20_15/L02/S01
110499,SHELF_082,G14_14,G22_10,Z10/A02/B-G14_14/L02/S02,Z15/A02/B-G22_10/L01/S02
110500,SHELF_118,G22_12,G22_8,Z15/A02/B-G22_12/L02/S04,Z15/A02/B-G22_8/L01/S03
110501,SHELF_027,G13_13,G8_15,Z10/A01/B-G13_13/L03/S03,Z06/A02/B-G8_15/L01/S03
110502,SHELF_004,G17_15,G17_15,Z13/A02/B-G17_15/L03/S04,Z13/A02/B-G17_15/L01/S01
110503,SHELF_052,G28_12,G28_15,Z17/A02/B-G28_12/L03/S04,Z17/A02/B-G28_15/L01/S04
110504,SHELF_071,G13_14,G4_14,Z10/A01/B-G13_14/L02/S03,Z04/A03/B-G4_14/L01/S02
110505,SHELF_088,G4_12,G31_15,Z04/A03/B-G4_12/L03/S01,Z18/A02/B-G31_15/L02/S01
110506,SHELF_120,G5_13,G20_7,Z04/A04/B-G5_13/L02/S03,Z14/A02/B-G20_7/L01/S03
110507,SHELF_233,G21_9,G31_8,Z15/A01/B-G21_9/L02/S04,Z19/A02/B-G31_8/L01/S01
110509,SHELF_065,G17_12,G3_15,Z13/A02/B-G17_12/L03/S03,Z04/A02/B-G3_15/L01/S03
110511,SHELF_205,G8_15,G28_7,Z06/A02/B-G8_15/L02/S03,Z17/A02/B-G28_7/L01/S01
110512,SHELF_020,G10_15,G13_13,Z09/A01/B-G10_15/L03/S02,Z10/A01/B-G13_13/L01/S04
110513,SHELF_033,G13_13,G10_13,Z10/A01/B-G13_13/L03/S01,Z09/A01/B-G10_13/L02/S01
110514,SHELF_030,G16_12,G11_13,Z13/A01/B-G16_12/L01/S03,Z09/A02/B-G11_13/L02/S01
110517,SHELF_194,G14_10,G36_15,Z10/A02/B-G14_10/L03/S04,Z20/A02/B-G36_15/L01/S02
110518,SHELF_174,G3_9,G5_8,Z01/A02/B-G3_9/L02/S02,Z01/A04/B-G5_8/L02/S03
110519,SHELF_114,G19_14,G14_7,Z14/A01/B-G19_14/L01/S01,Z10/A02/B-G14_7/L01/S01
110520,SHELF_018,G14_13,G21_14,Z10/A02/B-G14_13/L02/S01,Z15/A01/B-G21_14/L01/S02
110521,SHELF_069,G8_15,G27_13,Z06/A02/B-G8_15/L03/S02,Z17/A01/B-G27_13/L01/S01
110522,SHELF_024,G17_14,G19_13,Z13/A02/B-G17_14/L03/S03,Z14/A01/B-G19_13/L01/S02
110523,SHELF_042,G7_13,G20_12,Z06/A01/B-G7_13/L01/S04,Z14/A02/B-G20_12/L01/S03
110524,SHELF_004,G7_15,G17_15,Z06/A01/B-G7_15/L01/S03,Z13/A02/B-G17_15/L01/S04
110525,SHELF_168,G11_12,G35_15,Z09/A02/B-G11_12/L02/S02,Z20/A01/B-G35_15/L01/S01
110526,SHELF_027,G11_13,G8_15,Z09/A02/B-G11_13/L02/S04,Z06/A02/B-G8_15/L01/S01
110527,SHELF_037,G27_14,G17_12,Z17/A01/B-G27_14/L02/S03,Z13/A02/B-G17_12/L02/S04
110528,SHELF_189,G24_15,G27_7,Z16/A01/B-G24_15/L03/S04,Z17/A01/B-G27_7/L01/S02
110529,SHELF_143,G27_12,G32_13,Z17/A01/B-G27_12/L01/S03,Z18/A03/B-G32_13/L02/S01
110530,SHELF_073,G17_14,G21_10,Z13/A02/B-G17_14/L02/S03,Z15/A01/B-G21_10/L01/S02
110531,SHELF_105,G19_15,G31_14,Z14/A01/B-G19_15/L01/S03,Z18/A02/B-G31_14/L01/S03
110533,SHELF_122,G4_15,G30_12,Z04/A03/B-G4_15/L02/S04,Z18/A01/B-G30_12/L02/S01
110534,SHELF_066,G17_12,G8_12,Z13/A02/B-G17_12/L01/S02,Z06/A02/B-G8_12/L02/S03
110535,SHELF_247,G27_12,G17_1,Z17/A01/B-G27_12/L01/S04,Z13/A02/B-G17_1/L01/S03
110536,SHELF_050,G25_14,G22_12,Z16/A02/B-G25_14/L01/S02,Z15/A02/B-G22_12/L01/S01
110537,SHELF_226,G20_9,G28_6,Z14/A02/B-G20_9/L03/S04,Z17/A02/B-G28_6/L01/S04
110538,SHELF_084,G21_10,G3_14,Z15/A01/B-G21_10/L03/S02,Z04/A02/B-G3_14/L01/S02
110540,SHELF_018,G10_15,G21_14,Z09/A01/B-G10_15/L01/S02,Z15/A01/B-G21_14/L02/S01
110541,SHELF_055,G21_14,G27_14,Z15/A01/B-G21_14/L01/S02,Z17/A01/B-G27_14/L01/S02
110542,SHELF_288,G4_15,G0_6,Z04/A03/B-G4_15/L02/S02,Z03/A01/B-G0_6/L01/S01
110543,SHELF_175,G22_14,G7_7,Z15/A02/B-G22_14/L02/S01,Z06/A01/B-G7_7/L01/S04
110546,SHELF_131,G21_9,G10_7,Z15/A01/B-G21_9/L01/S03,Z09/A01/B-G10_7/L01/S03
110548,SHELF_217,G2_10,G2_8,Z01/A01/B-G2_10/L01/S04,Z01/A01/B-G2_8/L02/S02
110551,SHELF_044,G27_13,G27_15,Z17/A01/B-G27_13/L03/S03,Z17/A01/B-G27_15/L01/S02
110552,SHELF_132,G28_15,G13_6,Z17/A02/B-G28_15/L03/S04,Z10/A01/B-G13_6/L01/S04
110554,SHELF_134,G14_9,G16_6,Z10/A02/B-G14_9/L03/S02,Z13/A01/B-G16_6/L01/S04
110555,SHELF_080,G17_14,G17_9,Z13/A02/B-G17_14/L02/S01,Z13/A02/B-G17_9/L01/S02
110557,SHELF_204,G2_15,G24_5,Z04/A01/B-G2_15/L02/S03,Z16/A01/B-G24_5/L02/S03
110558,SHELF_003,G24_12,G16_15,Z16/A01/B-G24_12/L02/S01,Z13/A01/B-G16_15/L02/S01
110561,SHELF_145,G5_10,G4_10,Z01/A04/B-G5_10/L03/S04,Z01/A03/B-G4_10/L02/S03
110562,SHELF_038,G5_13,G19_12,Z04/A04/B-G5_13/L01/S04,Z14/A01/B-G19_12/L01/S01
110564,SHELF_125,G11_8,G33_15,Z09/A02/B-G11_8/L01/S04,Z18/A04/B-G33_15/L01/S03
110567,SHELF_168,G30_14,G35_15,Z18/A01/B-G30_14/L01/S03,Z20/A01/B-G35_15/L01/S04
110568,SHELF_207,G4_14,G8_5,Z04/A03/B-G4_14/L01/S04,Z06/A02/B-G8_5/L01/S04
110569,SHELF_046,G16_12,G21_12,Z13/A01/B-G16_12/L02/S03,Z15/A01/B-G21_12/L02/S03
110572,SHELF_252,G8_15,G20_1,Z06/A02/B-G8_15/L02/S01,Z14/A02/B-G20_1/L01/S01
110573,SHELF_159,G11_13,G28_9,Z09/A02/B-G11_13/L03/S02,Z17/A02/B-G28_9/L02/S02
110574,SHELF_217,G4_8,G2_8,Z01/A03/B-G4_8/L02/S02,Z01/A01/B-G2_8/L01/S02
110575,SHELF_052,G20_14,G28_15,Z14/A02/B-G20_14/L03/S01,Z17/A02/B-G28_15/L02/S02
110576,SHELF_128,G13_9,G21_7,Z10/A01/B-G13_9/L01/S03,Z15/A01/B-G21_7/L02/S01
110577,SHELF_181,G17_12,G19_4,Z13/A02/B-G17_12/L01/S03,Z14/A01/B-G19_4/L01/S03
110580,SHELF_234,G11_12,G32_9,Z09/A02/B-G11_12/L02/S01,Z19/A03/B-G32_9/L01/S02
110581,SHELF_250,G10_8,G28_5,Z09/A01/B-G10_8/L03/S04,Z17/A02/B-G28_5/L02/S01
110582,SHELF_102,G17_13,G3_13,Z13/A02/B-G17_13/L02/S02,Z04/A02/B-G3_13/L02/S02
110583,SHELF_011,G10_15,G14_14,Z09/A01/B-G10_15/L02/S01,Z10/A02/B-G14_14/L02/S02
110585,SHELF_192,G8_13,G33_12,Z06/A02/B-G8_13/L02/S03,Z18/A04/B-G33_12/L01/S03
110587,SHELF_016,G11_15,G20_14,Z09/A02/B-G11_15/L01/S03,Z14/A02/B-G20_14/L02/S01
110588,SHELF_220,G25_15,G13_2,Z16/A02/B-G25_15/L03/S01,Z12/A01/B-G13_2/L01/S03
110589,SHELF_153,G2_15,G14_5,Z04/A01/B-G2_15/L03/S02,Z10/A02/B-G14_5/L02/S01
110590,SHELF_001,G14_13,G13_15,Z10/A02/B-G14_13/L02/S04,Z10/A01/B-G13_15/L01/S01
110591,SHELF_027,G7_12,G8_15,Z06/A01/B-G7_12/L03/S02,Z06/A02/B-G8_15/L01/S04
110592,SHELF_052,G14_15,G28_15,Z10/A02/B-G14_15/L03/S04,Z17/A02/B-G28_15/L02/S01
110593,SHELF_001,G14_13,G13_15,Z10/A02/B-G14_13/L02/S03,Z10/A01/B-G13_15/L02/S03
110594,SHELF_055,G13_14,G27_14,Z10/A01/B-G13_14/L01/S03,Z17/A01/B-G27_14/L01/S01
110595,SHELF_066,G16_15,G8_12,Z13/A01/B-G16_15/L03/S03,Z06/A02/B-G8_12/L01/S03
110596,SHELF_117,G14_14,G19_7,Z10/A02/B-G14_14/L01/S01,Z14/A01/B-G19_7/L01/S04
110597,SHELF_013,G17_14,G17_14,Z13/A02/B-G17_14/L03/S04,Z13/A02/B-G17_14/L01/S03
110598,SHELF_135,G5_12,G17_6,Z04/A04/B-G5_12/L03/S01,Z13/A02/B-G17_6/L01/S01
110599,SHELF_039,G22_14,G22_13,Z15/A02/B-G22_14/L03/S02,Z15/A02/B-G22_13/L01/S02
110600,SHELF_070,G22_13,G30_15,Z15/A02/B-G22_13/L01/S04,Z18/A01/B-G30_15/L02/S03
110601,SHELF_185,G5_10,G3_9,Z01/A04/B-G5_10/L02/S03,Z01/A02/B-G3_9/L02/S01
110603,SHELF_020,G17_15,G13_13,Z13/A02/B-G17_15/L03/S03,Z10/A01/B-G13_13/L03/S01
110604,SHELF_002,G13_15,G14_15,Z10/A01/B-G13_15/L01/S04,Z10/A02/B-G14_15/L02/S02
110606,SHELF_121,G19_14,G27_10,Z14/A01/B-G19_14/L03/S02,Z17/A01/B-G27_10/L01/S01
110607,SHELF_228,G8_13,G8_4,Z06/A02/B-G8_13/L01/S01,Z06/A02/B-G8_4/L01/S02
110608,SHELF_012,G11_9,G16_14,Z09/A02/B-G11_9/L03/S04,Z13/A01/B-G16_14/L01/S04
110609,SHELF_193,G7_14,G35_14,Z06/A01/B-G7_14/L02/S01,Z20/A01/B-G35_14/L01/S03
110612,SHELF_188,G22_10,G25_6,Z15/A02/B-G22_10/L03/S04,Z16/A02/B-G25_6/L01/S01
110615,SHELF_195,G5_10,G4_8,Z01/A04/B-G5_10/L02/S04,Z01/A03/B-G4_8/L01/S04
110617,SHELF_068,G14_12,G25_12,Z10/A02/B-G14_12/L01/S03,Z16/A02/B-G25_12/L01/S02
110618,SHELF_038,G27_15,G19_12,Z17/A01/B-G27_15/L03/S01,Z14/A01/B-G19_12/L02/S03
110620,SHELF_285,G21_10,G33_7,Z15/A01/B-G21_10/L02/S03,Z19/A04/B-G33_7/L01/S01
110622,SHELF_065,G7_14,G3_15,Z06/A01/B-G7_14/L01/S01,Z04/A02/B-G3_15/L01/S01
110623,SHELF_200,G3_8,G5_7,Z01/A02/B-G3_8/L01/S03,Z01/A04/B-G5_7/L02/S03
110624,SHELF_206,G2_10,G3_8,Z01/A01/B-G2_10/L03/S03,Z01/A02/B-G3_8/L02/S01
110703,SHELF_055,G19_13,G27_14,Z14/A01/B-G19_13/L02/S03,Z17/A01/B-G27_14/L02/S02
110710,SHELF_047,G28_14,G5_15,Z17/A02/B-G28_14/L01/S02,Z04/A04/B-G5_15/L01/S01
110847,SHELF_074,G8_13,G2_15,Z06/A02/B-G8_13/L01/S04,Z04/A01/B-G2_15/L01/S03
110918,SHELF_029,G20_8,G25_15,Z14/A02/B-G20_8/L03/S04,Z16/A02/B-G25_15/L02/S03
111147,SHELF_076,G8_12,G7_12,Z06/A02/B-G8_12/L01/S01,Z06/A01/B-G7_12/L02/S01
111207,SHELF_218,G3_10,G5_6,Z01/A02/B-G3_10/L02/S01,Z01/A04/B-G5_6/L01/S03
111208,SHELF_101,G17_12,G28_12,Z13/A02/B-G17_12/L01/S04,Z17/A02/B-G28_12/L01/S03
111210,SHELF_234,G21_12,G32_9,Z15/A01/B-G21_12/L02/S04,Z19/A03/B-G32_9/L01/S01
111212,SHELF_009,G20_15,G10_15,Z14/A02/B-G20_15/L03/S01,Z09/A01/B-G10_15/L02/S02
111214,SHELF_255,G5_12,G31_7,Z04/A04/B-G5_12/L01/S01,Z19/A02/B-G31_7/L01/S02
111218,SHELF_090,G14_9,G11_9,Z10/A02/B-G14_9/L03/S03,Z09/A02/B-G11_9/L01/S01
111220,SHELF_038,G13_13,G19_12,Z10/A01/B-G13_13/L02/S04,Z14/A01/B-G19_12/L01/S03
111222,SHELF_031,G11_12,G21_13,Z09/A02/B-G11_12/L02/S03,Z15/A01/B-G21_13/L02/S02
111223,SHELF_134,G20_12,G16_6,Z14/A02/B-G20_12/L01/S03,Z13/A01/B-G16_6/L01/S03
111224,SHELF_012,G27_12,G16_14,Z17/A01/B-G27_12/L01/S01,Z13/A01/B-G16_14/L02/S03
111225,SHELF_302,G21_9,G30_2,Z15/A01/B-G21_9/L03/S04,Z21/A06/B-G30_2/L01/S04
111226,SHELF_174,G5_9,G5_8,Z01/A04/B-G5_9/L03/S04,Z01/A04/B-G5_8/L02/S01
111228,SHELF_010,G20_15,G13_14,Z14/A02/B-G20_15/L01/S04,Z10/A01/B-G13_14/L01/S03
111229,SHELF_287,G25_13,G36_10,Z16/A02/B-G25_13/L02/S04,Z20/A02/B-G36_10/L01/S01
111233,SHELF_095,G16_12,G13_8,Z13/A01/B-G16_12/L03/S02,Z10/A01/B-G13_8/L01/S04
111236,SHELF_295,G20_8,G35_8,Z14/A02/B-G20_8/L01/S02,Z20/A01/B-G35_8/L01/S02
111237,SHELF_001,G11_15,G13_15,Z09/A02/B-G11_15/L03/S01,Z10/A01/B-G13_15/L02/S01
111238,SHELF_040,G10_15,G24_14,Z09/A01/B-G10_15/L01/S01,Z16/A01/B-G24_14/L01/S02
111239,SHELF_144,G24_15,G33_14,Z16/A01/B-G24_15/L03/S03,Z18/A04/B-G33_14/L01/S01
111241,SHELF_102,G7_14,G3_13,Z06/A01/B-G7_14/L03/S02,Z04/A02/B-G3_13/L01/S02
111242,SHELF_138,G2_14,G28_10,Z04/A01/B-G2_14/L03/S03,Z17/A02/B-G28_10/L02/S01
111243,SHELF_187,G28_15,G20_4,Z17/A02/B-G28_15/L01/S02,Z14/A02/B-G20_4/L02/S02
111244,SHELF_052,G28_13,G28_15,Z17/A02/B-G28_13/L03/S01,Z17/A02/B-G28_15/L01/S02
111246,SHELF_019,G7_15,G10_14,Z06/A01/B-G7_15/L02/S01,Z09/A01/B-G10_14/L01/S01
111247,SHELF_107,G20_12,G4_12,Z14/A02/B-G20_12/L02/S03,Z04/A03/B-G4_12/L01/S04
111249,SHELF_015,G14_15,G22_15,Z10/A02/B-G14_15/L03/S02,Z15/A02/B-G22_15/L02/S01
111252,SHELF_031,G20_13,G21_13,Z14/A02/B-G20_13/L02/S01,Z15/A01/B-G21_13/L02/S04
111257,SHELF_079,G31_15,G14_9,Z18/A02/B-G31_15/L02/S02,Z10/A02/B-G14_9/L02/S03
111258,SHELF_218,G2_9,G5_6,Z01/A01/B-G2_9/L02/S02,Z01/A04/B-G5_6/L01/S01
111261,SHELF_090,G21_15,G11_9,Z15/A01/B-G21_15/L03/S04,Z09/A02/B-G11_9/L01/S04
111263,SHELF_160,G5_8,G3_10,Z01/A04/B-G5_8/L03/S02,Z01/A02/B-G3_10/L02/S02
111264,SHELF_241,G4_9,G2_7,Z01/A03/B-G4_9/L03/S04,Z01/A01/B-G2_7/L01/S02
111265,SHELF_282,G24_13,G30_4,Z16/A01/B-G24_13/L01/S01,Z19/A01/B-G30_4/L01/S01
111266,SHELF_314,G13_9,G36_7,Z10/A01/B-G13_9/L01/S01,Z20/A02/B-G36_7/L01/S01
111268,SHELF_195,G3_10,G4_8,Z01/A02/B-G3_10/L01/S01,Z01/A03/B-G4_8/L01/S01
111269,SHELF_296,G16_8,G36_9,Z13/A01/B-G16_8/L03/S01,Z20/A02/B-G36_9/L01/S01
111270,SHELF_141,G8_12,G27_9,Z06/A02/B-G8_12/L03/S01,Z17/A01/B-G27_9/L01/S02
111271,SHELF_097,G17_10,G16_8,Z13/A02/B-G17_10/L03/S01,Z13/A01/B-G16_8/L01/S03
111272,SHELF_166,G22_15,G32_12,Z15/A02/B-G22_15/L03/S03,Z18/A03/B-G32_12/L01/S02
111273,SHELF_106,G22_13,G32_15,Z15/A02/B-G22_13/L02/S04,Z18/A03/B-G32_15/L01/S01
111274,SHELF_022,G17_9,G16_13,Z13/A02/B-G17_9/L02/S03,Z13/A01/B-G16_13/L02/S01
111275,SHELF_218,G4_9,G5_6,Z01/A03/B-G4_9/L01/S03,Z01/A04/B-G5_6/L02/S02
111276,SHELF_059,G14_15,G13_10,Z10/A02/B-G14_15/L02/S03,Z10/A01/B-G13_10/L01/S03
111277,SHELF_024,G17_14,G19_13,Z13/A02/B-G17_14/L01/S02,Z14/A01/B-G19_13/L01/S04
111279,SHELF_285,G32_15,G33_7,Z18/A03/B-G32_15/L01/S04,Z19/A04/B-G33_7/L01/S04
111281,SHELF_086,G27_15,G27_12,Z17/A01/B-G27_15/L02/S02,Z17/A01/B-G27_12/L01/S01
111283,SHELF_022,G17_13,G16_13,Z13/A02/B-G17_13/L02/S01,Z13/A01/B-G16_13/L03/S01
111284,SHELF_037,G11_8,G17_12,Z09/A02/B-G11_8/L02/S04,Z13/A02/B-G17_12/L02/S03
111285,SHELF_247,G8_14,G17_1,Z06/A02/B-G8_14/L02/S03,Z13/A02/B-G17_1/L01/S02
111286,SHELF_153,G11_9,G14_5,Z09/A02/B-G11_9/L01/S02,Z10/A02/B-G14_5/L01/S03
111289,SHELF_057,G11_9,G5_14,Z09/A02/B-G11_9/L02/S02,Z04/A04/B-G5_14/L01/S02
111295,SHELF_110,G19_13,G21_8,Z14/A01/B-G19_13/L03/S01,Z15/A01/B-G21_8/L01/S01
111296,SHELF_017,G20_10,G11_14,Z14/A02/B-G20_10/L02/S03,Z09/A02/B-G11_14/L01/S01
111301,SHELF_223,G22_12,G17_2,Z15/A02/B-G22_12/L03/S03,Z13/A02/B-G17_2/L01/S02
111303,SHELF_083,G5_15,G28_13,Z04/A04/B-G5_15/L01/S01,Z17/A02/B-G28_13/L01/S02
111305,SHELF_167,G11_10,G33_13,Z09/A02/B-G11_10/L01/S01,Z18/A04/B-G33_13/L02/S01
111307,SHELF_014,G11_15,G19_14,Z09/A02/B-G11_15/L02/S03,Z14/A01/B-G19_14/L01/S04
111309,SHELF_052,G19_8,G28_15,Z14/A01/B-G19_8/L01/S04,Z17/A02/B-G28_15/L02/S04
111310,SHELF_088,G2_14,G31_15,Z04/A01/B-G2_14/L01/S03,Z18/A02/B-G31_15/L02/S02
111311,SHELF_306,G21_8,G36_8,Z15/A01/B-G21_8/L02/S04,Z20/A02/B-G36_8/L01/S03
111312,SHELF_100,G3_15,G22_9,Z04/A02/B-G3_15/L01/S02,Z15/A02/B-G22_9/L01/S04
111314,SHELF_202,G32_15,G10_4,Z18/A03/B-G32_15/L02/S01,Z09/A01/B-G10_4/L01/S04
111315,SHELF_044,G7_13,G27_15,Z06/A01/B-G7_13/L02/S02,Z17/A01/B-G27_15/L01/S04
111317,SHELF_218,G4_7,G5_6,Z01/A03/B-G4_7/L02/S03,Z01/A04/B-G5_6/L02/S01
111321,SHELF_105,G19_9,G31_14,Z14/A01/B-G19_9/L03/S02,Z18/A02/B-G31_14/L01/S02
111322,SHELF_307,G7_12,G4_1,Z06/A01/B-G7_12/L01/S03,Z05/A03/B-G4_1/L01/S02
111323,SHELF_170,G22_10,G0_12,Z15/A02/B-G22_10/L01/S04,Z03/A01/B-G0_12/L01/S01
111324,SHELF_211,G17_8,G31_9,Z13/A02/B-G17_8/L03/S02,Z19/A02/B-G31_9/L01/S01
111325,SHELF_240,G17_9,G21_2,Z13/A02/B-G17_9/L02/S04,Z15/A01/B-G21_2/L01/S01
111326,SHELF_235,G30_15,G35_12,Z18/A01/B-G30_15/L01/S01,Z20/A01/B-G35_12/L01/S01
111328,SHELF_174,G5_8,G5_8,Z01/A04/B-G5_8/L02/S01,Z01/A04/B-G5_8/L02/S02
111330,SHELF_032,G17_13,G7_15,Z13/A02/B-G17_13/L01/S02,Z06/A01/B-G7_15/L01/S02
111331,SHELF_225,G13_8,G24_4,Z10/A01/B-G13_8/L02/S02,Z16/A01/B-G24_4/L01/S03
111333,SHELF_187,G21_8,G20_4,Z15/A01/B-G21_8/L03/S04,Z14/A02/B-G20_4/L01/S04
111335,SHELF_200,G4_8,G5_7,Z01/A03/B-G4_8/L02/S04,Z01/A04/B-G5_7/L01/S03
111337,SHELF_244,G10_10,G10_2,Z09/A01/B-G10_10/L01/S01,Z11/A01/B-G10_2/L01/S01
111341,SHELF_243,G10_10,G7_4,Z09/A01/B-G10_10/L02/S02,Z06/A01/B-G7_4/L02/S01
111342,SHELF_067,G13_14,G20_10,Z10/A01/B-G13_14/L03/S02,Z14/A02/B-G20_10/L01/S03
111344,SHELF_061,G11_9,G17_10,Z09/A02/B-G11_9/L03/S02,Z13/A02/B-G17_10/L01/S03
111345,SHELF_024,G17_9,G19_13,Z13/A02/B-G17_9/L03/S03,Z14/A01/B-G19_13/L02/S02
111348,SHELF_023,G27_15,G17_13,Z17/A01/B-G27_15/L01/S03,Z13/A02/B-G17_13/L01/S04
111349,SHELF_224,G4_14,G19_2,Z04/A03/B-G4_14/L03/S01,Z14/A01/B-G19_2/L01/S02
111350,SHELF_170,G22_12,G0_12,Z15/A02/B-G22_12/L01/S02,Z03/A01/B-G0_12/L01/S03
111356,SHELF_299,G7_13,G29_2,Z06/A01/B-G7_13/L02/S01,Z21/A05/B-G29_2/L01/S02
111357,SHELF_037,G14_9,G17_12,Z10/A02/B-G14_9/L01/S02,Z13/A02/B-G17_12/L01/S04
111359,SHELF_233,G0_15,G31_8,Z03/A01/B-G0_15/L01/S03,Z19/A02/B-G31_8/L02/S02
111361,SHELF_027,G27_13,G8_15,Z17/A01/B-G27_13/L03/S04,Z06/A02/B-G8_15/L02/S01
111362,SHELF_210,G21_14,G30_8,Z15/A01/B-G21_14/L03/S04,Z19/A01/B-G30_8/L01/S01
111363,SHELF_093,G8_15,G5_12,Z06/A02/B-G8_15/L01/S02,Z04/A04/B-G5_12/L01/S04
111366,SHELF_100,G5_14,G22_9,Z04/A04/B-G5_14/L02/S03,Z15/A02/B-G22_9/L01/S03
111367,SHELF_186,G27_14,G8_6,Z17/A01/B-G27_14/L03/S04,Z06/A02/B-G8_6/L01/S02
111368,SHELF_120,G19_10,G20_7,Z14/A01/B-G19_10/L03/S02,Z14/A02/B-G20_7/L02/S04
111371,SHELF_070,G31_15,G30_15,Z18/A02/B-G31_15/L01/S02,Z18/A01/B-G30_15/L01/S04
111372,SHELF_086,G19_14,G27_12,Z14/A01/B-G19_14/L02/S01,Z17/A01/B-G27_12/L01/S02
111373,SHELF_008,G20_13,G21_15,Z14/A02/B-G20_13/L02/S02,Z15/A01/B-G21_15/L01/S02
111376,SHELF_045,G13_15,G11_12,Z10/A01/B-G13_15/L03/S03,Z09/A02/B-G11_12/L02/S01
111377,SHELF_020,G13_9,G13_13,Z10/A01/B-G13_9/L01/S04,Z10/A01/B-G13_13/L01/S03
111378,SHELF_124,G30_13,G32_14,Z18/A01/B-G30_13/L02/S04,Z18/A03/B-G32_14/L01/S04
111379,SHELF_134,G30_14,G16_6,Z18/A01/B-G30_14/L03/S02,Z13/A01/B-G16_6/L01/S01
111380,SHELF_034,G13_13,G13_12,Z10/A01/B-G13_13/L02/S01,Z10/A01/B-G13_12/L02/S04
111383,SHELF_114,G28_14,G14_7,Z17/A02/B-G28_14/L01/S04,Z10/A02/B-G14_7/L01/S04
111387,SHELF_046,G21_13,G21_12,Z15/A01/B-G21_13/L02/S02,Z15/A01/B-G21_12/L01/S02
111390,SHELF_201,G5_14,G7_6,Z04/A04/B-G5_14/L01/S03,Z06/A01/B-G7_6/L01/S02
111391,SHELF_056,G19_15,G4_15,Z14/A01/B-G19_15/L03/S04,Z04/A03/B-G4_15/L01/S04
111623,SHELF_151,G14_8,G10_6,Z10/A02/B-G14_8/L01/S02,Z09/A01/B-G10_6/L02/S02
111795,SHELF_084,G3_14,G3_14,Z04/A02/B-G3_14/L01/S02,Z04/A02/B-G3_14/L01/S03
111832,SHELF_157,G10_9,G22_6,Z09/A01/B-G10_9/L02/S01,Z15/A02/B-G22_6/L01/S04
111833,SHELF_285,G21_10,G33_7,Z15/A01/B-G21_10/L02/S04,Z19/A04/B-G33_7/L01/S03
111836,SHELF_125,G11_8,G33_15,Z09/A02/B-G11_8/L01/S01,Z18/A04/B-G33_15/L02/S02
111837,SHELF_146,G25_13,G0_13,Z16/A02/B-G25_13/L03/S03,Z03/A01/B-G0_13/L01/S03
111897,SHELF_028,G22_12,G20_13,Z15/A02/B-G22_12/L01/S03,Z14/A02/B-G20_13/L02/S02
111964,SHELF_237,G5_7,G4_6,Z01/A04/B-G5_7/L03/S03,Z01/A03/B-G4_6/L02/S02
111988,SHELF_105,G22_12,G31_14,Z15/A02/B-G22_12/L01/S01,Z18/A02/B-G31_14/L01/S01
111990,SHELF_129,G17_8,G2_12,Z13/A02/B-G17_8/L01/S01,Z04/A01/B-G2_12/L02/S02
111992,SHELF_277,G21_10,G26_2,Z15/A01/B-G21_10/L02/S01,Z21/A02/B-G26_2/L01/S02
111995,SHELF_134,G21_13,G16_6,Z15/A01/B-G21_13/L03/S02,Z13/A01/B-G16_6/L02/S02
111996,SHELF_149,G5_9,G5_9,Z01/A04/B-G5_9/L01/S04,Z01/A04/B-G5_9/L02/S03
111997,SHELF_217,G4_9,G2_8,Z01/A03/B-G4_9/L01/S01,Z01/A01/B-G2_8/L01/S03
111998,SHELF_020,G28_15,G13_13,Z17/A02/B-G28_15/L01/S03,Z10/A01/B-G13_13/L02/S03
111999,SHELF_004,G13_13,G17_15,Z10/A01/B-G13_13/L03/S02,Z13/A02/B-G17_15/L01/S02
112001,SHELF_030,G21_9,G11_13,Z15/A01/B-G21_9/L02/S01,Z09/A02/B-G11_13/L02/S02
112003,SHELF_068,G8_12,G25_12,Z06/A02/B-G8_12/L03/S02,Z16/A02/B-G25_12/L01/S01
112004,SHELF_007,G3_13,G11_15,Z04/A02/B-G3_13/L03/S04,Z09/A02/B-G11_15/L01/S02
112006,SHELF_184,G14_10,G28_8,Z10/A02/B-G14_10/L03/S02,Z17/A02/B-G28_8/L02/S02
112007,SHELF_072,G17_12,G11_10,Z13/A02/B-G17_12/L03/S04,Z09/A02/B-G11_10/L01/S03
112008,SHELF_032,G24_13,G7_15,Z16/A01/B-G24_13/L01/S04,Z06/A01/B-G7_15/L02/S04
112009,SHELF_060,G5_15,G14_10,Z04/A04/B-G5_15/L03/S03,Z10/A02/B-G14_10/L02/S01
112010,SHELF_010,G17_15,G13_14,Z13/A02/B-G17_15/L02/S04,Z10/A01/B-G13_14/L01/S01
112011,SHELF_189,G21_12,G27_7,Z15/A01/B-G21_12/L02/S02,Z17/A01/B-G27_7/L01/S01
112013,SHELF_215,G4_10,G4_7,Z01/A03/B-G4_10/L01/S01,Z01/A03/B-G4_7/L03/S01
112017,SHELF_164,G20_14,G27_8,Z14/A02/B-G20_14/L01/S04,Z17/A01/B-G27_8/L01/S04
112019,SHELF_292,G25_13,G31_4,Z16/A02/B-G25_13/L01/S01,Z19/A02/B-G31_4/L01/S01
112021,SHELF_161,G27_13,G8_7,Z17/A01/B-G27_13/L02/S04,Z06/A02/B-G8_7/L01/S01
112022,SHELF_074,G4_15,G2_15,Z04/A03/B-G4_15/L03/S02,Z04/A01/B-G2_15/L01/S04
112023,SHELF_144,G22_9,G33_14,Z15/A02/B-G22_9/L01/S03,Z18/A04/B-G33_14/L01/S04
112027,SHELF_286,G32_15,G35_9,Z18/A03/B-G32_15/L02/S02,Z20/A01/B-G35_9/L01/S04
112028,SHELF_310,G14_8,G3_1,Z10/A02/B-G14_8/L01/S03,Z05/A02/B-G3_1/L01/S03
112029,SHELF_041,G16_15,G8_14,Z13/A01/B-G16_15/L02/S03,Z06/A02/B-G8_14/L01/S03
112032,SHELF_167,G17_10,G33_13,Z13/A02/B-G17_10/L02/S01,Z18/A04/B-G33_13/L01/S02
112034,SHELF_050,G14_15,G22_12,Z10/A02/B-G14_15/L02/S02,Z15/A02/B-G22_12/L01/S03
112036,SHELF_009,G16_13,G10_15,Z13/A01/B-G16_13/L02/S02,Z09/A01/B-G10_15/L01/S03
112039,SHELF_048,G22_10,G7_14,Z15/A02/B-G22_10/L03/S01,Z06/A01/B-G7_14/L02/S02
112040,SHELF_200,G5_9,G5_7,Z01/A04/B-G5_9/L02/S04,Z01/A04/B-G5_7/L01/S02
112041,SHELF_002,G28_14,G14_15,Z17/A02/B-G28_14/L03/S04,Z10/A02/B-G14_15/L02/S01
112043,SHELF_164,G22_10,G27_8,Z15/A02/B-G22_10/L02/S02,Z17/A01/B-G27_8/L01/S01
112044,SHELF_053,G20_13,G8_13,Z14/A02/B-G20_13/L03/S03,Z06/A02/B-G8_13/L02/S01
112045,SHELF_003,G20_15,G16_15,Z14/A02/B-G20_15/L03/S04,Z13/A01/B-G16_15/L01/S04
112046,SHELF_052,G27_12,G28_15,Z17/A01/B-G27_12/L03/S01,Z17/A02/B-G28_15/L01/S03
112051,SHELF_225,G3_13,G24_4,Z04/A02/B-G3_13/L01/S03,Z16/A01/B-G24_4/L01/S04
112053,SHELF_060,G17_12,G14_10,Z13/A02/B-G17_12/L02/S01,Z10/A02/B-G14_10/L01/S02
112056,SHELF_037,G14_15,G17_12,Z10/A02/B-G14_15/L01/S03,Z13/A02/B-G17_12/L01/S01
112059,SHELF_076,G17_14,G7_12,Z13/A02/B-G17_14/L03/S02,Z06/A01/B-G7_12/L01/S01
112061,SHELF_016,G25_13,G20_14,Z16/A02/B-G25_13/L02/S02,Z14/A02/B-G20_14/L01/S03
112066,SHELF_031,G17_15,G21_13,Z13/A02/B-G17_15/L02/S03,Z15/A01/B-G21_13/L01/S03
112067,SHELF_146,G4_13,G0_13,Z04/A03/B-G4_13/L02/S04,Z03/A01/B-G0_13/L01/S04
112068,SHELF_156,G25_15,G19_5,Z16/A02/B-G25_15/L03/S03,Z14/A01/B-G19_5/L01/S01
112069,SHELF_183,G10_12,G24_6,Z09/A01/B-G10_12/L01/S02,Z16/A01/B-G24_6/L02/S01
112070,SHELF_075,G17_13,G5_13,Z13/A02/B-G17_13/L02/S03,Z04/A04/B-G5_13/L01/S01
112071,SHELF_302,G30_14,G30_2,Z18/A01/B-G30_14/L03/S04,Z21/A06/B-G30_2/L01/S01
112072,SHELF_058,G14_10,G7_13,Z10/A02/B-G14_10/L02/S04,Z06/A01/B-G7_13/L01/S04
112073,SHELF_261,G5_14,G21_1,Z04/A04/B-G5_14/L02/S04,Z15/A01/B-G21_1/L01/S04
112077,SHELF_013,G16_8,G17_14,Z13/A01/B-G16_8/L01/S02,Z13/A02/B-G17_14/L01/S01
112078,SHELF_020,G3_15,G13_13,Z04/A02/B-G3_15/L02/S01,Z10/A01/B-G13_13/L02/S01
112080,SHELF_070,G4_12,G30_15,Z04/A03/B-G4_12/L02/S02,Z18/A01/B-G30_15/L01/S02
112081,SHELF_220,G5_14,G13_2,Z04/A04/B-G5_14/L03/S02,Z12/A01/B-G13_2/L01/S01
112083,SHELF_147,G25_15,G11_6,Z16/A02/B-G25_15/L01/S01,Z09/A02/B-G11_6/L01/S01
112084,SHELF_096,G10_13,G14_8,Z09/A01/B-G10_13/L01/S01,Z10/A02/B-G14_8/L01/S04
112086,SHELF_051,G17_15,G24_13,Z13/A02/B-G17_15/L01/S01,Z16/A01/B-G24_13/L01/S01
112087,SHELF_054,G20_14,G25_13,Z14/A02/B-G20_14/L01/S02,Z16/A02/B-G25_13/L01/S02
112191,SHELF_101,G28_13,G28_12,Z17/A02/B-G28_13/L03/S02,Z17/A02/B-G28_12/L02/S01
112193,SHELF_308,G30_13,G0_4,Z18/A01/B-G30_13/L01/S04,Z03/A01/B-G0_4/L01/S02
112194,SHELF_149,G3_10,G5_9,Z01/A02/B-G3_10/L02/S02,Z01/A04/B-G5_9/L01/S04
112195,SHELF_058,G8_13,G7_13,Z06/A02/B-G8_13/L03/S03,Z06/A01/B-G7_13/L02/S01
112198,SHELF_124,G30_15,G32_14,Z18/A01/B-G30_15/L01/S03,Z18/A03/B-G32_14/L01/S01
112200,SHELF_134,G4_14,G16_6,Z04/A03/B-G4_14/L01/S02,Z13/A01/B-G16_6/L02/S01
112203,SHELF_087,G10_14,G30_14,Z09/A01/B-G10_14/L02/S01,Z18/A01/B-G30_14/L01/S01
112204,SHELF_150,G20_9,G7_8,Z14/A02/B-G20_9/L03/S01,Z06/A01/B-G7_8/L02/S01
112205,SHELF_260,G22_10,G11_1,Z15/A02/B-G22_10/L02/S03,Z11/A02/B-G11_1/L01/S04
112207,SHELF_254,G2_13,G30_6,Z04/A01/B-G2_13/L03/S02,Z19/A01/B-G30_6/L01/S02
112208,SHELF_099,G19_13,G19_8,Z14/A01/B-G19_13/L01/S02,Z14/A01/B-G19_8/L02/S01
112210,SHELF_258,G2_9,G4_5,Z01/A01/B-G2_9/L01/S03,Z01/A03/B-G4_5/L01/S02
112211,SHELF_254,G13_10,G30_6,Z10/A01/B-G13_10/L03/S02,Z19/A01/B-G30_6/L01/S04
112212,SHELF_300,G7_12,G5_1,Z06/A01/B-G7_12/L02/S02,Z05/A04/B-G5_1/L01/S02
112213,SHELF_086,G20_9,G27_12,Z14/A02/B-G20_9/L01/S01,Z17/A01/B-G27_12/L02/S01
112215,SHELF_062,G5_13,G19_10,Z04/A04/B-G5_13/L01/S02,Z14/A01/B-G19_10/L01/S01
112216,SHELF_164,G17_10,G27_8,Z13/A02/B-G17_10/L02/S02,Z17/A01/B-G27_8/L01/S03
112217,SHELF_150,G28_14,G7_8,Z17/A02/B-G28_14/L01/S03,Z06/A01/B-G7_8/L01/S02
112227,SHELF_140,G21_10,G20_6,Z15/A01/B-G21_10/L01/S01,Z14/A02/B-G20_6/L01/S04
112229,SHELF_283,G4_13,G31_5,Z04/A03/B-G4_13/L01/S01,Z19/A02/B-G31_5/L01/S02
112230,SHELF_241,G4_8,G2_7,Z01/A03/B-G4_8/L03/S01,Z01/A01/B-G2_7/L01/S01
112231,SHELF_199,G5_10,G2_9,Z01/A04/B-G5_10/L01/S03,Z01/A01/B-G2_9/L01/S01
112233,SHELF_097,G31_15,G16_8,Z18/A02/B-G31_15/L01/S03,Z13/A01/B-G16_8/L02/S01
112240,SHELF_120,G11_9,G20_7,Z09/A02/B-G11_9/L01/S01,Z14/A02/B-G20_7/L02/S03
112247,SHELF_186,G4_15,G8_6,Z04/A03/B-G4_15/L02/S03,Z06/A02/B-G8_6/L01/S01
112248,SHELF_201,G11_8,G7_6,Z09/A02/B-G11_8/L03/S01,Z06/A01/B-G7_6/L01/S01
112251,SHELF_212,G28_13,G32_10,Z17/A02/B-G28_13/L03/S03,Z19/A03/B-G32_10/L01/S02
112252,SHELF_145,G3_10,G4_10,Z01/A02/B-G3_10/L02/S03,Z01/A03/B-G4_10/L02/S01
112254,SHELF_257,G31_14,G36_12,Z18/A02/B-G31_14/L03/S04,Z20/A02/B-G36_12/L01/S02
112256,SHELF_135,G2_14,G17_6,Z04/A01/B-G2_14/L03/S04,Z13/A02/B-G17_6/L01/S02
112259,SHELF_154,G27_12,G16_5,Z17/A01/B-G27_12/L02/S03,Z13/A01/B-G16_5/L01/S02
112262,SHELF_148,G16_8,G21_6,Z13/A01/B-G16_8/L03/S02,Z15/A01/B-G21_6/L01/S02
112266,SHELF_184,G13_10,G28_8,Z10/A01/B-G13_10/L03/S03,Z17/A02/B-G28_8/L01/S04
112267,SHELF_264,G3_13,G10_1,Z04/A02/B-G3_13/L01/S01,Z11/A01/B-G10_1/L01/S03
112269,SHELF_211,G5_12,G31_9,Z04/A04/B-G5_12/L01/S02,Z19/A02/B-G31_9/L02/S01
112272,SHELF_063,G10_10,G24_12,Z09/A01/B-G10_10/L03/S02,Z16/A01/B-G24_12/L01/S01
112273,SHELF_143,G17_12,G32_13,Z13/A02/B-G17_12/L03/S01,Z18/A03/B-G32_13/L01/S03
112275,SHELF_207,G20_10,G8_5,Z14/A02/B-G20_10/L02/S02,Z06/A02/B-G8_5/L01/S03
112277,SHELF_006,G21_12,G20_15,Z15/A01/B-G21_12/L01/S02,Z14/A02/B-G20_15/L01/S01
112278,SHELF_263,G2_9,G5_4,Z01/A01/B-G2_9/L01/S01,Z01/A04/B-G5_4/L01/S01
112279,SHELF_012,G16_14,G16_14,Z13/A01/B-G16_14/L03/S03,Z13/A01/B-G16_14/L02/S01
112281,SHELF_119,G27_12,G3_12,Z17/A01/B-G27_12/L03/S02,Z04/A02/B-G3_12/L02/S02
112282,SHELF_285,G21_9,G33_7,Z15/A01/B-G21_9/L02/S02,Z19/A04/B-G33_7/L01/S02
112283,SHELF_182,G27_15,G22_5,Z17/A01/B-G27_15/L02/S03,Z15/A02/B-G22_5/L01/S01
112284,SHELF_058,G14_14,G7_13,Z10/A02/B-G14_14/L03/S03,Z06/A01/B-G7_13/L02/S03
112285,SHELF_030,G11_14,G11_13,Z09/A02/B-G11_14/L01/S01,Z09/A02/B-G11_13/L02/S03
112286,SHELF_092,G10_12,G2_14,Z09/A01/B-G10_12/L02/S02,Z04/A01/B-G2_14/L01/S01
112287,SHELF_068,G14_14,G25_12,Z10/A02/B-G14_14/L01/S04,Z16/A02/B-G25_12/L02/S02
112288,SHELF_014,G16_15,G19_14,Z13/A01/B-G16_15/L01/S04,Z14/A01/B-G19_14/L01/S03
112292,SHELF_013,G17_13,G17_14,Z13/A02/B-G17_13/L03/S01,Z13/A02/B-G17_14/L01/S02
112294,SHELF_232,G17_13,G30_7,Z13/A02/B-G17_13/L01/S03,Z19/A01/B-G30_7/L01/S03
112297,SHELF_089,G27_12,G4_13,Z17/A01/B-G27_12/L02/S01,Z04/A03/B-G4_13/L02/S02
112300,SHELF_276,G2_13,G0_7,Z04/A01/B-G2_13/L03/S03,Z03/A01/B-G0_7/L02/S01
112302,SHELF_007,G11_14,G11_15,Z09/A02/B-G11_14/L02/S04,Z09/A02/B-G11_15/L02/S03
112305,SHELF_090,G20_10,G11_9,Z14/A02/B-G20_10/L02/S04,Z09/A02/B-G11_9/L02/S02
112307,SHELF_152,G8_14,G13_5,Z06/A02/B-G8_14/L03/S04,Z10/A01/B-G13_5/L01/S03
112308,SHELF_057,G7_13,G5_14,Z06/A01/B-G7_13/L03/S04,Z04/A04/B-G5_14/L01/S01
112312,SHELF_041,G20_10,G8_14,Z14/A02/B-G20_10/L01/S04,Z06/A02/B-G8_14/L01/S02
112313,SHELF_190,G28_15,G30_9,Z17/A02/B-G28_15/L03/S03,Z19/A01/B-G30_9/L01/S04
112315,SHELF_172,G24_12,G21_5,Z16/A01/B-G24_12/L03/S04,Z15/A01/B-G21_5/L01/S04
112316,SHELF_271,G4_15,G31_6,Z04/A03/B-G4_15/L01/S01,Z19/A02/B-G31_6/L01/S01
112317,SHELF_028,G21_14,G20_13,Z15/A01/B-G21_14/L03/S01,Z14/A02/B-G20_13/L01/S03
112319,SHELF_184,G25_14,G28_8,Z16/A02/B-G25_14/L03/S03,Z17/A02/B-G28_8/L02/S01
112320,SHELF_204,G21_10,G24_5,Z15/A01/B-G21_10/L01/S02,Z16/A01/B-G24_5/L02/S02
112323,SHELF_097,G7_13,G16_8,Z06/A01/B-G7_13/L02/S03,Z13/A01/B-G16_8/L01/S04
112324,SHELF_010,G20_15,G13_14,Z14/A02/B-G20_15/L01/S01,Z10/A01/B-G13_14/L01/S02
112326,SHELF_007,G13_14,G11_15,Z10/A01/B-G13_14/L01/S02,Z09/A02/B-G11_15/L01/S04
112329,SHELF_101,G19_12,G28_12,Z14/A01/B-G19_12/L02/S01,Z17/A02/B-G28_12/L01/S04
112330,SHELF_123,G13_10,G31_13,Z10/A01/B-G13_10/L02/S01,Z18/A02/B-G31_13/L01/S04
112331,SHELF_154,G20_14,G16_5,Z14/A02/B-G20_14/L03/S03,Z13/A01/B-G16_5/L01/S01
112332,SHELF_212,G13_13,G32_10,Z10/A01/B-G13_13/L01/S02,Z19/A03/B-G32_10/L01/S01
112333,SHELF_248,G24_14,G19_1,Z16/A01/B-G24_14/L01/S01,Z14/A01/B-G19_1/L01/S01
112334,SHELF_071,G16_14,G4_14,Z13/A01/B-G16_14/L02/S03,Z04/A03/B-G4_14/L01/S03
112335,SHELF_273,G30_15,G33_8,Z18/A01/B-G30_15/L03/S02,Z19/A04/B-G33_8/L01/S03
112340,SHELF_233,G19_10,G31_8,Z14/A01/B-G19_10/L03/S03,Z19/A02/B-G31_8/L01/S02
112342,SHELF_008,G21_9,G21_15,Z15/A01/B-G21_9/L01/S02,Z15/A01/B-G21_15/L01/S04
112344,SHELF_072,G14_9,G11_10,Z10/A02/B-G14_9/L01/S03,Z09/A02/B-G11_10/L01/S04
112347,SHELF_138,G17_12,G28_10,Z13/A02/B-G17_12/L02/S04,Z17/A02/B-G28_10/L01/S03
112348,SHELF_184,G10_9,G28_8,Z09/A01/B-G10_9/L03/S03,Z17/A02/B-G28_8/L01/S03
112351,SHELF_229,G25_13,G20_2,Z16/A02/B-G25_13/L03/S02,Z14/A02/B-G20_2/L01/S04
112352,SHELF_204,G19_8,G24_5,Z14/A01/B-G19_8/L01/S01,Z16/A01/B-G24_5/L01/S02
112353,SHELF_187,G14_12,G20_4,Z10/A02/B-G14_12/L02/S01,Z14/A02/B-G20_4/L01/S03
112355,SHELF_030,G11_10,G11_13,Z09/A02/B-G11_10/L02/S03,Z09/A02/B-G11_13/L02/S04
112356,SHELF_034,G19_8,G13_12,Z14/A01/B-G19_8/L03/S01,Z10/A01/B-G13_12/L01/S01
112357,SHELF_170,G24_13,G0_12,Z16/A01/B-G24_13/L03/S01,Z03/A01/B-G0_12/L01/S02
112359,SHELF_042,G21_15,G20_12,Z15/A01/B-G21_15/L01/S02,Z14/A02/B-G20_12/L01/S01
112361,SHELF_152,G25_15,G13_5,Z16/A02/B-G25_15/L02/S01,Z10/A01/B-G13_5/L01/S01
112363,SHELF_023,G11_14,G17_13,Z09/A02/B-G11_14/L02/S02,Z13/A02/B-G17_13/L02/S01
112364,SHELF_087,G27_14,G30_14,Z17/A01/B-G27_14/L01/S02,Z18/A01/B-G30_14/L01/S02
112365,SHELF_213,G27_13,G35_13,Z17/A01/B-G27_13/L02/S01,Z20/A01/B-G35_13/L01/S04
112366,SHELF_143,G5_15,G32_13,Z04/A04/B-G5_15/L01/S04,Z18/A03/B-G32_13/L02/S02
112367,SHELF_160,G5_9,G3_10,Z01/A04/B-G5_9/L03/S02,Z01/A02/B-G3_10/L01/S03
112368,SHELF_007,G27_14,G11_15,Z17/A01/B-G27_14/L02/S04,Z09/A02/B-G11_15/L02/S02
112369,SHELF_129,G17_14,G2_12,Z13/A02/B-G17_14/L03/S01,Z04/A01/B-G2_12/L01/S02
112371,SHELF_192,G8_15,G33_12,Z06/A02/B-G8_15/L03/S04,Z18/A04/B-G33_12/L01/S02
112372,SHELF_190,G3_14,G30_9,Z04/A02/B-G3_14/L02/S01,Z19/A01/B-G30_9/L01/S03
112374,SHELF_061,G19_14,G17_10,Z14/A01/B-G19_14/L02/S03,Z13/A02/B-G17_10/L02/S01
112377,SHELF_096,G7_14,G14_8,Z06/A01/B-G7_14/L03/S01,Z10/A02/B-G14_8/L01/S02
112379,SHELF_157,G21_13,G22_6,Z15/A01/B-G21_13/L03/S03,Z15/A02/B-G22_6/L01/S03
112380,SHELF_131,G20_14,G10_7,Z14/A02/B-G20_14/L03/S04,Z09/A01/B-G10_7/L01/S02
112381,SHELF_078,G10_12,G13_9,Z09/A01/B-G10_12/L01/S03,Z10/A01/B-G13_9/L02/S02
112386,SHELF_162,G11_13,G20_5,Z09/A02/B-G11_13/L02/S02,Z14/A02/B-G20_5/L01/S01
112387,SHELF_203,G17_10,G22_4,Z13/A02/B-G17_10/L03/S03,Z15/A02/B-G22_4/L01/S02
112392,SHELF_173,G5_10,G2_10,Z01/A04/B-G5_10/L03/S02,Z01/A01/B-G2_10/L01/S03
112394,SHELF_068,G17_14,G25_12,Z13/A02/B-G17_14/L01/S03,Z16/A02/B-G25_12/L02/S01
112395,SHELF_109,G19_10,G11_8,Z14/A01/B-G19_10/L03/S01,Z09/A02/B-G11_8/L01/S03
112396,SHELF_122,G3_15,G30_12,Z04/A02/B-G3_15/L03/S04,Z18/A01/B-G30_12/L01/S01
112398,SHELF_017,G20_8,G11_14,Z14/A02/B-G20_8/L01/S04,Z09/A02/B-G11_14/L01/S02
112400,SHELF_161,G13_8,G8_7,Z10/A01/B-G13_8/L03/S02,Z06/A02/B-G8_7/L01/S02
112403,SHELF_116,G11_9,G17_7,Z09/A02/B-G11_9/L03/S03,Z13/A02/B-G17_7/L02/S01
112404,SHELF_120,G30_15,G20_7,Z18/A01/B-G30_15/L03/S03,Z14/A02/B-G20_7/L01/S04
112430,SHELF_086,G27_15,G27_12,Z17/A01/B-G27_15/L02/S04,Z17/A01/B-G27_12/L02/S02
112431,SHELF_131,G16_12,G10_7,Z13/A01/B-G16_12/L01/S01,Z09/A01/B-G10_7/L02/S01
112432,SHELF_094,G10_12,G10_9,Z09/A01/B-G10_12/L03/S01,Z09/A01/B-G10_9/L02/S01
112435,SHELF_127,G7_14,G11_7,Z06/A01/B-G7_14/L01/S04,Z09/A02/B-G11_7/L01/S01
112440,SHELF_199,G3_8,G2_9,Z01/A02/B-G3_8/L02/S02,Z01/A01/B-G2_9/L01/S04
112442,SHELF_150,G2_15,G7_8,Z04/A01/B-G2_15/L03/S03,Z06/A01/B-G7_8/L02/S03
112444,SHELF_011,G30_15,G14_14,Z18/A01/B-G30_15/L01/S02,Z10/A02/B-G14_14/L01/S02
112445,SHELF_229,G4_15,G20_2,Z04/A03/B-G4_15/L01/S02,Z14/A02/B-G20_2/L02/S01
112450,SHELF_276,G7_12,G0_7,Z06/A01/B-G7_12/L02/S03,Z03/A01/B-G0_7/L01/S03
112451,SHELF_077,G8_15,G10_10,Z06/A02/B-G8_15/L02/S02,Z09/A01/B-G10_10/L02/S01
112452,SHELF_069,G16_13,G27_13,Z13/A01/B-G16_13/L02/S03,Z17/A01/B-G27_13/L01/S03
112516,SHELF_046,G4_12,G21_12,Z04/A03/B-G4_12/L01/S01,Z15/A01/B-G21_12/L01/S01
113093,SHELF_128,G3_15,G21_7,Z04/A02/B-G3_15/L02/S03,Z15/A01/B-G21_7/L01/S01
113097,SHELF_218,G5_8,G5_6,Z01/A04/B-G5_8/L01/S03,Z01/A04/B-G5_6/L02/S03
113098,SHELF_297,G21_9,G4_2,Z15/A01/B-G21_9/L03/S01,Z05/A03/B-G4_2/L01/S01
113114,SHELF_318,G3_14,G35_5,Z04/A02/B-G3_14/L03/S01,Z20/A01/B-G35_5/L01/S01
113118,SHELF_226,G20_8,G28_6,Z14/A02/B-G20_8/L03/S01,Z17/A02/B-G28_6/L01/S01
113119,SHELF_161,G10_9,G8_7,Z09/A01/B-G10_9/L02/S04,Z06/A02/B-G8_7/L02/S01
113122,SHELF_025,G5_12,G22_14,Z04/A04/B-G5_12/L02/S01,Z15/A02/B-G22_14/L02/S01
113124,SHELF_183,G11_10,G24_6,Z09/A02/B-G11_10/L01/S02,Z16/A01/B-G24_6/L01/S01
113142,SHELF_066,G4_13,G8_12,Z04/A03/B-G4_13/L01/S02,Z06/A02/B-G8_12/L03/S01
113143,SHELF_315,G32_15,G0_3,Z18/A03/B-G32_15/L03/S01,Z03/A01/B-G0_3/L01/S02
113144,SHELF_099,G30_14,G19_8,Z18/A01/B-G30_14/L01/S01,Z14/A01/B-G19_8/L02/S02
113146,SHELF_196,G13_8,G0_11,Z10/A01/B-G13_8/L02/S03,Z03/A01/B-G0_11/L01/S04
113152,SHELF_125,G17_9,G33_15,Z13/A02/B-G17_9/L03/S04,Z18/A04/B-G33_15/L01/S04
113159,SHELF_029,G27_13,G25_15,Z17/A01/B-G27_13/L01/S03,Z16/A02/B-G25_15/L02/S04
113162,SHELF_031,G19_14,G21_13,Z14/A01/B-G19_14/L03/S01,Z15/A01/B-G21_13/L01/S02
113164,SHELF_188,G17_8,G25_6,Z13/A02/B-G17_8/L02/S02,Z16/A02/B-G25_6/L01/S04
113165,SHELF_159,G22_9,G28_9,Z15/A02/B-G22_9/L03/S01,Z17/A02/B-G28_9/L01/S04
113170,SHELF_155,G31_15,G17_5,Z18/A02/B-G31_15/L01/S04,Z13/A02/B-G17_5/L01/S04
113179,SHELF_226,G3_13,G28_6,Z04/A02/B-G3_13/L02/S02,Z17/A02/B-G28_6/L02/S01
113194,SHELF_047,G19_13,G5_15,Z14/A01/B-G19_13/L02/S04,Z04/A04/B-G5_15/L01/S03
113195,SHELF_177,G2_15,G13_4,Z04/A01/B-G2_15/L01/S03,Z10/A01/B-G13_4/L01/S02
113197,SHELF_069,G19_14,G27_13,Z14/A01/B-G19_14/L03/S04,Z17/A01/B-G27_13/L01/S04
113201,SHELF_033,G20_13,G10_13,Z14/A02/B-G20_13/L02/S03,Z09/A01/B-G10_13/L01/S02
113202,SHELF_152,G4_14,G13_5,Z04/A03/B-G4_14/L01/S03,Z10/A01/B-G13_5/L02/S02
113203,SHELF_293,G25_12,G32_5,Z16/A02/B-G25_12/L01/S02,Z19/A03/B-G32_5/L01/S01
113205,SHELF_104,G14_9,G30_13,Z10/A02/B-G14_9/L03/S04,Z18/A01/B-G30_13/L01/S01
113209,SHELF_264,G4_12,G10_1,Z04/A03/B-G4_12/L03/S02,Z11/A01/B-G10_1/L01/S02
113216,SHELF_177,G21_9,G13_4,Z15/A01/B-G21_9/L01/S04,Z10/A01/B-G13_4/L01/S03
113218,SHELF_250,G13_10,G28_5,Z10/A01/B-G13_10/L02/S03,Z17/A02/B-G28_5/L01/S04
113225,SHELF_111,G0_15,G2_13,Z03/A01/B-G0_15/L01/S04,Z04/A01/B-G2_13/L01/S04
113226,SHELF_303,G11_8,G32_4,Z09/A02/B-G11_8/L03/S02,Z19/A03/B-G32_4/L01/S03
113227,SHELF_089,G13_9,G4_13,Z10/A01/B-G13_9/L03/S01,Z04/A03/B-G4_13/L01/S01
113230,SHELF_010,G0_15,G13_14,Z03/A01/B-G0_15/L02/S03,Z10/A01/B-G13_14/L02/S01
113231,SHELF_273,G13_8,G33_8,Z10/A01/B-G13_8/L02/S04,Z19/A04/B-G33_8/L01/S02
113232,SHELF_046,G25_12,G21_12,Z16/A02/B-G25_12/L01/S03,Z15/A01/B-G21_12/L01/S03
113314,SHELF_112,G7_12,G10_8,Z06/A01/B-G7_12/L02/S04,Z09/A01/B-G10_8/L01/S03
114522,SHELF_315,G13_8,G0_3,Z10/A01/B-G13_8/L01/S04,Z03/A01/B-G0_3/L01/S01
114652,SHELF_205,G5_15,G28_7,Z04/A04/B-G5_15/L02/S01,Z17/A02/B-G28_7/L01/S02
114745,SHELF_229,G30_13,G20_2,Z18/A01/B-G30_13/L03/S03,Z14/A02/B-G20_2/L01/S03
114747,SHELF_256,G30_13,G32_8,Z18/A01/B-G30_13/L01/S01,Z19/A03/B-G32_8/L01/S02
114748,SHELF_186,G14_10,G8_6,Z10/A02/B-G14_10/L01/S01,Z06/A02/B-G8_6/L01/S03
114762,SHELF_169,G3_10,G4_9,Z01/A02/B-G3_10/L01/S03,Z01/A03/B-G4_9/L03/S01
114899,SHELF_103,G24_14,G20_8,Z16/A01/B-G24_14/L01/S04,Z14/A02/B-G20_8/L01/S03
115063,SHELF_209,G25_12,G27_6,Z16/A02/B-G25_12/L03/S04,Z17/A01/B-G27_6/L01/S01
115077,SHELF_259,G10_10,G0_8,Z09/A01/B-G10_10/L02/S03,Z03/A01/B-G0_8/L01/S03
115089,SHELF_106,G14_14,G32_15,Z10/A02/B-G14_14/L02/S04,Z18/A03/B-G32_15/L01/S04
115095,SHELF_208,G10_12,G25_5,Z09/A01/B-G10_12/L03/S02,Z16/A02/B-G25_5/L01/S04
115120,SHELF_296,G3_14,G36_9,Z04/A02/B-G3_14/L01/S03,Z20/A02/B-G36_9/L01/S02
115130,SHELF_172,G10_9,G21_5,Z09/A01/B-G10_9/L01/S04,Z15/A01/B-G21_5/L01/S03
115172,SHELF_175,G16_8,G7_7,Z13/A01/B-G16_8/L03/S04,Z06/A01/B-G7_7/L01/S01
115181,SHELF_036,G5_15,G16_12,Z04/A04/B-G5_15/L03/S04,Z13/A01/B-G16_12/L01/S04
115355,SHELF_160,G4_10,G3_10,Z01/A03/B-G4_10/L03/S01,Z01/A02/B-G3_10/L01/S02
115572,SHELF_246,G31_14,G14_1,Z18/A02/B-G31_14/L01/S03,Z12/A02/B-G14_1/L01/S03
115573,SHELF_087,G30_13,G30_14,Z18/A01/B-G30_13/L02/S01,Z18/A01/B-G30_14/L01/S04
115580,SHELF_291,G22_10,G28_2,Z15/A02/B-G22_10/L02/S01,Z21/A04/B-G28_2/L01/S04
115584,SHELF_153,G17_10,G14_5,Z13/A02/B-G17_10/L03/S02,Z10/A02/B-G14_5/L01/S02
115589,SHELF_215,G3_9,G4_7,Z01/A02/B-G3_9/L01/S01,Z01/A03/B-G4_7/L01/S02
115591,SHELF_206,G4_10,G3_8,Z01/A03/B-G4_10/L02/S02,Z01/A02/B-G3_8/L01/S04
115686,SHELF_144,G7_15,G33_14,Z06/A01/B-G7_15/L03/S03,Z18/A04/B-G33_14/L02/S02
115752,SHELF_012,G13_9,G16_14,Z10/A01/B-G13_9/L03/S02,Z13/A01/B-G16_14/L01/S02
115770,SHELF_119,G8_13,G3_12,Z06/A02/B-G8_13/L03/S01,Z04/A02/B-G3_12/L01/S01
115771,SHELF_279,G4_7,G7_2,Z01/A03/B-G4_7/L02/S02,Z02/A01/B-G7_2/L01/S01
115785,SHELF_198,G27_13,G21_4,Z17/A01/B-G27_13/L02/S02,Z15/A01/B-G21_4/L01/S01
115786,SHELF_021,G22_10,G14_13,Z15/A02/B-G22_10/L01/S02,Z10/A02/B-G14_13/L01/S01
115794,SHELF_135,G22_12,G17_6,Z15/A02/B-G22_12/L03/S04,Z13/A02/B-G17_6/L01/S03
115951,SHELF_180,G27_14,G17_4,Z17/A01/B-G27_14/L03/S02,Z13/A02/B-G17_4/L01/S02
115973,SHELF_219,G30_14,G7_5,Z18/A01/B-G30_14/L03/S03,Z06/A01/B-G7_5/L01/S04
115980,SHELF_270,G19_8,G30_5,Z14/A01/B-G19_8/L02/S02,Z19/A01/B-G30_5/L01/S01
115987,SHELF_313,G31_15,G35_6,Z18/A02/B-G31_15/L03/S03,Z20/A01/B-G35_6/L01/S01
115988,SHELF_157,G11_13,G22_6,Z09/A02/B-G11_13/L03/S03,Z15/A02/B-G22_6/L01/S02
115997,SHELF_231,G22_9,G27_5,Z15/A02/B-G22_9/L02/S04,Z17/A01/B-G27_5/L01/S03
116001,SHELF_190,G7_12,G30_9,Z06/A01/B-G7_12/L03/S03,Z19/A01/B-G30_9/L01/S01
116041,SHELF_291,G20_8,G28_2,Z14/A02/B-G20_8/L03/S03,Z21/A04/B-G28_2/L01/S01
116363,SHELF_116,G3_14,G17_7,Z04/A02/B-G3_14/L03/S02,Z13/A02/B-G17_7/L01/S04
117002,SHELF_251,G5_7,G3_6,Z01/A04/B-G5_7/L03/S01,Z01/A02/B-G3_6/L01/S03
117010,SHELF_294,G2_14,G33_6,Z04/A01/B-G2_14/L01/S01,Z19/A04/B-G33_6/L01/S01
117011,SHELF_245,G13_8,G13_1,Z10/A01/B-G13_8/L01/S01,Z12/A01/B-G13_1/L01/S02
117015,SHELF_177,G10_10,G13_4,Z09/A01/B-G10_10/L01/S04,Z10/A01/B-G13_4/L01/S04
117024,SHELF_055,G2_13,G27_14,Z04/A01/B-G2_13/L02/S01,Z17/A01/B-G27_14/L02/S01
117025,SHELF_082,G24_13,G22_10,Z16/A01/B-G24_13/L03/S04,Z15/A02/B-G22_10/L01/S01
117027,SHELF_126,G10_12,G0_14,Z09/A01/B-G10_12/L03/S03,Z03/A01/B-G0_14/L01/S04
117029,SHELF_243,G11_8,G7_4,Z09/A02/B-G11_8/L03/S03,Z06/A01/B-G7_4/L01/S02
117030,SHELF_250,G20_9,G28_5,Z14/A02/B-G20_9/L01/S02,Z17/A02/B-G28_5/L01/S02
117084,SHELF_255,G21_9,G31_7,Z15/A01/B-G21_9/L01/S01,Z19/A02/B-G31_7/L01/S03
117140,SHELF_059,G20_9,G13_10,Z14/A02/B-G20_9/L01/S03,Z10/A01/B-G13_10/L01/S04
117146,SHELF_083,G4_12,G28_13,Z04/A03/B-G4_12/L03/S04,Z17/A02/B-G28_13/L02/S02
117402,SHELF_135,G22_9,G17_6,Z15/A02/B-G22_9/L01/S01,Z13/A02/B-G17_6/L02/S02
117415,SHELF_193,G19_13,G35_14,Z14/A01/B-G19_13/L03/S03,Z20/A01/B-G35_14/L01/S02
117418,SHELF_130,G5_7,G5_10,Z01/A04/B-G5_7/L02/S03,Z01/A04/B-G5_10/L02/S03
117422,SHELF_139,G14_10,G8_8,Z10/A02/B-G14_10/L02/S01,Z06/A02/B-G8_8/L01/S04
117427,SHELF_062,G27_14,G19_10,Z17/A01/B-G27_14/L02/S01,Z14/A01/B-G19_10/L01/S02
117429,SHELF_275,G4_8,G4_4,Z01/A03/B-G4_8/L01/S01,Z01/A03/B-G4_4/L01/S01
117431,SHELF_112,G5_15,G10_8,Z04/A04/B-G5_15/L01/S03,Z09/A01/B-G10_8/L02/S01
117432,SHELF_190,G10_13,G30_9,Z09/A01/B-G10_13/L01/S02,Z19/A01/B-G30_9/L01/S02
117442,SHELF_002,G20_10,G14_15,Z14/A02/B-G20_10/L02/S01,Z10/A02/B-G14_15/L01/S03
118300,SHELF_308,G2_15,G0_4,Z04/A01/B-G2_15/L02/S01,Z03/A01/B-G0_4/L01/S01
118396,SHELF_132,G3_13,G13_6,Z04/A02/B-G3_13/L03/S03,Z10/A01/B-G13_6/L01/S02
118430,SHELF_260,G16_8,G11_1,Z13/A01/B-G16_8/L02/S02,Z11/A02/B-G11_1/L01/S01
118459,SHELF_280,G5_7,G3_4,Z01/A04/B-G5_7/L01/S02,Z01/A02/B-G3_4/L01/S01
118468,SHELF_165,G0_15,G30_10,Z03/A01/B-G0_15/L03/S01,Z19/A01/B-G30_10/L01/S04
118475,SHELF_163,G22_14,G25_7,Z15/A02/B-G22_14/L01/S04,Z16/A02/B-G25_7/L01/S02
118483,SHELF_143,G19_8,G32_13,Z14/A01/B-G19_8/L03/S04,Z18/A03/B-G32_13/L01/S04
118493,SHELF_325,G0_15,G34_2,Z03/A01/B-G0_15/L02/S04,Z21/A10/B-G34_2/L01/S01
118498,SHELF_077,G11_9,G10_10,Z09/A02/B-G11_9/L01/S03,Z09/A01/B-G10_10/L01/S03
118501,SHELF_019,G7_12,G10_14,Z06/A01/B-G7_12/L02/S01,Z09/A01/B-G10_14/L02/S01
118504,SHELF_085,G28_13,G20_9,Z17/A02/B-G28_13/L01/S01,Z14/A02/B-G20_9/L01/S03
118506,SHELF_324,G11_8,G0_1,Z09/A02/B-G11_8/L03/S04,Z03/A01/B-G0_1/L01/S01
118512,SHELF_262,G4_7,G2_6,Z01/A03/B-G4_7/L02/S04,Z01/A01/B-G2_6/L01/S03
118513,SHELF_029,G8_12,G25_15,Z06/A02/B-G8_12/L03/S03,Z16/A02/B-G25_15/L01/S04
118518,SHELF_017,G19_15,G11_14,Z14/A01/B-G19_15/L01/S02,Z09/A02/B-G11_14/L02/S01
118520,SHELF_009,G17_9,G10_15,Z13/A02/B-G17_9/L01/S03,Z09/A01/B-G10_15/L01/S02
118529,SHELF_180,G4_12,G17_4,Z04/A03/B-G4_12/L01/S02,Z13/A02/B-G17_4/L02/S02
118531,SHELF_125,G14_8,G33_15,Z10/A02/B-G14_8/L02/S02,Z18/A04/B-G33_15/L01/S01
118532,SHELF_110,G20_9,G21_8,Z14/A02/B-G20_9/L02/S02,Z15/A01/B-G21_8/L01/S03
118539,SHELF_196,G20_8,G0_11,Z14/A02/B-G20_8/L01/S03,Z03/A01/B-G0_11/L02/S01
119514,SHELF_191,G21_8,G31_10,Z15/A01/B-G21_8/L01/S01,Z19/A02/B-G31_10/L01/S01
119516,SHELF_191,G0_15,G31_10,Z03/A01/B-G0_15/L01/S01,Z19/A02/B-G31_10/L01/S04
119644,SHELF_113,G19_12,G13_7,Z14/A01/B-G19_12/L03/S04,Z10/A01/B-G13_7/L01/S03
119945,SHELF_229,G11_10,G20_2,Z09/A02/B-G11_10/L01/S04,Z14/A02/B-G20_2/L01/S02
119948,SHELF_237,G2_9,G4_6,Z01/A01/B-G2_9/L03/S03,Z01/A03/B-G4_6/L02/S03
120049,SHELF_129,G5_15,G2_12,Z04/A04/B-G5_15/L02/S03,Z04/A01/B-G2_12/L01/S03
120052,SHELF_023,G19_14,G17_13,Z14/A01/B-G19_14/L01/S04,Z13/A02/B-G17_13/L01/S01
120167,SHELF_232,G2_13,G30_7,Z04/A01/B-G2_13/L02/S02,Z19/A01/B-G30_7/L01/S02
120184,SHELF_148,G11_8,G21_6,Z09/A02/B-G11_8/L02/S01,Z15/A01/B-G21_6/L01/S03
120235,SHELF_288,G20_9,G0_6,Z14/A02/B-G20_9/L03/S02,Z03/A01/B-G0_6/L01/S02
120257,SHELF_184,G14_8,G28_8,Z10/A02/B-G14_8/L03/S04,Z17/A02/B-G28_8/L01/S01
120272,SHELF_165,G5_14,G30_10,Z04/A04/B-G5_14/L01/S04,Z19/A01/B-G30_10/L01/S03
120318,SHELF_194,G3_15,G36_15,Z04/A02/B-G3_15/L01/S03,Z20/A02/B-G36_15/L01/S01
120359,SHELF_322,G30_13,G35_4,Z18/A01/B-G30_13/L02/S02,Z20/A01/B-G35_4/L01/S03
120382,SHELF_162,G19_12,G20_5,Z14/A01/B-G19_12/L03/S01,Z14/A02/B-G20_5/L01/S03
120447,SHELF_265,G28_14,G22_1,Z17/A02/B-G28_14/L02/S03,Z15/A02/B-G22_1/L01/S03
120448,SHELF_075,G20_13,G5_13,Z14/A02/B-G20_13/L02/S04,Z04/A04/B-G5_13/L02/S01
120449,SHELF_001,G14_12,G13_15,Z10/A02/B-G14_12/L01/S02,Z10/A01/B-G13_15/L01/S03
120450,SHELF_049,G19_15,G10_12,Z14/A01/B-G19_15/L02/S03,Z09/A01/B-G10_12/L01/S04
120775,SHELF_082,G20_14,G22_10,Z14/A02/B-G20_14/L02/S01,Z15/A02/B-G22_10/L02/S01
120778,SHELF_067,G11_12,G20_10,Z09/A02/B-G11_12/L01/S04,Z14/A02/B-G20_10/L01/S04
120779,SHELF_016,G8_14,G20_14,Z06/A02/B-G8_14/L01/S02,Z14/A02/B-G20_14/L02/S02
121567,SHELF_192,G19_9,G33_12,Z14/A01/B-G19_9/L01/S04,Z18/A04/B-G33_12/L01/S01
121568,SHELF_296,G28_12,G36_9,Z17/A02/B-G28_12/L01/S02,Z20/A02/B-G36_9/L01/S04
121570,SHELF_156,G17_10,G19_5,Z13/A02/B-G17_10/L01/S01,Z14/A01/B-G19_5/L01/S02
121710,SHELF_278,G3_8,G2_5,Z01/A02/B-G3_8/L02/S01,Z01/A01/B-G2_5/L01/S02
121745,SHELF_004,G21_12,G17_15,Z15/A01/B-G21_12/L03/S02,Z13/A02/B-G17_15/L02/S02
121807,SHELF_087,G7_14,G30_14,Z06/A01/B-G7_14/L01/S03,Z18/A01/B-G30_14/L02/S01
121814,SHELF_159,G22_9,G28_9,Z15/A02/B-G22_9/L03/S04,Z17/A02/B-G28_9/L01/S03
121833,SHELF_088,G16_15,G31_15,Z13/A01/B-G16_15/L02/S02,Z18/A02/B-G31_15/L01/S02
121874,SHELF_299,G28_12,G29_2,Z17/A02/B-G28_12/L02/S01,Z21/A05/B-G29_2/L01/S01
121875,SHELF_007,G11_14,G11_15,Z09/A02/B-G11_14/L01/S04,Z09/A02/B-G11_15/L01/S01
121892,SHELF_109,G19_8,G11_8,Z14/A01/B-G19_8/L01/S02,Z09/A02/B-G11_8/L01/S01
121904,SHELF_198,G13_13,G21_4,Z10/A01/B-G13_13/L02/S02,Z15/A01/B-G21_4/L01/S04
121914,SHELF_304,G2_13,G33_5,Z04/A01/B-G2_13/L03/S04,Z19/A04/B-G33_5/L01/S02
121917,SHELF_219,G22_10,G7_5,Z15/A02/B-G22_10/L03/S02,Z06/A01/B-G7_5/L02/S01
121926,SHELF_285,G0_15,G33_7,Z03/A01/B-G0_15/L03/S02,Z19/A04/B-G33_7/L02/S01
121930,SHELF_124,G11_8,G32_14,Z09/A02/B-G11_8/L01/S02,Z18/A03/B-G32_14/L01/S02
121937,SHELF_169,G2_10,G4_9,Z01/A01/B-G2_10/L03/S04,Z01/A03/B-G4_9/L01/S03
121939,SHELF_236,G31_15,G36_13,Z18/A02/B-G31_15/L02/S04,Z20/A02/B-G36_13/L01/S02
122555,SHELF_237,G5_7,G4_6,Z01/A04/B-G5_7/L01/S01,Z01/A03/B-G4_6/L01/S01
122556,SHELF_219,G5_14,G7_5,Z04/A04/B-G5_14/L03/S03,Z06/A01/B-G7_5/L01/S01
122631,SHELF_176,G25_14,G10_5,Z16/A02/B-G25_14/L03/S04,Z09/A01/B-G10_5/L01/S01
122632,SHELF_116,G21_14,G17_7,Z15/A01/B-G21_14/L02/S04,Z13/A02/B-G17_7/L01/S03
122643,SHELF_157,G21_10,G22_6,Z15/A01/B-G21_10/L03/S01,Z15/A02/B-G22_6/L01/S01
122644,SHELF_226,G13_9,G28_6,Z10/A01/B-G13_9/L01/S02,Z17/A02/B-G28_6/L02/S02
122645,SHELF_034,G16_12,G13_12,Z13/A01/B-G16_12/L02/S01,Z10/A01/B-G13_12/L01/S02
122675,SHELF_319,G3_13,G36_6,Z04/A02/B-G3_13/L01/S04,Z20/A02/B-G36_6/L01/S02
122678,SHELF_164,G14_8,G27_8,Z10/A02/B-G14_8/L03/S02,Z17/A01/B-G27_8/L01/S02
122682,SHELF_215,G3_8,G4_7,Z01/A02/B-G3_8/L02/S03,Z01/A03/B-G4_7/L02/S03
122686,SHELF_067,G10_12,G20_10,Z09/A01/B-G10_12/L01/S04,Z14/A02/B-G20_10/L01/S02
122687,SHELF_182,G13_8,G22_5,Z10/A01/B-G13_8/L03/S01,Z15/A02/B-G22_5/L01/S03
122697,SHELF_130,G2_9,G5_10,Z01/A01/B-G2_9/L03/S04,Z01/A04/B-G5_10/L03/S01
122778,SHELF_082,G32_15,G22_10,Z18/A03/B-G32_15/L02/S03,Z15/A02/B-G22_10/L01/S03
122814,SHELF_269,G30_14,G25_2,Z18/A01/B-G30_14/L02/S04,Z21/A01/B-G25_2/L01/S02
122938,SHELF_024,G32_15,G19_13,Z18/A03/B-G32_15/L03/S02,Z14/A01/B-G19_13/L01/S01
122941,SHELF_071,G31_15,G4_14,Z18/A02/B-G31_15/L02/S01,Z04/A03/B-G4_14/L01/S01
122980,SHELF_045,G24_14,G11_12,Z16/A01/B-G24_14/L02/S01,Z09/A02/B-G11_12/L01/S04
123034,SHELF_087,G21_12,G30_14,Z15/A01/B-G21_12/L01/S04,Z18/A01/B-G30_14/L01/S03
123035,SHELF_096,G22_14,G14_8,Z15/A02/B-G22_14/L01/S02,Z10/A02/B-G14_8/L01/S03
123063,SHELF_031,G10_9,G21_13,Z09/A01/B-G10_9/L03/S04,Z15/A01/B-G21_13/L02/S01
123069,SHELF_321,G2_14,G33_2,Z04/A01/B-G2_14/L02/S03,Z21/A09/B-G33_2/L01/S01
123094,SHELF_035,G13_15,G14_12,Z10/A01/B-G13_15/L02/S02,Z10/A02/B-G14_12/L01/S03
123128,SHELF_185,G5_8,G3_9,Z01/A04/B-G5_8/L01/S04,Z01/A02/B-G3_9/L01/S03
123129,SHELF_237,G3_8,G4_6,Z01/A02/B-G3_8/L03/S03,Z01/A03/B-G4_6/L02/S01
123130,SHELF_184,G19_9,G28_8,Z14/A01/B-G19_9/L02/S02,Z17/A02/B-G28_8/L01/S02
123252,SHELF_084,G25_12,G3_14,Z16/A02/B-G25_12/L03/S02,Z04/A02/B-G3_14/L01/S04
123272,SHELF_025,G16_15,G22_14,Z13/A01/B-G16_15/L02/S01,Z15/A02/B-G22_14/L01/S04
123304,SHELF_005,G19_15,G19_15,Z14/A01/B-G19_15/L02/S02,Z14/A01/B-G19_15/L01/S04
123305,SHELF_042,G16_15,G20_12,Z13/A01/B-G16_15/L03/S02,Z14/A02/B-G20_12/L01/S04
123306,SHELF_018,G17_14,G21_14,Z13/A02/B-G17_14/L01/S04,Z15/A01/B-G21_14/L01/S01
123309,SHELF_136,G16_14,G19_6,Z13/A01/B-G16_14/L02/S02,Z14/A01/B-G19_6/L01/S03
123310,SHELF_091,G21_15,G21_9,Z15/A01/B-G21_15/L02/S01,Z15/A01/B-G21_9/L01/S03
123311,SHELF_136,G21_12,G19_6,Z15/A01/B-G21_12/L01/S03,Z14/A01/B-G19_6/L01/S02
123753,SHELF_289,G3_8,G2_4,Z01/A02/B-G3_8/L01/S04,Z01/A01/B-G2_4/L01/S01
123763,SHELF_043,G16_14,G25_14,Z13/A01/B-G16_14/L01/S04,Z16/A02/B-G25_14/L01/S03
123788,SHELF_059,G21_14,G13_10,Z15/A01/B-G21_14/L01/S03,Z10/A01/B-G13_10/L01/S01
124008,SHELF_010,G24_15,G13_14,Z16/A01/B-G24_15/L03/S02,Z10/A01/B-G13_14/L01/S04
124012,SHELF_206,G3_8,G3_8,Z01/A02/B-G3_8/L01/S02,Z01/A02/B-G3_8/L02/S02
124034,SHELF_016,G30_15,G20_14,Z18/A01/B-G30_15/L02/S03,Z14/A02/B-G20_14/L01/S04
124080,SHELF_158,G5_15,G24_7,Z04/A04/B-G5_15/L03/S01,Z16/A01/B-G24_7/L01/S04
124183,SHELF_100,G25_14,G22_9,Z16/A02/B-G25_14/L03/S02,Z15/A02/B-G22_9/L01/S01
124184,SHELF_102,G7_15,G3_13,Z06/A01/B-G7_15/L01/S01,Z04/A02/B-G3_13/L01/S04
124205,SHELF_026,G20_12,G24_15,Z14/A02/B-G20_12/L03/S02,Z16/A01/B-G24_15/L01/S03
124207,SHELF_158,G16_13,G24_7,Z13/A01/B-G16_13/L01/S04,Z16/A01/B-G24_7/L01/S03
124208,SHELF_089,G21_15,G4_13,Z15/A01/B-G21_15/L01/S03,Z04/A03/B-G4_13/L01/S02
124210,SHELF_074,G11_15,G2_15,Z09/A02/B-G11_15/L01/S01,Z04/A01/B-G2_15/L02/S03
124211,SHELF_030,G13_15,G11_13,Z10/A01/B-G13_15/L03/S02,Z09/A02/B-G11_13/L01/S03
124230,SHELF_271,G17_9,G31_6,Z13/A02/B-G17_9/L01/S04,Z19/A02/B-G31_6/L02/S01
124233,SHELF_263,G5_7,G5_4,Z01/A04/B-G5_7/L01/S04,Z01/A04/B-G5_4/L01/S02
124234,SHELF_117,G31_14,G19_7,Z18/A02/B-G31_14/L01/S01,Z14/A01/B-G19_7/L01/S02
124272,SHELF_063,G2_13,G24_12,Z04/A01/B-G2_13/L02/S03,Z16/A01/B-G24_12/L01/S03
124298,SHELF_204,G17_8,G24_5,Z13/A02/B-G17_8/L03/S03,Z16/A01/B-G24_5/L02/S01
124335,SHELF_026,G13_7,G24_15,Z10/A01/B-G13_7/L02/S01,Z16/A01/B-G24_15/L02/S01
124402,SHELF_021,G22_14,G14_13,Z15/A02/B-G22_14/L03/S04,Z10/A02/B-G14_13/L01/S04
124403,SHELF_036,G21_15,G16_12,Z15/A01/B-G21_15/L03/S02,Z13/A01/B-G16_12/L01/S02
124476,SHELF_031,G24_12,G21_13,Z16/A01/B-G24_12/L03/S01,Z15/A01/B-G21_13/L01/S01
124478,SHELF_064,G11_15,G28_14,Z09/A02/B-G11_15/L03/S04,Z17/A02/B-G28_14/L01/S01
124483,SHELF_151,G10_13,G10_6,Z09/A01/B-G10_13/L02/S01,Z09/A01/B-G10_6/L02/S01
124666,SHELF_093,G17_10,G5_12,Z13/A02/B-G17_10/L01/S03,Z04/A04/B-G5_12/L01/S03
124702,SHELF_016,G13_15,G20_14,Z10/A01/B-G13_15/L02/S03,Z14/A02/B-G20_14/L01/S02
124704,SHELF_029,G14_15,G25_15,Z10/A02/B-G14_15/L02/S04,Z16/A02/B-G25_15/L03/S02
124705,SHELF_214,G13_7,G36_14,Z10/A01/B-G13_7/L02/S02,Z20/A02/B-G36_14/L01/S02
124794,SHELF_152,G4_14,G13_5,Z04/A03/B-G4_14/L01/S01,Z10/A01/B-G13_5/L02/S01
124795,SHELF_245,G4_15,G13_1,Z04/A03/B-G4_15/L03/S04,Z12/A01/B-G13_1/L01/S04
124826,SHELF_051,G16_12,G24_13,Z13/A01/B-G16_12/L03/S01,Z16/A01/B-G24_13/L01/S02
124896,SHELF_158,G3_15,G24_7,Z04/A02/B-G3_15/L01/S04,Z16/A01/B-G24_7/L01/S02
124899,SHELF_032,G19_12,G7_15,Z14/A01/B-G19_12/L02/S04,Z06/A01/B-G7_15/L02/S02
124994,SHELF_149,G5_8,G5_9,Z01/A04/B-G5_8/L03/S01,Z01/A04/B-G5_9/L01/S01
125121,SHELF_038,G28_12,G19_12,Z17/A02/B-G28_12/L02/S04,Z14/A01/B-G19_12/L02/S02
125172,SHELF_261,G11_9,G21_1,Z09/A02/B-G11_9/L02/S03,Z15/A01/B-G21_1/L01/S03
125174,SHELF_120,G28_12,G20_7,Z17/A02/B-G28_12/L01/S03,Z14/A02/B-G20_7/L02/S02
125175,SHELF_304,G5_13,G33_5,Z04/A04/B-G5_13/L02/S01,Z19/A04/B-G33_5/L01/S03
125176,SHELF_121,G16_13,G27_10,Z13/A01/B-G16_13/L02/S01,Z17/A01/B-G27_10/L01/S02
125179,SHELF_272,G22_13,G32_7,Z15/A02/B-G22_13/L01/S02,Z19/A03/B-G32_7/L01/S02
125180,SHELF_002,G3_14,G14_15,Z04/A02/B-G3_14/L01/S01,Z10/A02/B-G14_15/L01/S01
125181,SHELF_182,G8_13,G22_5,Z06/A02/B-G8_13/L01/S03,Z15/A02/B-G22_5/L01/S04
125183,SHELF_112,G11_13,G10_8,Z09/A02/B-G11_13/L02/S03,Z09/A01/B-G10_8/L01/S01
125185,SHELF_182,G22_12,G22_5,Z15/A02/B-G22_12/L02/S02,Z15/A02/B-G22_5/L01/S02
125194,SHELF_148,G10_13,G21_6,Z09/A01/B-G10_13/L02/S04,Z15/A01/B-G21_6/L01/S01
125246,SHELF_129,G2_14,G2_12,Z04/A01/B-G2_14/L01/S02,Z04/A01/B-G2_12/L02/S03
125286,SHELF_089,G10_8,G4_13,Z09/A01/B-G10_8/L02/S01,Z04/A03/B-G4_13/L01/S03
125297,SHELF_305,G11_9,G35_7,Z09/A02/B-G11_9/L01/S04,Z20/A01/B-G35_7/L01/S03
125371,SHELF_271,G17_8,G31_6,Z13/A02/B-G17_8/L01/S02,Z19/A02/B-G31_6/L01/S04
125389,SHELF_270,G28_14,G30_5,Z17/A02/B-G28_14/L03/S01,Z19/A01/B-G30_5/L01/S02
125413,SHELF_123,G20_15,G31_13,Z14/A02/B-G20_15/L02/S04,Z18/A02/B-G31_13/L01/S01
125461,SHELF_095,G20_9,G13_8,Z14/A02/B-G20_9/L02/S03,Z10/A01/B-G13_8/L01/S02
125462,SHELF_215,G4_9,G4_7,Z01/A03/B-G4_9/L03/S01,Z01/A03/B-G4_7/L02/S01
125463,SHELF_053,G13_12,G8_13,Z10/A01/B-G13_12/L01/S03,Z06/A02/B-G8_13/L01/S02
125469,SHELF_258,G2_9,G4_5,Z01/A01/B-G2_9/L03/S01,Z01/A03/B-G4_5/L01/S01
125500,SHELF_180,G4_12,G17_4,Z04/A03/B-G4_12/L01/S03,Z13/A02/B-G17_4/L01/S03
125535,SHELF_040,G10_14,G24_14,Z09/A01/B-G10_14/L03/S01,Z16/A01/B-G24_14/L01/S03
125547,SHELF_080,G16_12,G17_9,Z13/A01/B-G16_12/L01/S02,Z13/A02/B-G17_9/L01/S04
125549,SHELF_024,G21_13,G19_13,Z15/A01/B-G21_13/L02/S01,Z14/A01/B-G19_13/L02/S04
125570,SHELF_035,G17_15,G14_12,Z13/A02/B-G17_15/L02/S01,Z10/A02/B-G14_12/L01/S01
125583,SHELF_053,G14_15,G8_13,Z10/A02/B-G14_15/L03/S01,Z06/A02/B-G8_13/L01/S01
125617,SHELF_163,G7_13,G25_7,Z06/A01/B-G7_13/L03/S03,Z16/A02/B-G25_7/L01/S01
125639,SHELF_045,G22_15,G11_12,Z15/A02/B-G22_15/L02/S01,Z09/A02/B-G11_12/L01/S01
125701,SHELF_250,G3_14,G28_5,Z04/A02/B-G3_14/L02/S02,Z17/A02/B-G28_5/L01/S01
125831,SHELF_066,G31_14,G8_12,Z18/A02/B-G31_14/L02/S01,Z06/A02/B-G8_12/L02/S02
126301,SHELF_236,G4_12,G36_13,Z04/A03/B-G4_12/L02/S03,Z20/A02/B-G36_13/L01/S03
126308,SHELF_138,G19_13,G28_10,Z14/A01/B-G19_13/L01/S03,Z17/A02/B-G28_10/L01/S04
126345,SHELF_279,G5_7,G7_2,Z01/A04/B-G5_7/L02/S04,Z02/A01/B-G7_2/L01/S02
126347,SHELF_215,G2_10,G4_7,Z01/A01/B-G2_10/L02/S04,Z01/A03/B-G4_7/L02/S02
126832,SHELF_002,G21_15,G14_15,Z15/A01/B-G21_15/L01/S04,Z10/A02/B-G14_15/L02/S03
126833,SHELF_133,G22_14,G14_6,Z15/A02/B-G22_14/L03/S03,Z10/A02/B-G14_6/L01/S02
126834,SHELF_096,G24_15,G14_8,Z16/A01/B-G24_15/L02/S01,Z10/A02/B-G14_8/L01/S01
127260,SHELF_122,G17_9,G30_12,Z13/A02/B-G17_9/L02/S01,Z18/A01/B-G30_12/L01/S02
127276,SHELF_005,G4_13,G19_15,Z04/A03/B-G4_13/L01/S03,Z14/A01/B-G19_15/L01/S03
127326,SHELF_058,G13_7,G7_13,Z10/A01/B-G13_7/L02/S03,Z06/A01/B-G7_13/L02/S02
127332,SHELF_021,G5_13,G14_13,Z04/A04/B-G5_13/L01/S03,Z10/A02/B-G14_13/L01/S03
127405,SHELF_145,G5_10,G4_10,Z01/A04/B-G5_10/L03/S01,Z01/A03/B-G4_10/L02/S02
127444,SHELF_130,G3_8,G5_10,Z01/A02/B-G3_8/L02/S04,Z01/A04/B-G5_10/L01/S04
127445,SHELF_315,G4_12,G0_3,Z04/A03/B-G4_12/L03/S03,Z03/A01/B-G0_3/L01/S04
127465,SHELF_149,G5_8,G5_9,Z01/A04/B-G5_8/L01/S02,Z01/A04/B-G5_9/L02/S01
127468,SHELF_161,G3_13,G8_7,Z04/A02/B-G3_13/L03/S01,Z06/A02/B-G8_7/L01/S04
127570,SHELF_142,G13_9,G31_12,Z10/A01/B-G13_9/L02/S01,Z18/A02/B-G31_12/L01/S02
127626,SHELF_115,G25_14,G16_7,Z16/A02/B-G25_14/L02/S01,Z13/A01/B-G16_7/L01/S02
127627,SHELF_199,G5_10,G2_9,Z01/A04/B-G5_10/L02/S02,Z01/A01/B-G2_9/L01/S02
127717,SHELF_033,G3_15,G10_13,Z04/A02/B-G3_15/L03/S02,Z09/A01/B-G10_13/L02/S02
129517,SHELF_302,G4_13,G30_2,Z04/A03/B-G4_13/L01/S04,Z21/A06/B-G30_2/L01/S02
129518,SHELF_245,G13_7,G13_1,Z10/A01/B-G13_7/L02/S04,Z12/A01/B-G13_1/L01/S01
129530,SHELF_013,G20_15,G17_14,Z14/A02/B-G20_15/L02/S03,Z13/A02/B-G17_14/L01/S04
129531,SHELF_312,G2_15,G33_4,Z04/A01/B-G2_15/L01/S01,Z19/A04/B-G33_4/L01/S01
129578,SHELF_117,G21_8,G19_7,Z15/A01/B-G21_8/L01/S02,Z14/A01/B-G19_7/L01/S01
129717,SHELF_208,G10_8,G25_5,Z09/A01/B-G10_8/L02/S02,Z16/A02/B-G25_5/L02/S01
129719,SHELF_018,G25_13,G21_14,Z16/A02/B-G25_13/L02/S01,Z15/A01/B-G21_14/L01/S04
129726,SHELF_054,G13_9,G25_13,Z10/A01/B-G13_9/L03/S04,Z16/A02/B-G25_13/L01/S04
129752,SHELF_307,G17_8,G4_1,Z13/A02/B-G17_8/L02/S03,Z05/A03/B-G4_1/L01/S01
129782,SHELF_145,G4_8,G4_10,Z01/A03/B-G4_8/L02/S01,Z01/A03/B-G4_10/L01/S02
129854,SHELF_324,G13_7,G0_1,Z10/A01/B-G13_7/L01/S01,Z03/A01/B-G0_1/L01/S02
130011,SHELF_045,G17_12,G11_12,Z13/A02/B-G17_12/L03/S02,Z09/A02/B-G11_12/L01/S03
130718,SHELF_263,G4_8,G5_4,Z01/A03/B-G4_8/L03/S03,Z01/A04/B-G5_4/L01/S03
131140,SHELF_274,G10_10,G35_10,Z09/A01/B-G10_10/L03/S03,Z20/A01/B-G35_10/L01/S01
131216,SHELF_172,G10_14,G21_5,Z09/A01/B-G10_14/L02/S04,Z15/A01/B-G21_5/L01/S01
131218,SHELF_261,G13_7,G21_1,Z10/A01/B-G13_7/L01/S02,Z15/A01/B-G21_1/L01/S02
131530,SHELF_183,G32_15,G24_6,Z18/A03/B-G32_15/L01/S03,Z16/A01/B-G24_6/L01/S03
131531,SHELF_128,G24_12,G21_7,Z16/A01/B-G24_12/L03/S03,Z15/A01/B-G21_7/L01/S03
131532,SHELF_079,G14_8,G14_9,Z10/A02/B-G14_8/L01/S04,Z10/A02/B-G14_9/L01/S01
131589,SHELF_120,G14_12,G20_7,Z10/A02/B-G14_12/L03/S03,Z14/A02/B-G20_7/L02/S01
131590,SHELF_027,G22_13,G8_15,Z15/A02/B-G22_13/L03/S04,Z06/A02/B-G8_15/L01/S02
131591,SHELF_061,G5_12,G17_10,Z04/A04/B-G5_12/L01/S03,Z13/A02/B-G17_10/L01/S04
131642,SHELF_094,G13_10,G10_9,Z10/A01/B-G13_10/L01/S02,Z09/A01/B-G10_9/L01/S02
131653,SHELF_019,G20_14,G10_14,Z14/A02/B-G20_14/L01/S01,Z09/A01/B-G10_14/L02/S02
131656,SHELF_263,G4_7,G5_4,Z01/A03/B-G4_7/L01/S03,Z01/A04/B-G5_4/L01/S04
131663,SHELF_101,G25_14,G28_12,Z16/A02/B-G25_14/L01/S01,Z17/A02/B-G28_12/L01/S02
131887,SHELF_188,G21_8,G25_6,Z15/A01/B-G21_8/L01/S03,Z16/A02/B-G25_6/L01/S03
131888,SHELF_323,G28_12,G36_5,Z17/A02/B-G28_12/L01/S04,Z20/A02/B-G36_5/L01/S02
131889,SHELF_062,G7_13,G19_10,Z06/A01/B-G7_13/L01/S03,Z14/A01/B-G19_10/L01/S04
131891,SHELF_080,G21_14,G17_9,Z15/A01/B-G21_14/L03/S02,Z13/A02/B-G17_9/L01/S01
131970,SHELF_204,G2_14,G24_5,Z04/A01/B-G2_14/L03/S01,Z16/A01/B-G24_5/L01/S01
131976,SHELF_011,G27_15,G14_14,Z17/A01/B-G27_15/L01/S01,Z10/A02/B-G14_14/L02/S01
131980,SHELF_031,G24_12,G21_13,Z16/A01/B-G24_12/L01/S02,Z15/A01/B-G21_13/L01/S04
131990,SHELF_276,G17_9,G0_7,Z13/A02/B-G17_9/L01/S02,Z03/A01/B-G0_7/L01/S02
132276,SHELF_056,G25_14,G4_15,Z16/A02/B-G25_14/L01/S03,Z04/A03/B-G4_15/L01/S01
132277,SHELF_075,G10_14,G5_13,Z09/A01/B-G10_14/L01/S02,Z04/A04/B-G5_13/L01/S04
132278,SHELF_206,G3_10,G3_8,Z01/A02/B-G3_10/L03/S04,Z01/A02/B-G3_8/L02/S03
132279,SHELF_027,G22_15,G8_15,Z15/A02/B-G22_15/L01/S03,Z06/A02/B-G8_15/L02/S03
132280,SHELF_277,G5_15,G26_2,Z04/A04/B-G5_15/L02/S02,Z21/A02/B-G26_2/L01/S01
132315,SHELF_150,G3_14,G7_8,Z04/A02/B-G3_14/L02/S03,Z06/A01/B-G7_8/L01/S01
132414,SHELF_140,G28_14,G20_6,Z17/A02/B-G28_14/L02/S02,Z14/A02/B-G20_6/L02/S01
132418,SHELF_194,G5_12,G36_15,Z04/A04/B-G5_12/L02/S02,Z20/A02/B-G36_15/L01/S04
132437,SHELF_061,G13_15,G17_10,Z10/A01/B-G13_15/L01/S02,Z13/A02/B-G17_10/L01/S01
132450,SHELF_236,G31_15,G36_13,Z18/A02/B-G31_15/L02/S03,Z20/A02/B-G36_13/L01/S01
132452,SHELF_137,G11_10,G22_7,Z09/A02/B-G11_10/L02/S01,Z15/A02/B-G22_7/L01/S04
132494,SHELF_074,G32_15,G2_15,Z18/A03/B-G32_15/L02/S04,Z04/A01/B-G2_15/L02/S02
132495,SHELF_210,G31_14,G30_8,Z18/A02/B-G31_14/L02/S02,Z19/A01/B-G30_8/L01/S03
132591,SHELF_129,G13_7,G2_12,Z10/A01/B-G13_7/L01/S03,Z04/A01/B-G2_12/L02/S01
132597,SHELF_324,G0_15,G0_1,Z03/A01/B-G0_15/L03/S03,Z03/A01/B-G0_1/L01/S03
132607,SHELF_131,G22_9,G10_7,Z15/A02/B-G22_9/L02/S01,Z09/A01/B-G10_7/L01/S04
132610,SHELF_153,G28_14,G14_5,Z17/A02/B-G28_14/L02/S04,Z10/A02/B-G14_5/L01/S04
132613,SHELF_133,G22_13,G14_6,Z15/A02/B-G22_13/L01/S01,Z10/A02/B-G14_6/L01/S03
132625,SHELF_098,G13_7,G17_8,Z10/A01/B-G13_7/L01/S04,Z13/A02/B-G17_8/L01/S03
132636,SHELF_193,G13_7,G35_14,Z10/A01/B-G13_7/L03/S01,Z20/A01/B-G35_14/L01/S01
133206,SHELF_242,G2_9,G5_5,Z01/A01/B-G2_9/L02/S03,Z01/A04/B-G5_5/L01/S01
133300,SHELF_048,G14_15,G7_14,Z10/A02/B-G14_15/L01/S01,Z06/A01/B-G7_14/L01/S03
133303,SHELF_249,G13_7,G22_2,Z10/A01/B-G13_7/L03/S02,Z15/A02/B-G22_2/L01/S02
133306,SHELF_213,G25_13,G35_13,Z16/A02/B-G25_13/L01/S03,Z20/A01/B-G35_13/L01/S02
133307,SHELF_256,G30_13,G32_8,Z18/A01/B-G30_13/L03/S02,Z19/A03/B-G32_8/L01/S03
133308,SHELF_196,G24_12,G0_11,Z16/A01/B-G24_12/L02/S04,Z03/A01/B-G0_11/L01/S02
133309,SHELF_107,G11_13,G4_12,Z09/A02/B-G11_13/L01/S04,Z04/A03/B-G4_12/L01/S01
133910,SHELF_298,G14_10,G0_5,Z10/A02/B-G14_10/L01/S03,Z03/A01/B-G0_5/L01/S01
133947,SHELF_320,G21_9,G0_2,Z15/A01/B-G21_9/L02/S03,Z03/A01/B-G0_2/L01/S01
134027,SHELF_073,G11_15,G21_10,Z09/A02/B-G11_15/L01/S04,Z15/A01/B-G21_10/L01/S04
134028,SHELF_042,G8_14,G20_12,Z06/A02/B-G8_14/L02/S01,Z14/A02/B-G20_12/L01/S02
134029,SHELF_044,G13_15,G27_15,Z10/A01/B-G13_15/L02/S04,Z17/A01/B-G27_15/L01/S01
134100,SHELF_064,G11_12,G28_14,Z09/A02/B-G11_12/L03/S02,Z17/A02/B-G28_14/L01/S02
134101,SHELF_258,G4_8,G4_5,Z01/A03/B-G4_8/L01/S04,Z01/A03/B-G4_5/L01/S03
134122,SHELF_264,G27_12,G10_1,Z17/A01/B-G27_12/L03/S03,Z11/A01/B-G10_1/L01/S04
134412,SHELF_092,G13_7,G2_14,Z10/A01/B-G13_7/L03/S03,Z04/A01/B-G2_14/L01/S02
134413,SHELF_152,G21_8,G13_5,Z15/A01/B-G21_8/L02/S01,Z10/A01/B-G13_5/L01/S02
134484,SHELF_198,G22_9,G21_4,Z15/A02/B-G22_9/L01/S04,Z15/A01/B-G21_4/L01/S02
134499,SHELF_107,G19_8,G4_12,Z14/A01/B-G19_8/L02/S03,Z04/A03/B-G4_12/L01/S02
134500,SHELF_125,G5_13,G33_15,Z04/A04/B-G5_13/L03/S02,Z18/A04/B-G33_15/L02/S03
134546,SHELF_047,G24_13,G5_15,Z16/A01/B-G24_13/L02/S02,Z04/A04/B-G5_15/L02/S01
134553,SHELF_241,G5_7,G2_7,Z01/A04/B-G5_7/L03/S04,Z01/A01/B-G2_7/L01/S03
134598,SHELF_109,G19_13,G11_8,Z14/A01/B-G19_13/L02/S02,Z09/A02/B-G11_8/L01/S02
134599,SHELF_085,G24_14,G20_9,Z16/A01/B-G24_14/L01/S02,Z14/A02/B-G20_9/L01/S02
134611,SHELF_149,G4_10,G5_9,Z01/A03/B-G4_10/L03/S03,Z01/A04/B-G5_9/L02/S04
134639,SHELF_120,G19_9,G20_7,Z14/A01/B-G19_9/L02/S03,Z14/A02/B-G20_7/L01/S01
134642,SHELF_113,G13_7,G13_7,Z10/A01/B-G13_7/L03/S04,Z10/A01/B-G13_7/L01/S04
134659,SHELF_195,G3_9,G4_8,Z01/A02/B-G3_9/L03/S04,Z01/A03/B-G4_8/L01/S02
134660,SHELF_070,G20_10,G30_15,Z14/A02/B-G20_10/L01/S01,Z18/A01/B-G30_15/L01/S03
134669,SHELF_023,G5_15,G17_13,Z04/A04/B-G5_15/L01/S02,Z13/A02/B-G17_13/L02/S02
134677,SHELF_280,G4_7,G3_4,Z01/A03/B-G4_7/L01/S01,Z01/A02/B-G3_4/L01/S02
134679,SHELF_120,G20_13,G20_7,Z14/A02/B-G20_13/L01/S04,Z14/A02/B-G20_7/L01/S02
134680,SHELF_290,G20_10,G5_2,Z14/A02/B-G20_10/L01/S02,Z05/A04/B-G5_2/L01/S01
134683,SHELF_032,G14_13,G7_15,Z10/A02/B-G14_13/L03/S03,Z06/A01/B-G7_15/L01/S04
134686,SHELF_159,G14_7,G28_9,Z10/A02/B-G14_7/L02/S01,Z17/A02/B-G28_9/L01/S01
134698,SHELF_180,G20_12,G17_4,Z14/A02/B-G20_12/L02/S04,Z13/A02/B-G17_4/L01/S04
134810,SHELF_093,G14_7,G5_12,Z10/A02/B-G14_7/L02/S02,Z04/A04/B-G5_12/L01/S02
134817,SHELF_130,G3_9,G5_10,Z01/A02/B-G3_9/L03/S01,Z01/A04/B-G5_10/L01/S01
134885,SHELF_008,G17_8,G21_15,Z13/A02/B-G17_8/L01/S03,Z15/A01/B-G21_15/L02/S04
134916,SHELF_270,G28_15,G30_5,Z17/A02/B-G28_15/L01/S01,Z19/A01/B-G30_5/L01/S03
135012,SHELF_187,G13_10,G20_4,Z10/A01/B-G13_10/L03/S01,Z14/A02/B-G20_4/L01/S02
135013,SHELF_058,G13_9,G7_13,Z10/A01/B-G13_9/L02/S02,Z06/A01/B-G7_13/L01/S02
135025,SHELF_138,G14_9,G28_10,Z10/A02/B-G14_9/L01/S04,Z17/A02/B-G28_10/L01/S01
135026,SHELF_161,G22_10,G8_7,Z15/A02/B-G22_10/L02/S04,Z06/A02/B-G8_7/L02/S02
135075,SHELF_033,G13_15,G10_13,Z10/A01/B-G13_15/L02/S01,Z09/A01/B-G10_13/L01/S04
135095,SHELF_142,G10_8,G31_12,Z09/A01/B-G10_8/L02/S03,Z18/A02/B-G31_12/L01/S04
135096,SHELF_181,G7_13,G19_4,Z06/A01/B-G7_13/L02/S04,Z14/A01/B-G19_4/L01/S02
135156,SHELF_255,G30_13,G31_7,Z18/A01/B-G30_13/L02/S03,Z19/A02/B-G31_7/L01/S01
135157,SHELF_207,G21_12,G8_5,Z15/A01/B-G21_12/L03/S03,Z06/A02/B-G8_5/L02/S01
135158,SHELF_084,G27_15,G3_14,Z17/A01/B-G27_15/L03/S02,Z04/A02/B-G3_14/L02/S02
135160,SHELF_045,G2_13,G11_12,Z04/A01/B-G2_13/L02/S04,Z09/A02/B-G11_12/L02/S02
135161,SHELF_056,G14_10,G4_15,Z10/A02/B-G14_10/L02/S02,Z04/A03/B-G4_15/L01/S03
135181,SHELF_132,G32_15,G13_6,Z18/A03/B-G32_15/L01/S01,Z10/A01/B-G13_6/L01/S03
135185,SHELF_204,G14_7,G24_5,Z10/A02/B-G14_7/L02/S03,Z16/A01/B-G24_5/L01/S04
135193,SHELF_231,G2_13,G27_5,Z04/A01/B-G2_13/L01/S01,Z17/A01/B-G27_5/L01/S04
135194,SHELF_147,G10_8,G11_6,Z09/A01/B-G10_8/L02/S04,Z09/A02/B-G11_6/L02/S02
135368,SHELF_066,G20_12,G8_12,Z14/A02/B-G20_12/L02/S01,Z06/A02/B-G8_12/L01/S01
135420,SHELF_185,G3_9,G3_9,Z01/A02/B-G3_9/L01/S02,Z01/A02/B-G3_9/L02/S02
135531,SHELF_122,G21_10,G30_12,Z15/A01/B-G21_10/L01/S03,Z18/A01/B-G30_12/L01/S04
135545,SHELF_113,G17_8,G13_7,Z13/A02/B-G17_8/L01/S04,Z10/A01/B-G13_7/L02/S01
135742,SHELF_176,G21_9,G10_5,Z15/A01/B-G21_9/L03/S02,Z09/A01/B-G10_5/L01/S02
135744,SHELF_060,G25_13,G14_10,Z16/A02/B-G25_13/L01/S04,Z10/A02/B-G14_10/L01/S03
135887,SHELF_265,G14_7,G22_1,Z10/A02/B-G14_7/L02/S04,Z15/A02/B-G22_1/L01/S01
136197,SHELF_264,G19_12,G10_1,Z14/A01/B-G19_12/L02/S03,Z11/A01/B-G10_1/L01/S01
136877,SHELF_173,G3_8,G2_10,Z01/A02/B-G3_8/L03/S01,Z01/A01/B-G2_10/L02/S01
136918,SHELF_237,G3_8,G4_6,Z01/A02/B-G3_8/L03/S02,Z01/A03/B-G4_6/L01/S02
136921,SHELF_180,G19_9,G17_4,Z14/A01/B-G19_9/L02/S01,Z13/A02/B-G17_4/L01/S01
136923,SHELF_038,G20_15,G19_12,Z14/A02/B-G20_15/L03/S02,Z14/A01/B-G19_12/L02/S01
136957,SHELF_306,G5_13,G36_8,Z04/A04/B-G5_13/L03/S03,Z20/A02/B-G36_8/L01/S02
136966,SHELF_296,G21_8,G36_9,Z15/A01/B-G21_8/L02/S02,Z20/A02/B-G36_9/L01/S03
136967,SHELF_258,G4_7,G4_5,Z01/A03/B-G4_7/L02/S01,Z01/A03/B-G4_5/L01/S04
136977,SHELF_223,G31_14,G17_2,Z18/A02/B-G31_14/L03/S03,Z13/A02/B-G17_2/L02/S01
136998,SHELF_093,G17_15,G5_12,Z13/A02/B-G17_15/L02/S02,Z04/A04/B-G5_12/L01/S01
137330,SHELF_040,G24_14,G24_14,Z16/A01/B-G24_14/L03/S02,Z16/A01/B-G24_14/L01/S01
137523,SHELF_054,G11_14,G25_13,Z09/A02/B-G11_14/L03/S01,Z16/A02/B-G25_13/L01/S01
137560,SHELF_182,G13_8,G22_5,Z10/A01/B-G13_8/L03/S03,Z15/A02/B-G22_5/L02/S01
137562,SHELF_068,G2_13,G25_12,Z04/A01/B-G2_13/L01/S02,Z16/A02/B-G25_12/L01/S03
137575,SHELF_048,G28_12,G7_14,Z17/A02/B-G28_12/L03/S01,Z06/A01/B-G7_14/L01/S04
137931,SHELF_293,G0_15,G32_5,Z03/A01/B-G0_15/L01/S02,Z19/A03/B-G32_5/L01/S03
138090,SHELF_259,G21_10,G0_8,Z15/A01/B-G21_10/L03/S03,Z03/A01/B-G0_8/L01/S02
138245,SHELF_081,G19_10,G19_9,Z14/A01/B-G19_10/L01/S02,Z14/A01/B-G19_9/L01/S04
138350,SHELF_194,G7_15,G36_15,Z06/A01/B-G7_15/L02/S02,Z20/A02/B-G36_15/L01/S03
138351,SHELF_083,G7_13,G28_13,Z06/A01/B-G7_13/L03/S01,Z17/A02/B-G28_13/L01/S03
138352,SHELF_256,G20_13,G32_8,Z14/A02/B-G20_13/L01/S03,Z19/A03/B-G32_8/L01/S01
138355,SHELF_118,G24_15,G22_8,Z16/A01/B-G24_15/L01/S01,Z15/A02/B-G22_8/L01/S01
138368,SHELF_045,G25_13,G11_12,Z16/A02/B-G25_13/L03/S01,Z09/A02/B-G11_12/L01/S02
138386,SHELF_085,G25_13,G20_9,Z16/A02/B-G25_13/L02/S03,Z14/A02/B-G20_9/L01/S04
138387,SHELF_144,G27_12,G33_14,Z17/A01/B-G27_12/L03/S04,Z18/A04/B-G33_14/L01/S02
138388,SHELF_221,G28_13,G14_2,Z17/A02/B-G28_13/L02/S02,Z12/A02/B-G14_2/L01/S01
138468,SHELF_033,G19_14,G10_13,Z14/A01/B-G19_14/L01/S02,Z09/A01/B-G10_13/L01/S01
138469,SHELF_202,G19_9,G10_4,Z14/A01/B-G19_9/L03/S01,Z09/A01/B-G10_4/L01/S03
138499,SHELF_062,G24_12,G19_10,Z16/A01/B-G24_12/L01/S03,Z14/A01/B-G19_10/L02/S01
138500,SHELF_028,G10_13,G20_13,Z09/A01/B-G10_13/L01/S04,Z14/A02/B-G20_13/L02/S01
138501,SHELF_032,G14_12,G7_15,Z10/A02/B-G14_12/L01/S01,Z06/A01/B-G7_15/L01/S03
138661,SHELF_185,G2_9,G3_9,Z01/A01/B-G2_9/L02/S04,Z01/A02/B-G3_9/L01/S01
138901,SHELF_049,G10_8,G10_12,Z09/A01/B-G10_8/L01/S01,Z09/A01/B-G10_12/L01/S02
138902,SHELF_246,G10_8,G14_1,Z09/A01/B-G10_8/L01/S02,Z12/A02/B-G14_1/L01/S04
138904,SHELF_257,G28_13,G36_12,Z17/A02/B-G28_13/L02/S03,Z20/A02/B-G36_12/L01/S01
138935,SHELF_206,G5_9,G3_8,Z01/A04/B-G5_9/L01/S02,Z01/A02/B-G3_8/L01/S02
138936,SHELF_187,G14_7,G20_4,Z10/A02/B-G14_7/L01/S01,Z14/A02/B-G20_4/L01/S01
138990,SHELF_001,G21_8,G13_15,Z15/A01/B-G21_8/L01/S04,Z10/A01/B-G13_15/L02/S04
139021,SHELF_039,G13_10,G22_13,Z10/A01/B-G13_10/L02/S02,Z15/A02/B-G22_13/L01/S03
139112,SHELF_047,G20_12,G5_15,Z14/A02/B-G20_12/L03/S03,Z04/A04/B-G5_15/L01/S02
139113,SHELF_322,G10_8,G35_4,Z09/A01/B-G10_8/L01/S03,Z20/A01/B-G35_4/L01/S02
139114,SHELF_215,G4_7,G4_7,Z01/A03/B-G4_7/L01/S02,Z01/A03/B-G4_7/L01/S04
139115,SHELF_271,G10_8,G31_6,Z09/A01/B-G10_8/L01/S04,Z19/A02/B-G31_6/L01/S02
139116,SHELF_276,G10_8,G0_7,Z09/A01/B-G10_8/L03/S01,Z03/A01/B-G0_7/L01/S04
139147,SHELF_221,G16_8,G14_2,Z13/A01/B-G16_8/L01/S03,Z12/A02/B-G14_2/L01/S03
139148,SHELF_310,G0_15,G3_1,Z03/A01/B-G0_15/L02/S01,Z05/A02/B-G3_1/L01/S02
139149,SHELF_025,G10_13,G22_14,Z09/A01/B-G10_13/L03/S03,Z15/A02/B-G22_14/L01/S03
139150,SHELF_078,G11_10,G13_9,Z09/A02/B-G11_10/L01/S03,Z10/A01/B-G13_9/L01/S03
139154,SHELF_304,G32_15,G33_5,Z18/A03/B-G32_15/L01/S02,Z19/A04/B-G33_5/L01/S01
139166,SHELF_017,G0_15,G11_14,Z03/A01/B-G0_15/L03/S04,Z09/A02/B-G11_14/L02/S04
139195,SHELF_131,G20_10,G10_7,Z14/A02/B-G20_10/L03/S03,Z09/A01/B-G10_7/L01/S01
139198,SHELF_034,G14_7,G13_12,Z10/A02/B-G14_7/L01/S02,Z10/A01/B-G13_12/L01/S03
139225,SHELF_273,G20_10,G33_8,Z14/A02/B-G20_10/L03/S04,Z19/A04/B-G33_8/L01/S04
139236,SHELF_066,G7_12,G8_12,Z06/A01/B-G7_12/L01/S01,Z06/A02/B-G8_12/L01/S02
139243,SHELF_086,G20_8,G27_12,Z14/A02/B-G20_8/L02/S01,Z17/A01/B-G27_12/L01/S03
139323,SHELF_012,G17_15,G16_14,Z13/A02/B-G17_15/L01/S03,Z13/A01/B-G16_14/L02/S02
140001,SHELF_075,G14_9,G5_13,Z10/A02/B-G14_9/L02/S02,Z04/A04/B-G5_13/L01/S02
140005,SHELF_081,G14_7,G19_9,Z10/A02/B-G14_7/L01/S03,Z14/A01/B-G19_9/L01/S03
140015,SHELF_242,G5_7,G5_5,Z01/A04/B-G5_7/L02/S01,Z01/A04/B-G5_5/L01/S03
140016,SHELF_251,G5_8,G3_6,Z01/A04/B-G5_8/L01/S01,Z01/A02/B-G3_6/L01/S02
140021,SHELF_197,G14_7,G11_4,Z10/A02/B-G14_7/L01/S04,Z09/A02/B-G11_4/L01/S01
140078,SHELF_137,G17_8,G22_7,Z13/A02/B-G17_8/L02/S01,Z15/A02/B-G22_7/L01/S03
140079,SHELF_050,G25_15,G22_12,Z16/A02/B-G25_15/L01/S03,Z15/A02/B-G22_12/L02/S03
140082,SHELF_317,G20_9,G32_2,Z14/A02/B-G20_9/L02/S01,Z21/A08/B-G32_2/L01/S01
140084,SHELF_032,G11_8,G7_15,Z09/A02/B-G11_8/L01/S03,Z06/A01/B-G7_15/L01/S01
140087,SHELF_246,G4_15,G14_1,Z04/A03/B-G4_15/L03/S03,Z12/A02/B-G14_1/L01/S02
140089,SHELF_042,G24_14,G20_12,Z16/A01/B-G24_14/L02/S03,Z14/A02/B-G20_12/L02/S02
140397,SHELF_172,G19_9,G21_5,Z14/A01/B-G19_9/L02/S04,Z15/A01/B-G21_5/L01/S02
140800,SHELF_219,G11_8,G7_5,Z09/A02/B-G11_8/L02/S02,Z06/A01/B-G7_5/L01/S02
140839,SHELF_022,G5_12,G16_13,Z04/A04/B-G5_12/L03/S02,Z13/A01/B-G16_13/L01/S01
140881,SHELF_247,G7_12,G17_1,Z06/A01/B-G7_12/L03/S04,Z13/A02/B-G17_1/L01/S01
140965,SHELF_106,G31_14,G32_15,Z18/A02/B-G31_14/L01/S02,Z18/A03/B-G32_15/L01/S02
141084,SHELF_298,G28_13,G0_5,Z17/A02/B-G28_13/L03/S04,Z03/A01/B-G0_5/L01/S02
141276,SHELF_160,G5_7,G3_10,Z01/A04/B-G5_7/L02/S02,Z01/A02/B-G3_10/L02/S03
141277,SHELF_092,G2_14,G2_14,Z04/A01/B-G2_14/L02/S04,Z04/A01/B-G2_14/L02/S01
141922,SHELF_066,G14_7,G8_12,Z10/A02/B-G14_7/L03/S01,Z06/A02/B-G8_12/L02/S01
143024,SHELF_233,G30_15,G31_8,Z18/A01/B-G30_15/L01/S04,Z19/A02/B-G31_8/L01/S03
143381,SHELF_243,G3_13,G7_4,Z04/A02/B-G3_13/L02/S03,Z06/A01/B-G7_4/L01/S04
149303,SHELF_313,G14_8,G35_6,Z10/A02/B-G14_8/L03/S01,Z20/A01/B-G35_6/L01/S02
149346,SHELF_144,G22_10,G33_14,Z15/A02/B-G22_10/L03/S03,Z18/A04/B-G33_14/L01/S03
149347,SHELF_017,G8_13,G11_14,Z06/A02/B-G8_13/L02/S02,Z09/A02/B-G11_14/L01/S04
149398,SHELF_145,G2_9,G4_10,Z01/A01/B-G2_9/L03/S02,Z01/A03/B-G4_10/L01/S01
149467,SHELF_141,G3_14,G27_9,Z04/A02/B-G3_14/L01/S04,Z17/A01/B-G27_9/L02/S01
149642,SHELF_215,G2_9,G4_7,Z01/A01/B-G2_9/L02/S01,Z01/A03/B-G4_7/L01/S03
149920,SHELF_187,G3_13,G20_4,Z04/A02/B-G3_13/L01/S02,Z14/A02/B-G20_4/L02/S01
150452,SHELF_150,G21_8,G7_8,Z15/A01/B-G21_8/L03/S01,Z06/A01/B-G7_8/L01/S03
150455,SHELF_243,G10_8,G7_4,Z09/A01/B-G10_8/L03/S02,Z06/A01/B-G7_4/L01/S01
214618,SHELF_151,G11_12,G10_6,Z09/A02/B-G11_12/L03/S04,Z09/A01/B-G10_6/L01/S02
214619,SHELF_128,G21_10,G21_7,Z15/A01/B-G21_10/L03/S04,Z15/A01/B-G21_7/L02/S02
