job_id,task_id,store_id,robot,rack_id,workstation,covered_skus,covered_lines,dispatch_time_s,completion_time_s,station_release_time_s,to_pickup_time_s,pickup_wait_time_s,to_dropoff_entry_time_s,to_workstation_time_s,dropoff_wait_time_s,to_ingestor_exit_time_s,to_return_time_s,return_wait_time_s,idle_time_s,handling_service_seconds,translation_seconds,rotation_seconds,safety_blocking_seconds,reservation_path_wait_seconds,other_active_wait_seconds,idle_seconds,empty_distance_m,loaded_distance_m
J000001,2023-02-03/AMPP,AMPP,AMR_40,G15_15,WS_13_20,"[""101290"", ""107238"", ""110604"", ""111276"", ""111376"", ""112034"", ""123094"", ""124702"", ""134029""]",9,0.05,81.94999999999749,54.09999999999906,0.05,15.350000000000083,19.40000000000014,43.99999999999964,44.049999999999635,54.049999999999066,54.09999999999906,77.89999999999772,81.94999999999749,18.100000000000122,44.89999999999959,8.599999999999987,0,10.050000000000008,0.25,0,10.0,32.0
J000002,2023-02-03/BAMP,BAMP,AMR_23,G11_10,WS_19_20,"[""101022"", ""101147"", ""101305"", ""110313""]",5,0.05,145.19999999999877,78.94999999999766,0.05,0.05,4.099999999999993,68.84999999999823,68.89999999999823,78.89999999999766,78.94999999999766,141.14999999999785,145.19999999999877,18.100000000000122,81.89999999999749,10.500000000000014,0,34.45000000000018,0.2,0,0.0,84.00000000000034
J000003,2023-02-03/APUR,APUR,AMR_34,G12_9,WS_25_20,"[""101202""]",1,0.05,138.84999999999732,86.24999999999724,0.05,3.399999999999996,7.4499999999999815,76.14999999999782,76.19999999999781,86.19999999999725,86.24999999999724,134.7999999999964,138.84999999999732,18.100000000000122,95.39999999999672,11.400000000000027,0,13.650000000000059,0.25,0,2.0,104.00000000000105
J000004,2023-02-03/ALMA,ALMA,AMR_09,G3_13,WS_2_20,"[""107177"", ""110344""]",2,0.05,85.89999999999726,53.59999999999909,0.05,16.400000000000098,20.450000000000156,43.499999999999666,43.54999999999966,53.549999999999095,53.59999999999909,81.8499999999975,85.89999999999726,18.100000000000122,55.59999999999898,9.55,0,2.3499999999999996,0.25,0,14.0,44.00000000000017
J000005,2023-02-03/BDRW,BDRW,AMR_25,G9_13,WS_30_20,"[""110439""]",1,0.05,279.75000000002933,215.95000000001485,0.05,6.8999999999999835,10.95000000000002,205.85000000001256,205.90000000001257,215.90000000001484,215.95000000001485,275.7000000000284,279.75000000002933,18.100000000000122,115.44999999999558,15.300000000000082,0,130.59999999999545,0.25,0,4.0,128.00000000000082
J000006,2023-02-03/CTHR,CTHR,AMR_33,G9_9,WS_8_20,"[""107364"", ""112316""]",3,0.05,165.40000000000336,127.89999999999488,0.05,13.400000000000055,17.450000000000113,117.79999999999545,117.84999999999545,127.84999999999488,127.89999999999488,161.35000000000244,165.40000000000336,18.100000000000122,64.89999999999846,11.500000000000028,0,70.59999999999813,0.25,0,6.0,60.000000000000526
J000007,2023-02-03/AMPP,AMPP,AMR_01,G15_14,WS_13_20,"[""101075"", ""101134"", ""101296"", ""107412"", ""110221"", ""110531"", ""112010"", ""123305""]",11,0.05,103.74999999999625,71.2499999999981,0.05,17.600000000000115,21.650000000000173,61.14999999999866,61.19999999999866,71.1999999999981,71.2499999999981,99.69999999999648,103.74999999999625,18.100000000000122,60.19999999999872,13.400000000000055,0,11.750000000000032,0.25,0,12.0,44.00000000000023
J000008,2023-02-03/BAMP,BAMP,AMR_03,G21_14,WS_19_20,"[""110533"", ""111241"", ""115794""]",3,0.05,145.99999999999895,113.04999999999572,0.05,20.450000000000156,24.500000000000213,102.9499999999963,102.99999999999629,112.99999999999572,113.04999999999572,141.94999999999803,145.99999999999895,18.100000000000122,62.94999999999856,13.350000000000055,0,51.29999999999922,0.25,0,14.0,44.000000000000114
J000009,2023-02-03/APUR,APUR,AMR_27,G8_15,WS_25_20,"[""117427""]",1,0.05,162.0500000000026,102.04999999999634,0.05,15.350000000000083,19.40000000000014,91.94999999999692,91.99999999999692,101.99999999999635,102.04999999999634,158.00000000000168,162.0500000000026,18.100000000000122,102.24999999999633,14.300000000000068,0,27.10000000000025,0.25,0,10.0,100.00000000000057
J000010,2023-02-03/ALMA,ALMA,AMR_26,G9_14,WS_2_20,"[""111222"", ""112435""]",2,0.05,117.69999999999546,70.69999999999813,0.05,6.8999999999999835,10.95000000000002,60.599999999998694,60.64999999999869,70.64999999999813,70.69999999999813,113.64999999999569,117.69999999999546,18.100000000000122,67.5499999999983,11.500000000000028,0,20.250000000000153,0.25,0,4.0,64.0000000000006
J000011,2023-02-03/CTHR,CTHR,AMR_02,G15_9,WS_8_20,"[""101276""]",2,0.05,205.45000000001247,111.84999999999579,0.05,22.350000000000183,26.40000000000024,101.74999999999636,101.79999999999636,111.79999999999579,111.84999999999579,201.40000000001154,205.45000000001247,18.100000000000122,98.89999999999652,17.15000000000011,0,70.99999999999811,0.25,0,12.0,88.00000000000094
J000012,2023-02-03/AMPP,AMPP,AMR_37,G14_12,WS_13_20,"[""107219"", ""107312"", ""107328"", ""110316"", ""110419"", ""110450"", ""110583"", ""112359""]",10,0.05,123.59999999999512,88.29999999999713,0.05,4.94999999999999,8.999999999999993,78.1999999999977,78.2499999999977,88.24999999999713,88.29999999999713,119.54999999999535,123.59999999999512,18.100000000000122,57.54999999999887,9.55,0,38.09999999999997,0.25,0,4.0,48.000000000000156
J000013,2023-02-03/BAMP,BAMP,AMR_04,G21_12,WS_19_20,"[""101027"", ""110328"", ""112283""]",3,0.05,96.69999999999665,61.59999999999864,0.05,18.100000000000122,22.15000000000018,51.49999999999921,51.54999999999921,61.54999999999864,61.59999999999864,92.64999999999688,96.69999999999665,18.100000000000122,63.79999999999851,11.400000000000027,0,3.099999999999997,0.25,0,12.0,52.00000000000023
J000014,2023-02-03/ALMA,ALMA,AMR_31,G11_6,WS_2_20,"[""112442"", ""134500""]",2,0.05,162.5000000000027,87.74999999999716,0.05,0.05,4.099999999999993,77.64999999999773,77.69999999999773,87.69999999999716,87.74999999999716,158.45000000000178,162.5000000000027,18.100000000000122,106.99999999999606,13.350000000000055,0,23.800000000000203,0.2,0,0.0,120.00000000000205
J000015,2023-02-03/CTHR,CTHR,AMR_05,G20_8,WS_8_20,"[""122556""]",1,0.05,154.30000000000084,89.44999999999706,0.05,4.3499999999999925,8.399999999999984,79.34999999999764,79.39999999999763,89.39999999999706,89.44999999999706,150.24999999999991,154.30000000000084,18.100000000000122,92.44999999999689,9.5,0,33.95000000000021,0.25,0,2.0,104.00000000000153
J000016,2023-02-03/AMPP,AMPP,AMR_30,G12_5,WS_13_20,"[""101329"", ""110148"", ""110166"", ""110233"", ""110592"", ""121833"", ""124704"", ""125583""]",8,0.05,153.7500000000007,105.34999999999616,0.05,3.399999999999996,7.4499999999999815,95.24999999999673,95.29999999999673,105.29999999999616,105.34999999999616,149.6999999999998,153.7500000000007,18.100000000000122,78.79999999999767,7.599999999999981,0,48.949999999999356,0.25,0,2.0,76.00000000000074
J000017,2023-02-03/BAMP,BAMP,AMR_36,G17_7,WS_19_20,"[""110600"", ""112319"", ""137330""]",4,0.05,200.3500000000113,147.1499999999992,0.05,31.550000000000313,35.600000000000115,137.0499999999969,137.09999999999692,147.0999999999992,147.1499999999992,196.30000000001039,200.3500000000113,18.100000000000122,105.69999999999614,15.250000000000082,0,60.99999999999867,0.25,0,20.00000000000003,92.00000000000108
J000018,2023-02-03/ALMA,ALMA,AMR_24,G21_13,WS_2_20,"[""131976"", ""214618""]",2,0.05,360.30000000004765,275.3000000000283,0.05,58.799999999998796,62.849999999998566,265.200000000026,265.25000000002603,275.2500000000283,275.3000000000283,356.2500000000467,360.30000000004765,18.100000000000122,148.8499999999996,15.250000000000082,0,177.80000000000618,0.25,0,30.0,116.0000000000012
J000019,2023-02-03/AMPP,AMPP,AMR_13,G3_15,WS_13_20,"[""101024"", ""110222"", ""110255"", ""110305"", ""110561"", ""112231"", ""112392""]",9,0.05,179.00000000000645,139.44999999999746,0.05,15.050000000000079,19.100000000000136,129.34999999999516,129.39999999999517,139.39999999999745,139.44999999999746,174.95000000000553,179.00000000000645,18.100000000000122,83.74999999999739,12.35000000000004,0,64.49999999999848,0.25,0,10.0,68.00000000000071
J000020,2023-02-03/BAMP,BAMP,AMR_39,G21_15,WS_19_20,"[""112019"", ""112357""]",2,0.05,121.54999999999524,95.99999999999669,0.05,29.500000000000284,33.55000000000023,85.89999999999726,85.94999999999726,95.94999999999669,95.99999999999669,117.49999999999547,121.54999999999524,18.100000000000122,57.69999999999886,8.599999999999987,0,36.850000000000044,0.25,0,24.0,32.0
J000021,2023-02-03/ALMA,ALMA,AMR_38,G23_13,WS_2_20,"[""101179"", ""111371""]",2,0.05,258.9000000000246,155.9500000000012,0.05,47.749999999999424,51.799999999999194,145.84999999999891,145.89999999999893,155.9000000000012,155.9500000000012,254.8500000000237,258.9000000000246,18.100000000000122,141.69999999999797,13.350000000000055,0,85.44999999999729,0.25,0,30.0,124.00000000000219
J000022,2023-02-03/AMPP,AMPP,AMR_28,G18_14,WS_13_20,"[""101295"", ""110306"", ""110522"", ""112374"", ""112394"", ""123763""]",7,0.05,196.00000000001032,122.39999999999519,0.05,38.949999999999925,42.999999999999694,112.29999999999576,112.34999999999576,122.34999999999519,122.39999999999519,191.9500000000094,196.00000000001032,18.100000000000122,94.44999999999678,13.350000000000055,0,69.79999999999818,0.25,0,42.00000000000027,56.0000000000002
J000023,2023-02-03/BAMP,BAMP,AMR_29,G18_13,WS_19_20,"[""111372"", ""113162""]",2,0.05,184.40000000000768,130.09999999999533,0.05,60.749999999998685,64.79999999999846,119.99999999999532,120.04999999999532,130.04999999999532,130.09999999999533,180.35000000000676,184.40000000000768,18.100000000000122,86.04999999999725,15.300000000000082,0,64.64999999999847,0.25,0,40.00000000000004,44.00000000000013
J000024,2023-02-03/ALMA,ALMA,AMR_12,G6_15,WS_2_20,"[""113195""]",1,0.05,133.24999999999605,104.79999999999619,0.05,25.850000000000232,29.90000000000029,94.69999999999676,94.74999999999676,104.74999999999619,104.79999999999619,129.19999999999513,133.24999999999605,18.100000000000122,61.34999999999865,10.500000000000014,0,42.999999999999694,0.25,0,17.99999999999996,40.00000000000014
J000025,2023-02-03/ALMA,ALMA,AMR_11,G2_13,WS_2_20,"[""107105""]",1,53.64999999999909,145.14999999999876,121.84999999999522,53.64999999999909,58.099999999998836,62.149999999998606,111.7499999999958,111.79999999999579,121.79999999999522,121.84999999999522,141.09999999999783,145.14999999999876,18.100000000000122,46.74999999999948,7.649999999999981,0,18.75000000000013,0.25,0,4.0,44.00000000000017
J000026,2023-02-03/AMPP,AMPP,AMR_32,G18_12,WS_13_20,"[""101012"", ""107272"", ""110194"", ""110253"", ""110301"", ""112363""]",6,54.14999999999906,211.55000000001385,156.50000000000134,54.14999999999906,84.54999999999734,88.59999999999711,146.39999999999904,146.44999999999905,156.45000000000132,156.50000000000134,207.50000000001293,211.55000000001385,18.100000000000122,91.54999999999694,16.250000000000096,0,31.25000000000031,0.25,0,28.0,64.00000000000043
J000027,2023-02-03/BAMP,BAMP,AMR_35,G17_10,WS_19_20,"[""110575"", ""121904"", ""131216""]",3,61.649999999998634,231.65000000001842,183.75000000000753,61.649999999998634,92.89999999999687,96.94999999999663,173.65000000000524,173.70000000000525,183.70000000000752,183.75000000000753,227.6000000000175,231.65000000001842,18.100000000000122,90.549999999997,13.350000000000055,0,47.749999999999424,0.25,0,32.0,60.000000000000085
J000028,2023-02-03/ALMA,ALMA,AMR_08,G6_12,WS_2_20,"[""112320""]",1,70.74999999999812,174.15000000000535,138.64999999999728,70.74999999999812,91.14999999999696,95.19999999999673,128.54999999999498,128.599999999995,138.59999999999727,138.64999999999728,170.10000000000443,174.15000000000535,18.100000000000122,71.74999999999807,10.450000000000014,0,2.849999999999998,0.25,0,15.999999999999982,60.00000000000067
J000029,2023-02-03/AMPP,AMPP,AMR_22,G14_14,WS_13_20,"[""101095"", ""110475"", ""110595"", ""112086"", ""123272""]",7,71.2999999999981,232.35000000001858,190.6000000000091,71.2999999999981,109.8499999999959,113.89999999999567,180.5000000000068,180.5500000000068,190.55000000000908,190.6000000000091,228.30000000001766,232.35000000001858,18.100000000000122,77.04999999999777,15.300000000000082,0,50.34999999999928,0.25,0,36.000000000000014,40.000000000000114
J000030,2023-02-03/BAMP,BAMP,AMR_10,G20_13,WS_19_20,"[""138350"", ""138352""]",2,78.99999999999766,384.05000000005305,331.4000000000411,78.99999999999766,257.5000000000243,261.5500000000252,321.3000000000388,321.3500000000388,331.35000000004106,331.4000000000411,380.0000000000521,384.05000000005305,18.100000000000122,181.400000000007,24.850000000000218,0,80.44999999999757,0.25,0,158.0000000000006,44.00000000000013
J000031,2023-02-03/ALMA,ALMA,AMR_09,G9_12,WS_2_20,"[""107162""]",1,87.79999999999715,212.150000000014,173.0000000000051,87.79999999999715,111.7499999999958,115.79999999999556,162.9000000000028,162.9500000000028,172.95000000000508,173.0000000000051,208.10000000001307,212.150000000014,18.100000000000122,83.14999999999742,14.350000000000069,0,8.499999999999986,0.25,0,18.0,72.00000000000094
J000032,2023-02-03/AMPP,AMPP,AMR_40,G15_13,WS_13_20,"[""101025"", ""110262"", ""112045"", ""112324"", ""129530""]",6,88.34999999999712,244.85000000002142,207.65000000001297,88.34999999999712,109.19999999999594,113.24999999999571,197.55000000001067,197.60000000001068,207.60000000001295,207.65000000001297,240.8000000000205,244.85000000002142,18.100000000000122,63.09999999999855,12.400000000000041,0,62.64999999999858,0.25,0,8.0,48.000000000000426
J000033,2023-02-03/BAMP,BAMP,AMR_21,G20_12,WS_19_20,"[""101097"", ""112386""]",4,96.04999999999669,256.6500000000241,225.75000000001708,96.04999999999669,170.25000000000446,174.30000000000538,215.65000000001478,215.7000000000148,225.70000000001707,225.75000000001708,252.6000000000232,256.6500000000241,18.100000000000122,117.19999999999548,13.300000000000054,0,11.750000000000032,0.25,0,90.0000000000015,48.00000000000023
J000034,2023-02-03/ALMA,ALMA,AMR_15,G5_9,WS_2_20,"[""110166""]",1,104.84999999999619,261.80000000002525,224.15000000001672,104.84999999999619,158.5500000000018,162.60000000000272,214.05000000001442,214.10000000001443,224.1000000000167,224.15000000001672,257.75000000002433,261.80000000002525,18.100000000000122,94.74999999999676,11.450000000000028,0,32.4000000000003,0.25,0,42.00000000000013,60.000000000000526
J000035,2023-02-03/AMPP,AMPP,AMR_01,G17_13,WS_13_20,"[""101076"", ""110362"", ""111342"", ""112284"", ""112326""]",5,105.39999999999615,213.0500000000142,173.5500000000052,105.39999999999615,118.44999999999541,122.49999999999518,163.45000000000292,163.50000000000293,173.5000000000052,173.5500000000052,209.00000000001327,213.0500000000142,18.100000000000122,60.19999999999872,13.400000000000055,0,15.700000000000088,0.25,0,6.0,48.00000000000033
J000036,2023-02-03/BAMP,BAMP,AMR_04,G18_10,WS_19_20,"[""107380"", ""125535""]",2,113.09999999999572,246.60000000002182,201.05000000001147,113.09999999999572,129.9999999999953,134.04999999999623,190.95000000000917,191.00000000000918,201.00000000001145,201.05000000001147,242.5500000000209,246.60000000002182,18.100000000000122,66.09999999999839,13.350000000000055,0,35.70000000000011,0.25,0,10.0,56.00000000000041
J000037,2023-02-03/ALMA,ALMA,AMR_26,G9_8,WS_2_20,"[""112340""]",1,121.89999999999522,257.1500000000242,207.3000000000129,121.89999999999522,141.799999999998,145.84999999999891,197.2000000000106,197.2500000000106,207.25000000001288,207.3000000000129,253.1000000000233,257.1500000000242,18.100000000000122,94.19999999999679,13.400000000000055,0,9.299999999999997,0.25,0,16.0,88.00000000000114
J000038,2023-02-03/AMPP,AMPP,AMR_39,G15_12,WS_13_20,"[""101155"", ""101191"", ""101207"", ""110465"", ""110540""]",5,122.44999999999519,382.40000000005267,329.2000000000406,122.44999999999519,205.70000000001252,209.75000000001344,319.1000000000383,319.1500000000383,329.15000000004056,329.2000000000406,378.35000000005175,382.40000000005267,18.100000000000122,109.09999999999594,18.150000000000123,0,114.34999999999565,0.25,0,50.00000000000013,52.000000000000526
J000039,2023-02-03/DMHS,DMHS,AMR_06,G3_7,WS_8_20,"[""121710""]",1,127.94999999999487,271.55000000002747,221.70000000001616,127.94999999999487,156.05000000000123,160.10000000000215,211.60000000001386,211.65000000001388,221.65000000001615,221.70000000001616,267.50000000002655,271.55000000002747,18.100000000000122,96.74999999999665,13.350000000000055,0,15.15000000000008,0.25,0,23.99999999999999,80.00000000000047
J000040,2023-02-03/BAMP,BAMP,AMR_37,G18_9,WS_19_20,"[""107407"", ""112292""]",2,130.14999999999534,330.00000000004076,263.20000000002557,130.14999999999534,187.1000000000083,191.15000000000921,253.1000000000233,253.1500000000233,263.15000000002556,263.20000000002557,325.95000000003984,330.00000000004076,18.100000000000122,122.2999999999952,22.95000000000019,0,36.25000000000008,0.25,0,46.0000000000004,76.00000000000037
J000041,2023-02-03/ALMA,ALMA,AMR_12,G12_10,WS_2_20,"[""110482""]",1,138.6999999999973,341.6000000000434,298.5000000000336,138.6999999999973,240.65000000002047,244.7000000000214,288.4000000000313,288.4500000000313,298.4500000000336,298.5000000000336,337.5500000000425,341.6000000000434,18.100000000000122,134.94999999999644,23.000000000000192,0,26.600000000000243,0.25,0,66.00000000000088,84.00000000000125
J000042,2023-02-03/DMHS,DMHS,AMR_34,G12_9,WS_8_20,"[""101202""]",1,138.89999999999733,234.200000000019,190.150000000009,138.89999999999733,138.89999999999733,142.94999999999825,180.0500000000067,180.1000000000067,190.10000000000898,190.150000000009,230.15000000001808,234.200000000019,18.100000000000122,66.69999999999835,9.55,0,0.7500000000000001,0.2,0,0.0,76.00000000000105
J000043,2023-02-03/AMPP,AMPP,AMR_20,G14_10,WS_13_20,"[""101193"", ""107293"", ""110317"", ""110541"", ""122632""]",6,139.49999999999747,290.0500000000317,236.45000000001951,139.49999999999747,186.7000000000082,190.75000000000912,226.35000000001722,226.40000000001723,236.4000000000195,236.45000000001951,286.00000000003075,290.0500000000317,18.100000000000122,96.59999999999665,13.300000000000054,0,22.300000000000182,0.25,0,52.00000000000054,56.00000000000041
J000044,2023-02-03/BAMP,BAMP,AMR_03,G27_12,WS_19_20,"[""110393"", ""132450""]",2,147.19999999999922,293.85000000003254,246.30000000002175,147.19999999999922,192.3500000000095,196.4000000000104,236.20000000001946,236.25000000001947,246.25000000002174,246.30000000002175,289.8000000000316,293.85000000003254,18.100000000000122,94.0499999999968,15.250000000000082,0,19.000000000000135,0.25,0,28.0,76.00000000000031
J000045,2023-02-03/ALMA,ALMA,AMR_23,G11_10,WS_2_20,"[""110313""]",1,156.00000000000122,283.00000000003007,241.2000000000206,156.00000000000122,156.00000000000122,160.05000000000214,231.1000000000183,231.1500000000183,241.15000000002058,241.2000000000206,278.95000000002915,283.00000000003007,18.100000000000122,73.39999999999797,7.599999999999981,0,27.70000000000026,0.2,0,0.0,80.00000000000114
J000046,2023-02-03/AMPP,AMPP,AMR_19,G9_10,WS_13_20,"[""101325"", ""107168"", ""110464"", ""122686"", ""125181""]",6,156.55000000000135,321.3000000000388,278.05000000002894,156.55000000000135,225.8500000000171,229.90000000001803,267.95000000002665,268.00000000002666,278.00000000002893,278.05000000002894,317.25000000003786,321.3000000000388,18.100000000000122,116.69999999999551,16.200000000000095,0,13.500000000000057,0.25,0,64.00000000000087,64.00000000000038
J000047,2023-02-03/BDRW,BDRW,AMR_33,G9_9,WS_30_20,"[""107364""]",1,165.45000000000337,329.45000000004063,260.3000000000249,165.45000000000337,165.45000000000337,169.5000000000043,250.20000000002264,250.25000000002265,260.2500000000249,260.3000000000249,325.4000000000397,329.45000000004063,18.100000000000122,128.649999999995,11.400000000000027,0,5.649999999999988,0.2,0,0.0,159.99999999999756
J000048,2023-02-03/ALMA,ALMA,AMR_27,G15_14,WS_2_20,"[""139323""]",1,173.0500000000051,391.50000000005474,332.5000000000413,173.0500000000051,218.00000000001532,222.05000000001624,322.40000000003903,322.45000000003904,332.4500000000413,332.5000000000413,387.4500000000538,391.50000000005474,18.100000000000122,109.9499999999959,16.250000000000096,0,73.89999999999795,0.25,0,24.0,88.00000000000097
J000049,2023-02-03/AMPP,AMPP,AMR_05,G21_14,WS_13_20,"[""110533"", ""111241"", ""111988"", ""112009"", ""112286""]",7,173.60000000000522,352.3000000000458,312.1500000000367,173.60000000000522,212.05000000001397,216.1000000000149,302.0500000000344,302.1000000000344,312.1000000000367,312.1500000000367,348.2500000000449,352.3000000000458,18.100000000000122,91.69999999999693,17.20000000000011,0,51.449999999999214,0.25,0,22.0,68.00000000000043
J000050,2023-02-03/BAMP,BAMP,AMR_08,G8_14,WS_19_20,"[""112387"", ""118513""]",2,183.80000000000754,386.1000000000535,280.25000000002944,183.80000000000754,197.6500000000107,201.7000000000116,270.15000000002715,270.20000000002716,280.20000000002943,280.25000000002944,382.0500000000526,386.1000000000535,18.100000000000122,90.39999999999701,12.400000000000041,0,81.14999999999753,0.25,0,8.0,84.0000000000006
J000051,2023-02-03/AMPP,AMPP,AMR_29,G17_8,WS_13_20,"[""101221"", ""107131"", ""110169"", ""112083"", ""113201""]",8,190.6500000000091,395.50000000005565,346.25000000004445,190.6500000000091,226.3000000000172,230.35000000001813,336.15000000004216,336.20000000004217,346.20000000004444,346.25000000004445,391.45000000005473,395.50000000005565,18.100000000000122,95.04999999999674,15.300000000000082,0,76.14999999999782,0.25,0,20.0,68.00000000000043
J000052,2023-02-03/BAMP,BAMP,AMR_30,G11_5,WS_19_20,"[""101296"", ""110595""]",3,201.10000000001148,397.75000000005616,297.3000000000333,201.10000000001148,204.15000000001217,208.2000000000131,287.200000000031,287.25000000003104,297.2500000000333,297.3000000000333,393.70000000005524,397.75000000005616,18.100000000000122,108.59999999999597,9.5,0,60.19999999999872,0.25,0,2.0,120.00000000000188
J000053,2023-02-03/ALMA,ALMA,AMR_13,G3_15,WS_2_20,"[""110222""]",1,207.3500000000129,282.50000000002996,258.25000000002444,207.3500000000129,207.3500000000129,211.40000000001382,248.15000000002217,248.2000000000222,258.20000000002443,258.25000000002444,278.45000000002904,282.50000000002996,18.100000000000122,34.50000000000018,7.649999999999981,0,14.700000000000074,0.2,0,0.0,31.99999999999998
J000054,2023-02-03/AMPP,AMPP,AMR_02,G15_9,WS_13_20,"[""107259"", ""110513"", ""110520"", ""110593"", ""112036""]",7,207.70000000001298,334.35000000004175,295.1000000000328,207.70000000001298,207.70000000001298,211.7500000000139,285.0000000000305,285.05000000003054,295.0500000000328,295.1000000000328,330.3000000000408,334.35000000004175,18.100000000000122,84.24999999999736,11.450000000000028,0,12.650000000000045,0.2,0,0.0,96.00000000000131
J000055,2023-02-03/ALMA,ALMA,AMR_14,G5_5,WS_2_20,"[""110328""]",1,224.20000000001673,363.5000000000484,315.45000000003745,224.20000000001673,247.0000000000219,251.05000000002283,305.35000000003515,305.40000000003516,315.40000000003744,315.45000000003745,359.45000000004745,363.5000000000484,18.100000000000122,90.24999999999702,11.450000000000028,0,19.25000000000014,0.25,0,15.999999999999996,84.00000000000131
J000056,2023-02-03/BAMP,BAMP,AMR_28,G20_14,WS_19_20,"[""110432""]",1,225.8000000000171,389.80000000005435,348.45000000004495,225.8000000000171,265.200000000026,269.25000000002694,338.35000000004266,338.40000000004267,348.40000000004494,348.45000000004495,385.75000000005343,389.80000000005435,18.100000000000122,50.34999999999928,11.500000000000028,0,83.79999999999738,0.25,0,4.0,40.00000000000004
J000057,2023-02-03/AMPP,AMPP,AMR_01,G17_15,WS_13_20,"[""110499"", ""110606"", ""112279"", ""112334""]",5,236.50000000001953,442.15000000006626,407.75000000005844,236.50000000001953,300.400000000034,304.45000000003495,397.65000000005614,397.70000000005615,407.7000000000584,407.75000000005844,438.10000000006534,442.15000000006626,18.100000000000122,53.79999999999908,11.450000000000028,0,122.04999999999521,0.25,0,8.0,40.00000000000006
J000058,2023-02-03/ALMA,ALMA,AMR_09,G8_5,WS_2_20,"[""101102""]",1,241.2500000000206,401.75000000005707,349.5500000000452,241.2500000000206,267.55000000002656,271.6000000000275,339.4500000000429,339.5000000000429,349.5000000000452,349.5500000000452,397.70000000005615,401.75000000005707,18.100000000000122,102.7499999999963,14.350000000000069,0,25.05000000000022,0.25,0,20.000000000000014,96.00000000000156
J000059,2023-02-03/BAMP,BAMP,AMR_40,G17_14,WS_19_20,"[""123310""]",1,246.35000000002177,703.1499999999082,648.5999999999578,246.35000000002177,434.7500000000646,438.8000000000655,638.499999999967,638.549999999967,648.5499999999579,648.5999999999578,699.0999999999119,703.1499999999082,18.100000000000122,173.40000000000518,34.550000000000175,0,230.50000000001816,0.25,0,98.00000000000136,80.00000000000011
J000060,2023-02-03/ALMA,ALMA,AMR_35,G15_13,WS_2_20,"[""112324""]",1,258.30000000002445,683.8999999999257,635.6499999999696,258.30000000002445,534.100000000062,538.1500000000583,625.5499999999788,625.5999999999788,635.5999999999697,635.6499999999696,679.8499999999294,683.8999999999257,18.100000000000122,192.4000000000095,32.55000000000029,0,182.3000000000072,0.25,0,94.00000000000051,92.00000000000145
J000061,2023-02-03/BAMP,BAMP,AMR_38,G23_15,WS_19_20,"[""112372""]",1,263.2500000000256,342.75000000004366,314.50000000003723,263.2500000000256,277.8500000000289,281.9000000000298,304.40000000003494,304.45000000003495,314.4500000000372,314.50000000003723,338.70000000004273,342.75000000004366,18.100000000000122,48.449999999999385,10.500000000000014,0,2.2,0.25,0,8.0,40.00000000000003
J000062,2023-02-03/ALMA,ALMA,AMR_34,G14_9,WS_2_20,"[""111330""]",1,275.35000000002833,416.3500000000604,366.6000000000491,275.35000000002833,281.9000000000298,285.95000000003074,356.5000000000468,356.5500000000468,366.55000000004907,366.6000000000491,412.30000000005947,416.3500000000604,18.100000000000122,87.44999999999717,11.500000000000028,0,23.700000000000202,0.25,0,4.0,96.00000000000153
J000063,2023-02-03/AMPP,AMPP,AMR_22,G14_13,WS_13_20,"[""110254"", ""110274"", ""110417"", ""110418""]",6,278.10000000002896,409.9000000000589,363.3000000000483,278.10000000002896,282.10000000002987,286.1500000000308,353.20000000004603,353.25000000004604,363.2500000000483,363.3000000000483,405.850000000058,409.9000000000589,18.100000000000122,53.4499999999991,9.5,0,50.49999999999927,0.25,0,2.0,44.00000000000013
J000064,2023-02-03/APUR,APUR,AMR_25,G9_13,WS_25_20,"[""110439""]",1,279.80000000002934,432.85000000006414,386.1000000000535,279.80000000002934,279.80000000002934,283.85000000003026,376.0000000000512,376.0500000000512,386.0500000000535,386.1000000000535,428.8000000000632,432.85000000006414,18.100000000000122,86.44999999999723,9.55,0,38.749999999999936,0.2,0,0.0,100.00000000000063
J000065,2023-02-03/BAMP,BAMP,AMR_21,G23_12,WS_19_20,"[""107154""]",1,280.30000000002946,432.50000000006406,391.05000000005464,280.30000000002946,338.1500000000426,342.20000000004353,380.95000000005234,381.00000000005235,391.0000000000546,391.05000000005464,428.45000000006314,432.50000000006406,18.100000000000122,80.34999999999758,17.25000000000011,0,36.25000000000008,0.25,0,30.0,52.00000000000021
J000066,2023-02-03/AMPP,AMPP,AMR_23,G11_10,WS_13_20,"[""101022"", ""101147"", ""101305"", ""110357"", ""110526"", ""111373""]",9,295.15000000003283,421.85000000006164,380.3500000000522,295.15000000003283,295.15000000003283,299.20000000003375,370.2500000000499,370.3000000000499,380.3000000000522,380.3500000000522,417.8000000000607,421.85000000006164,18.100000000000122,59.699999999998745,10.500000000000014,0,38.19999999999997,0.2,0,0.0,60.000000000000455
J000067,2023-02-03/BAMP,BAMP,AMR_04,G20_9,WS_19_20,"[""101299""]",1,297.35000000003333,407.0500000000583,370.70000000005,297.35000000003333,310.4000000000363,314.4500000000372,360.6000000000477,360.6500000000477,370.65000000005,370.70000000005,403.00000000005736,407.0500000000583,18.100000000000122,64.39999999999849,13.400000000000055,0,13.550000000000058,0.25,0,6.0,60.00000000000034
J000068,2023-02-03/ALMA,ALMA,AMR_36,G17_13,WS_2_20,"[""110512""]",1,298.5500000000336,919.2499999997117,422.70000000006183,298.5500000000336,318.3500000000381,322.40000000003903,412.60000000005954,412.65000000005955,422.6500000000618,422.70000000006183,915.1999999997154,919.2499999997117,18.100000000000122,267.60000000002657,45.94999999999953,0,288.8000000000314,0.25,0,16.0,247.99999999999514
J000069,2023-02-03/AMPP,AMPP,AMR_32,G17_12,WS_13_20,"[""100949"", ""101293"", ""110141"", ""110162""]",4,312.2000000000367,528.2500000000673,424.90000000006233,312.2000000000367,316.2000000000376,320.25000000003854,414.80000000006004,414.85000000006005,424.8500000000623,424.90000000006233,524.200000000071,528.2500000000673,18.100000000000122,103.19999999999628,17.20000000000011,0,77.29999999999775,0.25,0,2.0,92.00000000000045
J000070,2023-02-03/BAMP,BAMP,AMR_26,G9_14,WS_19_20,"[""111222""]",1,314.55000000003724,796.9499999998229,439.45000000006564,314.55000000003724,372.10000000005033,376.15000000005125,429.35000000006335,429.40000000006336,439.40000000006563,439.45000000006564,792.8999999998266,796.9499999998229,18.100000000000122,186.95000000000826,24.850000000000218,0,252.2500000000231,0.25,0,48.000000000000256,147.99999999999886
J000071,2023-02-03/ALMA,ALMA,AMR_31,G12_6,WS_2_20,"[""112198""]",1,315.50000000003746,487.50000000007657,405.800000000058,315.50000000003746,318.55000000003815,322.6000000000391,395.7000000000557,395.7500000000557,405.750000000058,405.800000000058,483.45000000007565,487.50000000007657,18.100000000000122,103.94999999999624,7.599999999999981,0,42.099999999999746,0.25,0,2.0,120.00000000000244
J000072,2023-02-03/AMPP,AMPP,AMR_20,G17_9,WS_13_20,"[""101185"", ""110293"", ""110483"", ""112294""]",5,329.2500000000406,544.5500000000525,476.05000000007396,329.2500000000406,348.1500000000449,352.2000000000458,465.95000000007167,466.0000000000717,476.00000000007395,476.05000000007396,540.5000000000562,544.5500000000525,18.100000000000122,87.79999999999715,15.250000000000082,0,93.89999999999681,0.25,0,12.0,64.0000000000002
J000073,2023-02-03/JHJY,JHJY,AMR_33,G9_9,WS_30_20,"[""101174""]",1,329.50000000004064,574.3000000000254,425.90000000006256,329.50000000004064,329.50000000004064,333.55000000004156,415.80000000006027,415.8500000000603,425.85000000006255,425.90000000006256,570.2500000000291,574.3000000000254,18.100000000000122,135.84999999999664,11.450000000000028,0,79.19999999999764,0.2,0,0.0,159.9999999999984
J000074,2023-02-03/BAMP,BAMP,AMR_37,G18_8,WS_19_20,"[""101085""]",1,331.4500000000411,470.20000000007263,408.4000000000586,331.4500000000411,335.450000000042,339.5000000000429,398.3000000000563,398.3500000000563,408.35000000005857,408.4000000000586,466.1500000000717,470.20000000007263,18.100000000000122,65.19999999999844,9.5,0,45.69999999999954,0.25,0,2.0,64.00000000000067
J000075,2023-02-03/ALMA,ALMA,AMR_19,G14_7,WS_2_20,"[""124826""]",1,332.55000000004134,686.949999999923,595.4000000000062,332.55000000004134,382.2000000000526,386.25000000005355,585.3000000000154,585.3500000000154,595.3500000000063,595.4000000000062,682.8999999999266,686.949999999923,18.100000000000122,149.49999999999974,25.850000000000232,0,160.7000000000023,0.25,0,40.00000000000021,112.00000000000162
J000076,2023-02-03/AMPP,AMPP,AMR_12,G12_10,WS_13_20,"[""107396"", ""110216"", ""110582"", ""113194""]",4,346.30000000004446,517.2000000000774,441.9500000000662,346.30000000004446,346.30000000004446,350.3500000000454,431.8500000000639,431.9000000000639,441.9000000000662,441.9500000000662,513.150000000081,517.2000000000774,18.100000000000122,60.399999999998705,8.549999999999986,0,83.64999999999739,0.2,0,0.0,56.00000000000031
J000077,2023-02-03/BAMP,BAMP,AMR_02,G14_8,WS_19_20,"[""101177""]",2,348.50000000004496,1293.5499999993713,1042.1999999995999,348.50000000004496,586.800000000014,590.8500000000104,1032.099999999609,1032.149999999609,1042.1499999996,1042.1999999995999,1289.499999999375,1293.5499999993713,18.100000000000122,331.65000000004113,59.44999999999876,0,535.6000000000606,0.25,0,152.0000000000009,199.99999999999375
J000078,2023-02-03/ALMA,ALMA,AMR_03,G15_6,WS_2_20,"[""138386""]",1,349.6000000000452,537.0000000000593,463.4500000000711,349.6000000000452,384.05000000005305,388.10000000005397,453.3500000000688,453.4000000000688,463.4000000000711,463.4500000000711,532.950000000063,537.0000000000593,18.100000000000122,147.64999999999932,15.250000000000082,0,6.149999999999986,0.25,0,36.00000000000003,144.00000000000188
J000079,2023-02-03/AMPP,AMPP,AMR_11,G3_13,WS_13_20,"[""107103"", ""107398"", ""110344"", ""110494""]",5,363.35000000004834,522.8000000000723,459.0000000000701,363.35000000004834,366.40000000004903,370.45000000004995,448.9000000000678,448.9500000000678,458.9500000000701,459.0000000000701,518.7500000000759,522.8000000000723,18.100000000000122,78.44999999999769,9.5,0,53.14999999999912,0.25,0,2.0,76.00000000000064
J000080,2023-02-03/ALMA,ALMA,AMR_24,G18_9,WS_2_20,"[""111295""]",1,366.6500000000491,756.2499999998599,693.2999999999172,366.6500000000491,392.95000000005507,397.000000000056,683.1999999999264,683.2499999999263,693.2499999999172,693.2999999999172,752.1999999998636,756.2499999998599,18.100000000000122,198.25000000001083,26.850000000000247,0,146.14999999999898,0.25,0,18.0,195.999999999996
J000081,2023-02-03/BAMP,BAMP,AMR_05,G20_7,WS_19_20,"[""135531""]",1,370.75000000005,607.1999999999955,472.50000000007316,370.75000000005,402.3000000000572,406.3500000000581,462.40000000007086,462.4500000000709,472.45000000007315,472.50000000007316,603.1499999999992,607.1999999999955,18.100000000000122,96.09999999999668,15.300000000000082,0,106.69999999999608,0.25,0,24.00000000000003,68.00000000000048
J000082,2023-02-03/AMPP,AMPP,AMR_15,G8_8,WS_13_20,"[""110147"", ""110446"", ""111368"", ""115063""]",5,380.4000000000522,616.9499999999866,530.5000000000653,380.4000000000522,412.15000000005944,416.20000000006036,520.4000000000744,520.4500000000744,530.4500000000653,530.5000000000653,612.8999999999903,616.9499999999866,18.100000000000122,110.74999999999585,17.20000000000011,0,90.24999999999702,0.25,0,19.999999999999986,84.00000000000068
J000083,2023-02-03/BKSD,BKSD,AMR_38,G23_13,WS_25_20,"[""111371"", ""115120"", ""131140""]",3,386.1500000000535,498.7500000000791,468.55000000007226,386.1500000000535,400.0500000000567,404.1000000000576,458.45000000006996,458.50000000007,468.50000000007225,468.55000000007226,494.7000000000782,498.7500000000791,18.100000000000122,59.699999999998745,12.400000000000041,0,22.15000000000018,0.25,0,8.0,52.00000000000013
J000084,2023-02-03/BKSD,BKSD,AMR_10,G20_12,WS_25_20,"[""101097"", ""110448"", ""112386""]",3,386.1500000000535,707.749999999904,444.40000000006677,386.1500000000535,390.4500000000545,394.5000000000554,434.3000000000645,434.3500000000645,444.35000000006676,444.40000000006677,703.6999999999077,707.749999999904,18.100000000000122,119.34999999999536,16.200000000000095,0,167.70000000000388,0.25,0,2.0,120.00000000000088
J000085,2023-02-03/BKSD,BKSD,AMR_13,G3_15,WS_25_20,"[""110222"", ""110615"", ""112231""]",3,386.1500000000535,585.6500000000151,486.3500000000763,386.1500000000535,386.1500000000535,390.20000000005444,476.250000000074,476.300000000074,486.3000000000763,486.3500000000763,581.6000000000188,585.6500000000151,18.100000000000122,113.94999999999567,11.450000000000028,0,55.79999999999897,0.2,0,0.0,120.00000000000034
J000086,2023-02-03/BKSD,BKSD,AMR_39,G21_14,WS_25_20,"[""111241"", ""112009""]",2,386.1500000000535,568.5500000000306,538.0500000000584,386.1500000000535,485.75000000007617,489.8000000000771,527.9500000000676,528.0000000000675,538.0000000000584,538.0500000000584,564.5000000000343,568.5500000000306,18.100000000000122,119.44999999999536,24.90000000000022,0,19.700000000000145,0.25,0,76.00000000000063,48.00000000000004
J000087,2023-02-03/BKSD,BKSD,AMR_08,G29_13,WS_25_20,"[""107238"", ""134029""]",2,386.1500000000535,931.7999999997003,895.5999999997332,386.1500000000535,852.4499999997724,856.4999999997688,885.4999999997424,885.5499999997423,895.5499999997332,895.5999999997332,927.749999999704,931.7999999997003,18.100000000000122,237.90000000001984,49.9499999999993,0,239.4500000000202,0.25,0,191.99999999999469,52.00000000000021
J000088,2023-02-03/BKSD,BKSD,AMR_06,G14_15,WS_25_20,"[""107120"", ""133300""]",2,386.1500000000535,866.6499999997595,742.0999999998728,386.1500000000535,434.7500000000646,438.8000000000655,731.999999999882,732.049999999882,742.0499999998729,742.0999999998728,862.5999999997632,866.6499999997595,18.100000000000122,164.55000000000317,21.950000000000177,0,275.6500000000284,0.25,0,38.000000000000114,124.00000000000054
J000089,2023-02-03/BAMP,BAMP,AMR_18,G8_12,WS_19_20,"[""138351""]",1,391.10000000005465,829.9999999997929,723.14999999989,391.10000000005465,427.900000000063,431.95000000006394,713.0499999998992,713.0999999998992,723.0999999998901,723.14999999989,825.9499999997965,829.9999999997929,18.100000000000122,196.8500000000105,22.90000000000019,0,200.8000000000114,0.25,0,27.999999999999964,187.99999999999787
J000090,2023-02-03/ALMA,ALMA,AMR_28,G18_6,WS_2_20,"[""110302""]",1,405.850000000058,1101.9499999995455,578.3000000000218,405.850000000058,493.750000000078,497.8000000000789,568.200000000031,568.2500000000309,578.2500000000218,578.3000000000218,1097.8999999995492,1101.9499999995455,18.100000000000122,226.95000000001735,38.44999999999995,0,412.3500000000595,0.25,0,44.00000000000017,203.99999999999838
J000091,2023-02-03/AMPP,AMPP,AMR_29,G15_7,WS_13_20,"[""101211"", ""107340"", ""110577"", ""112347""]",6,407.80000000005845,741.6499999998732,513.6500000000806,407.80000000005845,420.95000000006144,425.00000000006236,503.5500000000802,503.60000000008023,513.6000000000806,513.6500000000806,737.5999999998769,741.6499999998732,18.100000000000122,137.99999999999713,23.000000000000192,0,154.50000000000088,0.25,0,6.0,140.00000000000165
J000092,2023-02-03/BAMP,BAMP,AMR_27,G12_8,WS_19_20,"[""101198""]",2,408.4500000000586,1529.2999999991569,1370.9499999993009,408.4500000000586,708.2999999999035,712.3499999998999,1360.84999999931,1360.89999999931,1370.899999999301,1370.9499999993009,1525.2499999991605,1529.2999999991569,18.100000000000122,337.85000000004254,61.49999999999864,0,703.1499999999082,0.25,0,173.9999999999988,160.00000000000017
J000093,2023-02-03/ALMA,ALMA,AMR_04,G21_10,WS_2_20,"[""110190""]",1,422.75000000006185,743.7499999998713,676.2499999999327,422.75000000006185,447.85000000006755,451.9000000000685,666.1499999999419,666.1999999999418,676.1999999999327,676.2499999999327,739.699999999875,743.7499999998713,18.100000000000122,128.1499999999949,18.200000000000124,0,156.3000000000013,0.25,0,12.0,128.00000000000227
J000094,2023-02-03/AMPP,AMPP,AMR_23,G20_8,WS_13_20,"[""101301"", ""110130"", ""131642"", ""131980""]",6,424.95000000006235,798.3499999998216,732.0999999998819,424.95000000006235,508.8500000000814,512.9000000000813,721.9999999998911,722.049999999891,732.049999999882,732.0999999998819,794.2999999998253,798.3499999998216,18.100000000000122,142.89999999999824,19.100000000000136,0,193.05000000000965,0.25,0,26.0,120.00000000000134
J000095,2023-02-03/KELS,KELS,AMR_22,G20_14,WS_30_20,"[""110432""]",1,425.9500000000626,879.0999999997482,639.9999999999657,425.9500000000626,502.40000000007996,506.4500000000809,629.8999999999749,629.9499999999748,639.9499999999657,639.9999999999657,875.0499999997519,879.0999999997482,18.100000000000122,138.59999999999727,21.000000000000163,0,275.2000000000283,0.25,0,26.0,108.00000000000037
J000096,2023-02-03/KELS,KELS,AMR_34,G17_8,WS_30_20,"[""101061""]",1,425.9500000000626,929.9999999997019,757.0999999998592,425.9500000000626,675.3999999999335,679.4499999999298,746.9999999998684,747.0499999998683,757.0499999998592,757.0999999998592,925.9499999997056,929.9999999997019,18.100000000000122,208.2500000000131,38.49999999999995,0,238.95000000002008,0.25,0,68.00000000000071,151.99999999999855
J000097,2023-02-03/KELS,KELS,AMR_30,G15_10,WS_30_20,"[""110452""]",1,425.9500000000626,908.0499999997219,705.9499999999057,425.9500000000626,493.10000000007784,497.15000000007876,695.8499999999149,695.8999999999148,705.8999999999057,705.9499999999057,903.9999999997256,908.0499999997219,18.100000000000122,172.80000000000504,20.950000000000163,0,270.0000000000271,0.25,0,46.00000000000034,148.00000000000034
J000098,2023-02-03/KELS,KELS,AMR_09,G12_7,WS_30_20,"[""101336""]",1,425.9500000000626,885.9999999997419,656.9999999999502,425.9500000000626,480.1500000000749,484.2000000000758,646.8999999999594,646.9499999999593,656.9499999999503,656.9999999999502,881.9499999997456,885.9999999997419,18.100000000000122,196.90000000001052,26.750000000000245,0,218.05000000001533,0.25,0,40.00000000000003,183.99999999999505
J000099,2023-02-03/KELS,KELS,AMR_14,G3_14,WS_30_20,"[""110218""]",1,425.9500000000626,731.3499999998826,600.1500000000019,425.9500000000626,450.00000000006804,454.05000000006896,590.0500000000111,590.100000000011,600.100000000002,600.1500000000019,727.2999999998863,731.3499999998826,18.100000000000122,150.54999999999998,13.400000000000055,0,123.09999999999515,0.25,0,21.999999999999996,140.00000000000045
J000100,2023-02-03/DMHS,DMHS,AMR_25,G9_13,WS_8_20,"[""100167"", ""112307""]",3,432.90000000006415,508.05000000008124,469.6500000000725,432.90000000006415,432.90000000006415,436.9500000000651,459.5500000000702,459.6000000000702,469.6000000000725,469.6500000000725,504.0000000000803,508.05000000008124,18.100000000000122,45.999999999999524,7.649999999999981,0,3.1999999999999966,0.2,0,0.0,48.000000000000284
J000101,2023-02-03/BAMP,BAMP,AMR_17,G5_15,WS_19_20,"[""101043""]",1,439.50000000006565,628.8999999999758,589.8500000000113,439.50000000006565,472.10000000007307,476.150000000074,579.7500000000205,579.8000000000204,589.8000000000113,589.8500000000113,624.8499999999794,628.8999999999758,18.100000000000122,113.94999999999567,14.250000000000068,0,42.8499999999997,0.25,0,29.999999999999964,88.00000000000097
J000102,2023-02-03/AMPP,AMPP,AMR_21,G18_15,WS_13_20,"[""110146"", ""110252"", ""110346""]",5,442.0000000000662,613.8499999999894,550.600000000047,442.0000000000662,466.9500000000719,471.0000000000728,540.5000000000562,540.5500000000561,550.550000000047,550.600000000047,609.7999999999931,613.8499999999894,18.100000000000122,66.54999999999836,12.450000000000042,0,74.49999999999791,0.25,0,20.0,44.0000000000002
J000103,2023-02-03/BKSD,BKSD,AMR_01,G11_10,WS_25_20,"[""101022"", ""101147"", ""101305""]",3,444.4500000000668,904.649999999725,812.299999999809,444.4500000000668,703.7999999999076,707.849999999904,802.1999999998181,802.2499999998181,812.249999999809,812.299999999809,900.5999999997287,904.649999999725,18.100000000000122,182.2500000000072,21.950000000000177,0,237.6500000000198,0.25,0,74.00000000000023,104.0000000000008
J000104,2023-02-03/AMPP,AMPP,AMR_16,G8_14,WS_13_20,"[""112275"", ""118513"", ""135096""]",4,459.0500000000701,624.7499999999795,570.8000000000286,459.0500000000701,498.00000000007896,502.0500000000799,560.7000000000378,560.7500000000377,570.7500000000286,570.8000000000286,620.6999999999832,624.7499999999795,18.100000000000122,97.4499999999966,13.350000000000055,0,36.55000000000006,0.25,0,40.00000000000017,60.00000000000041
J000105,2023-02-03/BKSD,BKSD,AMR_07,G20_4,WS_25_20,"[""121875"", ""123310""]",3,468.60000000007227,942.7999999996903,574.6500000000251,468.60000000007227,508.3500000000813,512.4000000000817,564.5500000000343,564.6000000000342,574.6000000000251,574.6500000000251,938.749999999694,942.7999999996903,18.100000000000122,157.90000000000165,19.100000000000136,0,278.8500000000291,0.25,0,46.00000000000014,124.00000000000088
J000106,2023-02-03/DSET,DSET,AMR_37,G15_15,WS_8_20,"[""110604"", ""112034"", ""123094"", ""124211"", ""124702""]",5,470.25000000007265,912.5999999997177,877.3499999997498,470.25000000007265,829.2999999997935,833.3499999997898,867.249999999759,867.2999999997589,877.2999999997498,877.3499999997498,908.5499999997214,912.5999999997177,18.100000000000122,221.35000000001608,33.650000000000226,0,169.00000000000418,0.25,0,191.99999999999562,56.00000000000068
J000107,2023-02-03/DSET,DSET,AMR_31,G14_10,WS_8_20,"[""101180"", ""110541"", ""112317"", ""112332""]",4,487.5500000000766,862.1499999997636,816.3999999998052,487.5500000000766,741.3499999998735,745.3999999998698,806.2999999998144,806.3499999998144,816.3499999998053,816.3999999998052,858.0999999997673,862.1499999997636,18.100000000000122,189.40000000000882,27.75000000000026,0,139.09999999999738,0.25,0,140.00000000000188,72.00000000000077
J000108,2023-02-03/DSET,DSET,AMR_38,G17_10,WS_8_20,"[""110154"", ""110575"", ""121904"", ""137523""]",5,498.80000000007914,1028.4999999996123,790.9999999998283,498.80000000007914,724.249999999889,728.2999999998854,780.8999999998375,780.9499999998375,790.9499999998284,790.9999999998283,1024.449999999616,1028.4999999996123,18.100000000000122,174.65000000000546,22.95000000000019,0,313.75000000003706,0.25,0,70.00000000000091,108.00000000000142
J000109,2023-02-03/DSET,DSET,AMR_25,G14_4,WS_8_20,"[""110336"", ""110385"", ""111391"", ""129530""]",4,508.10000000008125,830.8499999997921,775.0499999998428,508.10000000008125,687.949999999922,691.9999999999184,764.949999999852,764.999999999852,774.9999999998429,775.0499999998428,826.7999999997958,830.8499999997921,18.100000000000122,156.65000000000137,23.950000000000205,0,123.79999999999511,0.25,0,72.00000000000078,104.00000000000186
J000110,2023-02-03/AMPP,AMPP,AMR_12,G18_13,WS_13_20,"[""101146"", ""113197"", ""132279""]",3,517.2500000000773,1181.1499999994735,1046.9499999995955,517.2500000000773,895.849999999733,899.8999999997293,1036.8499999996047,1036.8999999996047,1046.8999999995956,1046.9499999995955,1177.0999999994772,1181.1499999994735,18.100000000000122,200.25000000001128,40.14999999999986,0,405.15000000005784,0.25,0,118.00000000000054,64.00000000000034
J000111,2023-02-03/DSET,DSET,AMR_11,G17_15,WS_8_20,"[""110499"", ""112279"", ""112334""]",3,522.8500000000722,787.0999999998319,711.9999999999002,522.8500000000722,634.6999999999705,638.7499999999668,701.8999999999094,701.9499999999093,711.9499999999002,711.9999999999002,783.0499999998356,787.0999999998319,18.100000000000122,120.14999999999532,16.200000000000095,0,109.54999999999592,0.25,0,60.00000000000061,64.00000000000047
J000112,2023-02-03/ALMA,ALMA,AMR_32,G9_13,WS_2_20,"[""109969""]",1,528.3000000000673,750.7499999998649,710.3499999999017,528.3000000000673,611.7499999999914,615.7999999999877,700.2499999999109,700.2999999999108,710.2999999999017,710.3499999999017,746.6999999998686,750.7499999998649,18.100000000000122,96.39999999999667,14.300000000000068,0,93.39999999999684,0.25,0,30.0,68.00000000000088
J000113,2023-02-03/AMPP,AMPP,AMR_03,G20_13,WS_13_20,"[""101020"", ""101122"", ""107285""]",4,537.0500000000593,1336.2999999993324,1287.8499999993765,537.0500000000593,1214.749999999443,1218.7999999994393,1277.7499999993856,1277.7999999993856,1287.7999999993765,1287.8499999993765,1332.249999999336,1336.2999999993324,18.100000000000122,355.2500000000465,57.49999999999887,0,368.15000000004943,0.25,0,307.9999999999891,60.00000000000034
J000114,2023-02-03/BKSD,BKSD,AMR_20,G17_12,WS_25_20,"[""107250"", ""111277""]",2,544.6000000000524,973.9499999996619,662.749999999945,544.6000000000524,595.5000000000061,599.5500000000025,652.6499999999542,652.6999999999541,662.699999999945,662.749999999945,969.8999999996656,973.9499999996619,18.100000000000122,167.65000000000387,31.550000000000313,0,211.8000000000139,0.25,0,10.0,151.99999999999778
J000115,2023-02-03/AMPP,AMPP,AMR_39,G12_9,WS_13_20,"[""101104"", ""101337"", ""107124""]",3,568.6000000000306,887.5499999997405,848.8999999997757,568.6000000000306,775.6999999998422,779.7499999998386,838.7999999997849,838.8499999997848,848.8499999997757,848.8999999997757,883.4999999997442,887.5499999997405,18.100000000000122,135.84999999999664,24.90000000000022,0,139.84999999999755,0.25,0,68.00000000000037,60.000000000000426
J000116,2023-02-03/AMPP,AMPP,AMR_33,G18_10,WS_13_20,"[""110492"", ""118475"", ""124207""]",3,574.3500000000254,1052.94999999959,801.4499999998188,574.3500000000254,718.4499999998943,722.4999999998906,791.349999999828,791.399999999828,801.3999999998189,801.4499999998188,1048.8999999995938,1052.94999999959,18.100000000000122,158.75000000000185,34.40000000000018,0,267.10000000002645,0.25,0,52.00000000000023,92.00000000000045
J000117,2023-02-03/BKSD,BKSD,AMR_13,G18_8,WS_25_20,"[""101085"", ""110211""]",2,585.700000000015,953.0999999996809,787.0499999998319,585.700000000015,720.1499999998928,724.1999999998891,776.9499999998411,776.9999999998411,786.999999999832,787.0499999998319,949.0499999996846,953.0999999996809,18.100000000000122,200.00000000001123,31.600000000000314,0,117.44999999999547,0.25,0,92.0000000000012,120.00000000000082
J000118,2023-02-03/BAMP,BAMP,AMR_05,G15_6,WS_19_20,"[""117422""]",1,607.2499999999955,1198.4499999994578,1076.099999999569,607.2499999999955,660.7999999999467,664.8499999999431,1065.9999999995782,1066.0499999995782,1076.049999999569,1076.099999999569,1194.3999999994614,1198.4499999994578,18.100000000000122,143.94999999999848,26.850000000000247,0,402.05000000005714,0.25,0,24.000000000000007,116.00000000000105
J000119,2023-02-03/ALMA,ALMA,AMR_21,G21_14,WS_2_20,"[""111241""]",1,613.8999999999894,1249.4999999994113,1084.3499999995615,613.8999999999894,939.4999999996933,943.5499999996896,1074.2499999995707,1074.2999999995707,1084.2999999995616,1084.3499999995615,1245.449999999415,1249.4999999994113,18.100000000000122,217.55000000001522,39.3499999999999,0,360.35000000004766,0.25,0,104.00000000000088,112.00000000000108
J000120,2023-02-03/DSET,DSET,AMR_15,G3_15,WS_8_20,"[""110255"", ""112392"", ""127627""]",3,616.9999999999866,722.8999999998903,696.0499999999147,616.9999999999866,647.5499999999588,651.5999999999551,685.9499999999239,685.9999999999238,695.9999999999147,696.0499999999147,718.849999999894,722.8999999998903,18.100000000000122,68.74999999999824,12.400000000000041,0,6.399999999999985,0.25,0,23.999999999999996,48.0000000000001
J000121,2023-02-03/AMPP,AMPP,AMR_16,G23_14,WS_13_20,"[""107314"", ""113227"", ""115580""]",5,624.7999999999795,1346.0499999993235,1270.799999999392,624.7999999999795,831.3999999997916,835.4499999997879,1260.6999999994011,1260.749999999401,1270.749999999392,1270.799999999392,1341.9999999993272,1346.0499999993235,18.100000000000122,165.25000000000333,30.6500000000003,0,507.000000000081,0.25,0,54.00000000000004,100.00000000000028
J000122,2023-02-03/BKSD,BKSD,AMR_17,G9_12,WS_25_20,"[""120778"", ""135158""]",2,628.9499999999757,1192.599999999463,927.5999999997041,628.9499999999757,658.2499999999491,662.2999999999454,917.4999999997133,917.5499999997132,927.5499999997041,927.5999999997041,1188.5499999994668,1192.599999999463,18.100000000000122,190.45000000000906,30.6500000000003,0,324.20000000003944,0.25,0,21.999999999999964,167.99999999999653
J000123,2023-02-03/ALMA,ALMA,AMR_35,G20_7,WS_2_20,"[""111357""]",1,683.9499999999257,1166.399999999487,1009.8499999996293,683.9499999999257,928.0999999997036,932.1499999997,999.7499999996385,999.7999999996384,1009.7999999996293,1009.8499999996293,1162.3499999994906,1166.399999999487,18.100000000000122,192.8000000000096,28.750000000000274,0,242.5500000000209,0.25,0,70.00000000000091,144.00000000000168
J000124,2023-02-03/BAMP,BAMP,AMR_19,G14_7,WS_19_20,"[""107377""]",1,686.9999999999229,1188.6499999994667,1059.0499999995845,686.9999999999229,686.9999999999229,691.0499999999192,1048.9499999995937,1048.9999999995937,1058.9999999995846,1059.0499999995845,1184.5999999994704,1188.6499999994667,18.100000000000122,151.35000000000016,21.050000000000164,0,310.9500000000364,0.2,0,0.0,163.99999999999858
J000125,2023-02-03/DSET,DSET,AMR_40,G15_4,WS_8_20,"[""110390"", ""110450"", ""123310""]",3,703.1999999999082,902.4999999997269,845.5499999997787,703.1999999999082,779.6999999998386,783.7499999998349,835.4499999997879,835.4999999997879,845.4999999997788,845.5499999997787,898.4499999997306,902.4999999997269,18.100000000000122,141.4499999999979,18.150000000000123,0,21.35000000000017,0.25,0,52.000000000000554,108.000000000002
J000126,2023-02-03/ALMA,ALMA,AMR_10,G20_12,WS_2_20,"[""112386""]",1,707.799999999904,1063.2999999995807,923.3999999997079,707.799999999904,707.799999999904,711.8499999999003,913.2999999997171,913.349999999717,923.349999999708,923.3999999997079,1059.2499999995844,1063.2999999995807,18.100000000000122,100.84999999999641,8.549999999999986,0,227.80000000001755,0.2,0,0.0,108.00000000000162
J000127,2023-02-03/BKSD,BKSD,AMR_15,G17_14,WS_25_20,"[""110380"", ""124208""]",2,722.9499999998902,1415.2499999992606,1349.0499999993208,722.9499999998902,1283.4999999993804,1287.5499999993767,1338.94999999933,1338.99999999933,1348.9999999993208,1349.0499999993208,1411.1999999992643,1415.2499999992606,18.100000000000122,281.9000000000298,48.99999999999935,0,343.0500000000437,0.25,0,229.99999999999247,72.00000000000006
J000128,2023-02-03/BAMP,BAMP,AMR_14,G15_13,WS_19_20,"[""101025""]",1,731.3999999998825,989.299999999648,946.6999999996867,731.3999999998825,805.1999999998154,809.2499999998117,936.5999999996959,936.6499999996959,946.6499999996868,946.6999999996867,985.2499999996517,989.299999999648,18.100000000000122,105.24999999999616,19.150000000000137,0,115.1499999999956,0.25,0,62.000000000000895,52.00000000000021
J000129,2023-02-03/AMPP,AMPP,AMR_29,G3_14,WS_13_20,"[""101163"", ""112040"", ""115355""]",4,741.6999999998732,930.3999999997015,878.7999999997485,741.6999999998732,794.649999999825,798.6999999998213,868.6999999997577,868.7499999997576,878.7499999997485,878.7999999997485,926.3499999997052,930.3999999997015,18.100000000000122,116.64999999999552,15.300000000000082,0,38.399999999999956,0.25,0,58.00000000000087,72.00000000000064
J000130,2023-02-03/DSET,DSET,AMR_04,G17_4,WS_8_20,"[""110492"", ""124207"", ""125535""]",4,743.7999999998713,944.8499999996884,861.5999999997641,743.7999999998713,783.0999999998355,787.1499999998318,851.4999999997733,851.5499999997733,861.5499999997642,861.5999999997641,940.7999999996921,944.8499999996884,18.100000000000122,147.69999999999933,16.200000000000095,0,18.800000000000132,0.25,0,28.000000000000004,148.0000000000006
J000131,2023-02-03/BKSD,BKSD,AMR_32,G23_15,WS_25_20,"[""101285""]",1,750.7999999998649,929.3499999997025,911.6499999997186,750.7999999998649,855.6499999997695,859.6999999997659,901.5499999997278,901.5999999997277,911.5999999997186,911.6499999997186,925.2999999997062,929.3499999997025,18.100000000000122,89.74999999999704,16.250000000000096,0,54.19999999999906,0.25,0,48.00000000000003,36.00000000000003
J000132,2023-02-03/KELS,KELS,AMR_24,G18_9,WS_30_20,"[""110479""]",1,756.2999999998599,1156.7499999994957,831.1999999997918,756.2999999998599,756.2999999998599,760.3499999998562,821.099999999801,821.1499999998009,831.1499999997918,831.1999999997918,1152.6999999994994,1156.7499999994957,18.100000000000122,150.75000000000003,24.850000000000218,0,206.55000000001272,0.2,0,0.0,156.00000000000037
J000133,2023-02-03/BAMP,BAMP,AMR_11,G15_5,WS_19_20,"[""110538""]",1,787.1499999998318,1314.1499999993525,1151.6499999995003,787.1499999998318,906.849999999723,910.8999999997193,1141.5499999995095,1141.5999999995095,1151.5999999995004,1151.6499999995003,1310.0999999993562,1314.1499999993525,18.100000000000122,139.39999999999745,22.10000000000018,0,347.15000000004466,0.25,0,36.00000000000004,100.00000000000094
J000134,2023-02-03/DSET,DSET,AMR_26,G3_13,WS_8_20,"[""107103"", ""134611""]",3,796.9999999998229,925.6499999997059,893.4999999997351,796.9999999998229,829.1999999997936,833.2499999997899,883.3999999997443,883.4499999997443,893.4499999997352,893.4999999997351,921.5999999997096,925.6499999997059,18.100000000000122,81.19999999999753,15.300000000000082,0,13.800000000000061,0.25,0,26.000000000000025,56.000000000000185
J000135,2023-02-03/ALMA,ALMA,AMR_23,G20_8,WS_2_20,"[""131980""]",1,798.3999999998216,1153.8999999994983,966.9499999996683,798.3999999998216,798.3999999998216,802.4499999998179,956.8499999996775,956.8999999996774,966.8999999996684,966.9499999996683,1149.849999999502,1153.8999999994983,18.100000000000122,117.24999999999548,13.350000000000055,0,206.60000000001273,0.2,0,0.0,124.00000000000173
J000136,2023-02-03/BKSD,BKSD,AMR_18,G27_15,WS_25_20,"[""110424""]",1,830.0499999997928,1301.7999999993638,1263.3999999993987,830.0499999997928,1234.6499999994248,1238.6999999994212,1253.2999999994079,1253.3499999994078,1263.3499999993987,1263.3999999993987,1297.7499999993674,1301.7999999993638,18.100000000000122,223.00000000001646,41.1999999999998,0,189.20000000000877,0.25,0,199.99999999999412,36.0
J000137,2023-02-03/DSET,DSET,AMR_25,G15_14,WS_8_20,"[""107412"", ""110531""]",2,830.899999999792,1003.4499999996351,942.7499999996903,830.899999999792,865.4999999997606,869.5499999997569,932.6499999996995,932.6999999996995,942.6999999996904,942.7499999996903,999.3999999996388,1003.4499999996351,18.100000000000122,92.64999999999688,14.350000000000069,0,47.199999999999456,0.25,0,30.0,68.00000000000063
J000138,2023-02-03/KJIN,KJIN,AMR_31,G3_15,WS_30_20,"[""110222"", ""110615"", ""112231""]",4,862.1999999997636,1227.3499999994315,976.5499999996596,862.1999999997636,896.8499999997321,900.8999999997284,966.4499999996688,966.4999999996687,976.4999999996596,976.5499999996596,1223.2999999994352,1227.3499999994315,18.100000000000122,190.200000000009,20.05000000000015,0,136.5499999999968,0.25,0,32.00000000000003,195.99999999999295
J000139,2023-02-03/KJIN,KJIN,AMR_06,G14_15,WS_30_20,"[""125583"", ""133300""]",2,866.6999999997595,1229.8499999994292,959.649999999675,866.6999999997595,866.6999999997595,870.7499999997558,949.5499999996841,949.5999999996841,959.599999999675,959.649999999675,1225.7999999994329,1229.8499999994292,18.100000000000122,154.1500000000008,20.10000000000015,0,170.60000000000454,0.2,0,0.0,167.99999999999744
J000140,2023-02-03/DSET,DSET,AMR_22,G8_12,WS_8_20,"[""112073"", ""138351""]",2,879.1499999997482,1283.3499999993805,1238.6999999994212,879.1499999997482,1142.099999999509,1146.1499999995053,1228.5999999994303,1228.6499999994303,1238.6499999994212,1238.6999999994212,1279.2999999993842,1283.3499999993805,18.100000000000122,145.84999999999891,24.90000000000022,0,215.10000000001466,0.25,0,104.00000000000176,52.00000000000013
J000141,2023-02-03/KJIN,KJIN,AMR_09,G17_9,WS_30_20,"[""110391"", ""110483""]",2,886.0499999997419,1266.9499999993955,1073.0999999995718,886.0499999997419,918.849999999712,922.8999999997084,1062.999999999581,1063.049999999581,1073.0499999995718,1073.0999999995718,1262.8999999993991,1266.9499999993955,18.100000000000122,158.30000000000175,22.90000000000019,0,181.350000000007,0.25,0,22.0,132.00000000000054
J000142,2023-02-03/AMPP,AMPP,AMR_39,G2_13,WS_13_20,"[""107105"", ""110378"", ""114762""]",5,887.5999999997405,1056.0999999995872,1012.9999999996264,887.5999999997405,935.0499999996973,939.0999999996936,1002.8999999996356,1002.9499999996356,1012.9499999996265,1012.9999999996264,1052.049999999591,1056.0999999995872,18.100000000000122,108.74999999999596,15.300000000000082,0,26.100000000000236,0.25,0,35.999999999999986,88.00000000000092
J000143,2023-02-03/DSET,DSET,AMR_40,G12_10,WS_8_20,"[""110216"", ""110582""]",2,902.5499999997269,1021.5999999996186,972.6999999996631,902.5499999997269,928.9499999997029,932.9999999996992,962.5999999996723,962.6499999996722,972.6499999996631,972.6999999996631,1017.5499999996223,1021.5999999996186,18.100000000000122,80.79999999999755,13.350000000000055,0,6.549999999999985,0.25,0,22.0,64.00000000000068
J000144,2023-02-03/KJIN,KJIN,AMR_01,G11_10,WS_30_20,"[""101022"", ""101147""]",3,904.6999999997249,1181.799999999473,1036.1999999996053,904.6999999997249,904.6999999997249,908.7499999997212,1026.0999999996145,1026.1499999996145,1036.1499999996054,1036.1999999996053,1177.7499999994766,1181.799999999473,18.100000000000122,115.0499999999956,11.450000000000028,0,132.29999999999583,0.2,0,0.0,124.00000000000063
J000145,2023-02-03/DSET,DSET,AMR_30,G5_9,WS_8_20,"[""110166"", ""110592""]",2,908.0999999997218,1076.7499999995684,1031.4499999996096,908.0999999997218,972.2999999996634,976.3499999996598,1021.3499999996188,1021.3999999996188,1031.3999999996097,1031.4499999996096,1072.6999999995721,1076.7499999995684,18.100000000000122,101.59999999999637,17.20000000000011,0,31.500000000000313,0.25,0,34.00000000000003,76.00000000000063
J000146,2023-02-03/BKSD,BKSD,AMR_37,G21_15,WS_25_20,"[""135012""]",1,912.6499999997177,1130.2999999995197,1105.3999999995424,912.6499999997177,1061.1499999995826,1065.199999999579,1095.2999999995516,1095.3499999995515,1105.3499999995424,1105.3999999995424,1126.2499999995234,1130.2999999995197,18.100000000000122,107.49999999999604,20.950000000000163,0,70.84999999999812,0.25,0,60.00000000000003,44.0
J000147,2023-02-03/AMPP,AMPP,AMR_36,G12_7,WS_13_20,"[""110552"", ""110585"", ""112022""]",3,919.2999999997116,1068.399999999576,1029.899999999611,919.2999999997116,948.649999999685,952.6999999996813,1019.7999999996202,1019.8499999996202,1029.849999999611,1029.899999999611,1064.3499999995797,1068.399999999576,18.100000000000122,87.39999999999718,15.300000000000082,0,28.050000000000264,0.25,0,22.00000000000003,68.0000000000008
J000148,2023-02-03/KJIN,KJIN,AMR_26,G6_6,WS_30_20,"[""110301"", ""110306""]",2,925.6999999997058,1279.9499999993836,1111.8499999995365,925.6999999997058,997.2999999996407,1001.349999999637,1101.7499999995457,1101.7999999995457,1111.7999999995366,1111.8499999995365,1275.8999999993873,1279.9499999993836,18.100000000000122,213.45000000001428,26.750000000000245,0,95.6999999999967,0.25,0,56.00000000000054,195.9999999999953
J000149,2023-02-03/BKSD,BKSD,AMR_32,G21_12,WS_25_20,"[""112430""]",1,929.3999999997025,1346.599999999323,1286.6999999993775,929.3999999997025,1181.9499999994728,1185.999999999469,1276.5999999993867,1276.6499999993866,1286.6499999993775,1286.6999999993775,1342.5499999993267,1346.599999999323,18.100000000000122,180.00000000000668,29.650000000000286,0,189.20000000000877,0.25,0,118.0000000000015,72.00000000000009
J000150,2023-02-03/DSET,DSET,AMR_34,G15_9,WS_8_20,"[""107259"", ""110593""]",2,930.0499999997019,1251.3499999994096,1110.199999999538,930.0499999997019,1040.5999999996013,1044.6499999995976,1100.0999999995472,1100.1499999995472,1110.149999999538,1110.199999999538,1247.2999999994133,1251.3499999994096,18.100000000000122,106.59999999999609,15.350000000000083,0,181.0000000000069,0.25,0,22.00000000000003,88.00000000000088
J000151,2023-02-03/BKSD,BKSD,AMR_29,G18_12,WS_25_20,"[""110301""]",1,930.4499999997015,1286.3499999993778,1233.349999999426,930.4499999997015,1095.2999999995516,1099.349999999548,1223.2499999994352,1223.2999999994352,1233.299999999426,1233.349999999426,1282.2999999993815,1286.3499999993778,18.100000000000122,197.85000000001074,28.700000000000273,0,110.99999999999584,0.25,0,126.00000000000244,84.00000000000023
J000152,2023-02-03/AMPP,AMPP,AMR_08,G15_10,WS_13_20,"[""101335"", ""112017"", ""120052""]",4,931.8499999997002,1103.699999999544,1063.99999999958,931.8499999997002,966.249999999669,970.2999999996653,1053.8999999995892,1053.9499999995892,1063.94999999958,1063.99999999958,1099.6499999995476,1103.699999999544,18.100000000000122,90.29999999999701,14.300000000000068,0,48.89999999999936,0.25,0,34.0,56.00000000000034
J000153,2023-02-03/DSET,DSET,AMR_07,G8_14,WS_8_20,"[""135096""]",1,942.8499999996902,1125.4499999995242,1094.3999999995524,942.8499999996902,1031.7999999996093,1035.8499999996056,1084.2999999995616,1084.3499999995615,1094.3499999995524,1094.3999999995524,1121.3999999995278,1125.4499999995242,18.100000000000122,110.09999999999589,21.000000000000163,0,33.150000000000254,0.25,0,68.00000000000094,44.00000000000004
J000154,2023-02-03/KJIN,KJIN,AMR_04,G21_13,WS_30_20,"[""131976""]",2,944.8999999996884,1127.799999999522,1090.399999999556,944.8999999996884,1033.9999999996073,1038.0499999996036,1080.2999999995652,1080.3499999995652,1090.349999999556,1090.399999999556,1123.7499999995257,1127.799999999522,18.100000000000122,99.79999999999647,15.300000000000082,0,49.44999999999933,0.25,0,37.999999999999986,72.00000000000023
J000155,2023-02-03/ALMA,ALMA,AMR_13,G18_8,WS_2_20,"[""120449""]",1,953.1499999996809,1287.9499999993764,1067.0499999995773,953.1499999996809,953.1499999996809,957.1999999996772,1056.9499999995865,1056.9999999995864,1066.9999999995773,1067.0499999995773,1283.89999999938,1287.9499999993764,18.100000000000122,137.09999999999692,15.300000000000082,0,164.10000000000306,0.2,0,0.0,152.00000000000054
J000156,2023-02-03/DSET,DSET,AMR_20,G17_12,WS_8_20,"[""101018"", ""110162"", ""110284"", ""112287"", ""125639""]",5,973.9999999996619,1206.3499999994506,1047.3499999995952,973.9999999996619,973.9999999996619,978.0499999996582,1037.2499999996044,1037.2999999996043,1047.2999999995952,1047.3499999995952,1202.2999999994543,1206.3499999994506,18.100000000000122,71.69999999999807,8.549999999999986,0,133.79999999999617,0.2,0,0.0,76.00000000000094
J000157,2023-02-03/KJIN,KJIN,AMR_14,G15_15,WS_30_20,"[""124211""]",1,989.3499999996479,1212.6999999994448,1128.899999999521,989.3499999996479,1008.4499999996306,1012.4999999996269,1118.7999999995302,1118.8499999995302,1128.849999999521,1128.899999999521,1208.6499999994485,1212.6999999994448,18.100000000000122,100.84999999999641,14.300000000000068,0,89.84999999999704,0.25,0,8.0,92.0
J000158,2023-02-03/BAMP,BAMP,AMR_25,G9_8,WS_19_20,"[""127717""]",2,1003.4999999996351,1310.9499999993554,1229.5999999994294,1003.4999999996351,1048.3999999995942,1052.4499999995905,1219.4999999994386,1219.5499999994386,1229.5499999994295,1229.5999999994294,1306.8999999993591,1310.9499999993554,18.100000000000122,118.14999999999543,17.20000000000011,0,153.7500000000007,0.25,0,28.0,96.00000000000065
J000159,2023-02-03/BKSD,BKSD,AMR_40,G21_10,WS_25_20,"[""117025""]",1,1021.6499999996186,1333.2499999993352,1206.1499999994508,1021.6499999996186,1095.7999999995511,1099.8499999995474,1196.04999999946,1196.09999999946,1206.0999999994508,1206.1499999994508,1329.1999999993388,1333.2499999993352,18.100000000000122,139.84999999999755,17.15000000000011,0,136.24999999999673,0.25,0,62.000000000000625,96.00000000000102
J000160,2023-02-03/AMPP,AMPP,AMR_38,G9_14,WS_13_20,"[""110215"", ""135157""]",3,1028.5499999996123,1248.849999999412,1219.149999999439,1028.5499999996123,1072.9999999995719,1077.0499999995682,1209.0499999994481,1209.099999999448,1219.099999999439,1219.149999999439,1244.7999999994156,1248.849999999412,18.100000000000122,73.89999999999795,15.300000000000082,0,112.74999999999574,0.25,0,24.0,48.000000000000085
J000161,2023-02-03/DSET,DSET,AMR_33,G15_13,WS_8_20,"[""101025"", ""112045""]",2,1052.99999999959,1262.6499999993994,1128.1499999995217,1052.99999999959,1078.1499999995672,1082.1999999995635,1118.0499999995309,1118.0999999995308,1128.0999999995217,1128.1499999995217,1258.599999999403,1262.6499999993994,18.100000000000122,85.39999999999729,13.350000000000055,0,92.54999999999688,0.25,0,12.0,72.00000000000043
J000162,2023-02-03/KJIN,KJIN,AMR_39,G15_12,WS_30_20,"[""101155""]",1,1056.1499999995872,1308.6499999993575,1218.999999999439,1056.1499999995872,1093.3499999995533,1097.3999999995497,1208.8999999994483,1208.9499999994482,1218.9499999994391,1218.999999999439,1304.5999999993612,1308.6499999993575,18.100000000000122,128.94999999999507,15.250000000000082,0,89.94999999999703,0.25,0,35.99999999999997,100.0
J000163,2023-02-03/BAMP,BAMP,AMR_10,G5_13,WS_19_20,"[""115077""]",1,1063.3499999995806,1328.8999999993391,1281.849999999382,1063.3499999995806,1178.9999999994754,1183.0499999994718,1271.749999999391,1271.799999999391,1281.799999999382,1281.849999999382,1324.8499999993428,1328.8999999993391,18.100000000000122,139.09999999999738,17.25000000000011,0,90.84999999999698,0.25,0,44.000000000000256,100.00000000000122
J000164,2023-02-03/AMPP,AMPP,AMR_36,G6_13,WS_13_20,"[""107261"", ""112444""]",2,1068.449999999576,1295.0999999993699,1253.8999999994073,1068.449999999576,1111.9999999995364,1116.0499999995327,1243.7999999994165,1243.8499999994165,1253.8499999994074,1253.8999999994073,1291.0499999993735,1295.0999999993699,18.100000000000122,101.74999999999636,15.300000000000082,0,91.24999999999696,0.25,0,44.0000000000004,64.00000000000034
J000165,2023-02-03/DSET,DSET,AMR_30,G20_12,WS_8_20,"[""101097"", ""101218"", ""107458"", ""111387""]",5,1076.7999999995684,1416.3999999992595,1346.1499999993234,1076.7999999995684,1197.4999999994586,1201.549999999455,1336.0499999993326,1336.0999999993326,1346.0999999993235,1346.1499999993234,1412.3499999992632,1416.3999999992595,18.100000000000122,170.35000000000448,21.000000000000163,0,129.8999999999953,0.25,0,100.00000000000117,88.00000000000085
J000166,2023-02-03/BLWE,BLWE,AMR_28,G14_13,WS_2_20,"[""110254"", ""110417"", ""111228""]",3,1101.9999999995455,1296.3999999993687,1251.8999999994091,1101.9999999995455,1197.7499999994584,1201.7999999994547,1241.7999999994183,1241.8499999994183,1251.8499999994092,1251.8999999994091,1292.3499999993724,1296.3999999993687,18.100000000000122,141.799999999998,21.050000000000164,0,13.200000000000053,0.25,0,82.00000000000134,80.0000000000012
J000167,2023-02-03/BLWE,BLWE,AMR_08,G11_4,WS_2_20,"[""110252"", ""112374"", ""123763""]",3,1103.749999999544,1272.5499999993904,1198.199999999458,1103.749999999544,1137.699999999513,1141.7499999995093,1188.0999999994672,1188.1499999994671,1198.149999999458,1198.199999999458,1268.499999999394,1272.5499999993904,18.100000000000122,124.59999999999506,14.300000000000068,0,11.55000000000003,0.25,0,28.000000000000004,120.00000000000219
J000168,2023-02-03/KJIN,KJIN,AMR_07,G20_6,WS_30_20,"[""124008""]",1,1125.499999999524,1435.699999999242,1316.6999999993502,1125.499999999524,1192.9499999994628,1196.999999999459,1306.5999999993594,1306.6499999993594,1316.6499999993503,1316.6999999993502,1431.6499999992457,1435.699999999242,18.100000000000122,179.40000000000654,21.050000000000164,0,91.39999999999695,0.25,0,68.00000000000077,140.0000000000003
J000169,2023-02-03/BLWE,BLWE,AMR_04,G6_15,WS_2_20,"[""112355"", ""113195""]",2,1127.849999999522,1479.8999999992018,1450.999999999228,1127.849999999522,1401.3999999992732,1405.4499999992695,1440.8999999992373,1440.9499999992372,1450.949999999228,1450.999999999228,1475.8499999992055,1479.8999999992018,18.100000000000122,115.59999999999557,22.05000000000018,0,196.05000000001033,0.25,0,78.00000000000134,40.000000000000085
J000170,2023-02-03/DSET,DSET,AMR_37,G6_14,WS_8_20,"[""107176""]",1,1130.3499999995197,1383.0999999992898,1330.149999999338,1130.3499999995197,1280.1999999993834,1284.2499999993797,1320.0499999993472,1320.0999999993471,1330.099999999338,1330.149999999338,1379.0499999992935,1383.0999999992898,18.100000000000122,87.89999999999715,14.350000000000069,0,132.1499999999958,0.25,0,36.000000000000014,44.00000000000004
J000171,2023-02-03/KJIN,KJIN,AMR_23,G17_8,WS_30_20,"[""113201""]",2,1153.9499999994982,1386.6999999992865,1267.1999999993952,1153.9499999994982,1197.9999999994582,1202.0499999994545,1257.0999999994044,1257.1499999994044,1267.1499999993953,1267.1999999993952,1382.6499999992902,1386.6999999992865,18.100000000000122,143.74999999999844,21.050000000000164,0,49.59999999999932,0.25,0,22.0,139.99999999999963
J000172,2023-02-03/BAMP,BAMP,AMR_24,G18_6,WS_19_20,"[""112404""]",1,1156.7999999994956,1415.79999999926,1300.0999999993653,1156.7999999994956,1172.999999999481,1177.0499999994772,1289.9999999993745,1290.0499999993744,1300.0499999993654,1300.0999999993653,1411.7499999992638,1415.79999999926,18.100000000000122,116.54999999999552,21.100000000000165,0,102.99999999999629,0.25,0,10.0,116.00000000000136
J000173,2023-02-03/BLWE,BLWE,AMR_35,G3_12,WS_2_20,"[""110220"", ""111207""]",3,1166.4499999994869,1359.2999999993115,1319.199999999348,1166.4499999994869,1267.8499999993946,1271.899999999391,1309.0999999993571,1309.149999999357,1319.149999999348,1319.199999999348,1355.2499999993152,1359.2999999993115,18.100000000000122,85.69999999999727,10.500000000000014,0,78.2999999999977,0.25,0,44.000000000000284,48.00000000000041
J000174,2023-02-03/DSET,DSET,AMR_12,G18_9,WS_8_20,"[""110137"", ""111295"", ""111363""]",3,1181.1999999994734,1538.7499999991483,1418.7499999992574,1181.1999999994734,1351.8499999993182,1355.8999999993146,1408.6499999992666,1408.6999999992665,1418.6999999992574,1418.7499999992574,1534.699999999152,1538.7499999991483,18.100000000000122,160.00000000000213,22.95000000000019,0,156.25000000000128,0.25,0,68.00000000000074,100.00000000000091
J000175,2023-02-03/KJIN,KJIN,AMR_01,G20_7,WS_30_20,"[""118501""]",1,1181.8499999994729,1449.1499999992297,1351.7999999993183,1181.8499999994729,1243.5499999994167,1247.599999999413,1341.6999999993275,1341.7499999993274,1351.7499999993183,1351.7999999993183,1445.0999999992334,1449.1499999992297,18.100000000000122,151.1000000000001,23.950000000000205,0,73.89999999999795,0.25,0,52.00000000000039,112.00000000000028
J000176,2023-02-03/AMPP,AMPP,AMR_19,G5_14,WS_13_20,"[""112344"", ""125175""]",2,1188.6999999994666,1367.8499999993037,1311.399999999355,1188.6999999994666,1249.899999999411,1253.9499999994073,1301.2999999993642,1301.3499999993642,1311.349999999355,1311.399999999355,1363.7999999993074,1367.8499999993037,18.100000000000122,109.04999999999595,17.20000000000011,0,34.550000000000175,0.25,0,44.000000000000185,72.00000000000063
J000177,2023-02-03/BAMP,BAMP,AMR_17,G2_13,WS_19_20,"[""110378""]",1,1192.649999999463,1511.2499999991733,1391.1999999992825,1192.649999999463,1314.649999999352,1318.6999999993484,1381.0999999992916,1381.1499999992916,1391.1499999992825,1391.1999999992825,1507.199999999177,1511.2499999991733,18.100000000000122,204.10000000001216,27.80000000000026,0,68.34999999999826,0.25,0,108.00000000000183,112.00000000000081
J000178,2023-02-03/BLWE,BLWE,AMR_05,G11_10,WS_2_20,"[""101022"", ""101147"", ""101305""]",3,1198.4999999994577,1348.6499999993212,1302.2999999993633,1198.4999999994577,1237.3999999994223,1241.4499999994187,1292.1999999993725,1292.2499999993724,1302.2499999993634,1302.2999999993633,1344.5999999993248,1348.6499999993212,18.100000000000122,99.3999999999965,13.350000000000055,0,19.050000000000136,0.25,0,36.0,80.00000000000111
J000179,2023-02-03/BKSD,BKSD,AMR_20,G20_10,WS_25_20,"[""125463""]",1,1206.3999999994505,1444.499999999234,1365.4499999993059,1206.3999999994505,1274.2499999993888,1278.2999999993851,1355.349999999315,1355.399999999315,1365.399999999306,1365.4499999993059,1440.4499999992377,1444.499999999234,18.100000000000122,134.59999999999636,18.150000000000123,0,66.99999999999834,0.25,0,42.000000000000284,104.00000000000091
J000180,2023-02-03/DSET,DSET,AMR_14,G14_14,WS_8_20,"[""107459""]",1,1212.7499999994448,1317.4999999993495,1279.599999999384,1212.7499999994448,1235.0499999994245,1239.0999999994208,1269.4999999993931,1269.549999999393,1279.549999999384,1279.599999999384,1313.4499999993532,1317.4999999993495,18.100000000000122,67.7499999999983,14.350000000000069,0,4.299999999999993,0.25,0,12.0,56.00000000000047
J000181,2023-02-03/KJIN,KJIN,AMR_31,G18_13,WS_30_20,"[""123306"", ""132279""]",2,1227.3999999994314,1454.249999999225,1403.799999999271,1227.3999999994314,1288.8499999993755,1292.8999999993719,1393.6999999992802,1393.7499999992801,1403.749999999271,1403.799999999271,1450.1999999992288,1454.249999999225,18.100000000000122,124.29999999999508,17.15000000000011,0,67.04999999999833,0.25,0,50.00000000000023,84.00000000000003
J000182,2023-02-03/AMPP,AMPP,AMR_06,G9_12,WS_13_20,"[""107162"", ""135158""]",2,1229.8999999994292,1360.94999999931,1328.5499999993394,1229.8999999994292,1254.349999999407,1258.3999999994032,1318.4499999993486,1318.4999999993486,1328.4999999993395,1328.5499999993394,1356.8999999993136,1360.94999999931,18.100000000000122,76.89999999999777,13.350000000000055,0,22.450000000000184,0.25,0,20.0,56.00000000000027
J000183,2023-02-03/BAMP,BAMP,AMR_38,G3_15,WS_19_20,"[""110222""]",1,1248.8999999994119,1506.2999999991778,1408.299999999267,1248.8999999994119,1317.04999999935,1321.0999999993462,1398.199999999276,1398.249999999276,1408.249999999267,1408.299999999267,1502.2499999991815,1506.2999999991778,18.100000000000122,129.19999999999513,16.250000000000096,0,93.59999999999683,0.25,0,29.999999999999968,92.00000000000043
J000184,2023-02-03/BLWE,BLWE,AMR_21,G9_13,WS_2_20,"[""110439"", ""112307""]",2,1249.5499999994113,1598.299999999094,1557.649999999131,1249.5499999994113,1489.8499999991927,1493.899999999189,1547.5499999991403,1547.5999999991402,1557.5999999991311,1557.649999999131,1594.2499999990978,1598.299999999094,18.100000000000122,151.35000000000016,23.000000000000192,0,156.05000000000123,0.25,0,94.00000000000153,68.00000000000085
J000185,2023-02-03/BKSD,BKSD,AMR_34,G15_14,WS_25_20,"[""101296""]",1,1251.3999999994096,1443.1499999992352,1397.299999999277,1251.3999999994096,1320.4499999993468,1324.4999999993431,1387.199999999286,1387.249999999286,1397.249999999277,1397.299999999277,1439.099999999239,1443.1499999992352,18.100000000000122,97.94999999999658,17.25000000000011,0,58.19999999999883,0.25,0,22.0,72.00000000000006
J000186,2023-02-03/DSET,DSET,AMR_33,G21_14,WS_8_20,"[""110533"", ""111241"", ""112286"", ""115794""]",5,1262.6999999993993,1645.8499999990509,1566.1499999991233,1262.6999999993993,1361.4499999993095,1365.4999999993058,1556.0499999991325,1556.0999999991325,1566.0999999991234,1566.1499999991233,1641.7999999990545,1645.8499999990509,18.100000000000122,134.64999999999637,19.100000000000136,0,211.05000000001374,0.25,0,30.0,104.00000000000114
J000187,2023-02-03/KJIN,KJIN,AMR_09,G17_12,WS_30_20,"[""110141""]",1,1266.9999999993954,1793.1999999989168,1560.0999999991288,1266.9999999993954,1291.2499999993734,1295.2999999993697,1549.999999999138,1550.049999999138,1560.0499999991289,1560.0999999991288,1789.1499999989205,1793.1999999989168,18.100000000000122,168.00000000000395,21.100000000000165,0,318.7500000000382,0.25,0,10.0,155.9999999999986
J000188,2023-02-03/AMPP,AMPP,AMR_08,G6_12,WS_13_20,"[""111992"", ""112320""]",2,1272.5999999993903,1419.9499999992563,1369.1999999993025,1272.5999999993903,1301.7499999993638,1305.7999999993601,1359.0999999993116,1359.1499999993116,1369.1499999993025,1369.1999999993025,1415.89999999926,1419.9499999992563,18.100000000000122,91.04999999999697,13.350000000000055,0,24.600000000000215,0.25,0,26.00000000000003,68.00000000000045
J000189,2023-02-03/BLWE,BLWE,AMR_26,G5_7,WS_2_20,"[""111212"", ""123310""]",2,1279.9999999993836,1411.0999999992644,1361.2499999993097,1279.9999999993836,1310.8499999993555,1314.8999999993518,1351.1499999993189,1351.1999999993188,1361.1999999993097,1361.2499999993097,1407.049999999268,1411.0999999992644,18.100000000000122,84.64999999999733,13.400000000000055,0,14.700000000000074,0.25,0,24.000000000000007,68.00000000000074
J000190,2023-02-03/BAMP,BAMP,AMR_22,G3_10,WS_19_20,"[""111997""]",1,1283.3999999993805,1510.9999999991735,1429.5999999992475,1283.3999999993805,1313.2499999993533,1317.2999999993497,1419.4999999992567,1419.5499999992567,1429.5499999992476,1429.5999999992475,1506.9499999991772,1510.9999999991735,18.100000000000122,123.9499999999951,12.35000000000004,0,72.949999999998,0.25,0,13.999999999999995,112.00000000000097
J000191,2023-02-03/BKSD,BKSD,AMR_29,G21_9,WS_25_20,"[""112395""]",1,1286.3999999993778,1464.8999999992154,1429.199999999248,1286.3999999993778,1354.8999999993155,1358.9499999993118,1419.099999999257,1419.149999999257,1429.149999999248,1429.199999999248,1460.849999999219,1464.8999999992154,18.100000000000122,102.59999999999631,17.15000000000011,0,40.39999999999984,0.25,0,36.00000000000003,72.00000000000051
J000192,2023-02-03/AMPP,AMPP,AMR_13,G17_10,WS_13_20,"[""110182"", ""110575""]",5,1287.9999999993763,1426.2499999992506,1386.299999999287,1287.9999999993763,1321.7499999993456,1325.799999999342,1376.199999999296,1376.249999999296,1386.249999999287,1386.299999999287,1422.1999999992543,1426.2499999992506,18.100000000000122,76.3499999999978,14.300000000000068,0,29.25000000000028,0.25,0,14.0,60.0000000000006
J000193,2023-02-03/DSET,DSET,AMR_02,G5_12,WS_8_20,"[""101116""]",1,1293.5999999993712,1420.249999999256,1386.7499999992865,1293.5999999993712,1332.8499999993355,1336.8999999993318,1376.6499999992957,1376.6999999992956,1386.6999999992865,1386.7499999992865,1416.1999999992597,1420.249999999256,18.100000000000122,84.44999999999735,15.300000000000082,0,8.549999999999986,0.25,0,25.999999999999993,60.00000000000027
J000194,2023-02-03/KJIN,KJIN,AMR_36,G15_10,WS_30_20,"[""107159""]",1,1295.1499999993698,1663.7499999990346,1497.9999999991853,1295.1499999993698,1386.5499999992867,1390.599999999283,1487.8999999991945,1487.9499999991945,1497.9499999991854,1497.9999999991853,1659.6999999990383,1663.7499999990346,18.100000000000122,240.25000000002038,29.600000000000286,0,80.39999999999758,0.25,0,60.00000000000067,207.99999999999483
J000195,2023-02-03/BKSD,BKSD,AMR_28,G14_12,WS_25_20,"[""110583""]",1,1296.4499999993686,1430.8499999992464,1381.3499999992914,1296.4499999993686,1300.6999999993648,1304.749999999361,1371.2499999993006,1371.2999999993006,1381.2999999992915,1381.3499999992914,1426.79999999925,1430.8499999992464,18.100000000000122,86.09999999999725,9.5,0,20.450000000000156,0.25,0,2.0,92.00000000000043
J000196,2023-02-03/AMPP,AMPP,AMR_18,G14_8,WS_13_20,"[""110267"", ""110528""]",3,1301.8499999993637,1557.849999999131,1521.549999999164,1301.8499999993637,1420.8999999992554,1424.9499999992518,1511.449999999173,1511.499999999173,1521.499999999164,1521.549999999164,1553.7999999991346,1557.849999999131,18.100000000000122,142.99999999999827,23.950000000000205,0,70.69999999999813,0.25,0,96.00000000000114,64.0000000000007
J000197,2023-02-03/BLWE,BLWE,AMR_39,G12_10,WS_2_20,"[""110324"", ""134683""]",2,1308.6999999993575,1471.899999999209,1402.4999999992722,1308.6999999993575,1323.7999999993438,1327.84999999934,1392.3999999992814,1392.4499999992813,1402.4499999992722,1402.4999999992722,1467.8499999992127,1471.899999999209,18.100000000000122,90.549999999997,12.400000000000041,0,41.89999999999976,0.25,0,10.0,84.00000000000102
J000198,2023-02-03/DSET,DSET,AMR_25,G6_13,WS_8_20,"[""112444""]",1,1310.9999999993554,1433.399999999244,1402.799999999272,1310.9999999993554,1339.0999999993298,1343.1499999993262,1392.699999999281,1392.749999999281,1402.749999999272,1402.799999999272,1429.3499999992478,1433.399999999244,18.100000000000122,70.29999999999815,15.300000000000082,0,18.450000000000127,0.25,0,19.999999999999986,48.00000000000013
J000199,2023-02-03/AMPP,AMPP,AMR_11,G2_14,WS_13_20,"[""110170"", ""111328""]",4,1314.1999999993525,1528.9499999991572,1487.249999999195,1314.1999999993525,1399.449999999275,1403.4999999992713,1477.1499999992043,1477.1999999992042,1487.1999999991951,1487.249999999195,1524.8999999991609,1528.9499999991572,18.100000000000122,146.79999999999913,22.95000000000019,0,26.650000000000244,0.25,0,76.00000000000101,84.00000000000104
J000200,2023-02-03/KJIN,KJIN,AMR_14,G15_13,WS_30_20,"[""129530""]",1,1317.5499999993494,1837.9499999988761,1435.1499999992425,1317.5499999993494,1352.2499999993179,1356.2999999993142,1425.0499999992517,1425.0999999992516,1435.0999999992425,1435.1499999992425,1833.8999999988798,1837.9499999988761,18.100000000000122,224.9500000000169,34.550000000000175,0,242.5500000000209,0.25,0,20.0,215.99999999999568
J000201,2023-02-03/BLWE,BLWE,AMR_10,G11_5,WS_2_20,"[""101075"", ""101296""]",2,1328.949999999339,1526.1499999991597,1469.699999999211,1328.949999999339,1404.1999999992706,1408.249999999267,1459.5999999992202,1459.6499999992202,1469.649999999211,1469.699999999211,1522.0999999991634,1526.1499999991597,18.100000000000122,144.74999999999866,19.150000000000137,0,14.950000000000077,0.25,0,60.00000000000071,116.00000000000244
J000202,2023-02-03/AMPP,AMPP,AMR_40,G21_10,WS_13_20,"[""101045"", ""111366""]",2,1333.2999999993351,1519.6999999991656,1470.1999999992106,1333.2999999993351,1333.2999999993351,1337.3499999993314,1460.0999999992198,1460.1499999992197,1470.1499999992106,1470.1999999992106,1515.6499999991693,1519.6999999991656,18.100000000000122,73.14999999999799,10.500000000000014,0,84.44999999999735,0.2,0,0.0,80.00000000000082
J000203,2023-02-03/BKSD,BKSD,AMR_03,G20_13,WS_25_20,"[""101122""]",1,1336.3499999993323,1447.5999999992312,1413.2499999992624,1336.3499999993323,1336.3499999993323,1340.3999999993287,1403.1499999992716,1403.1999999992715,1413.1999999992624,1413.2499999992624,1443.5499999992348,1447.5999999992312,18.100000000000122,60.599999999998694,9.55,0,22.80000000000019,0.2,0,0.0,64.00000000000013
J000204,2023-02-03/DSET,DSET,AMR_16,G15_12,WS_8_20,"[""101207""]",1,1346.0999999993235,1650.7499999990464,1534.4499999991522,1346.0999999993235,1476.0499999992053,1480.0999999992016,1524.3499999991614,1524.3999999991613,1534.3999999991522,1534.4499999991522,1646.69999999905,1650.7499999990464,18.100000000000122,107.29999999999605,16.250000000000096,0,162.75000000000276,0.25,0,24.0,76.00000000000065
J000205,2023-02-03/KJIN,KJIN,AMR_32,G18_8,WS_30_20,"[""110211""]",1,1346.649999999323,1931.449999998791,1699.9499999990016,1346.649999999323,1629.6999999990655,1633.7499999990619,1689.8499999990108,1689.8999999990108,1699.8999999990017,1699.9499999990016,1927.3999999987948,1931.449999998791,18.100000000000122,216.35000000001494,32.50000000000029,0,317.60000000003794,0.25,0,78.00000000000051,151.999999999999
J000206,2023-02-03/BLWE,BLWE,AMR_05,G12_5,WS_2_20,"[""110225"", ""125583""]",2,1348.699999999321,1613.9999999990798,1526.5499999991594,1348.699999999321,1408.299999999267,1412.3499999992632,1516.4499999991685,1516.4999999991685,1526.4999999991594,1526.5499999991594,1609.9499999990835,1613.9999999990798,18.100000000000122,151.30000000000015,15.250000000000082,0,80.39999999999758,0.25,0,40.00000000000006,132.00000000000256
J000207,2023-02-03/AMPP,AMPP,AMR_35,G3_12,WS_13_20,"[""110291"", ""111207""]",3,1359.3499999993114,1471.1999999992097,1430.6999999992465,1359.3499999993114,1359.3499999993114,1363.3999999993077,1420.5999999992557,1420.6499999992557,1430.6499999992466,1430.6999999992465,1467.1499999992134,1471.1999999992097,18.100000000000122,71.79999999999806,8.549999999999986,0,13.200000000000053,0.2,0,0.0,80.00000000000092
J000208,2023-02-03/BKSD,BKSD,AMR_06,G14_14,WS_25_20,"[""123272""]",1,1360.99999999931,1562.8999999991263,1483.2999999991987,1360.99999999931,1416.5999999992594,1420.6499999992557,1473.1999999992079,1473.2499999992078,1483.2499999991987,1483.2999999991987,1558.84999999913,1562.8999999991263,18.100000000000122,113.4999999999957,17.20000000000011,0,52.849999999999135,0.25,0,34.0,84.00000000000028
J000209,2023-02-03/DSET,DSET,AMR_19,G11_10,WS_8_20,"[""101147""]",1,1367.8999999993036,1502.699999999181,1450.999999999228,1367.8999999993036,1410.0999999992653,1414.1499999992616,1440.8999999992373,1440.9499999992372,1450.949999999228,1450.999999999228,1498.6499999991847,1502.699999999181,18.100000000000122,80.94999999999754,14.350000000000069,0,21.150000000000166,0.25,0,24.0,60.000000000000355
J000210,2023-02-03/BKSD,BKSD,AMR_37,G17_9,WS_25_20,"[""110483""]",1,1383.1499999992898,1871.199999998846,1673.9499999990253,1383.1499999992898,1433.2999999992442,1437.3499999992405,1663.8499999990345,1663.8999999990344,1673.8999999990253,1673.9499999990253,1867.1499999988496,1871.199999998846,18.100000000000122,134.44999999999632,21.000000000000163,0,314.2500000000372,0.25,0,32.0,100.0000000000008
J000211,2023-02-03/AMPP,AMPP,AMR_23,G20_9,WS_13_20,"[""110200"", ""121745""]",2,1386.7499999992865,1861.9999999988543,1646.1499999990506,1386.7499999992865,1551.199999999137,1555.2499999991333,1636.0499999990598,1636.0999999990597,1646.0999999990506,1646.1499999990506,1857.949999998858,1861.9999999988543,18.100000000000122,170.35000000000448,30.7000000000003,0,255.85000000002393,0.25,0,56.00000000000017,108.000000000001
J000212,2023-02-03/KJIN,KJIN,AMR_26,G21_4,WS_30_20,"[""123310""]",1,1411.1499999992643,1592.3499999990995,1543.1999999991442,1411.1499999992643,1466.0499999992144,1470.0999999992107,1533.0999999991534,1533.1499999991534,1543.1499999991443,1543.1999999991442,1588.2999999991032,1592.3499999990995,18.100000000000122,139.34999999999744,17.15000000000011,0,6.349999999999985,0.25,0,58.000000000000355,112.00000000000162
J000213,2023-02-03/BKSD,BKSD,AMR_15,G14_9,WS_25_20,"[""101149""]",1,1415.2999999992605,1718.299999998985,1625.999999999069,1415.2999999992605,1495.9999999991871,1500.0499999991835,1615.899999999078,1615.949999999078,1625.949999999069,1625.999999999069,1714.2499999989886,1718.299999998985,18.100000000000122,158.40000000000177,17.20000000000011,0,109.04999999999595,0.25,0,44.00000000000021,132.0000000000013
J000214,2023-02-03/BLWE,BLWE,AMR_24,G18_7,WS_2_20,"[""101073"", ""117431""]",2,1415.84999999926,1590.799999999101,1509.4999999991749,1415.84999999926,1420.0499999992562,1424.0999999992525,1499.399999999184,1499.449999999184,1509.449999999175,1509.4999999991749,1586.7499999991046,1590.799999999101,18.100000000000122,124.79999999999505,11.400000000000027,0,20.400000000000155,0.25,0,2.0,144.0000000000015
J000215,2023-02-03/DSET,DSET,AMR_30,G11_9,WS_8_20,"[""101109""]",1,1416.4499999992595,1808.5999999989028,1768.5499999989393,1416.4499999992595,1721.8499999989817,1725.899999998978,1758.4499999989484,1758.4999999989484,1768.4999999989393,1768.5499999989393,1804.5499999989065,1808.5999999989028,18.100000000000122,160.15000000000217,30.800000000000303,0,182.85000000000733,0.25,0,108.0000000000021,64.00000000000078
J000216,2023-02-03/BKSD,BKSD,AMR_08,G15_7,WS_25_20,"[""122980""]",1,1419.9999999992563,1880.2999999988376,1689.8999999990108,1419.9999999992563,1522.499999999163,1526.5499999991594,1679.79999999902,1679.84999999902,1689.8499999990108,1689.8999999990108,1876.2499999988413,1880.2999999988376,18.100000000000122,174.20000000000536,24.90000000000022,0,242.85000000002097,0.25,0,76.00000000000131,104.00000000000091
J000217,2023-02-03/DSET,DSET,AMR_02,G17_13,WS_8_20,"[""101076""]",1,1420.299999999256,1614.999999999079,1550.1999999991378,1420.299999999256,1486.8499999991955,1490.8999999991918,1540.099999999147,1540.149999999147,1550.149999999138,1550.1999999991378,1610.9499999990826,1614.999999999079,18.100000000000122,96.14999999999668,13.350000000000055,0,66.84999999999835,0.25,0,30.0,72.00000000000091
J000218,2023-02-03/AMPP,AMPP,AMR_13,G17_14,WS_13_20,"[""110380"", ""110504"", ""111261"", ""123310""]",5,1426.2999999992505,1768.9999999989388,1683.5999999990165,1426.2999999992505,1586.6499999991047,1590.699999999101,1673.4999999990257,1673.5499999990257,1683.5499999990166,1683.5999999990165,1764.9499999989425,1768.9999999989388,18.100000000000122,148.59999999999954,21.950000000000177,0,153.80000000000072,0.25,0,112.00000000000196,44.00000000000014
J000219,2023-02-03/BDMC,BDMC,AMR_28,G15_15,WS_19_20,"[""101290"", ""107238"", ""110225"", ""112034"", ""124211"", ""124702""]",6,1430.8999999992463,1601.8499999990909,1576.2499999991142,1430.8999999992463,1514.1499999991706,1518.199999999167,1566.1499999991233,1566.1999999991233,1576.1999999991142,1576.2499999991142,1597.7999999990946,1601.8499999990909,18.100000000000122,65.09999999999845,10.450000000000014,0,77.04999999999777,0.25,0,16.0,44.00000000000003
J000220,2023-02-03/BDMC,BDMC,AMR_25,G15_1,WS_19_20,"[""110166"", ""110221"", ""110231"", ""110299"", ""110475"", ""124704""]",9,1433.449999999244,1682.4999999990175,1610.1499999990833,1433.449999999244,1481.4499999992004,1485.4999999991967,1600.0499999990925,1600.0999999990925,1610.0999999990834,1610.1499999990833,1678.4499999990212,1682.4999999990175,18.100000000000122,140.29999999999765,17.15000000000011,0,73.24999999999798,0.25,0,46.00000000000026,104.00000000000088
J000221,2023-02-03/BDMC,BDMC,AMR_07,G17_15,WS_19_20,"[""107280"", ""112279"", ""112334""]",3,1435.749999999242,1615.999999999078,1593.0999999990988,1435.749999999242,1528.4999999991576,1532.549999999154,1582.999999999108,1583.049999999108,1593.0499999990989,1593.0999999990988,1611.9499999990817,1615.999999999078,18.100000000000122,78.69999999999767,16.300000000000097,0,66.89999999999834,0.25,0,40.00000000000021,36.0
J000222,2023-02-03/BDMC,BDMC,AMR_34,G15_14,WS_19_20,"[""101075"", ""101296"", ""107412"", ""110531"", ""139323""]",5,1443.1999999992352,1552.249999999136,1522.8499999991627,1443.1999999992352,1443.1999999992352,1447.2499999992315,1512.749999999172,1512.7999999991719,1522.7999999991628,1522.8499999991627,1548.1999999991397,1552.249999999136,18.100000000000122,48.49999999999938,9.55,0,32.70000000000028,0.2,0,0.0,48.00000000000004
J000223,2023-02-03/KJIN,KJIN,AMR_20,G20_12,WS_30_20,"[""101097"", ""112386""]",2,1444.549999999234,1645.4999999990512,1577.1499999991133,1444.549999999234,1472.6499999992084,1476.6999999992047,1567.0499999991225,1567.0999999991225,1577.0999999991134,1577.1499999991133,1641.4499999990549,1645.4999999990512,18.100000000000122,86.9499999999972,12.450000000000042,0,83.19999999999742,0.25,0,4.0,88.00000000000023
J000224,2023-02-03/BKSD,BKSD,AMR_03,G18_5,WS_25_20,"[""135026""]",1,1447.649999999231,1872.4499999988448,1657.9999999990398,1447.649999999231,1528.4499999991576,1532.499999999154,1647.899999999049,1647.949999999049,1657.9499999990398,1657.9999999990398,1868.3999999988484,1872.4499999988448,18.100000000000122,140.4499999999977,21.000000000000163,0,245.00000000002146,0.25,0,20.00000000000003,128.00000000000142
J000225,2023-02-03/BDMC,BDMC,AMR_01,G14_12,WS_19_20,"[""107328"", ""110232"", ""110316"", ""110419"", ""110450"", ""124210""]",6,1449.1999999992297,2530.1000000004387,2275.099999999511,1449.1999999992297,1991.7499999987363,1995.7999999987326,2264.9999999994743,2265.0499999994745,2275.049999999511,2275.099999999511,2526.050000000424,2530.1000000004387,18.100000000000122,304.1500000000349,48.949999999999356,0,709.4499999999025,0.25,0,197.99999999999432,120.00000000000034
J000226,2023-02-03/BLWE,BLWE,AMR_31,G17_10,WS_2_20,"[""110575"", ""131216""]",2,1454.299999999225,1857.999999998858,1619.4999999990748,1454.299999999225,1530.5499999991557,1534.599999999152,1609.399999999084,1609.449999999084,1619.4499999990749,1619.4999999990748,1853.9499999988616,1857.999999998858,18.100000000000122,146.09999999999897,21.000000000000163,0,218.25000000001538,0.25,0,12.0,136.00000000000145
J000227,2023-02-03/DSET,DSET,AMR_29,G18_14,WS_8_20,"[""110306""]",1,1464.9499999992154,1669.4499999990294,1617.5499999990766,1464.9499999992154,1559.1999999991297,1563.249999999126,1607.4499999990858,1607.4999999990857,1617.4999999990766,1617.5499999990766,1665.399999999033,1669.4499999990294,18.100000000000122,120.3499999999953,19.150000000000137,0,46.64999999999949,0.25,0,40.00000000000004,80.00000000000091
J000228,2023-02-03/AMPP,AMPP,AMR_35,G21_12,WS_13_20,"[""110328"", ""112333""]",3,1471.2499999992096,1790.5999999989192,1663.4999999990348,1471.2499999992096,1561.2999999991277,1565.349999999124,1653.399999999044,1653.449999999044,1663.4499999990348,1663.4999999990348,1786.5499999989229,1790.5999999989192,18.100000000000122,160.00000000000213,16.200000000000095,0,124.79999999999505,0.25,0,96.00000000000196,76.0000000000002
J000229,2023-02-03/BLWE,BLWE,AMR_39,G14_2,WS_2_20,"[""110209"", ""112444""]",2,1471.949999999209,1702.2999999989995,1636.5499999990593,1471.949999999209,1528.6999999991574,1532.7499999991537,1626.4499999990685,1626.4999999990685,1636.4999999990594,1636.5499999990593,1698.2499999990032,1702.2999999989995,18.100000000000122,127.79999999999488,12.400000000000041,0,71.79999999999806,0.25,0,24.000000000000014,132.00000000000296
J000230,2023-02-03/KJIN,KJIN,AMR_04,G20_13,WS_30_20,"[""101122""]",1,1479.9499999992017,1956.1499999987686,1751.349999998955,1479.9499999992017,1662.099999999036,1666.1499999990324,1741.249999998964,1741.299999998964,1751.299999998955,1751.349999998955,1952.0999999987723,1956.1499999987686,18.100000000000122,223.70000000001662,39.14999999999991,0,195.0000000000101,0.25,0,71.99999999999997,159.9999999999978
J000231,2023-02-03/BKSD,BKSD,AMR_19,G14_7,WS_25_20,"[""107377""]",1,1502.749999999181,1727.9499999989762,1642.0499999990543,1502.749999999181,1539.5499999991475,1543.5999999991438,1631.9499999990635,1631.9999999990634,1641.9999999990544,1642.0499999990543,1723.8999999989799,1727.9499999989762,18.100000000000122,124.0499999999951,14.350000000000069,0,68.44999999999825,0.25,0,16.0,112.00000000000054
J000232,2023-02-03/AMPP,AMPP,AMR_38,G17_7,WS_13_20,"[""101092"", ""101189""]",2,1506.3499999991777,1869.8499999988471,1790.9999999989188,1506.3499999991777,1620.299999999074,1624.3499999990704,1780.899999998928,1780.949999998928,1790.9499999989189,1790.9999999989188,1865.7999999988508,1869.8499999988471,18.100000000000122,145.24999999999878,21.950000000000177,0,177.9500000000062,0.25,0,64.00000000000075,80.00000000000065
J000233,2023-02-03/BLWE,BLWE,AMR_22,G6_14,WS_2_20,"[""124666""]",1,1511.0499999991735,1616.6499999990774,1581.3499999991095,1511.0499999991735,1536.6499999991502,1540.6999999991465,1571.2499999991187,1571.2999999991187,1581.2999999991096,1581.3499999991095,1612.599999999081,1616.6499999990774,18.100000000000122,70.09999999999816,14.300000000000068,0,2.849999999999998,0.25,0,17.999999999999986,52.00000000000044
J000234,2023-02-03/BDMC,BDMC,AMR_17,G11_10,WS_19_20,"[""101022"", ""101147"", ""101305"", ""110313"", ""110526""]",5,1511.2999999991732,1965.3499999987603,1864.399999998852,1511.2999999991732,1544.1499999991433,1548.1999999991397,1854.2999999988613,1854.3499999988612,1864.3499999988521,1864.399999998852,1961.299999998764,1965.3499999987603,18.100000000000122,154.45000000000087,21.950000000000177,0,259.3000000000247,0.25,0,27.99999999999996,124.00000000000068
J000235,2023-02-03/DSET,DSET,AMR_40,G3_12,WS_8_20,"[""110220""]",1,1519.7499999991655,1731.549999998973,1698.0999999990033,1519.7499999991655,1646.2999999990504,1650.3499999990468,1687.9999999990125,1688.0499999990125,1698.0499999990034,1698.0999999990033,1727.4999999989766,1731.549999998973,18.100000000000122,118.44999999999541,21.000000000000163,0,53.99999999999907,0.25,0,64.00000000000095,60.00000000000031
J000236,2023-02-03/AMPP,AMPP,AMR_10,G17_6,WS_13_20,"[""112003"", ""138499""]",2,1526.1999999991597,1827.8499999988853,1700.8999999990008,1526.1999999991597,1557.749999999131,1561.7999999991273,1690.79999999901,1690.84999999901,1700.8499999990008,1700.8999999990008,1823.799999998889,1827.8499999988853,18.100000000000122,149.89999999999984,24.90000000000022,0,108.49999999999598,0.25,0,26.000000000000007,128.00000000000202
J000237,2023-02-03/BLWE,BLWE,AMR_11,G3_15,WS_2_20,"[""101024"", ""110222"", ""112231""]",3,1528.9999999991571,1626.949999999068,1602.2999999990905,1528.9999999991571,1560.5999999991284,1564.6499999991247,1592.1999999990996,1592.2499999990996,1602.2499999990905,1602.2999999990905,1622.8999999990717,1626.949999999068,18.100000000000122,48.84999999999936,12.450000000000042,0,18.300000000000125,0.25,0,12.0,31.99999999999997
J000238,2023-02-03/KJIN,KJIN,AMR_27,G18_6,WS_30_20,"[""110302""]",1,1529.3499999991568,2040.7499999986917,1976.9999999987497,1529.3499999991568,1827.9999999988852,1832.0499999988815,1966.8999999987589,1966.9499999987588,1976.9499999987497,1976.9999999987497,2036.6999999986954,2040.7499999986917,18.100000000000122,233.2500000000188,36.35000000000007,0,223.45000000001656,0.25,0,128.00000000000165,124.00000000000156
J000239,2023-02-03/BKSD,BKSD,AMR_12,G8_14,WS_25_20,"[""118513""]",1,1538.7999999991482,1902.899999998817,1731.9499999989725,1538.7999999991482,1627.7999999990673,1631.8499999990636,1721.8499999989817,1721.8999999989817,1731.8999999989726,1731.9499999989725,1898.8499999988207,1902.899999998817,18.100000000000122,180.35000000000676,21.100000000000165,0,144.29999999999856,0.25,0,66.00000000000111,132.00000000000122
J000240,2023-02-03/DSET,DSET,AMR_34,G12_9,WS_8_20,"[""110511""]",1,1552.299999999136,1999.8999999987288,1784.4999999989247,1552.299999999136,1675.6999999990237,1679.74999999902,1774.399999998934,1774.449999998934,1784.4499999989248,1784.4999999989247,1995.8499999987325,1999.8999999987288,18.100000000000122,174.8500000000055,32.65000000000028,0,221.75000000001617,0.25,0,28.0,156.0000000000005
J000241,2023-02-03/BLWE,BLWE,AMR_18,G2_13,WS_2_20,"[""107095""]",1,1557.8999999991308,1681.2999999990186,1658.0999999990397,1557.8999999991308,1612.4999999990812,1616.5499999990775,1647.999999999049,1648.0499999990489,1658.0499999990398,1658.0999999990397,1677.2499999990223,1681.2999999990186,18.100000000000122,87.19999999999719,13.400000000000055,0,4.449999999999992,0.25,0,50.00000000000047,44.000000000000156
J000242,2023-02-03/KJIN,KJIN,AMR_06,G15_9,WS_30_20,"[""107457""]",1,1562.9499999991262,2347.1999999997734,2210.749999999277,1562.9499999991262,1889.1999999988295,1893.2499999988258,2200.64999999924,2200.6999999992404,2210.6999999992768,2210.749999999277,2343.1499999997586,2347.1999999997734,18.100000000000122,272.9000000000278,53.79999999999908,0,439.2000000000656,0.25,0,112.00000000000034,147.99999999999926
J000243,2023-02-03/BDMC,BDMC,AMR_24,G18_13,WS_19_20,"[""110286"", ""110597"", ""111372""]",3,1590.8499999991009,1907.7999999988126,1832.2999999988813,1590.8499999991009,1718.299999998985,1722.3499999989813,1822.1999999988905,1822.2499999988904,1832.2499999988813,1832.2999999988813,1903.7499999988163,1907.7999999988126,18.100000000000122,130.74999999999548,24.95000000000022,0,142.89999999999824,0.25,0,88.00000000000102,44.00000000000006
J000244,2023-02-03/DSET,DSET,AMR_26,G3_9,WS_8_20,"[""107387""]",1,1592.3999999990995,1751.5499999989547,1714.0999999989888,1592.3999999990995,1641.0499999990552,1645.0999999990515,1703.999999998998,1704.049999998998,1714.0499999989888,1714.0999999989888,1747.4999999989584,1751.5499999989547,18.100000000000122,111.09999999999583,13.350000000000055,0,16.350000000000097,0.25,0,50.00000000000051,72.00000000000055
J000245,2023-02-03/BLWE,BLWE,AMR_21,G2_12,WS_2_20,"[""117418""]",1,1598.349999999094,1702.3499999989995,1675.0499999990243,1598.349999999094,1626.2999999990686,1630.349999999065,1664.9499999990335,1664.9999999990334,1674.9999999990243,1675.0499999990243,1698.2999999990031,1702.3499999989995,18.100000000000122,69.24999999999821,11.450000000000028,0,4.94999999999999,0.25,0,23.999999999999986,48.000000000000114
J000246,2023-02-03/KJIN,KJIN,AMR_28,G18_4,WS_30_20,"[""112009""]",1,1601.8999999990908,1969.6499999987564,1901.0499999988187,1601.8999999990908,1826.6999999988864,1830.7499999988827,1890.949999998828,1890.999999998828,1900.9999999988188,1901.0499999988187,1965.59999999876,1969.6499999987564,18.100000000000122,139.5999999999975,16.150000000000095,0,193.65000000000978,0.25,0,32.00000000000003,128.000000000002
J000247,2023-02-03/BDMC,BDMC,AMR_05,G14_13,WS_19_20,"[""110254"", ""110385"", ""111228""]",3,1614.0499999990798,1804.2999999989067,1706.7999999989954,1614.0499999990798,1636.5999999990593,1640.6499999990556,1696.6999999990046,1696.7499999990046,1706.7499999989955,1706.7999999989954,1800.2499999989104,1804.2999999989067,18.100000000000122,85.39999999999729,13.400000000000055,0,73.09999999999799,0.25,0,20.0,64.00000000000014
J000248,2023-02-03/BLWE,BLWE,AMR_02,G6_12,WS_2_20,"[""111992""]",1,1615.0499999990789,1908.8499999988117,1873.299999998844,1615.0499999990789,1826.2999999988867,1830.349999998883,1863.1999999988532,1863.2499999988531,1873.249999998844,1873.299999998844,1904.7999999988153,1908.8499999988117,18.100000000000122,94.69999999999676,16.300000000000097,0,164.45000000000314,0.25,0,40.00000000000024,60.000000000000625
J000249,2023-02-03/BDMC,BDMC,AMR_07,G18_9,WS_19_20,"[""110289"", ""110484"", ""111295""]",4,1616.049999999078,2011.4499999987183,1961.299999998764,1616.049999999078,1696.9499999990044,1700.9999999990007,1951.1999999987731,1951.249999998773,1961.249999998764,1961.299999998764,2007.399999998722,2011.4499999987183,18.100000000000122,87.44999999999717,14.300000000000068,0,275.3000000000283,0.25,0,26.0,60.000000000000455
J000250,2023-02-03/AMPP,AMPP,AMR_22,G12_8,WS_13_20,"[""110149"", ""131590""]",2,1616.6999999990774,2015.9999999987142,1865.7999999988508,1616.6999999990774,1729.6999999989746,1733.749999998971,1855.69999999886,1855.74999999886,1865.7499999988509,1865.7999999988508,2011.9499999987179,2015.9999999987142,18.100000000000122,180.1500000000067,30.6000000000003,0,170.20000000000445,0.25,0,76.00000000000148,104.00000000000139
J000251,2023-02-03/DSET,DSET,AMR_11,G11_8,WS_8_20,"[""107136""]",1,1626.999999999068,1797.399999998913,1736.3499999989685,1626.999999999068,1685.7499999990146,1689.7999999990109,1726.2499999989777,1726.2999999989777,1736.2999999989686,1736.3499999989685,1793.3499999989167,1797.399999998913,18.100000000000122,88.7499999999971,12.400000000000041,0,50.899999999999245,0.25,0,30.0,68.0000000000008
J000252,2023-02-03/BLWE,BLWE,AMR_20,G3_10,WS_2_20,"[""111997""]",1,1645.5499999990511,1822.1499999988905,1791.0999999989187,1645.5499999990511,1731.1999999989732,1735.2499999989695,1780.999999998928,1781.049999998928,1791.0499999989188,1791.0999999989187,1818.0999999988942,1822.1499999988905,18.100000000000122,106.59999999999609,12.400000000000041,0,39.24999999999991,0.25,0,74.0000000000014,52.00000000000041
J000253,2023-02-03/BKSD,BKSD,AMR_33,G11_7,WS_25_20,"[""101066""]",1,1645.8999999990508,2397.7999999999574,2312.9499999996488,1645.8999999990508,2112.64999999892,2116.699999998935,2302.849999999612,2302.899999999612,2312.8999999996486,2312.9499999996488,2393.7499999999427,2397.7999999999574,18.100000000000122,319.90000000003846,53.59999999999909,0,360.0500000000476,0.25,0,217.99999999998926,124.00000000000114
J000254,2023-02-03/BLWE,BLWE,AMR_16,G9_7,WS_2_20,"[""111345""]",1,1650.7999999990463,1832.9499999988807,1773.7999999989345,1650.7999999990463,1701.3999999990003,1705.4499999989966,1763.6999999989437,1763.7499999989436,1773.7499999989345,1773.7999999989345,1828.8999999988844,1832.9499999988807,18.100000000000122,115.99999999999555,14.300000000000068,0,33.500000000000234,0.25,0,26.00000000000003,108.00000000000207
J000255,2023-02-03/AMPP,AMPP,AMR_36,G14_5,WS_13_20,"[""111323"", ""135025""]",2,1663.7999999990345,2092.0999999988453,2037.6499999986945,1663.7999999990345,1816.3999999988957,1820.449999998892,2027.5499999987037,2027.5999999987037,2037.5999999986946,2037.6499999986945,2088.0499999988306,2092.0999999988453,18.100000000000122,134.89999999999642,24.000000000000206,0,251.05000000002283,0.25,0,60.000000000000625,76.00000000000102
J000256,2023-02-03/BKSD,BKSD,AMR_29,G15_12,WS_25_20,"[""110540""]",1,1669.4999999990293,2274.74999999951,2209.0499999992708,1669.4999999990293,1974.2499999987522,1978.2999999987485,2198.949999999234,2198.999999999234,2208.9999999992706,2209.0499999992708,2270.699999999495,2274.74999999951,18.100000000000122,232.20000000001855,45.89999999999953,0,308.80000000003594,0.25,0,134.00000000000063,96.0000000000002
J000257,2023-02-03/BLWE,BLWE,AMR_18,G5_5,WS_2_20,"[""120049""]",1,1681.3499999990186,1856.1999999988595,1808.1499999989032,1681.3499999990186,1717.8499999989854,1721.8999999989817,1798.0499999989124,1798.0999999989124,1808.0999999989033,1808.1499999989032,1852.1499999988632,1856.1999999988595,18.100000000000122,104.29999999999622,13.400000000000055,0,38.79999999999993,0.25,0,33.999999999999986,84.00000000000131
J000258,2023-02-03/BKSD,BKSD,AMR_25,G12_6,WS_25_20,"[""111296""]",1,1682.5499999990175,2100.549999998876,2022.799999998708,1682.5499999990175,1729.0499999989752,1733.0999999989715,2012.6999999987172,2012.7499999987172,2022.749999998708,2022.799999998708,2096.4999999988613,2100.549999998876,18.100000000000122,150.54999999999998,21.050000000000164,0,228.0500000000176,0.25,0,27.999999999999986,128.00000000000162
J000259,2023-02-03/AMPP,AMPP,AMR_39,G20_12,WS_13_20,"[""101097"", ""112386""]",2,1702.3499999989995,1999.3999999987293,1906.7999999988135,1702.3499999989995,1742.1999999989632,1746.2499999989595,1896.6999999988227,1896.7499999988227,1906.7499999988136,1906.7999999988135,1995.349999998733,1999.3999999987293,18.100000000000122,118.19999999999543,19.100000000000136,0,141.3999999999979,0.25,0,40.0,80.00000000000037
J000260,2023-02-03/KJIN,KJIN,AMR_21,G21_14,WS_30_20,"[""111350"", ""115794""]",2,1702.3999999989994,2034.2999999986976,1994.0499999987342,1702.3999999989994,1919.9499999988016,1923.9999999987979,1983.9499999987434,1983.9999999987433,1993.9999999987342,1994.0499999987342,2030.2499999987012,2034.2999999986976,18.100000000000122,222.3000000000163,30.5500000000003,0,60.69999999999869,0.25,0,165.9999999999993,80.00000000000014
J000261,2023-02-03/DSET,DSET,AMR_15,G14_9,WS_8_20,"[""125176""]",1,1718.349999998985,2006.5999999987228,1800.4499999989102,1718.349999998985,1718.349999998985,1722.3999999989812,1790.3499999989194,1790.3999999989194,1800.3999999989103,1800.4499999989102,2002.5499999987264,2006.5999999987228,18.100000000000122,115.69999999999557,13.350000000000055,0,140.8999999999978,0.2,0,0.0,112.00000000000153
J000262,2023-02-03/BDMC,BDMC,AMR_19,G3_15,WS_19_20,"[""110222"", ""112231"", ""112392"", ""127627""]",6,1727.9999999989761,2216.3499999992973,1995.6999999987327,1727.9999999989761,1791.899999998918,1795.9499999989143,1985.5999999987419,1985.6499999987418,1995.6499999987327,1995.6999999987327,2212.2999999992826,2216.3499999992973,18.100000000000122,256.7500000000241,32.50000000000029,0,180.75000000000685,0.25,0,42.00000000000023,247.99999999999204
J000263,2023-02-03/BLWE,BLWE,AMR_40,G17_8,WS_2_20,"[""107327""]",1,1731.5999999989729,2400.4999999999673,2018.2499999987122,1731.5999999989729,1795.6999999989146,1799.7499999989109,2008.1499999987213,2008.1999999987213,2018.1999999987122,2018.2499999987122,2396.4499999999525,2400.4999999999673,18.100000000000122,224.40000000001677,30.6000000000003,0,395.55000000005566,0.25,0,64.0000000000011,175.99999999999952
J000264,2023-02-03/BKSD,BKSD,AMR_26,G6_13,WS_25_20,"[""112444""]",1,1751.5999999989547,2147.9499999990485,1951.6999999987727,1751.5999999989547,1786.1999999989232,1790.2499999989195,1941.5999999987819,1941.6499999987818,1951.6499999987727,1951.6999999987727,2143.8999999990338,2147.9499999990485,18.100000000000122,135.1999999999965,19.100000000000136,0,223.70000000001662,0.25,0,17.999999999999986,116.00000000000071
J000265,2023-02-03/DSET,DSET,AMR_13,G17_14,WS_8_20,"[""110227""]",1,1769.0499999989388,1976.59999999875,1827.6999999988855,1769.0499999989388,1769.0499999989388,1773.0999999989351,1817.5999999988946,1817.6499999988946,1827.6499999988855,1827.6999999988855,1972.5499999987537,1976.59999999875,18.100000000000122,86.14999999999725,13.350000000000055,0,89.74999999999704,0.2,0,0.0,84.00000000000057
J000266,2023-02-03/DSET,DSET,AMR_35,G18_12,WS_8_20,"[""107272""]",1,1790.6499999989192,1992.6499999987354,1939.3999999987839,1790.6499999989192,1806.299999998905,1810.3499999989012,1929.299999998793,1929.349999998793,1939.349999998784,1939.3999999987839,1988.5999999987391,1992.6499999987354,18.100000000000122,94.69999999999676,15.250000000000082,0,73.69999999999796,0.25,0,10.0,88.00000000000111
J000267,2023-02-03/AMPP,AMPP,AMR_09,G15_5,WS_13_20,"[""110538"", ""112215""]",3,1793.2499999989168,2240.699999999386,2191.299999999206,1793.2499999989168,2124.149999998962,2128.1999999989766,2181.1999999991694,2181.2499999991696,2191.249999999206,2191.299999999206,2236.649999999371,2240.699999999386,18.100000000000122,299.7500000000339,45.94999999999953,0,83.3999999999974,0.25,0,249.99999999998818,80.00000000000125
J000268,2023-02-03/BLWE,BLWE,AMR_11,G23_14,WS_2_20,"[""115580""]",1,1797.449999998913,2427.2000000000644,2200.64999999924,1797.449999998913,2023.5999999987073,2027.6499999987036,2190.5499999992035,2190.5999999992036,2200.59999999924,2200.64999999924,2423.1500000000497,2427.2000000000644,18.100000000000122,271.3500000000274,40.349999999999845,0,299.70000000003387,0.25,0,100.00000000000048,195.99999999999946
J000269,2023-02-03/DSET,DSET,AMR_05,G20_14,WS_8_20,"[""111995""]",2,1804.3499999989067,2331.999999999718,1987.0499999987405,1804.3499999989067,1843.7999999988708,1847.8499999988671,1976.9499999987497,1976.9999999987497,1986.9999999987406,1987.0499999987405,2327.9499999997033,2331.999999999718,18.100000000000122,190.45000000000906,28.700000000000273,0,290.1500000000317,0.25,0,26.0,159.9999999999994
J000270,2023-02-03/DSET,DSET,AMR_30,G15_8,WS_8_20,"[""123035""]",1,1808.6499999989028,2259.699999999455,2002.8499999987262,1808.6499999989028,1842.499999998872,1846.5499999988683,1992.7499999987353,1992.7999999987353,2002.7999999987262,2002.8499999987262,2255.6499999994403,2259.699999999455,18.100000000000122,122.1499999999952,17.20000000000011,0,293.3500000000324,0.25,0,26.0,92.00000000000085
J000271,2023-02-03/KJIN,KJIN,AMR_20,G12_10,WS_30_20,"[""134683""]",1,1822.1999999988905,2360.1499999998205,2153.549999999069,1822.1999999988905,1846.4499999988684,1850.4999999988647,2143.449999999032,2143.4999999990323,2153.4999999990687,2153.549999999069,2356.0999999998057,2360.1499999998205,18.100000000000122,144.54999999999862,18.150000000000123,0,356.9000000000469,0.25,0,22.0,136.0000000000001
J000272,2023-02-03/DSET,DSET,AMR_10,G14_6,WS_8_20,"[""110523""]",1,1827.8999999988853,2255.7499999994407,2032.4499999986992,1827.8999999988853,1857.3999999988584,1861.4499999988548,2022.3499999987084,2022.3999999987084,2032.3999999986993,2032.4499999986992,2251.699999999426,2255.7499999994407,18.100000000000122,109.9999999999959,17.20000000000011,0,282.3000000000299,0.25,0,22.00000000000002,88.00000000000097
J000273,2023-02-03/BDMC,BDMC,AMR_16,G18_14,WS_19_20,"[""110522"", ""110530"", ""112059""]",3,1832.9999999988806,2242.9999999993943,2098.4999999988686,1832.9999999988806,2042.9999999986896,2047.049999998686,2088.399999998832,2088.449999998832,2098.4499999988684,2098.4999999988686,2238.9499999993795,2242.9999999993943,18.100000000000122,212.50000000001407,32.50000000000029,0,146.6499999999991,0.25,0,159.99999999999946,64.00000000000048
J000274,2023-02-03/BKSD,BKSD,AMR_14,G15_13,WS_25_20,"[""112324""]",1,1837.999999998876,2314.2499999996535,1935.6999999987872,1837.999999998876,1837.999999998876,1842.0499999988724,1925.5999999987964,1925.6499999987964,1935.6499999987873,1935.6999999987872,2310.1999999996387,2314.2499999996535,18.100000000000122,136.79999999999686,21.000000000000163,0,300.15000000003397,0.2,0,0.0,140.00000000000028
J000275,2023-02-03/AMPP,AMPP,AMR_18,G14_15,WS_13_20,"[""112288""]",1,1856.2499999988595,2011.9499999987179,1977.5499999987492,1856.2499999988595,1919.1999999988022,1923.2499999987986,1967.4499999987584,1967.4999999987583,1977.4999999987492,1977.5499999987492,2007.8999999987216,2011.9499999987179,18.100000000000122,82.04999999999748,14.350000000000069,0,40.94999999999981,0.25,0,50.00000000000021,32.0
J000276,2023-02-03/DSET,DSET,AMR_31,G20_10,WS_8_20,"[""112329""]",1,1858.0499999988579,2280.9499999995323,2055.949999998714,1858.0499999988579,1937.2999999987858,1941.349999998782,2045.849999998687,2045.899999998687,2055.8999999987136,2055.949999998714,2276.8999999995176,2280.9499999995323,18.100000000000122,162.15000000000262,22.000000000000178,0,220.40000000001586,0.25,0,50.00000000000017,112.00000000000063
J000277,2023-02-03/KJIN,KJIN,AMR_23,G6_14,WS_30_20,"[""134680""]",1,1862.0499999988542,2565.300000000567,2392.5999999999385,1862.0499999988542,1998.2999999987303,2002.3499999987266,2382.499999999902,2382.549999999902,2392.5499999999383,2392.5999999999385,2561.250000000552,2565.300000000567,18.100000000000122,262.60000000002543,40.199999999999854,0,382.1000000000526,0.25,0,50.0000000000004,227.99999999999298
J000278,2023-02-03/BLWE,BLWE,AMR_38,G17_7,WS_2_20,"[""110600""]",1,1869.899999998847,2042.4499999986901,1947.7999999987762,1869.899999998847,1869.899999998847,1873.9499999988434,1937.6999999987854,1937.7499999987854,1947.7499999987763,1947.7999999987762,2038.3999999986938,2042.4499999986901,18.100000000000122,105.04999999999617,9.55,0,39.649999999999885,0.2,0,0.0,132.0000000000026
J000279,2023-02-03/BDMC,BDMC,AMR_37,G17_9,WS_19_20,"[""101185"", ""110391"", ""126308""]",5,1871.2499999988459,2214.549999999291,1978.6499999987482,1871.2499999988459,1871.2499999988459,1875.2999999988422,1968.5499999987574,1968.5999999987573,1978.5999999987482,1978.6499999987482,2210.499999999276,2214.549999999291,18.100000000000122,99.2499999999965,13.400000000000055,0,212.35000000001403,0.2,0,0.0,92.00000000000077
J000280,2023-02-03/AMPP,AMPP,AMR_03,G9_13,WS_13_20,"[""104356""]",1,1872.4999999988447,2145.099999999038,2113.949999998925,1872.4999999988447,2053.1499999987036,2057.1999999987183,2103.849999998888,2103.8999999988882,2113.8999999989246,2113.949999998925,2141.0499999990234,2145.099999999038,18.100000000000122,122.99999999999515,19.150000000000137,0,112.09999999999577,0.25,0,70.00000000000057,52.00000000000017
J000281,2023-02-03/BLWE,BLWE,AMR_08,G15_7,WS_2_20,"[""101211""]",1,1880.3499999988376,2268.2999999994863,2001.0499999987278,1880.3499999988376,1880.3499999988376,1884.399999998834,1990.949999998737,1990.999999998737,2000.9999999987278,2001.0499999987278,2264.2499999994716,2268.2999999994863,18.100000000000122,120.24999999999531,11.450000000000028,0,237.95000000001986,0.2,0,0.0,132.0000000000021
J000282,2023-02-03/BKSD,BKSD,AMR_12,G11_9,WS_25_20,"[""101109""]",1,1902.949999998817,2480.650000000259,2288.1999999995587,1902.949999998817,1932.4999999987901,1936.5499999987865,2278.099999999522,2278.149999999522,2288.1499999995585,2288.1999999995587,2476.600000000244,2480.650000000259,18.100000000000122,184.0500000000076,24.850000000000218,0,350.4500000000454,0.25,0,20.0,179.99999999999545
J000283,2023-02-03/AMPP,AMPP,AMR_24,G20_15,WS_13_20,"[""110139""]",2,1907.8499999988126,2124.149999998962,2001.5499999987273,1907.8499999988126,1922.3499999987994,1926.3999999987957,1991.4499999987365,1991.4999999987365,2001.4999999987274,2001.5499999987273,2120.099999998947,2124.149999998962,18.100000000000122,66.04999999999839,10.500000000000014,0,121.39999999999525,0.25,0,8.0,52.000000000000114
J000284,2023-02-03/DSET,DSET,AMR_02,G15_6,WS_8_20,"[""110527""]",2,1908.8999999988116,2335.1499999997295,2141.449999999025,1908.8999999988116,2044.1999999986886,2048.249999998686,2131.349999998988,2131.3999999989883,2141.3999999990247,2141.449999999025,2331.099999999715,2335.1499999997295,18.100000000000122,197.00000000001054,31.600000000000314,0,179.30000000000652,0.25,0,90.00000000000136,112.00000000000091
J000285,2023-02-03/BLWE,BLWE,AMR_32,G18_8,WS_2_20,"[""120449""]",1,1931.499999998791,2275.7499999995134,2067.6999999987565,1931.499999998791,1931.499999998791,1935.5499999987874,2057.59999999872,2057.64999999872,2067.6499999987564,2067.6999999987565,2271.6999999994987,2275.7499999995134,18.100000000000122,118.19999999999543,11.450000000000028,0,196.30000000001039,0.2,0,0.0,124.00000000000173
J000286,2023-02-03/BKSD,BKSD,AMR_04,G3_14,WS_25_20,"[""101163""]",1,1956.1999999987686,2636.1500000008245,2450.1000000001477,1956.1999999987686,2260.549999999458,2264.599999999473,2440.000000000111,2440.050000000111,2450.0500000001475,2450.1000000001477,2632.10000000081,2636.1500000008245,18.100000000000122,277.25000000002876,42.14999999999974,0,342.20000000004353,0.25,0,136.00000000000227,151.99999999999886
J000287,2023-02-03/BDMC,BDMC,AMR_17,G17_10,WS_19_20,"[""110575"", ""111362"", ""137523""]",3,1965.3999999987602,2372.7499999998663,2258.049999999449,1965.3999999987602,2027.3999999987038,2031.4499999987002,2247.9499999994123,2247.9999999994125,2257.999999999449,2258.049999999449,2368.6999999998516,2372.7499999998663,18.100000000000122,133.8999999999962,23.000000000000192,0,232.10000000001853,0.25,0,16.0,116.00000000000057
J000288,2023-02-03/AMPP,AMPP,AMR_28,G6_15,WS_13_20,"[""113195""]",1,1969.6999999987563,2138.499999999014,2096.8999999988628,1969.6999999987563,2042.7999999986898,2046.8499999986861,2086.799999998826,2086.849999998826,2096.8499999988626,2096.8999999988628,2134.4499999989994,2138.499999999014,18.100000000000122,113.19999999999571,14.300000000000068,0,22.95000000000019,0.25,0,70.0000000000012,56.000000000000256
J000289,2023-02-03/KJIN,KJIN,AMR_13,G17_14,WS_30_20,"[""110504""]",1,1976.64999999875,2265.5999999994765,2193.7999999992153,1976.64999999875,1976.64999999875,1980.6999999987463,2183.6999999991785,2183.7499999991787,2193.749999999215,2193.7999999992153,2261.5499999994618,2265.5999999994765,18.100000000000122,136.69999999999683,15.300000000000082,0,118.6499999999954,0.2,0,0.0,159.99999999999793
J000290,2023-02-03/DSET,DSET,AMR_35,G18_13,WS_8_20,"[""101146""]",1,1992.6999999987354,2250.599999999422,2125.1999999989657,1992.6999999987354,1996.0499999987323,2000.0999999987287,2115.099999998929,2115.149999998929,2125.1499999989655,2125.1999999989657,2246.549999999407,2250.599999999422,18.100000000000122,102.99999999999629,12.400000000000041,0,124.14999999999509,0.25,0,2.0,100.00000000000065
J000291,2023-02-03/BDMC,BDMC,AMR_39,G20_8,WS_19_20,"[""101167"", ""110242"", ""110377""]",3,1999.4499999987293,2298.949999999598,2240.749999999386,1999.4499999987293,2016.8499999987134,2020.8999999987097,2230.6499999993493,2230.6999999993495,2240.699999999386,2240.749999999386,2294.899999999583,2298.949999999598,18.100000000000122,82.89999999999743,17.30000000000011,0,180.9500000000069,0.25,0,12.0,68.00000000000068
J000292,2023-02-03/BDMC,BDMC,AMR_34,G3_13,WS_19_20,"[""110344"", ""111226"", ""112367""]",3,1999.9499999987288,2566.6000000005715,2414.0000000000164,1999.9499999987288,2086.0499999988233,2090.099999998838,2403.8999999999796,2403.94999999998,2413.950000000016,2414.0000000000164,2562.550000000557,2566.6000000005715,18.100000000000122,186.05000000000805,24.850000000000218,0,337.40000000004244,0.25,0,46.000000000000355,144.0
J000293,2023-02-03/BLWE,BLWE,AMR_15,G20_12,WS_2_20,"[""101097""]",1,2006.6499999987227,2419.350000000036,2344.7999999997646,2006.6499999987227,2061.0999999987325,2065.1499999987473,2334.699999999728,2334.749999999728,2344.7499999997644,2344.7999999997646,2415.300000000021,2419.350000000036,18.100000000000122,125.04999999999504,16.250000000000096,0,253.0500000000233,0.25,0,22.0,116.00000000000168
J000294,2023-02-03/AMPP,AMPP,AMR_07,G18_9,WS_13_20,"[""110479"", ""111295"", ""111363""]",4,2011.4999999987183,2408.649999999997,2254.749999999437,2011.4999999987183,2011.4999999987183,2015.5499999987146,2244.6499999994003,2244.6999999994005,2254.699999999437,2254.749999999437,2404.599999999982,2408.649999999997,18.100000000000122,129.64999999999523,24.90000000000022,0,224.30000000001675,0.2,0,0.0,116.00000000000054
J000295,2023-02-03/DSET,DSET,AMR_18,G20_13,WS_8_20,"[""110395""]",1,2011.9999999987178,2471.4500000002254,2362.549999999829,2011.9999999987178,2231.099999999351,2235.1499999993657,2352.4499999997925,2352.4999999997926,2362.499999999829,2362.549999999829,2467.4000000002106,2471.4500000002254,18.100000000000122,155.5000000000011,25.900000000000233,0,259.7000000000248,0.25,0,56.000000000000355,84.00000000000065
J000296,2023-02-03/BKSD,BKSD,AMR_22,G3_12,WS_25_20,"[""111207""]",1,2016.0499999987142,2543.4500000004873,2368.9499999998525,2016.0499999987142,2079.4499999987993,2083.499999998814,2358.8499999998157,2358.899999999816,2368.8999999998523,2368.9499999998525,2539.4000000004726,2543.4500000004873,18.100000000000122,203.05000000001192,26.800000000000246,0,279.2000000000292,0.25,0,50.00000000000067,167.99999999999835
J000297,2023-02-03/DSET,DSET,AMR_21,G18_7,WS_8_20,"[""107333""]",1,2034.3499999986975,2424.4500000000544,2346.29999999977,2034.3499999986975,2115.39999999893,2119.449999998945,2336.1999999997333,2336.2499999997335,2346.24999999977,2346.29999999977,2420.4000000000397,2424.4500000000544,18.100000000000122,163.95000000000303,21.050000000000164,0,186.7500000000082,0.25,0,52.00000000000032,136.00000000000168
J000298,2023-02-03/AMPP,AMPP,AMR_27,G8_13,WS_13_20,"[""101071""]",1,2040.7999999986916,2312.3999999996468,2208.549999999269,2040.7999999986916,2091.249999998842,2095.299999998857,2198.449999999232,2198.4999999992324,2208.4999999992688,2208.549999999269,2308.349999999632,2312.3999999996468,18.100000000000122,115.54999999999558,17.20000000000011,0,120.4999999999953,0.25,0,54.00000000000078,64.00000000000009
J000299,2023-02-03/BDMC,BDMC,AMR_38,G17_13,WS_19_20,"[""107317"", ""110512""]",2,2042.49999999869,2494.150000000308,2385.6499999999132,2042.49999999869,2303.699999999615,2307.74999999963,2375.5499999998765,2375.5999999998767,2385.599999999913,2385.6499999999132,2490.100000000293,2494.150000000308,18.100000000000122,154.50000000000088,30.6500000000003,0,248.15000000002217,0.25,0,88.00000000000085,60.00000000000013
J000300,2023-02-03/DSET,DSET,AMR_36,G12_8,WS_8_20,"[""101244""]",1,2092.1499999988455,2451.1000000001513,2378.499999999887,2092.1499999988455,2107.999999998903,2112.049999998918,2368.3999999998505,2368.4499999998507,2378.449999999887,2378.499999999887,2447.0500000001366,2451.1000000001513,18.100000000000122,107.19999999999605,17.25000000000011,0,216.1500000000149,0.25,0,10.0,104.00000000000136
J000301,2023-02-03/AMPP,AMPP,AMR_25,G21_15,WS_13_20,"[""112357""]",2,2100.5999999988762,2294.849999999583,2237.399999999374,2100.5999999988762,2184.7499999991824,2188.799999999197,2227.299999999337,2227.3499999993373,2237.3499999993737,2237.399999999374,2290.799999999568,2294.849999999583,18.100000000000122,118.84999999999539,16.250000000000096,0,40.79999999999982,0.25,0,80.00000000000117,56.00000000000031
J000302,2023-02-03/AMPP,AMPP,AMR_24,G8_12,WS_13_20,"[""112073""]",1,2124.199999998962,2425.95000000006,2380.149999999893,2124.199999998962,2318.9999999996708,2323.0499999996855,2370.0499999998565,2370.0999999998567,2380.099999999893,2380.149999999893,2421.900000000045,2425.95000000006,18.100000000000122,142.84999999999823,29.650000000000286,0,110.89999999999584,0.25,0,70.00000000000043,68.00000000000057
J000303,2023-02-03/DSET,DSET,AMR_28,G17_6,WS_8_20,"[""112450""]",1,2138.5499999990143,2572.450000000593,2426.3500000000613,2138.5499999990143,2353.7999999997974,2357.849999999812,2416.2500000000246,2416.3000000000247,2426.300000000061,2426.3500000000613,2568.400000000578,2572.450000000593,18.100000000000122,152.8500000000005,16.200000000000095,0,246.5000000000218,0.25,0,40.00000000000022,124.00000000000193
J000304,2023-02-03/BKSD,BKSD,AMR_03,G2_13,WS_25_20,"[""107105""]",1,2145.1499999990383,2638.1000000008316,2492.0500000003003,2145.1499999990383,2318.249999999668,2322.2999999996828,2481.9500000002636,2482.0000000002638,2492.0000000003,2492.0500000003003,2634.050000000817,2638.1000000008316,18.100000000000122,173.4500000000052,24.800000000000217,0,276.35000000002856,0.25,0,33.99999999999996,143.9999999999995
J000305,2023-02-03/BDMC,BDMC,AMR_26,G21_14,WS_19_20,"[""110533"", ""111241"", ""111988""]",3,2147.9999999990487,2588.500000000651,2485.2000000002754,2147.9999999990487,2416.350000000025,2420.4000000000397,2475.1000000002387,2475.150000000239,2485.150000000275,2485.2000000002754,2584.4500000006365,2588.500000000651,18.100000000000122,133.14999999999603,21.050000000000164,0,267.95000000002665,0.25,0,76.00000000000054,44.0
J000306,2023-02-03/AMPP,AMPP,AMR_37,G21_13,WS_13_20,"[""107274""]",1,2214.599999999291,2451.850000000154,2343.5999999997603,2214.599999999291,2258.049999999449,2262.0999999994638,2333.4999999997235,2333.5499999997237,2343.54999999976,2343.5999999997603,2447.8000000001393,2451.850000000154,18.100000000000122,108.59999999999597,19.100000000000136,0,91.19999999999696,0.25,0,24.0,84.00000000000034
J000307,2023-02-03/AMPP,AMPP,AMR_19,G14_9,WS_13_20,"[""125176""]",1,2216.3999999992975,2645.350000000858,2512.7000000003754,2216.3999999992975,2418.1000000000313,2422.150000000046,2502.6000000003387,2502.650000000339,2512.6500000003753,2512.7000000003754,2641.3000000008433,2645.350000000858,18.100000000000122,132.5499999999959,19.150000000000137,0,258.9000000000246,0.25,0,66.00000000000074,60.000000000000426
J000308,2023-02-03/KJIN,KJIN,AMR_09,G15_5,WS_30_20,"[""107414""]",1,2240.749999999386,2447.2500000001373,2324.1499999996895,2240.749999999386,2240.749999999386,2244.799999999401,2314.0499999996528,2314.099999999653,2324.0999999996893,2324.1499999996895,2443.2000000001226,2447.2500000001373,18.100000000000122,117.29999999999548,11.450000000000028,0,59.44999999999876,0.2,0,0.0,136.00000000000097
J000309,2023-02-03/AMPP,AMPP,AMR_16,G23_15,WS_13_20,"[""107251""]",2,2243.0499999993945,2575.800000000605,2362.8999999998305,2243.0499999993945,2289.5499999995636,2293.5999999995784,2352.7999999997937,2352.849999999794,2362.8499999998303,2362.8999999998305,2571.7500000005903,2575.800000000605,18.100000000000122,157.30000000000152,24.850000000000218,0,132.24999999999582,0.25,0,20.0,147.99999999999952
J000310,2023-02-03/BDMC,BDMC,AMR_35,G14_14,WS_19_20,"[""101095"", ""107459""]",2,2250.649999999422,2851.800000001609,2789.350000001382,2250.649999999422,2393.04999999994,2397.099999999955,2779.250000001345,2779.3000000013453,2789.3000000013817,2789.350000001382,2847.7500000015943,2851.800000001609,18.100000000000122,194.30000000000993,30.6000000000003,0,357.9000000000471,0.25,0,54.00000000000017,132.0000000000013
J000311,2023-02-03/AMPP,AMPP,AMR_10,G24_14,WS_13_20,"[""127276""]",1,2255.799999999441,2824.300000001509,2676.6000000009717,2255.799999999441,2354.3499999997994,2358.399999999814,2666.500000000935,2666.550000000935,2676.5500000009715,2676.6000000009717,2820.2500000014943,2824.300000001509,18.100000000000122,217.5000000000152,30.6500000000003,0,302.0000000000344,0.25,0,76.00000000000085,147.99999999999952
J000312,2023-02-03/BDMC,BDMC,AMR_30,G23_12,WS_19_20,"[""107154"", ""113119""]",2,2259.749999999455,2579.600000000619,2435.7500000000955,2259.749999999455,2377.649999999884,2381.699999999899,2425.6500000000588,2425.700000000059,2435.7000000000953,2435.7500000000955,2575.550000000604,2579.600000000619,18.100000000000122,110.69999999999585,18.150000000000123,0,172.650000000005,0.25,0,52.00000000000031,56.0000000000003
J000313,2023-02-03/AMPP,AMPP,AMR_13,G15_8,WS_13_20,"[""126834""]",2,2265.6499999994767,2665.0000000009295,2495.6500000003134,2265.6499999994767,2422.950000000049,2427.0000000000637,2485.5500000002767,2485.600000000277,2495.6000000003132,2495.6500000003134,2660.9500000009148,2665.0000000009295,18.100000000000122,128.54999999999498,21.050000000000164,0,231.40000000001837,0.25,0,44.00000000000024,88.00000000000136
J000314,2023-02-03/DSET,DSET,AMR_08,G15_7,WS_8_20,"[""120382""]",1,2268.3499999994865,2467.1500000002097,2410.4000000000033,2268.3499999994865,2268.3499999994865,2272.3999999995012,2400.2999999999665,2400.3499999999667,2410.350000000003,2410.4000000000033,2463.100000000195,2467.1500000002097,18.100000000000122,107.54999999999603,13.400000000000055,0,59.549999999998754,0.2,0,0.0,120.00000000000205
J000315,2023-02-03/BDMC,BDMC,AMR_29,G15_12,WS_19_20,"[""101155"", ""101191""]",2,2275.1499999995112,2488.8500000002887,2368.29999999985,2275.1499999995112,2275.1499999995112,2279.199999999526,2358.1999999998134,2358.2499999998136,2368.24999999985,2368.29999999985,2484.800000000274,2488.8500000002887,18.100000000000122,60.79999999999868,11.450000000000028,0,123.14999999999515,0.2,0,0.0,60.00000000000023
J000316,2023-02-03/DSET,DSET,AMR_32,G18_8,WS_8_20,"[""101150""]",1,2275.7999999995136,2545.2000000004937,2394.4499999999452,2275.7999999995136,2275.7999999995136,2279.8499999995283,2384.3499999999085,2384.3999999999087,2394.399999999945,2394.4499999999452,2541.150000000479,2545.2000000004937,18.100000000000122,99.89999999999647,11.450000000000028,0,139.74999999999753,0.2,0,0.0,104.00000000000108
J000317,2023-02-03/AMPP,AMPP,AMR_05,G20_14,WS_13_20,"[""110342""]",1,2343.6499999997604,2477.7500000002483,2397.8499999999576,2343.6499999997604,2343.6499999997604,2347.699999999775,2387.749999999921,2387.799999999921,2397.7999999999574,2397.8499999999576,2473.7000000002336,2477.7500000002483,18.100000000000122,59.39999999999876,11.450000000000028,0,44.949999999999584,0.2,0,0.0,56.000000000000156
J000318,2023-02-03/DSET,DSET,AMR_39,G20_8,WS_8_20,"[""121570""]",1,2346.3499999997703,2788.9500000013804,2700.2000000010576,2346.3499999997703,2346.3499999997703,2350.399999999785,2690.100000001021,2690.150000001021,2700.1500000010574,2700.2000000010576,2784.9000000013657,2788.9500000013804,18.100000000000122,195.9500000000103,28.60000000000027,0,199.75000000001117,0.2,0,0.0,195.9999999999923
J000319,2023-02-03/BLWE,BLWE,AMR_06,G15_9,WS_2_20,"[""110251""]",1,2347.2499999997735,2484.000000000271,2430.3000000000757,2347.2499999997735,2347.2499999997735,2351.2999999997883,2420.200000000039,2420.250000000039,2430.2500000000755,2430.3000000000757,2479.9500000002563,2484.000000000271,18.100000000000122,104.74999999999619,9.55,0,4.149999999999993,0.2,0,0.0,132.00000000000284
J000320,2023-02-03/AMPP,AMPP,AMR_31,G20_10,WS_13_20,"[""125463""]",1,2362.9499999998307,2696.750000001045,2529.7500000004375,2362.9499999998307,2362.9499999998307,2366.9999999998454,2519.6500000004007,2519.700000000401,2529.7000000004373,2529.7500000004375,2692.7000000010303,2696.750000001045,18.100000000000122,93.14999999999685,12.400000000000041,0,209.9500000000135,0.2,0,0.0,88.00000000000031
J000321,2023-02-03/BDMC,BDMC,AMR_14,G17_14,WS_19_20,"[""110504"", ""123310"", ""134027""]",4,2368.3499999998503,2575.6000000006043,2502.2500000003374,2368.3499999998503,2381.699999999899,2385.7499999999136,2492.1500000003007,2492.200000000301,2502.2000000003372,2502.2500000003374,2571.5500000005895,2575.6000000006043,18.100000000000122,83.14999999999742,17.25000000000011,0,88.49999999999712,0.25,0,6.0,72.00000000000026
J000322,2023-02-03/AMPP,AMPP,AMR_20,G14_7,WS_13_20,"[""107377""]",1,2380.1999999998934,2631.5000000008076,2478.550000000251,2380.1999999998934,2396.1999999999516,2400.2499999999663,2468.4500000002145,2468.5000000002146,2478.500000000251,2478.550000000251,2627.450000000793,2631.5000000008076,18.100000000000122,78.34999999999769,13.400000000000055,0,141.19999999999786,0.25,0,10.0,68.00000000000068
J000323,2023-02-03/BDMC,BDMC,AMR_27,G9_13,WS_19_20,"[""101102"", ""104356"", ""110497""]",3,2385.6999999999134,2851.6000000016084,2772.30000000132,2385.6999999999134,2388.7499999999245,2392.7999999999392,2762.200000001283,2762.2500000012833,2772.2500000013197,2772.30000000132,2847.5500000015936,2851.6000000016084,18.100000000000122,151.15000000000012,17.20000000000011,0,279.2000000000292,0.25,0,2.0,164.00000000000017
J000324,2023-02-03/BLWE,BLWE,AMR_33,G11_7,WS_2_20,"[""101066""]",1,2397.8499999999576,2522.15000000041,2473.4000000002325,2397.8499999999576,2397.8499999999576,2401.8999999999724,2463.3000000001957,2463.350000000196,2473.3500000002323,2473.4000000002325,2518.100000000395,2522.15000000041,18.100000000000122,78.44999999999769,9.55,0,18.00000000000012,0.2,0,0.0,92.00000000000131
J000325,2023-02-03/AMPP,AMPP,AMR_17,G24_12,WS_13_20,"[""118539""]",1,2397.899999999958,2689.9500000010203,2619.4000000007636,2397.899999999958,2428.6000000000695,2432.650000000084,2609.300000000727,2609.350000000727,2619.3500000007634,2619.4000000007636,2685.9000000010055,2689.9500000010203,18.100000000000122,108.049999999996,13.350000000000055,0,152.30000000000038,0.25,0,18.0,88.00000000000048
J000326,2023-02-03/DSET,DSET,AMR_40,G17_8,WS_8_20,"[""101221""]",1,2400.5499999999674,2675.850000000969,2572.6500000005935,2400.5499999999674,2400.5499999999674,2404.599999999982,2562.550000000557,2562.600000000557,2572.6000000005934,2572.6500000005935,2671.8000000009542,2675.850000000969,18.100000000000122,108.64999999999597,11.500000000000028,0,136.84999999999687,0.2,0,0.0,120.00000000000193
J000327,2023-02-03/BLWE,BLWE,AMR_07,G18_9,WS_2_20,"[""111295""]",1,2408.699999999997,2699.0500000010534,2516.8500000003905,2408.699999999997,2408.699999999997,2412.750000000012,2506.750000000354,2506.800000000354,2516.8000000003904,2516.8500000003905,2695.0000000010386,2699.0500000010534,18.100000000000122,166.25000000000355,21.100000000000165,0,84.69999999999733,0.2,0,0.0,195.9999999999957
J000328,2023-02-03/BDMC,BDMC,AMR_02,G15_13,WS_19_20,"[""111307"", ""112045""]",2,2414.0500000000166,2681.0000000009877,2638.6500000008336,2414.0500000000166,2585.45000000064,2589.500000000655,2628.550000000797,2628.600000000797,2638.6000000008335,2638.6500000008336,2676.950000000973,2681.0000000009877,18.100000000000122,126.74999999999494,23.050000000000193,0,98.79999999999653,0.25,0,74.00000000000051,52.00000000000013
J000329,2023-02-03/BDMC,BDMC,AMR_24,G8_14,WS_19_20,"[""112275"", ""112387""]",3,2435.8000000000957,2746.250000001225,2703.950000001071,2435.8000000000957,2495.200000000312,2499.2500000003265,2693.8500000010345,2693.9000000010346,2703.900000001071,2703.950000001071,2742.2000000012104,2746.250000001225,18.100000000000122,113.69999999999568,17.20000000000011,0,161.2000000000024,0.25,0,32.000000000000014,84.00000000000074
J000330,2023-02-03/DSET,DSET,AMR_09,G15_5,WS_8_20,"[""110538""]",1,2447.3000000001375,2628.250000000796,2556.7500000005357,2447.3000000001375,2447.3000000001375,2451.3500000001522,2546.650000000499,2546.700000000499,2556.7000000005355,2556.7500000005357,2624.200000000781,2628.250000000796,18.100000000000122,125.04999999999504,13.400000000000055,0,24.20000000000021,0.2,0,0.0,148.0000000000008
J000331,2023-02-03/AMPP,AMPP,AMR_21,G18_7,WS_13_20,"[""101073""]",1,2478.6000000002514,2832.0500000015372,2659.5500000009097,2478.6000000002514,2478.6000000002514,2482.650000000266,2649.450000000873,2649.500000000873,2659.5000000009095,2659.5500000009097,2828.0000000015225,2832.0500000015372,18.100000000000122,112.99999999999572,13.400000000000055,0,208.75000000001322,0.2,0,0.0,112.00000000000114
J000332,2023-02-03/BDMC,BDMC,AMR_12,G9_12,WS_19_20,"[""107162"", ""135158""]",2,2485.2500000002756,2766.4000000012984,2721.150000001134,2485.2500000002756,2501.250000000334,2505.3000000003485,2711.050000001097,2711.100000001097,2721.1000000011336,2721.150000001134,2762.3500000012837,2766.4000000012984,18.100000000000122,119.99999999999532,21.100000000000165,0,121.69999999999523,0.25,0,10.0,112.00000000000105
J000333,2023-02-03/BSAR,BSAR,AMR_15,G18_10,WS_25_20,"[""101065"", ""124207""]",2,2492.1000000003005,2648.350000000869,2607.45000000072,2492.1000000003005,2518.2000000003954,2522.25000000041,2597.3500000006834,2597.4000000006836,2607.40000000072,2607.45000000072,2644.300000000854,2648.350000000869,18.100000000000122,81.99999999999748,12.35000000000004,0,43.54999999999966,0.25,0,8.0,76.00000000000031
J000334,2023-02-03/BSAR,BSAR,AMR_29,G11_5,WS_25_20,"[""101296"", ""101330""]",2,2492.1000000003005,2764.3000000012908,2690.9000000010237,2492.1000000003005,2568.650000000579,2572.7000000005937,2680.800000000987,2680.850000000987,2690.8500000010235,2690.9000000010237,2760.250000001276,2764.3000000012908,18.100000000000122,167.05000000000373,21.000000000000163,0,65.7999999999984,0.25,0,30.00000000000003,163.99999999999784
J000335,2023-02-03/BSAR,BSAR,AMR_08,G15_2,WS_25_20,"[""110189"", ""124208""]",2,2492.1000000003005,2780.5000000013497,2719.800000001129,2492.1000000003005,2642.5000000008476,2646.5500000008624,2709.700000001092,2709.7500000010923,2719.7500000011287,2719.800000001129,2776.450000001335,2780.5000000013497,18.100000000000122,159.75000000000207,20.05000000000015,0,90.24999999999702,0.25,0,54.0000000000005,132.00000000000193
J000336,2023-02-03/BSAR,BSAR,AMR_25,G26_15,WS_25_20,"[""111289""]",1,2492.1000000003005,2579.4500000006183,2552.700000000521,2492.1000000003005,2516.8000000003904,2520.850000000405,2542.600000000484,2542.6500000004844,2552.650000000521,2552.700000000521,2575.4000000006035,2579.4500000006183,18.100000000000122,53.99999999999907,11.500000000000028,0,3.4999999999999956,0.25,0,18.0,36.00000000000003
J000337,2023-02-03/BSAR,BSAR,AMR_06,G17_15,WS_25_20,"[""110596""]",1,2492.1000000003005,2797.2000000014104,2751.950000001246,2492.1000000003005,2651.8000000008815,2655.850000000896,2741.850000001209,2741.9000000012093,2751.9000000012456,2751.950000001246,2793.1500000013957,2797.2000000014104,18.100000000000122,150.80000000000004,24.000000000000206,0,111.94999999999578,0.25,0,100.00000000000159,64.0
J000338,2023-02-03/BSAR,BSAR,AMR_18,G18_13,WS_25_20,"[""110597""]",1,2492.1000000003005,2603.1500000007045,2568.5000000005784,2492.1000000003005,2498.7500000003247,2502.8000000003394,2558.4000000005417,2558.450000000542,2568.4500000005783,2568.5000000005784,2599.1000000006898,2603.1500000007045,18.100000000000122,73.39999999999797,13.400000000000055,0,5.899999999999987,0.25,0,4.0,76.00000000000014
J000339,2023-02-03/AMPP,AMPP,AMR_36,G11_9,WS_13_20,"[""101109""]",1,2495.7000000003136,2705.1500000010756,2642.2500000008467,2495.7000000003136,2523.7000000004155,2527.75000000043,2632.15000000081,2632.20000000081,2642.2000000008466,2642.2500000008467,2701.100000001061,2705.1500000010756,18.100000000000122,95.04999999999674,19.150000000000137,0,76.89999999999777,0.25,0,20.0,72.0000000000006
J000340,2023-02-03/BDMC,BDMC,AMR_38,G17_7,WS_19_20,"[""112319"", ""137330""]",2,2502.3000000003376,2673.100000000959,2621.450000000771,2502.3000000003376,2539.4500000004728,2543.5000000004875,2611.3500000007343,2611.4000000007345,2621.400000000771,2621.450000000771,2669.0500000009442,2673.100000000959,18.100000000000122,89.24999999999707,13.400000000000055,0,49.79999999999931,0.25,0,16.0,76.00000000000057
J000341,2023-02-03/AMPP,AMPP,AMR_05,G3_10,WS_13_20,"[""107116""]",2,2512.7500000003756,2747.000000001228,2696.4000000010437,2512.7500000003756,2594.200000000672,2598.2500000006867,2686.300000001007,2686.350000001007,2696.3500000010436,2696.4000000010437,2742.950000001213,2747.000000001228,18.100000000000122,152.55000000000044,20.10000000000015,0,43.24999999999968,0.25,0,74.00000000000149,96.00000000000117
J000342,2023-02-03/DSET,DSET,AMR_33,G11_7,WS_8_20,"[""107266""]",1,2522.20000000041,2636.4500000008256,2588.6000000006516,2522.20000000041,2522.20000000041,2526.2500000004247,2578.500000000615,2578.550000000615,2588.5500000006514,2588.6000000006516,2632.400000000811,2636.4500000008256,18.100000000000122,68.04999999999828,9.55,0,18.350000000000126,0.2,0,0.0,72.00000000000077
J000343,2023-02-03/AMPP,AMPP,AMR_37,G3_9,WS_13_20,"[""107287""]",1,2529.8000000004376,2880.3000000017128,2795.5500000014044,2529.8000000004376,2656.2000000008975,2660.250000000912,2785.4500000013677,2785.500000001368,2795.5000000014043,2795.5500000014044,2876.250000001698,2880.3000000017128,18.100000000000122,183.6000000000075,26.800000000000246,0,121.74999999999523,0.25,0,108.00000000000234,92.0000000000007
J000344,2023-02-03/BLWE,BLWE,AMR_01,G14_12,WS_2_20,"[""107219""]",1,2530.150000000439,2703.4500000010694,2608.550000000724,2530.150000000439,2530.150000000439,2534.2000000004537,2598.4500000006874,2598.5000000006876,2608.500000000724,2608.550000000724,2699.4000000010547,2703.4500000010694,18.100000000000122,97.04999999999663,12.400000000000041,0,45.54999999999955,0.2,0,0.0,108.0000000000017
J000345,2023-02-03/BSAR,BSAR,AMR_32,G17_13,WS_25_20,"[""101080""]",1,2552.750000000521,2795.400000001404,2736.000000001188,2552.750000000521,2625.7500000007867,2629.8000000008014,2725.900000001151,2725.9500000011512,2735.9500000011876,2736.000000001188,2791.350000001389,2795.400000001404,18.100000000000122,117.89999999999544,17.25000000000011,0,89.14999999999708,0.25,0,48.00000000000033,76.00000000000014
J000346,2023-02-03/BSAR,BSAR,AMR_11,G18_12,WS_25_20,"[""101026""]",1,2568.5500000005786,2710.550000001095,2674.9500000009657,2568.5500000005786,2598.600000000688,2602.6500000007027,2664.850000000929,2664.900000000929,2674.9000000009655,2674.9500000009657,2706.5000000010805,2710.550000001095,18.100000000000122,87.14999999999719,15.250000000000082,0,21.250000000000167,0.25,0,18.0,72.00000000000026
J000347,2023-02-03/BSAR,BSAR,AMR_26,G21_14,WS_25_20,"[""101328""]",1,2607.5000000007203,2688.000000001013,2658.850000000907,2607.5000000007203,2607.5000000007203,2611.550000000735,2648.7500000008704,2648.8000000008706,2658.800000000907,2658.850000000907,2683.9500000009984,2688.000000001013,18.100000000000122,48.249999999999396,9.55,0,4.399999999999992,0.2,0,0.0,48.00000000000004
J000348,2023-02-03/KBES,KBES,AMR_18,G20_13,WS_2_20,"[""107285""]",1,2608.6000000007243,2879.9000000017113,2731.700000001172,2608.6000000007243,2614.800000000747,2618.8500000007616,2721.6000000011354,2721.6500000011356,2731.650000001172,2731.700000001172,2875.8500000016966,2879.9000000017113,18.100000000000122,104.5999999999962,13.400000000000055,0,134.94999999999644,0.25,0,4.0,104.00000000000131
J000349,2023-02-03/AMPP,AMPP,AMR_30,G18_8,WS_13_20,"[""110360"", ""110514""]",2,2619.450000000764,2843.0500000015772,2730.500000001168,2619.450000000764,2643.15000000085,2647.2000000008647,2720.400000001131,2720.4500000011312,2730.4500000011676,2730.500000001168,2839.0000000015625,2843.0500000015772,18.100000000000122,112.04999999999578,18.200000000000124,0,74.99999999999788,0.25,0,18.0,96.00000000000088
J000350,2023-02-03/BDMC,BDMC,AMR_22,G11_8,WS_19_20,"[""110219"", ""110536""]",2,2621.5000000007713,2837.4000000015567,2755.250000001258,2621.5000000007713,2659.100000000908,2663.150000000923,2745.150000001221,2745.2000000012213,2755.2000000012576,2755.250000001258,2833.350000001542,2837.4000000015567,18.100000000000122,108.54999999999598,15.250000000000082,0,73.74999999999795,0.25,0,24.0,96.00000000000102
J000351,2023-02-03/BDMC,BDMC,AMR_23,G5_14,WS_19_20,"[""110462"", ""110591""]",2,2638.700000000834,2827.550000001521,2738.200000001196,2638.700000000834,2641.750000000845,2645.8000000008597,2728.100000001159,2728.1500000011592,2738.1500000011956,2738.200000001196,2823.500000001506,2827.550000001521,18.100000000000122,93.34999999999684,7.599999999999981,0,69.54999999999819,0.25,0,2.0,96.00000000000065
J000352,2023-02-03/AMPP,AMPP,AMR_25,G26_15,WS_13_20,"[""107443""]",1,2642.300000000847,2829.200000001527,2713.4500000011058,2642.300000000847,2642.300000000847,2646.3500000008617,2703.350000001069,2703.400000001069,2713.4000000011056,2713.4500000011058,2825.150000001512,2829.200000001527,18.100000000000122,75.89999999999783,9.55,0,83.14999999999742,0.2,0,0.0,76.00000000000006
J000353,2023-02-03/BSAR,BSAR,AMR_19,G14_15,WS_25_20,"[""111249""]",1,2658.9000000009073,3009.800000002184,2899.350000001782,2658.9000000009073,2750.35000000124,2754.4000000012547,2889.2500000017453,2889.3000000017455,2899.300000001782,2899.350000001782,3005.750000002169,3009.800000002184,18.100000000000122,119.54999999999535,20.10000000000015,0,192.9000000000096,0.25,0,36.00000000000003,76.00000000000003
J000354,2023-02-03/AMPP,AMPP,AMR_34,G3_7,WS_13_20,"[""123753""]",1,2659.60000000091,2864.8000000016564,2812.450000001466,2659.60000000091,2679.5000000009823,2683.550000000997,2802.350000001429,2802.4000000014294,2812.4000000014657,2812.450000001466,2860.7500000016416,2864.8000000016564,18.100000000000122,104.84999999999619,15.300000000000082,0,66.69999999999835,0.25,0,16.0,100.0000000000013
J000355,2023-02-03/BSAR,BSAR,AMR_15,G20_9,WS_25_20,"[""121745""]",1,2675.000000000966,2810.050000001457,2767.900000001304,2675.000000000966,2688.0500000010134,2692.100000001028,2757.800000001267,2757.8500000012673,2767.8500000013037,2767.900000001304,2806.0000000014425,2810.050000001457,18.100000000000122,85.3499999999973,15.300000000000082,0,16.050000000000093,0.25,0,6.0,84.00000000000051
J000356,2023-02-03/BSAR,BSAR,AMR_02,G15_13,WS_25_20,"[""110336""]",1,2690.950000001024,2977.2500000020655,2883.350000001724,2690.950000001024,2690.950000001024,2695.0000000010386,2873.250000001687,2873.3000000016873,2883.3000000017237,2883.350000001724,2973.2000000020507,2977.2500000020655,18.100000000000122,102.04999999999634,17.20000000000011,0,148.74999999999957,0.2,0,0.0,108.00000000000034
J000357,2023-02-03/JKTP,JKTP,AMR_04,G3_15,WS_8_20,"[""110305""]",1,2700.2500000010577,2779.9000000013475,2752.7500000012487,2700.2500000010577,2704.3000000010725,2708.350000001087,2742.650000001212,2742.700000001212,2752.7000000012486,2752.7500000012487,2775.850000001333,2779.9000000013475,18.100000000000122,49.149999999999345,6.649999999999984,0,5.4999999999999885,0.25,0,2.0,48.0000000000001
J000358,2023-02-03/JKTP,JKTP,AMR_14,G15_14,WS_8_20,"[""101075""]",1,2700.2500000010577,2949.5000000019645,2816.850000001482,2700.2500000010577,2707.4000000010838,2711.4500000010985,2806.750000001445,2806.8000000014454,2816.8000000014817,2816.850000001482,2945.45000000195,2949.5000000019645,18.100000000000122,79.69999999999762,13.400000000000055,0,137.79999999999708,0.25,0,4.0,68.00000000000028
J000359,2023-02-03/JKTP,JKTP,AMR_13,G15_10,WS_8_20,"[""120052""]",1,2700.2500000010577,2880.900000001715,2800.900000001424,2700.2500000010577,2714.900000001111,2718.9500000011258,2790.800000001387,2790.8500000013873,2800.8500000014237,2800.900000001424,2876.8500000017,2880.900000001715,18.100000000000122,86.19999999999725,12.400000000000041,0,63.69999999999852,0.25,0,8.0,76.00000000000071
J000360,2023-02-03/JKTP,JKTP,AMR_03,G5_7,WS_8_20,"[""111212""]",1,2700.2500000010577,2890.1000000017484,2832.80000000154,2700.2500000010577,2729.2500000011632,2733.300000001178,2822.700000001503,2822.7500000015034,2832.75000000154,2832.80000000154,2886.0500000017337,2890.1000000017484,18.100000000000122,100.24999999999645,15.300000000000082,0,55.94999999999896,0.25,0,21.999999999999993,80.00000000000054
J000361,2023-02-03/JKTP,JKTP,AMR_26,G20_14,WS_8_20,"[""110432""]",1,2700.2500000010577,2921.850000001864,2769.000000001308,2700.2500000010577,2703.350000001069,2707.4000000010838,2758.900000001271,2758.9500000012713,2768.9500000013077,2769.000000001308,2917.800000001849,2921.850000001864,18.100000000000122,81.54999999999751,7.599999999999981,0,114.09999999999566,0.25,0,2.0,80.00000000000065
J000362,2023-02-03/JKTP,JKTP,AMR_16,G21_15,WS_8_20,"[""112357""]",1,2700.2500000010577,2992.0500000021193,2784.950000001366,2700.2500000010577,2706.650000001081,2710.7000000010958,2774.850000001329,2774.9000000013293,2784.9000000013657,2784.950000001366,2988.0000000021046,2992.0500000021193,18.100000000000122,95.44999999999672,12.400000000000041,0,165.6000000000034,0.25,0,4.0,88.0000000000005
J000363,2023-02-03/BDMC,BDMC,AMR_31,G18_15,WS_19_20,"[""110346""]",1,2704.0000000010714,2841.5000000015716,2806.400000001444,2704.0000000010714,2723.350000001142,2727.4000000011565,2796.300000001407,2796.3500000014074,2806.3500000014437,2806.400000001444,2837.450000001557,2841.5000000015716,18.100000000000122,52.24999999999917,8.599999999999987,0,58.299999999998825,0.25,0,14.0,32.0
J000364,2023-02-03/BSAR,BSAR,AMR_07,G20_10,WS_25_20,"[""125463""]",1,2719.850000001129,2828.700000001525,2790.6000000013864,2719.850000001129,2733.1500000011774,2737.200000001192,2780.5000000013497,2780.55000000135,2790.5500000013863,2790.6000000013864,2824.6500000015103,2828.700000001525,18.100000000000122,75.34999999999786,13.350000000000055,0,1.800000000000001,0.25,0,6.0,76.00000000000043
J000365,2023-02-03/BDMC,BDMC,AMR_36,G11_9,WS_19_20,"[""112353"", ""125194""]",3,2721.200000001134,2957.7500000019945,2823.450000001506,2721.200000001134,2721.200000001134,2725.2500000011487,2813.350000001469,2813.4000000014694,2823.4000000015058,2823.450000001506,2953.70000000198,2957.7500000019945,18.100000000000122,100.04999999999646,11.450000000000028,0,106.74999999999608,0.2,0,0.0,96.00000000000065
J000366,2023-02-03/KJRH,KJRH,AMR_09,G15_4,WS_2_20,"[""101135"", ""110390"", ""110450"", ""111238"", ""111342"", ""123310""]",6,2731.7500000011723,2888.900000001744,2818.500000001488,2731.7500000011723,2735.6500000011865,2739.7000000012013,2808.400000001451,2808.4500000014514,2818.4500000014878,2818.500000001488,2884.8500000017293,2888.900000001744,18.100000000000122,107.59999999999603,6.649999999999984,0,24.550000000000214,0.25,0,2.0,128.00000000000296
J000367,2023-02-03/KJRH,KJRH,AMR_33,G8_5,WS_2_20,"[""101102"", ""111897"", ""112435"", ""120049"", ""121745""]",9,2731.7500000011723,2882.6500000017213,2835.55000000155,2731.7500000011723,2760.7000000012777,2764.7500000012924,2825.450000001513,2825.5000000015134,2835.50000000155,2835.55000000155,2878.6000000017066,2882.6500000017213,18.100000000000122,103.14999999999628,15.300000000000082,0,14.100000000000065,0.25,0,21.999999999999993,96.00000000000148
J000368,2023-02-03/KJRH,KJRH,AMR_20,G12_2,WS_2_20,"[""101330"", ""110148"", ""110166"", ""110592"", ""110595""]",5,2731.7500000011723,2918.550000001852,2852.600000001612,2731.7500000011723,2758.5000000012697,2762.5500000012844,2842.5000000015752,2842.5500000015754,2852.550000001612,2852.600000001612,2914.500000001837,2918.550000001852,18.100000000000122,122.2499999999952,13.350000000000055,0,32.85000000000027,0.25,0,13.999999999999993,128.00000000000253
J000369,2023-02-03/KJRH,KJRH,AMR_01,G3_14,WS_2_20,"[""110210"", ""110349"", ""112013"", ""115355""]",4,2731.7500000011723,2833.950000001544,2801.250000001425,2731.7500000011723,2766.050000001297,2770.100000001312,2791.1500000013884,2791.2000000013886,2801.200000001425,2801.250000001425,2829.9000000015294,2833.950000001544,18.100000000000122,67.99999999999828,13.400000000000055,0,2.4499999999999993,0.25,0,30.000000000000025,39.999999999999986
J000370,2023-02-03/KJRH,KJRH,AMR_40,G17_8,WS_2_20,"[""101061"", ""101221"", ""107131"", ""110401""]",4,2731.7500000011723,2959.850000002002,2869.650000001674,2731.7500000011723,2731.7500000011723,2735.800000001187,2859.5500000016373,2859.6000000016375,2869.600000001674,2869.650000001674,2955.8000000019874,2959.850000002002,18.100000000000122,106.89999999999607,9.55,0,93.34999999999684,0.2,0,0.0,112.000000000001
J000371,2023-02-03/KJRH,KJRH,AMR_11,G14_10,WS_2_20,"[""101015"", ""101180"", ""122632""]",3,2731.7500000011723,2958.5500000019974,2886.700000001736,2731.7500000011723,2747.9500000012313,2752.000000001246,2876.6000000016993,2876.6500000016995,2886.650000001736,2886.700000001736,2954.5000000019827,2958.5500000019974,18.100000000000122,105.09999999999617,12.35000000000004,0,90.99999999999697,0.25,0,12.0,92.00000000000077
J000372,2023-02-03/BSAR,BSAR,AMR_38,G14_13,WS_25_20,"[""107130""]",1,2736.050000001188,3195.5000000028595,2947.200000001956,2736.050000001188,2784.400000001364,2788.4500000013786,2937.1000000019194,2937.1500000019196,2947.150000001956,2947.200000001956,3191.4500000028447,3195.5000000028595,18.100000000000122,151.25000000000014,24.850000000000218,0,265.000000000026,0.25,0,34.0,104.00000000000017
J000373,2023-02-03/BDMC,BDMC,AMR_17,G23_15,WS_19_20,"[""107251""]",1,2738.250000001196,2910.050000001821,2840.500000001568,2738.250000001196,2772.1500000013193,2776.200000001334,2830.400000001531,2830.4500000015314,2840.450000001568,2840.500000001568,2906.0000000018063,2910.050000001821,18.100000000000122,61.04999999999867,11.450000000000028,0,80.94999999999754,0.25,0,16.0,40.00000000000003
J000374,2023-02-03/BSAR,BSAR,AMR_28,G14_12,WS_25_20,"[""124210""]",1,2752.000000001246,2938.5500000019247,2856.150000001625,2752.000000001246,2777.2000000013377,2781.2500000013524,2846.050000001588,2846.1000000015883,2856.1000000016247,2856.150000001625,2934.50000000191,2938.5500000019247,18.100000000000122,104.89999999999618,15.300000000000082,0,47.99999999999941,0.25,0,18.0,96.00000000000063
J000375,2023-02-03/JKTP,JKTP,AMR_05,G18_10,WS_8_20,"[""110205""]",1,2752.800000001249,3117.1000000025742,2999.450000002146,2752.800000001249,2827.000000001519,2831.0500000015336,2989.3500000021095,2989.4000000021097,2999.400000002146,2999.450000002146,3113.0500000025595,3117.1000000025742,18.100000000000122,140.79999999999777,19.100000000000136,0,186.05000000000805,0.25,0,34.0,100.00000000000077
J000376,2023-02-03/BDMC,BDMC,AMR_24,G18_12,WS_19_20,"[""112363""]",1,2755.300000001258,2898.75000000178,2864.650000001656,2755.300000001258,2788.9000000013802,2792.950000001395,2854.550000001619,2854.6000000016193,2864.6000000016556,2864.650000001656,2894.700000001765,2898.75000000178,18.100000000000122,77.69999999999773,13.350000000000055,0,34.0500000000002,0.25,0,32.0,48.0000000000003
J000377,2023-02-03/BSAR,BSAR,AMR_12,G17_9,WS_25_20,"[""110391""]",1,2767.950000001304,3061.1500000023707,2915.30000000184,2767.950000001304,2798.500000001415,2802.55000000143,2905.2000000018033,2905.2500000018035,2915.25000000184,2915.30000000184,3057.100000002356,3061.1500000023707,18.100000000000122,144.74999999999866,17.20000000000011,0,112.89999999999573,0.25,0,22.0,136.00000000000065
J000378,2023-02-03/JKTP,JKTP,AMR_29,G5_6,WS_8_20,"[""110189""]",1,2769.050000001308,2945.45000000195,2881.150000001716,2769.050000001308,2801.700000001427,2805.7500000014415,2871.050000001679,2871.1000000016793,2881.1000000017157,2881.150000001716,2941.400000001935,2945.45000000195,18.100000000000122,104.19999999999622,15.300000000000082,0,38.54999999999995,0.25,0,26.00000000000002,84.00000000000088
J000379,2023-02-03/BDMC,BDMC,AMR_04,G20_12,WS_19_20,"[""101097""]",1,2779.9500000013477,3011.4000000021897,2956.3000000019892,2779.9500000013477,2879.3500000017093,2883.400000001724,2946.2000000019525,2946.2500000019527,2956.250000001989,2956.3000000019892,3007.350000002175,3011.4000000021897,18.100000000000122,138.04999999999714,18.100000000000122,0,56.9499999999989,0.25,0,108.00000000000219,48.0000000000003
J000380,2023-02-03/JKTP,JKTP,AMR_08,G18_9,WS_8_20,"[""110137""]",1,2785.000000001366,3070.7500000024056,2967.3500000020294,2785.000000001366,2812.6500000014667,2816.7000000014814,2957.2500000019927,2957.300000001993,2967.3000000020293,2967.3500000020294,3066.700000002391,3070.7500000024056,18.100000000000122,154.1000000000008,22.000000000000178,0,91.29999999999696,0.25,0,23.999999999999993,132.0000000000018
J000381,2023-02-03/BDMC,BDMC,AMR_39,G23_13,WS_19_20,"[""101179""]",2,2789.400000001382,2936.8500000019185,2897.900000001777,2789.400000001382,2855.1500000016213,2859.200000001636,2887.80000000174,2887.85000000174,2897.8500000017766,2897.900000001777,2932.8000000019038,2936.8500000019185,18.100000000000122,82.94999999999743,15.300000000000082,0,30.850000000000303,0.25,0,40.000000000000085,48.00000000000021
J000382,2023-02-03/BSAR,BSAR,AMR_32,G14_9,WS_25_20,"[""125176""]",1,2795.450000001404,3232.9000000029955,2931.250000001898,2795.450000001404,2822.050000001501,2826.1000000015156,2921.1500000018614,2921.2000000018616,2931.200000001898,2931.250000001898,3228.850000002981,3232.9000000029955,18.100000000000122,170.15000000000444,32.600000000000286,0,216.35000000001494,0.25,0,18.0,140.00000000000068
J000383,2023-02-03/JKTP,JKTP,AMR_06,G17_7,WS_8_20,"[""137330""]",1,2800.950000001424,3114.1000000025633,2983.500000002088,2800.950000001424,2829.550000001528,2833.600000001543,2973.4000000020515,2973.4500000020516,2983.450000002088,2983.500000002088,3110.0500000025486,3114.1000000025633,18.100000000000122,135.89999999999665,20.05000000000015,0,138.84999999999732,0.25,0,20.00000000000003,116.00000000000139
J000384,2023-02-03/KJRH,KJRH,AMR_15,G11_7,WS_2_20,"[""101066"", ""110397"", ""111271""]",3,2810.1000000014574,3016.650000002209,2927.2000000018834,2810.1000000014574,2864.100000001654,2868.1500000016686,2917.1000000018466,2917.150000001847,2927.150000001883,2927.2000000018834,3012.600000002194,3016.650000002209,18.100000000000122,130.09999999999533,17.20000000000011,0,40.899999999999814,0.25,0,42.00000000000021,108.00000000000179
J000385,2023-02-03/BKAG,BKAG,AMR_10,G11_2,WS_13_20,"[""110221"", ""111212"", ""111238"", ""111391"", ""120450""]",5,2824.350000001509,3018.950000002217,2955.0500000019847,2824.350000001509,2872.2000000016833,2876.250000001698,2944.950000001948,2945.000000001948,2955.0000000019845,2955.0500000019847,3014.9000000022024,3018.950000002217,18.100000000000122,126.39999999999496,16.250000000000096,0,33.60000000000023,0.25,0,54.0000000000004,92.00000000000121
J000386,2023-02-03/BKAG,BKAG,AMR_23,G8_14,WS_13_20,"[""112275"", ""112387"", ""118513"", ""135096""]",4,2827.600000001521,3023.350000002233,2989.6500000021106,2827.600000001521,2881.0500000017155,2885.10000000173,2979.550000002074,2979.600000002074,2989.6000000021104,2989.6500000021106,3019.3000000022184,3023.350000002233,18.100000000000122,97.4999999999966,23.000000000000192,0,56.899999999998904,0.25,0,26.000000000000014,68.00000000000043
J000387,2023-02-03/BKAG,BKAG,AMR_07,G11_10,WS_13_20,"[""101022"", ""101147"", ""101305"", ""110313""]",5,2828.750000001525,3048.300000002324,3006.6000000021722,2828.750000001525,2911.3500000018257,2915.4000000018405,2996.5000000021355,2996.5500000021357,3006.550000002172,3006.6000000021722,3044.250000002309,3048.300000002324,18.100000000000122,81.8499999999975,13.350000000000055,0,105.99999999999612,0.25,0,22.0,64.00000000000036
J000388,2023-02-03/BKAG,BKAG,AMR_25,G15_15,WS_13_20,"[""112034"", ""124702"", ""132437""]",3,2829.250000001527,2948.25000000196,2893.7500000017617,2829.250000001527,2857.300000001629,2861.350000001644,2883.650000001725,2883.700000001725,2893.7000000017615,2893.7500000017617,2944.200000001945,2948.25000000196,18.100000000000122,59.09999999999878,9.55,0,32.00000000000032,0.25,0,26.0,32.0
J000389,2023-02-03/BDMC,BDMC,AMR_21,G17_12,WS_19_20,"[""100949""]",1,2832.1000000015374,3060.5500000023685,2996.900000002137,2832.1000000015374,2863.9500000016533,2868.000000001668,2986.8000000021,2986.8500000021004,2996.8500000021368,2996.900000002137,3056.5000000023538,3060.5500000023685,18.100000000000122,87.99999999999714,13.350000000000055,0,108.74999999999596,0.25,0,16.0,56.0
J000390,2023-02-03/BKAG,BKAG,AMR_01,G17_14,WS_13_20,"[""110285"", ""110594"", ""123310""]",3,2834.0000000015443,3155.6500000027145,3040.7000000022963,2834.0000000015443,2965.600000002023,2969.650000002038,3030.6000000022595,3030.6500000022597,3040.650000002296,3040.7000000022963,3151.6000000026997,3155.6500000027145,18.100000000000122,93.79999999999681,19.100000000000136,0,190.40000000000904,0.25,0,40.00000000000003,44.000000000000085
J000391,2023-02-03/KJRH,KJRH,AMR_22,G17_15,WS_2_20,"[""101014"", ""110283"", ""110596""]",3,2837.450000001557,3283.60000000318,3238.1500000030146,2837.450000001557,2907.7500000018126,2911.8000000018274,3228.050000002978,3228.100000002978,3238.1000000030144,3238.1500000030146,3279.550000003165,3283.60000000318,18.100000000000122,179.30000000000652,24.850000000000218,0,223.6500000000166,0.25,0,30.0,151.99999999999918
J000392,2023-02-03/BDMC,BDMC,AMR_31,G21_12,WS_19_20,"[""110319""]",1,2841.550000001572,2963.150000002014,2914.3500000018366,2841.550000001572,2870.0500000016755,2874.10000000169,2904.2500000018,2904.3000000018,2914.3000000018365,2914.3500000018366,2959.1000000019994,2963.150000002014,18.100000000000122,70.54999999999814,13.300000000000054,0,19.40000000000014,0.25,0,16.0,52.0000000000004
J000393,2023-02-03/BKAG,BKAG,AMR_30,G21_14,WS_13_20,"[""111241"", ""112009"", ""115794""]",3,2843.1000000015774,3114.9000000025662,3023.6500000022343,2843.1000000015774,2902.2500000017926,2906.3000000018073,3013.5500000021975,3013.6000000021977,3023.600000002234,3023.6500000022343,3110.8500000025515,3114.9000000025662,18.100000000000122,102.99999999999629,19.100000000000136,0,131.34999999999562,0.25,0,22.0,72.00000000000017
J000394,2023-02-03/MLP2,MLP2,AMR_27,G9_13,WS_30_20,"[""107381"", ""112307"", ""112308""]",4,2851.6500000016085,3201.750000002882,3025.3000000022403,2851.6500000016085,2851.6500000016085,2855.7000000016233,3015.2000000022035,3015.2500000022037,3025.25000000224,3025.3000000022403,3197.7000000028675,3201.750000002882,18.100000000000122,159.8000000000021,22.90000000000019,0,149.09999999999965,0.2,0,0.0,167.9999999999992
J000395,2023-02-03/KJRH,KJRH,AMR_35,G18_14,WS_2_20,"[""101332"", ""110224"", ""110522""]",4,2851.8500000016093,3501.300000003972,3289.3000000032007,2851.8500000016093,3139.600000002656,3143.650000002671,3279.200000003164,3279.250000003164,3289.2500000032005,3289.3000000032007,3497.250000003957,3501.300000003972,18.100000000000122,314.95000000003733,55.54999999999898,0,260.600000000025,0.25,0,219.99999999999213,112.00000000000091
J000396,2023-02-03/BDMC,BDMC,AMR_34,G27_15,WS_19_20,"[""107450""]",1,2864.8500000016566,3054.2500000023456,3015.900000002206,2864.8500000016566,2952.5000000019754,2956.55000000199,3005.8000000021693,3005.8500000021695,3015.850000002206,3015.900000002206,3050.200000002331,3054.2500000023456,18.100000000000122,132.1499999999958,20.00000000000015,0,18.900000000000134,0.25,0,96.00000000000136,56.0
J000397,2023-02-03/KJRH,KJRH,AMR_18,G3_13,WS_2_20,"[""107398"", ""112367""]",2,2879.9500000017115,3193.950000002854,3161.7000000027365,2879.9500000017115,3125.000000002603,3129.0500000026177,3151.6000000026997,3151.6500000027,3161.6500000027363,3161.7000000027365,3189.900000002839,3193.950000002854,18.100000000000122,170.15000000000444,23.000000000000192,0,102.49999999999632,0.25,0,142.0000000000008,44.00000000000017
J000398,2023-02-03/BSAR,BSAR,AMR_37,G14_14,WS_25_20,"[""101095""]",1,2880.350000001713,3228.2000000029784,3052.500000002339,2880.350000001713,2953.500000001979,2957.550000001994,3042.4000000023025,3042.4500000023027,3052.450000002339,3052.500000002339,3224.1500000029637,3228.2000000029784,18.100000000000122,136.44999999999678,19.100000000000136,0,173.9500000000053,0.25,0,32.0,100.00000000000048
J000399,2023-02-03/BDMC,BDMC,AMR_13,G3_14,WS_19_20,"[""107301"", ""115355""]",2,2880.950000001715,3246.4000000030446,3067.1000000023923,2880.950000001715,2945.8500000019512,2949.900000001966,3057.0000000023556,3057.050000002356,3067.050000002392,3067.1000000023923,3242.35000000303,3246.4000000030446,18.100000000000122,155.40000000000109,23.900000000000205,0,167.8000000000039,0.25,0,48.000000000000426,112.00000000000075
J000400,2023-02-03/KJRH,KJRH,AMR_33,G3_12,WS_2_20,"[""110351"", ""112194""]",2,2882.7000000017215,3034.900000002275,3003.6500000021615,2882.7000000017215,2966.650000002027,2970.7000000020416,2993.5500000021248,2993.600000002125,3003.6000000021613,3003.6500000021615,3030.8500000022605,3034.900000002275,18.100000000000122,106.49999999999609,18.200000000000124,0,9.149999999999995,0.25,0,72.00000000000091,48.0000000000004
J000401,2023-02-03/BSAR,BSAR,AMR_09,G9_10,WS_25_20,"[""101325""]",1,2888.9500000017442,3277.2000000031567,3068.650000002398,2888.9500000017442,2919.6000000018557,2923.6500000018705,3058.5500000023612,3058.6000000023614,3068.600000002398,3068.650000002398,3273.150000003142,3277.2000000031567,18.100000000000122,156.20000000000127,20.15000000000015,0,193.55000000000976,0.25,0,27.999999999999996,128.00000000000037
J000402,2023-02-03/KJRH,KJRH,AMR_03,G9_8,WS_2_20,"[""110423"", ""112340""]",3,2890.1500000017486,3103.4000000025244,3037.9500000022863,2890.1500000017486,2927.050000001883,2931.1000000018976,3027.8500000022495,3027.9000000022497,3037.900000002286,3037.9500000022863,3099.3500000025097,3103.4000000025244,18.100000000000122,127.4999999999949,17.20000000000011,0,50.199999999999285,0.25,0,34.000000000000014,108.00000000000153
J000403,2023-02-03/BKAG,BKAG,AMR_24,G6_12,WS_13_20,"[""104505"", ""110314"", ""111992""]",3,2898.80000000178,3258.4000000030883,3179.450000002801,2898.80000000178,3017.00000000221,3021.050000002225,3169.3500000027643,3169.4000000027645,3179.400000002801,3179.450000002801,3254.3500000030735,3258.4000000030883,18.100000000000122,159.65000000000205,21.000000000000163,0,160.60000000000227,0.25,0,92.0000000000019,72.00000000000043
J000404,2023-02-03/BDMC,BDMC,AMR_17,G20_10,WS_19_20,"[""131589""]",1,2910.100000001821,3066.6000000023905,3033.0000000022683,2910.100000001821,2949.900000001966,2953.9500000019807,3022.9000000022315,3022.9500000022317,3032.950000002268,3033.0000000022683,3062.550000002376,3066.6000000023905,18.100000000000122,75.04999999999788,14.300000000000068,0,48.799999999999365,0.25,0,16.0,56.00000000000048
J000405,2023-02-03/BSAR,BSAR,AMR_20,G3_10,WS_25_20,"[""125462""]",1,2918.600000001852,3316.4000000032993,3084.7000000024564,2918.600000001852,2957.300000001993,2961.3500000020076,3074.6000000024196,3074.65000000242,3084.650000002456,3084.7000000024564,3312.3500000032845,3316.4000000032993,18.100000000000122,198.65000000001092,22.85000000000019,0,157.95000000000167,0.25,0,38.000000000000085,171.99999999999693
J000406,2023-02-03/BDMC,BDMC,AMR_26,G20_14,WS_19_20,"[""110432""]",1,2921.900000001864,3078.3500000024333,3050.0500000023303,2921.900000001864,2921.900000001864,2925.950000001879,3039.9500000022936,3040.0000000022937,3050.00000000233,3050.0500000023303,3074.3000000024185,3078.3500000024333,18.100000000000122,63.199999999998546,11.450000000000028,0,63.49999999999853,0.2,0,0.0,56.000000000000114
J000407,2023-02-03/BSAR,BSAR,AMR_39,G3_8,WS_25_20,"[""111258""]",1,2936.9000000019187,3427.3000000037027,3307.9500000032685,2936.9000000019187,2999.2500000021455,3003.3000000021602,3297.850000003232,3297.900000003232,3307.9000000032684,3307.9500000032685,3423.250000003688,3427.3000000037027,18.100000000000122,244.65000000002138,30.6000000000003,0,196.8000000000105,0.25,0,70.00000000000138,215.99999999999096
J000408,2023-02-03/KJRH,KJRH,AMR_28,G14_12,WS_2_20,"[""110583"", ""112359""]",2,2938.600000001925,3129.0000000026175,3020.9000000022243,2938.600000001925,2938.600000001925,2942.6500000019396,3010.8000000021875,3010.8500000021877,3020.850000002224,3020.9000000022243,3124.950000002603,3129.0000000026175,18.100000000000122,93.84999999999681,13.350000000000055,0,64.89999999999846,0.2,0,0.0,96.0000000000012
J000409,2023-02-03/BKAG,BKAG,AMR_14,G15_14,WS_13_20,"[""110531"", ""112010"", ""123305""]",3,2955.100000001985,3252.600000003067,3196.3500000028625,2955.100000001985,2955.100000001985,2959.1500000019996,3186.250000002826,3186.300000002826,3196.3000000028624,3196.3500000028625,3248.5500000030524,3252.600000003067,18.100000000000122,80.14999999999759,13.400000000000055,0,185.65000000000796,0.2,0,0.0,68.00000000000026
J000410,2023-02-03/BDMC,BDMC,AMR_25,G20_9,WS_19_20,"[""112381""]",1,2956.3500000019894,3252.7000000030675,3214.5000000029286,2956.3500000019894,3115.100000002567,3119.1500000025817,3204.400000002892,3204.450000002892,3214.4500000029284,3214.5000000029286,3248.650000003053,3252.7000000030675,18.100000000000122,115.2499999999956,23.950000000000205,0,138.7999999999973,0.25,0,42.000000000000156,60.0000000000005
J000411,2023-02-03/BKAG,BKAG,AMR_02,G15_13,WS_13_20,"[""111307"", ""112324"", ""136998""]",3,2989.7000000021108,3278.950000003163,3240.9000000030246,2989.7000000021108,2989.7000000021108,2993.7500000021255,3230.800000002988,3230.850000002988,3240.8500000030244,3240.9000000030246,3274.9000000031483,3278.950000003163,18.100000000000122,143.5999999999984,19.100000000000136,0,108.24999999999599,0.2,0,0.0,160.0000000000001
J000412,2023-02-03/BDMC,BDMC,AMR_16,G21_15,WS_19_20,"[""135012""]",1,2996.950000002137,3116.450000002572,3084.1500000024544,2996.950000002137,2996.950000002137,3001.000000002152,3074.0500000024176,3074.100000002418,3084.100000002454,3084.1500000024544,3112.400000002557,3116.450000002572,18.100000000000122,38.249999999999964,5.749999999999988,0,57.19999999999889,0.2,0,0.0,32.0
J000413,2023-02-03/KKCH,KKCH,AMR_29,G6_1,WS_8_20,"[""110231"", ""110299"", ""110475"", ""110492"", ""111391"", ""134029""]",6,2999.5000000021464,3203.8000000028896,3122.1000000025924,2999.5000000021464,3027.3000000022475,3031.3500000022623,3112.0000000025557,3112.050000002556,3122.0500000025922,3122.1000000025924,3199.750000002875,3203.8000000028896,18.100000000000122,124.94999999999504,16.250000000000096,0,44.749999999999595,0.25,0,19.99999999999998,116.00000000000193
J000414,2023-02-03/KKCH,KKCH,AMR_36,G9_2,WS_8_20,"[""110210"", ""110349"", ""111996"", ""112013"", ""112040""]",5,2999.5000000021464,3247.2000000030475,3106.300000002535,2999.5000000021464,3026.1500000022434,3030.200000002258,3096.200000002498,3096.2500000024984,3106.2500000025348,3106.300000002535,3243.150000003033,3247.2000000030475,18.100000000000122,117.94999999999544,17.25000000000011,0,94.1499999999968,0.25,0,17.999999999999975,104.00000000000097
J000415,2023-02-03/KKCH,KKCH,AMR_11,G15_12,WS_8_20,"[""101135"", ""101155"", ""110465"", ""111238""]",4,2999.5000000021464,3299.6500000032383,3211.000000002916,2999.5000000021464,3012.550000002194,3016.6000000022086,3200.900000002879,3200.9500000028793,3210.9500000029157,3211.000000002916,3295.6000000032236,3299.6500000032383,18.100000000000122,87.74999999999716,14.350000000000069,0,179.7000000000066,0.25,0,6.0,76.00000000000091
J000416,2023-02-03/KKCH,KKCH,AMR_40,G17_10,WS_8_20,"[""110168"", ""110575"", ""111999""]",4,2999.5000000021464,3349.300000003419,3138.0500000026504,2999.5000000021464,3014.1000000021995,3018.1500000022143,3127.9500000026137,3128.000000002614,3138.0000000026503,3138.0500000026504,3345.2500000034042,3349.300000003419,18.100000000000122,127.09999999999492,19.050000000000136,0,185.30000000000788,0.25,0,8.0,112.00000000000111
J000417,2023-02-03/KKCH,KKCH,AMR_31,G11_5,WS_8_20,"[""101075"", ""101296"", ""110595""]",3,2999.5000000021464,3522.5500000040493,3316.1500000032984,2999.5000000021464,3161.900000002737,3165.950000002752,3306.0500000032616,3306.100000003262,3316.100000003298,3316.1500000032984,3518.5000000040345,3522.5500000040493,18.100000000000122,207.00000000001282,29.650000000000286,0,268.05000000002667,0.25,0,106.00000000000196,116.00000000000122
J000418,2023-02-03/KJRH,KJRH,AMR_19,G11_8,WS_2_20,"[""110412"", ""110536""]",2,3009.850000002184,3261.2500000030986,3178.7500000027985,3009.850000002184,3054.7500000023474,3058.800000002362,3168.6500000027618,3168.700000002762,3178.7000000027983,3178.7500000027985,3257.200000003084,3261.2500000030986,18.100000000000122,108.89999999999596,14.300000000000068,0,109.8499999999959,0.25,0,24.0,88.00000000000088
J000419,2023-02-03/BKAG,BKAG,AMR_04,G20_12,WS_13_20,"[""101097"", ""107458"", ""112386""]",3,3011.45000000219,3253.40000000307,3112.900000002559,3011.45000000219,3011.45000000219,3015.5000000022046,3102.800000002522,3102.8500000025224,3112.8500000025588,3112.900000002559,3249.3500000030554,3253.40000000307,18.100000000000122,74.94999999999789,13.400000000000055,0,135.29999999999652,0.2,0,0.0,72.00000000000048
J000420,2023-02-03/BDMC,BDMC,AMR_15,G14_15,WS_19_20,"[""133300""]",1,3016.700000002209,3261.1500000030983,3231.5500000029906,3016.700000002209,3167.7000000027583,3171.750000002773,3221.450000002954,3221.500000002954,3231.5000000029904,3231.5500000029906,3257.1000000030836,3261.1500000030983,18.100000000000122,121.14999999999526,18.250000000000124,0,86.69999999999722,0.25,0,78.0000000000012,48.00000000000003
J000421,2023-02-03/KKCH,KKCH,AMR_10,G12_4,WS_8_20,"[""109989"", ""110499"", ""110512""]",3,3019.0000000022173,3212.650000002922,3154.0000000027085,3019.0000000022173,3032.350000002266,3036.4000000022806,3143.9000000026717,3143.950000002672,3153.9500000027083,3154.0000000027085,3208.600000002907,3212.650000002922,18.100000000000122,100.69999999999642,13.350000000000055,0,61.24999999999866,0.25,0,6.0,104.00000000000172
J000422,2023-02-03/KJRH,KJRH,AMR_23,G8_14,WS_2_20,"[""112387"", ""135096""]",2,3023.4000000022334,3156.2000000027165,3100.3500000025133,3023.4000000022334,3023.4000000022334,3027.450000002248,3090.2500000024766,3090.3000000024767,3100.300000002513,3100.3500000025133,3152.1500000027017,3156.2000000027165,18.100000000000122,55.79999999999897,11.450000000000028,0,47.24999999999945,0.2,0,0.0,52.0000000000002
J000423,2023-02-03/BKAG,BKAG,AMR_33,G11_9,WS_13_20,"[""112084"", ""112353"", ""125194""]",3,3034.9500000022754,3456.6000000038093,3379.3500000035283,3034.9500000022754,3061.8500000023732,3065.900000002388,3369.2500000034916,3369.3000000034917,3379.300000003528,3379.3500000035283,3452.5500000037946,3456.6000000038093,18.100000000000122,182.00000000000713,27.75000000000026,0,193.55000000000976,0.25,0,22.0,163.99999999999994
J000424,2023-02-03/BDMC,BDMC,AMR_07,G14_10,WS_19_20,"[""107293""]",1,3048.350000002324,3255.1000000030763,3197.4500000028665,3048.350000002324,3113.0500000025595,3117.1000000025742,3187.35000000283,3187.40000000283,3197.4000000028664,3197.4500000028665,3251.0500000030615,3255.1000000030763,18.100000000000122,83.24999999999741,14.300000000000068,0,90.84999999999698,0.25,0,10.0,72.00000000000034
J000425,2023-02-03/KJRH,KJRH,AMR_34,G15_10,WS_2_20,"[""112017"", ""120052""]",2,3054.3000000023458,3435.5000000037326,3220.900000002952,3054.3000000023458,3099.50000000251,3103.550000002525,3210.800000002915,3210.8500000029153,3220.8500000029517,3220.900000002952,3431.450000003718,3435.5000000037326,18.100000000000122,154.85000000000096,20.10000000000015,0,187.90000000000848,0.25,0,38.0,124.00000000000136
J000426,2023-02-03/BKAG,BKAG,AMR_21,G3_15,WS_13_20,"[""110222"", ""110561"", ""112231""]",3,3060.6000000023687,3542.05000000412,3497.200000003957,3060.6000000023687,3345.3500000034046,3349.4000000034193,3487.1000000039203,3487.1500000039205,3497.150000003957,3497.200000003957,3538.0000000041055,3542.05000000412,18.100000000000122,207.15000000001285,40.199999999999854,0,215.7500000000148,0.25,0,98.00000000000041,96.00000000000081
J000427,2023-02-03/BDMC,BDMC,AMR_12,G29_15,WS_19_20,"[""107429""]",1,3061.200000002371,3222.2500000029568,3180.4000000028045,3061.200000002371,3120.7500000025875,3124.8000000026022,3170.300000002768,3170.350000002768,3180.3500000028043,3180.4000000028045,3218.200000002942,3222.2500000029568,18.100000000000122,108.049999999996,12.400000000000041,0,22.25000000000018,0.25,0,64.00000000000094,64.00000000000003
J000428,2023-02-03/BDMC,BDMC,AMR_17,G9_15,WS_19_20,"[""134916""]",1,3067.1500000023925,3318.250000003306,3282.250000003175,3067.1500000023925,3159.3000000027278,3163.3500000027425,3272.1500000031383,3272.2000000031385,3282.200000003175,3282.250000003175,3314.2000000032913,3318.250000003306,18.100000000000122,130.69999999999547,22.05000000000018,0,79.9999999999976,0.25,0,68.00000000000111,72.00000000000034
J000429,2023-02-03/BDMC,BDMC,AMR_08,G27_12,WS_19_20,"[""132450""]",1,3084.2000000024545,3208.5000000029067,3163.1000000027416,3084.2000000024545,3111.7000000025546,3115.7500000025693,3153.000000002705,3153.050000002705,3163.0500000027414,3163.1000000027416,3204.450000002892,3208.5000000029067,18.100000000000122,88.7499999999971,14.300000000000068,0,2.8999999999999977,0.25,0,24.0,76.0000000000004
J000430,2023-02-03/KJRH,KJRH,AMR_26,G20_14,WS_2_20,"[""107329"", ""110132"", ""110134"", ""110150""]",4,3100.4000000025135,3428.250000003706,3272.2500000031387,3100.4000000025135,3100.4000000025135,3104.450000002528,3262.150000003102,3262.200000003102,3272.2000000031385,3272.2500000031387,3424.2000000036915,3428.250000003706,18.100000000000122,126.74999999999494,17.20000000000011,0,165.6000000000034,0.2,0,0.0,120.000000000001
J000431,2023-02-03/KKCH,KKCH,AMR_03,G18_15,WS_8_20,"[""107310"", ""112285""]",2,3106.350000002535,3674.450000004602,3523.7500000040536,3106.350000002535,3424.600000003693,3428.6500000037076,3513.650000004017,3513.700000004017,3523.7000000040534,3523.7500000040536,3670.400000004587,3674.450000004602,18.100000000000122,164.50000000000315,33.60000000000023,0,351.6500000000457,0.25,0,76.00000000000017,72.00000000000043
J000432,2023-02-03/BKAG,BKAG,AMR_06,G11_7,WS_13_20,"[""107266"", ""107405"", ""111271""]",3,3114.1500000025635,3451.25000000379,3322.3000000033207,3114.1500000025635,3150.050000002694,3154.100000002709,3312.200000003284,3312.250000003284,3322.2500000033206,3322.3000000033207,3447.200000003775,3451.25000000379,18.100000000000122,163.65000000000296,22.95000000000019,0,132.1499999999958,0.25,0,32.00000000000001,155.9999999999995
J000433,2023-02-03/KKCH,KKCH,AMR_05,G6_8,WS_8_20,"[""112247"", ""118513""]",2,3122.1500000025926,3304.000000003254,3242.5000000030304,3122.1500000025926,3181.650000002809,3185.700000002824,3232.4000000029937,3232.450000002994,3242.4500000030303,3242.5000000030304,3299.9500000032394,3304.000000003254,18.100000000000122,103.44999999999627,14.300000000000068,0,45.74999999999954,0.25,0,36.00000000000004,68.00000000000065
J000434,2023-02-03/KKCH,KKCH,AMR_16,G18_13,WS_8_20,"[""107224"", ""113197""]",2,3138.1000000026506,3508.2500000039972,3289.8500000032027,3138.1000000026506,3204.3500000028916,3208.4000000029064,3279.750000003166,3279.800000003166,3289.8000000032025,3289.8500000032027,3504.2000000039825,3508.2500000039972,18.100000000000122,136.5499999999968,20.05000000000015,0,195.20000000001014,0.25,0,26.0,112.00000000000153
J000435,2023-02-03/KKCH,KKCH,AMR_28,G2_9,WS_8_20,"[""107177"", ""114762""]",2,3154.0500000027087,3315.0500000032944,3273.9000000031447,3154.0500000027087,3205.1500000028946,3209.2000000029093,3263.800000003108,3263.850000003108,3273.8500000031445,3273.9000000031447,3311.0000000032796,3315.0500000032944,18.100000000000122,104.94999999999618,13.350000000000055,0,24.35000000000021,0.25,0,33.99999999999996,84.0000000000009
J000436,2023-02-03/KJRH,KJRH,AMR_01,G17_9,WS_2_20,"[""110293"", ""110391"", ""126308""]",3,3161.7500000027367,3426.2000000036987,3348.4000000034157,3161.7500000027367,3180.4000000028045,3184.4500000028193,3338.300000003379,3338.350000003379,3348.3500000034155,3348.4000000034157,3422.150000003684,3426.2000000036987,18.100000000000122,132.5999999999959,13.400000000000055,0,100.09999999999646,0.25,0,14.0,144.00000000000122
J000437,2023-02-03/BDMC,BDMC,AMR_30,G18_10,WS_19_20,"[""107297""]",1,3163.1500000027418,3306.150000003262,3248.6000000030526,3163.1500000027418,3187.100000002829,3191.1500000028436,3238.500000003016,3238.550000003016,3248.5500000030524,3248.6000000030526,3302.1000000032473,3306.150000003262,18.100000000000122,76.94999999999777,13.350000000000055,0,34.350000000000186,0.25,0,18.0,56.00000000000034
J000438,2023-02-03/KJRH,KJRH,AMR_23,G17_7,WS_2_20,"[""101189"", ""114899"", ""137330""]",3,3178.8000000027987,3555.0500000041675,3447.500000003776,3178.8000000027987,3348.4000000034157,3352.4500000034304,3437.4000000037395,3437.4500000037397,3447.450000003776,3447.500000003776,3551.0000000041528,3555.0500000041675,18.100000000000122,169.0500000000042,19.150000000000137,0,169.70000000000434,0.25,0,72.00000000000125,116.0000000000017
J000439,2023-02-03/BKAG,BKAG,AMR_18,G14_12,WS_13_20,"[""110232"", ""110323"", ""110450""]",3,3194.000000002854,3726.2500000047903,3652.9000000045235,3194.000000002854,3537.900000004105,3541.95000000412,3642.8000000044867,3642.850000004487,3652.8500000045233,3652.9000000045235,3722.2000000047756,3726.2500000047903,18.100000000000122,225.450000000017,38.249999999999964,0,250.20000000002264,0.25,0,175.9999999999996,52.00000000000014
J000440,2023-02-03/BDMC,BDMC,AMR_38,G17_8,WS_19_20,"[""110169""]",1,3195.5500000028596,3834.6000000051845,3421.2500000036807,3195.5500000028596,3292.5500000032125,3296.6000000032273,3411.150000003644,3411.200000003644,3421.2000000036805,3421.2500000036807,3830.5500000051697,3834.6000000051845,18.100000000000122,202.30000000001175,38.399999999999956,0,380.0000000000521,0.25,0,68.00000000000057,120.00000000000065
J000441,2023-02-03/MMKA,MMKA,AMR_27,G9_13,WS_30_20,"[""112307""]",1,3201.8000000028824,3491.8000000039374,3343.9000000033993,3201.8000000028824,3201.8000000028824,3205.850000002897,3333.8000000033626,3333.8500000033628,3343.850000003399,3343.9000000033993,3487.7500000039227,3491.8000000039374,18.100000000000122,111.44999999999581,11.450000000000028,0,148.79999999999959,0.2,0,0.0,124.00000000000045
J000442,2023-02-03/BKAG,BKAG,AMR_29,G8_5,WS_13_20,"[""101102"", ""110609"", ""121745""]",3,3203.85000000289,3417.450000003667,3305.1500000032584,3203.85000000289,3220.3000000029497,3224.3500000029644,3295.0500000032216,3295.100000003222,3305.100000003258,3305.1500000032584,3413.400000003652,3417.450000003667,18.100000000000122,102.09999999999634,12.400000000000041,0,80.74999999999756,0.25,0,12.0,96.00000000000122
J000443,2023-02-03/BDMC,BDMC,AMR_08,G12_10,WS_19_20,"[""110482""]",1,3208.550000002907,3725.2500000047867,3585.3000000042775,3208.550000002907,3394.600000003584,3398.6500000035985,3575.200000004241,3575.250000004241,3585.2500000042774,3585.3000000042775,3721.200000004772,3725.2500000047867,18.100000000000122,131.99999999999577,24.000000000000206,0,342.35000000004356,0.25,0,38.000000000000114,84.00000000000011
J000444,2023-02-03/KKCH,KKCH,AMR_10,G17_14,WS_8_20,"[""107232"", ""110227"", ""123310""]",3,3212.700000002922,3627.0000000044292,3411.5500000036454,3212.700000002922,3347.8000000034135,3351.8500000034282,3401.4500000036087,3401.500000003609,3411.5000000036453,3411.5500000036454,3622.9500000044145,3627.0000000044292,18.100000000000122,204.65000000001228,33.45000000000024,0,157.85000000000164,0.25,0,94.00000000000094,112.000000000001
J000445,2023-02-03/KJRH,KJRH,AMR_12,G14_13,WS_2_20,"[""110385"", ""110418""]",2,3222.300000002957,3471.7500000038644,3365.750000003479,3222.300000002957,3271.9500000031376,3276.0000000031523,3355.650000003442,3355.7000000034423,3365.7000000034786,3365.750000003479,3467.7000000038497,3471.7500000038644,18.100000000000122,124.89999999999505,18.150000000000123,0,88.04999999999714,0.25,0,42.000000000000156,84.0000000000006
J000446,2023-02-03/BDMC,BDMC,AMR_37,G20_7,WS_19_20,"[""111357""]",1,3228.2500000029786,3390.1000000035674,3333.15000000336,3228.2500000029786,3273.200000003142,3277.250000003157,3323.0500000033235,3323.1000000033237,3333.10000000336,3333.15000000336,3386.0500000035527,3390.1000000035674,18.100000000000122,106.04999999999612,17.20000000000011,0,20.250000000000153,0.25,0,46.000000000000206,72.00000000000071
J000447,2023-02-03/BDMC,BDMC,AMR_32,G14_7,WS_19_20,"[""107377""]",1,3232.9500000029957,3435.400000003732,3351.7000000034277,3232.9500000029957,3257.750000003086,3261.8000000031006,3341.600000003391,3341.650000003391,3351.6500000034275,3351.7000000034277,3431.3500000037175,3435.400000003732,18.100000000000122,100.19999999999645,15.300000000000082,0,68.59999999999825,0.25,0,8.0,88.00000000000051
J000448,2023-02-03/BKAG,BKAG,AMR_13,G8_13,WS_13_20,"[""101292"", ""111356""]",2,3246.450000003045,3501.1500000039714,3454.850000003803,3246.450000003045,3283.050000003178,3287.1000000031927,3444.750000003766,3444.8000000037664,3454.800000003803,3454.850000003803,3497.1000000039567,3501.1500000039714,18.100000000000122,94.29999999999679,17.20000000000011,0,124.84999999999505,0.25,0,19.999999999999986,68.00000000000051
J000449,2023-02-03/KKCH,KKCH,AMR_36,G14_14,WS_8_20,"[""112086"", ""121833""]",2,3247.2500000030477,3865.6000000052973,3746.1000000048625,3247.2500000030477,3670.5500000045877,3674.6000000046024,3736.000000004826,3736.050000004826,3746.0500000048623,3746.1000000048625,3861.5500000052825,3865.6000000052973,18.100000000000122,266.5000000000263,36.45000000000007,0,297.05000000003326,0.25,0,189.99999999999693,104.00000000000128
J000450,2023-02-03/KJRH,KJRH,AMR_14,G15_14,WS_2_20,"[""101296"", ""123305""]",2,3252.6500000030674,3681.2500000046266,3552.500000004158,3252.6500000030674,3252.6500000030674,3256.700000003082,3542.4000000041215,3542.4500000041216,3552.450000004158,3552.500000004158,3677.200000004612,3681.2500000046266,18.100000000000122,129.0499999999951,19.150000000000137,0,262.1000000000253,0.2,0,0.0,136.0000000000017
J000451,2023-02-03/BDMC,BDMC,AMR_25,G17_6,WS_19_20,"[""112003""]",1,3252.7500000030677,3436.950000003738,3369.050000003491,3252.7500000030677,3283.4000000031792,3287.450000003194,3358.950000003454,3359.0000000034543,3369.0000000034906,3369.050000003491,3432.900000003723,3436.950000003738,18.100000000000122,114.84999999999562,17.20000000000011,0,33.80000000000022,0.25,0,24.00000000000003,96.000000000001
J000452,2023-02-03/KJRH,KJRH,AMR_07,G17_13,WS_2_20,"[""101076"", ""112284""]",2,3272.300000003139,3689.100000004655,3569.800000004221,3272.300000003139,3355.600000003442,3359.6500000034566,3559.7000000041844,3559.7500000041846,3569.750000004221,3569.800000004221,3685.0500000046404,3689.100000004655,18.100000000000122,162.20000000000263,23.850000000000204,0,212.40000000001405,0.25,0,28.0,136.00000000000088
J000453,2023-02-03/KKCH,KKCH,AMR_15,G14_15,WS_8_20,"[""110166"", ""111249""]",2,3273.950000003145,3488.3000000039247,3332.2000000033568,3273.950000003145,3273.950000003145,3278.0000000031596,3322.10000000332,3322.15000000332,3332.1500000033566,3332.2000000033568,3484.25000000391,3488.3000000039247,18.100000000000122,52.79999999999914,7.649999999999981,0,135.59999999999658,0.2,0,0.0,52.00000000000057
J000454,2023-02-03/BDMC,BDMC,AMR_09,G9_10,WS_19_20,"[""101281""]",1,3282.3000000031752,3465.6500000038423,3392.750000003577,3282.3000000031752,3282.3000000031752,3286.35000000319,3382.6500000035403,3382.7000000035405,3392.700000003577,3392.750000003577,3461.6000000038275,3465.6500000038423,18.100000000000122,91.89999999999692,13.400000000000055,0,59.74999999999874,0.2,0,0.0,100.00000000000117
J000455,2023-02-03/KJRH,KJRH,AMR_02,G15_9,WS_2_20,"[""110501"", ""110593""]",2,3289.350000003201,4041.8000000059383,3906.4000000054457,3289.350000003201,3448.50000000378,3452.5500000037946,3896.300000005409,3896.350000005409,3906.3500000054455,3906.4000000054457,4037.7500000059235,4041.8000000059383,18.100000000000122,231.25000000001833,34.45000000000018,0,468.4000000000722,0.25,0,60.000000000000625,163.99999999999915
J000456,2023-02-03/KKCH,KKCH,AMR_24,G3_14,WS_8_20,"[""101163"", ""107301""]",2,3289.900000003203,3497.4000000039578,3427.350000003703,3289.900000003203,3310.2000000032767,3314.2500000032915,3417.250000003666,3417.3000000036664,3427.3000000037027,3427.350000003703,3493.350000003943,3497.4000000039578,18.100000000000122,77.34999999999775,13.350000000000055,0,98.44999999999655,0.25,0,14.0,52.00000000000007
J000457,2023-02-03/BKAG,BKAG,AMR_11,G15_12,WS_13_20,"[""101135"", ""101191""]",2,3305.2000000032585,3455.350000003805,3404.4500000036196,3305.2000000032585,3305.2000000032585,3309.2500000032733,3394.350000003583,3394.400000003583,3404.4000000036194,3404.4500000036196,3451.30000000379,3455.350000003805,18.100000000000122,53.199999999999115,9.55,0,69.09999999999822,0.2,0,0.0,52.000000000000426
J000458,2023-02-03/BURM,BURM,AMR_30,G18_12,WS_25_20,"[""110165"", ""110194"", ""110301"", ""120775""]",7,3308.0000000032687,3668.50000000458,3373.9500000035086,3308.0000000032687,3313.600000003289,3317.650000003304,3363.850000003472,3363.900000003472,3373.9000000035085,3373.9500000035086,3664.4500000045655,3668.50000000458,18.100000000000122,119.39999999999536,22.000000000000178,0,200.7500000000114,0.25,0,4.0,112.00000000000057
J000459,2023-02-03/BURM,BURM,AMR_04,G21_4,WS_25_20,"[""110299"", ""110475"", ""123310"", ""124704""]",5,3308.0000000032687,3458.700000003817,3405.650000003624,3308.0000000032687,3338.250000003379,3342.3000000033935,3395.5500000035872,3395.6000000035874,3405.600000003624,3405.650000003624,3454.6500000038022,3458.700000003817,18.100000000000122,113.2999999999957,17.15000000000011,0,1.900000000000001,0.25,0,26.000000000000004,104.0000000000012
J000460,2023-02-03/BURM,BURM,AMR_22,G20_13,WS_25_20,"[""101297"", ""110486"", ""125183""]",3,3308.0000000032687,3595.650000004315,3504.0000000039818,3308.0000000032687,3358.350000003452,3362.4000000034666,3493.900000003945,3493.950000003945,3503.9500000039816,3504.0000000039818,3591.6000000043005,3595.650000004315,18.100000000000122,77.49999999999774,13.350000000000055,0,178.45000000000633,0.25,0,14.0,64.00000000000013
J000461,2023-02-03/BURM,BURM,AMR_19,G15_15,WS_25_20,"[""110225"", ""112034"", ""123094""]",4,3308.0000000032687,3554.150000004164,3519.400000004038,3308.0000000032687,3377.350000003521,3381.4000000035358,3509.300000004001,3509.3500000040012,3519.3500000040376,3519.400000004038,3550.1000000041495,3554.150000004164,18.100000000000122,124.34999999999508,23.950000000000205,0,79.49999999999763,0.25,0,58.00000000000087,76.00000000000007
J000462,2023-02-03/BURM,BURM,AMR_05,G11_10,WS_25_20,"[""101022"", ""101147"", ""110526""]",3,3308.0000000032687,3587.7000000042863,3536.200000004099,3308.0000000032687,3336.150000003371,3340.200000003386,3526.100000004062,3526.1500000040623,3536.1500000040987,3536.200000004099,3583.6500000042715,3587.7000000042863,18.100000000000122,112.49999999999575,15.300000000000082,0,133.54999999999612,0.25,0,18.0,108.0000000000008
J000463,2023-02-03/BURM,BURM,AMR_28,G11_4,WS_25_20,"[""110146"", ""110252"", ""112374""]",4,3315.1000000032946,3508.3000000039974,3431.6000000037184,3315.1000000032946,3353.2500000034333,3357.300000003448,3421.5000000036816,3421.550000003682,3431.550000003718,3431.6000000037184,3504.2500000039827,3508.3000000039974,18.100000000000122,146.84999999999914,16.250000000000096,0,11.750000000000032,0.25,0,35.99999999999997,144.00000000000074
J000464,2023-02-03/KKCH,KKCH,AMR_20,G3_13,WS_8_20,"[""101151"", ""107398""]",2,3316.4500000032995,3505.8000000039883,3445.6000000037693,3316.4500000032995,3336.900000003374,3340.9500000033886,3435.5000000037326,3435.5500000037327,3445.550000003769,3445.6000000037693,3501.7500000039736,3505.8000000039883,18.100000000000122,90.19999999999702,15.300000000000082,0,65.49999999999842,0.25,0,10.0,76.0000000000003
J000465,2023-02-03/BKAG,BKAG,AMR_17,G9_12,WS_13_20,"[""107162"", ""135158""]",2,3322.350000003321,3533.4000000040887,3479.850000003894,3322.350000003321,3375.450000003514,3379.500000003529,3469.750000003857,3469.8000000038573,3479.8000000038937,3479.850000003894,3529.350000004074,3533.4000000040887,18.100000000000122,82.09999999999748,18.200000000000124,0,92.3999999999969,0.25,0,22.0,56.000000000000156
J000466,2023-02-03/PAGU,PAGU,AMR_40,G14_8,WS_30_20,"[""101177""]",1,3349.350000003419,3710.3500000047325,3556.5000000041728,3349.350000003419,3422.750000003686,3426.800000003701,3546.400000004136,3546.450000004136,3556.4500000041726,3556.5000000041728,3706.3000000047177,3710.3500000047325,18.100000000000122,169.35000000000426,19.050000000000136,0,154.25000000000082,0.25,0,46.00000000000033,148.00000000000057
J000467,2023-02-03/PAGU,PAGU,AMR_37,G6_13,WS_30_20,"[""129726""]",1,3390.1500000035676,4214.850000006568,3943.8000000055818,3390.1500000035676,3595.2500000043137,3599.3000000043285,3933.700000005545,3933.750000005545,3943.7500000055816,3943.8000000055818,4210.800000006553,4214.850000006568,18.100000000000122,218.4000000000154,22.95000000000019,0,565.0000000000339,0.25,0,100.00000000000148,132.00000000000048
J000468,2023-02-03/BDMC,BDMC,AMR_29,G12_7,WS_19_20,"[""125185""]",1,3417.500000003667,3838.350000005198,3732.6500000048136,3417.500000003667,3471.850000003865,3475.9000000038795,3722.550000004777,3722.600000004777,3732.6000000048134,3732.6500000048136,3834.3000000051834,3838.350000005198,18.100000000000122,115.74999999999557,15.300000000000082,0,271.45000000002744,0.25,0,28.000000000000007,88.00000000000091
J000469,2023-02-03/PAGU,PAGU,AMR_01,G8_8,WS_30_20,"[""133910""]",1,3426.250000003699,3762.700000004923,3628.000000004433,3426.250000003699,3510.650000004006,3514.7000000040207,3617.900000004396,3617.9500000043963,3627.9500000044327,3628.000000004433,3758.650000004908,3762.700000004923,18.100000000000122,209.65000000001342,24.800000000000217,0,83.64999999999739,0.25,0,44.00000000000024,203.99999999999457
J000470,2023-02-03/BDMC,BDMC,AMR_39,G14_6,WS_19_20,"[""110453""]",1,3427.350000003703,3955.5000000056243,3749.6500000048754,3427.350000003703,3476.250000003881,3480.3000000038955,3739.5500000048387,3739.600000004839,3749.6000000048753,3749.6500000048754,3951.4500000056096,3955.5000000056243,18.100000000000122,141.54999999999794,17.25000000000011,0,351.00000000004553,0.25,0,38.0000000000001,96.00000000000048
J000471,2023-02-03/KKCH,KKCH,AMR_26,G15_13,WS_8_20,"[""111307"", ""112324""]",2,3428.3000000037064,3946.10000000559,3647.500000004504,3428.3000000037064,3483.700000003908,3487.7500000039227,3637.400000004467,3637.4500000044673,3647.4500000045036,3647.500000004504,3942.0500000055754,3946.10000000559,18.100000000000122,123.19999999999514,24.850000000000218,0,351.4000000000456,0.25,0,28.0,80.00000000000028
J000472,2023-02-03/BURM,BURM,AMR_32,G21_14,WS_25_20,"[""110533"", ""111241""]",2,3435.4500000037324,3747.4000000048673,3718.200000004761,3435.4500000037324,3671.3500000045906,3675.4000000046053,3708.1000000047243,3708.1500000047245,3718.150000004761,3718.200000004761,3743.3500000048525,3747.4000000048673,18.100000000000122,118.6999999999954,25.00000000000022,0,149.89999999999984,0.25,0,68.00000000000043,48.000000000000114
J000473,2023-02-03/PAGU,PAGU,AMR_34,G6_12,WS_30_20,"[""115785""]",1,3435.5500000037327,3991.0500000057536,3700.550000004697,3435.5500000037327,3540.5000000041146,3544.5500000041293,3690.45000000466,3690.5000000046603,3700.5000000046966,3700.550000004697,3987.000000005739,3991.0500000057536,18.100000000000122,208.95000000001326,24.850000000000218,0,303.3500000000347,0.25,0,86.00000000000134,144.00000000000003
J000474,2023-02-03/BDMC,BDMC,AMR_25,G14_5,WS_19_20,"[""111325""]",1,3437.000000003738,4030.8000000058983,3790.800000005025,3437.000000003738,3500.450000003969,3504.5000000039836,3780.7000000049884,3780.7500000049886,3790.750000005025,3790.800000005025,4026.7500000058835,4030.8000000058983,18.100000000000122,162.1000000000026,28.700000000000273,0,384.6500000000532,0.25,0,35.99999999999993,116.00000000000071
J000475,2023-02-03/KJRH,KJRH,AMR_06,G18_10,WS_2_20,"[""101065"", ""107380"", ""118475""]",3,3451.30000000379,3717.0000000047567,3661.1500000045535,3451.30000000379,3515.350000004023,3519.400000004038,3651.0500000045167,3651.100000004517,3661.1000000045533,3661.1500000045535,3712.950000004742,3717.0000000047567,18.100000000000122,127.64999999999489,16.250000000000096,0,103.44999999999627,0.25,0,28.0,108.00000000000185
J000476,2023-02-03/BKAG,BKAG,AMR_11,G12_9,WS_13_20,"[""101104"", ""110572""]",2,3455.400000003805,3923.550000005508,3830.850000005171,3455.400000003805,3703.350000004707,3707.4000000047217,3820.750000005134,3820.8000000051343,3830.8000000051707,3830.850000005171,3919.5000000054933,3923.550000005508,18.100000000000122,128.34999999999494,21.050000000000164,0,300.400000000034,0.25,0,48.000000000000156,80.00000000000054
J000477,2023-02-03/KKCH,KKCH,AMR_33,G17_15,WS_8_20,"[""110596"", ""112279""]",2,3456.6500000038095,4023.1500000058704,3930.5500000055335,3456.6500000038095,3628.900000004436,3632.950000004451,3920.450000005497,3920.500000005497,3930.5000000055334,3930.5500000055335,4019.1000000058557,4023.1500000058704,18.100000000000122,185.20000000000786,25.850000000000232,0,337.10000000004237,0.25,0,92.00000000000087,100.00000000000114
J000478,2023-02-03/BURM,BURM,AMR_04,G20_12,WS_25_20,"[""101097"", ""112386""]",2,3458.750000003817,3590.3000000042957,3552.200000004157,3458.750000003817,3485.150000003913,3489.200000003928,3542.1000000041204,3542.1500000041206,3552.150000004157,3552.200000004157,3586.250000004281,3590.3000000042957,18.100000000000122,87.84999999999715,16.250000000000096,0,9.099999999999994,0.25,0,22.0,72.0000000000004
J000479,2023-02-03/PAGU,PAGU,AMR_09,G3_12,WS_30_20,"[""110351""]",1,3465.7000000038424,3935.300000005551,3784.8000000050033,3465.7000000038424,3515.000000004022,3519.0500000040365,3774.7000000049666,3774.7500000049668,3784.750000005003,3784.8000000050033,3931.250000005536,3935.300000005551,18.100000000000122,251.60000000002296,28.650000000000272,0,171.00000000000463,0.25,0,24.000000000000025,271.99999999998727
J000480,2023-02-03/BDMC,BDMC,AMR_12,G9_7,WS_19_20,"[""110248""]",1,3471.8000000038646,3794.000000005037,3690.5500000046604,3471.8000000038646,3549.8000000041484,3553.850000004163,3680.4500000046237,3680.500000004624,3690.5000000046603,3690.5500000046604,3789.950000005022,3794.000000005037,18.100000000000122,168.40000000000404,24.90000000000022,0,110.54999999999586,0.25,0,42.00000000000031,144.0
J000481,2023-02-03/BKAG,BKAG,AMR_15,G18_9,WS_13_20,"[""110398"", ""111295""]",2,3488.350000003925,4160.300000006369,4049.0000000059645,3488.350000003925,3679.9000000046217,3683.9500000046364,4038.9000000059277,4038.950000005928,4048.9500000059643,4049.0000000059645,4156.250000006355,4160.300000006369,18.100000000000122,233.3000000000188,43.04999999999969,0,377.2500000000515,0.25,0,48.0000000000005,183.99999999999952
J000482,2023-02-03/KJRH,KJRH,AMR_27,G14_7,WS_2_20,"[""107377"", ""112053""]",2,3491.8500000039376,4021.2500000058635,3872.350000005322,3491.8500000039376,3693.8000000046723,3697.850000004687,3862.250000005285,3862.3000000052853,3872.3000000053216,3872.350000005322,4017.200000005849,4021.2500000058635,18.100000000000122,208.00000000001305,28.700000000000273,0,274.3500000000281,0.25,0,70.00000000000111,151.9999999999992
J000483,2023-02-03/BKAG,BKAG,AMR_24,G3_14,WS_13_20,"[""110210"", ""115355""]",2,3497.450000003958,3603.300000004343,3558.800000004181,3497.450000003958,3497.450000003958,3501.5000000039727,3548.7000000041444,3548.7500000041446,3558.750000004181,3558.800000004181,3599.2500000043283,3603.300000004343,18.100000000000122,68.89999999999823,9.55,0,9.099999999999994,0.2,0,0.0,72.00000000000053
J000484,2023-02-03/KKCH,KKCH,AMR_13,G14_10,WS_8_20,"[""101193"", ""107293""]",2,3501.2000000039716,3932.600000005541,3825.15000000515,3501.2000000039716,3528.9500000040725,3533.0000000040873,3815.0500000051134,3815.1000000051135,3825.10000000515,3825.15000000515,3928.5500000055263,3932.600000005541,18.100000000000122,140.9999999999978,24.850000000000218,0,247.20000000002196,0.25,0,22.0,108.00000000000037
J000485,2023-02-03/BKAG,BKAG,AMR_35,G11_8,WS_13_20,"[""107136"", ""110412""]",2,3501.350000003972,4240.6000000066615,4173.050000006416,3501.350000003972,3552.8000000041593,3556.850000004174,4162.950000006379,4163.000000006379,4173.000000006416,4173.050000006416,4236.550000006647,4240.6000000066615,18.100000000000122,233.7500000000189,38.29999999999996,0,448.8500000000678,0.25,0,46.00000000000041,191.99999999999824
J000486,2023-02-03/BURM,BURM,AMR_20,G20_10,WS_25_20,"[""110329"", ""125463""]",2,3505.8500000039885,3782.800000004996,3744.5000000048567,3505.8500000039885,3689.5000000046566,3693.5500000046713,3734.40000000482,3734.45000000482,3744.4500000048565,3744.5000000048567,3778.7500000049813,3782.800000004996,18.100000000000122,136.1499999999967,20.05000000000015,0,102.39999999999633,0.25,0,88.00000000000162,68.0000000000004
J000487,2023-02-03/BDMC,BDMC,AMR_16,G2_14,WS_19_20,"[""124994""]",1,3508.3000000039974,4141.800000006302,3967.550000005668,3508.3000000039974,3608.00000000436,3612.050000004375,3957.4500000056314,3957.5000000056316,3967.500000005668,3967.550000005668,4137.750000006287,4141.800000006302,18.100000000000122,183.5500000000075,23.050000000000193,0,408.5500000000586,0.25,0,90.00000000000189,112.00000000000078
J000488,2023-02-03/KJRH,KJRH,AMR_28,G17_10,WS_2_20,"[""121904"", ""137523""]",2,3508.3500000039976,3889.500000005384,3791.1500000050264,3508.3500000039976,3538.9000000041087,3542.9500000041235,3781.0500000049897,3781.10000000499,3791.1000000050262,3791.1500000050264,3885.4500000053695,3889.500000005384,18.100000000000122,150.75000000000003,24.000000000000206,0,188.0500000000085,0.25,0,27.999999999999996,132.0000000000022
J000489,2023-02-03/BURM,BURM,AMR_31,G14_15,WS_25_20,"[""112056"", ""112288""]",2,3522.6000000040494,4020.000000005859,3877.2500000053396,3522.6000000040494,3701.8500000047015,3705.9000000047163,3867.150000005303,3867.200000005303,3877.2000000053395,3877.2500000053396,4015.9500000058442,4020.000000005859,18.100000000000122,142.99999999999827,16.250000000000096,0,319.80000000003844,0.25,0,37.999999999999986,92.00000000000001
J000490,2023-02-03/KKCH,KKCH,AMR_17,G18_14,WS_8_20,"[""112369"", ""112374"", ""123763""]",3,3533.450000004089,4244.300000006675,4128.750000006255,3533.450000004089,4040.7500000059345,4044.800000005949,4118.650000006218,4118.700000006218,4128.700000006254,4128.750000006255,4240.25000000666,4244.300000006675,18.100000000000122,200.20000000001127,38.399999999999956,0,453.9000000000689,0.25,0,102.00000000000068,80.00000000000031
J000491,2023-02-03/BURM,BURM,AMR_21,G18_7,WS_25_20,"[""101073"", ""110394""]",3,3542.1000000041204,3855.600000005261,3777.850000004978,3542.1000000041204,3712.700000004741,3716.7500000047557,3767.7500000049413,3767.8000000049415,3777.800000004978,3777.850000004978,3851.550000005246,3855.600000005261,18.100000000000122,159.70000000000206,24.850000000000218,0,110.59999999999586,0.25,0,86.00000000000114,88.00000000000065
J000492,2023-02-03/BURM,BURM,AMR_19,G15_7,WS_25_20,"[""101074"", ""124899""]",4,3554.2000000041644,3987.900000005742,3893.2000000053977,3554.2000000041644,3780.4000000049873,3784.450000005002,3883.100000005361,3883.150000005361,3893.1500000053975,3893.2000000053977,3983.8500000057275,3987.900000005742,18.100000000000122,236.45000000001951,31.550000000000313,0,147.34999999999926,0.25,0,160.00000000000045,100.00000000000071
J000493,2023-02-03/BKAG,BKAG,AMR_23,G18_8,WS_13_20,"[""101085"", ""110360""]",2,3555.1000000041677,3821.7000000051376,3669.9000000045853,3555.1000000041677,3587.8000000042866,3591.8500000043014,3659.8000000045486,3659.8500000045487,3669.850000004585,3669.9000000045853,3817.650000005123,3821.7000000051376,18.100000000000122,109.9999999999959,17.20000000000011,0,121.04999999999526,0.25,0,28.000000000000007,80.00000000000037
J000494,2023-02-03/KJRH,KJRH,AMR_05,G15_12,WS_2_20,"[""101028"", ""101191""]",2,3587.7500000042864,3868.000000005306,3769.9500000049493,3587.7500000042864,3694.550000004675,3698.6000000046897,3759.8500000049125,3759.9000000049127,3769.900000004949,3769.9500000049493,3863.9500000052913,3868.000000005306,18.100000000000122,146.59999999999908,20.05000000000015,0,95.24999999999673,0.25,0,52.00000000000037,108.00000000000139
J000495,2023-02-03/BDMC,BDMC,AMR_04,G3_5,WS_19_20,"[""111207""]",1,3590.350000004296,4084.050000006092,3894.650000005403,3590.350000004296,3708.5000000047257,3712.5500000047405,3884.550000005366,3884.6000000053664,3894.6000000054028,3894.650000005403,4080.0000000060772,4084.050000006092,18.100000000000122,178.65000000000637,18.100000000000122,0,278.60000000002907,0.25,0,56.00000000000081,144.00000000000057
J000496,2023-02-03/KKCH,KKCH,AMR_22,G8_7,WS_8_20,"[""101200"", ""110543""]",4,3595.7000000043154,3923.6000000055083,3881.9500000053567,3595.7000000043154,3714.7500000047485,3718.800000004763,3871.85000000532,3871.90000000532,3881.9000000053566,3881.9500000053567,3919.5500000054935,3923.6000000055083,18.100000000000122,128.39999999999495,19.150000000000137,0,162.0000000000026,0.25,0,64.00000000000081,72.00000000000074
J000497,2023-02-03/BURM,BURM,AMR_24,G9_12,WS_25_20,"[""107268"", ""135158""]",3,3603.350000004343,4117.900000006215,3909.1500000054557,3603.350000004343,3648.150000004506,3652.200000004521,3899.050000005419,3899.100000005419,3909.1000000054555,3909.1500000054557,4113.8500000062,4117.900000006215,18.100000000000122,149.49999999999974,19.050000000000136,0,327.6500000000402,0.25,0,20.0,136.00000000000034
J000498,2023-02-03/BKAG,BKAG,AMR_10,G20_13,WS_13_20,"[""101122"", ""124184""]",2,3627.0500000044294,3809.8000000050943,3733.9500000048183,3627.0500000044294,3654.75000000453,3658.800000004545,3723.8500000047816,3723.9000000047818,3733.900000004818,3733.9500000048183,3805.7500000050795,3809.8000000050943,18.100000000000122,83.3999999999974,15.300000000000082,0,65.69999999999841,0.25,0,20.0,60.0000000000002
J000499,2023-02-03/KJRH,KJRH,AMR_30,G18_12,WS_2_20,"[""107272"", ""110194""]",2,3668.5500000045804,4133.450000006272,3889.3500000053837,3668.5500000045804,3668.5500000045804,3672.600000004595,3879.250000005347,3879.300000005347,3889.3000000053835,3889.3500000053837,4129.400000006257,4133.450000006272,18.100000000000122,153.90000000000074,17.15000000000011,0,275.5500000000284,0.2,0,0.0,148.00000000000153
J000500,2023-02-03/BKAG,BKAG,AMR_03,G2_13,WS_13_20,"[""107095"", ""107105""]",2,3674.500000004602,4105.650000006171,3988.100000005743,3674.500000004602,3860.050000005277,3864.100000005292,3978.000000005706,3978.0500000057064,3988.0500000057427,3988.100000005743,4101.600000006156,4105.650000006171,18.100000000000122,185.00000000000782,29.700000000000287,0,198.1000000000108,0.25,0,104.00000000000223,88.00000000000075
J000501,2023-02-03/KKCH,KKCH,AMR_14,G8_6,WS_8_20,"[""110342"", ""110448""]",2,3681.300000004627,4061.250000006009,3910.000000005459,3681.300000004627,3854.250000005256,3858.3000000052707,3899.900000005422,3899.950000005422,3909.9500000054586,3910.000000005459,4057.2000000059943,4061.250000006009,18.100000000000122,164.60000000000318,26.900000000000247,0,170.10000000000443,0.25,0,62.000000000000924,116.00000000000188
J000502,2023-02-03/KJRH,KJRH,AMR_07,G18_15,WS_2_20,"[""110252"", ""110346""]",2,3689.1500000046553,4063.500000006017,3961.8000000056472,3689.1500000046553,3729.3500000048016,3733.4000000048163,3951.7000000056105,3951.7500000056107,3961.750000005647,3961.8000000056472,4059.4500000060025,4063.500000006017,18.100000000000122,123.9999999999951,22.000000000000178,0,210.0000000000135,0.25,0,22.0,100.000000000001
J000503,2023-02-03/BKAG,BKAG,AMR_40,G14_8,WS_13_20,"[""101291"", ""110267""]",2,3710.4000000047326,4089.1000000061103,4005.400000005806,3710.4000000047326,3710.4000000047326,3714.4500000047474,3995.300000005769,3995.3500000057693,4005.3500000058057,4005.400000005806,4085.0500000060956,4089.1000000061103,18.100000000000122,145.54999999999885,21.000000000000163,0,193.85000000000983,0.2,0,0.0,147.99999999999937
J000504,2023-02-03/BURM,BURM,AMR_06,G17_13,WS_25_20,"[""101076"", ""126832""]",2,3718.250000004761,3939.5500000055663,3845.3000000052234,3718.250000004761,3738.0500000048332,3742.100000004848,3835.2000000051867,3835.250000005187,3845.2500000052232,3845.3000000052234,3935.5000000055516,3939.5500000055663,18.100000000000122,107.54999999999603,20.10000000000015,0,75.29999999999787,0.25,0,12.0,92.00000000000048
J000505,2023-02-03/BKAG,BKAG,AMR_08,G9_15,WS_13_20,"[""107175""]",1,3734.0000000048185,3980.950000005717,3948.000000005597,3734.0000000048185,3759.5000000049113,3763.550000004926,3937.9000000055603,3937.9500000055605,3947.950000005597,3948.000000005597,3976.900000005702,3980.950000005717,18.100000000000122,97.4999999999966,18.150000000000123,0,112.94999999999573,0.25,0,16.0,76.00000000000053
J000506,2023-02-03/BURM,BURM,AMR_18,G18_10,WS_25_20,"[""101013"", ""107263""]",2,3744.550000004857,3960.650000005643,3861.400000005282,3744.550000004857,3795.700000005043,3799.7500000050577,3851.3000000052452,3851.3500000052454,3861.350000005282,3861.400000005282,3956.6000000056283,3960.650000005643,18.100000000000122,93.9999999999968,17.25000000000011,0,86.49999999999723,0.25,0,20.0,76.00000000000051
J000507,2023-02-03/KKCH,KKCH,AMR_32,G23_13,WS_8_20,"[""101179"", ""121567""]",2,3747.4500000048674,4134.700000006276,3966.3000000056636,3747.4500000048674,3779.250000004983,3783.300000004998,3956.200000005627,3956.250000005627,3966.2500000056634,3966.3000000056636,4130.6500000062615,4134.700000006276,18.100000000000122,135.99999999999667,28.650000000000272,0,204.2500000000122,0.25,0,6.0,120.00000000000051
J000508,2023-02-03/KJRH,KJRH,AMR_01,G20_15,WS_2_20,"[""107101"", ""110296""]",2,3770.0000000049495,4542.350000007759,4074.950000006059,3770.0000000049495,3889.6500000053848,3893.7000000053995,4064.850000006022,4064.9000000060223,4074.9000000060587,4074.950000006059,4538.3000000077445,4542.350000007759,18.100000000000122,274.3000000000281,38.249999999999964,0,441.4500000000661,0.25,0,58.00000000000051,207.9999999999981
J000509,2023-02-03/BURM,BURM,AMR_20,G8_14,WS_25_20,"[""112275"", ""112387""]",2,3782.850000004996,4608.200000007999,4453.650000007437,3782.850000004996,3977.900000005706,3981.9500000057205,4443.5500000074,4443.6000000074,4453.600000007436,4453.650000007437,4604.150000007984,4608.200000007999,18.100000000000122,264.7500000000259,35.35000000000013,0,506.900000000081,0.25,0,124.00000000000256,155.99999999999844
J000510,2023-02-03/KJRH,KJRH,AMR_12,G21_14,WS_2_20,"[""111241"", ""112009""]",4,3794.050000005037,4550.6500000077895,4327.650000006978,3794.050000005037,4147.950000006324,4152.000000006339,4317.550000006941,4317.600000006942,4327.600000006978,4327.650000006978,4546.600000007775,4550.6500000077895,18.100000000000122,281.55000000002974,43.94999999999964,0,412.7500000000596,0.25,0,130.0000000000006,140.0000000000007
J000511,2023-02-03/KKCH,KKCH,AMR_10,G9_14,WS_8_20,"[""112435""]",1,3825.2000000051503,4177.150000006431,4108.800000006182,3825.2000000051503,4070.300000006042,4074.3500000060567,4098.700000006145,4098.7500000061455,4108.750000006182,4108.800000006182,4173.100000006416,4177.150000006431,18.100000000000122,126.34999999999496,24.90000000000022,0,182.3500000000072,0.25,0,72.00000000000071,44.000000000000085
J000512,2023-02-03/BKAG,BKAG,AMR_23,G20_10,WS_13_20,"[""134028"", ""140089""]",2,3830.900000005171,4026.2000000058815,3965.25000000566,3830.900000005171,3878.0000000053424,3882.050000005357,3955.150000005623,3955.200000005623,3965.2000000056596,3965.25000000566,4022.150000005867,4026.2000000058815,18.100000000000122,107.64999999999603,19.050000000000136,0,50.24999999999928,0.25,0,40.0,72.00000000000063
J000513,2023-02-03/BURM,BURM,AMR_29,G11_7,WS_25_20,"[""107405"", ""110397""]",2,3845.3500000052236,4146.000000006317,3949.3000000056018,3845.3500000052236,3848.450000005235,3852.5000000052496,3939.200000005565,3939.250000005565,3949.2500000056016,3949.3000000056018,4141.950000006303,4146.000000006317,18.100000000000122,150.75000000000003,15.200000000000081,0,116.34999999999553,0.25,0,2.0,171.99999999999642
J000514,2023-02-03/BURM,BURM,AMR_38,G15_2,WS_25_20,"[""110283"", ""124208""]",2,3861.450000005282,4032.3000000059037,3971.8000000056836,3861.450000005282,3881.0500000053535,3885.100000005368,3961.700000005647,3961.750000005647,3971.7500000056834,3971.8000000056836,4028.250000005889,4032.3000000059037,18.100000000000122,130.8499999999955,20.05000000000015,0,1.6000000000000008,0.25,0,15.999999999999975,136.0000000000009
J000515,2023-02-03/KJRH,KJRH,AMR_05,G21_13,WS_2_20,"[""111348"", ""214618""]",2,3872.400000005322,4358.050000007089,4243.00000000667,3872.400000005322,3903.500000005435,3907.55000000545,4232.9000000066335,4232.950000006634,4242.95000000667,4243.00000000667,4354.000000007074,4358.050000007089,18.100000000000122,146.09999999999897,22.000000000000178,0,299.20000000003375,0.25,0,22.0,124.00000000000156
J000516,2023-02-03/BURM,BURM,AMR_36,G5_15,WS_25_20,"[""110567"", ""134639""]",2,3877.30000000534,4493.500000007582,4362.350000007104,3877.30000000534,4271.400000006774,4275.450000006788,4352.250000007068,4352.300000007068,4362.300000007104,4362.350000007104,4489.450000007567,4493.500000007582,18.100000000000122,290.6500000000318,46.94999999999947,0,260.2500000000249,0.25,0,199.99999999999474,120.00000000000061
J000517,2023-02-03/KKCH,KKCH,AMR_21,G17_8,WS_8_20,"[""101221"", ""112361""]",2,3882.000000005357,4185.500000006461,4087.2500000061036,3882.000000005357,3915.050000005477,3919.100000005492,4077.150000006067,4077.200000006067,4087.2000000061034,4087.2500000061036,4181.450000006446,4185.500000006461,18.100000000000122,162.20000000000263,19.100000000000136,0,103.84999999999624,0.25,0,28.000000000000007,144.00000000000128
J000518,2023-02-03/KJRH,KJRH,AMR_28,G21_12,WS_2_20,"[""112283"", ""112430""]",3,3889.5500000053844,4207.400000006541,4092.300000006122,3889.5500000053844,3905.400000005442,3909.450000005457,4082.2000000060852,4082.2500000060854,4092.250000006122,4092.300000006122,4203.350000006526,4207.400000006541,18.100000000000122,147.29999999999924,16.200000000000095,0,135.99999999999667,0.25,0,12.0,144.00000000000188
J000519,2023-02-03/BURM,BURM,AMR_11,G3_15,WS_25_20,"[""110222"", ""110615""]",3,3923.6000000055083,4599.450000007967,4437.700000007379,3923.6000000055083,4012.600000005832,4016.650000005847,4427.600000007342,4427.650000007342,4437.650000007378,4437.700000007379,4595.400000007952,4599.450000007967,18.100000000000122,211.60000000001386,27.75000000000026,0,418.1500000000608,0.25,0,54.00000000000034,167.9999999999983
J000520,2023-02-03/KKCH,KKCH,AMR_22,G5_14,WS_8_20,"[""107265""]",1,3923.6500000055084,4089.600000006112,4058.550000005999,3923.6500000055084,3974.950000005695,3979.00000000571,4048.4500000059625,4048.5000000059626,4058.500000005999,4058.550000005999,4085.5500000060974,4089.600000006112,18.100000000000122,80.84999999999755,17.20000000000011,0,49.54999999999932,0.25,0,23.999999999999986,52.00000000000013
J000521,2023-02-03/KJRH,KJRH,AMR_13,G21_10,WS_2_20,"[""110307"", ""111366""]",2,3932.650000005541,4233.200000006635,4146.6000000063195,3932.650000005541,3952.8000000056145,3956.850000005629,4136.500000006283,4136.550000006283,4146.550000006319,4146.6000000063195,4229.15000000662,4233.200000006635,18.100000000000122,156.55000000000135,15.250000000000082,0,110.39999999999587,0.25,0,18.0,163.99999999999838
J000522,2023-02-03/BURM,BURM,AMR_09,G23_14,WS_25_20,"[""115580""]",1,3935.350000005551,4138.45000000629,4103.200000006162,3935.350000005551,4051.2000000059725,4055.250000005987,4093.100000006125,4093.150000006125,4103.1500000061615,4103.200000006162,4134.400000006275,4138.45000000629,18.100000000000122,117.39999999999547,22.90000000000019,0,44.44999999999961,0.25,0,64.00000000000027,48.000000000000114
J000523,2023-02-03/KKCH,KKCH,AMR_06,G8_13,WS_8_20,"[""101071""]",1,3939.6000000055665,4208.200000006544,4176.750000006429,3939.6000000055665,3996.050000005772,4000.1000000057866,4166.6500000063925,4166.700000006393,4176.700000006429,4176.750000006429,4204.150000006529,4208.200000006544,18.100000000000122,81.49999999999751,15.300000000000082,0,153.45000000000064,0.25,0,29.99999999999997,48.00000000000013
J000524,2023-02-03/PANJ,PANJ,AMR_26,G15_13,WS_30_20,"[""101025"", ""110336"", ""111237"", ""111307"", ""112324"", ""129530""]",7,3946.1500000055903,4160.950000006372,4032.5000000059044,3946.1500000055903,3946.1500000055903,3950.200000005605,4022.4000000058677,4022.450000005868,4032.4500000059043,4032.5000000059044,4156.900000006357,4160.950000006372,18.100000000000122,91.84999999999692,9.55,0,95.09999999999674,0.2,0,0.0,96.00000000000006
J000525,2023-02-03/PANJ,PANJ,AMR_39,G12_2,WS_30_20,"[""110166"", ""110231"", ""110475"", ""110592"", ""121833"", ""124704""]",6,3955.5500000056245,4143.8500000063095,4070.250000006042,3955.5500000056245,3975.150000005696,3979.2000000057105,4060.150000006005,4060.200000006005,4070.2000000060416,4070.250000006042,4139.800000006295,4143.8500000063095,18.100000000000122,144.0499999999985,18.100000000000122,0,7.79999999999998,0.25,0,12.0,159.99999999999767
J000526,2023-02-03/PANJ,PANJ,AMR_18,G11_10,WS_30_20,"[""101022"", ""101147"", ""101305"", ""110313"", ""110526""]",7,3960.7000000056432,4342.950000007034,4122.350000006231,3960.7000000056432,3989.9000000057495,3993.950000005764,4112.250000006195,4112.300000006195,4122.300000006231,4122.350000006231,4338.900000007019,4342.950000007034,18.100000000000122,201.55000000001158,22.90000000000019,0,139.44999999999746,0.25,0,18.0,207.99999999999625
J000527,2023-02-03/PANJ,PANJ,AMR_08,G18_13,WS_30_20,"[""110286"", ""111372"", ""113197"", ""132279""]",4,3981.000000005717,4478.200000007526,4415.000000007296,3981.000000005717,4328.800000006982,4332.850000006997,4404.900000007259,4404.950000007259,4414.950000007296,4415.000000007296,4474.150000007511,4478.200000007526,18.100000000000122,206.9500000000128,25.80000000000023,0,246.1000000000217,0.25,0,126.00000000000182,92.00000000000043
J000528,2023-02-03/BKAG,BKAG,AMR_19,G14_14,WS_13_20,"[""107459""]",1,3987.9500000057424,4177.6500000064325,4143.250000006307,3987.9500000057424,4068.450000006035,4072.50000000605,4133.150000006271,4133.200000006271,4143.200000006307,4143.250000006307,4173.600000006418,4177.6500000064325,18.100000000000122,91.39999999999695,17.20000000000011,0,62.74999999999857,0.25,0,44.00000000000017,40.00000000000004
J000529,2023-02-03/BDMC,BDMC,AMR_34,G6_12,WS_19_20,"[""104505""]",1,3991.100000005754,4303.35000000689,4189.500000006476,3991.100000005754,3991.100000005754,3995.1500000057686,4179.400000006439,4179.450000006439,4189.450000006475,4189.500000006476,4299.300000006875,4303.35000000689,18.100000000000122,96.79999999999664,13.350000000000055,0,183.80000000000754,0.2,0,0.0,96.00000000000077
J000530,2023-02-03/BKAG,BKAG,AMR_31,G14_13,WS_13_20,"[""110254""]",1,4020.050000005859,4223.100000006598,4190.200000006478,4020.050000005859,4141.1500000063,4145.200000006314,4180.100000006441,4180.150000006442,4190.150000006478,4190.200000006478,4219.050000006583,4223.100000006598,18.100000000000122,127.79999999999488,20.10000000000015,0,36.80000000000005,0.25,0,88.00000000000159,44.00000000000013
J000531,2023-02-03/BURM,BURM,AMR_27,G14_10,WS_25_20,"[""101015"", ""107293""]",3,4021.3000000058637,4306.1500000069,4119.25000000622,4021.3000000058637,4037.4000000059223,4041.450000005937,4109.150000006183,4109.2000000061835,4119.20000000622,4119.25000000622,4302.100000006885,4306.1500000069,18.100000000000122,114.09999999999566,15.250000000000082,0,137.14999999999694,0.25,0,10.0,100.00000000000034
J000532,2023-02-03/PANJ,PANJ,AMR_33,G17_14,WS_30_20,"[""101181"", ""107232"", ""123310"", ""134027""]",4,4023.2000000058706,4204.45000000653,4091.75000000612,4023.2000000058706,4026.100000005881,4030.150000005896,4081.6500000060832,4081.7000000060834,4091.70000000612,4091.75000000612,4200.400000006515,4204.45000000653,18.100000000000122,86.59999999999722,10.450000000000014,0,65.8499999999984,0.25,0,2.0,92.00000000000011
J000533,2023-02-03/BKAG,BKAG,AMR_23,G17_13,WS_13_20,"[""107317""]",1,4026.2500000058817,4153.900000006346,4097.650000006141,4026.2500000058817,4054.400000005984,4058.450000005999,4087.5500000061047,4087.600000006105,4097.600000006141,4097.650000006141,4149.850000006331,4153.900000006346,18.100000000000122,70.14999999999816,13.350000000000055,0,25.80000000000023,0.25,0,16.0,48.00000000000013
J000534,2023-02-03/KJRH,KJRH,AMR_25,G21_9,WS_2_20,"[""107094"", ""110243""]",2,4030.8500000058984,4466.150000007482,4305.550000006898,4030.8500000058984,4070.000000006041,4074.0500000060556,4295.450000006861,4295.500000006861,4305.500000006898,4305.550000006898,4462.100000007467,4466.150000007482,18.100000000000122,201.05000000001147,26.750000000000245,0,189.15000000000876,0.25,0,38.0000000000001,175.99999999999662
J000535,2023-02-03/KKCH,KKCH,AMR_38,G18_10,WS_8_20,"[""107380"", ""112452""]",2,4032.350000005904,4357.800000007088,4255.250000006715,4032.350000005904,4080.500000006079,4084.550000006094,4245.150000006678,4245.200000006678,4255.200000006715,4255.250000006715,4353.750000007073,4357.800000007088,18.100000000000122,127.64999999999489,19.050000000000136,0,160.40000000000222,0.25,0,33.99999999999994,92.00000000000051
J000536,2023-02-03/PANJ,PANJ,AMR_02,G20_10,WS_30_20,"[""101275"", ""110461"", ""112431"", ""125463"", ""131589""]",6,4041.8500000059385,4222.400000006595,4156.050000006354,4041.8500000059385,4094.750000006131,4098.800000006146,4145.950000006317,4146.000000006317,4156.000000006354,4156.050000006354,4218.350000006581,4222.400000006595,18.100000000000122,116.74999999999551,17.20000000000011,0,28.250000000000266,0.25,0,40.000000000000185,92.00000000000054
J000537,2023-02-03/BKAG,BKAG,AMR_14,G15_9,WS_13_20,"[""107259"", ""110520""]",2,4061.300000006009,4404.650000007258,4207.25000000654,4061.300000006009,4131.400000006264,4135.450000006279,4197.150000006503,4197.200000006504,4207.20000000654,4207.25000000654,4400.600000007244,4404.650000007258,18.100000000000122,112.99999999999572,17.20000000000011,0,194.80000000001004,0.25,0,36.00000000000003,72.00000000000031
J000538,2023-02-03/BURM,BURM,AMR_07,G14_5,WS_25_20,"[""107413"", ""127332""]",2,4063.5500000060174,4549.250000007784,4249.100000006692,4063.5500000060174,4155.00000000635,4159.050000006365,4239.000000006656,4239.050000006656,4249.050000006692,4249.100000006692,4545.20000000777,4549.250000007784,18.100000000000122,189.40000000000882,27.70000000000026,0,250.25000000002265,0.25,0,52.000000000000256,139.99999999999977
J000539,2023-02-03/PANJ,PANJ,AMR_04,G23_7,WS_30_20,"[""110278"", ""110299"", ""112208"", ""121875""]",4,4084.100000006092,4270.35000000677,4209.150000006547,4084.100000006092,4140.650000006298,4144.700000006313,4199.05000000651,4199.1000000065105,4209.100000006547,4209.150000006547,4266.300000006755,4270.35000000677,18.100000000000122,146.29999999999902,19.100000000000136,0,2.499999999999999,0.25,0,64.00000000000057,112.00000000000134
J000540,2023-02-03/KKCH,KKCH,AMR_40,G14_8,WS_8_20,"[""101177"", ""101291""]",2,4089.1500000061105,4200.300000006515,4144.350000006311,4089.1500000061105,4089.1500000061105,4093.2000000061253,4134.250000006275,4134.300000006275,4144.300000006311,4144.350000006311,4196.2500000065,4200.300000006515,18.100000000000122,75.39999999999786,9.55,0,7.89999999999998,0.2,0,0.0,80.00000000000077
J000541,2023-02-03/KJRH,KJRH,AMR_22,G6_15,WS_2_20,"[""110463""]",1,4089.6500000061124,4254.400000006712,4225.7500000066075,4089.6500000061124,4180.550000006443,4184.600000006458,4215.650000006571,4215.700000006571,4225.700000006607,4225.7500000066075,4250.350000006697,4254.400000006712,18.100000000000122,70.19999999999816,14.350000000000069,0,61.84999999999862,0.25,0,28.000000000000014,40.00000000000014
J000542,2023-02-03/BKAG,BKAG,AMR_03,G18_15,WS_13_20,"[""110433""]",1,4105.700000006171,4679.8500000082595,4496.000000007591,4105.700000006171,4405.450000007261,4409.500000007276,4485.900000007554,4485.950000007554,4495.9500000075905,4496.000000007591,4675.800000008245,4679.8500000082595,18.100000000000122,176.75000000000594,24.800000000000217,0,354.25000000004627,0.25,0,92.0000000000008,72.00000000000034
J000543,2023-02-03/PANJ,PANJ,AMR_24,G17_12,WS_30_20,"[""100949"", ""107250"", ""112287"", ""125639""]",5,4117.950000006215,4365.550000007116,4293.600000006854,4117.950000006215,4139.550000006294,4143.600000006309,4283.500000006818,4283.550000006818,4293.550000006854,4293.600000006854,4361.500000007101,4365.550000007116,18.100000000000122,107.04999999999606,13.350000000000055,0,108.84999999999596,0.25,0,20.0,100.00000000000068
J000544,2023-02-03/KKCH,KKCH,AMR_30,G9_15,WS_8_20,"[""107573""]",1,4133.500000006272,4706.550000008357,4679.700000008259,4133.500000006272,4621.000000008045,4625.05000000806,4669.600000008222,4669.650000008222,4679.650000008259,4679.700000008259,4702.500000008342,4706.550000008357,18.100000000000122,189.60000000000886,42.34999999999973,0,322.7500000000391,0.25,0,136.00000000000102,35.99999999999997
J000545,2023-02-03/BURM,BURM,AMR_32,G2_13,WS_25_20,"[""107095"", ""126347""]",3,4134.750000006276,4755.150000008533,4659.350000008185,4134.750000006276,4439.400000007385,4443.4500000073995,4649.250000008148,4649.300000008148,4659.300000008185,4659.350000008185,4751.100000008519,4755.150000008533,18.100000000000122,243.50000000002112,34.45000000000018,0,324.1000000000394,0.25,0,78.00000000000047,163.9999999999966
J000546,2023-02-03/PANJ,PANJ,AMR_09,G17_15,WS_30_20,"[""110499"", ""110555"", ""112279""]",4,4138.50000000629,4450.650000007426,4375.550000007152,4138.50000000629,4280.000000006805,4284.05000000682,4365.450000007116,4365.500000007116,4375.500000007152,4375.550000007152,4446.600000007411,4450.650000007426,18.100000000000122,128.49999999999497,18.250000000000124,0,147.0499999999992,0.25,0,58.00000000000021,80.00000000000001
J000547,2023-02-03/KKCH,KKCH,AMR_16,G2_14,WS_8_20,"[""110624""]",1,4141.850000006302,4287.900000006834,4225.700000006607,4141.850000006302,4141.850000006302,4145.900000006317,4215.600000006571,4215.650000006571,4225.650000006607,4225.700000006607,4283.850000006819,4287.900000006834,18.100000000000122,62.59999999999858,9.55,0,55.59999999999898,0.2,0,0.0,64.00000000000021
J000548,2023-02-03/BKAG,BKAG,AMR_39,G9_13,WS_13_20,"[""109969""]",1,4143.90000000631,4389.650000007204,4293.050000006852,4143.90000000631,4174.550000006421,4178.600000006436,4282.950000006816,4283.000000006816,4293.000000006852,4293.050000006852,4385.600000007189,4389.650000007204,18.100000000000122,86.24999999999724,14.350000000000069,0,126.79999999999494,0.25,0,28.0,52.000000000000085
J000549,2023-02-03/KKCH,KKCH,AMR_29,G15_15,WS_8_20,"[""101290""]",1,4146.0500000063175,4432.100000007358,4323.900000006965,4146.0500000063175,4241.600000006665,4245.65000000668,4313.800000006928,4313.850000006928,4323.850000006964,4323.900000006965,4428.050000007343,4432.100000007358,18.100000000000122,98.44999999999655,12.400000000000041,0,156.85000000000142,0.25,0,32.0,60.00000000000006
J000550,2023-02-03/KJRH,KJRH,AMR_23,G23_13,WS_2_20,"[""111371"", ""115120""]",2,4153.950000006346,4735.6500000084625,4656.050000008173,4153.950000006346,4301.850000006884,4305.900000006899,4645.950000008136,4646.000000008136,4656.000000008173,4656.050000008173,4731.600000008448,4735.6500000084625,18.100000000000122,225.90000000001712,30.6000000000003,0,306.8500000000355,0.25,0,100.00000000000128,140.00000000000054
J000551,2023-02-03/PANJ,PANJ,AMR_15,G18_12,WS_30_20,"[""107272"", ""110301"", ""112302""]",4,4160.35000000637,4349.050000007056,4276.500000006792,4160.35000000637,4176.5500000064285,4180.600000006443,4266.400000006755,4266.4500000067555,4276.450000006792,4276.500000006792,4345.000000007041,4349.050000007056,18.100000000000122,89.99999999999703,13.350000000000055,0,66.99999999999834,0.25,0,10.0,92.00000000000031
J000552,2023-02-03/BURM,BURM,AMR_26,G27_14,WS_25_20,"[""101059""]",1,4161.000000006372,4440.050000007387,4405.500000007261,4161.000000006372,4363.7500000071095,4367.800000007124,4395.400000007225,4395.450000007225,4405.450000007261,4405.500000007261,4436.000000007372,4440.050000007387,18.100000000000122,145.7499999999989,24.95000000000022,0,89.99999999999703,0.25,0,110.00000000000173,48.00000000000004
J000553,2023-02-03/BKAG,BKAG,AMR_10,G9_14,WS_13_20,"[""110215""]",1,4177.200000006431,4381.500000007174,4275.750000006789,4177.200000006431,4177.200000006431,4181.250000006446,4265.650000006753,4265.700000006753,4275.700000006789,4275.750000006789,4377.450000007159,4381.500000007174,18.100000000000122,54.799999999999024,9.55,0,121.64999999999523,0.2,0,0.0,48.00000000000007
J000554,2023-02-03/KKCH,KKCH,AMR_19,G15_14,WS_8_20,"[""107412""]",1,4177.700000006433,4580.000000007896,4492.700000007579,4177.700000006433,4180.650000006443,4184.700000006458,4482.600000007542,4482.650000007542,4492.6500000075785,4492.700000007579,4575.9500000078815,4580.000000007896,18.100000000000122,120.4999999999953,15.300000000000082,0,248.15000000002217,0.25,0,2.0,112.000000000001
J000555,2023-02-03/KJRH,KJRH,AMR_21,G18_9,WS_2_20,"[""110137"", ""110484""]",2,4185.550000006461,4549.200000007784,4438.950000007383,4185.550000006461,4235.200000006642,4239.250000006657,4428.850000007346,4428.9000000073465,4438.900000007383,4438.950000007383,4545.150000007769,4549.200000007784,18.100000000000122,157.05000000000146,19.150000000000137,0,169.1000000000042,0.25,0,44.000000000000384,120.00000000000153
J000556,2023-02-03/BKAG,BKAG,AMR_40,G17_8,WS_13_20,"[""107327"", ""110333""]",2,4200.350000006515,4476.050000007518,4395.500000007225,4200.350000006515,4232.9000000066335,4236.950000006648,4385.400000007188,4385.4500000071885,4395.450000007225,4395.500000007225,4472.000000007503,4476.050000007518,18.100000000000122,130.59999999999545,23.000000000000192,0,103.74999999999625,0.25,0,22.0,104.00000000000068
J000557,2023-02-03/PANJ,PANJ,AMR_33,G17_9,WS_30_20,"[""101185"", ""110142"", ""110391""]",3,4204.50000000653,4411.200000007282,4341.150000007027,4204.50000000653,4254.550000006712,4258.600000006727,4331.050000006991,4331.100000006991,4341.100000007027,4341.150000007027,4407.150000007267,4411.200000007282,18.100000000000122,113.19999999999571,15.300000000000082,0,59.84999999999874,0.25,0,14.0,112.00000000000071
J000558,2023-02-03/BKAG,BKAG,AMR_28,G20_14,WS_13_20,"[""110134""]",1,4207.450000006541,4469.8500000074955,4339.950000007023,4207.450000006541,4228.400000006617,4232.450000006632,4329.850000006986,4329.900000006986,4339.900000007023,4339.950000007023,4465.800000007481,4469.8500000074955,18.100000000000122,84.29999999999735,16.250000000000096,0,143.49999999999838,0.25,0,14.0,56.00000000000004
J000559,2023-02-03/KKCH,KKCH,AMR_06,G3_12,WS_8_20,"[""110220""]",1,4208.250000006544,4319.300000006948,4285.9500000068265,4208.250000006544,4235.800000006644,4239.850000006659,4275.85000000679,4275.90000000679,4285.900000006826,4285.9500000068265,4315.250000006933,4319.300000006948,18.100000000000122,74.24999999999793,13.350000000000055,0,5.09999999999999,0.25,0,15.999999999999996,60.00000000000031
J000560,2023-02-03/BDMC,BDMC,AMR_37,G6_13,WS_19_20,"[""112227""]",1,4214.900000006568,4622.050000008049,4504.650000007622,4214.900000006568,4214.900000006568,4218.950000006583,4494.550000007585,4494.600000007586,4504.600000007622,4504.650000007622,4618.0000000080345,4622.050000008049,18.100000000000122,123.54999999999512,17.20000000000011,0,248.10000000002216,0.2,0,0.0,116.00000000000105
J000561,2023-02-03/PANJ,PANJ,AMR_02,G14_12,WS_30_20,"[""110450"", ""110583"", ""124210""]",4,4222.4500000065955,4465.65000000748,4358.50000000709,4222.4500000065955,4263.900000006746,4267.950000006761,4348.400000007054,4348.450000007054,4358.45000000709,4358.50000000709,4461.6000000074655,4465.65000000748,18.100000000000122,123.29999999999514,15.300000000000082,0,86.24999999999724,0.25,0,16.0,112.00000000000063
J000562,2023-02-03/BKAG,BKAG,AMR_31,G6_14,WS_13_20,"[""107176""]",1,4223.150000006598,4684.100000008275,4637.900000008107,4223.150000006598,4525.350000007697,4529.400000007712,4627.80000000807,4627.85000000807,4637.850000008107,4637.900000008107,4680.05000000826,4684.100000008275,18.100000000000122,183.5500000000075,32.70000000000028,0,226.35000000001722,0.25,0,138.00000000000253,60.00000000000044
J000563,2023-02-03/KJRH,KJRH,AMR_13,G5_13,WS_2_20,"[""115077""]",1,4233.250000006635,4391.850000007212,4359.600000007094,4233.250000006635,4323.100000006962,4327.150000006976,4349.500000007058,4349.550000007058,4359.550000007094,4359.600000007094,4387.800000007197,4391.850000007212,18.100000000000122,115.34999999999559,15.300000000000082,0,9.600000000000001,0.25,0,94.00000000000168,44.00000000000017
J000564,2023-02-03/KKCH,KKCH,AMR_35,G14_13,WS_8_20,"[""110254""]",1,4240.650000006662,4579.050000007893,4508.650000007637,4240.650000006662,4429.75000000735,4433.800000007364,4498.5500000076,4498.6000000076,4508.6000000076365,4508.650000007637,4575.000000007878,4579.050000007893,18.100000000000122,170.95000000000462,28.800000000000274,0,120.29999999999531,0.25,0,120.00000000000239,60.0000000000003
J000565,2023-02-03/KJRH,KJRH,AMR_17,G3_10,WS_2_20,"[""111997""]",1,4244.350000006675,4515.500000007662,4484.600000007549,4244.350000006675,4443.800000007401,4447.8500000074155,4474.500000007512,4474.550000007513,4484.550000007549,4484.600000007549,4511.450000007647,4515.500000007662,18.100000000000122,111.09999999999583,16.250000000000096,0,125.44999999999501,0.25,0,58.00000000000054,52.0000000000004
J000566,2023-02-03/BURM,BURM,AMR_22,G15_13,WS_25_20,"[""129530""]",2,4254.450000006712,4489.950000007569,4421.7500000073205,4254.450000006712,4350.400000007061,4354.450000007076,4411.650000007284,4411.700000007284,4421.70000000732,4421.7500000073205,4485.900000007554,4489.950000007569,18.100000000000122,111.99999999999578,16.200000000000095,0,88.94999999999709,0.25,0,38.00000000000004,76.00000000000014
J000567,2023-02-03/KKCH,KKCH,AMR_04,G12_9,WS_8_20,"[""101183""]",1,4270.40000000677,4606.200000007992,4556.40000000781,4270.40000000677,4388.5500000072,4392.6000000072145,4546.300000007774,4546.350000007774,4556.35000000781,4556.40000000781,4602.150000007977,4606.200000007992,18.100000000000122,176.75000000000594,24.95000000000022,0,115.74999999999557,0.25,0,98.00000000000176,100.00000000000097
J000568,2023-02-03/PANJ,PANJ,AMR_16,G18_14,WS_30_20,"[""110224"", ""110306"", ""110530""]",3,4287.950000006834,4651.050000008155,4570.10000000786,4287.950000006834,4507.700000007633,4511.750000007648,4560.0000000078235,4560.050000007824,4570.05000000786,4570.10000000786,4647.00000000814,4651.050000008155,18.100000000000122,144.8999999999987,21.050000000000164,0,178.8000000000064,0.25,0,64.00000000000007,80.00000000000009
J000569,2023-02-03/BKAG,BKAG,AMR_34,G8_12,WS_13_20,"[""112073""]",1,4303.40000000689,4629.950000008078,4454.200000007439,4303.40000000689,4310.100000006914,4314.150000006929,4444.100000007402,4444.150000007402,4454.150000007438,4454.200000007439,4625.900000008063,4629.950000008078,18.100000000000122,79.79999999999761,11.500000000000028,0,216.90000000001507,0.25,0,4.0,68.00000000000026
J000570,2023-02-03/KJRH,KJRH,AMR_27,G2_14,WS_2_20,"[""123128""]",1,4306.2000000069,4565.900000007845,4543.850000007765,4306.2000000069,4489.300000007566,4493.350000007581,4533.750000007728,4533.800000007728,4543.8000000077645,4543.850000007765,4561.85000000783,4565.900000007845,18.100000000000122,126.84999999999494,24.800000000000217,0,89.69999999999705,0.25,0,80.00000000000081,40.000000000000085
J000571,2023-02-03/KKCH,KKCH,AMR_06,G6_12,WS_8_20,"[""111992""]",1,4319.350000006948,4472.850000007506,4440.75000000739,4319.350000006948,4334.500000007003,4338.550000007018,4430.650000007353,4430.700000007353,4440.7000000073895,4440.75000000739,4468.800000007492,4472.850000007506,18.100000000000122,66.04999999999839,11.400000000000027,0,57.69999999999886,0.25,0,10.0,52.00000000000023
J000572,2023-02-03/PANJ,PANJ,AMR_18,G15_10,WS_30_20,"[""107159"", ""112017"", ""112331""]",3,4343.000000007034,4654.000000008165,4496.300000007592,4343.000000007034,4427.500000007341,4431.550000007356,4486.200000007555,4486.250000007555,4496.250000007592,4496.300000007592,4649.950000008151,4654.000000008165,18.100000000000122,121.24999999999525,16.250000000000096,0,155.15000000000103,0.25,0,16.0,116.0000000000008
J000573,2023-02-03/BKAG,BKAG,AMR_15,G18_12,WS_13_20,"[""110253""]",1,4349.100000007056,4611.850000008012,4436.8500000073755,4349.100000007056,4349.100000007056,4353.150000007071,4426.750000007339,4426.800000007339,4436.800000007375,4436.8500000073755,4607.800000007997,4611.850000008012,18.100000000000122,79.09999999999765,10.500000000000014,0,154.85000000000096,0.2,0,0.0,72.00000000000048
J000574,2023-02-03/KJRH,KJRH,AMR_38,G9_12,WS_2_20,"[""107162""]",1,4357.850000007088,4837.450000008833,4781.850000008631,4357.850000007088,4730.400000008443,4734.450000008458,4771.750000008594,4771.800000008594,4781.80000000863,4781.850000008631,4833.400000008818,4837.450000008833,18.100000000000122,172.1500000000049,30.6500000000003,0,258.4500000000245,0.25,0,98.00000000000057,72.00000000000074
J000575,2023-02-03/KKCH,KKCH,AMR_05,G9_8,WS_8_20,"[""112340""]",1,4358.100000007089,4545.650000007771,4457.700000007451,4358.100000007089,4414.000000007292,4418.050000007307,4447.600000007415,4447.650000007415,4457.650000007451,4457.700000007451,4541.6000000077565,4545.650000007771,18.100000000000122,141.3499999999979,19.150000000000137,0,8.699999999999989,0.25,0,58.00000000000078,108.0000000000019
J000576,2023-02-03/PANJ,PANJ,AMR_24,G14_10,WS_30_20,"[""101193"", ""107293"", ""110317""]",3,4365.600000007116,4782.250000008632,4604.150000007984,4365.600000007116,4471.1500000075,4475.200000007515,4594.050000007947,4594.1000000079475,4604.100000007984,4604.150000007984,4778.200000008617,4782.250000008632,18.100000000000122,192.30000000000948,23.850000000000204,0,182.15000000000717,0.25,0,62.000000000000526,155.99999999999898
J000577,2023-02-03/PANJ,PANJ,AMR_10,G15_8,WS_30_20,"[""110543"", ""117415"", ""123035""]",3,4381.550000007174,4656.350000008174,4534.500000007731,4381.550000007174,4441.900000007394,4445.950000007409,4524.400000007694,4524.450000007694,4534.4500000077305,4534.500000007731,4652.300000008159,4656.350000008174,18.100000000000122,152.50000000000043,21.000000000000163,0,82.94999999999743,0.25,0,28.0,144.0000000000004
J000578,2023-02-03/BURM,BURM,AMR_39,G17_12,WS_25_20,"[""100949""]",1,4389.700000007204,4780.250000008625,4643.500000008127,4389.700000007204,4576.450000007883,4580.500000007898,4633.4000000080905,4633.450000008091,4643.450000008127,4643.500000008127,4776.20000000861,4780.250000008625,18.100000000000122,150.85000000000005,23.000000000000192,0,198.35000000001085,0.25,0,70.0000000000002,80.00000000000023
J000579,2023-02-03/BKAG,BKAG,AMR_13,G12_10,WS_13_20,"[""110582""]",1,4391.900000007212,4645.950000008136,4568.900000007856,4391.900000007212,4444.350000007403,4448.4000000074175,4558.800000007819,4558.850000007819,4568.850000007856,4568.900000007856,4641.900000008121,4645.950000008136,18.100000000000122,81.6999999999975,15.300000000000082,0,138.6999999999973,0.25,0,24.0,56.00000000000027
J000580,2023-02-03/KJRH,KJRH,AMR_14,G6_10,WS_2_20,"[""110257""]",1,4404.7000000072585,4557.100000007813,4521.750000007684,4404.7000000072585,4475.550000007516,4479.600000007531,4511.650000007648,4511.700000007648,4521.700000007684,4521.750000007684,4553.050000007798,4557.100000007813,18.100000000000122,106.79999999999607,14.350000000000069,0,12.900000000000048,0.25,0,64.00000000000101,60.000000000000625
J000581,2023-02-03/PANJ,PANJ,AMR_33,G3_14,WS_30_20,"[""101163"", ""115355"", ""115591""]",4,4411.250000007282,5190.150000010116,4777.050000008613,4411.250000007282,4475.150000007515,4479.2000000075295,4766.950000008576,4767.0000000085765,4777.000000008613,4777.050000008613,5186.100000010101,5190.150000010116,18.100000000000122,258.1500000000244,38.19999999999997,0,464.20000000007127,0.25,0,62.00000000000091,199.99999999999585
J000582,2023-02-03/BURM,BURM,AMR_29,G15_9,WS_25_20,"[""107457"", ""110251"", ""110501"", ""112036""]",5,4432.150000007358,4661.7000000081935,4581.650000007902,4432.150000007358,4487.4500000075595,4491.500000007574,4571.5500000078655,4571.600000007866,4581.600000007902,4581.650000007902,4657.650000008179,4661.7000000081935,18.100000000000122,126.39999999999496,18.150000000000123,0,66.64999999999836,0.25,0,16.0,124.00000000000125
J000583,2023-02-03/BKAG,BKAG,AMR_26,G21_13,WS_13_20,"[""111348""]",1,4440.100000007387,4724.700000008423,4620.850000008045,4440.100000007387,4474.200000007511,4478.250000007526,4610.750000008008,4610.800000008008,4620.800000008045,4620.850000008045,4720.650000008408,4724.700000008423,18.100000000000122,105.19999999999617,17.20000000000011,0,143.84999999999846,0.25,0,30.0,76.00000000000009
J000584,2023-02-03/BURM,BURM,AMR_09,G17_15,WS_25_20,"[""112279""]",1,4450.700000007426,4602.450000007978,4524.150000007693,4450.700000007426,4450.700000007426,4454.750000007441,4514.050000007656,4514.1000000076565,4524.100000007693,4524.150000007693,4598.400000007963,4602.450000007978,18.100000000000122,59.149999999998776,7.649999999999981,0,66.64999999999836,0.2,0,0.0,60.00000000000003
J000585,2023-02-03/KKCH,KKCH,AMR_02,G14_12,WS_8_20,"[""107328""]",1,4465.70000000748,4700.7500000083355,4572.450000007869,4465.70000000748,4465.70000000748,4469.750000007495,4562.350000007832,4562.400000007832,4572.400000007869,4572.450000007869,4696.700000008321,4700.7500000083355,18.100000000000122,74.34999999999792,11.500000000000028,0,130.89999999999552,0.2,0,0.0,68.00000000000031
J000586,2023-02-03/BKAG,BKAG,AMR_25,G17_10,WS_13_20,"[""110575""]",1,4466.200000007482,4773.650000008601,4695.450000008316,4466.200000007482,4489.950000007569,4494.000000007583,4685.3500000082795,4685.40000000828,4695.400000008316,4695.450000008316,4769.600000008586,4773.650000008601,18.100000000000122,124.34999999999508,18.100000000000122,0,146.6499999999991,0.25,0,18.0,104.00000000000068
J000587,2023-02-03/BURM,BURM,AMR_28,G15_12,WS_25_20,"[""101028""]",1,4469.900000007496,4828.000000008798,4726.100000008428,4469.900000007496,4582.750000007906,4586.800000007921,4716.000000008391,4716.050000008391,4726.050000008428,4726.100000008428,4823.950000008784,4828.000000008798,18.100000000000122,147.9999999999994,21.000000000000163,0,170.75000000000458,0.25,0,78.0000000000012,80.00000000000017
J000588,2023-02-03/KJRH,KJRH,AMR_06,G12_15,WS_2_20,"[""110604""]",1,4472.900000007507,4719.750000008405,4673.100000008235,4472.900000007507,4521.000000007682,4525.050000007696,4663.000000008198,4663.050000008198,4673.050000008235,4673.100000008235,4715.70000000839,4719.750000008405,18.100000000000122,105.09999999999617,12.400000000000041,0,110.99999999999584,0.25,0,22.0,84.00000000000057
J000589,2023-02-03/PANJ,PANJ,AMR_40,G21_12,WS_30_20,"[""110525"", ""112283""]",3,4476.100000007518,4689.2000000082935,4638.450000008109,4476.100000007518,4553.900000007801,4557.950000007816,4628.350000008072,4628.400000008072,4638.400000008109,4638.450000008109,4685.150000008279,4689.2000000082935,18.100000000000122,139.6499999999975,21.000000000000163,0,34.1000000000002,0.25,0,72.00000000000114,88.00000000000045
J000590,2023-02-03/KKCH,KKCH,AMR_08,G3_9,WS_8_20,"[""110518""]",1,4478.250000007526,4764.900000008569,4695.650000008317,4478.250000007526,4572.300000007868,4576.350000007883,4685.55000000828,4685.60000000828,4695.600000008317,4695.650000008317,4760.850000008554,4764.900000008569,18.100000000000122,162.65000000000273,24.90000000000022,0,80.74999999999756,0.25,0,74.00000000000149,96.00000000000092
J000591,2023-02-03/BKAG,BKAG,AMR_22,G18_13,WS_13_20,"[""111372""]",1,4490.000000007569,4722.150000008413,4654.950000008169,4490.000000007569,4551.500000007793,4555.550000007807,4644.850000008132,4644.900000008132,4654.900000008169,4654.950000008169,4718.100000008399,4722.150000008413,18.100000000000122,89.14999999999708,17.20000000000011,0,107.44999999999604,0.25,0,18.0,60.00000000000024
J000592,2023-02-03/BURM,BURM,AMR_36,G17_9,WS_25_20,"[""110483""]",1,4493.550000007582,4823.9000000087835,4675.300000008243,4493.550000007582,4566.700000007848,4570.750000007863,4665.200000008206,4665.250000008206,4675.250000008243,4675.300000008243,4819.850000008769,4823.9000000087835,18.100000000000122,158.85000000000187,20.05000000000015,0,133.09999999999602,0.25,0,52.00000000000058,120.00000000000131
J000593,2023-02-03/JETG,JETG,AMR_17,G15_15,WS_19_20,"[""101290"", ""110225"", ""110604"", ""111276"", ""112034"", ""123094"", ""124211"", ""124702"", ""132437"", ""134029""]",12,4515.550000007662,4713.00000000838,4675.900000008245,4515.550000007662,4561.70000000783,4565.750000007844,4665.800000008208,4665.850000008209,4675.850000008245,4675.900000008245,4708.950000008365,4713.00000000838,18.100000000000122,90.69999999999699,17.25000000000011,0,71.1499999999981,0.25,0,38.0,52.00000000000003
J000594,2023-02-03/JETG,JETG,AMR_01,G14_15,WS_19_20,"[""107120"", ""110166"", ""110231"", ""110233"", ""110592"", ""111249"", ""112056"", ""112288"", ""124704"", ""133300""]",14,4542.400000007759,5412.050000010923,5265.60000001039,4542.400000007759,4718.4500000084,4722.500000008415,5255.500000010354,5255.550000010354,5265.55000001039,5265.60000001039,5408.0000000109085,5412.050000010923,18.100000000000122,227.80000000001755,45.04999999999958,0,578.4500000000216,0.25,0,56.00000000000013,155.99999999999972
J000595,2023-02-03/JETG,JETG,AMR_05,G17_13,WS_19_20,"[""101076"", ""101080"", ""107317"", ""110186"", ""110189"", ""110362"", ""110512"", ""112284"", ""112326""]",11,4545.700000007771,5088.450000009746,5008.6000000094555,4545.700000007771,4791.800000008667,4795.8500000086815,4998.500000009419,4998.550000009419,5008.550000009455,5008.6000000094555,5084.400000009731,5088.450000009746,18.100000000000122,184.9500000000078,34.550000000000175,0,304.90000000003505,0.25,0,98.00000000000037,64.00000000000021
J000596,2023-02-03/KJRH,KJRH,AMR_21,G5_15,WS_2_20,"[""149346""]",1,4549.250000007784,5053.95000000962,4994.300000009403,4549.250000007784,4932.400000009178,4936.450000009193,4984.200000009367,4984.250000009367,4994.250000009403,4994.300000009403,5049.900000009606,5053.95000000962,18.100000000000122,144.14999999999853,37.45000000000001,0,304.750000000035,0.25,0,94.00000000000064,35.999999999999986
J000597,2023-02-03/JETG,JETG,AMR_07,G5_7,WS_19_20,"[""101330"", ""110148"", ""110221"", ""110299"", ""110475"", ""111212"", ""120450"", ""123310"", ""125413""]",11,4549.300000007785,4808.200000008726,4692.900000008307,4549.300000007785,4594.400000007949,4598.450000007963,4682.80000000827,4682.85000000827,4692.850000008307,4692.900000008307,4804.150000008712,4808.200000008726,18.100000000000122,160.90000000000234,19.100000000000136,0,60.5499999999987,0.25,0,46.0000000000004,140.00000000000117
J000598,2023-02-03/PANJ,PANJ,AMR_12,G21_14,WS_30_20,"[""111241"", ""112009"", ""115794""]",3,4550.70000000779,4691.200000008301,4621.400000008047,4550.70000000779,4550.70000000779,4554.750000007804,4611.30000000801,4611.35000000801,4621.350000008047,4621.400000008047,4687.150000008286,4691.200000008301,18.100000000000122,67.5999999999983,11.450000000000028,0,43.149999999999686,0.2,0,0.0,68.00000000000014
J000599,2023-02-03/KKCH,KKCH,AMR_14,G3_10,WS_8_20,"[""107290""]",1,4557.150000007813,4682.900000008271,4630.300000008079,4557.150000007813,4575.45000000788,4579.500000007894,4620.2000000080425,4620.250000008043,4630.250000008079,4630.300000008079,4678.850000008256,4682.900000008271,18.100000000000122,81.7499999999975,13.350000000000055,0,12.30000000000004,0.25,0,10.0,76.00000000000068
J000600,2023-02-03/KJRH,KJRH,AMR_27,G5_8,WS_2_20,"[""112444""]",1,4565.950000007845,4686.300000008283,4639.050000008111,4565.950000007845,4595.000000007951,4599.0500000079655,4628.950000008074,4629.0000000080745,4639.000000008111,4639.050000008111,4682.250000008268,4686.300000008283,18.100000000000122,79.79999999999761,13.400000000000055,0,8.79999999999999,0.25,0,21.999999999999957,64.00000000000053
J000601,2023-02-03/KKCH,KKCH,AMR_35,G14_9,WS_8_20,"[""110590""]",1,4579.100000007893,4759.70000000855,4711.600000008375,4579.100000007893,4611.450000008011,4615.500000008025,4701.500000008338,4701.550000008338,4711.550000008375,4711.600000008375,4755.650000008535,4759.70000000855,18.100000000000122,88.8499999999971,13.400000000000055,0,59.99999999999873,0.25,0,12.0,76.00000000000088
J000602,2023-02-03/BKAG,BKAG,AMR_19,G18_10,WS_13_20,"[""110492""]",1,4580.050000007896,5110.750000009827,4916.750000009121,4580.050000007896,4677.400000008251,4681.450000008265,4906.650000009085,4906.700000009085,4916.700000009121,4916.750000009121,5106.700000009812,5110.750000009827,18.100000000000122,123.64999999999512,24.000000000000206,0,364.70000000004865,0.25,0,22.0,84.00000000000006
J000603,2023-02-03/BURM,BURM,AMR_11,G20_15,WS_25_20,"[""110296""]",2,4599.500000007967,4937.750000009198,4907.400000009087,4599.500000007967,4820.700000008772,4824.750000008787,4897.300000009051,4897.350000009051,4907.350000009087,4907.400000009087,4933.700000009183,4937.750000009198,18.100000000000122,157.7000000000016,26.800000000000246,0,135.39999999999654,0.25,0,102.00000000000131,48.00000000000003
J000604,2023-02-03/JETG,JETG,AMR_09,G14_13,WS_19_20,"[""107130"", ""110254"", ""110274"", ""110385"", ""110417"", ""110418"", ""111228""]",9,4602.500000007978,5093.750000009765,4821.050000008773,4602.500000007978,4655.750000008172,4659.8000000081865,4810.950000008736,4811.000000008737,4821.000000008773,4821.050000008773,5089.7000000097505,5093.750000009765,18.100000000000122,131.7499999999957,25.900000000000233,0,315.2500000000374,0.25,0,18.0,100.00000000000009
J000605,2023-02-03/PANJ,PANJ,AMR_04,G3_15,WS_30_20,"[""101024"", ""110222"", ""110615"", ""112231""]",6,4606.250000007992,5044.500000009586,4760.000000008551,4606.250000007992,4648.200000008144,4652.250000008159,4749.900000008514,4749.9500000085145,4759.950000008551,4760.000000008551,5040.450000009571,5044.500000009586,18.100000000000122,187.00000000000827,21.950000000000177,0,210.95000000001372,0.25,0,34.00000000000003,171.99999999999693
J000606,2023-02-03/KKCH,KKCH,AMR_20,G8_14,WS_8_20,"[""112275""]",1,4608.250000007999,4696.9000000083215,4663.5500000082,4608.250000007999,4608.250000007999,4612.300000008014,4653.450000008163,4653.500000008164,4663.5000000082,4663.5500000082,4692.850000008307,4696.9000000083215,18.100000000000122,47.94999999999941,9.55,0,12.850000000000048,0.2,0,0.0,44.00000000000004
J000607,2023-02-03/PANJ,PANJ,AMR_15,G15_14,WS_30_20,"[""101296"", ""110502"", ""112010""]",4,4611.900000008012,5448.050000011054,5306.60000001054,4611.900000008012,5096.950000009777,5101.000000009792,5296.500000010503,5296.550000010503,5306.550000010539,5306.60000001054,5444.000000011039,5448.050000011054,18.100000000000122,319.40000000003835,52.94999999999913,0,445.450000000067,0.25,0,241.99999999999403,100.00000000000006
J000608,2023-02-03/BKAG,BKAG,AMR_37,G6_13,WS_13_20,"[""101017""]",1,4622.100000008049,4753.900000008529,4718.5000000084,4622.100000008049,4622.100000008049,4626.150000008064,4708.400000008363,4708.4500000083635,4718.4500000084,4718.5000000084,4749.850000008514,4753.900000008529,18.100000000000122,66.74999999999835,9.55,0,37.200000000000024,0.2,0,0.0,64.00000000000058
J000609,2023-02-03/PANJ,PANJ,AMR_34,G18_9,WS_30_20,"[""110289"", ""110479"", ""111295""]",3,4630.000000008078,4806.650000008721,4742.850000008489,4630.000000008078,4673.700000008237,4677.750000008252,4732.750000008452,4732.800000008452,4742.8000000084885,4742.850000008489,4802.600000008706,4806.650000008721,18.100000000000122,120.3999999999953,17.15000000000011,0,20.75000000000016,0.25,0,30.0,100.00000000000045
J000610,2023-02-03/KJRH,KJRH,AMR_13,G11_10,WS_2_20,"[""101022""]",2,4646.000000008136,4838.400000008836,4761.550000008557,4646.000000008136,4649.250000008148,4653.300000008163,4751.45000000852,4751.50000000852,4761.5000000085565,4761.550000008557,4834.350000008822,4838.400000008836,18.100000000000122,78.89999999999766,7.599999999999981,0,87.54999999999717,0.25,0,2.0,80.00000000000085
J000611,2023-02-03/BURM,BURM,AMR_16,G20_7,WS_25_20,"[""125701""]",2,4651.100000008155,4936.650000009194,4875.25000000897,4651.100000008155,4762.650000008561,4766.700000008575,4865.150000008934,4865.200000008934,4875.20000000897,4875.25000000897,4932.600000009179,4936.650000009194,18.100000000000122,168.75000000000412,26.800000000000246,0,71.64999999999807,0.25,0,58.000000000000604,124.00000000000125
J000612,2023-02-03/KKCH,KKCH,AMR_18,G15_10,WS_8_20,"[""112331""]",2,4654.050000008166,4849.800000008878,4790.3500000086615,4654.050000008166,4654.050000008166,4658.10000000818,4780.250000008625,4780.300000008625,4790.300000008661,4790.3500000086615,4845.750000008863,4849.800000008878,18.100000000000122,69.79999999999818,9.55,0,98.09999999999657,0.2,0,0.0,76.00000000000074
J000613,2023-02-03/BKAG,BKAG,AMR_10,G23_14,WS_13_20,"[""113227""]",1,4656.400000008174,5462.7000000111075,5039.900000009569,4656.400000008174,4757.05000000854,4761.100000008555,5029.800000009533,5029.850000009533,5039.850000009569,5039.900000009569,5458.650000011093,5462.7000000111075,18.100000000000122,232.80000000001868,40.199999999999854,0,514.9500000000794,0.25,0,100.00000000000185,139.99999999999963
J000614,2023-02-03/PANJ,PANJ,AMR_29,G2_14,WS_30_20,"[""110548"", ""111328"", ""124994""]",3,4661.750000008194,5246.700000010322,4909.600000009095,4661.750000008194,4738.500000008473,4742.550000008488,4899.500000009059,4899.550000009059,4909.550000009095,4909.600000009095,5242.650000010307,5246.700000010322,18.100000000000122,285.90000000003073,36.300000000000075,0,244.40000000002132,0.25,0,76.00000000000166,239.99999999999335
J000615,2023-02-03/KJRH,KJRH,AMR_03,G15_13,WS_2_20,"[""112045""]",1,4679.90000000826,5112.450000009833,4960.35000000928,4679.90000000826,4785.300000008643,4789.350000008658,4950.250000009243,4950.300000009243,4960.30000000928,4960.35000000928,5108.4000000098185,5112.450000009833,18.100000000000122,135.09999999999647,21.100000000000165,0,258.0000000000244,0.25,0,30.0,108.0000000000015
J000616,2023-02-03/BURM,BURM,AMR_14,G17_8,WS_25_20,"[""101061""]",1,4682.950000008271,5167.450000010033,5068.150000009672,4682.950000008271,4940.700000009208,4944.750000009223,5058.050000009635,5058.100000009636,5068.100000009672,5068.150000009672,5163.400000010019,5167.450000010033,18.100000000000122,320.0000000000385,46.99999999999947,0,99.14999999999651,0.25,0,203.9999999999961,167.99999999999866
J000617,2023-02-03/KKCH,KKCH,AMR_31,G15_9,WS_8_20,"[""110520"", ""112036""]",2,4684.150000008275,5105.250000009807,4893.1500000090355,4684.150000008275,4731.650000008448,4735.700000008463,4883.050000008999,4883.100000008999,4893.100000009035,4893.1500000090355,5101.200000009792,5105.250000009807,18.100000000000122,180.00000000000668,24.90000000000022,0,197.85000000001074,0.25,0,32.0,156.00000000000188
J000618,2023-02-03/JETG,JETG,AMR_27,G18_14,WS_19_20,"[""101295"", ""101332"", ""110224"", ""110306"", ""110522"", ""112059"", ""112374"", ""112394""]",9,4686.350000008283,4915.450000009117,4803.850000008711,4686.350000008283,4760.800000008554,4764.850000008569,4793.750000008674,4793.800000008674,4803.80000000871,4803.850000008711,4911.400000009102,4915.450000009117,18.100000000000122,103.89999999999624,17.25000000000011,0,89.59999999999705,0.25,0,74.00000000000142,40.00000000000007
J000619,2023-02-03/BKAG,BKAG,AMR_40,G21_12,WS_13_20,"[""101027""]",1,4689.250000008294,5164.100000010021,4899.450000009058,4689.250000008294,4689.250000008294,4693.300000008308,4889.350000009022,4889.400000009022,4899.400000009058,4899.450000009058,5160.050000010006,5164.100000010021,18.100000000000122,114.84999999999562,16.200000000000095,0,325.50000000003973,0.2,0,0.0,112.00000000000023
J000620,2023-02-03/KJRH,KJRH,AMR_12,G12_9,WS_2_20,"[""101183""]",1,4691.250000008301,5457.050000011087,5342.950000010672,4691.250000008301,5278.300000010437,5282.350000010451,5332.850000010635,5332.900000010635,5342.900000010672,5342.950000010672,5453.000000011072,5457.050000011087,18.100000000000122,329.90000000004073,61.39999999999865,0,356.1500000000467,0.25,0,219.9999999999955,128.00000000000247
J000621,2023-02-03/KKCH,KKCH,AMR_20,G15_8,WS_8_20,"[""126834""]",1,4696.950000008322,4914.000000009111,4829.100000008802,4696.950000008322,4741.300000008483,4745.350000008498,4819.000000008766,4819.050000008766,4829.050000008802,4829.100000008802,4909.950000009097,4914.000000009111,18.100000000000122,128.599999999995,15.300000000000082,0,54.799999999999024,0.25,0,34.0,112.00000000000176
J000622,2023-02-03/BURM,BURM,AMR_02,G17_6,WS_25_20,"[""138499""]",1,4700.800000008336,4967.000000009304,4891.450000009029,4700.800000008336,4783.300000008636,4787.350000008651,4881.3500000089925,4881.400000008993,4891.400000009029,4891.450000009029,4962.950000009289,4967.000000009304,18.100000000000122,141.849999999998,23.000000000000192,0,82.99999999999743,0.25,0,26.00000000000003,132.00000000000134
J000623,2023-02-03/JETG,JETG,AMR_30,G17_15,WS_19_20,"[""107280"", ""110283"", ""110555"", ""112279"", ""112334""]",6,4706.600000008357,5099.0500000097845,5051.15000000961,4706.600000008357,4917.950000009126,4922.00000000914,5041.0500000095735,5041.100000009574,5051.10000000961,5051.15000000961,5095.00000000977,5099.0500000097845,18.100000000000122,151.65000000000023,32.600000000000286,0,189.85000000000892,0.25,0,80.00000000000091,56.00000000000003
J000624,2023-02-03/KKCH,KKCH,AMR_17,G21_15,WS_8_20,"[""135012""]",2,4713.05000000838,5243.800000010311,5074.050000009694,4713.05000000838,4864.950000008933,4869.000000008948,5063.950000009657,5064.000000009657,5074.000000009693,5074.050000009694,5239.750000010296,5243.800000010311,18.100000000000122,143.29999999999833,17.15000000000011,0,351.95000000004575,0.25,0,32.0,104.0000000000008
J000625,2023-02-03/BKAG,BKAG,AMR_06,G3_13,WS_13_20,"[""110494""]",1,4719.800000008405,4878.800000008983,4839.50000000884,4719.800000008405,4760.100000008551,4764.150000008566,4829.4000000088035,4829.450000008804,4839.45000000884,4839.50000000884,4874.7500000089685,4878.800000008983,18.100000000000122,98.34999999999656,14.350000000000069,0,27.950000000000262,0.25,0,30.000000000000025,76.0000000000009
J000626,2023-02-03/KKCH,KKCH,AMR_22,G14_7,WS_8_20,"[""134669""]",1,4722.200000008414,5147.650000009961,5090.000000009752,4722.200000008414,5007.550000009452,5011.600000009466,5079.900000009715,5079.950000009715,5089.950000009751,5090.000000009752,5143.600000009947,5147.650000009961,18.100000000000122,180.70000000000684,30.6000000000003,0,195.80000000001027,0.25,0,100.00000000000168,84.00000000000094
J000627,2023-02-03/BKAG,BKAG,AMR_26,G21_10,WS_13_20,"[""110307""]",1,4724.750000008423,5300.2500000105165,5059.25000000964,4724.750000008423,4778.8000000086195,4782.850000008634,5049.150000009603,5049.200000009603,5059.20000000964,5059.25000000964,5296.200000010502,5300.2500000105165,18.100000000000122,121.69999999999523,17.15000000000011,0,418.30000000006083,0.25,0,10.0,100.00000000000054
J000628,2023-02-03/BURM,BURM,AMR_23,G23_13,WS_25_20,"[""111371""]",1,4735.700000008463,4829.4000000088035,4799.1500000086935,4735.700000008463,4735.700000008463,4739.750000008477,4789.050000008657,4789.100000008657,4799.100000008693,4799.1500000086935,4825.350000008789,4829.4000000088035,18.100000000000122,49.699999999999314,9.55,0,16.150000000000095,0.2,0,0.0,52.00000000000021
J000629,2023-02-03/PANJ,PANJ,AMR_37,G18_15,WS_30_20,"[""110252"", ""110433""]",2,4753.950000008529,5209.0000000101845,5049.950000009606,4753.950000008529,4903.850000009074,4907.900000009089,5039.850000009569,5039.900000009569,5049.900000009606,5049.950000009606,5204.95000001017,5209.0000000101845,18.100000000000122,156.70000000000138,20.950000000000163,0,259.0500000000246,0.25,0,56.00000000000027,104.00000000000031
J000630,2023-02-03/KJRH,KJRH,AMR_32,G2_13,WS_2_20,"[""126347""]",1,4755.200000008534,4824.000000008784,4800.8000000086995,4755.200000008534,4755.200000008534,4759.250000008548,4790.700000008663,4790.750000008663,4800.750000008699,4800.8000000086995,4819.950000008769,4824.000000008784,18.100000000000122,41.1499999999998,7.649999999999981,0,1.7000000000000008,0.2,0,0.0,44.000000000000156
J000631,2023-02-03/JETG,JETG,AMR_35,G14_12,WS_19_20,"[""107312"", ""107328"", ""110390"", ""110419"", ""110450"", ""124210""]",7,4759.75000000855,5039.250000009567,4871.900000008958,4759.75000000855,4776.0500000086095,4780.100000008624,4861.800000008921,4861.850000008922,4871.850000008958,4871.900000008958,5035.200000009552,5039.250000009567,18.100000000000122,87.79999999999715,14.300000000000068,0,159.05000000000192,0.25,0,10.0,68.00000000000028
J000632,2023-02-03/PANJ,PANJ,AMR_08,G15_15,WS_30_20,"[""123094"", ""124702""]",2,4764.950000008569,5358.90000001073,5149.400000009968,4764.950000008569,4826.250000008792,4830.300000008807,5139.300000009931,5139.350000009931,5149.3500000099675,5149.400000009968,5354.850000010715,5358.90000001073,18.100000000000122,153.95000000000076,23.950000000000205,0,397.70000000005615,0.25,0,39.99999999999997,111.99999999999994
J000633,2023-02-03/KKCH,KKCH,AMR_25,G21_14,WS_8_20,"[""111241""]",1,4773.700000008601,5288.400000010473,5058.050000009635,4773.700000008601,4860.200000008916,4864.25000000893,5047.950000009599,5048.000000009599,5058.000000009635,5058.050000009635,5284.350000010459,5288.400000010473,18.100000000000122,165.95000000000348,25.75000000000023,0,304.650000000035,0.25,0,52.00000000000031,120.00000000000085
J000634,2023-02-03/PANJ,PANJ,AMR_39,G21_13,WS_30_20,"[""107207"", ""120049""]",2,4780.300000008625,4912.900000009107,4875.600000008972,4780.300000008625,4817.45000000876,4821.500000008775,4865.500000008935,4865.550000008935,4875.550000008971,4875.600000008972,4908.850000009093,4912.900000009107,18.100000000000122,82.29999999999747,13.350000000000055,0,18.60000000000013,0.25,0,18.0,72.00000000000023
J000635,2023-02-03/KJRH,KJRH,AMR_24,G9_15,WS_2_20,"[""101182""]",1,4782.300000008632,4929.850000009169,4890.800000009027,4782.300000008632,4831.750000008812,4835.800000008827,4880.70000000899,4880.75000000899,4890.750000009027,4890.800000009027,4925.800000009154,4929.850000009169,18.100000000000122,75.19999999999787,13.350000000000055,0,40.64999999999983,0.25,0,24.0,52.000000000000426
J000636,2023-02-03/BURM,BURM,AMR_34,G18_13,WS_25_20,"[""110597""]",1,4806.700000008721,5054.550000009623,4923.350000009145,4806.700000008721,4828.100000008799,4832.150000008814,4913.250000009109,4913.300000009109,4923.300000009145,4923.350000009145,5050.500000009608,5054.550000009623,18.100000000000122,101.29999999999639,17.20000000000011,0,110.99999999999584,0.25,0,12.0,84.00000000000037
J000637,2023-02-03/KJRH,KJRH,AMR_07,G12_8,WS_2_20,"[""111273""]",1,4808.250000008727,5074.550000009695,4977.250000009341,4808.250000008727,4866.85000000894,4870.9000000089545,4967.150000009305,4967.200000009305,4977.200000009341,4977.250000009341,5070.500000009681,5074.550000009695,18.100000000000122,143.9999999999985,19.150000000000137,0,84.79999999999733,0.25,0,40.0000000000002,124.0000000000025
J000638,2023-02-03/JETG,JETG,AMR_36,G17_10,WS_19_20,"[""101318"", ""110154"", ""110182"", ""110575"", ""111220"", ""111362"", ""121904"", ""131216""]",10,4823.950000008784,5090.350000009753,4991.550000009393,4823.950000008784,4827.850000008798,4831.900000008813,4981.450000009357,4981.500000009357,4991.500000009393,4991.550000009393,5086.300000009738,5090.350000009753,18.100000000000122,73.29999999999798,9.5,0,165.25000000000333,0.25,0,2.0,60.000000000000156
J000639,2023-02-03/BKAG,BKAG,AMR_32,G17_12,WS_13_20,"[""107250""]",1,4824.050000008784,5163.250000010018,4965.350000009298,4824.050000008784,4908.450000009091,4912.500000009106,4955.250000009261,4955.300000009262,4965.300000009298,4965.350000009298,5159.200000010003,5163.250000010018,18.100000000000122,140.4499999999977,25.80000000000023,0,154.6000000000009,0.25,0,64.00000000000074,72.00000000000034
J000640,2023-02-03/KKCH,KKCH,AMR_28,G17_9,WS_8_20,"[""110293""]",1,4828.050000008799,5027.3000000095235,4974.10000000933,4828.050000008799,4848.300000008872,4852.350000008887,4964.000000009293,4964.050000009293,4974.05000000933,4974.10000000933,5023.250000009509,5027.3000000095235,18.100000000000122,95.39999999999672,15.300000000000082,0,70.19999999999816,0.25,0,10.0,88.00000000000108
J000641,2023-02-03/PANJ,PANJ,AMR_23,G23_13,WS_30_20,"[""101179"", ""121567""]",2,4829.450000008804,4934.450000009186,4892.300000009032,4829.450000008804,4829.450000008804,4833.5000000088185,4882.200000008996,4882.250000008996,4892.250000009032,4892.300000009032,4930.400000009171,4934.450000009186,18.100000000000122,68.99999999999822,9.55,0,8.14999999999998,0.2,0,0.0,72.00000000000023
J000642,2023-02-03/BURM,BURM,AMR_38,G18_9,WS_25_20,"[""110479""]",1,4837.500000008833,5035.050000009552,4988.050000009381,4837.500000008833,4923.100000009144,4927.150000009159,4977.950000009344,4978.000000009344,4988.0000000093805,4988.050000009381,5031.000000009537,5035.050000009552,18.100000000000122,141.799999999998,22.000000000000178,0,15.400000000000084,0.25,0,76.00000000000122,84.00000000000043
J000643,2023-02-03/KJRH,KJRH,AMR_13,G17_14,WS_2_20,"[""110380""]",1,4838.4500000088365,5115.750000009845,5024.750000009514,4838.4500000088365,4911.450000009102,4915.500000009117,5014.6500000094775,5014.700000009478,5024.700000009514,5024.750000009514,5111.700000009831,5115.750000009845,18.100000000000122,129.9499999999953,17.20000000000011,0,111.79999999999579,0.25,0,32.0,100.00000000000102
J000644,2023-02-03/JETG,JETG,AMR_18,G15_10,WS_19_20,"[""101117"", ""110179"", ""110452"", ""112017"", ""112331"", ""123788""]",7,4849.850000008878,5268.050000010399,5068.000000009672,4849.850000008878,4849.850000008878,4853.900000008893,5057.900000009635,5057.950000009635,5067.950000009671,5068.000000009672,5264.000000010385,5268.050000010399,18.100000000000122,99.14999999999651,15.300000000000082,0,285.4500000000306,0.2,0,0.0,92.00000000000045
J000645,2023-02-03/BKAG,BKAG,AMR_06,G14_10,WS_13_20,"[""107293""]",1,4878.850000008983,5112.350000009833,5021.8000000095035,4878.850000008983,4909.350000009094,4913.400000009109,5011.700000009467,5011.750000009467,5021.750000009503,5021.8000000095035,5108.300000009818,5112.350000009833,18.100000000000122,93.89999999999681,17.15000000000011,0,104.09999999999623,0.25,0,28.0,60.00000000000013
J000646,2023-02-03/PANJ,PANJ,AMR_39,G15_12,WS_30_20,"[""110540"", ""124478""]",2,4912.9500000091075,5252.900000010344,5132.500000009906,4912.9500000091075,4941.650000009212,4945.700000009227,5122.4000000098695,5122.45000000987,5132.450000009906,5132.500000009906,5248.8500000103295,5252.900000010344,18.100000000000122,129.34999999999516,18.150000000000123,0,174.10000000000534,0.25,0,22.0,120.00000000000054
J000647,2023-02-03/BURM,BURM,AMR_20,G14_9,WS_25_20,"[""107256""]",1,4914.0500000091115,5233.700000010274,5108.75000000982,4914.0500000091115,5023.000000009508,5027.050000009523,5098.650000009783,5098.700000009783,5108.70000000982,5108.75000000982,5229.65000001026,5233.700000010274,18.100000000000122,190.05000000000896,28.700000000000273,0,82.54999999999745,0.25,0,92.00000000000148,112.00000000000071
J000648,2023-02-03/KKCH,KKCH,AMR_27,G20_12,WS_8_20,"[""111387""]",1,4915.500000009117,5455.500000011081,5346.500000010685,4915.500000009117,4977.600000009343,4981.650000009357,5336.400000010648,5336.450000010648,5346.450000010685,5346.500000010685,5451.450000011067,5455.500000011081,18.100000000000122,104.29999999999622,17.25000000000011,0,400.1000000000567,0.25,0,8.0,92.00000000000074
J000649,2023-02-03/BURM,BURM,AMR_24,G14_8,WS_25_20,"[""110267""]",1,4929.900000009169,5139.700000009932,5052.750000009616,4929.900000009169,4981.000000009355,4985.05000000937,5042.650000009579,5042.7000000095795,5052.700000009616,5052.750000009616,5135.650000009918,5139.700000009932,18.100000000000122,125.14999999999503,20.10000000000015,0,46.19999999999951,0.25,0,28.0,108.00000000000117
J000650,2023-02-03/BKAG,BKAG,AMR_23,G3_12,WS_13_20,"[""111207""]",2,4934.500000009186,5660.650000011828,5620.250000011681,4934.500000009186,5035.350000009553,5039.4000000095675,5610.150000011644,5610.200000011644,5620.2000000116805,5620.250000011681,5656.600000011813,5660.650000011828,18.100000000000122,271.7000000000275,36.35000000000007,0,399.7500000000566,0.25,0,86.0000000000015,199.9999999999955
J000651,2023-02-03/PANJ,PANJ,AMR_16,G9_15,WS_30_20,"[""101182"", ""134916""]",2,4936.700000009194,5463.950000011112,5329.300000010622,4936.700000009194,5147.000000009959,5151.050000009974,5319.200000010585,5319.250000010586,5329.250000010622,5329.300000010622,5459.900000011097,5463.950000011112,18.100000000000122,182.90000000000734,23.900000000000205,0,302.1000000000344,0.25,0,82.00000000000045,112.00000000000055
J000652,2023-02-03/BURM,BURM,AMR_11,G12_10,WS_25_20,"[""134683""]",1,4937.800000009198,5529.700000011351,5393.850000010857,4937.800000009198,5054.450000009622,5058.500000009637,5383.75000001082,5383.80000001082,5393.800000010857,5393.850000010857,5525.6500000113365,5529.700000011351,18.100000000000122,271.6000000000275,38.249999999999964,0,263.7000000000257,0.25,0,38.00000000000006,247.9999999999921
J000653,2023-02-03/KJRH,KJRH,AMR_02,G12_7,WS_2_20,"[""110212""]",1,4967.050000009304,5136.20000000992,5080.3500000097165,4967.050000009304,4997.500000009415,5001.55000000943,5070.25000000968,5070.30000000968,5080.300000009716,5080.3500000097165,5132.150000009905,5136.20000000992,18.100000000000122,117.84999999999545,17.20000000000011,0,15.750000000000089,0.25,0,24.00000000000002,104.00000000000139
J000654,2023-02-03/KJRH,KJRH,AMR_28,G15_8,WS_2_20,"[""110382""]",1,5027.350000009524,5548.050000011418,5134.550000009914,5027.350000009524,5040.400000009571,5044.450000009586,5124.450000009877,5124.500000009877,5134.5000000099135,5134.550000009914,5544.000000011403,5548.050000011418,18.100000000000122,155.25000000000105,21.050000000000164,0,326.05000000003986,0.25,0,6.0,156.0000000000012
J000655,2023-02-03/JETG,JETG,AMR_38,G11_10,WS_19_20,"[""101022"", ""101147"", ""101305"", ""110347"", ""110468"", ""110526""]",6,5035.100000009552,5414.500000010932,5202.9500000101625,5035.100000009552,5081.35000000972,5085.400000009735,5192.850000010126,5192.900000010126,5202.900000010162,5202.9500000101625,5410.450000010917,5414.500000010932,18.100000000000122,122.04999999999521,15.250000000000082,0,223.75000000001663,0.25,0,48.00000000000047,84.00000000000077
J000656,2023-02-03/BKAG,BKAG,AMR_35,G20_9,WS_13_20,"[""101299""]",1,5039.300000009567,5303.100000010527,5138.650000009929,5039.300000009567,5081.25000000972,5085.3000000097345,5128.550000009892,5128.600000009892,5138.600000009928,5138.650000009929,5299.050000010512,5303.100000010527,18.100000000000122,115.84999999999556,20.05000000000015,0,109.54999999999592,0.25,0,18.0,100.00000000000085
J000657,2023-02-03/KJRH,KJRH,AMR_04,G3_15,WS_2_20,"[""110561""]",1,5044.550000009586,5121.950000009868,5097.70000000978,5044.550000009586,5044.550000009586,5048.600000009601,5087.600000009743,5087.650000009743,5097.650000009779,5097.70000000978,5117.900000009853,5121.950000009868,18.100000000000122,34.50000000000018,7.649999999999981,0,16.950000000000106,0.2,0,0.0,31.99999999999998
J000658,2023-02-03/BURM,BURM,AMR_21,G15_6,WS_25_20,"[""107291""]",1,5054.000000009621,5332.100000010632,5195.350000010135,5054.000000009621,5114.750000009842,5118.800000009856,5185.250000010098,5185.300000010098,5195.300000010135,5195.350000010135,5328.050000010618,5332.100000010632,18.100000000000122,179.75000000000662,21.950000000000177,0,58.04999999999884,0.25,0,70.00000000000122,140.00000000000142
J000659,2023-02-03/JETG,JETG,AMR_34,G18_13,WS_19_20,"[""101146"", ""107034"", ""107224"", ""113162""]",6,5054.600000009623,5218.70000001022,5115.950000009846,5054.600000009623,5054.600000009623,5058.650000009638,5105.850000009809,5105.900000009809,5115.900000009846,5115.950000009846,5214.650000010205,5218.70000001022,18.100000000000122,44.44999999999961,9.55,0,91.79999999999693,0.2,0,0.0,44.00000000000021
J000660,2023-02-03/KKCH,KKCH,AMR_07,G3_6,WS_8_20,"[""110615""]",1,5074.600000009696,5220.450000010226,5179.100000010076,5074.600000009696,5114.650000009841,5118.700000009856,5169.000000010039,5169.050000010039,5179.050000010076,5179.100000010076,5216.400000010211,5220.450000010226,18.100000000000122,106.99999999999606,15.300000000000082,0,5.1999999999999895,0.25,0,38.00000000000013,84.0000000000009
J000661,2023-02-03/BKAG,BKAG,AMR_05,G15_7,WS_13_20,"[""120382""]",1,5088.500000009746,5695.450000011954,5388.050000010836,5088.500000009746,5112.700000009834,5116.750000009849,5377.950000010799,5378.000000010799,5388.000000010836,5388.050000010836,5691.4000000119395,5695.450000011954,18.100000000000122,175.00000000000554,26.850000000000247,0,386.75000000005366,0.25,0,16.0,152.0000000000009
J000662,2023-02-03/KKCH,KKCH,AMR_36,G20_10,WS_8_20,"[""122645""]",1,5090.400000009753,5641.750000011759,5362.250000010742,5090.400000009753,5105.300000009807,5109.350000009822,5352.150000010705,5352.2000000107055,5362.200000010742,5362.250000010742,5637.700000011744,5641.750000011759,18.100000000000122,168.10000000000397,22.80000000000019,0,342.1000000000435,0.25,0,10.0,167.99999999999838
J000663,2023-02-03/KJRH,KJRH,AMR_09,G14_6,WS_2_20,"[""111367""]",1,5093.800000009765,5271.600000010412,5203.850000010166,5093.800000009765,5125.650000009881,5129.700000009896,5193.750000010129,5193.800000010129,5203.800000010166,5203.850000010166,5267.5500000103975,5271.600000010412,18.100000000000122,126.49999999999496,15.300000000000082,0,17.650000000000116,0.25,0,18.0,132.00000000000267
J000664,2023-02-03/BURM,BURM,AMR_30,G17_10,WS_25_20,"[""110575""]",1,5099.100000009785,5600.050000011607,5557.800000011453,5099.100000009785,5488.600000011202,5492.650000011216,5547.700000011417,5547.750000011417,5557.750000011453,5557.800000011453,5596.000000011592,5600.050000011607,18.100000000000122,204.80000000001232,38.34999999999996,0,239.4500000000202,0.25,0,138.0000000000021,80.0000000000004
J000665,2023-02-03/JETG,JETG,AMR_31,G14_14,WS_19_20,"[""101095"", ""107459"", ""112066"", ""112086""]",6,5105.300000009807,5792.850000012309,5738.450000012111,5105.300000009807,5508.200000011273,5512.250000011288,5728.350000012074,5728.400000012074,5738.4000000121105,5738.450000012111,5788.800000012294,5792.850000012309,18.100000000000122,199.15000000001103,36.55000000000006,0,433.5000000000643,0.25,0,116.00000000000153,72.00000000000017
J000666,2023-02-03/BKAG,BKAG,AMR_19,G20_8,WS_13_20,"[""131980""]",1,5110.800000009827,5455.15000001108,5351.550000010703,5110.800000009827,5130.050000009897,5134.100000009912,5341.450000010666,5341.500000010667,5351.500000010703,5351.550000010703,5451.100000011065,5455.15000001108,18.100000000000122,106.3999999999961,16.200000000000095,0,203.400000000012,0.25,0,8.0,100.0000000000008
J000667,2023-02-03/KKCH,KKCH,AMR_06,G17_6,WS_8_20,"[""112003""]",1,5112.400000009833,5827.900000012436,5577.100000011524,5112.400000009833,5284.3000000104585,5288.350000010473,5567.000000011487,5567.050000011487,5577.0500000115235,5577.100000011524,5823.850000012421,5827.900000012436,18.100000000000122,227.5500000000175,30.6500000000003,0,438.95000000006553,0.25,0,90.00000000000114,144.00000000000037
J000668,2023-02-03/KJRH,KJRH,AMR_03,G20_13,WS_2_20,"[""101122""]",1,5112.5000000098335,5749.450000012151,5521.20000001132,5112.5000000098335,5333.400000010637,5337.450000010652,5511.100000011284,5511.150000011284,5521.15000001132,5521.20000001132,5745.400000012136,5749.450000012151,18.100000000000122,152.20000000000036,19.150000000000137,0,447.2500000000674,0.25,0,22.0,128.00000000000156
J000669,2023-02-03/BURM,BURM,AMR_13,G14_13,WS_25_20,"[""110254""]",1,5115.8000000098455,5931.550000012813,5874.350000012605,5115.8000000098455,5742.350000012125,5746.40000001214,5864.250000012568,5864.3000000125685,5874.300000012605,5874.350000012605,5927.500000012798,5931.550000012813,18.100000000000122,237.3000000000197,46.149999999999515,0,513.9500000000803,0.25,0,124.00000000000088,108.0000000000006
J000670,2023-02-03/JETG,JETG,AMR_04,G3_15,WS_19_20,"[""101024"", ""110222"", ""110255"", ""110305"", ""110561"", ""112231""]",8,5122.000000009868,5454.950000011079,5357.850000010726,5122.000000009868,5122.000000009868,5126.050000009883,5347.750000010689,5347.8000000106895,5357.800000010726,5357.850000010726,5450.900000011065,5454.950000011079,18.100000000000122,95.99999999999669,11.450000000000028,0,207.20000000001286,0.2,0,0.0,96.00000000000075
J000671,2023-02-03/PANJ,PANJ,AMR_02,G17_13,WS_30_20,"[""107317"", ""110186""]",2,5136.25000000992,5500.750000011246,5369.200000010767,5136.25000000992,5201.350000010157,5205.400000010171,5359.100000010731,5359.150000010731,5369.150000010767,5369.200000010767,5496.700000011231,5500.750000011246,18.100000000000122,115.99999999999555,15.300000000000082,0,214.8500000000146,0.25,0,22.0,96.00000000000003
J000672,2023-02-03/BKAG,BKAG,AMR_24,G18_7,WS_13_20,"[""110481""]",1,5139.750000009933,5745.700000012137,5530.300000011353,5139.750000009933,5184.2500000100945,5188.300000010109,5520.200000011317,5520.250000011317,5530.250000011353,5530.300000011353,5741.650000012122,5745.700000012137,18.100000000000122,181.20000000000695,24.90000000000022,0,381.50000000005247,0.25,0,46.000000000000334,128.00000000000057
J000673,2023-02-03/KJRH,KJRH,AMR_22,G18_8,WS_2_20,"[""101302""]",1,5147.7000000099615,5549.950000011425,5470.150000011135,5147.7000000099615,5314.200000010567,5318.250000010582,5460.050000011098,5460.100000011098,5470.100000011134,5470.150000011135,5545.90000001141,5549.950000011425,18.100000000000122,226.95000000001735,26.800000000000246,0,130.14999999999534,0.25,0,110.00000000000173,155.99999999999997
J000674,2023-02-03/PANJ,PANJ,AMR_32,G18_10,WS_30_20,"[""107263"", ""112452""]",2,5163.300000010018,5412.100000010923,5268.400000010401,5163.300000010018,5176.250000010065,5180.30000001008,5258.300000010364,5258.350000010364,5268.3500000104,5268.400000010401,5408.050000010909,5412.100000010923,18.100000000000122,113.04999999999572,14.300000000000068,0,103.09999999999629,0.25,0,6.0,124.00000000000128
J000675,2023-02-03/KKCH,KKCH,AMR_40,G21_9,WS_8_20,"[""135013""]",1,5164.150000010021,5362.300000010742,5267.200000010396,5164.150000010021,5185.9000000101005,5189.950000010115,5257.1000000103595,5257.15000001036,5267.150000010396,5267.200000010396,5358.2500000107275,5362.300000010742,18.100000000000122,119.39999999999536,12.400000000000041,0,47.99999999999941,0.25,0,10.0,112.00000000000097
J000676,2023-02-03/BURM,BURM,AMR_14,G9_13,WS_25_20,"[""110497""]",2,5167.500000010034,5551.900000011432,5345.850000010682,5167.500000010034,5235.550000010281,5239.600000010296,5335.750000010646,5335.800000010646,5345.800000010682,5345.850000010682,5547.850000011417,5551.900000011432,18.100000000000122,144.24999999999855,17.25000000000011,0,204.55000000001226,0.25,0,54.00000000000078,100.00000000000054
J000677,2023-02-03/JETG,JETG,AMR_33,G3_14,WS_19_20,"[""101163"", ""107301"", ""110210"", ""110218"", ""115591""]",6,5190.200000010116,5441.850000011032,5340.800000010664,5190.200000010116,5190.200000010116,5194.250000010131,5330.700000010627,5330.750000010627,5340.750000010664,5340.800000010664,5437.800000011017,5441.850000011032,18.100000000000122,91.74999999999693,11.450000000000028,0,130.14999999999534,0.2,0,0.0,96.00000000000084
J000678,2023-02-03/KJRH,KJRH,AMR_37,G17_12,WS_2_20,"[""110284""]",1,5209.050000010185,5734.200000012095,5504.100000011258,5209.050000010185,5251.70000001034,5255.750000010355,5494.000000011221,5494.0500000112215,5504.050000011258,5504.100000011258,5730.15000001208,5734.200000012095,18.100000000000122,132.1999999999958,15.300000000000082,0,359.3000000000474,0.25,0,16.0,116.00000000000125
J000679,2023-02-03/BKAG,BKAG,AMR_34,G14_7,WS_13_20,"[""107377""]",1,5218.75000001022,5723.150000012055,5564.650000011478,5218.75000001022,5354.750000010715,5358.8000000107295,5554.550000011442,5554.600000011442,5564.600000011478,5564.650000011478,5719.10000001204,5723.150000012055,18.100000000000122,194.65000000001,28.750000000000274,0,262.65000000002544,0.25,0,56.00000000000027,144.00000000000068
J000680,2023-02-03/PANJ,PANJ,AMR_07,G17_8,WS_30_20,"[""101221"", ""107131""]",2,5220.500000010226,5541.000000011392,5415.750000010937,5220.500000010226,5272.050000010414,5276.100000010429,5405.6500000109,5405.7000000109,5415.7000000109365,5415.750000010937,5536.950000011378,5541.000000011392,18.100000000000122,179.00000000000645,21.050000000000164,0,102.09999999999634,0.25,0,56.00000000000067,143.99999999999997
J000681,2023-02-03/KKCH,KKCH,AMR_20,G24_14,WS_8_20,"[""110236""]",1,5233.750000010275,6091.300000013394,5939.9000000128435,5233.750000010275,5838.650000012475,5842.70000001249,5929.800000012807,5929.850000012807,5939.850000012843,5939.9000000128435,6087.25000001338,6091.300000013394,18.100000000000122,227.6500000000175,40.199999999999854,0,571.3500000000281,0.25,0,94.00000000000017,116.00000000000077
J000682,2023-02-03/BURM,BURM,AMR_17,G12_7,WS_25_20,"[""110585""]",1,5243.850000010311,5644.000000011767,5489.850000011206,5243.850000010311,5318.100000010581,5322.150000010596,5479.7500000111695,5479.80000001117,5489.800000011206,5489.850000011206,5639.950000011752,5644.000000011767,18.100000000000122,196.00000000001032,21.950000000000177,0,163.850000000003,0.25,0,54.000000000000426,155.99999999999966
J000683,2023-02-03/JETG,JETG,AMR_29,G15_13,WS_19_20,"[""101025"", ""111237"", ""111307"", ""112324"", ""136998""]",7,5246.750000010322,5600.300000011608,5561.350000011466,5246.750000010322,5362.000000010741,5366.050000010756,5551.25000001143,5551.30000001143,5561.300000011466,5561.350000011466,5596.250000011593,5600.300000011608,18.100000000000122,131.14999999999557,21.050000000000164,0,183.00000000000736,0.25,0,64.00000000000041,64.00000000000011
J000684,2023-02-03/KJRH,KJRH,AMR_39,G14_9,WS_2_20,"[""101149""]",1,5252.950000010344,5762.450000012198,5571.300000011503,5252.950000010344,5507.900000011272,5511.950000011287,5561.200000011466,5561.250000011466,5571.250000011502,5571.300000011503,5758.400000012183,5762.450000012198,18.100000000000122,147.0999999999992,22.10000000000018,0,321.9500000000389,0.25,0,52.000000000000455,96.00000000000085
J000685,2023-02-03/KKCH,KKCH,AMR_18,G17_5,WS_8_20,"[""110535""]",1,5268.1000000103995,5498.300000011237,5379.650000010805,5268.1000000103995,5292.5500000104885,5296.600000010503,5369.550000010769,5369.600000010769,5379.600000010805,5379.650000010805,5494.250000011222,5498.300000011237,18.100000000000122,175.60000000000568,21.950000000000177,0,14.300000000000068,0.25,0,14.0,191.99999999999673
J000686,2023-02-03/PANJ,PANJ,AMR_09,G15_9,WS_30_20,"[""110520"", ""112036""]",2,5271.650000010412,5830.000000012444,5604.500000011623,5271.650000010412,5508.900000011276,5512.95000001129,5594.400000011587,5594.450000011587,5604.450000011623,5604.500000011623,5825.950000012429,5830.000000012444,18.100000000000122,200.70000000001139,22.95000000000019,0,316.35000000003765,0.25,0,48.00000000000034,164.00000000000028
J000687,2023-02-03/JETG,JETG,AMR_25,G18_15,WS_19_20,"[""110193"", ""110252"", ""110346"", ""110433""]",7,5288.450000010474,5468.250000011128,5451.450000011067,5288.450000010474,5405.950000010901,5410.000000010916,5441.35000001103,5441.40000001103,5451.400000011066,5451.450000011067,5464.200000011113,5468.250000011128,18.100000000000122,55.499999999998984,12.450000000000042,0,93.49999999999683,0.25,0,20.0,32.0
J000688,2023-02-03/BKAG,BKAG,AMR_26,G12_6,WS_13_20,"[""110478""]",1,5300.300000010517,5603.300000011619,5547.600000011416,5300.300000010517,5389.700000010842,5393.750000010857,5537.50000001138,5537.55000001138,5547.550000011416,5547.600000011416,5599.250000011604,5603.300000011619,18.100000000000122,129.4999999999952,15.250000000000082,0,139.89999999999756,0.25,0,54.00000000000054,72.00000000000051
J000689,2023-02-03/BURM,BURM,AMR_35,G14_6,WS_25_20,"[""111367""]",1,5303.150000010527,5706.300000011994,5473.750000011148,5303.150000010527,5347.000000010687,5351.050000010701,5463.650000011111,5463.700000011111,5473.7000000111475,5473.750000011148,5702.250000011979,5706.300000011994,18.100000000000122,171.2500000000047,24.90000000000022,0,188.65000000000865,0.25,0,34.000000000000014,151.99999999999994
J000690,2023-02-03/PANJ,PANJ,AMR_21,G12_8,WS_30_20,"[""101198"", ""107294""]",2,5332.1500000106325,5862.550000012562,5760.25000001219,5332.1500000106325,5368.000000010763,5372.050000010778,5750.150000012153,5750.200000012153,5760.20000001219,5760.25000001219,5858.500000012547,5862.550000012562,18.100000000000122,144.34999999999857,17.20000000000011,0,350.5000000000454,0.25,0,26.00000000000002,128.00000000000048
J000691,2023-02-03/JETG,JETG,AMR_08,G17_14,WS_19_20,"[""110380"", ""110504"", ""110594"", ""124208""]",8,5358.95000001073,5581.050000011538,5544.300000011404,5358.95000001073,5371.600000010776,5375.650000010791,5534.200000011368,5534.250000011368,5544.250000011404,5544.300000011404,5577.000000011523,5581.050000011538,18.100000000000122,79.9999999999976,16.250000000000096,0,107.49999999999604,0.25,0,6.0,68.00000000000011
J000692,2023-02-03/KKCH,KKCH,AMR_40,G15_6,WS_8_20,"[""107291""]",1,5362.350000010742,6202.550000013799,6089.600000013388,5362.350000010742,5937.850000012836,5941.900000012851,6079.500000013351,6079.550000013352,6089.550000013388,6089.600000013388,6198.500000013784,6202.550000013799,18.100000000000122,355.05000000004645,61.24999999999866,0,405.55000000005793,0.25,0,249.99999999999363,100.00000000000111
J000693,2023-02-03/PANJ,PANJ,AMR_01,G8_14,WS_30_20,"[""112275"", ""135096""]",3,5412.100000010923,5959.500000012915,5892.450000012671,5412.100000010923,5626.850000011705,5630.900000011719,5882.350000012634,5882.400000012634,5892.400000012671,5892.450000012671,5955.4500000129,5959.500000012915,18.100000000000122,251.20000000002287,33.45000000000024,0,244.40000000002132,0.25,0,90.00000000000193,187.99999999999446
J000694,2023-02-03/KKCH,KKCH,AMR_32,G21_10,WS_8_20,"[""111229""]",1,5412.150000010924,5888.550000012657,5789.750000012297,5412.150000010924,5427.050000010978,5431.1000000109925,5779.6500000122605,5779.700000012261,5789.700000012297,5789.750000012297,5884.500000012642,5888.550000012657,18.100000000000122,148.3999999999995,23.900000000000205,0,285.7500000000307,0.25,0,10.0,136.00000000000023
J000695,2023-02-03/KJRH,KJRH,AMR_38,G18_13,WS_2_20,"[""110597""]",1,5414.550000010932,5872.650000012599,5641.000000011756,5414.550000010932,5540.800000011392,5544.850000011406,5630.900000011719,5630.95000001172,5640.950000011756,5641.000000011756,5868.600000012584,5872.650000012599,18.100000000000122,194.35000000000994,22.95000000000019,0,222.45000000001633,0.25,0,116.00000000000219,104.00000000000091
J000696,2023-02-03/PANJ,PANJ,AMR_33,G2_13,WS_30_20,"[""101235"", ""114762""]",3,5441.900000011032,5792.150000012306,5638.9000000117485,5441.900000011032,5469.750000011133,5473.800000011148,5628.800000011712,5628.850000011712,5638.850000011748,5638.9000000117485,5788.100000012291,5792.150000012306,18.100000000000122,164.6500000000032,21.000000000000163,0,146.249999999999,0.25,0,19.999999999999964,159.99999999999778
J000697,2023-02-03/BKAG,BKAG,AMR_15,G3_9,WS_13_20,"[""110574""]",1,5448.100000011054,6052.400000013253,5997.700000013054,5448.100000011054,5707.3500000119975,5711.400000012012,5987.600000013017,5987.650000013017,5997.650000013054,5997.700000013054,6048.350000013238,6052.400000013253,18.100000000000122,215.60000000001477,26.800000000000246,0,343.55000000004384,0.25,0,74.0000000000013,159.99999999999852
J000698,2023-02-03/JETG,JETG,AMR_04,G14_10,WS_19_20,"[""101180"", ""107293"", ""110541"", ""112317""]",6,5455.0000000110795,6052.950000013255,5951.300000012885,5455.0000000110795,5861.100000012557,5865.150000012572,5941.200000012848,5941.250000012848,5951.250000012885,5951.300000012885,6048.90000001324,6052.950000013255,18.100000000000122,200.25000000001128,33.60000000000023,0,345.75000000004434,0.25,0,124.00000000000259,76.00000000000054
J000699,2023-02-03/BURM,BURM,AMR_19,G8_12,WS_25_20,"[""101096""]",1,5455.20000001108,5898.600000012693,5781.500000012267,5455.20000001108,5527.200000011342,5531.250000011357,5771.4000000122305,5771.450000012231,5781.450000012267,5781.500000012267,5894.5500000126785,5898.600000012693,18.100000000000122,152.65000000000046,14.300000000000068,0,258.1000000000244,0.25,0,32.0,116.00000000000037
J000700,2023-02-03/KKCH,KKCH,AMR_27,G26_12,WS_8_20,"[""137575""]",1,5455.5500000110815,5829.750000012443,5555.150000011444,5455.5500000110815,5476.850000011159,5480.900000011174,5545.050000011407,5545.100000011407,5555.100000011444,5555.150000011444,5825.700000012428,5829.750000012443,18.100000000000122,141.29999999999788,17.15000000000011,0,197.40000000001064,0.25,0,16.0,128.00000000000065
J000701,2023-02-03/PANJ,PANJ,AMR_12,G20_15,WS_30_20,"[""110296""]",1,5457.100000011087,5655.450000011809,5621.8500000116865,5457.100000011087,5552.900000011436,5556.95000001145,5611.75000001165,5611.80000001165,5621.800000011686,5621.8500000116865,5651.400000011794,5655.450000011809,18.100000000000122,99.2499999999965,16.250000000000096,0,64.49999999999848,0.25,0,36.0,68.00000000000001
J000702,2023-02-03/JETG,JETG,AMR_10,G20_8,WS_19_20,"[""110130"", ""110242"", ""110377"", ""131980""]",4,5462.750000011108,5632.000000011723,5578.400000011528,5462.750000011108,5503.350000011255,5507.40000001127,5568.300000011492,5568.350000011492,5578.350000011528,5578.400000011528,5627.950000011709,5632.000000011723,18.100000000000122,88.49999999999712,15.300000000000082,0,47.09999999999946,0.25,0,22.0,64.00000000000045
J000703,2023-02-03/KJRH,KJRH,AMR_16,G20_12,WS_2_20,"[""101097""]",1,5464.000000011112,6168.000000013673,6043.550000013221,5464.000000011112,5914.550000012751,5918.600000012766,6033.450000013184,6033.500000013184,6043.50000001322,6043.550000013221,6163.950000013659,6168.000000013673,18.100000000000122,295.3500000000329,42.099999999999746,0,348.2000000000449,0.25,0,203.99999999999437,120.00000000000185
J000704,2023-02-03/BKAG,BKAG,AMR_25,G15_5,WS_13_20,"[""107230""]",1,5468.300000011128,5886.500000012649,5772.000000012233,5468.300000011128,5679.250000011895,5683.30000001191,5761.900000012196,5761.950000012196,5771.9500000122325,5772.000000012233,5882.4500000126345,5886.500000012649,18.100000000000122,170.4500000000045,31.650000000000315,0,197.75000000001071,0.25,0,90.00000000000074,80.00000000000065
J000705,2023-02-03/BURM,BURM,AMR_18,G12_9,WS_25_20,"[""110511""]",1,5498.350000011237,5854.050000012531,5736.350000012103,5498.350000011237,5580.100000011535,5584.150000011549,5726.250000012066,5726.300000012066,5736.300000012103,5736.350000012103,5850.0000000125165,5854.050000012531,18.100000000000122,175.85000000000574,22.95000000000019,0,138.54999999999725,0.25,0,62.000000000000625,128.00000000000128
J000706,2023-02-03/BURM,BURM,AMR_02,G6_13,WS_25_20,"[""112444""]",1,5500.800000011246,6088.400000013384,5976.950000012978,5500.800000011246,5696.800000011959,5700.850000011974,5966.850000012942,5966.900000012942,5976.900000012978,5976.950000012978,6084.350000013369,6088.400000013384,18.100000000000122,259.60000000002475,34.50000000000018,0,275.1500000000283,0.25,0,74.00000000000153,211.99999999999707
J000707,2023-02-03/KJRH,KJRH,AMR_11,G26_15,WS_2_20,"[""111289""]",1,5529.750000011351,5903.400000012711,5782.20000001227,5529.750000011351,5644.600000011769,5648.650000011784,5772.100000012233,5772.150000012233,5782.15000001227,5782.20000001227,5899.350000012696,5903.400000012711,18.100000000000122,206.20000000001264,19.150000000000137,0,129.9499999999953,0.25,0,106.00000000000193,120.0000000000006
J000708,2023-02-03/KJRH,KJRH,AMR_07,G26_14,WS_2_20,"[""107321""]",1,5541.0500000113925,5956.950000012906,5799.500000012333,5541.0500000113925,5649.850000011788,5653.900000011803,5789.400000012296,5789.450000012296,5799.450000012333,5799.500000012333,5952.900000012891,5956.950000012906,18.100000000000122,199.15000000001103,23.000000000000192,0,175.40000000000563,0.25,0,62.00000000000087,143.9999999999997
J000709,2023-02-03/JETG,JETG,AMR_28,G15_14,WS_19_20,"[""101134"", ""101296"", ""110502"", ""110531"", ""112010"", ""123305""]",8,5548.100000011418,6140.500000013573,6077.800000013345,5548.100000011418,5968.050000012946,5972.100000012961,6067.700000013308,6067.750000013309,6077.750000013345,6077.800000013345,6136.450000013559,6140.500000013573,18.100000000000122,218.55000000001544,36.40000000000007,0,319.1000000000383,0.25,0,160.0000000000001,48.000000000000114
J000710,2023-02-03/BKAG,BKAG,AMR_22,G17_5,WS_13_20,"[""115752""]",1,5550.000000011425,6061.600000013286,5977.950000012982,5550.000000011425,5889.40000001266,5893.4500000126745,5967.850000012945,5967.900000012945,5977.900000012982,5977.950000012982,6057.5500000132715,6061.600000013286,18.100000000000122,251.3500000000229,40.24999999999985,0,201.6500000000116,0.25,0,191.9999999999977,80.00000000000074
J000711,2023-02-03/PANJ,PANJ,AMR_14,G9_13,WS_30_20,"[""109969"", ""110497""]",3,5551.950000011432,5927.450000012798,5853.450000012529,5551.950000011432,5551.950000011432,5556.000000011447,5843.350000012492,5843.4000000124925,5853.400000012529,5853.450000012529,5923.4000000127835,5927.450000012798,18.100000000000122,125.99999999999498,13.400000000000055,0,217.80000000001527,0.2,0,0.0,135.99999999999977
J000712,2023-02-03/JETG,JETG,AMR_08,G12_10,WS_19_20,"[""110482"", ""110582"", ""113194"", ""134683""]",5,5581.100000011538,5905.200000012717,5836.900000012469,5581.100000011538,5723.150000012055,5727.20000001207,5826.800000012432,5826.850000012432,5836.850000012469,5836.900000012469,5901.150000012703,5905.200000012717,18.100000000000122,114.59999999999563,23.100000000000193,0,168.05000000000396,0.25,0,30.0,76.00000000000017
J000713,2023-02-03/BURM,BURM,AMR_30,G11_5,WS_25_20,"[""101296""]",1,5600.100000011607,5982.750000012999,5892.550000012671,5600.100000011607,5800.000000012335,5804.050000012349,5882.4500000126345,5882.500000012635,5892.500000012671,5892.550000012671,5978.700000012985,5982.750000012999,18.100000000000122,187.9500000000085,21.950000000000177,0,154.40000000000086,0.25,0,74.00000000000105,132.00000000000125
J000714,2023-02-03/BKAG,BKAG,AMR_29,G3_8,WS_13_20,"[""111258""]",1,5600.350000011608,5939.750000012843,5893.900000012676,5600.350000011608,5796.750000012323,5800.8000000123375,5883.800000012639,5883.85000001264,5893.850000012676,5893.900000012676,5935.700000012828,5939.750000012843,18.100000000000122,155.10000000000102,24.95000000000022,0,140.9999999999978,0.25,0,70.0000000000013,96.0000000000013
J000715,2023-02-03/JETG,JETG,AMR_26,G3_10,WS_19_20,"[""107290"", ""110153"", ""110201"", ""125462""]",4,5603.350000011619,5963.050000012928,5900.250000012699,5603.350000011619,5657.800000011817,5661.850000011832,5890.1500000126625,5890.200000012663,5900.200000012699,5900.250000012699,5959.000000012913,5963.050000012928,18.100000000000122,163.70000000000297,23.900000000000205,0,153.7500000000007,0.25,0,50.0000000000005,128.0000000000016
J000716,2023-02-03/PANJ,PANJ,AMR_10,G17_10,WS_30_20,"[""110575"", ""131216""]",2,5632.050000011724,5811.400000012376,5740.300000012117,5632.050000011724,5655.80000001181,5659.850000011825,5730.200000012081,5730.250000012081,5740.250000012117,5740.300000012117,5807.350000012361,5811.400000012376,18.100000000000122,111.5999999999958,17.20000000000011,0,32.20000000000031,0.25,0,14.0,112.00000000000071
J000717,2023-02-03/PANJ,PANJ,AMR_36,G20_9,WS_30_20,"[""101299""]",1,5641.800000011759,5814.800000012388,5719.700000012042,5641.800000011759,5645.700000011773,5649.750000011788,5709.600000012006,5709.650000012006,5719.650000012042,5719.700000012042,5810.750000012374,5814.800000012388,18.100000000000122,109.24999999999594,17.15000000000011,0,28.250000000000266,0.25,0,2.0,120.00000000000077
J000718,2023-02-03/BURM,BURM,AMR_17,G6_12,WS_25_20,"[""112320""]",1,5644.050000011767,6083.700000013367,5908.350000012729,5644.050000011767,5709.650000012006,5713.700000012021,5898.250000012692,5898.300000012692,5908.300000012729,5908.350000012729,6079.650000013352,6083.700000013367,18.100000000000122,210.95000000001372,26.750000000000245,0,183.6000000000075,0.25,0,26.00000000000003,203.99999999999872
J000719,2023-02-03/JETG,JETG,AMR_12,G18_12,WS_19_20,"[""110165"", ""110194"", ""110353""]",4,5655.500000011809,5757.850000012181,5721.150000012048,5655.500000011809,5670.450000011863,5674.500000011878,5711.050000012011,5711.100000012011,5721.1000000120475,5721.150000012048,5753.8000000121665,5757.850000012181,18.100000000000122,59.94999999999873,12.400000000000041,0,11.65000000000003,0.25,0,10.0,48.00000000000017
J000720,2023-02-03/PANJ,PANJ,AMR_23,G20_8,WS_30_20,"[""131980""]",1,5660.700000011828,5937.000000012833,5875.350000012609,5660.700000011828,5786.400000012285,5790.4500000123,5865.250000012572,5865.300000012572,5875.3000000126085,5875.350000012609,5932.950000012818,5937.000000012833,18.100000000000122,189.3500000000088,24.90000000000022,0,43.699999999999655,0.25,0,90.00000000000148,132.00000000000128
J000721,2023-02-03/KJRH,KJRH,AMR_05,G15_7,WS_2_20,"[""110577""]",1,5695.500000011954,5902.950000012709,5832.800000012454,5695.500000011954,5695.500000011954,5699.550000011969,5822.700000012417,5822.750000012417,5832.750000012454,5832.800000012454,5898.900000012694,5902.950000012709,18.100000000000122,118.34999999999542,13.350000000000055,0,57.44999999999887,0.2,0,0.0,132.00000000000205
J000722,2023-02-03/BKAG,BKAG,AMR_35,G14_6,WS_13_20,"[""110523""]",1,5706.350000011994,5928.3500000128015,5803.900000012349,5706.350000011994,5706.350000011994,5710.400000012009,5793.800000012312,5793.850000012312,5803.850000012349,5803.900000012349,5924.300000012787,5928.3500000128015,18.100000000000122,79.19999999999764,13.350000000000055,0,111.14999999999583,0.2,0,0.0,80.00000000000088
J000723,2023-02-03/JETG,JETG,AMR_34,G14_7,WS_19_20,"[""111285"", ""112053"", ""120779"", ""124826""]",6,5723.200000012055,5905.100000012717,5819.650000012406,5723.200000012055,5723.200000012055,5727.25000001207,5809.550000012369,5809.6000000123695,5819.600000012406,5819.650000012406,5901.050000012702,5905.100000012717,18.100000000000122,93.9999999999968,11.450000000000028,0,58.14999999999883,0.2,0,0.0,92.00000000000065
J000724,2023-02-03/KKCH,KKCH,AMR_37,G17_12,WS_8_20,"[""125639""]",1,5734.250000012095,5902.5000000127075,5849.350000012514,5734.250000012095,5734.250000012095,5738.30000001211,5839.250000012477,5839.3000000124775,5849.300000012514,5849.350000012514,5898.450000012693,5902.5000000127075,18.100000000000122,82.99999999999743,11.450000000000028,0,55.499999999998984,0.2,0,0.0,80.0000000000008
J000725,2023-02-03/PANJ,PANJ,AMR_24,G14_15,WS_30_20,"[""107120""]",1,5745.750000012137,6153.45000001362,6022.250000013143,5745.750000012137,5896.950000012687,5901.000000012702,6012.150000013106,6012.200000013107,6022.200000013143,6022.250000013143,6149.400000013606,6153.45000001362,18.100000000000122,151.4500000000002,18.150000000000123,0,219.75000000001572,0.25,0,68.00000000000011,92.00000000000013
J000726,2023-02-03/BURM,BURM,AMR_03,G5_12,WS_25_20,"[""125180""]",1,5749.500000012151,6345.600000014319,6267.5500000140355,5749.500000012151,6081.650000013359,6085.700000013374,6257.450000013999,6257.500000013999,6267.500000014035,6267.5500000140355,6341.550000014305,6345.600000014319,18.100000000000122,272.6500000000277,32.600000000000286,0,272.5000000000277,0.25,0,159.99999999999852,128.00000000000114
J000727,2023-02-03/JETG,JETG,AMR_12,G15_12,WS_19_20,"[""101028"", ""101135"", ""110143""]",4,5757.900000012181,5991.10000001303,5917.200000012761,5757.900000012181,5830.000000012444,5834.050000012458,5907.100000012724,5907.150000012724,5917.150000012761,5917.200000012761,5987.050000013015,5991.10000001303,18.100000000000122,105.94999999999612,18.150000000000123,0,90.74999999999699,0.25,0,34.0,68.0000000000006
J000728,2023-02-03/PANJ,PANJ,AMR_39,G18_7,WS_30_20,"[""117431""]",1,5762.500000012198,6059.600000013279,6005.200000013081,5762.500000012198,5918.250000012765,5922.3000000127795,5995.100000013044,5995.1500000130445,6005.150000013081,6005.200000013081,6055.550000013264,6059.600000013279,18.100000000000122,164.2500000000031,22.95000000000019,0,91.54999999999694,0.25,0,52.00000000000026,132.00000000000145
J000729,2023-02-03/BURM,BURM,AMR_33,G3_14,WS_25_20,"[""107301""]",1,5792.200000012306,6182.350000013726,6002.600000013072,5792.200000012306,5850.600000012519,5854.650000012533,5992.500000013035,5992.550000013035,6002.550000013071,6002.600000013072,6178.300000013711,6182.350000013726,18.100000000000122,184.5000000000077,26.800000000000246,0,160.50000000000225,0.25,0,35.999999999999986,147.99999999999937
J000730,2023-02-03/PANJ,PANJ,AMR_31,G14_14,WS_30_20,"[""123272""]",1,5792.900000012309,6040.350000013209,5921.150000012775,5792.900000012309,5792.900000012309,5796.9500000123235,5911.050000012739,5911.100000012739,5921.100000012775,5921.150000012775,6036.300000013194,6040.350000013209,18.100000000000122,119.79999999999534,13.400000000000055,0,95.94999999999669,0.2,0,0.0,120.00000000000034
J000731,2023-02-03/JETG,JETG,AMR_10,G18_10,WS_19_20,"[""101065"", ""110492"", ""124207""]",4,5819.700000012406,5965.050000012935,5869.2500000125865,5819.700000012406,5822.950000012418,5827.000000012433,5859.15000001255,5859.20000001255,5869.200000012586,5869.2500000125865,5961.00000001292,5965.050000012935,18.100000000000122,55.09999999999901,7.599999999999981,0,64.29999999999849,0.25,0,2.0,56.00000000000041
J000732,2023-02-03/KJRH,KJRH,AMR_06,G17_6,WS_2_20,"[""112003""]",1,5827.950000012436,6038.100000013201,5925.0500000127895,5827.950000012436,5827.950000012436,5832.000000012451,5914.950000012753,5915.000000012753,5925.000000012789,5925.0500000127895,6034.050000013186,6038.100000013201,18.100000000000122,121.19999999999526,13.350000000000055,0,57.29999999999888,0.2,0,0.0,132.0000000000019
J000733,2023-02-03/JETG,JETG,AMR_09,G15_9,WS_19_20,"[""107457"", ""110251"", ""110520""]",3,5836.950000012469,6131.500000013541,5934.250000012823,5836.950000012469,5836.950000012469,5841.000000012484,5924.150000012786,5924.200000012786,5934.200000012823,5934.250000012823,6127.450000013526,6131.500000013541,18.100000000000122,107.74999999999602,19.100000000000136,0,149.39999999999972,0.2,0,0.0,96.00000000000057
J000734,2023-02-03/PANJ,PANJ,AMR_36,G17_7,WS_30_20,"[""127626""]",1,5853.500000012529,6171.650000013687,6073.400000013329,5853.500000012529,5954.100000012895,5958.15000001291,6063.300000013292,6063.350000013293,6073.350000013329,6073.400000013329,6167.600000013672,6171.650000013687,18.100000000000122,182.65000000000728,26.800000000000246,0,90.34999999999701,0.25,0,66.00000000000054,136.00000000000122
J000735,2023-02-03/JETG,JETG,AMR_27,G18_8,WS_19_20,"[""101085"", ""101302"", ""138500""]",3,5869.300000012587,6037.8000000132,5968.350000012947,5869.300000012587,5902.700000012708,5906.750000012723,5958.25000001291,5958.3000000129105,5968.300000012947,5968.350000012947,6033.750000013185,6037.8000000132,18.100000000000122,86.54999999999723,13.350000000000055,0,50.24999999999928,0.25,0,24.0,64.00000000000047
J000736,2023-02-03/BURM,BURM,AMR_18,G3_13,WS_25_20,"[""107398""]",2,5874.400000012605,6272.050000014052,6078.450000013348,5874.400000012605,5915.050000012753,5919.100000012768,6068.350000013311,6068.400000013311,6078.400000013347,6078.450000013348,6268.000000014037,6272.050000014052,18.100000000000122,185.4000000000079,24.800000000000217,0,169.1000000000042,0.25,0,30.000000000000025,159.999999999998
J000737,2023-02-03/PANJ,PANJ,AMR_21,G14_9,WS_30_20,"[""101149""]",2,5875.400000012609,6215.000000013844,6056.350000013267,5875.400000012609,5890.900000012665,5894.95000001268,6046.25000001323,6046.300000013231,6056.300000013267,6056.350000013267,6210.95000001383,6215.000000013844,18.100000000000122,133.99999999999622,21.050000000000164,0,166.20000000000354,0.25,0,6.0,132.0000000000004
J000738,2023-02-03/PANJ,PANJ,AMR_32,G14_8,WS_30_20,"[""101177""]",1,5892.500000012671,6210.150000013827,6039.300000013205,5892.500000012671,5928.0000000128,5932.050000012815,6029.200000013168,6029.250000013169,6039.250000013205,6039.300000013205,6206.100000013812,6210.150000013827,18.100000000000122,144.0499999999985,18.150000000000123,0,137.09999999999692,0.25,0,26.0,128.00000000000068
J000739,2023-02-03/BURM,BURM,AMR_38,G3_12,WS_25_20,"[""110198""]",1,5892.600000012671,6335.900000014284,6235.80000001392,5892.600000012671,6004.85000001308,6008.9000000130945,6225.700000013883,6225.750000013883,6235.75000001392,6235.80000001392,6331.850000014269,6335.900000014284,18.100000000000122,239.60000000002023,31.550000000000313,0,153.80000000000072,0.25,0,96.00000000000216,171.9999999999962
J000740,2023-02-03/JETG,JETG,AMR_19,G6_5,WS_19_20,"[""111897"", ""112009"", ""120049""]",3,5900.3000000126995,6126.600000013523,6026.650000013159,5900.3000000126995,5920.500000012773,5924.550000012788,6016.550000013122,6016.600000013123,6026.600000013159,6026.650000013159,6122.550000013508,6126.600000013523,18.100000000000122,143.5499999999984,16.200000000000095,0,48.1999999999994,0.25,0,17.999999999999986,152.0000000000003
J000741,2023-02-03/BURM,BURM,AMR_08,G2_14,WS_25_20,"[""111328""]",1,5908.400000012729,6336.650000014287,6251.350000013977,5908.400000012729,5981.100000012993,5985.150000013008,6241.25000001394,6241.30000001394,6251.300000013976,6251.350000013977,6332.600000014272,6336.650000014287,18.100000000000122,186.2500000000081,28.800000000000274,0,194.85000000001006,0.25,0,64.00000000000108,147.99999999999864
J000742,2023-02-03/JETG,JETG,AMR_37,G17_12,WS_19_20,"[""100949"", ""101018"", ""110141"", ""111277""]",6,5917.250000012761,6076.600000013341,6009.400000013096,5917.250000012761,5917.250000012761,5921.300000012776,5999.30000001306,5999.35000001306,6009.350000013096,6009.400000013096,6072.550000013326,6076.600000013341,18.100000000000122,57.99999999999884,9.55,0,73.49999999999797,0.2,0,0.0,56.0000000000003
J000743,2023-02-03/PANJ,PANJ,AMR_34,G14_7,WS_30_20,"[""107377"", ""124205""]",2,5921.2000000127755,6192.850000013764,6090.450000013391,5921.2000000127755,5921.2000000127755,5925.25000001279,6080.3500000133545,6080.400000013355,6090.400000013391,6090.450000013391,6188.800000013749,6192.850000013764,18.100000000000122,155.9500000000012,15.300000000000082,0,82.09999999999748,0.2,0,0.0,179.99999999999733
J000744,2023-02-03/JETG,JETG,AMR_14,G9_13,WS_19_20,"[""104356"", ""107106"", ""110497""]",3,5934.300000012823,6172.50000001369,6120.700000013501,5934.300000012823,5934.300000012823,5938.350000012838,6110.6000000134645,6110.650000013465,6120.650000013501,6120.700000013501,6168.450000013675,6172.50000001369,18.100000000000122,76.29999999999781,11.450000000000028,0,132.1499999999958,0.2,0,0.0,76.0000000000006
J000745,2023-02-03/JETG,JETG,AMR_05,G15_7,WS_19_20,"[""101074"", ""112347"", ""124899""]",4,5951.350000012885,6147.450000013599,6043.700000013221,5951.350000012885,5951.350000012885,5955.4000000129,6033.600000013184,6033.650000013185,6043.650000013221,6043.700000013221,6143.400000013584,6147.450000013599,18.100000000000122,83.99999999999737,13.400000000000055,0,80.39999999999758,0.2,0,0.0,84.00000000000043
J000746,2023-02-03/JETG,JETG,AMR_10,G20_14,WS_19_20,"[""110138"", ""110432""]",2,5968.400000012947,6123.00000001351,6060.750000013283,5968.400000012947,5985.65000001301,5989.700000013025,6050.650000013246,6050.700000013247,6060.700000013283,6060.750000013283,6118.950000013495,6123.00000001351,18.100000000000122,60.249999999998714,13.400000000000055,0,62.59999999999858,0.25,0,12.0,40.00000000000004
J000747,2023-02-03/BURM,BURM,AMR_26,G3_10,WS_25_20,"[""110153""]",1,5977.0000000129785,6309.850000014189,6172.50000001369,5977.0000000129785,5977.0000000129785,5981.050000012993,6162.400000013653,6162.450000013653,6172.4500000136895,6172.50000001369,6305.800000014175,6309.850000014189,18.100000000000122,136.19999999999672,13.300000000000054,0,165.05000000000328,0.2,0,0.0,139.99999999999977
J000748,2023-02-03/PANJ,PANJ,AMR_13,G14_13,WS_30_20,"[""110417""]",1,6005.250000013081,6261.000000014012,6116.300000013485,6005.250000013081,6005.250000013081,6009.300000013096,6106.2000000134485,6106.250000013449,6116.250000013485,6116.300000013485,6256.950000013997,6261.000000014012,18.100000000000122,109.9999999999959,13.350000000000055,0,114.09999999999566,0.2,0,0.0,116.00000000000054
J000749,2023-02-03/JETG,JETG,AMR_23,G20_10,WS_19_20,"[""125463"", ""140089""]",2,6009.4500000130965,6161.350000013649,6094.850000013407,6009.4500000130965,6024.25000001315,6028.300000013165,6084.7500000133705,6084.800000013371,6094.800000013407,6094.850000013407,6157.300000013634,6161.350000013649,18.100000000000122,70.84999999999812,14.350000000000069,0,48.34999999999939,0.25,0,8.0,56.00000000000013
J000750,2023-02-03/PANJ,PANJ,AMR_35,G12_9,WS_30_20,"[""110511""]",1,6022.300000013143,6280.7500000140835,6133.350000013547,6022.300000013143,6038.3000000132015,6042.350000013216,6123.2500000135105,6123.300000013511,6133.300000013547,6133.350000013547,6276.700000014069,6280.7500000140835,18.100000000000122,129.74999999999525,15.300000000000082,0,95.04999999999674,0.25,0,10.0,124.00000000000057
J000751,2023-02-03/JETG,JETG,AMR_12,G18_9,WS_19_20,"[""107407"", ""110484""]",3,6026.700000013159,6179.750000013716,6137.750000013563,6026.700000013159,6080.600000013355,6084.65000001337,6127.650000013527,6127.700000013527,6137.700000013563,6137.750000013563,6175.700000013701,6179.750000013716,18.100000000000122,78.99999999999766,14.350000000000069,0,41.34999999999979,0.25,0,16.0,60.00000000000027
J000752,2023-02-03/BKAG,BKAG,AMR_06,G17_6,WS_13_20,"[""112003""]",1,6038.150000013201,6179.900000013717,6122.100000013506,6038.150000013201,6038.150000013201,6042.200000013216,6112.00000001347,6112.05000001347,6122.050000013506,6122.100000013506,6175.850000013702,6179.900000013717,18.100000000000122,77.64999999999773,11.450000000000028,0,34.350000000000186,0.2,0,0.0,76.0000000000004
J000753,2023-02-03/PANJ,PANJ,AMR_25,G12_6,WS_30_20,"[""111296""]",1,6039.350000013205,6281.200000014085,6161.050000013648,6039.350000013205,6067.150000013306,6071.200000013321,6150.950000013611,6151.0000000136115,6161.000000013648,6161.050000013648,6277.15000001407,6281.200000014085,18.100000000000122,151.85000000000028,19.100000000000136,0,52.54999999999915,0.25,0,20.00000000000002,155.9999999999988
J000754,2023-02-03/KKIN,KKIN,AMR_27,G18_8,WS_2_20,"[""138500"", ""138501""]",2,6043.600000013221,6216.55000001385,6136.650000013559,6043.600000013221,6043.600000013221,6047.6500000132355,6126.550000013523,6126.600000013523,6136.600000013559,6136.650000013559,6212.500000013835,6216.55000001385,18.100000000000122,123.54999999999512,9.55,0,21.55000000000017,0.2,0,0.0,155.99999999999991
J000755,2023-02-03/KKIN,KKIN,AMR_29,G3_15,WS_2_20,"[""110615""]",1,6043.600000013221,6124.050000013513,6099.750000013425,6043.600000013221,6065.050000013299,6069.100000013314,6089.650000013388,6089.7000000133885,6099.700000013425,6099.750000013425,6120.000000013499,6124.050000013513,18.100000000000122,49.699999999999314,10.500000000000014,0,1.900000000000001,0.25,0,17.999999999999996,31.99999999999997
J000756,2023-02-03/KKIN,KKIN,AMR_01,G5_7,WS_2_20,"[""123310""]",1,6043.600000013221,6159.900000013644,6119.300000013496,6043.600000013221,6074.400000013333,6078.450000013348,6109.200000013459,6109.25000001346,6119.250000013496,6119.300000013496,6155.850000013629,6159.900000013644,18.100000000000122,81.29999999999752,13.400000000000055,0,3.2499999999999964,0.25,0,24.000000000000014,68.00000000000074
J000757,2023-02-03/KKIN,KKIN,AMR_30,G11_10,WS_2_20,"[""101147""]",1,6043.600000013221,6218.100000013856,6153.700000013621,6043.600000013221,6062.400000013289,6066.450000013304,6143.600000013585,6143.650000013585,6153.650000013621,6153.700000013621,6214.050000013841,6218.100000013856,18.100000000000122,88.94999999999709,11.450000000000028,0,55.74999999999897,0.25,0,14.0,80.00000000000097
J000758,2023-02-03/KKIN,KKIN,AMR_11,G21_14,WS_2_20,"[""110533""]",1,6043.600000013221,6300.300000014155,6207.9000000138185,6043.600000013221,6070.350000013318,6074.400000013333,6197.800000013782,6197.850000013782,6207.850000013818,6207.9000000138185,6296.25000001414,6300.300000014155,18.100000000000122,123.29999999999514,20.05000000000015,0,94.99999999999675,0.25,0,16.0,116.00000000000159
J000759,2023-02-03/JETG,JETG,AMR_07,G21_9,WS_19_20,"[""107311"", ""110239""]",2,6043.750000013221,6202.7000000138,6154.800000013625,6043.750000013221,6071.450000013322,6075.500000013337,6144.700000013589,6144.750000013589,6154.750000013625,6154.800000013625,6198.650000013785,6202.7000000138,18.100000000000122,85.3499999999973,15.300000000000082,0,39.94999999999987,0.25,0,20.0,64.0000000000005
J000760,2023-02-03/BURM,BURM,AMR_15,G3_9,WS_25_20,"[""110518""]",1,6052.450000013253,6321.350000014231,6188.350000013747,6052.450000013253,6052.450000013253,6056.500000013268,6178.250000013711,6178.300000013711,6188.300000013747,6188.350000013747,6317.3000000142165,6321.350000014231,18.100000000000122,153.20000000000059,15.250000000000082,0,82.14999999999748,0.2,0,0.0,175.99999999999756
J000761,2023-02-03/PANJ,PANJ,AMR_04,G11_7,WS_30_20,"[""101066""]",1,6056.400000013267,6318.500000014221,6208.40000001382,6056.400000013267,6094.150000013405,6098.200000013419,6198.300000013784,6198.350000013784,6208.35000001382,6208.40000001382,6314.450000014206,6318.500000014221,18.100000000000122,162.0000000000026,20.950000000000163,0,60.79999999999868,0.25,0,20.00000000000003,163.9999999999971
J000762,2023-02-03/JETG,JETG,AMR_31,G17_8,WS_19_20,"[""110169"", ""112361""]",2,6060.800000013283,6226.500000013886,6171.850000013687,6060.800000013283,6093.650000013403,6097.700000013418,6161.750000013651,6161.800000013651,6171.800000013687,6171.850000013687,6222.450000013871,6226.500000013886,18.100000000000122,96.29999999999667,17.20000000000011,0,33.850000000000215,0.25,0,22.0,76.00000000000045
J000763,2023-02-03/PANJ,PANJ,AMR_22,G8_13,WS_30_20,"[""101292""]",1,6073.450000013329,6562.400000015108,6390.750000014484,6073.450000013329,6125.250000013518,6129.300000013533,6380.650000014447,6380.700000014447,6390.7000000144835,6390.750000014484,6558.350000015093,6562.400000015108,18.100000000000122,232.4500000000186,32.55000000000029,0,205.6000000000125,0.25,0,42.00000000000017,215.9999999999965
J000764,2023-02-03/JETG,JETG,AMR_37,G8_14,WS_19_20,"[""112275"", ""135096""]",2,6077.850000013345,6283.300000014093,6198.350000013784,6077.850000013345,6114.500000013479,6118.550000013493,6188.250000013747,6188.300000013747,6198.300000013784,6198.350000013784,6279.250000014078,6283.300000014093,18.100000000000122,112.59999999999575,13.350000000000055,0,61.14999999999866,0.25,0,30.000000000000014,84.0000000000004
J000765,2023-02-03/PMJY,PMJY,AMR_17,G14_14,WS_8_20,"[""107459""]",1,6089.650000013388,6240.850000013938,6189.550000013752,6089.650000013388,6132.550000013544,6136.600000013559,6179.450000013715,6179.500000013715,6189.500000013752,6189.550000013752,6236.800000013924,6240.850000013938,18.100000000000122,87.44999999999717,17.20000000000011,0,28.200000000000266,0.25,0,32.0,56.000000000000426
J000766,2023-02-03/PMJY,PMJY,AMR_39,G21_10,WS_8_20,"[""133306""]",1,6089.650000013388,6328.050000014256,6273.650000014058,6089.650000013388,6201.450000013795,6205.50000001381,6263.550000014021,6263.600000014021,6273.6000000140575,6273.650000014058,6324.000000014241,6328.050000014256,18.100000000000122,170.8500000000046,25.850000000000232,0,23.350000000000197,0.25,0,96.00000000000136,100.00000000000108
J000767,2023-02-03/PANJ,PANJ,AMR_02,G9_10,WS_30_20,"[""125181""]",1,6090.500000013391,6348.6500000143305,6249.000000013968,6090.500000013391,6142.7500000135815,6146.800000013596,6238.900000013931,6238.9500000139315,6248.950000013968,6249.000000013968,6344.600000014316,6348.6500000143305,18.100000000000122,161.35000000000244,18.100000000000122,0,60.34999999999871,0.25,0,12.0,171.9999999999976
J000768,2023-02-03/JETG,JETG,AMR_20,G15_8,WS_19_20,"[""110543"", ""126834""]",2,6094.900000013407,6296.4000000141405,6236.300000013922,6094.900000013407,6135.300000013554,6139.350000013569,6226.200000013885,6226.250000013885,6236.250000013922,6236.300000013922,6292.350000014126,6296.4000000141405,18.100000000000122,101.39999999999638,15.300000000000082,0,66.44999999999837,0.25,0,34.0,72.00000000000037
J000769,2023-02-03/BKTM,BKTM,AMR_10,G17_10,WS_13_20,"[""131216""]",1,6123.05000001351,6259.650000014007,6218.600000013857,6123.05000001351,6153.000000013619,6157.0500000136335,6208.500000013821,6208.550000013821,6218.550000013857,6218.600000013857,6255.600000013992,6259.650000014007,18.100000000000122,75.94999999999783,14.300000000000068,0,28.000000000000263,0.25,0,14.0,60.00000000000051
J000770,2023-02-03/BKTM,BKTM,AMR_29,G9_9,WS_13_20,"[""110310""]",1,6124.100000013514,6293.50000001413,6257.1000000139975,6124.100000013514,6175.2000000136995,6179.250000013714,6247.000000013961,6247.050000013961,6257.050000013997,6257.1000000139975,6289.450000014115,6293.50000001413,18.100000000000122,98.44999999999655,16.200000000000095,0,36.40000000000007,0.25,0,31.999999999999964,68.00000000000065
J000771,2023-02-03/PANJ,PANJ,AMR_19,G9_7,WS_30_20,"[""110443""]",1,6126.650000013523,6362.35000001438,6285.800000014102,6126.650000013523,6155.850000013629,6159.900000013644,6275.700000014065,6275.750000014065,6285.750000014102,6285.800000014102,6358.300000014366,6362.35000001438,18.100000000000122,146.84999999999914,17.20000000000011,0,53.29999999999911,0.25,0,22.00000000000002,143.99999999999886
J000772,2023-02-03/JETG,JETG,AMR_09,G18_7,WS_19_20,"[""110151"", ""110394""]",2,6131.550000013541,6311.300000014195,6273.700000014058,6131.550000013541,6185.3500000137365,6189.400000013751,6263.600000014021,6263.650000014021,6273.650000014058,6273.700000014058,6307.25000001418,6311.300000014195,18.100000000000122,91.29999999999696,15.300000000000082,0,54.799999999999024,0.25,0,30.000000000000007,68.00000000000071
J000773,2023-02-03/PANJ,PANJ,AMR_28,G5_14,WS_30_20,"[""125175""]",1,6140.5500000135735,6536.700000015015,6373.700000014422,6140.5500000135735,6237.600000013927,6241.650000013941,6363.600000014385,6363.650000014385,6373.6500000144215,6373.700000014422,6532.650000015,6536.700000015015,18.100000000000122,205.30000000001243,24.850000000000218,0,147.64999999999932,0.25,0,60.00000000000071,151.99999999999855
J000774,2023-02-03/JETG,JETG,AMR_05,G12_8,WS_19_20,"[""101333"", ""112007""]",2,6147.500000013599,6332.400000014271,6290.6500000141195,6147.500000013599,6180.80000001372,6184.850000013735,6280.550000014083,6280.600000014083,6290.600000014119,6290.6500000141195,6328.350000014257,6332.400000014271,18.100000000000122,107.69999999999602,17.20000000000011,0,41.64999999999977,0.25,0,28.000000000000007,84.00000000000091
J000775,2023-02-03/JETG,JETG,AMR_24,G6_14,WS_19_20,"[""124666"", ""134680""]",2,6154.8500000136255,6366.5000000143955,6324.750000014244,6154.8500000136255,6199.050000013786,6203.100000013801,6314.650000014207,6314.700000014207,6324.700000014243,6324.750000014244,6362.450000014381,6366.5000000143955,18.100000000000122,107.999999999996,14.350000000000069,0,70.94999999999811,0.25,0,26.000000000000014,84.00000000000091
J000776,2023-02-03/PANJ,PANJ,AMR_01,G15_7,WS_30_20,"[""122980""]",1,6161.100000013648,6406.950000014543,6335.750000014284,6161.100000013648,6206.650000013814,6210.700000013829,6325.650000014247,6325.700000014247,6335.700000014283,6335.750000014284,6402.900000014528,6406.950000014543,18.100000000000122,156.65000000000137,21.050000000000164,0,49.79999999999931,0.25,0,44.00000000000007,136.00000000000006
J000777,2023-02-03/JETG,JETG,AMR_16,G20_12,WS_19_20,"[""101097"", ""110448"", ""112386""]",4,6171.9000000136875,6274.20000001406,6216.800000013851,6171.9000000136875,6171.9000000136875,6175.950000013702,6206.700000013814,6206.750000013814,6216.750000013851,6216.800000013851,6270.150000014045,6274.20000001406,18.100000000000122,49.9999999999993,8.549999999999986,0,25.450000000000227,0.2,0,0.0,48.00000000000023
J000778,2023-02-03/BKTM,BKTM,AMR_14,G9_13,WS_13_20,"[""112307""]",1,6172.55000001369,6274.100000014059,6239.800000013935,6172.55000001369,6172.55000001369,6176.600000013705,6229.700000013898,6229.750000013898,6239.750000013934,6239.800000013935,6270.050000014045,6274.100000014059,18.100000000000122,55.04999999999901,9.55,0,18.65000000000013,0.2,0,0.0,52.000000000000256
J000779,2023-02-03/JETG,JETG,AMR_23,G20_15,WS_19_20,"[""110139""]",1,6198.400000013784,6462.7000000147455,6412.750000014564,6198.400000013784,6365.850000014393,6369.900000014408,6402.650000014527,6402.700000014527,6412.700000014564,6412.750000014564,6458.650000014731,6462.7000000147455,18.100000000000122,115.2499999999956,21.100000000000165,0,109.59999999999592,0.25,0,82.00000000000078,32.0
J000780,2023-02-03/PANJ,PANJ,AMR_06,G17_6,WS_30_20,"[""112003""]",2,6208.4500000138205,6563.800000015113,6302.750000014164,6208.4500000138205,6208.4500000138205,6212.500000013835,6292.650000014127,6292.700000014127,6302.700000014163,6302.750000014164,6559.7500000150985,6563.800000015113,18.100000000000122,135.54999999999657,15.300000000000082,0,186.2000000000081,0.2,0,0.0,147.99999999999957
J000781,2023-02-03/JETG,JETG,AMR_32,G14_8,WS_19_20,"[""101177"", ""101291""]",3,6216.850000013851,6350.950000014339,6307.700000014182,6216.850000013851,6216.850000013851,6220.900000013866,6297.600000014145,6297.650000014145,6307.650000014181,6307.700000014182,6346.900000014324,6350.950000014339,18.100000000000122,84.94999999999732,11.450000000000028,0,19.40000000000014,0.2,0,0.0,84.00000000000068
J000782,2023-02-03/JETG,JETG,AMR_07,G24_15,WS_19_20,"[""112067""]",2,6236.350000013922,6696.550000015596,6395.700000014502,6236.350000013922,6334.9000000142805,6338.950000014295,6385.600000014465,6385.650000014465,6395.6500000145015,6395.700000014502,6692.5000000155815,6696.550000015596,18.100000000000122,197.55000000001067,34.50000000000018,0,209.80000000001345,0.25,0,34.0,155.9999999999982
J000783,2023-02-03/PANJ,PANJ,AMR_30,G6_9,WS_30_20,"[""112400""]",1,6249.050000013968,6515.200000014936,6407.800000014546,6249.050000013968,6280.550000014083,6284.6000000140975,6397.700000014509,6397.750000014509,6407.750000014546,6407.800000014546,6511.150000014922,6515.200000014936,18.100000000000122,177.30000000000607,22.95000000000019,0,47.549999999999436,0.25,0,16.0,195.99999999999412
J000784,2023-02-03/DSHA,DSHA,AMR_10,G24_13,WS_25_20,"[""149303""]",1,6267.600000014036,6387.600000014472,6339.750000014298,6267.600000014036,6295.100000014136,6299.1500000141505,6329.650000014261,6329.700000014262,6339.700000014298,6339.750000014298,6383.5500000144575,6387.600000014472,18.100000000000122,70.59999999999813,14.350000000000069,0,16.700000000000102,0.25,0,24.0,48.00000000000013
J000785,2023-02-03/PMJY,PMJY,AMR_18,G3_13,WS_8_20,"[""107336""]",1,6272.100000014052,6358.000000014365,6326.000000014248,6272.100000014052,6272.100000014052,6276.150000014067,6315.900000014211,6315.950000014212,6325.950000014248,6326.000000014248,6353.95000001435,6358.000000014365,18.100000000000122,54.99999999999901,9.55,0,3.049999999999997,0.2,0,0.0,56.000000000000185
J000786,2023-02-03/JETG,JETG,AMR_12,G23_12,WS_19_20,"[""107451""]",1,6273.750000014058,6585.350000015192,6429.800000014626,6273.750000014058,6307.4000000141805,6311.450000014195,6419.700000014589,6419.750000014589,6429.750000014626,6429.800000014626,6581.300000015177,6585.350000015192,18.100000000000122,132.0999999999958,23.850000000000204,0,137.29999999999697,0.25,0,16.0,108.00000000000028
J000787,2023-02-03/DSHA,DSHA,AMR_14,G9_13,WS_25_20,"[""112307""]",1,6274.1500000140595,6487.250000014835,6364.600000014389,6274.1500000140595,6274.1500000140595,6278.200000014074,6354.500000014352,6354.550000014352,6364.550000014388,6364.600000014389,6483.20000001482,6487.250000014835,18.100000000000122,95.99999999999669,11.450000000000028,0,87.34999999999718,0.2,0,0.0,108.00000000000077
J000788,2023-02-03/PANJ,PANJ,AMR_16,G20_12,WS_30_20,"[""101097""]",1,6285.850000014102,6459.250000014733,6356.75000001436,6285.850000014102,6285.850000014102,6289.900000014117,6346.650000014323,6346.700000014323,6356.70000001436,6356.75000001436,6455.200000014718,6459.250000014733,18.100000000000122,83.04999999999742,11.400000000000027,0,60.64999999999869,0.2,0,0.0,88.00000000000017
J000789,2023-02-03/JETG,JETG,AMR_31,G17_9,WS_19_20,"[""126308""]",1,6290.70000001412,6397.8500000145095,6361.400000014377,6290.70000001412,6294.700000014134,6298.750000014149,6351.30000001434,6351.35000001434,6361.350000014377,6361.400000014377,6393.800000014495,6397.8500000145095,18.100000000000122,66.09999999999839,9.5,0,13.200000000000053,0.25,0,2.0,68.00000000000051
J000790,2023-02-03/PMJY,PMJY,AMR_11,G21_14,WS_8_20,"[""110533"", ""112286""]",2,6300.350000014155,6538.650000015022,6408.90000001455,6300.350000014155,6300.350000014155,6304.40000001417,6398.800000014513,6398.850000014513,6408.85000001455,6408.90000001455,6534.600000015007,6538.650000015022,18.100000000000122,93.54999999999683,9.55,0,116.8999999999955,0.2,0,0.0,92.00000000000054
J000791,2023-02-03/PANJ,PANJ,AMR_33,G3_8,WS_30_20,"[""112210""]",1,6302.800000014164,6586.500000015196,6454.500000014716,6302.800000014164,6325.450000014246,6329.500000014261,6444.400000014679,6444.450000014679,6454.450000014715,6454.500000014716,6582.450000015181,6586.500000015196,18.100000000000122,183.80000000000754,21.000000000000163,0,60.5499999999987,0.25,0,16.0,195.9999999999951
J000792,2023-02-03/JETG,JETG,AMR_37,G9_14,WS_19_20,"[""110322""]",1,6307.750000014182,6416.500000014577,6378.65000001444,6307.750000014182,6310.800000014193,6314.850000014208,6368.550000014403,6368.600000014403,6378.6000000144395,6378.65000001444,6412.450000014563,6416.500000014577,18.100000000000122,69.14999999999822,7.599999999999981,0,13.650000000000059,0.25,0,2.0,72.0000000000006
J000793,2023-02-03/JETG,JETG,AMR_04,G11_7,WS_19_20,"[""110397"", ""112305""]",3,6324.800000014244,6539.250000015024,6446.850000014688,6324.800000014244,6324.800000014244,6328.8500000142585,6436.750000014651,6436.800000014651,6446.800000014688,6446.850000014688,6535.200000015009,6539.250000015024,18.100000000000122,108.79999999999596,11.450000000000028,0,75.89999999999783,0.2,0,0.0,116.00000000000136
J000794,2023-02-03/PANJ,PANJ,AMR_15,G3_5,WS_30_20,"[""111207""]",1,6335.800000014284,6560.2000000151,6471.600000014778,6335.800000014284,6353.050000014347,6357.100000014361,6461.500000014741,6461.550000014741,6471.550000014778,6471.600000014778,6556.150000015085,6560.2000000151,18.100000000000122,168.250000000004,17.20000000000011,0,20.600000000000158,0.25,0,12.0,191.9999999999942
J000795,2023-02-03/KKIN,KKIN,AMR_38,G3_12,WS_2_20,"[""104397""]",1,6335.950000014284,6413.550000014567,6382.400000014453,6335.950000014284,6335.950000014284,6340.000000014299,6372.300000014417,6372.350000014417,6382.350000014453,6382.400000014453,6409.500000014552,6413.550000014567,18.100000000000122,42.299999999999734,5.699999999999988,0,11.300000000000026,0.2,0,0.0,48.0000000000004
J000796,2023-02-03/PANJ,PANJ,AMR_18,G3_13,WS_30_20,"[""110494""]",1,6358.050000014365,6714.600000015662,6496.750000014869,6358.050000014365,6358.050000014365,6362.1000000143795,6486.650000014833,6486.700000014833,6496.700000014869,6496.750000014869,6710.550000015647,6714.600000015662,18.100000000000122,185.00000000000782,28.650000000000272,0,124.59999999999506,0.2,0,0.0,199.99999999999716
J000797,2023-02-03/JETG,JETG,AMR_39,G21_10,WS_19_20,"[""111366""]",2,6361.450000014377,6559.100000015096,6463.90000001475,6361.450000014377,6361.450000014377,6365.500000014392,6453.800000014713,6453.850000014713,6463.85000001475,6463.90000001475,6555.050000015081,6559.100000015096,18.100000000000122,64.69999999999847,9.5,0,105.14999999999617,0.2,0,0.0,56.00000000000021
J000798,2023-02-03/IPMG,IPMG,AMR_17,G15_15,WS_25_20,"[""101290"", ""110225"", ""111276"", ""111376"", ""112034"", ""124702"", ""134029""]",9,6364.650000014389,6613.450000015294,6531.100000014994,6364.650000014389,6384.850000014462,6388.900000014477,6521.000000014958,6521.050000014958,6531.050000014994,6531.100000014994,6609.400000015279,6613.450000015294,18.100000000000122,91.64999999999694,18.150000000000123,0,120.64999999999529,0.25,0,12.0,72.00000000000006
J000799,2023-02-03/IPMG,IPMG,AMR_09,G24_4,WS_25_20,"[""110150"", ""110231"", ""110278"", ""110299"", ""110342"", ""110475"", ""121875""]",8,6364.650000014389,6579.050000015169,6456.600000014723,6364.650000014389,6391.000000014485,6395.050000014499,6446.5000000146865,6446.550000014687,6456.550000014723,6456.600000014723,6575.000000015154,6579.050000015169,18.100000000000122,102.64999999999631,15.250000000000082,0,78.1499999999977,0.25,0,21.999999999999996,88.00000000000105
J000800,2023-02-03/IPMG,IPMG,AMR_27,G18_9,WS_25_20,"[""110289"", ""110479"", ""110484"", ""110703"", ""111295"", ""111363""]",6,6364.650000014389,6609.60000001528,6433.550000014639,6364.650000014389,6368.950000014404,6373.000000014419,6423.450000014603,6423.500000014603,6433.500000014639,6433.550000014639,6605.550000015265,6609.60000001528,18.100000000000122,91.89999999999692,13.300000000000054,0,121.39999999999525,0.25,0,2.0,88.00000000000026
J000801,2023-02-03/IPMG,IPMG,AMR_13,G18_15,WS_25_20,"[""107310"", ""110146"", ""110252"", ""110346"", ""112285""]",6,6364.650000014389,6600.050000015245,6483.000000014819,6364.650000014389,6395.1500000145,6399.200000014514,6472.900000014783,6472.950000014783,6482.950000014819,6483.000000014819,6596.00000001523,6600.050000015245,18.100000000000122,84.39999999999735,16.250000000000096,0,116.39999999999553,0.25,0,20.0,60.00000000000003
J000802,2023-02-03/IPMG,IPMG,AMR_19,G11_5,WS_25_20,"[""101075"", ""101296"", ""110221"", ""110595"", ""110603""]",5,6364.650000014389,6792.200000015944,6709.100000015642,6364.650000014389,6379.550000014443,6383.600000014458,6699.000000015605,6699.050000015605,6709.050000015642,6709.100000015642,6788.150000015929,6792.200000015944,18.100000000000122,244.3500000000213,30.5500000000003,0,134.2999999999963,0.25,0,8.0,267.99999999998727
J000803,2023-02-03/IPMG,IPMG,AMR_08,G3_14,WS_25_20,"[""101163"", ""101192"", ""110210"", ""110218"", ""115355""]",5,6364.650000014389,6843.35000001613,6546.950000015052,6364.650000014389,6368.000000014401,6372.050000014416,6536.850000015015,6536.900000015015,6546.900000015052,6546.950000015052,6839.3000000161155,6843.35000001613,18.100000000000122,147.69999999999933,15.200000000000081,0,297.45000000003336,0.25,0,2.0,143.99999999999994
J000804,2023-02-03/JETG,JETG,AMR_21,G14_9,WS_19_20,"[""110440""]",2,6378.70000001444,6689.650000015571,6601.950000015252,6378.70000001444,6378.70000001444,6382.750000014455,6591.850000015215,6591.9000000152155,6601.900000015252,6601.950000015252,6685.600000015556,6689.650000015571,18.100000000000122,117.24999999999548,17.20000000000011,0,158.20000000000172,0.2,0,0.0,116.000000000001
J000805,2023-02-03/KPBR,KPBR,AMR_26,G3_9,WS_2_20,"[""134101""]",1,6382.4500000144535,6464.150000014751,6426.400000014613,6382.4500000144535,6385.600000014465,6389.65000001448,6416.300000014577,6416.350000014577,6426.350000014613,6426.400000014613,6460.100000014736,6464.150000014751,18.100000000000122,54.69999999999903,6.649999999999984,0,2.000000000000001,0.25,0,2.0,60.00000000000051
J000806,2023-02-03/KPBR,KPBR,AMR_29,G9_9,WS_2_20,"[""107364""]",1,6382.4500000144535,6486.950000014834,6443.550000014676,6382.4500000144535,6382.4500000144535,6386.500000014468,6433.450000014639,6433.500000014639,6443.500000014676,6443.550000014676,6482.900000014819,6486.950000014834,18.100000000000122,68.14999999999827,7.599999999999981,0,10.450000000000014,0.2,0,0.0,76.00000000000082
J000807,2023-02-03/JETG,JETG,AMR_02,G9_12,WS_19_20,"[""107162""]",2,6395.750000014502,6634.650000015371,6550.900000015066,6395.750000014502,6402.300000014526,6406.3500000145405,6540.80000001503,6540.85000001503,6550.850000015066,6550.900000015066,6630.600000015356,6634.650000015371,18.100000000000122,88.09999999999714,11.450000000000028,0,120.99999999999527,0.25,0,4.0,84.00000000000085
J000808,2023-02-03/RUDA,RUDA,AMR_25,G11_4,WS_8_20,"[""110146"", ""110252"", ""110306"", ""112059"", ""112374"", ""112394"", ""138468""]",7,6408.95000001455,6569.300000015133,6504.050000014896,6408.95000001455,6430.250000014627,6434.300000014642,6493.950000014859,6494.000000014859,6504.000000014896,6504.050000014896,6565.2500000151185,6569.300000015133,18.100000000000122,96.79999999999664,12.400000000000041,0,32.800000000000274,0.25,0,14.0,88.00000000000081
J000809,2023-02-03/RUDA,RUDA,AMR_35,G14_13,WS_8_20,"[""107130"", ""110254"", ""110385"", ""110603"", ""111391"", ""120450""]",6,6408.95000001455,6517.250000014944,6472.20000001478,6408.95000001455,6426.200000014613,6430.250000014627,6462.100000014743,6462.1500000147435,6472.15000001478,6472.20000001478,6513.200000014929,6517.250000014944,18.100000000000122,69.84999999999818,13.400000000000055,0,6.699999999999984,0.25,0,12.0,60.00000000000051
J000810,2023-02-03/RUDA,RUDA,AMR_03,G5_9,WS_8_20,"[""101329"", ""110166"", ""110231"", ""111276"", ""112269"", ""134029""]",6,6408.95000001455,6557.45000001509,6520.000000014954,6408.95000001455,6424.950000014608,6429.000000014623,6509.900000014917,6509.950000014917,6519.950000014954,6520.000000014954,6553.400000015075,6557.45000001509,18.100000000000122,80.54999999999757,13.400000000000055,0,36.20000000000008,0.25,0,10.0,72.00000000000054
J000811,2023-02-03/RUDA,RUDA,AMR_31,G17_14,WS_8_20,"[""110227"", ""110594"", ""111261"", ""124208"", ""134027""]",5,6408.95000001455,6610.900000015285,6563.450000015112,6408.95000001455,6427.600000014618,6431.6500000146325,6553.350000015075,6553.400000015075,6563.400000015112,6563.450000015112,6606.85000001527,6610.900000015285,18.100000000000122,81.29999999999752,13.400000000000055,0,88.89999999999709,0.25,0,14.0,68.00000000000031
J000812,2023-02-03/RUDA,RUDA,AMR_24,G3_15,WS_8_20,"[""110222"", ""110255"", ""110305"", ""112392""]",4,6408.95000001455,6514.9500000149355,6488.100000014838,6408.95000001455,6431.300000014631,6435.350000014646,6478.000000014801,6478.050000014801,6488.050000014838,6488.100000014838,6510.900000014921,6514.9500000149355,18.100000000000122,64.1499999999985,12.450000000000042,0,11.050000000000022,0.25,0,15.999999999999996,48.0000000000001
J000813,2023-02-03/RUDA,RUDA,AMR_20,G15_14,WS_8_20,"[""101134"", ""101296"", ""110221"", ""110502""]",4,6408.95000001455,6588.850000015204,6547.500000015054,6408.95000001455,6434.450000014643,6438.500000014657,6537.400000015017,6537.450000015017,6547.450000015054,6547.500000015054,6584.80000001519,6588.850000015204,18.100000000000122,79.19999999999764,13.400000000000055,0,68.94999999999823,0.25,0,16.0,68.00000000000082
J000814,2023-02-03/JETG,JETG,AMR_36,G17_7,WS_19_20,"[""110600""]",1,6412.800000014564,6585.450000015192,6528.350000014984,6412.800000014564,6412.800000014564,6416.850000014579,6518.250000014948,6518.300000014948,6528.300000014984,6528.350000014984,6581.400000015177,6585.450000015192,18.100000000000122,85.44999999999729,11.450000000000028,0,57.44999999999887,0.2,0,0.0,92.00000000000102
J000815,2023-02-03/BKTM,BKTM,AMR_38,G3_12,WS_13_20,"[""112194""]",1,6413.600000014567,6556.050000015085,6499.450000014879,6413.600000014567,6413.600000014567,6417.650000014582,6489.350000014842,6489.400000014843,6499.400000014879,6499.450000014879,6552.00000001507,6556.050000015085,18.100000000000122,86.29999999999724,9.5,0,28.350000000000268,0.2,0,0.0,92.00000000000108
J000816,2023-02-03/JETG,JETG,AMR_05,G12_9,WS_19_20,"[""101183""]",1,6429.850000014626,6696.450000015596,6620.100000015318,6429.850000014626,6433.8500000146405,6437.900000014655,6610.000000015281,6610.0500000152815,6620.050000015318,6620.100000015318,6692.400000015581,6696.450000015596,18.100000000000122,119.99999999999532,17.15000000000011,0,111.09999999999583,0.25,0,2.0,108.00000000000037
J000817,2023-02-03/IPMG,IPMG,AMR_10,G21_12,WS_25_20,"[""101027"", ""110328"", ""112333"", ""132276""]",4,6433.60000001464,6614.900000015299,6583.250000015184,6433.60000001464,6532.400000014999,6536.450000015014,6573.150000015147,6573.200000015147,6583.200000015184,6583.250000015184,6610.850000015284,6614.900000015299,18.100000000000122,111.6999999999958,23.000000000000192,0,28.250000000000266,0.25,0,60.0000000000004,56.00000000000023
J000818,2023-02-03/JETG,JETG,AMR_37,G11_9,WS_19_20,"[""110223""]",2,6446.900000014688,6776.000000015885,6567.850000015128,6446.900000014688,6477.100000014798,6481.150000014813,6557.750000015091,6557.800000015091,6567.800000015128,6567.850000015128,6771.9500000158705,6776.000000015885,18.100000000000122,123.04999999999515,19.150000000000137,0,168.55000000000408,0.25,0,14.0,108.00000000000085
J000819,2023-02-03/IPMG,IPMG,AMR_01,G15_13,WS_25_20,"[""101025"", ""110262"", ""110336"", ""112324""]",5,6456.650000014723,6657.750000015455,6599.200000015242,6456.650000014723,6476.700000014796,6480.750000014811,6589.100000015205,6589.1500000152055,6599.150000015242,6599.200000015242,6653.70000001544,6657.750000015455,18.100000000000122,90.74999999999699,13.400000000000055,0,78.59999999999768,0.25,0,16.0,76.00000000000023
J000820,2023-02-03/JETG,JETG,AMR_32,G8_12,WS_19_20,"[""110607""]",1,6463.95000001475,6703.05000001562,6584.90000001519,6463.95000001475,6489.300000014842,6493.350000014857,6574.800000015153,6574.8500000151535,6584.85000001519,6584.90000001519,6699.000000015605,6703.05000001562,18.100000000000122,114.54999999999563,15.250000000000082,0,90.94999999999698,0.25,0,20.0,92.00000000000054
J000821,2023-02-03/RUDA,RUDA,AMR_23,G17_15,WS_8_20,"[""101014"", ""110283"", ""110555"", ""110596""]",4,6472.25000001478,6691.800000015579,6599.350000015243,6472.25000001478,6556.100000015085,6560.1500000151,6589.250000015206,6589.300000015206,6599.300000015242,6599.350000015243,6687.750000015564,6691.800000015579,18.100000000000122,97.5499999999966,15.200000000000081,0,88.44999999999712,0.25,0,26.0,68.00000000000034
J000822,2023-02-03/IPMG,IPMG,AMR_16,G17_10,WS_25_20,"[""110575"", ""111362"", ""121904"", ""131216""]",4,6483.0500000148195,6707.750000015637,6619.100000015314,6483.0500000148195,6499.0000000148775,6503.050000014892,6609.000000015278,6609.050000015278,6619.050000015314,6619.100000015314,6703.700000015622,6707.750000015637,18.100000000000122,111.5499999999958,14.250000000000068,0,80.54999999999757,0.25,0,10.0,112.00000000000068
J000823,2023-02-03/KPBR,KPBR,AMR_14,G9_13,WS_2_20,"[""110439"", ""112307""]",2,6487.300000014835,6639.350000015388,6580.100000015173,6487.300000014835,6487.300000014835,6491.35000001485,6570.000000015136,6570.050000015136,6580.050000015172,6580.100000015173,6635.300000015373,6639.350000015388,18.100000000000122,82.34999999999746,11.500000000000028,0,39.89999999999987,0.2,0,0.0,84.00000000000054
J000824,2023-02-03/RUDA,RUDA,AMR_40,G17_13,WS_8_20,"[""107317"", ""110186"", ""110362"", ""112326""]",4,6488.150000014838,6646.950000015416,6583.450000015185,6488.150000014838,6526.850000014979,6530.900000014994,6573.350000015148,6573.400000015148,6583.400000015185,6583.450000015185,6642.900000015401,6646.950000015416,18.100000000000122,88.7999999999971,13.400000000000055,0,38.249999999999964,0.25,0,18.0,72.00000000000028
J000825,2023-02-03/SETA,SETA,AMR_34,G15_1,WS_30_20,"[""101329"", ""101330"", ""110166"", ""110221"", ""110231"", ""110299"", ""110475"", ""111276"", ""111376"", ""132437""]",10,6496.8000000148695,6719.800000015681,6626.15000001534,6496.8000000148695,6523.400000014966,6527.450000014981,6616.050000015303,6616.1000000153035,6626.10000001534,6626.15000001534,6715.750000015666,6719.800000015681,18.100000000000122,150.95000000000007,18.100000000000122,0,35.600000000000115,0.25,0,21.999999999999936,155.99999999999835
J000826,2023-02-03/SETA,SETA,AMR_29,G15_4,WS_30_20,"[""101135"", ""110450"", ""110594"", ""111342"", ""123310"", ""124208"", ""126832"", ""134027""]",8,6496.8000000148695,6702.900000015619,6609.000000015278,6496.8000000148695,6524.050000014969,6528.100000014983,6598.900000015241,6598.950000015241,6608.9500000152775,6609.000000015278,6698.850000015605,6702.900000015619,18.100000000000122,136.34999999999675,17.15000000000011,0,34.25000000000019,0.25,0,25.999999999999996,136.00000000000034
J000827,2023-02-03/SETA,SETA,AMR_26,G20_12,WS_30_20,"[""101097"", ""101218"", ""107458"", ""110448"", ""112386""]",6,6496.8000000148695,7240.100000017574,6674.300000015515,6496.8000000148695,6592.000000015216,6596.050000015231,6664.2000000154785,6664.250000015479,6674.250000015515,6674.300000015515,7236.050000017559,7240.100000017574,18.100000000000122,267.2000000000265,41.249999999999794,0,416.5000000000604,0.25,0,92.00000000000131,191.99999999999824
J000828,2023-02-03/KKDG,KKDG,AMR_24,G5_7,WS_13_20,"[""110221"", ""111391"", ""123310""]",3,6515.000000014936,6838.2000000161115,6613.100000015293,6515.000000014936,6536.6500000150145,6540.700000015029,6603.000000015256,6603.050000015256,6613.050000015292,6613.100000015293,6834.150000016097,6838.2000000161115,18.100000000000122,135.29999999999652,20.10000000000015,0,149.44999999999973,0.25,0,20.000000000000014,124.00000000000128
J000829,2023-02-03/KKDG,KKDG,AMR_30,G12_15,WS_13_20,"[""111276"", ""111376""]",2,6515.250000014937,6672.80000001551,6635.300000015373,6515.250000014937,6582.600000015182,6586.650000015196,6625.200000015337,6625.250000015337,6635.250000015373,6635.300000015373,6668.750000015495,6672.80000001551,18.100000000000122,88.89999999999709,12.450000000000042,0,37.84999999999999,0.25,0,64.00000000000102,32.0
J000830,2023-02-03/KKDG,KKDG,AMR_35,G14_12,WS_13_20,"[""110232"", ""110583""]",2,6517.300000014944,6613.550000015294,6580.850000015175,6517.300000014944,6521.300000014959,6525.350000014973,6570.7500000151385,6570.800000015139,6580.800000015175,6580.850000015175,6609.5000000152795,6613.550000015294,18.100000000000122,52.94999999999913,9.5,0,15.450000000000085,0.25,0,2.0,48.00000000000023
J000831,2023-02-03/SETA,SETA,AMR_28,G3_15,WS_30_20,"[""101024"", ""110222"", ""110255"", ""110561"", ""110615"", ""112392""]",6,6536.750000015015,7057.950000016911,6944.000000016496,6536.750000015015,6576.55000001516,6580.600000015174,6933.90000001646,6933.95000001646,6943.950000016496,6944.000000016496,7053.900000016896,7057.950000016911,18.100000000000122,208.95000000001326,27.75000000000026,0,266.15000000002624,0.25,0,6.0,211.99999999999613
J000832,2023-02-03/KKDG,KKDG,AMR_11,G18_13,WS_13_20,"[""113197"", ""132279""]",2,6538.700000015022,6739.000000015751,6691.200000015577,6538.700000015022,6640.500000015392,6644.550000015407,6681.10000001554,6681.15000001554,6691.150000015577,6691.200000015577,6734.950000015736,6739.000000015751,18.100000000000122,87.14999999999719,17.25000000000011,0,77.54999999999774,0.25,0,28.0,60.000000000000426
J000833,2023-02-03/RUDA,RUDA,AMR_04,G15_10,WS_8_20,"[""101117"", ""110452"", ""112017"", ""120052""]",4,6539.300000015024,6710.1000000156455,6616.900000015306,6539.300000015024,6568.100000015129,6572.150000015144,6606.80000001527,6606.85000001527,6616.850000015306,6616.900000015306,6706.050000015631,6710.1000000156455,18.100000000000122,98.39999999999655,14.350000000000069,0,39.69999999999988,0.25,0,22.0,84.00000000000102
J000834,2023-02-03/JETG,JETG,AMR_38,G21_14,WS_19_20,"[""111241""]",1,6556.100000015085,6849.100000016151,6813.950000016023,6556.100000015085,6772.250000015872,6776.300000015886,6803.850000015987,6803.900000015987,6813.900000016023,6813.950000016023,6845.050000016136,6849.100000016151,18.100000000000122,137.449999999997,21.950000000000177,0,115.2499999999956,0.25,0,88.00000000000125,44.00000000000004
J000835,2023-02-03/IPMG,IPMG,AMR_03,G11_10,WS_25_20,"[""101022"", ""101147"", ""110313"", ""110526""]",4,6557.50000001509,6831.700000016088,6736.00000001574,6557.50000001509,6614.700000015298,6618.750000015313,6725.900000015703,6725.950000015703,6735.9500000157395,6736.00000001574,6827.650000016073,6831.700000016088,18.100000000000122,153.90000000000074,22.000000000000178,0,79.9499999999976,0.25,0,58.000000000000696,112.00000000000037
J000836,2023-02-03/SETA,SETA,AMR_39,G14_14,WS_30_20,"[""101095"", ""110185"", ""110595"", ""112086"", ""123272""]",5,6559.150000015096,6896.150000016322,6804.90000001599,6559.150000015096,6718.150000015675,6722.2000000156895,6794.800000015954,6794.850000015954,6804.85000001599,6804.90000001599,6892.100000016308,6896.150000016322,18.100000000000122,142.34999999999812,18.200000000000124,0,158.1000000000017,0.25,0,46.00000000000017,104.00000000000009
J000837,2023-02-03/KKDG,KKDG,AMR_15,G18_8,WS_13_20,"[""138500"", ""138501""]",2,6560.2500000151,6933.750000016459,6725.700000015702,6560.2500000151,6606.250000015268,6610.300000015282,6715.6000000156655,6715.650000015666,6725.650000015702,6725.700000015702,6929.700000016444,6933.750000016459,18.100000000000122,139.69999999999752,21.050000000000164,0,194.40000000000995,0.25,0,48.0000000000003,84.00000000000017
J000838,2023-02-03/RUDA,RUDA,AMR_22,G20_13,WS_8_20,"[""101122"", ""110395"", ""110486"", ""138352""]",4,6562.450000015108,6814.950000016027,6733.700000015731,6562.450000015108,6648.500000015421,6652.550000015436,6723.600000015695,6723.650000015695,6733.650000015731,6733.700000015731,6810.900000016012,6814.950000016027,18.100000000000122,135.6499999999966,22.90000000000019,0,75.59999999999785,0.25,0,44.00000000000013,88.00000000000074
J000839,2023-02-03/RUDA,RUDA,AMR_06,G20_6,WS_8_20,"[""110161"", ""111330"", ""118475"", ""121875""]",4,6563.850000015113,6797.100000015962,6697.6500000156,6563.850000015113,6593.15000001522,6597.200000015235,6687.5500000155635,6687.600000015564,6697.6000000156,6697.6500000156,6793.050000015947,6797.100000015962,18.100000000000122,156.50000000000134,17.20000000000011,0,41.1999999999998,0.25,0,22.00000000000002,155.99999999999963
J000840,2023-02-03/JETG,JETG,AMR_25,G9_10,WS_19_20,"[""101325""]",1,6569.350000015133,6755.40000001581,6709.750000015644,6569.350000015133,6588.450000015203,6592.500000015218,6699.6500000156075,6699.700000015608,6709.700000015644,6709.750000015644,6751.350000015796,6755.40000001581,18.100000000000122,96.34999999999667,13.350000000000055,0,57.99999999999884,0.25,0,16.0,88.00000000000085
J000841,2023-02-03/IPMG,IPMG,AMR_09,G3_10,WS_25_20,"[""101280"", ""107116"", ""107290"", ""111997""]",4,6579.100000015169,7060.650000016921,6816.350000016032,6579.100000015169,6671.550000015505,6675.60000001552,6806.250000015995,6806.3000000159955,6816.300000016032,6816.350000016032,7056.600000016906,7060.650000016921,18.100000000000122,239.60000000002023,30.6500000000003,0,192.95000000000962,0.25,0,90.00000000000159,175.99999999999733
J000842,2023-02-03/MMIM,MMIM,AMR_12,G9_6,WS_2_20,"[""120052"", ""131216""]",2,6585.400000015192,6843.600000016131,6777.750000015892,6585.400000015192,6659.350000015461,6663.400000015476,6767.650000015855,6767.700000015855,6777.700000015891,6777.750000015892,6839.550000016116,6843.600000016131,18.100000000000122,150.04999999999987,18.150000000000123,0,71.64999999999807,0.25,0,52.00000000000057,124.00000000000267
J000843,2023-02-03/MMIM,MMIM,AMR_36,G6_7,WS_2_20,"[""110604""]",1,6585.500000015192,6723.950000015696,6679.200000015533,6585.500000015192,6625.150000015336,6629.200000015351,6669.100000015496,6669.1500000154965,6679.150000015533,6679.200000015533,6719.900000015681,6723.950000015696,18.100000000000122,101.89999999999635,15.300000000000082,0,2.8999999999999977,0.25,0,38.00000000000013,80.00000000000102
J000844,2023-02-03/KKDG,KKDG,AMR_33,G3_12,WS_13_20,"[""104397"", ""110220""]",2,6586.550000015196,7075.250000016974,7017.200000016763,6586.550000015196,6603.850000015259,6607.900000015274,7007.100000016726,7007.150000016726,7017.1500000167625,7017.200000016763,7071.200000016959,7075.250000016974,18.100000000000122,175.2500000000056,30.6500000000003,0,264.45000000002585,0.25,0,12.0,156.00000000000054
J000845,2023-02-03/RUDA,RUDA,AMR_20,G12_10,WS_8_20,"[""110324"", ""110482"", ""113194""]",3,6588.900000015205,6779.450000015898,6681.8000000155425,6588.900000015205,6612.750000015291,6616.800000015306,6671.700000015506,6671.750000015506,6681.750000015542,6681.8000000155425,6775.400000015883,6779.450000015898,18.100000000000122,83.99999999999737,14.350000000000069,0,73.84999999999795,0.25,0,18.0,64.00000000000048
J000846,2023-02-03/JETG,JETG,AMR_13,G17_6,WS_19_20,"[""112312""]",1,6600.100000015245,6744.900000015772,6692.850000015583,6600.100000015245,6632.350000015363,6636.400000015377,6682.750000015546,6682.800000015546,6692.800000015583,6692.850000015583,6740.850000015757,6744.900000015772,18.100000000000122,99.59999999999648,14.300000000000068,0,12.550000000000043,0.25,0,28.00000000000003,80.00000000000063
J000847,2023-02-03/SETA,SETA,AMR_27,G15_14,WS_30_20,"[""101075"", ""101296"", ""107412"", ""110502"", ""110531"", ""123304"", ""139323""]",7,6609.65000001528,6785.60000001592,6738.450000015749,6609.65000001528,6667.150000015489,6671.200000015504,6728.350000015712,6728.400000015712,6738.400000015748,6738.450000015749,6781.550000015905,6785.60000001592,18.100000000000122,98.84999999999653,15.300000000000082,0,43.44999999999967,0.25,0,20.0,92.00000000000009
J000848,2023-02-03/IPMG,IPMG,AMR_31,G21_13,WS_25_20,"[""120049"", ""131976"", ""214618""]",3,6610.950000015285,6737.700000015746,6690.700000015575,6610.950000015285,6642.400000015399,6646.450000015414,6680.600000015538,6680.650000015538,6690.650000015575,6690.700000015575,6733.650000015731,6737.700000015746,18.100000000000122,76.29999999999781,15.300000000000082,0,16.800000000000104,0.25,0,26.0,52.00000000000013
J000849,2023-02-03/KKDG,KKDG,AMR_17,G9_2,WS_13_20,"[""110349"", ""112040""]",2,6613.500000015294,6900.400000016338,6785.750000015921,6613.500000015294,6697.5000000156,6701.550000015614,6775.650000015884,6775.700000015884,6785.7000000159205,6785.750000015921,6896.350000016323,6900.400000016338,18.100000000000122,131.94999999999575,15.250000000000082,0,121.34999999999525,0.25,0,42.00000000000023,100.00000000000115
J000850,2023-02-03/RUDA,RUDA,AMR_35,G14_12,WS_8_20,"[""110316"", ""110419"", ""110450""]",3,6613.600000015294,6736.400000015741,6662.450000015472,6613.600000015294,6613.600000015294,6617.650000015309,6652.350000015435,6652.400000015436,6662.400000015472,6662.450000015472,6732.350000015726,6736.400000015741,18.100000000000122,60.19999999999872,9.55,0,34.75000000000016,0.2,0,0.0,64.00000000000064
J000851,2023-02-03/JETG,JETG,AMR_10,G15_6,WS_19_20,"[""110449""]",1,6614.950000015299,7264.2500000176615,6856.450000016178,6614.950000015299,6675.900000015521,6679.950000015536,6846.350000016141,6846.400000016141,6856.400000016178,6856.450000016178,7260.200000017647,7264.2500000176615,18.100000000000122,207.05000000001283,30.6500000000003,0,393.25000000005514,0.25,0,28.00000000000003,171.99999999999744
J000852,2023-02-03/SETA,SETA,AMR_02,G14_13,WS_30_20,"[""110254"", ""110417"", ""110603"", ""111228"", ""111391""]",5,6634.700000015371,7038.750000016841,6978.150000016621,6634.700000015371,6764.550000015844,6768.600000015858,6968.050000016584,6968.100000016584,6978.1000000166205,6978.150000016621,7034.700000016826,7038.750000016841,18.100000000000122,144.4999999999986,22.000000000000178,0,219.2000000000156,0.25,0,44.00000000000013,108.00000000000028
J000853,2023-02-03/IPMG,IPMG,AMR_14,G18_14,WS_25_20,"[""110530"", ""112059"", ""123763""]",4,6639.400000015388,6986.400000016651,6942.900000016492,6639.400000015388,6891.150000016304,6895.200000016319,6932.800000016456,6932.850000016456,6942.850000016492,6942.900000016492,6982.350000016636,6986.400000016651,18.100000000000122,160.2500000000022,30.6500000000003,0,137.74999999999707,0.25,0,104.00000000000074,60.000000000000114
J000854,2023-02-03/KKDG,KKDG,AMR_40,G15_15,WS_13_20,"[""124211""]",1,6647.000000015416,6805.150000015991,6708.55000001564,6647.000000015416,6677.650000015527,6681.700000015542,6698.450000015603,6698.500000015603,6708.50000001564,6708.55000001564,6801.100000015977,6805.150000015991,18.100000000000122,43.499999999999666,8.599999999999987,0,87.69999999999716,0.25,0,8.0,32.0
J000855,2023-02-03/RUDA,RUDA,AMR_01,G18_9,WS_8_20,"[""110479"", ""110484"", ""110703"", ""111239""]",4,6657.800000015455,7157.150000017272,7022.400000016782,6657.800000015455,6913.350000016385,6917.4000000164,7012.300000016745,7012.350000016745,7022.350000016781,7022.400000016782,7153.100000017257,7157.150000017272,18.100000000000122,170.8000000000046,24.90000000000022,0,285.3000000000306,0.25,0,62.00000000000027,100.0000000000006
J000856,2023-02-03/JETG,JETG,AMR_30,G12_7,WS_19_20,"[""110585""]",1,6672.85000001551,6866.5000000162145,6777.700000015891,6672.85000001551,6701.950000015616,6706.000000015631,6767.600000015855,6767.650000015855,6777.650000015891,6777.700000015891,6862.4500000162,6866.5000000162145,18.100000000000122,103.64999999999625,14.300000000000068,0,57.34999999999888,0.25,0,20.00000000000003,88.00000000000065
J000857,2023-02-03/RUDA,RUDA,AMR_21,G8_8,WS_8_20,"[""101033"", ""112217"", ""133910""]",3,6689.700000015571,6876.15000001625,6838.900000016114,6689.700000015571,6735.150000015737,6739.200000015751,6828.800000016077,6828.8500000160775,6838.850000016114,6838.900000016114,6872.100000016235,6876.15000001625,18.100000000000122,96.74999999999665,15.300000000000082,0,56.04999999999895,0.25,0,38.00000000000013,68.00000000000068
J000858,2023-02-03/SETA,SETA,AMR_23,G17_15,WS_30_20,"[""110178"", ""110499"", ""110555"", ""112279"", ""112334"", ""136923""]",6,6691.850000015579,6817.800000016037,6755.40000001581,6691.850000015579,6691.850000015579,6695.900000015594,6745.300000015774,6745.350000015774,6755.35000001581,6755.40000001581,6813.750000016023,6817.800000016037,18.100000000000122,67.49999999999831,7.649999999999981,0,32.50000000000029,0.2,0,0.0,79.99999999999999
J000859,2023-02-03/IPMG,IPMG,AMR_05,G21_10,WS_25_20,"[""110341"", ""111366"", ""115770""]",3,6696.500000015596,7044.05000001686,6987.800000016656,6696.500000015596,6921.400000016414,6925.450000016429,6977.700000016619,6977.750000016619,6987.750000016656,6987.800000016656,7040.000000016846,7044.05000001686,18.100000000000122,139.74999999999753,24.850000000000218,0,164.60000000000318,0.25,0,72.00000000000023,64.00000000000041
J000860,2023-02-03/KKDG,KKDG,AMR_07,G8_14,WS_13_20,"[""118513""]",1,6696.600000015596,7085.20000001701,7051.300000016887,6696.600000015596,6871.800000016234,6875.8500000162485,7041.20000001685,7041.25000001685,7051.250000016887,7051.300000016887,7081.150000016995,7085.20000001701,18.100000000000122,171.3500000000047,26.750000000000245,0,172.1500000000049,0.25,0,98.00000000000105,72.00000000000045
J000861,2023-02-03/RUDA,RUDA,AMR_29,G18_12,WS_8_20,"[""101012"", ""110165"", ""112302""]",3,6702.9500000156195,7581.300000018815,7413.350000018204,6702.9500000156195,7252.000000017617,7256.050000017632,7403.250000018167,7403.300000018167,7413.300000018204,7413.350000018204,7577.2500000188,7581.300000018815,18.100000000000122,349.30000000004515,54.64999999999903,0,456.0500000000694,0.25,0,273.99999999998533,88.00000000000048
J000862,2023-02-03/JETG,JETG,AMR_32,G14_6,WS_19_20,"[""111367""]",2,6703.10000001562,7279.550000017717,7018.350000016767,6703.10000001562,6805.600000015993,6809.650000016008,7008.25000001673,7008.30000001673,7018.300000016767,7018.350000016767,7275.500000017702,7279.550000017717,18.100000000000122,154.85000000000096,24.90000000000022,0,378.35000000005175,0.25,0,24.00000000000003,128.0000000000013
J000863,2023-02-03/RUDA,RUDA,AMR_16,G15_9,WS_8_20,"[""107457"", ""110164"", ""110251""]",3,6707.800000015637,7014.550000016753,6868.800000016223,6707.800000015637,6743.850000015768,6747.900000015783,6858.700000016186,6858.750000016186,6868.750000016223,6868.800000016223,7010.500000016738,7014.550000016753,18.100000000000122,103.09999999999629,18.200000000000124,0,167.10000000000375,0.25,0,6.0,100.0000000000012
J000864,2023-02-03/IPMG,IPMG,AMR_04,G20_8,WS_25_20,"[""110180"", ""131642"", ""131980""]",3,6710.150000015646,6987.900000016656,6924.100000016424,6710.150000015646,6756.850000015816,6760.90000001583,6914.000000016387,6914.0500000163875,6924.050000016424,6924.100000016424,6983.850000016641,6987.900000016656,18.100000000000122,110.99999999999584,14.300000000000068,0,134.09999999999624,0.25,0,34.0,84.00000000000068
J000865,2023-02-03/KKDG,KKDG,AMR_18,G15_13,WS_13_20,"[""101025"", ""136998""]",2,6714.650000015662,6878.850000016259,6839.950000016118,6714.650000015662,6789.250000015933,6793.300000015948,6829.850000016081,6829.900000016081,6839.900000016118,6839.950000016118,6874.800000016245,6878.850000016259,18.100000000000122,103.49999999999626,19.150000000000137,0,23.200000000000195,0.25,0,60.000000000000824,48.000000000000355
J000866,2023-02-03/JETG,JETG,AMR_34,G9_9,WS_19_20,"[""110310""]",1,6719.850000015681,7020.850000016776,6890.300000016301,6719.850000015681,6754.300000015806,6758.350000015821,6880.200000016264,6880.2500000162645,6890.250000016301,6890.300000016301,7016.800000016761,7020.850000016776,18.100000000000122,122.74999999999517,16.200000000000095,0,143.69999999999843,0.25,0,31.999999999999982,92.00000000000037
J000867,2023-02-03/SETA,SETA,AMR_36,G14_10,WS_30_20,"[""101180"", ""101193"", ""107293"", ""110541"", ""112332""]",5,6724.000000015696,7038.750000016841,6914.550000016389,6724.000000015696,6793.050000015947,6797.100000015962,6904.4500000163525,6904.500000016353,6914.500000016389,6914.550000016389,7034.700000016826,7038.750000016841,18.100000000000122,168.7000000000041,18.100000000000122,0,109.59999999999592,0.25,0,26.0,163.99999999999835
J000868,2023-02-03/RUDA,RUDA,AMR_35,G6_5,WS_8_20,"[""107573"", ""112357"", ""120049""]",3,6736.450000015741,7013.100000016748,6900.6000000163385,6736.450000015741,6778.800000015895,6782.85000001591,6890.500000016302,6890.550000016302,6900.550000016338,6900.6000000163385,7009.050000016733,7013.100000016748,18.100000000000122,113.69999999999568,15.300000000000082,0,129.29999999999515,0.25,0,38.00000000000006,80.00000000000088
J000869,2023-02-03/IPMG,IPMG,AMR_31,G12_9,WS_25_20,"[""101104"", ""101183"", ""110511""]",3,6737.750000015746,7035.150000016828,6958.900000016551,6737.750000015746,6807.9500000160015,6812.000000016016,6948.800000016514,6948.850000016514,6958.85000001655,6958.900000016551,7031.100000016813,7035.150000016828,18.100000000000122,126.94999999999493,17.20000000000011,0,134.89999999999642,0.25,0,30.0,104.00000000000034
J000870,2023-02-03/KKDG,KKDG,AMR_11,G17_10,WS_13_20,"[""110575"", ""111999""]",3,6739.050000015751,7017.350000016763,6868.200000016221,6739.050000015751,6806.150000015995,6810.20000001601,6858.100000016184,6858.150000016184,6868.1500000162205,6868.200000016221,7013.3000000167485,7017.350000016763,18.100000000000122,123.8499999999951,21.050000000000164,0,115.0499999999956,0.25,0,36.0,76.00000000000051
J000871,2023-02-03/JETG,JETG,AMR_13,G3_13,WS_19_20,"[""101151"", ""107336"", ""110344""]",4,6744.950000015772,7067.300000016945,6977.600000016619,6744.950000015772,6815.70000001603,6819.750000016044,6967.500000016582,6967.550000016582,6977.5500000166185,6977.600000016619,7063.25000001693,7067.300000016945,18.100000000000122,148.34999999999948,19.150000000000137,0,136.4999999999968,0.25,0,70.00000000000146,100.00000000000061
J000872,2023-02-03/SETA,SETA,AMR_25,G14_12,WS_30_20,"[""107312"", ""110232"", ""110323"", ""110419"", ""124210""]",5,6755.4500000158105,7311.650000017834,6961.100000016559,6755.4500000158105,6786.200000015922,6790.250000015937,6951.000000016522,6951.050000016522,6961.050000016558,6961.100000016559,7307.600000017819,7311.650000017834,18.100000000000122,172.05000000000487,26.800000000000246,0,339.0000000000428,0.25,0,14.0,163.99999999999955
J000873,2023-02-03/MMIM,MMIM,AMR_37,G11_9,WS_2_20,"[""112353""]",1,6776.050000015885,6932.150000016453,6886.450000016287,6776.050000015885,6776.050000015885,6780.1000000159,6876.35000001625,6876.4000000162505,6886.400000016287,6886.450000016287,6928.100000016439,6932.150000016453,18.100000000000122,75.84999999999783,9.55,0,52.39999999999916,0.2,0,0.0,84.00000000000111
J000874,2023-02-03/RUDA,RUDA,AMR_20,G12_5,WS_8_20,"[""110225"", ""121833"", ""133300""]",3,6779.500000015898,7003.100000016711,6884.6500000162805,6779.500000015898,6797.300000015963,6801.3500000159775,6874.550000016244,6874.600000016244,6884.60000001628,6884.6500000162805,6999.050000016697,7003.100000016711,18.100000000000122,111.6999999999958,14.300000000000068,0,79.24999999999764,0.25,0,14.0,112.00000000000205
J000875,2023-02-03/IPMG,IPMG,AMR_27,G12_10,WS_25_20,"[""110482"", ""113194"", ""134683""]",3,6785.65000001592,7583.700000018824,7313.4500000178405,6785.65000001592,7161.000000017286,7165.050000017301,7303.350000017804,7303.400000017804,7313.40000001784,7313.4500000178405,7579.650000018809,7583.700000018824,18.100000000000122,335.1500000000419,50.69999999999926,0,393.8500000000553,0.25,0,157.9999999999996,195.99999999999648
J000876,2023-02-03/KKDG,KKDG,AMR_19,G9_13,WS_13_20,"[""109969""]",1,6792.250000015944,7068.450000016949,7034.250000016825,6792.250000015944,6838.800000016114,6842.850000016128,7024.150000016788,7024.200000016788,7034.200000016825,7034.250000016825,7064.400000016934,7068.450000016949,18.100000000000122,78.54999999999768,13.400000000000055,0,165.90000000000347,0.25,0,20.0,52.000000000000256
J000877,2023-02-03/JETG,JETG,AMR_06,G6_12,WS_19_20,"[""112320""]",1,6797.150000015962,7327.450000017891,7066.00000001694,6797.150000015962,6846.400000016141,6850.450000016156,7055.9000000169035,7055.950000016904,7065.95000001694,7066.00000001694,7323.400000017877,7327.450000017891,18.100000000000122,143.34999999999835,21.050000000000164,0,347.55000000004475,0.25,0,52.00000000000068,96.00000000000082
J000878,2023-02-03/SETA,SETA,AMR_40,G15_10,WS_30_20,"[""101117"", ""101335"", ""107159"", ""120052"", ""123788""]",5,6805.2000000159915,7382.850000018093,6995.200000016683,6805.2000000159915,6914.400000016389,6918.4500000164035,6985.100000016646,6985.150000016646,6995.1500000166825,6995.200000016683,7378.800000018078,7382.850000018093,18.100000000000122,218.65000000001547,40.39999999999984,0,300.250000000034,0.25,0,26.0,199.99999999999852
J000879,2023-02-03/KKDG,KKDG,AMR_22,G8_13,WS_13_20,"[""111356""]",1,6815.000000016027,7528.100000018621,7442.350000018309,6815.000000016027,7014.150000016752,7018.200000016766,7432.250000018273,7432.300000018273,7442.300000018309,7442.350000018309,7524.050000018607,7528.100000018621,18.100000000000122,167.60000000000386,30.6500000000003,0,496.5000000000786,0.25,0,64.00000000000037,92.00000000000048
J000880,2023-02-03/IPMG,IPMG,AMR_23,G17_15,WS_25_20,"[""107280"", ""110555"", ""112279""]",3,6817.8500000160375,6902.000000016344,6871.550000016233,6817.8500000160375,6817.8500000160375,6821.900000016052,6861.450000016196,6861.500000016196,6871.500000016233,6871.550000016233,6897.950000016329,6902.000000016344,18.100000000000122,53.09999999999912,7.649999999999981,0,5.09999999999999,0.2,0,0.0,60.00000000000003
J000881,2023-02-03/MMIM,MMIM,AMR_03,G11_10,WS_2_20,"[""101022""]",1,6831.750000016088,7006.250000016723,6960.400000016556,6831.750000016088,6831.750000016088,6835.800000016103,6950.300000016519,6950.3500000165195,6960.350000016556,6960.400000016556,7002.200000016708,7006.250000016723,18.100000000000122,97.14999999999662,9.5,0,49.54999999999932,0.2,0,0.0,108.00000000000159
J000882,2023-02-03/JETG,JETG,AMR_24,G9_8,WS_19_20,"[""127717""]",1,6838.250000016112,7422.200000018236,7251.6000000176155,6838.250000016112,6935.950000016467,6940.000000016482,7241.500000017579,7241.550000017579,7251.550000017615,7251.6000000176155,7418.150000018221,7422.200000018236,18.100000000000122,209.6000000000134,30.6000000000003,0,325.4000000000397,0.25,0,70.00000000000068,151.99999999999886
J000883,2023-02-03/RUDA,RUDA,AMR_08,G15_15,WS_8_20,"[""101290"", ""110604"", ""112034"", ""123094"", ""124211"", ""124702""]",6,6843.40000001613,7673.700000019151,7625.500000018976,6843.40000001613,7450.85000001834,7454.900000018355,7615.400000018939,7615.450000018939,7625.4500000189755,7625.500000018976,7669.650000019136,7673.700000019151,18.100000000000122,270.5000000000272,45.14999999999957,0,496.30000000007857,0.25,0,185.99999999999824,76.0000000000006
J000884,2023-02-03/SETA,SETA,AMR_12,G21_13,WS_30_20,"[""112277"", ""120049"", ""131976"", ""214618""]",4,6843.650000016131,7049.650000016881,7012.250000016745,6843.650000016131,6933.350000016458,6937.400000016472,7002.150000016708,7002.200000016708,7012.2000000167445,7012.250000016745,7045.600000016866,7049.650000016881,18.100000000000122,120.4499999999953,17.25000000000011,0,49.9499999999993,0.25,0,66.0000000000008,72.00000000000023
J000885,2023-02-03/KKDG,KKDG,AMR_38,G3_14,WS_13_20,"[""107439"", ""115355""]",2,6849.150000016151,7270.3000000176835,7097.800000017056,6849.150000016151,6992.450000016673,6996.500000016687,7087.700000017019,7087.750000017019,7097.750000017056,7097.800000017056,7266.250000017669,7270.3000000176835,18.100000000000122,135.2499999999965,22.90000000000019,0,244.65000000002138,0.25,0,56.00000000000021,72.0000000000005
J000886,2023-02-03/JETG,JETG,AMR_30,G2_14,WS_19_20,"[""107347""]",1,6866.550000016215,7605.1000000189015,7372.5500000180555,6866.550000016215,6951.250000016523,6955.3000000165375,7362.450000018019,7362.500000018019,7372.500000018055,7372.5500000180555,7601.050000018887,7605.1000000189015,18.100000000000122,260.05000000002485,38.29999999999996,0,421.85000000006164,0.25,0,70.00000000000115,207.99999999999142
J000887,2023-02-03/IPMG,IPMG,AMR_21,G21_14,WS_25_20,"[""101328"", ""110533"", ""111241"", ""111988""]",5,6876.20000001625,7191.950000017398,7162.950000017293,6876.20000001625,7111.300000017105,7115.35000001712,7152.850000017256,7152.900000017256,7162.900000017293,7162.950000017293,7187.900000017384,7191.950000017398,18.100000000000122,194.05000000000987,28.700000000000273,0,74.6499999999979,0.25,0,165.99999999999895,48.00000000000004
J000888,2023-02-03/RUDA,RUDA,AMR_18,G20_10,WS_8_20,"[""110461"", ""122645"", ""125463""]",3,6878.90000001626,7492.00000001849,7361.650000018016,6878.90000001626,6990.300000016665,6994.35000001668,7351.550000017979,7351.600000017979,7361.600000018016,7361.650000018016,7487.950000018475,7492.00000001849,18.100000000000122,167.3000000000038,30.6500000000003,0,396.80000000005595,0.25,0,16.0,155.99999999999872
J000889,2023-02-03/KKDG,KKDG,AMR_39,G14_14,WS_13_20,"[""110595""]",1,6896.2000000163225,6984.850000016645,6945.4000000165015,6896.2000000163225,6896.2000000163225,6900.250000016337,6935.300000016465,6935.350000016465,6945.350000016501,6945.4000000165015,6980.80000001663,6984.850000016645,18.100000000000122,44.09999999999963,9.55,0,16.700000000000102,0.2,0,0.0,40.00000000000004
J000890,2023-02-03/JETG,JETG,AMR_17,G3_5,WS_19_20,"[""111207""]",1,6900.450000016338,7313.600000017841,7035.350000016829,6900.450000016338,6929.000000016442,6933.050000016457,7025.250000016792,7025.300000016792,7035.300000016829,7035.350000016829,7309.550000017826,7313.600000017841,18.100000000000122,175.3000000000056,21.950000000000177,0,197.55000000001067,0.25,0,17.999999999999996,171.99999999999784
J000891,2023-02-03/RUDA,RUDA,AMR_23,G6_13,WS_8_20,"[""107165"", ""112444""]",2,6902.050000016344,7148.45000001724,7117.800000017129,6902.050000016344,7057.500000016909,7061.550000016924,7107.700000017092,7107.750000017092,7117.7500000171285,7117.800000017129,7144.4000000172255,7148.45000001724,18.100000000000122,102.8999999999963,18.200000000000124,0,106.94999999999607,0.25,0,50.000000000000185,48.00000000000013
J000892,2023-02-03/SETA,SETA,AMR_37,G17_13,WS_30_20,"[""101076"", ""107317"", ""110189"", ""112326""]",5,6932.2000000164535,7726.500000019343,7494.0500000184975,6932.2000000164535,7390.450000018121,7394.500000018135,7483.950000018461,7484.000000018461,7494.000000018497,7494.0500000184975,7722.450000019328,7726.500000019343,18.100000000000122,386.65000000005364,53.64999999999909,0,335.65000000004204,0.25,0,335.9999999999807,100.0000000000002
J000893,2023-02-03/IPMG,IPMG,AMR_15,G12_7,WS_25_20,"[""110500"", ""110552"", ""110585""]",3,6933.800000016459,7287.100000017745,7054.300000016898,6933.800000016459,6970.800000016594,6974.850000016609,7044.200000016861,7044.250000016861,7054.2500000168975,7054.300000016898,7283.05000001773,7287.100000017745,18.100000000000122,166.4000000000036,22.90000000000019,0,145.64999999999887,0.25,0,34.0,151.99999999999915
J000894,2023-02-03/SETA,SETA,AMR_39,G15_13,WS_30_20,"[""101025"", ""110262"", ""111212"", ""111307"", ""112324"", ""129530""]",7,6984.900000016645,7546.450000018688,7374.700000018063,6984.900000016645,7186.350000017378,7190.400000017393,7364.600000018027,7364.650000018027,7374.650000018063,7374.700000018063,7542.400000018673,7546.450000018688,18.100000000000122,161.40000000000245,24.90000000000022,0,356.9000000000469,0.25,0,64.00000000000038,96.0
J000895,2023-02-03/IPMG,IPMG,AMR_14,G14_2,WS_25_20,"[""110209"", ""110423"", ""112444""]",3,6986.450000016651,7472.65000001842,7345.550000017957,6986.450000016651,7263.650000017659,7267.700000017674,7335.4500000179205,7335.500000017921,7345.500000017957,7345.550000017957,7468.600000018405,7472.65000001842,18.100000000000122,192.25000000000946,31.650000000000315,0,243.95000000002122,0.25,0,76.00000000000078,136.00000000000142
J000896,2023-02-03/SETA,SETA,AMR_04,G15_12,WS_30_20,"[""101207"", ""110143"", ""110191"", ""124478""]",4,6987.950000016656,7592.400000018855,7442.50000001831,6987.950000016656,7322.8000000178745,7326.850000017889,7432.400000018273,7432.450000018273,7442.45000001831,7442.50000001831,7588.350000018841,7592.400000018855,18.100000000000122,330.2500000000408,44.09999999999963,0,211.7500000000139,0.25,0,269.9999999999894,99.99999999999994
J000897,2023-02-03/IPMG,IPMG,AMR_20,G14_14,WS_25_20,"[""112066"", ""112086"", ""123272""]",3,7003.150000016712,7535.750000018649,7329.600000017899,7003.150000016712,7238.800000017569,7242.850000017584,7319.5000000178625,7319.550000017863,7329.550000017899,7329.600000017899,7531.7000000186345,7535.750000018649,18.100000000000122,157.7000000000016,26.900000000000247,0,329.6500000000407,0.25,0,54.000000000000114,104.00000000000031
J000898,2023-02-03/SETA,SETA,AMR_03,G17_8,WS_30_20,"[""101221"", ""107327"", ""110333"", ""112083""]",4,7006.300000016723,7281.750000017725,7212.450000017473,7006.300000016723,7124.800000017154,7128.850000017169,7202.350000017436,7202.4000000174365,7212.400000017473,7212.450000017473,7277.70000001771,7281.750000017725,18.100000000000122,129.39999999999517,18.150000000000123,0,109.54999999999592,0.25,0,20.0,116.00000000000085
J000899,2023-02-03/SETA,SETA,AMR_35,G17_7,WS_30_20,"[""101189"", ""110136"", ""110600"", ""137330""]",4,7013.150000016748,7310.850000017831,7140.15000001721,7013.150000016748,7054.450000016898,7058.500000016913,7130.050000017173,7130.100000017173,7140.10000001721,7140.15000001721,7306.800000017816,7310.850000017831,18.100000000000122,167.20000000000377,22.95000000000019,0,89.19999999999708,0.25,0,34.00000000000001,151.99999999999906
J000900,2023-02-03/KKDG,KKDG,AMR_16,G11_10,WS_13_20,"[""101147"", ""110313""]",2,7014.600000016753,7421.800000018235,7329.650000017899,7014.600000016753,7108.000000017093,7112.050000017108,7319.550000017863,7319.600000017863,7329.600000017899,7329.650000017899,7417.75000001822,7421.800000018235,18.100000000000122,113.84999999999567,17.20000000000011,0,257.80000000002434,0.25,0,46.000000000000455,64.00000000000024
J000901,2023-02-03/RUDA,RUDA,AMR_11,G18_15,WS_8_20,"[""111272"", ""112285""]",2,7017.400000016763,7440.600000018303,7304.450000017808,7017.400000016763,7090.950000017031,7095.000000017046,7294.350000017771,7294.400000017771,7304.4000000178075,7304.450000017808,7436.550000018288,7440.600000018303,18.100000000000122,140.14999999999762,23.800000000000203,0,240.90000000002053,0.25,0,16.0,120.00000000000125
J000902,2023-02-03/IPMG,IPMG,AMR_34,G9_6,WS_25_20,"[""110179"", ""112302"", ""112380""]",3,7020.900000016776,7286.150000017741,7182.700000017365,7020.900000016776,7037.100000016835,7041.15000001685,7172.600000017328,7172.650000017328,7182.650000017365,7182.700000017365,7282.100000017726,7286.150000017741,18.100000000000122,141.74999999999798,17.20000000000011,0,87.94999999999715,0.25,0,10.0,140.0000000000009
J000903,2023-02-03/KKDG,KKDG,AMR_31,G17_12,WS_13_20,"[""107250""]",1,7035.200000016828,7585.800000018831,7346.650000017961,7035.200000016828,7289.200000017752,7293.250000017767,7336.5500000179245,7336.600000017925,7346.600000017961,7346.650000017961,7581.7500000188165,7585.800000018831,18.100000000000122,123.29999999999514,26.900000000000247,0,382.0500000000526,0.25,0,40.000000000000185,64.00000000000003
J000904,2023-02-03/SETA,SETA,AMR_36,G24_13,WS_30_20,"[""107197"", ""113118"", ""118531""]",4,7038.800000016841,7228.900000017533,7195.600000017412,7038.800000016841,7142.450000017218,7146.500000017233,7185.500000017375,7185.550000017375,7195.550000017412,7195.600000017412,7224.850000017518,7228.900000017533,18.100000000000122,105.99999999999612,14.300000000000068,0,51.449999999999214,0.25,0,62.00000000000075,60.00000000000021
J000905,2023-02-03/RUDA,RUDA,AMR_02,G11_9,WS_8_20,"[""111208"", ""112084""]",2,7038.800000016841,7384.8000000181,7320.250000017865,7038.800000016841,7252.400000017618,7256.450000017633,7310.1500000178285,7310.200000017829,7320.200000017865,7320.250000017865,7380.750000018085,7384.8000000181,18.100000000000122,103.69999999999625,19.200000000000138,0,204.7500000000123,0.25,0,38.0000000000001,64.00000000000037
J000906,2023-02-03/KKDG,KKDG,AMR_05,G15_8,WS_13_20,"[""126834""]",1,7044.100000016861,7992.15000002031,7904.950000019992,7044.100000016861,7402.850000018166,7406.90000001818,7894.850000019956,7894.900000019956,7904.900000019992,7904.950000019992,7988.100000020295,7992.15000002031,18.100000000000122,270.20000000002716,46.04999999999952,0,613.4499999999898,0.25,0,108.00000000000094,144.00000000000057
J000907,2023-02-03/KKDG,KKDG,AMR_12,G23_13,WS_13_20,"[""101179""]",1,7051.350000016887,7430.600000018267,7178.60000001735,7051.350000016887,7057.70000001691,7061.750000016925,7168.500000017313,7168.550000017313,7178.55000001735,7178.60000001735,7426.550000018252,7430.600000018267,18.100000000000122,122.99999999999515,19.200000000000138,0,218.70000000001548,0.25,0,4.0,120.00000000000108
J000908,2023-02-03/IPMG,IPMG,AMR_28,G3_15,WS_25_20,"[""110222"", ""110561"", ""110615"", ""112231""]",5,7058.000000016911,7417.600000018219,7201.000000017431,7058.000000016911,7058.000000016911,7062.050000016926,7190.900000017395,7190.950000017395,7200.950000017431,7201.000000017431,7413.550000018205,7417.600000018219,18.100000000000122,138.3499999999972,17.20000000000011,0,185.750000000008,0.2,0,0.0,147.9999999999983
J000909,2023-02-03/KKDG,KKDG,AMR_19,G15_9,WS_13_20,"[""107259""]",1,7097.850000017056,7577.850000018802,7425.500000018248,7097.850000017056,7176.150000017341,7180.200000017356,7415.400000018211,7415.4500000182115,7425.450000018248,7425.500000018248,7573.800000018788,7577.850000018802,18.100000000000122,148.3999999999995,22.95000000000019,0,290.30000000003173,0.25,0,24.0,112.00000000000074
J000910,2023-02-03/RUDA,RUDA,AMR_07,G8_14,WS_8_20,"[""112387"", ""135096""]",2,7117.850000017129,7215.300000017483,7180.550000017357,7117.850000017129,7117.850000017129,7121.900000017144,7170.45000001732,7170.50000001732,7180.500000017357,7180.550000017357,7211.250000017469,7215.300000017483,18.100000000000122,45.04999999999958,9.55,0,24.550000000000214,0.2,0,0.0,44.00000000000004
J000911,2023-02-03/SETA,SETA,AMR_09,G17_10,WS_30_20,"[""110575"", ""121904"", ""131216"", ""137523""]",5,7140.20000001721,7370.650000018049,7308.950000017824,7140.20000001721,7237.000000017562,7241.050000017577,7298.850000017787,7298.9000000177875,7308.900000017824,7308.950000017824,7366.600000018034,7370.650000018049,18.100000000000122,117.84999999999545,16.200000000000095,0,78.04999999999771,0.25,0,32.0,100.00000000000034
J000912,2023-02-03/IPMG,IPMG,AMR_33,G14_13,WS_25_20,"[""110254"", ""110274"", ""110418""]",3,7163.000000017293,7687.450000019201,7455.000000018355,7163.000000017293,7245.600000017594,7249.650000017608,7444.900000018319,7444.950000018319,7454.950000018355,7455.000000018355,7683.400000019186,7687.450000019201,18.100000000000122,128.2499999999949,19.050000000000136,0,358.8000000000473,0.25,0,28.0,92.00000000000017
J000913,2023-02-03/KKDG,KKDG,AMR_23,G6_13,WS_13_20,"[""107165""]",1,7178.65000001735,7373.600000018059,7286.200000017741,7178.65000001735,7178.65000001735,7182.700000017365,7276.100000017705,7276.150000017705,7286.150000017741,7286.200000017741,7369.550000018045,7373.600000018059,18.100000000000122,67.94999999999828,9.55,0,99.14999999999651,0.2,0,0.0,64.00000000000048
J000914,2023-02-03/RUDA,RUDA,AMR_01,G14_9,WS_8_20,"[""101149"", ""112070""]",2,7180.600000017357,7581.100000018814,7474.950000018428,7180.600000017357,7296.75000001778,7300.800000017794,7464.850000018391,7464.900000018391,7474.900000018428,7474.950000018428,7577.050000018799,7581.100000018814,18.100000000000122,135.29999999999652,21.050000000000164,0,225.8000000000171,0.25,0,52.0000000000002,76.00000000000048
J000915,2023-02-03/IPMG,IPMG,AMR_13,G14_10,WS_25_20,"[""101180"", ""107293"", ""112317""]",3,7182.750000017365,7645.550000019049,7481.500000018452,7182.750000017365,7380.450000018084,7384.500000018099,7471.400000018415,7471.450000018415,7481.450000018452,7481.500000018452,7641.500000019034,7645.550000019049,18.100000000000122,185.70000000000798,31.550000000000313,0,227.2000000000174,0.25,0,96.0000000000015,92.00000000000017
J000916,2023-02-03/SETA,SETA,AMR_21,G18_9,WS_30_20,"[""110398"", ""110484"", ""111295"", ""112292""]",4,7195.650000017412,7436.250000018287,7326.300000017887,7195.650000017412,7233.60000001755,7237.650000017565,7316.2000000178505,7316.250000017851,7326.250000017887,7326.300000017887,7432.2000000182725,7436.250000018287,18.100000000000122,115.89999999999556,19.100000000000136,0,87.24999999999719,0.25,0,20.0,100.00000000000051
J000917,2023-02-03/IPMG,IPMG,AMR_07,G8_14,WS_25_20,"[""112275"", ""118513"", ""135096""]",3,7215.350000017484,7832.300000019728,7439.050000018297,7215.350000017484,7215.350000017484,7219.400000017498,7428.950000018261,7429.000000018261,7439.000000018297,7439.050000018297,7828.250000019713,7832.300000019728,18.100000000000122,240.55000000002045,30.6000000000003,0,327.5000000000402,0.2,0,0.0,251.9999999999969
J000918,2023-02-03/SETA,SETA,AMR_36,G21_14,WS_30_20,"[""110533"", ""111241"", ""112009""]",4,7228.950000017533,7423.000000018239,7343.350000017949,7228.950000017533,7256.700000017634,7260.750000017649,7333.2500000179125,7333.300000017913,7343.300000017949,7343.350000017949,7418.950000018224,7423.000000018239,18.100000000000122,91.39999999999695,15.300000000000082,0,68.99999999999822,0.25,0,20.0,68.00000000000003
J000919,2023-02-03/MMIM,MMIM,AMR_26,G20_12,WS_2_20,"[""112386""]",1,7240.150000017574,7694.850000019228,7444.750000018318,7240.150000017574,7240.150000017574,7244.2000000175885,7434.650000018281,7434.700000018282,7444.700000018318,7444.750000018318,7690.800000019213,7694.850000019228,18.100000000000122,188.20000000000854,24.850000000000218,0,223.35000000001654,0.2,0,0.0,207.99999999999494
J000920,2023-02-03/KKDG,KKDG,AMR_32,G14_7,WS_13_20,"[""134669""]",1,7286.2500000177415,7573.250000018786,7459.400000018371,7286.2500000177415,7290.200000017756,7294.250000017771,7449.300000018335,7449.350000018335,7459.350000018371,7459.400000018371,7569.200000018771,7573.250000018786,18.100000000000122,78.84999999999766,11.400000000000027,0,178.40000000000632,0.25,0,2.0,68.00000000000054
J000921,2023-02-03/RUDA,RUDA,AMR_38,G3_14,WS_8_20,"[""101192"", ""107301""]",2,7304.500000017808,7408.3000000181855,7377.450000018073,7304.500000017808,7304.500000017808,7308.550000017823,7367.350000018037,7367.400000018037,7377.400000018073,7377.450000018073,7404.250000018171,7408.3000000181855,18.100000000000122,56.29999999999894,9.55,0,19.650000000000144,0.2,0,0.0,52.00000000000013
J000922,2023-02-03/SETA,SETA,AMR_03,G20_14,WS_30_20,"[""107329"", ""110524"", ""111995""]",3,7309.000000017824,7465.350000018393,7396.550000018143,7309.000000017824,7339.000000017933,7343.050000017948,7386.450000018106,7386.500000018106,7396.500000018143,7396.550000018143,7461.300000018378,7465.350000018393,18.100000000000122,99.59999999999648,19.100000000000136,0,19.30000000000014,0.25,0,22.0,84.00000000000011
J000923,2023-02-03/IPMG,IPMG,AMR_25,G14_12,WS_25_20,"[""107312"", ""107328"", ""110450""]",4,7313.500000017841,7540.5000000186665,7423.20000001824,7313.500000017841,7313.500000017841,7317.550000017855,7413.100000018203,7413.150000018203,7423.15000001824,7423.20000001824,7536.450000018652,7540.5000000186665,18.100000000000122,100.69999999999642,19.200000000000138,0,88.7999999999971,0.2,0,0.0,104.00000000000051
J000924,2023-02-03/RUDA,RUDA,AMR_15,G11_7,WS_8_20,"[""112247"", ""112305""]",2,7320.300000017865,7557.450000018728,7446.550000018325,7320.300000017865,7323.3500000178765,7327.400000017891,7436.450000018288,7436.500000018288,7446.5000000183245,7446.550000018325,7553.400000018713,7557.450000018728,18.100000000000122,106.59999999999609,13.350000000000055,0,98.84999999999653,0.25,0,2.0,112.00000000000142
J000925,2023-02-03/SETA,SETA,AMR_35,G21_12,WS_30_20,"[""110319"", ""112333"", ""132276""]",3,7326.350000017887,7515.800000018577,7477.050000018436,7326.350000017887,7412.3500000182,7416.400000018215,7466.950000018399,7467.000000018399,7477.0000000184355,7477.050000018436,7511.750000018562,7515.800000018577,18.100000000000122,114.14999999999566,19.100000000000136,0,37.84999999999999,0.25,0,46.00000000000013,80.00000000000031
J000926,2023-02-03/IPMG,IPMG,AMR_06,G6_12,WS_25_20,"[""110314"", ""112320"", ""115785""]",3,7329.650000017899,7842.300000019764,7740.9000000193955,7329.650000017899,7329.650000017899,7333.700000017914,7730.800000019359,7730.850000019359,7740.850000019395,7740.9000000193955,7838.25000001975,7842.300000019764,18.100000000000122,175.80000000000572,36.40000000000007,0,282.1500000000299,0.2,0,0.0,167.99999999999616
J000927,2023-02-03/KKDG,KKDG,AMR_10,G21_9,WS_13_20,"[""135013""]",1,7329.7000000179,7705.350000019266,7529.850000018628,7329.7000000179,7374.300000018062,7378.350000018077,7519.750000018591,7519.800000018591,7529.8000000186275,7529.850000018628,7701.3000000192515,7705.350000019266,18.100000000000122,150.39999999999995,24.850000000000218,0,182.05000000000715,0.25,0,46.000000000000355,104.00000000000068
J000928,2023-02-03/SETA,SETA,AMR_34,G18_14,WS_30_20,"[""101332"", ""110306"", ""112374""]",4,7343.400000017949,7948.35000002015,7769.350000019499,7343.400000017949,7695.800000019231,7699.850000019246,7759.250000019462,7759.3000000194625,7769.300000019499,7769.350000019499,7944.3000000201355,7948.35000002015,18.100000000000122,215.50000000001475,32.55000000000029,0,338.5500000000427,0.25,0,94.00000000000063,120.0000000000004
J000929,2023-02-03/IPMG,IPMG,AMR_17,G3_12,WS_25_20,"[""111207"", ""111268"", ""112194""]",4,7345.600000017957,7850.550000019794,7756.950000019454,7345.600000017957,7366.900000018035,7370.95000001805,7746.850000019417,7746.900000019417,7756.900000019454,7756.950000019454,7846.50000001978,7850.550000019794,18.100000000000122,194.1500000000099,24.800000000000217,0,267.6500000000266,0.25,0,17.999999999999996,179.99999999999665
J000930,2023-02-03/RUDA,RUDA,AMR_09,G18_10,WS_8_20,"[""101013"", ""110205""]",2,7370.700000018049,7746.450000019416,7641.450000019034,7370.700000018049,7374.900000018064,7378.950000018079,7631.350000018997,7631.400000018997,7641.4000000190335,7641.450000019034,7742.400000019401,7746.450000019416,18.100000000000122,115.59999999999557,19.050000000000136,0,222.7500000000164,0.25,0,2.0,112.00000000000136
J000931,2023-02-03/JJNG,JJNG,AMR_23,G9_14,WS_19_20,"[""101067""]",1,7373.6500000180595,7801.850000019617,7738.100000019385,7373.6500000180595,7402.200000018163,7406.250000018178,7728.000000019349,7728.050000019349,7738.050000019385,7738.100000019385,7797.8000000196025,7801.850000019617,18.100000000000122,206.60000000001273,34.45000000000018,0,168.80000000000413,0.25,0,20.0,203.9999999999988
J000932,2023-02-03/JJNG,JJNG,AMR_40,G9_13,WS_19_20,"[""112307""]",1,7382.900000018093,7816.7500000196715,7755.300000019448,7382.900000018093,7616.800000018944,7620.850000018959,7745.200000019411,7745.250000019411,7755.250000019448,7755.300000019448,7812.700000019657,7816.7500000196715,18.100000000000122,159.8500000000021,23.950000000000205,0,231.70000000001843,0.25,0,90.00000000000205,76.00000000000065
J000933,2023-02-03/JJNG,JJNG,AMR_02,G9_9,WS_19_20,"[""110310""]",1,7384.8500000181,7776.850000019526,7661.750000019108,7384.8500000181,7391.200000018123,7395.250000018138,7651.650000019071,7651.700000019071,7661.700000019107,7661.750000019108,7772.800000019512,7776.850000019526,18.100000000000122,166.0000000000035,21.100000000000165,0,186.55000000000817,0.25,0,4.0,175.99999999999875
J000934,2023-02-03/SETA,SETA,AMR_38,G3_14,WS_30_20,"[""101163"", ""107301"", ""110343"", ""110349""]",4,7408.350000018186,7889.500000019936,7612.350000018928,7408.350000018186,7408.350000018186,7412.4000000182,7602.250000018891,7602.300000018891,7612.300000018928,7612.350000018928,7885.450000019921,7889.500000019936,18.100000000000122,171.45000000000474,17.15000000000011,0,274.2500000000281,0.2,0,0.0,167.99999999999966
J000935,2023-02-03/RUDA,RUDA,AMR_28,G17_9,WS_8_20,"[""110293"", ""134598""]",2,7417.6500000182195,7857.50000001982,7702.600000019256,7417.6500000182195,7567.250000018764,7571.3000000187785,7692.500000019219,7692.55000001922,7702.550000019256,7702.600000019256,7853.450000019805,7857.50000001982,18.100000000000122,175.05000000000555,23.850000000000204,0,222.60000000001637,0.25,0,44.00000000000004,132.00000000000207
J000936,2023-02-03/KKDG,KKDG,AMR_16,G17_7,WS_13_20,"[""137330""]",1,7421.850000018235,7966.000000020214,7664.050000019116,7421.850000018235,7464.200000018389,7468.250000018404,7653.950000019079,7654.000000019079,7664.000000019116,7664.050000019116,7961.9500000202,7966.000000020214,18.100000000000122,231.30000000001834,36.45000000000007,0,258.0500000000244,0.25,0,38.00000000000011,207.99999999999508
J000937,2023-02-03/SETA,SETA,AMR_24,G18_13,WS_30_20,"[""107224"", ""110286"", ""113197""]",3,7422.250000018236,7763.100000019476,7705.400000019266,7422.250000018236,7608.200000018913,7612.2500000189275,7695.30000001923,7695.35000001923,7705.350000019266,7705.400000019266,7759.050000019462,7763.100000019476,18.100000000000122,145.64999999999887,22.95000000000019,0,153.90000000000074,0.25,0,68.00000000000011,84.00000000000023
J000938,2023-02-03/RUDA,RUDA,AMR_36,G21_14,WS_8_20,"[""111350"", ""111988""]",2,7423.050000018239,7692.850000019221,7609.450000018917,7423.050000018239,7423.050000018239,7427.100000018254,7599.350000018881,7599.400000018881,7609.400000018917,7609.450000018917,7688.800000019206,7692.850000019221,18.100000000000122,96.59999999999665,11.450000000000028,0,143.44999999999837,0.2,0,0.0,96.00000000000048
J000939,2023-02-03/IPMG,IPMG,AMR_12,G0_14,WS_25_20,"[""111225"", ""112403"", ""134122""]",4,7430.650000018267,7986.000000020287,7866.500000019852,7430.650000018267,7710.950000019287,7715.000000019301,7856.400000019816,7856.450000019816,7866.450000019852,7866.500000019852,7981.9500000202725,7986.000000020287,18.100000000000122,238.60000000002,36.300000000000075,0,262.1000000000253,0.25,0,112.00000000000101,132.00000000000074
J000940,2023-02-03/KKDG,KKDG,AMR_21,G3_15,WS_13_20,"[""110615""]",1,7436.300000018287,7637.850000019021,7603.800000018897,7436.300000018287,7535.250000018647,7539.300000018662,7593.70000001886,7593.75000001886,7603.750000018897,7603.800000018897,7633.800000019006,7637.850000019021,18.100000000000122,133.9499999999962,18.150000000000123,0,31.100000000000307,0.25,0,86.00000000000183,68.00000000000077
J000941,2023-02-03/IPMG,IPMG,AMR_11,G23_14,WS_25_20,"[""107314"", ""113227""]",2,7440.650000018303,7548.350000018695,7519.250000018589,7440.650000018303,7472.600000018419,7476.650000018434,7509.150000018552,7509.200000018553,7519.200000018589,7519.250000018589,7544.30000001868,7548.350000018695,18.100000000000122,63.64999999999852,14.350000000000069,0,11.350000000000026,0.25,0,16.0,48.00000000000004
J000942,2023-02-03/KKDG,KKDG,AMR_03,G18_9,WS_13_20,"[""111295""]",1,7465.400000018393,7700.200000019247,7569.250000018771,7465.400000018393,7495.900000018504,7499.950000018519,7559.150000018734,7559.2000000187345,7569.200000018771,7569.250000018771,7696.150000019233,7700.200000019247,18.100000000000122,122.0999999999952,19.150000000000137,0,75.19999999999787,0.25,0,14.0,104.00000000000111
J000943,2023-02-03/SETA,SETA,AMR_14,G11_10,WS_30_20,"[""101022"", ""101147"", ""101305"", ""110313""]",4,7472.70000001842,7948.050000020149,7629.35000001899,7472.70000001842,7503.4000000185315,7507.450000018546,7619.250000018953,7619.300000018953,7629.3000000189895,7629.35000001899,7944.000000020134,7948.050000020149,18.100000000000122,204.60000000001227,24.850000000000218,0,227.5500000000175,0.25,0,25.999999999999996,195.99999999999812
J000944,2023-02-03/RUDA,RUDA,AMR_18,G20_14,WS_8_20,"[""110132"", ""111995""]",2,7492.05000001849,7789.350000019572,7657.400000019092,7492.05000001849,7509.150000018552,7513.200000018567,7647.300000019055,7647.350000019055,7657.350000019092,7657.400000019092,7785.300000019557,7789.350000019572,18.100000000000122,97.6499999999966,19.100000000000136,0,162.20000000000263,0.25,0,12.0,84.00000000000045
J000945,2023-02-03/IPMG,IPMG,AMR_35,G20_15,WS_25_20,"[""110296"", ""111233""]",2,7515.850000018577,7702.850000019257,7597.500000018874,7515.850000018577,7554.450000018717,7558.500000018732,7587.400000018837,7587.450000018837,7597.450000018874,7597.500000018874,7698.800000019242,7702.850000019257,18.100000000000122,64.99999999999845,10.450000000000014,0,93.19999999999685,0.25,0,16.0,48.00000000000003
J000946,2023-02-03/SETA,SETA,AMR_22,G18_15,WS_30_20,"[""107310"", ""110346"", ""110433""]",3,7528.1500000186215,7810.050000019647,7752.750000019439,7528.1500000186215,7567.500000018765,7571.550000018779,7742.650000019402,7742.700000019402,7752.700000019438,7752.750000019439,7806.000000019632,7810.050000019647,18.100000000000122,163.850000000003,22.000000000000178,0,77.69999999999773,0.25,0,32.0,155.99999999999926
J000947,2023-02-03/KKDG,KKDG,AMR_20,G12_6,WS_13_20,"[""111296""]",1,7535.800000018649,7850.950000019796,7742.1000000194,7535.800000018649,7606.700000018907,7610.750000018922,7732.000000019363,7732.050000019363,7742.0500000194,7742.1000000194,7846.900000019781,7850.950000019796,18.100000000000122,102.7999999999963,13.400000000000055,0,180.60000000000682,0.25,0,20.000000000000025,72.00000000000034
J000948,2023-02-03/IPMG,IPMG,AMR_25,G20_13,WS_25_20,"[""101297"", ""110294""]",2,7540.550000018667,7973.200000020241,7936.900000020109,7540.550000018667,7878.000000019894,7882.050000019909,7926.800000020072,7926.850000020072,7936.850000020108,7936.900000020109,7969.150000020226,7973.200000020241,18.100000000000122,180.30000000000675,27.75000000000026,0,206.25000000001265,0.25,0,130.00000000000253,64.00000000000021
J000949,2023-02-03/RUDA,RUDA,AMR_39,G20_8,WS_8_20,"[""101301"", ""110242""]",2,7546.500000018688,7942.000000020127,7815.250000019666,7546.500000018688,7621.800000018962,7625.850000018977,7805.150000019629,7805.200000019629,7815.200000019666,7815.250000019666,7937.950000020112,7942.000000020127,18.100000000000122,140.69999999999774,21.000000000000163,0,215.45000000001474,0.25,0,20.0,108.00000000000057
J000950,2023-02-03/SETA,SETA,AMR_11,G20_10,WS_30_20,"[""125463"", ""131589"", ""134028""]",3,7548.400000018695,7891.750000019944,7846.300000019779,7548.400000018695,7765.450000019485,7769.5000000195,7836.200000019742,7836.250000019742,7846.250000019779,7846.300000019779,7887.70000001993,7891.750000019944,18.100000000000122,201.45000000001156,31.600000000000314,0,91.94999999999692,0.25,0,134.00000000000185,96.00000000000071
J000951,2023-02-03/KKDG,KKDG,AMR_15,G3_10,WS_13_20,"[""107290""]",1,7557.500000018728,7806.550000019634,7724.800000019337,7557.500000018728,7614.550000018936,7618.600000018951,7714.7000000193,7714.7500000193,7724.750000019337,7724.800000019337,7802.50000001962,7806.550000019634,18.100000000000122,128.1499999999949,17.20000000000011,0,85.3499999999973,0.25,0,50.00000000000051,88.00000000000115
J000952,2023-02-03/IPMG,IPMG,AMR_32,G20_9,WS_25_20,"[""110200"", ""111210""]",2,7573.300000018786,7851.500000019798,7788.85000001957,7573.300000018786,7704.400000019263,7708.4500000192775,7778.750000019533,7778.800000019533,7788.80000001957,7788.85000001957,7847.450000019783,7851.500000019798,18.100000000000122,163.65000000000296,24.90000000000022,0,71.2999999999981,0.25,0,92.00000000000111,80.00000000000045
J000953,2023-02-03/KKDG,KKDG,AMR_19,G17_6,WS_13_20,"[""112003""]",1,7577.9000000188025,7877.950000019894,7702.250000019255,7577.9000000188025,7598.100000018876,7602.150000018891,7692.150000019218,7692.200000019218,7702.200000019255,7702.250000019255,7873.900000019879,7877.950000019894,18.100000000000122,121.34999999999525,19.150000000000137,0,141.19999999999786,0.25,0,10.0,104.00000000000111
J000954,2023-02-03/IPMG,IPMG,AMR_04,G15_12,WS_25_20,"[""101028"", ""101207""]",2,7597.550000018874,7847.5500000197835,7772.900000019512,7597.550000018874,7597.550000018874,7601.600000018889,7762.800000019475,7762.850000019475,7772.850000019512,7772.900000019512,7843.500000019769,7847.5500000197835,18.100000000000122,79.39999999999763,10.500000000000014,0,141.799999999998,0.2,0,0.0,84.00000000000043
J000955,2023-02-03/KKDG,KKDG,AMR_31,G17_5,WS_13_20,"[""101195""]",1,7603.850000018897,7922.550000020056,7809.750000019646,7603.850000018897,7739.900000019392,7743.950000019407,7799.650000019609,7799.700000019609,7809.700000019646,7809.750000019646,7918.500000020042,7922.550000020056,18.100000000000122,153.2500000000006,24.90000000000022,0,122.1999999999952,0.25,0,78.00000000000117,80.0000000000006
J000956,2023-02-03/RUDA,RUDA,AMR_27,G14_14,WS_8_20,"[""110595"", ""112086""]",2,7609.5000000189175,7838.700000019751,7783.5000000195505,7609.5000000189175,7674.900000019155,7678.95000001917,7773.400000019514,7773.450000019514,7783.45000001955,7783.5000000195505,7834.650000019737,7838.700000019751,18.100000000000122,73.09999999999799,14.300000000000068,0,123.44999999999513,0.25,0,12.0,56.00000000000037
J000957,2023-02-03/SETA,SETA,AMR_01,G15_9,WS_30_20,"[""107457"", ""110251"", ""110513"", ""110520""]",4,7612.400000018928,7984.350000020281,7722.300000019328,7612.400000018928,7615.400000018939,7619.450000018954,7712.200000019291,7712.250000019291,7722.250000019328,7722.300000019328,7980.300000020266,7984.350000020281,18.100000000000122,181.70000000000707,22.90000000000019,0,148.99999999999963,0.25,0,2.0,187.99999999999915
J000958,2023-02-03/RUDA,RUDA,AMR_29,G17_12,WS_8_20,"[""111277"", ""125639""]",2,7625.550000018976,7873.150000019877,7755.450000019448,7625.550000018976,7629.55000001899,7633.600000019005,7745.350000019412,7745.400000019412,7755.400000019448,7755.450000019448,7869.100000019862,7873.150000019877,18.100000000000122,84.19999999999736,8.549999999999986,0,136.4999999999968,0.25,0,2.0,76.00000000000074
J000959,2023-02-03/SETA,SETA,AMR_30,G12_10,WS_30_20,"[""101060"", ""110171"", ""110482"", ""134683""]",4,7629.40000001899,7997.300000020328,7880.700000019904,7629.40000001899,7706.150000019269,7710.200000019284,7870.600000019867,7870.650000019868,7880.650000019904,7880.700000019904,7993.250000020314,7997.300000020328,18.100000000000122,194.00000000000986,23.900000000000205,0,131.64999999999569,0.25,0,72.00000000000134,159.9999999999983
J000960,2023-02-03/RUDA,RUDA,AMR_21,G9_15,WS_8_20,"[""134916""]",1,7641.500000019034,8324.45000001911,8267.900000019932,7641.500000019034,8216.150000020685,8220.200000020626,8257.80000002008,8257.850000020078,8267.850000019933,8267.900000019932,8320.400000019168,8324.45000001911,18.100000000000122,416.70000000006047,61.24999999999866,0,186.6500000000082,0.25,0,423.99999999997533,35.99999999999997
J000961,2023-02-03/RUDA,RUDA,AMR_13,G6_15,WS_8_20,"[""113195""]",1,7657.450000019092,7817.200000019673,7799.300000019608,7657.450000019092,7713.100000019294,7717.150000019309,7789.200000019571,7789.250000019571,7799.250000019608,7799.300000019608,7813.150000019658,7817.200000019673,18.100000000000122,64.0999999999985,9.55,0,67.7499999999983,0.25,0,25.999999999999986,36.000000000000014
J000962,2023-02-03/RUDA,RUDA,AMR_08,G8_13,WS_8_20,"[""112313""]",1,7702.650000019256,7935.900000020105,7904.650000019991,7702.650000019256,7858.700000019824,7862.750000019839,7894.5500000199545,7894.600000019955,7904.600000019991,7904.650000019991,7931.85000002009,7935.900000020105,18.100000000000122,103.64999999999625,20.05000000000015,0,91.19999999999696,0.25,0,46.00000000000004,48.00000000000013
J000963,2023-02-03/SETA,SETA,AMR_35,G17_14,WS_30_20,"[""107232"", ""110227"", ""110380""]",3,7705.450000019267,7950.800000020159,7863.650000019842,7705.450000019267,7759.3000000194625,7763.350000019477,7853.550000019805,7853.6000000198055,7863.600000019842,7863.650000019842,7946.750000020144,7950.800000020159,18.100000000000122,103.44999999999627,16.200000000000095,0,107.34999999999604,0.25,0,16.0,92.00000000000006
J000964,2023-02-03/SETA,SETA,AMR_33,G15_15,WS_30_20,"[""101290"", ""107238"", ""124211"", ""134029""]",4,7722.350000019328,7961.300000020197,7914.800000020028,7722.350000019328,7819.250000019681,7823.300000019695,7904.700000019991,7904.750000019992,7914.750000020028,7914.800000020028,7957.250000020183,7961.300000020197,18.100000000000122,111.84999999999579,18.200000000000124,0,90.549999999997,0.25,0,30.0,88.00000000000004
J000965,2023-02-03/IPMG,IPMG,AMR_26,G20_12,WS_25_20,"[""101097"", ""111246"", ""112386""]",3,7740.950000019396,7856.100000019815,7818.100000019676,7740.950000019396,7740.950000019396,7745.00000001941,7808.00000001964,7808.05000001964,7818.050000019676,7818.100000019676,7852.0500000198,7856.100000019815,18.100000000000122,64.79999999999846,11.450000000000028,0,20.600000000000158,0.2,0,0.0,68.0000000000004
J000966,2023-02-03/SETA,SETA,AMR_09,G18_10,WS_30_20,"[""107380"", ""124207"", ""125535""]",3,7752.800000019439,7971.350000020234,7897.750000019966,7752.800000019439,7752.800000019439,7756.850000019454,7887.650000019929,7887.70000001993,7897.700000019966,7897.750000019966,7967.300000020219,7971.350000020234,18.100000000000122,93.49999999999683,10.500000000000014,0,96.24999999999667,0.2,0,0.0,96.00000000000017
J000967,2023-02-03/KULA,KULA,AMR_37,G3_13,WS_19_20,"[""107336"", ""111996""]",2,7755.350000019448,8151.100000020888,8064.950000020574,7755.350000019448,7927.600000020075,7931.6500000200895,8054.850000020538,8054.900000020538,8064.900000020574,8064.950000020574,8147.050000020873,8151.100000020888,18.100000000000122,169.5000000000043,24.90000000000022,0,183.00000000000736,0.25,0,68.00000000000098,100.00000000000087
J000968,2023-02-03/KULA,KULA,AMR_36,G21_13,WS_19_20,"[""120049""]",1,7755.350000019448,7854.85000001981,7801.500000019616,7755.350000019448,7759.350000019463,7763.400000019477,7791.400000019579,7791.450000019579,7801.450000019616,7801.500000019616,7850.800000019795,7854.85000001981,18.100000000000122,55.89999999999896,11.400000000000027,0,13.850000000000062,0.25,0,2.0,48.00000000000013
J000969,2023-02-03/KULA,KULA,AMR_03,G15_10,WS_19_20,"[""112380""]",1,7755.350000019448,7961.9000000201995,7878.200000019895,7755.350000019448,7811.650000019653,7815.700000019668,7868.100000019858,7868.150000019858,7878.150000019895,7878.200000019895,7957.850000020185,7961.9000000201995,18.100000000000122,99.74999999999648,17.20000000000011,0,71.2499999999981,0.25,0,40.000000000000185,64.00000000000026
J000970,2023-02-03/KULA,KULA,AMR_10,G8_7,WS_19_20,"[""113194""]",1,7755.350000019448,8096.350000020689,8001.050000020342,7755.350000019448,7805.40000001963,7809.450000019645,7990.950000020305,7991.000000020305,8001.000000020342,8001.050000020342,8092.300000020674,8096.350000020689,18.100000000000122,149.89999999999984,19.100000000000136,0,153.6500000000007,0.25,0,54.00000000000071,112.00000000000117
J000971,2023-02-03/RUDA,RUDA,AMR_24,G5_13,WS_8_20,"[""113232""]",1,7763.1500000194765,8019.550000020409,7987.200000020292,7763.1500000194765,7909.250000020008,7913.300000020023,7977.100000020255,7977.150000020255,7987.150000020291,7987.200000020292,8015.5000000203945,8019.550000020409,18.100000000000122,136.39999999999677,23.000000000000192,0,78.64999999999768,0.25,0,78.00000000000088,56.000000000000185
J000972,2023-02-03/MMMA,MMMA,AMR_02,G9_9,WS_2_20,"[""107364""]",1,7776.9000000195265,7909.500000020009,7847.750000019784,7776.9000000195265,7776.9000000195265,7780.950000019541,7837.6500000197475,7837.700000019748,7847.700000019784,7847.750000019784,7905.450000019994,7909.500000020009,18.100000000000122,76.84999999999778,9.5,0,27.950000000000262,0.2,0,0.0,76.00000000000051
J000973,2023-02-03/IPMG,IPMG,AMR_18,G2_14,WS_25_20,"[""110195"", ""110548"", ""113097""]",4,7789.400000019572,8058.600000020551,7986.9000000202905,7789.400000019572,7888.150000019931,7892.200000019946,7976.800000020254,7976.850000020254,7986.85000002029,7986.9000000202905,8054.550000020537,8058.600000020551,18.100000000000122,172.50000000000497,19.100000000000136,0,59.24999999999877,0.25,0,52.00000000000054,147.99999999999972
J000974,2023-02-03/RUDA,RUDA,AMR_23,G9_12,WS_8_20,"[""107268""]",1,7801.900000019617,7973.700000020242,7920.75000002005,7801.900000019617,7866.100000019851,7870.150000019866,7910.650000020013,7910.700000020013,7920.70000002005,7920.75000002005,7969.650000020228,7973.700000020242,18.100000000000122,91.59999999999694,13.350000000000055,0,48.49999999999938,0.25,0,32.0,52.0000000000003
J000975,2023-02-03/IPMG,IPMG,AMR_15,G14_8,WS_25_20,"[""101177"", ""101291""]",2,7806.6000000196345,8027.200000020437,7968.600000020224,7806.6000000196345,7870.9000000198685,7874.950000019883,7958.500000020187,7958.550000020187,7968.550000020224,7968.600000020224,8023.150000020422,8027.200000020437,18.100000000000122,147.84999999999937,19.100000000000136,0,35.30000000000013,0.25,0,58.00000000000084,108.00000000000114
J000976,2023-02-03/SETA,SETA,AMR_22,G14_15,WS_30_20,"[""110233"", ""110592"", ""111249""]",3,7810.100000019647,8064.1500000205715,8001.150000020342,7810.100000019647,7891.2500000199425,7895.300000019957,7991.050000020306,7991.100000020306,8001.100000020342,8001.150000020342,8060.100000020557,8064.1500000205715,18.100000000000122,105.44999999999615,15.300000000000082,0,114.94999999999561,0.25,0,20.0,92.00000000000004
J000977,2023-02-03/RUDA,RUDA,AMR_40,G3_10,WS_8_20,"[""111275""]",1,7816.800000019672,8006.400000020361,7970.450000020231,7816.800000019672,7919.900000020047,7923.950000020061,7960.350000020194,7960.400000020194,7970.40000002023,7970.450000020231,8002.350000020347,8006.400000020361,18.100000000000122,111.7499999999958,17.20000000000011,0,42.299999999999734,0.25,0,50.0000000000003,68.00000000000055
J000978,2023-02-03/IPMG,IPMG,AMR_13,G11_9,WS_25_20,"[""111208"", ""125194""]",3,7817.250000019673,8105.900000020723,8053.500000020533,7817.250000019673,7929.950000020083,7934.000000020098,8043.400000020496,8043.450000020496,8053.450000020533,8053.500000020533,8101.850000020709,8105.900000020723,18.100000000000122,163.3500000000029,22.000000000000178,0,84.94999999999732,0.25,0,38.00000000000004,147.9999999999995
J000979,2023-02-03/RUDA,RUDA,AMR_07,G14_10,WS_8_20,"[""112332""]",1,7832.350000019728,8059.500000020555,8005.100000020357,7832.350000019728,7931.550000020089,7935.600000020104,7995.00000002032,7995.05000002032,8005.0500000203565,8005.100000020357,8055.45000002054,8059.500000020555,18.100000000000122,107.64999999999603,15.300000000000082,0,85.84999999999727,0.25,0,36.00000000000003,72.00000000000085
J000980,2023-02-03/IPMG,IPMG,AMR_27,G11_8,WS_25_20,"[""110536"", ""124183""]",2,7838.7500000197515,8284.650000019688,8189.800000021029,7838.7500000197515,8025.15000002043,8029.200000020444,8179.700000020992,8179.750000020992,8189.750000021028,8189.800000021029,8280.600000019747,8284.650000019688,18.100000000000122,172.95000000000508,24.90000000000022,0,229.70000000001798,0.25,0,22.0,171.99999999999727
J000981,2023-02-03/SETA,SETA,AMR_06,G8_14,WS_30_20,"[""101084"", ""112266"", ""112275"", ""112323"", ""112387""]",5,7846.350000019779,8119.9500000207745,8037.650000020475,7846.350000019779,7880.700000019904,7884.750000019919,8027.550000020438,8027.6000000204385,8037.600000020475,8037.650000020475,8115.90000002076,8119.9500000207745,18.100000000000122,120.19999999999531,13.400000000000055,0,121.64999999999523,0.25,0,8.0,128.00000000000045
J000982,2023-02-03/MMSA,MMSA,AMR_04,G14_13,WS_2_20,"[""110274"", ""111228""]",2,7847.800000019784,8123.2500000207865,8076.450000020616,7847.800000019784,7991.350000020307,7995.400000020321,8066.3500000205795,8066.40000002058,8076.400000020616,8076.450000020616,8119.200000020772,8123.2500000207865,18.100000000000122,132.0999999999958,24.000000000000206,0,100.9999999999964,0.25,0,52.000000000000455,80.000000000001
J000983,2023-02-03/MMSA,MMSA,AMR_17,G14_9,WS_2_20,"[""101149"", ""125176""]",2,7850.600000019795,8113.600000020751,8059.600000020555,7850.600000019795,7934.050000020098,7938.100000020113,8049.500000020518,8049.550000020518,8059.550000020555,8059.600000020555,8109.550000020737,8113.600000020751,18.100000000000122,177.55000000000612,24.90000000000022,0,42.19999999999974,0.25,0,76.00000000000134,124.00000000000236
J000984,2023-02-03/MMSA,MMSA,AMR_20,G2_9,WS_2_20,"[""113097""]",1,7851.000000019796,7999.150000020335,7969.700000020228,7851.000000019796,7919.150000020044,7923.200000020059,7959.600000020191,7959.650000020191,7969.650000020228,7969.700000020228,7995.10000002032,7999.150000020335,18.100000000000122,94.0999999999968,13.400000000000055,0,22.300000000000182,0.25,0,46.00000000000033,60.00000000000041
J000985,2023-02-03/MMSA,MMSA,AMR_32,G14_12,WS_2_20,"[""110232""]",1,7851.550000019798,8088.55000002066,8043.000000020495,7851.550000019798,7976.100000020251,7980.150000020266,8032.900000020458,8032.950000020458,8042.950000020494,8043.000000020495,8084.5000000206455,8088.55000002066,18.100000000000122,123.8999999999951,17.15000000000011,0,77.59999999999773,0.25,0,42.00000000000003,88.0000000000012
J000986,2023-02-03/MMSA,MMSA,AMR_36,G9_4,WS_2_20,"[""137330""]",1,7854.90000001981,8044.3500000204995,7986.85000002029,7854.90000001981,7902.400000019983,7906.450000019998,7976.7500000202535,7976.800000020254,7986.80000002029,7986.85000002029,8040.300000020485,8044.3500000204995,18.100000000000122,136.5999999999968,16.200000000000095,0,18.300000000000125,0.25,0,50.00000000000048,104.0000000000014
J000987,2023-02-03/SETA,SETA,AMR_26,G18_8,WS_30_20,"[""101093"", ""110211"", ""120449""]",4,7863.700000019842,8079.050000020626,8018.200000020404,7863.700000019842,7928.100000020077,7932.150000020091,8008.100000020368,8008.150000020368,8018.150000020404,8018.200000020404,8075.000000020611,8079.050000020626,18.100000000000122,133.39999999999608,20.10000000000015,0,43.499999999999666,0.25,0,44.00000000000031,104.00000000000094
J000988,2023-02-03/IPMG,IPMG,AMR_28,G11_6,WS_25_20,"[""112442"", ""134500""]",2,7866.550000019853,8108.750000020734,8031.950000020454,7866.550000019853,7915.600000020031,7919.650000020046,8021.850000020418,8021.900000020418,8031.900000020454,8031.950000020454,8104.700000020719,8108.750000020734,18.100000000000122,175.7500000000057,22.95000000000019,0,25.150000000000222,0.25,0,38.0000000000001,163.99999999999784
J000989,2023-02-03/SETA,SETA,AMR_29,G12_9,WS_30_20,"[""101337"", ""110511"", ""110572""]",3,7880.750000019904,8135.3500000208305,8079.5500000206275,7880.750000019904,7986.9000000202905,7990.950000020305,8069.450000020591,8069.500000020591,8079.500000020627,8079.5500000206275,8131.300000020816,8135.3500000208305,18.100000000000122,159.35000000000198,17.15000000000011,0,59.74999999999874,0.25,0,36.00000000000003,147.9999999999996
J000990,2023-02-03/SETA,SETA,AMR_11,G12_8,WS_30_20,"[""101198"", ""101203"", ""110149""]",4,7897.800000019966,8203.800000020865,8101.850000020709,7897.800000019966,8011.6500000203805,8015.700000020395,8091.750000020672,8091.800000020672,8101.8000000207085,8101.850000020709,8199.750000020924,8203.800000020865,18.100000000000122,170.65000000000455,22.000000000000178,0,94.99999999999675,0.25,0,60.00000000000041,136.00000000000023
J000991,2023-02-03/RUDA,RUDA,AMR_19,G12_6,WS_8_20,"[""111147"", ""111296""]",2,7904.700000019991,8111.350000020743,8038.550000020478,7904.700000019991,7943.700000020133,7947.750000020148,8028.450000020442,8028.500000020442,8038.500000020478,8038.550000020478,8107.3000000207285,8111.350000020743,18.100000000000122,122.49999999999518,17.25000000000011,0,48.54999999999938,0.25,0,22.00000000000002,112.00000000000207
J000992,2023-02-03/KTTG,KTTG,AMR_38,G9_13,WS_13_20,"[""112307""]",1,7905.0000000199925,8070.900000020596,8017.950000020403,7905.0000000199925,7956.000000020178,7960.050000020193,8007.850000020367,8007.900000020367,8017.900000020403,8017.950000020403,8066.850000020581,8070.900000020596,18.100000000000122,81.49999999999751,15.300000000000082,0,50.749999999999254,0.25,0,26.0,52.00000000000004
J000993,2023-02-03/SETA,SETA,AMR_02,G11_7,WS_30_20,"[""107266"", ""112216"", ""120318""]",5,7914.850000020028,8208.850000020791,8118.8500000207705,7914.850000020028,7993.950000020316,7998.000000020331,8108.750000020734,8108.800000020734,8118.80000002077,8118.8500000207705,8204.80000002085,8208.850000020791,18.100000000000122,190.250000000009,22.95000000000019,0,62.44999999999859,0.25,0,48.00000000000024,171.9999999999963
J000994,2023-02-03/RUDA,RUDA,AMR_31,G6_12,WS_8_20,"[""112320""]",1,7922.6000000200565,8062.800000020567,8022.350000020419,7922.6000000200565,7972.150000020237,7976.2000000202515,8012.250000020383,8012.300000020383,8022.300000020419,8022.350000020419,8058.750000020552,8062.800000020567,18.100000000000122,89.29999999999707,13.350000000000055,0,19.200000000000138,0.25,0,36.0,52.00000000000023
J000995,2023-02-03/KULA,KULA,AMR_08,G8_13,WS_19_20,"[""111356"", ""112313""]",2,7935.950000020105,8115.100000020757,8048.000000020513,7935.950000020105,7935.950000020105,7940.00000002012,8037.900000020476,8037.950000020476,8047.950000020513,8048.000000020513,8111.050000020742,8115.100000020757,18.100000000000122,83.29999999999741,9.55,0,67.99999999999828,0.2,0,0.0,88.00000000000085
J000996,2023-02-03/IPMG,IPMG,AMR_39,G20_10,WS_25_20,"[""112329"", ""125463""]",4,7942.050000020127,8066.100000020579,8016.100000020397,7942.050000020127,7960.2500000201935,7964.300000020208,8006.00000002036,8006.05000002036,8016.0500000203965,8016.100000020397,8062.050000020564,8066.100000020579,18.100000000000122,76.24999999999781,14.300000000000068,0,15.15000000000008,0.25,0,8.0,68.00000000000014
J000997,2023-02-03/KULA,KULA,AMR_33,G15_15,WS_19_20,"[""124211""]",1,7961.3500000201975,8055.300000020539,8017.950000020403,7961.3500000201975,7961.3500000201975,7965.400000020212,8007.850000020367,8007.900000020367,8017.900000020403,8017.950000020403,8051.250000020525,8055.300000020539,18.100000000000122,43.89999999999964,7.649999999999981,0,24.100000000000207,0.2,0,0.0,44.00000000000006
J000998,2023-02-03/IPMG,IPMG,AMR_14,G8_5,WS_25_20,"[""101102"", ""112435""]",2,7968.650000020224,8230.400000020478,8141.9500000208545,7968.650000020224,7996.600000020326,8000.6500000203405,8131.850000020818,8131.900000020818,8141.900000020854,8141.9500000208545,8226.350000020537,8230.400000020478,18.100000000000122,157.85000000000164,18.150000000000123,0,67.39999999999831,0.25,0,24.000000000000014,151.99999999999866
J000999,2023-02-03/RUDA,RUDA,AMR_16,G17_7,WS_8_20,"[""101092"", ""110600""]",2,7970.500000020231,8166.800000020945,8054.500000020536,7970.500000020231,7970.500000020231,7974.5500000202455,8044.4000000205,8044.4500000205,8054.450000020536,8054.500000020536,8162.75000002093,8166.800000020945,18.100000000000122,89.74999999999704,9.55,0,78.69999999999767,0.2,0,0.0,96.00000000000105
J001000,2023-02-03/IPMG,IPMG,AMR_23,G9_12,WS_25_20,"[""107162"", ""120778""]",2,7986.950000020291,8135.750000020832,8076.600000020617,7986.950000020291,7986.950000020291,7991.000000020305,8066.50000002058,8066.55000002058,8076.550000020617,8076.600000020617,8131.700000020817,8135.750000020832,18.100000000000122,91.39999999999695,9.55,0,29.550000000000285,0.2,0,0.0,104.00000000000054
J001001,2023-02-03/RUDA,RUDA,AMR_03,G11_10,WS_8_20,"[""101022"", ""110347""]",2,7987.250000020292,8234.250000020422,8182.650000021003,7987.250000020292,8006.550000020362,8010.600000020377,8172.550000020966,8172.600000020966,8182.600000021002,8182.650000021003,8230.20000002048,8234.250000020422,18.100000000000122,129.69999999999524,20.05000000000015,0,78.89999999999766,0.25,0,12.0,112.00000000000097
J001002,2023-02-03/KULA,KULA,AMR_30,G12_10,WS_19_20,"[""110216""]",1,7997.3500000203285,8121.100000020779,8082.000000020636,7997.3500000203285,7997.3500000203285,8001.400000020343,8071.9000000206,8071.9500000206,8081.950000020636,8082.000000020636,8117.050000020764,8121.100000020779,18.100000000000122,68.99999999999822,10.500000000000014,0,25.950000000000234,0.2,0,0.0,76.00000000000071
J001003,2023-02-03/SETA,SETA,AMR_12,G2_13,WS_30_20,"[""101322"", ""107095"", ""107105""]",3,8001.2000000203425,8305.450000019386,8152.950000020895,8001.2000000203425,8014.25000002039,8018.300000020405,8142.850000020858,8142.900000020858,8152.900000020894,8152.950000020895,8301.400000019445,8305.450000019386,18.100000000000122,173.1000000000051,21.050000000000164,0,91.74999999999693,0.25,0,6.000000000000002,187.99999999999346
J001004,2023-02-03/RUDA,RUDA,AMR_35,G15_12,WS_8_20,"[""101207""]",1,8005.150000020357,8173.150000020968,8104.5500000207185,8005.150000020357,8019.65000002041,8023.700000020424,8094.450000020682,8094.500000020682,8104.500000020718,8104.5500000207185,8169.100000020953,8173.150000020968,18.100000000000122,85.2999999999973,11.450000000000028,0,52.89999999999913,0.25,0,8.0,76.00000000000054
J001005,2023-02-03/IPMG,IPMG,AMR_40,G5_4,WS_25_20,"[""112357"", ""115951""]",2,8016.150000020397,8195.550000020985,8126.0000000207965,8016.150000020397,8038.150000020477,8042.200000020492,8115.90000002076,8115.95000002076,8125.950000020796,8126.0000000207965,8191.500000021035,8195.550000020985,18.100000000000122,141.54999999999794,14.300000000000068,0,5.1999999999999895,0.25,0,16.0,163.99999999999733
J001006,2023-02-03/MMJJ,MMJJ,AMR_20,G5_10,WS_13_20,"[""107180""]",1,8018.000000020404,8161.000000020924,8105.150000020721,8018.000000020404,8040.750000020486,8044.800000020501,8095.050000020684,8095.100000020684,8105.1000000207205,8105.150000020721,8156.950000020909,8161.000000020924,18.100000000000122,94.74999999999676,14.300000000000068,0,15.600000000000087,0.25,0,15.999999999999961,84.00000000000071
J001007,2023-02-03/SETA,SETA,AMR_09,G23_14,WS_30_20,"[""107314"", ""115580""]",2,8018.2500000204045,8191.450000021035,8135.9000000208325,8018.2500000204045,8040.950000020487,8045.000000020502,8125.800000020796,8125.850000020796,8135.850000020832,8135.9000000208325,8187.40000002102,8191.450000021035,18.100000000000122,85.64999999999728,13.350000000000055,0,55.849999999998964,0.25,0,18.0,68.00000000000014
J001008,2023-02-03/RUDA,RUDA,AMR_34,G18_13,WS_8_20,"[""132279""]",1,8022.40000002042,8180.1500000209935,8088.300000020659,8022.40000002042,8026.650000020435,8030.70000002045,8078.200000020623,8078.250000020623,8088.250000020659,8088.300000020659,8176.100000020979,8180.1500000209935,18.100000000000122,84.89999999999732,9.5,0,44.99999999999958,0.25,0,2.0,84.00000000000068
J001009,2023-02-03/IPMG,IPMG,AMR_25,G26_15,WS_25_20,"[""112229""]",1,8032.0000000204545,8133.100000020822,8106.550000020726,8032.0000000204545,8065.650000020577,8069.700000020592,8096.450000020689,8096.500000020689,8106.500000020726,8106.550000020726,8129.050000020808,8133.100000020822,18.100000000000122,57.64999999999886,12.450000000000042,0,12.650000000000045,0.25,0,24.0,36.0
J001010,2023-02-03/SETA,SETA,AMR_01,G23_13,WS_30_20,"[""101179"", ""111371""]",2,8037.700000020475,8225.100000020555,8170.000000020957,8037.700000020475,8089.400000020663,8093.450000020678,8159.90000002092,8159.95000002092,8169.950000020956,8170.000000020957,8221.050000020614,8225.100000020555,18.100000000000122,101.64999999999637,17.20000000000011,0,50.199999999999285,0.25,0,24.0,80.00000000000028
J001011,2023-02-03/RUDA,RUDA,AMR_05,G20_15,WS_8_20,"[""110296""]",1,8038.600000020479,8191.850000021036,8150.800000020887,8038.600000020479,8092.700000020675,8096.75000002069,8140.70000002085,8140.75000002085,8150.750000020887,8150.800000020887,8187.800000021021,8191.850000021036,18.100000000000122,92.04999999999691,12.400000000000041,0,30.450000000000298,0.25,0,24.0,76.00000000000088
J001012,2023-02-03/IPMG,IPMG,AMR_15,G24_14,WS_25_20,"[""127276""]",1,8053.550000020533,8206.15000002083,8173.850000020971,8053.550000020533,8106.850000020727,8110.900000020742,8163.750000020934,8163.800000020934,8173.80000002097,8173.850000020971,8202.10000002089,8206.15000002083,18.100000000000122,87.79999999999715,15.300000000000082,0,31.150000000000308,0.25,0,40.00000000000013,44.00000000000004
J001013,2023-02-03/RUDA,RUDA,AMR_36,G15_8,WS_8_20,"[""126834""]",1,8054.550000020537,8269.350000019911,8198.60000002094,8054.550000020537,8085.75000002065,8089.800000020665,8188.500000021024,8188.550000021024,8198.550000020941,8198.60000002094,8265.30000001997,8269.350000019911,18.100000000000122,116.64999999999552,16.250000000000096,0,63.549999999998526,0.25,0,28.000000000000007,92.0000000000008
J001014,2023-02-03/IPMG,IPMG,AMR_39,G27_14,WS_25_20,"[""112077""]",1,8076.650000020617,8203.700000020866,8157.900000020913,8076.650000020617,8107.350000020729,8111.400000020743,8147.800000020876,8147.850000020876,8157.850000020912,8157.900000020913,8199.650000020925,8203.700000020866,18.100000000000122,73.59999999999796,14.350000000000069,0,20.75000000000016,0.25,0,26.0,48.00000000000004
J001015,2023-02-03/SETA,SETA,AMR_33,G17_9,WS_30_20,"[""110391"", ""110483""]",2,8079.600000020628,8261.750000020022,8205.100000020846,8079.600000020628,8098.750000020697,8102.800000020712,8195.000000020993,8195.050000020992,8205.050000020847,8205.100000020846,8257.70000002008,8261.750000020022,18.100000000000122,108.64999999999597,14.300000000000068,0,40.84999999999982,0.25,0,16.0,112.00000000000082
J001016,2023-02-03/MBPN,MBPN,AMR_07,G15_9,WS_19_20,"[""101276""]",1,8082.050000020637,8224.000000020571,8182.850000021003,8082.050000020637,8105.00000002072,8109.050000020735,8172.750000020967,8172.800000020967,8182.800000021003,8182.850000021003,8219.95000002063,8224.000000020571,18.100000000000122,80.44999999999757,15.250000000000082,0,27.90000000000026,0.25,0,12.0,68.0000000000006
J001017,2023-02-03/MBPN,MBPN,AMR_38,G9_13,WS_19_20,"[""112307""]",1,8082.050000020637,8238.800000020356,8199.700000020925,8082.050000020637,8082.050000020637,8086.100000020651,8189.600000021028,8189.650000021028,8199.650000020925,8199.700000020925,8234.750000020415,8238.800000020356,18.100000000000122,73.79999999999795,9.55,0,55.09999999999901,0.2,0,0.0,76.00000000000074
J001018,2023-02-03/RUDA,RUDA,AMR_18,G2_14,WS_8_20,"[""110624""]",1,8088.3500000206595,8201.200000020903,8166.700000020945,8088.3500000206595,8088.3500000206595,8092.400000020674,8156.600000020908,8156.650000020908,8166.650000020944,8166.700000020945,8197.150000020962,8201.200000020903,18.100000000000122,62.699999999998575,9.55,0,22.300000000000182,0.2,0,0.0,64.0000000000003
J001019,2023-02-03/SETA,SETA,AMR_32,G15_7,WS_30_20,"[""120382"", ""130011""]",2,8101.900000020709,8382.10000001827,8283.8500000197,8101.900000020709,8187.000000021018,8191.050000021033,8273.750000019847,8273.800000019846,8283.8000000197,8283.8500000197,8378.05000001833,8382.10000001827,18.100000000000122,140.24999999999764,21.050000000000164,0,100.54999999999643,0.25,0,28.00000000000003,120.00000000000097
J001020,2023-02-03/RUDA,RUDA,AMR_22,G14_8,WS_8_20,"[""101177""]",1,8104.600000020719,8344.250000018821,8251.800000020166,8104.600000020719,8139.700000020846,8143.750000020861,8241.700000020313,8241.750000020313,8251.750000020167,8251.800000020166,8340.20000001888,8344.250000018821,18.100000000000122,94.44999999999678,14.300000000000068,0,112.54999999999575,0.25,0,18.0,80.0000000000006
J001021,2023-02-03/IPMG,IPMG,AMR_26,G26_13,WS_25_20,"[""101289""]",1,8106.600000020726,8250.15000002019,8205.750000020837,8106.600000020726,8138.400000020842,8142.450000020856,8195.650000020983,8195.700000020983,8205.700000020837,8205.750000020837,8246.10000002025,8250.15000002019,18.100000000000122,76.74999999999778,15.300000000000082,0,33.150000000000254,0.25,0,26.0,48.00000000000013
J001022,2023-02-03/SETA,SETA,AMR_17,G14_9,WS_30_20,"[""101149"", ""110161"", ""110440""]",3,8118.900000020771,8332.050000018999,8266.550000019952,8118.900000020771,8118.900000020771,8122.950000020785,8256.450000020099,8256.500000020098,8266.500000019952,8266.550000019952,8328.000000019058,8332.050000018999,18.100000000000122,110.14999999999588,11.450000000000028,0,73.24999999999798,0.2,0,0.0,124.00000000000105
J001023,2023-02-03/IPMG,IPMG,AMR_30,G20_14,WS_25_20,"[""111995""]",1,8126.050000020797,8321.050000019159,8287.700000019644,8126.050000020797,8204.700000020852,8208.750000020793,8277.600000019791,8277.65000001979,8287.650000019645,8287.700000019644,8317.000000019218,8321.050000019159,18.100000000000122,89.84999999999704,13.350000000000055,0,73.44999999999797,0.25,0,24.0,60.000000000000114
J001024,2023-02-03/MMSI,MMSI,AMR_29,G12_9,WS_2_20,"[""101202""]",1,8135.400000020831,8298.200000019491,8237.500000020375,8135.400000020831,8135.400000020831,8139.450000020845,8227.400000020521,8227.45000002052,8237.450000020375,8237.500000020375,8294.15000001955,8298.200000019491,18.100000000000122,101.1999999999964,11.500000000000028,0,31.800000000000317,0.2,0,0.0,124.0000000000025
J001025,2023-02-03/SETA,SETA,AMR_19,G18_4,WS_30_20,"[""107573"", ""123034""]",5,8135.950000020833,8342.050000018853,8243.750000020284,8135.950000020833,8161.000000020924,8165.050000020939,8233.65000002043,8233.70000002043,8243.700000020284,8243.750000020284,8338.000000018912,8342.050000018853,18.100000000000122,135.6999999999966,16.200000000000095,0,35.8500000000001,0.25,0,19.999999999999996,136.00000000000094
J001026,2023-02-03/IPMG,IPMG,AMR_23,G17_14,WS_25_20,"[""123310""]",1,8142.000000020855,8396.000000018068,8319.60000001918,8142.000000020855,8201.200000020903,8205.250000020844,8309.500000019327,8309.550000019326,8319.55000001918,8319.60000001918,8391.950000018127,8396.000000018068,18.100000000000122,116.04999999999555,17.20000000000011,0,102.39999999999633,0.25,0,40.00000000000007,72.00000000000011
J001027,2023-02-03/RUDA,RUDA,AMR_10,G8_6,WS_8_20,"[""110448""]",1,8150.850000020887,8275.800000019817,8236.100000020395,8150.850000020887,8154.800000020901,8158.850000020916,8226.000000020542,8226.050000020541,8236.050000020396,8236.100000020395,8271.750000019876,8275.800000019817,18.100000000000122,73.44999999999797,9.5,0,23.6500000000002,0.25,0,2.0,76.00000000000088
J001028,2023-02-03/SETA,SETA,AMR_08,G8_12,WS_30_20,"[""110607"", ""112073""]",2,8153.000000020895,8541.650000015949,8348.45000001876,8153.000000020895,8157.000000020909,8161.050000020924,8338.350000018907,8338.400000018906,8348.40000001876,8348.45000001876,8537.600000016007,8541.650000015949,18.100000000000122,134.19999999999627,13.400000000000055,0,222.7000000000164,0.25,0,2.0,139.9999999999993
J001029,2023-02-03/IPMG,IPMG,AMR_04,G17_13,WS_25_20,"[""112326""]",1,8157.950000020913,8403.500000017959,8348.050000018766,8157.950000020913,8253.400000020143,8257.450000020084,8337.950000018913,8338.000000018912,8348.000000018767,8348.050000018766,8399.450000018018,8403.500000017959,18.100000000000122,113.2999999999957,19.150000000000137,0,94.74999999999676,0.25,0,38.000000000000114,76.00000000000014
J001030,2023-02-03/RUDA,RUDA,AMR_28,G11_6,WS_8_20,"[""134500""]",1,8166.750000020945,8347.300000018777,8283.8500000197,8166.750000020945,8166.750000020945,8170.8000000209595,8273.750000019847,8273.800000019846,8283.8000000197,8283.8500000197,8343.250000018836,8347.300000018777,18.100000000000122,73.44999999999797,9.55,0,79.24999999999764,0.2,0,0.0,76.00000000000068
J001031,2023-02-03/SETA,SETA,AMR_16,G14_2,WS_30_20,"[""110209"", ""112444""]",3,8170.050000020957,8365.300000018515,8300.900000019452,8170.050000020957,8192.40000002103,8196.450000020972,8290.800000019599,8290.850000019598,8300.850000019453,8300.900000019452,8361.250000018574,8365.300000018515,18.100000000000122,143.74999999999844,18.100000000000122,0,15.050000000000079,0.25,0,15.999999999999996,155.99999999999807
J001032,2023-02-03/IPMG,IPMG,AMR_35,G18_12,WS_25_20,"[""110165""]",1,8173.900000020971,8373.400000018397,8303.650000019412,8173.900000020971,8189.700000021028,8193.750000021011,8293.550000019559,8293.600000019558,8303.600000019413,8303.650000019412,8369.350000018456,8373.400000018397,18.100000000000122,86.09999999999725,11.400000000000027,0,83.64999999999739,0.25,0,10.0,68.00000000000031
J001033,2023-02-03/RUDA,RUDA,AMR_31,G14_7,WS_8_20,"[""124826""]",1,8182.700000021003,8441.300000017409,8366.3500000185,8182.700000021003,8236.950000020383,8241.000000020324,8356.250000018646,8356.300000018646,8366.3000000185,8366.3500000185,8437.250000017468,8441.300000017409,18.100000000000122,115.0999999999956,15.250000000000082,0,109.8999999999959,0.25,0,26.00000000000003,84.00000000000074
J001034,2023-02-03/IPMG,IPMG,AMR_34,G18_13,WS_25_20,"[""132279""]",1,8189.850000021029,8312.550000019282,8271.600000019878,8189.850000021029,8189.850000021029,8193.900000021009,8261.500000020025,8261.550000020025,8271.550000019879,8271.600000019878,8308.500000019341,8312.550000019282,18.100000000000122,65.14999999999844,9.55,0,29.700000000000287,0.2,0,0.0,64.00000000000021
J001035,2023-02-03/RUDA,RUDA,AMR_09,G21_13,WS_8_20,"[""214618""]",1,8198.65000002094,8432.200000017541,8301.950000019437,8198.65000002094,8229.850000020486,8233.900000020427,8291.850000019584,8291.900000019583,8301.900000019437,8301.950000019437,8428.1500000176,8432.200000017541,18.100000000000122,105.14999999999617,17.20000000000011,0,92.84999999999687,0.25,0,6.0,100.00000000000045
J001036,2023-02-03/SETA,SETA,AMR_13,G9_8,WS_30_20,"[""110370"", ""127717""]",3,8205.150000020845,8524.050000016205,8321.65000001915,8205.150000020845,8229.850000020486,8233.900000020427,8311.550000019297,8311.600000019296,8321.60000001915,8321.65000001915,8520.000000016264,8524.050000016205,18.100000000000122,168.250000000004,22.95000000000019,0,109.34999999999593,0.25,0,6.0,179.99999999999676
J001037,2023-02-03/IPMG,IPMG,AMR_05,G17_12,WS_25_20,"[""110284""]",1,8205.800000020836,8428.400000017597,8364.150000018532,8205.800000020836,8258.600000020067,8262.650000020009,8354.050000018678,8354.100000018678,8364.100000018532,8364.150000018532,8424.350000017655,8428.400000017597,18.100000000000122,97.24999999999662,14.300000000000068,0,92.69999999999688,0.25,0,16.0,80.00000000000023
J001038,2023-02-03/MMTU,MMTU,AMR_03,G11_10,WS_19_20,"[""101022""]",1,8234.300000020421,8525.10000001619,8306.400000019372,8234.300000020421,8234.300000020421,8238.350000020362,8296.300000019519,8296.350000019518,8306.350000019373,8306.400000019372,8521.050000016248,8525.10000001619,18.100000000000122,100.54999999999643,14.350000000000069,0,157.6000000000016,0.2,0,0.0,104.00000000000082
J001039,2023-02-03/RUDA,RUDA,AMR_11,G12_8,WS_8_20,"[""107366""]",1,8236.150000020394,8403.750000017955,8317.950000019204,8236.150000020394,8236.150000020394,8240.200000020335,8307.85000001935,8307.90000001935,8317.900000019205,8317.950000019204,8399.700000018014,8403.750000017955,18.100000000000122,82.04999999999748,11.450000000000028,0,55.79999999999897,0.2,0,0.0,80.00000000000065
J001040,2023-02-03/TPKA,TPKA,AMR_07,G15_14,WS_2_20,"[""101075"", ""101296"", ""107412"", ""110299"", ""123304""]",5,8237.550000020374,8564.500000015616,8401.550000017987,8237.550000020374,8308.55000001934,8312.600000019282,8391.450000018134,8391.500000018134,8401.500000017988,8401.550000017987,8560.450000015675,8564.500000015616,18.100000000000122,153.80000000000072,22.95000000000019,0,131.84999999999573,0.25,0,58.000000000000355,104.00000000000136
J001041,2023-02-03/TPKA,TPKA,AMR_25,G15_15,WS_2_20,"[""110225"", ""111276"", ""111376"", ""124702""]",4,8237.550000020374,8405.850000017925,8350.400000018732,8237.550000020374,8266.350000019955,8270.400000019896,8340.300000018879,8340.350000018878,8350.350000018732,8350.400000018732,8401.800000017984,8405.850000017925,18.100000000000122,97.69999999999659,11.500000000000028,0,40.74999999999982,0.25,0,30.0,76.00000000000065
J001042,2023-02-03/TPKA,TPKA,AMR_20,G14_10,WS_2_20,"[""101180"", ""110298"", ""112317"", ""122632""]",4,8237.550000020374,8690.65000001378,8591.850000015218,8237.550000020374,8341.200000018865,8345.250000018807,8581.750000015365,8581.800000015364,8591.800000015219,8591.850000015218,8686.60000001384,8690.65000001378,18.100000000000122,191.30000000000925,24.850000000000218,0,218.60000000001546,0.25,0,50.00000000000037,160.00000000000136
J001043,2023-02-03/TPKA,TPKA,AMR_01,G21_14,WS_2_20,"[""101328"", ""110533"", ""111241"", ""112009""]",4,8237.550000020374,8421.150000017702,8333.30000001898,8237.550000020374,8255.150000020118,8259.200000020059,8323.200000019127,8323.250000019127,8333.250000018981,8333.30000001898,8417.100000017761,8421.150000017702,18.100000000000122,105.59999999999614,13.400000000000055,0,46.24999999999951,0.25,0,6.0,112.00000000000131
J001044,2023-02-03/TPKA,TPKA,AMR_40,G14_4,WS_2_20,"[""110336"", ""110418"", ""120450"", ""129530""]",4,8237.550000020374,8451.350000017263,8367.450000018483,8237.550000020374,8264.000000019989,8268.05000001993,8357.35000001863,8357.40000001863,8367.400000018484,8367.450000018483,8447.300000017322,8451.350000017263,18.100000000000122,134.24999999999628,13.350000000000055,0,47.84999999999942,0.25,0,21.999999999999996,136.0000000000024
J001045,2023-02-03/TPKA,TPKA,AMR_02,G15_4,WS_2_20,"[""110285"", ""110390"", ""110594"", ""123310""]",5,8237.550000020374,8459.650000017142,8384.500000018235,8237.550000020374,8282.350000019722,8286.400000019663,8374.400000018382,8374.450000018382,8384.450000018236,8384.500000018235,8455.6000000172,8459.650000017142,18.100000000000122,144.74999999999866,14.300000000000068,0,44.6999999999996,0.25,0,38.0,128.0000000000024
J001046,2023-02-03/SETA,SETA,AMR_06,G6_14,WS_30_20,"[""111326"", ""118520""]",3,8243.800000020283,8611.70000001493,8420.850000017706,8243.800000020283,8264.60000001998,8268.650000019921,8410.750000017853,8410.800000017853,8420.800000017707,8420.850000017706,8607.650000014988,8611.70000001493,18.100000000000122,126.64999999999495,17.20000000000011,0,205.70000000001252,0.25,0,4.0,132.00000000000026
J001047,2023-02-03/RUDA,RUDA,AMR_14,G8_5,WS_8_20,"[""132276""]",1,8251.850000020166,8375.100000018372,8333.900000018972,8251.850000020166,8251.850000020166,8255.900000020107,8323.800000019119,8323.850000019118,8333.850000018972,8333.900000018972,8371.050000018431,8375.100000018372,18.100000000000122,70.19999999999816,9.55,0,25.200000000000223,0.2,0,0.0,80.00000000000091
J001048,2023-02-03/SETA,SETA,AMR_24,G3_10,WS_30_20,"[""107290"", ""125462""]",2,8266.600000019951,8572.900000015494,8392.750000018115,8266.600000019951,8282.850000019715,8286.900000019656,8382.650000018262,8382.700000018262,8392.700000018116,8392.750000018115,8568.850000015553,8572.900000015494,18.100000000000122,150.1999999999999,14.300000000000068,0,123.44999999999513,0.25,0,10.0,155.99999999999886
J001049,2023-02-03/RUDA,RUDA,AMR_33,G18_8,WS_8_20,"[""110514""]",1,8267.950000019931,8492.600000016662,8398.250000018035,8267.950000019931,8300.700000019455,8304.750000019396,8388.150000018182,8388.200000018182,8398.200000018036,8398.250000018035,8488.550000016721,8492.600000016662,18.100000000000122,127.29999999999491,19.150000000000137,0,59.84999999999874,0.25,0,20.0,112.00000000000117
J001050,2023-02-03/IPMG,IPMG,AMR_26,G23_13,WS_25_20,"[""115120""]",1,8271.650000019878,8410.450000017858,8380.1000000183,8271.650000019878,8298.100000019493,8302.150000019434,8370.000000018446,8370.050000018446,8380.0500000183,8380.1000000183,8406.400000017917,8410.450000017858,18.100000000000122,76.4499999999978,15.300000000000082,0,28.700000000000273,0.25,0,18.0,52.00000000000021
J001051,2023-02-03/SETA,SETA,AMR_37,G3_5,WS_30_20,"[""110195"", ""111207""]",2,8283.9000000197,8645.050000014444,8458.100000017164,8283.9000000197,8340.85000001887,8344.900000018812,8448.000000017311,8448.05000001731,8458.050000017165,8458.100000017164,8641.000000014503,8645.050000014444,18.100000000000122,210.0000000000135,24.850000000000218,0,107.94999999999601,0.25,0,44.000000000000114,211.99999999999181
J001052,2023-02-03/RUDA,RUDA,AMR_36,G15_6,WS_8_20,"[""110449""]",1,8283.9000000197,8505.500000016475,8382.300000018267,8283.9000000197,8298.500000019487,8302.550000019428,8372.200000018414,8372.250000018414,8382.250000018268,8382.300000018267,8501.450000016534,8505.500000016475,18.100000000000122,102.8999999999963,15.300000000000082,0,85.04999999999731,0.25,0,8.0,100.00000000000134
J001053,2023-02-03/IPMG,IPMG,AMR_15,G21_9,WS_25_20,"[""131531""]",1,8287.750000019643,8444.450000017363,8396.050000018067,8287.750000019643,8315.45000001924,8319.500000019181,8385.950000018214,8386.000000018214,8396.000000018068,8396.050000018067,8440.400000017422,8444.450000017363,18.100000000000122,89.19999999999708,17.20000000000011,0,31.95000000000032,0.25,0,20.0,68.00000000000043
J001054,2023-02-03/MMJJ,MMJJ,AMR_29,G12_9,WS_13_20,"[""101202""]",1,8298.25000001949,8625.500000014728,8550.900000015814,8298.25000001949,8298.25000001949,8302.300000019432,8540.80000001596,8540.85000001596,8550.850000015815,8550.900000015814,8621.450000014787,8625.500000014728,18.100000000000122,66.54999999999836,9.55,0,232.8500000000187,0.2,0,0.0,60.00000000000017
J001055,2023-02-03/SETA,SETA,AMR_39,G26_15,WS_30_20,"[""101072""]",1,8300.950000019451,8401.500000017988,8375.450000018367,8300.950000019451,8320.650000019165,8324.700000019106,8365.350000018514,8365.400000018513,8375.400000018368,8375.450000018367,8397.450000018047,8401.500000017988,18.100000000000122,55.199999999999,12.450000000000042,0,14.550000000000072,0.25,0,12.0,44.00000000000003
J001056,2023-02-03/RUDA,RUDA,AMR_27,G11_8,WS_8_20,"[""111247""]",1,8302.000000019436,8420.250000017715,8350.400000018732,8302.000000019436,8302.000000019436,8306.050000019377,8340.300000018879,8340.350000018878,8350.350000018732,8350.400000018732,8416.200000017774,8420.250000017715,18.100000000000122,66.04999999999839,9.55,0,24.35000000000021,0.2,0,0.0,68.00000000000048
J001057,2023-02-03/IPMG,IPMG,AMR_38,G14_15,WS_25_20,"[""110166""]",1,8303.700000019411,8553.100000015782,8431.900000017546,8303.700000019411,8338.8000000189,8342.850000018841,8421.800000017693,8421.850000017692,8431.850000017546,8431.900000017546,8549.05000001584,8553.100000015782,18.100000000000122,101.64999999999637,16.250000000000096,0,113.14999999999571,0.25,0,22.0,80.0
J001058,2023-02-03/SEMY,SEMY,AMR_10,G14_14,WS_19_20,"[""101330"", ""110185"", ""112066"", ""121833""]",6,8306.450000019371,8637.400000014555,8598.050000015128,8306.450000019371,8384.650000018233,8388.700000018174,8587.950000015275,8588.000000015274,8598.000000015129,8598.050000015128,8633.350000014614,8637.400000014555,18.100000000000122,109.7999999999959,19.150000000000137,0,183.6500000000075,0.25,0,48.000000000000256,60.00000000000033
J001059,2023-02-03/SEMY,SEMY,AMR_12,G17_10,WS_19_20,"[""110168"", ""111362"", ""111380"", ""131216""]",6,8306.450000019371,8781.950000012452,8721.100000013337,8306.450000019371,8594.50000001518,8598.55000001512,8711.000000013484,8711.050000013483,8721.050000013338,8721.100000013337,8777.90000001251,8781.950000012452,18.100000000000122,237.10000000001966,36.45000000000007,0,183.6000000000075,0.25,0,187.99999999999636,60.000000000000085
J001060,2023-02-03/SEMY,SEMY,AMR_18,G14_13,WS_19_20,"[""110385"", ""111391"", ""120450""]",3,8306.450000019371,8707.85000001353,8669.750000014084,8306.450000019371,8379.750000018304,8383.800000018246,8659.650000014231,8659.70000001423,8669.700000014085,8669.750000014084,8703.800000013589,8707.85000001353,18.100000000000122,135.99999999999667,26.800000000000246,0,220.25000000001583,0.25,0,54.00000000000054,76.00000000000045
J001061,2023-02-03/SEMY,SEMY,AMR_34,G8_14,WS_19_20,"[""101084"", ""112275"", ""118513""]",3,8312.600000019282,8871.250000011152,8738.150000013089,8312.600000019282,8522.600000016226,8526.650000016167,8728.050000013236,8728.100000013235,8738.10000001309,8738.150000013089,8867.200000011211,8871.250000011152,18.100000000000122,137.399999999997,19.150000000000137,0,383.750000000053,0.25,0,46.00000000000007,84.00000000000028
J001062,2023-02-03/SEMY,SEMY,AMR_30,G3_14,WS_19_20,"[""107301"", ""110210"", ""110218""]",4,8321.100000019158,8826.7500000118,8704.050000013585,8321.100000019158,8497.100000016597,8501.150000016538,8693.950000013732,8694.000000013732,8704.000000013586,8704.050000013585,8822.700000011859,8826.7500000118,18.100000000000122,246.75000000002186,42.19999999999974,0,198.35000000001085,0.25,0,122.00000000000269,136.00000000000125
J001063,2023-02-03/SETA,SETA,AMR_21,G24_15,WS_30_20,"[""117030""]",1,8324.500000019108,8525.10000001619,8496.650000016603,8324.500000019108,8449.800000017285,8453.850000017226,8486.55000001675,8486.60000001675,8496.600000016604,8496.650000016603,8521.050000016248,8525.10000001619,18.100000000000122,123.14999999999515,15.250000000000082,0,43.849999999999646,0.25,0,78.00000000000034,52.00000000000003
J001064,2023-02-03/RUDA,RUDA,AMR_17,G18_7,WS_8_20,"[""110229""]",1,8332.100000018998,8618.750000014827,8548.550000015848,8332.100000018998,8400.300000018005,8404.350000017947,8538.450000015995,8538.500000015994,8548.500000015849,8548.550000015848,8614.700000014886,8618.750000014827,18.100000000000122,138.84999999999732,17.20000000000011,0,112.24999999999577,0.25,0,36.00000000000001,124.0000000000021
J001065,2023-02-03/TPKA,TPKA,AMR_19,G12_10,WS_2_20,"[""110297"", ""110324"", ""134683""]",3,8342.100000018852,8533.550000016066,8485.350000016768,8342.100000018852,8409.500000017872,8413.550000017813,8475.250000016915,8475.300000016914,8485.300000016769,8485.350000016768,8529.500000016125,8533.550000016066,18.100000000000122,112.44999999999575,15.300000000000082,0,45.34999999999956,0.25,0,39.999999999999986,84.000000000001
J001066,2023-02-03/IPMG,IPMG,AMR_22,G2_13,WS_25_20,"[""107105"", ""126347""]",2,8344.30000001882,8753.800000012861,8641.350000014498,8344.30000001882,8438.650000017447,8442.700000017388,8631.250000014645,8631.300000014644,8641.300000014498,8641.350000014498,8749.75000001292,8753.800000012861,18.100000000000122,238.75000000002004,32.50000000000029,0,119.89999999999533,0.25,0,86.00000000000135,167.999999999998
J001067,2023-02-03/SEMY,SEMY,AMR_28,G18_14,WS_19_20,"[""112369"", ""112374""]",3,8347.350000018776,8716.900000013398,8687.000000013833,8347.350000018776,8595.750000015161,8599.800000015102,8676.90000001398,8676.95000001398,8686.950000013834,8687.000000013833,8712.850000013457,8716.900000013398,18.100000000000122,127.4999999999949,23.000000000000192,0,200.70000000001139,0.25,0,78.00000000000077,40.00000000000004
J001068,2023-02-03/RUDA,RUDA,AMR_16,G26_14,WS_8_20,"[""107123""]",1,8365.350000018514,8712.300000013465,8564.350000015618,8365.350000018514,8415.000000017792,8419.050000017733,8554.250000015765,8554.300000015764,8564.300000015619,8564.350000015618,8708.250000013524,8712.300000013465,18.100000000000122,149.14999999999966,23.850000000000204,0,155.60000000000113,0.25,0,48.00000000000013,112.0000000000006
J001069,2023-02-03/TPKA,TPKA,AMR_35,G18_12,WS_2_20,"[""107272"", ""110194"", ""110253"", ""112302""]",4,8373.450000018396,8660.200000014223,8574.800000015466,8373.450000018396,8373.450000018396,8377.500000018337,8564.700000015613,8564.750000015612,8574.750000015467,8574.800000015466,8656.150000014282,8660.200000014223,18.100000000000122,100.69999999999642,8.599999999999987,0,159.15000000000194,0.2,0,0.0,108.00000000000162
J001070,2023-02-03/IPMG,IPMG,AMR_14,G18_10,WS_25_20,"[""110205""]",1,8375.150000018371,8726.500000013259,8657.300000014266,8375.150000018371,8527.450000016155,8531.500000016096,8647.200000014413,8647.250000014412,8657.250000014266,8657.300000014266,8722.450000013318,8726.500000013259,18.100000000000122,168.35000000000403,22.05000000000018,0,142.59999999999818,0.25,0,102.00000000000188,76.0000000000004
J001071,2023-02-03/SETA,SETA,AMR_32,G21_15,WS_30_20,"[""112019""]",1,8382.15000001827,8546.050000015885,8513.750000016355,8382.15000001827,8451.950000017254,8456.000000017195,8503.650000016502,8503.7000000165,8513.700000016355,8513.750000016355,8542.000000015943,8546.050000015885,18.100000000000122,108.69999999999597,20.10000000000015,0,16.750000000000103,0.25,0,52.00000000000027,64.00000000000003
J001072,2023-02-03/RUDA,RUDA,AMR_23,G15_7,WS_8_20,"[""120382""]",1,8396.050000018067,8669.000000014095,8580.300000015386,8396.050000018067,8437.250000017468,8441.300000017409,8570.200000015533,8570.250000015532,8580.250000015387,8580.300000015386,8664.950000014154,8669.000000014095,18.100000000000122,114.94999999999561,17.20000000000011,0,122.44999999999519,0.25,0,18.0,96.00000000000085
J001073,2023-02-03/IPMG,IPMG,AMR_39,G20_7,WS_25_20,"[""111357""]",1,8401.550000017987,8701.300000013625,8568.500000015558,8401.550000017987,8496.8500000166,8500.900000016542,8558.400000015705,8558.450000015704,8568.450000015559,8568.500000015558,8697.250000013684,8701.300000013625,18.100000000000122,134.64999999999637,20.05000000000015,0,126.69999999999494,0.25,0,48.00000000000022,88.00000000000057
J001074,2023-02-03/TPKA,TPKA,AMR_04,G21_12,WS_2_20,"[""101027"", ""110525"", ""112283""]",4,8403.550000017958,8752.55000001288,8653.400000014322,8403.550000017958,8513.35000001636,8517.400000016301,8643.30000001447,8643.350000014469,8653.350000014323,8653.400000014322,8748.500000012938,8752.55000001288,18.100000000000122,183.05000000000737,22.90000000000019,0,124.69999999999506,0.25,0,58.000000000000526,140.00000000000088
J001075,2023-02-03/RUDA,RUDA,AMR_11,G27_14,WS_8_20,"[""112077""]",1,8403.800000017955,8765.350000012693,8654.850000014301,8403.800000017955,8496.20000001661,8500.250000016551,8644.750000014448,8644.800000014448,8654.800000014302,8654.850000014301,8761.300000012752,8765.350000012693,18.100000000000122,186.10000000000807,23.000000000000192,0,134.09999999999624,0.25,0,74.00000000000088,132.00000000000065
J001076,2023-02-03/SETA,SETA,AMR_25,G23_12,WS_30_20,"[""113119""]",1,8405.900000017924,8610.000000014954,8568.750000015554,8405.900000017924,8496.100000016611,8500.150000016552,8558.650000015701,8558.7000000157,8568.700000015555,8568.750000015554,8605.950000015013,8610.000000014954,18.100000000000122,123.9499999999951,22.95000000000019,0,38.84999999999993,0.25,0,50.00000000000031,76.0000000000004
J001077,2023-02-03/IPMG,IPMG,AMR_26,G15_9,WS_25_20,"[""110251""]",1,8410.500000017857,8743.250000013015,8595.550000015164,8410.500000017857,8524.3500000162,8528.400000016141,8585.450000015311,8585.50000001531,8595.500000015165,8595.550000015164,8739.200000013074,8743.250000013015,18.100000000000122,179.90000000000666,32.600000000000286,0,101.89999999999635,0.25,0,56.000000000000355,140.00000000000085
J001078,2023-02-03/TPKA,TPKA,AMR_27,G3_15,WS_2_20,"[""110255"", ""110615""]",2,8420.300000017714,8526.45000001617,8502.200000016523,8420.300000017714,8454.850000017212,8458.900000017153,8492.10000001667,8492.150000016669,8502.150000016523,8502.200000016523,8522.400000016229,8526.45000001617,18.100000000000122,60.949999999998674,12.450000000000042,0,14.40000000000007,0.25,0,30.000000000000025,31.99999999999998
J001079,2023-02-03/RUDA,RUDA,AMR_01,G26_15,WS_8_20,"[""118532""]",1,8421.200000017701,8726.850000013254,8627.200000014704,8421.200000017701,8489.100000016713,8493.150000016654,8617.10000001485,8617.15000001485,8627.150000014704,8627.200000014704,8722.800000013312,8726.850000013254,18.100000000000122,120.04999999999532,18.250000000000124,0,148.99999999999963,0.25,0,20.0,104.00000000000023
J001080,2023-02-03/SETA,SETA,AMR_05,G20_15,WS_30_20,"[""110296""]",1,8428.450000017596,8653.250000014325,8585.800000015306,8428.450000017596,8483.1500000168,8487.20000001674,8575.700000015453,8575.750000015452,8585.750000015307,8585.800000015306,8649.200000014383,8653.250000014325,18.100000000000122,96.34999999999667,14.350000000000069,0,95.7499999999967,0.25,0,28.0,68.00000000000001
J001081,2023-02-03/IPMG,IPMG,AMR_09,G17_7,WS_25_20,"[""114899""]",1,8432.25000001754,8715.950000013412,8625.550000014728,8432.25000001754,8515.45000001633,8519.50000001627,8615.450000014875,8615.500000014874,8625.500000014728,8625.550000014728,8711.900000013471,8715.950000013412,18.100000000000122,138.84999999999732,17.25000000000011,0,109.24999999999594,0.25,0,44.0000000000004,100.00000000000071
J001082,2023-02-03/TPKA,TPKA,AMR_31,G3_12,WS_2_20,"[""110351"", ""112194""]",2,8441.350000017408,8588.800000015262,8557.550000015717,8441.350000017408,8520.650000016254,8524.700000016195,8547.450000015864,8547.500000015863,8557.500000015718,8557.550000015717,8584.750000015321,8588.800000015262,18.100000000000122,96.39999999999667,14.350000000000069,0,18.350000000000126,0.25,0,60.00000000000074,48.0000000000004
J001083,2023-02-03/RUDA,RUDA,AMR_15,G23_13,WS_8_20,"[""111371""]",1,8444.500000017362,8761.50000001275,8671.050000014066,8444.500000017362,8486.400000016753,8490.450000016694,8660.950000014212,8661.000000014212,8671.000000014066,8671.050000014066,8757.450000012808,8761.50000001275,18.100000000000122,114.69999999999563,17.20000000000011,0,166.75000000000367,0.25,0,12.0,100.00000000000065
J001084,2023-02-03/SETA,SETA,AMR_40,G17_12,WS_30_20,"[""100949""]",1,8451.400000017262,8645.450000014438,8551.700000015802,8451.400000017262,8486.400000016753,8490.450000016694,8541.60000001595,8541.650000015949,8551.650000015803,8551.700000015802,8641.400000014497,8645.450000014438,18.100000000000122,110.39999999999587,14.300000000000068,0,50.99999999999924,0.25,0,26.0,100.00000000000063
J001085,2023-02-03/IPMG,IPMG,AMR_02,G14_9,WS_25_20,"[""101149""]",1,8459.700000017141,8791.950000012306,8673.250000014034,8459.700000017141,8508.100000016437,8512.150000016378,8663.15000001418,8663.20000001418,8673.200000014034,8673.250000014034,8787.900000012365,8791.950000012306,18.100000000000122,127.4999999999949,14.300000000000068,0,172.10000000000488,0.25,0,23.999999999999996,104.00000000000071
J001086,2023-02-03/TPKA,TPKA,AMR_33,G6_13,WS_2_20,"[""101017"", ""101105""]",3,8492.650000016662,8687.550000013825,8625.950000014722,8492.650000016662,8548.700000015846,8552.750000015787,8615.850000014869,8615.900000014868,8625.900000014723,8625.950000014722,8683.500000013884,8687.550000013825,18.100000000000122,97.14999999999662,15.300000000000082,0,64.0999999999985,0.25,0,38.00000000000007,56.0000000000003
J001087,2023-02-03/SETA,SETA,AMR_36,G20_8,WS_30_20,"[""131980""]",1,8505.550000016474,8671.950000014052,8618.950000014824,8505.550000016474,8548.850000015844,8552.900000015785,8608.85000001497,8608.90000001497,8618.900000014824,8618.950000014824,8667.900000014111,8671.950000014052,18.100000000000122,115.29999999999559,19.100000000000136,0,13.650000000000059,0.25,0,26.00000000000002,104.00000000000088
J001088,2023-02-03/SETA,SETA,AMR_13,G17_6,WS_30_20,"[""112450""]",1,8524.100000016204,8729.400000013216,8653.000000014328,8524.100000016204,8567.950000015566,8572.000000015507,8642.900000014475,8642.950000014474,8652.950000014329,8653.000000014328,8725.350000013275,8729.400000013216,18.100000000000122,152.3500000000004,17.20000000000011,0,17.400000000000112,0.25,0,44.00000000000024,136.00000000000094
J001089,2023-02-03/TPKA,TPKA,AMR_03,G11_10,WS_2_20,"[""101022"", ""101147"", ""101305"", ""110357""]",5,8525.150000016189,8650.700000014362,8608.90000001497,8525.150000016189,8525.150000016189,8529.20000001613,8598.800000015117,8598.850000015116,8608.85000001497,8608.90000001497,8646.65000001442,8650.700000014362,18.100000000000122,69.64999999999819,8.599999999999987,0,29.000000000000277,0.2,0,0.0,80.00000000000114
J001090,2023-02-03/SETA,SETA,AMR_21,G15_8,WS_30_20,"[""110382""]",1,8525.150000016189,8791.600000012311,8712.550000013462,8525.150000016189,8625.40000001473,8629.45000001467,8702.450000013609,8702.500000013608,8712.500000013462,8712.550000013462,8787.55000001237,8791.600000012311,18.100000000000122,162.15000000000262,20.05000000000015,0,65.8999999999984,0.25,0,52.00000000000067,136.00000000000085
J001091,2023-02-03/MMNB,MMNB,AMR_32,G17_15,WS_13_20,"[""112279""]",1,8550.950000015813,8731.400000013187,8702.950000013601,8550.950000015813,8638.850000014534,8642.900000014475,8692.850000013748,8692.900000013748,8702.900000013602,8702.950000013601,8727.350000013246,8731.400000013187,18.100000000000122,94.1499999999968,17.20000000000011,0,50.749999999999254,0.25,0,48.00000000000023,44.00000000000024
J001092,2023-02-03/MMNB,MMNB,AMR_08,G11_9,WS_13_20,"[""112353""]",1,8550.950000015813,8708.350000013523,8668.6500000141,8550.950000015813,8603.850000015043,8607.900000014984,8658.550000014247,8658.600000014247,8668.600000014101,8668.6500000141,8704.300000013582,8708.350000013523,18.100000000000122,102.39999999999633,19.100000000000136,0,17.550000000000114,0.25,0,40.00000000000017,68.00000000000068
J001093,2023-02-03/MMNB,MMNB,AMR_19,G23_15,WS_13_20,"[""131990""]",1,8550.950000015813,8780.75000001247,8737.050000013105,8550.950000015813,8644.250000014456,8648.300000014397,8726.950000013252,8727.000000013251,8737.000000013106,8737.050000013105,8776.700000012528,8780.75000001247,18.100000000000122,123.14999999999515,13.350000000000055,0,74.94999999999789,0.25,0,76.00000000000111,64.00000000000014
J001094,2023-02-03/MMNB,MMNB,AMR_27,G3_15,WS_13_20,"[""101024""]",2,8550.950000015813,8737.3500000131,8685.90000001385,8550.950000015813,8550.950000015813,8555.000000015754,8675.800000013996,8675.850000013996,8685.85000001385,8685.90000001385,8733.30000001316,8737.3500000131,18.100000000000122,66.59999999999836,7.649999999999981,0,93.84999999999681,0.2,0,0.0,68.00000000000044
J001095,2023-02-03/MMNB,MMNB,AMR_38,G11_7,WS_13_20,"[""101066""]",1,8553.150000015781,8759.050000012785,8720.000000013353,8553.150000015781,8639.700000014522,8643.750000014463,8709.9000000135,8709.9500000135,8719.950000013354,8720.000000013353,8755.000000012844,8759.050000012785,18.100000000000122,112.34999999999576,16.200000000000095,0,58.999999999998785,0.25,0,42.00000000000023,76.00000000000082
J001096,2023-02-03/TPKA,TPKA,AMR_07,G9_12,WS_2_20,"[""107162"", ""107268""]",2,8564.550000015615,8758.65000001279,8710.450000013492,8564.550000015615,8625.700000014725,8629.750000014667,8700.35000001364,8700.400000013638,8710.400000013493,8710.450000013492,8754.60000001285,8758.65000001279,18.100000000000122,124.14999999999509,21.050000000000164,0,30.5500000000003,0.25,0,48.00000000000044,88.00000000000108
J001097,2023-02-03/SETA,SETA,AMR_24,G17_5,WS_30_20,"[""122687""]",1,8572.950000015493,8820.750000011887,8729.90000001321,8572.950000015493,8631.700000014638,8635.75000001458,8719.800000013356,8719.850000013355,8729.85000001321,8729.90000001321,8816.700000011946,8820.750000011887,18.100000000000122,165.75000000000344,18.100000000000122,0,45.59999999999955,0.25,0,58.00000000000072,144.00000000000043
J001098,2023-02-03/SETA,SETA,AMR_31,G14_8,WS_30_20,"[""101291""]",1,8588.850000015262,8844.55000001154,8765.750000012687,8588.850000015262,8633.350000014614,8637.400000014555,8755.650000012834,8755.700000012834,8765.700000012688,8765.750000012687,8840.5000000116,8844.55000001154,18.100000000000122,163.05000000000283,20.05000000000015,0,54.249999999999055,0.25,0,30.0,163.99999999999784
J001099,2023-02-03/TPKA,TPKA,AMR_25,G3_10,WS_2_20,"[""107290"", ""110201""]",2,8610.050000014953,8840.150000011605,8809.100000012057,8610.050000014953,8735.050000013134,8739.100000013075,8799.000000012204,8799.050000012203,8809.050000012057,8809.100000012057,8836.100000011664,8840.150000011605,18.100000000000122,114.34999999999565,19.200000000000138,0,78.1999999999977,0.25,0,72.0000000000012,52.00000000000041
J001100,2023-02-03/IPMG,IPMG,AMR_06,G15_14,WS_25_20,"[""110531""]",1,8611.750000014928,8864.650000011248,8790.400000012329,8611.750000014928,8725.350000013275,8729.400000013216,8780.300000012476,8780.350000012475,8790.35000001233,8790.400000012329,8860.600000011307,8864.650000011248,18.100000000000122,101.54999999999637,15.300000000000082,0,117.69999999999546,0.25,0,30.0,72.00000000000011
J001101,2023-02-03/TPKA,TPKA,AMR_17,G14_15,WS_2_20,"[""107120"", ""124704""]",2,8618.800000014826,8825.500000011818,8749.200000012928,8618.800000014826,8686.450000013841,8690.500000013782,8739.100000013075,8739.150000013075,8749.150000012929,8749.200000012928,8821.450000011877,8825.500000011818,18.100000000000122,114.34999999999565,14.300000000000068,0,59.699999999998745,0.25,0,52.00000000000047,72.0000000000004
J001102,2023-02-03/SETA,SETA,AMR_29,G18_7,WS_30_20,"[""117431""]",1,8625.550000014728,8877.55000001106,8804.450000012124,8625.550000014728,8673.900000014024,8677.950000013965,8794.350000012271,8794.40000001227,8804.400000012125,8804.450000012124,8873.50000001112,8877.55000001106,18.100000000000122,130.24999999999537,19.100000000000136,0,84.29999999999735,0.25,0,36.00000000000001,108.00000000000091
J001103,2023-02-03/IPMG,IPMG,AMR_10,G18_8,WS_25_20,"[""107395""]",1,8637.450000014554,8806.550000012094,8754.700000012848,8637.450000014554,8683.400000013886,8687.450000013827,8744.600000012995,8744.650000012994,8754.650000012849,8754.700000012848,8802.500000012153,8806.550000012094,18.100000000000122,107.04999999999606,15.300000000000082,0,28.40000000000027,0.25,0,28.0,84.00000000000068
J001104,2023-02-03/TPKA,TPKA,AMR_37,G15_12,WS_2_20,"[""101028"", ""110191""]",2,8645.100000014443,8890.800000010868,8826.150000011809,8645.100000014443,8694.85000001372,8698.90000001366,8816.050000011955,8816.100000011955,8826.10000001181,8826.150000011809,8886.750000010927,8890.800000010868,18.100000000000122,128.29999999999492,13.400000000000055,0,85.64999999999728,0.25,0,38.00000000000004,96.00000000000108
J001105,2023-02-03/IPMG,IPMG,AMR_40,G18_5,WS_25_20,"[""112233""]",1,8645.500000014437,8828.650000011772,8774.45000001256,8645.500000014437,8683.600000013883,8687.650000013824,8764.350000012708,8764.400000012707,8774.400000012562,8774.45000001256,8824.600000011831,8828.650000011772,18.100000000000122,115.54999999999558,17.15000000000011,0,32.100000000000314,0.25,0,20.00000000000003,108.00000000000153
J001106,2023-02-03/SEMY,SEMY,AMR_03,G17_14,WS_19_20,"[""110504"", ""123310"", ""124208""]",5,8650.750000014361,8818.800000011915,8782.600000012442,8650.750000014361,8732.350000013173,8736.400000013115,8772.50000001259,8772.550000012588,8782.550000012443,8782.600000012442,8814.750000011974,8818.800000011915,18.100000000000122,71.94999999999806,14.350000000000069,0,63.399999999998535,0.25,0,20.0,48.00000000000004
J001107,2023-02-03/SETA,SETA,AMR_05,G15_5,WS_30_20,"[""110538""]",1,8653.300000014324,8907.050000010631,8787.400000012372,8653.300000014324,8700.000000013644,8704.050000013585,8777.30000001252,8777.350000012519,8787.350000012373,8787.400000012372,8903.00000001069,8907.050000010631,18.100000000000122,150.39999999999995,16.200000000000095,0,68.79999999999824,0.25,0,34.00000000000003,136.00000000000057
J001108,2023-02-03/TPKA,TPKA,AMR_35,G6_5,WS_2_20,"[""112357"", ""120049""]",2,8660.250000014223,8844.250000011545,8792.050000012305,8660.250000014223,8735.800000013123,8739.850000013064,8781.950000012452,8782.000000012451,8792.000000012305,8792.050000012305,8840.200000011604,8844.250000011545,18.100000000000122,123.19999999999514,14.300000000000068,0,28.150000000000265,0.25,0,50.000000000000554,96.00000000000159
J001109,2023-02-03/MMNB,MMNB,AMR_23,G20_15,WS_13_20,"[""107101""]",1,8669.050000014095,8829.350000011762,8754.100000012857,8669.050000014095,8703.450000013594,8707.500000013535,8744.000000013004,8744.050000013003,8754.050000012858,8754.100000012857,8825.30000001182,8829.350000011762,18.100000000000122,87.0999999999972,16.250000000000096,0,38.599999999999945,0.25,0,26.0,56.000000000000014
J001110,2023-02-03/SRPA,SRPA,AMR_36,G15_15,WS_8_20,"[""101290"", ""107238"", ""110604"", ""111276"", ""111376"", ""112034"", ""123094"", ""124211"", ""124702"", ""132437""]",12,8672.000000014052,8934.60000001023,8892.150000010848,8672.000000014052,8821.30000001188,8825.35000001182,8882.050000010995,8882.100000010994,8892.100000010849,8892.150000010848,8930.55000001029,8934.60000001023,18.100000000000122,102.7499999999963,18.200000000000124,0,123.29999999999514,0.25,0,40.00000000000003,56.00000000000033
J001111,2023-02-03/SRPA,SRPA,AMR_33,G14_12,WS_8_20,"[""107219"", ""107312"", ""107328"", ""110232"", ""110316"", ""110323"", ""110390"", ""110450"", ""112359"", ""124210""]",12,8687.600000013825,8889.400000010888,8839.900000011608,8687.600000013825,8714.200000013438,8718.250000013379,8829.800000011755,8829.850000011755,8839.85000001161,8839.900000011608,8885.350000010947,8889.400000010888,18.100000000000122,83.89999999999738,13.350000000000055,0,86.19999999999725,0.25,0,22.0,64.0000000000007
J001112,2023-02-03/SRPA,SRPA,AMR_20,G5_7,WS_8_20,"[""110148"", ""110221"", ""110475"", ""111212"", ""111238"", ""111261"", ""111391"", ""120450"", ""123310""]",11,8690.70000001378,8913.050000010544,8823.95000001184,8690.70000001378,8733.800000013152,8737.850000013093,8813.850000011988,8813.900000011987,8823.900000011841,8823.95000001184,8909.000000010603,8913.050000010544,18.100000000000122,118.7499999999954,14.300000000000068,0,70.94999999999811,0.25,0,44.00000000000024,80.00000000000031
J001113,2023-02-03/IPMG,IPMG,AMR_39,G15_7,WS_25_20,"[""120382""]",1,8701.350000013625,8981.950000009541,8889.550000010886,8701.350000013625,8811.60000001202,8815.650000011961,8879.450000011033,8879.500000011032,8889.500000010887,8889.550000010886,8977.9000000096,8981.950000009541,18.100000000000122,159.60000000000204,24.95000000000022,0,77.69999999999773,0.25,0,50.00000000000024,124.00000000000082
J001114,2023-02-03/SEMY,SEMY,AMR_18,G21_14,WS_19_20,"[""111241"", ""112009""]",2,8707.90000001353,8906.100000010645,8869.050000011184,8707.90000001353,8810.95000001203,8815.00000001197,8858.950000011331,8859.00000001133,8869.000000011185,8869.050000011184,8902.050000010704,8906.100000010645,18.100000000000122,85.79999999999727,17.20000000000011,0,76.84999999999778,0.25,0,36.000000000000014,44.00000000000004
J001115,2023-02-03/MMNB,MMNB,AMR_08,G11_10,WS_13_20,"[""101305""]",1,8708.400000013522,8849.750000011465,8814.35000001198,8708.400000013522,8712.500000013462,8716.550000013403,8804.250000012127,8804.300000012126,8814.300000011981,8814.35000001198,8845.700000011524,8849.750000011465,18.100000000000122,64.44999999999848,9.5,0,49.04999999999935,0.25,0,2.0,60.000000000000526
J001116,2023-02-03/SRPA,SRPA,AMR_16,G14_10,WS_8_20,"[""101015"", ""101180"", ""101193"", ""107293"", ""110163"", ""110298"", ""110317""]",7,8712.350000013465,8878.450000011047,8808.100000012071,8712.350000013465,8758.950000012786,8763.000000012727,8798.000000012218,8798.050000012217,8808.050000012072,8808.100000012071,8874.400000011106,8878.450000011047,18.100000000000122,96.44999999999666,13.400000000000055,0,37.899999999999984,0.25,0,32.0,72.0000000000008
J001117,2023-02-03/SETA,SETA,AMR_09,G11_8,WS_30_20,"[""110412""]",1,8716.000000013411,8961.250000009843,8888.850000010896,8716.000000013411,8764.25000001271,8768.30000001265,8878.750000011043,8878.800000011042,8888.800000010897,8888.850000010896,8957.200000009901,8961.250000009843,18.100000000000122,178.05000000000624,21.000000000000163,0,27.85000000000026,0.25,0,30.0,179.9999999999962
J001118,2023-02-03/TPKA,TPKA,AMR_28,G9_6,WS_2_20,"[""120052"", ""131216""]",2,8716.950000013398,8944.150000010091,8885.550000010944,8716.950000013398,8776.250000012535,8780.300000012476,8875.450000011091,8875.50000001109,8885.500000010945,8885.550000010944,8940.10000001015,8944.150000010091,18.100000000000122,137.49999999999702,17.20000000000011,0,54.14999999999906,0.25,0,38.00000000000003,108.00000000000148
J001119,2023-02-03/SEMY,SEMY,AMR_14,G15_13,WS_19_20,"[""111307"", ""112045""]",2,8726.550000013258,8882.900000010983,8852.000000011432,8726.550000013258,8754.800000012847,8758.850000012788,8841.90000001158,8841.950000011579,8851.950000011433,8852.000000011432,8878.850000011042,8882.900000010983,18.100000000000122,70.54999999999814,14.350000000000069,0,53.09999999999912,0.25,0,12.0,52.00000000000021
J001120,2023-02-03/MMNB,MMNB,AMR_01,G23_12,WS_13_20,"[""113119""]",1,8726.900000013253,8915.35000001051,8831.650000011728,8726.900000013253,8748.550000012938,8752.600000012879,8821.550000011875,8821.600000011875,8831.60000001173,8831.650000011728,8911.30000001057,8915.35000001051,18.100000000000122,94.54999999999677,12.35000000000004,0,63.199999999998546,0.25,0,16.0,76.00000000000034
J001121,2023-02-03/IPMG,IPMG,AMR_13,G14_7,WS_25_20,"[""111285""]",1,8729.450000013216,8951.85000000998,8847.950000011491,8729.450000013216,8762.250000012738,8766.30000001268,8837.850000011638,8837.900000011638,8847.900000011492,8847.950000011491,8947.800000010038,8951.85000000998,18.100000000000122,142.44999999999814,19.100000000000136,0,42.49999999999972,0.25,0,24.00000000000002,132.00000000000125
J001122,2023-02-03/SRPA,SRPA,AMR_32,G17_13,WS_8_20,"[""101076"", ""109989"", ""110189"", ""110362"", ""112326"", ""126832""]",6,8731.450000013187,8918.950000010458,8876.20000001108,8731.450000013187,8763.900000012714,8767.950000012655,8866.100000011227,8866.150000011226,8876.150000011081,8876.20000001108,8914.900000010517,8918.950000010458,18.100000000000122,88.19999999999713,16.300000000000097,0,64.64999999999847,0.25,0,8.0,84.00000000000094
J001123,2023-02-03/SETA,SETA,AMR_27,G6_15,WS_30_20,"[""113195""]",1,8737.4000000131,8931.700000010273,8871.900000011143,8737.4000000131,8753.650000012864,8757.700000012805,8861.80000001129,8861.850000011289,8871.850000011143,8871.900000011143,8927.650000010331,8931.700000010273,18.100000000000122,120.14999999999532,13.400000000000055,0,42.39999999999973,0.25,0,10.0,124.00000000000058
J001124,2023-02-03/SEMY,SEMY,AMR_26,G20_12,WS_19_20,"[""101097"", ""112386""]",2,8743.300000013014,8865.800000011232,8834.700000011684,8743.300000013014,8783.550000012428,8787.60000001237,8824.600000011831,8824.65000001183,8834.650000011685,8834.700000011684,8861.75000001129,8865.800000011232,18.100000000000122,68.94999999999823,15.300000000000082,0,19.900000000000148,0.25,0,16.0,48.00000000000023
J001125,2023-02-03/TPKA,TPKA,AMR_04,G18_15,WS_2_20,"[""110252"", ""112285""]",2,8752.600000012879,9130.750000007376,8902.600000010696,8752.600000012879,8776.050000012538,8780.100000012479,8892.500000010843,8892.550000010842,8902.550000010697,8902.600000010696,9126.700000007435,9130.750000007376,18.100000000000122,132.04999999999578,16.200000000000095,0,211.55000000001385,0.25,0,16.0,112.0000000000008
J001126,2023-02-03/SEMY,SEMY,AMR_22,G15_10,WS_19_20,"[""112331"", ""120052""]",3,8753.85000001286,9117.950000007562,9013.150000009087,8753.85000001286,8875.250000011094,8879.300000011035,9003.050000009234,9003.100000009234,9013.100000009088,9013.150000009087,9113.900000007621,9117.950000007562,18.100000000000122,148.49999999999952,19.100000000000136,0,178.15000000000626,0.25,0,60.000000000000384,96.00000000000131
J001127,2023-02-03/IPMG,IPMG,AMR_07,G8_15,WS_25_20,"[""111312""]",1,8758.70000001279,8914.450000010524,8872.000000011141,8758.70000001279,8780.100000012479,8784.15000001242,8861.900000011288,8861.950000011288,8871.950000011142,8872.000000011141,8910.400000010583,8914.450000010524,18.100000000000122,99.14999999999651,10.450000000000014,0,27.80000000000026,0.25,0,16.0,96.0000000000007
J001128,2023-02-03/SRPA,SRPA,AMR_38,G3_15,WS_8_20,"[""110222"", ""110255"", ""110305"", ""110615"", ""112231"", ""112392"", ""127627""]",8,8759.100000012784,8895.750000010796,8860.200000011313,8759.100000012784,8805.300000012112,8809.350000012053,8850.10000001146,8850.15000001146,8860.150000011314,8860.200000011313,8891.700000010855,8895.750000010796,18.100000000000122,87.94999999999715,12.400000000000041,0,17.95000000000012,0.25,0,48.00000000000058,48.000000000000114
J001129,2023-02-03/SETA,SETA,AMR_15,G9_7,WS_30_20,"[""107149""]",1,8761.550000012749,9092.400000007934,8926.500000010348,8761.550000012749,8832.500000011716,8836.550000011657,8916.400000010495,8916.450000010494,8926.450000010349,8926.500000010348,9088.350000007993,9092.400000007934,18.100000000000122,183.80000000000754,21.000000000000163,0,107.69999999999602,0.25,0,40.00000000000023,175.9999999999971
J001130,2023-02-03/TPKA,TPKA,AMR_11,G18_14,WS_2_20,"[""110530"", ""123763""]",3,8765.400000012693,9233.050000005887,9067.450000008297,8765.400000012693,8973.05000000967,8977.100000009612,9057.350000008444,9057.400000008443,9067.400000008298,9067.450000008297,9229.000000005946,9233.050000005887,18.100000000000122,190.40000000000904,30.6000000000003,0,228.30000000001766,0.25,0,70.00000000000028,120.0000000000015
J001131,2023-02-03/IPMG,IPMG,AMR_19,G8_13,WS_25_20,"[""101071""]",1,8780.800000012468,9026.450000008894,8955.400000009928,8780.800000012468,8862.600000011278,8866.65000001122,8945.300000010075,8945.350000010074,8955.350000009928,8955.400000009928,9022.400000008953,9026.450000008894,18.100000000000122,154.95000000000098,16.250000000000096,0,56.09999999999895,0.25,0,58.00000000000067,112.00000000000074
J001132,2023-02-03/SEMY,SEMY,AMR_12,G3_13,WS_19_20,"[""107177"", ""110494""]",2,8782.000000012451,9117.950000007562,8979.150000009582,8782.000000012451,8844.350000011544,8848.400000011485,8969.050000009729,8969.100000009728,8979.100000009583,8979.150000009582,9113.900000007621,9117.950000007562,18.100000000000122,159.35000000000198,22.90000000000019,0,135.34999999999653,0.25,0,34.00000000000003,128.00000000000068
J001133,2023-02-03/SETA,SETA,AMR_21,G8_8,WS_30_20,"[""107449""]",1,8791.65000001231,9270.450000005343,8946.550000010056,8791.65000001231,8845.400000011528,8849.45000001147,8936.450000010203,8936.500000010203,8946.500000010057,8946.550000010056,9266.400000005402,9270.450000005343,18.100000000000122,243.60000000002114,30.5500000000003,0,186.3000000000081,0.25,0,34.00000000000003,239.99999999998985
J001134,2023-02-03/MMNB,MMNB,AMR_02,G14_9,WS_13_20,"[""110440""]",1,8792.000000012305,8937.450000010189,8884.250000010963,8792.000000012305,8792.000000012305,8796.050000012247,8874.15000001111,8874.20000001111,8884.200000010964,8884.250000010963,8933.400000010248,8937.450000010189,18.100000000000122,62.699999999998575,9.55,0,54.89999999999902,0.2,0,0.0,60.0000000000005
J001135,2023-02-03/IPMG,IPMG,AMR_10,G14_5,WS_25_20,"[""135025""]",1,8806.600000012093,9021.300000008969,8939.550000010158,8806.600000012093,8851.350000011442,8855.400000011383,8929.450000010305,8929.500000010305,8939.500000010159,8939.550000010158,9017.250000009028,9021.300000008969,18.100000000000122,144.24999999999855,19.100000000000136,0,33.00000000000026,0.25,0,30.0,132.00000000000142
J001136,2023-02-03/TPKA,TPKA,AMR_03,G17_14,WS_2_20,"[""101181"", ""107232""]",2,8818.850000011915,9121.400000007512,8919.650000010448,8818.850000011915,8818.850000011915,8822.900000011856,8909.550000010595,8909.600000010594,8919.600000010449,8919.650000010448,9117.350000007571,9121.400000007512,18.100000000000122,98.94999999999652,11.450000000000028,0,173.85000000000528,0.2,0,0.0,92.0000000000004
J001137,2023-02-03/SETA,SETA,AMR_24,G5_15,WS_30_20,"[""107107""]",1,8820.800000011886,9522.750000001672,9443.250000002829,8820.800000011886,9246.450000005692,9250.500000005633,9433.150000002976,9433.200000002975,9443.20000000283,9443.250000002829,9518.70000000173,9522.750000001672,18.100000000000122,317.900000000038,47.049999999999464,0,318.6500000000382,0.25,0,219.99999999999744,128.00000000000034
J001138,2023-02-03/SRPA,SRPA,AMR_17,G11_5,WS_8_20,"[""101075"", ""101296"", ""110595"", ""110603"", ""112010"", ""123305""]",6,8825.550000011817,9075.300000008183,8932.500000010261,8825.550000011817,8884.850000010954,8888.900000010895,8922.400000010408,8922.450000010407,8932.450000010262,8932.500000010261,9071.250000008242,9075.300000008183,18.100000000000122,106.04999999999612,14.300000000000068,0,111.04999999999583,0.25,0,30.00000000000003,80.0000000000006
J001139,2023-02-03/TPKA,TPKA,AMR_30,G3_14,WS_2_20,"[""107439"", ""115355""]",2,8826.800000011799,8904.700000010665,8868.400000011194,8826.800000011799,8826.800000011799,8830.85000001174,8858.30000001134,8858.35000001134,8868.350000011194,8868.400000011194,8900.650000010724,8904.700000010665,18.100000000000122,41.1999999999998,7.649999999999981,0,10.750000000000018,0.2,0,0.0,39.99999999999997
J001140,2023-02-03/SEMY,SEMY,AMR_40,G2_13,WS_19_20,"[""107095"", ""110356""]",3,8828.700000011771,9242.100000005756,9151.200000007078,8828.700000011771,8893.45000001083,8897.50000001077,9141.100000007225,9141.150000007225,9151.15000000708,9151.200000007078,9238.050000005815,9242.100000005756,18.100000000000122,176.30000000000584,15.300000000000082,0,203.450000000012,0.25,0,76.00000000000155,112.00000000000081
J001141,2023-02-03/IPMG,IPMG,AMR_23,G12_6,WS_25_20,"[""111147""]",1,8829.400000011761,9193.00000000647,8979.25000000958,8829.400000011761,8893.750000010825,8897.800000010766,8969.150000009728,8969.200000009727,8979.200000009581,8979.25000000958,9188.950000006529,9193.00000000647,18.100000000000122,194.35000000000994,27.650000000000258,0,123.24999999999514,0.25,0,54.00000000000054,159.99999999999943
J001142,2023-02-03/SRPA,SRPA,AMR_25,G18_1,WS_8_20,"[""110342"", ""110393"", ""110432"", ""110492"", ""112394"", ""115988""]",6,8840.200000011604,9434.25000000296,9369.700000003899,8840.200000011604,8905.650000010652,8909.700000010593,9359.600000004046,9359.650000004045,9369.6500000039,9369.700000003899,9430.200000003018,9434.25000000296,18.100000000000122,210.8500000000137,28.650000000000272,0,336.20000000004217,0.25,0,60.00000000000072,167.9999999999961
J001143,2023-02-03/SETA,SETA,AMR_35,G5_14,WS_30_20,"[""125175""]",1,8844.300000011544,9438.3500000029,9036.35000000875,8844.300000011544,8877.65000001106,8881.700000011,9026.250000008897,9026.300000008896,9036.30000000875,9036.35000000875,9434.300000002959,9438.3500000029,18.100000000000122,204.3000000000122,32.50000000000029,0,338.9000000000428,0.25,0,28.000000000000014,175.9999999999968
J001144,2023-02-03/TPKA,TPKA,AMR_31,G18_13,WS_2_20,"[""107034"", ""123306""]",2,8844.60000001154,9248.200000005667,8966.050000009773,8844.60000001154,8898.800000010751,8902.850000010692,8955.95000000992,8956.000000009919,8966.000000009773,8966.050000009773,9244.150000005726,9248.200000005667,18.100000000000122,175.7000000000057,24.850000000000218,0,184.70000000000775,0.25,0,26.0,151.99999999999906
J001145,2023-02-03/SEMY,SEMY,AMR_08,G14_15,WS_19_20,"[""107120"", ""111249""]",3,8849.800000011464,8981.500000009548,8942.650000010113,8849.800000011464,8889.850000010882,8893.900000010823,8932.55000001026,8932.60000001026,8942.600000010114,8942.650000010113,8977.450000009607,8981.500000009548,18.100000000000122,72.59999999999802,12.400000000000041,0,28.350000000000268,0.25,0,24.0,48.00000000000006
J001146,2023-02-03/SRPA,SRPA,AMR_06,G11_10,WS_8_20,"[""101022"", ""101147"", ""101305"", ""110526"", ""111252""]",6,8864.700000011248,9230.300000005927,9186.85000000656,8864.700000011248,9147.250000007136,9151.300000007077,9176.750000006707,9176.800000006706,9186.80000000656,9186.85000000656,9226.250000005986,9230.300000005927,18.100000000000122,130.09999999999533,20.05000000000015,0,197.10000000001057,0.25,0,68.00000000000048,60.000000000000384
J001147,2023-02-03/IPMG,IPMG,AMR_26,G5_13,WS_25_20,"[""110256""]",1,8865.85000001123,9507.350000001896,9181.050000006644,8865.85000001123,8944.400000010088,8948.450000010029,9170.950000006791,9171.00000000679,9181.000000006645,9181.050000006644,9503.300000001955,9507.350000001896,18.100000000000122,216.2000000000149,28.700000000000273,0,378.2500000000517,0.25,0,80.00000000000148,147.99999999999832
J001148,2023-02-03/SEMY,SEMY,AMR_34,G20_14,WS_19_20,"[""111995""]",1,8871.300000011151,9024.300000008925,8996.100000009335,8871.300000011151,8934.00000001024,8938.05000001018,8986.000000009482,8986.050000009482,8996.050000009336,8996.100000009335,9020.250000008984,9024.300000008925,18.100000000000122,79.39999999999763,15.300000000000082,0,39.94999999999987,0.25,0,36.00000000000003,40.00000000000004
J001149,2023-02-03/SRPA,SRPA,AMR_29,G17_12,WS_8_20,"[""100949"", ""101293"", ""107250"", ""110162"", ""110284""]",6,8877.60000001106,9162.650000006912,9023.850000008932,8877.60000001106,8914.00000001053,8918.050000010471,9013.750000009079,9013.800000009078,9023.800000008932,9023.850000008932,9158.60000000697,9162.650000006912,18.100000000000122,102.44999999999632,18.200000000000124,0,146.04999999999896,0.25,0,16.0,88.00000000000088
J001150,2023-02-03/SETA,SETA,AMR_16,G2_15,WS_30_20,"[""107144""]",1,8878.500000011047,9645.349999999888,9501.100000001987,8878.500000011047,9126.40000000744,9130.45000000738,9491.000000002134,9491.050000002133,9501.050000001987,9501.100000001987,9641.299999999947,9645.349999999888,18.100000000000122,291.0000000000319,35.50000000000012,0,422.0000000000617,0.25,0,118.00000000000189,183.99999999999642
J001151,2023-02-03/TPKA,TPKA,AMR_14,G17_10,WS_2_20,"[""110575"", ""111362""]",2,8882.950000010982,9411.700000003288,9231.400000005911,8882.950000010982,8904.900000010663,8908.950000010604,9221.300000006058,9221.350000006058,9231.350000005912,9231.400000005911,9407.650000003347,9411.700000003288,18.100000000000122,169.30000000000425,19.150000000000137,0,321.9500000000389,0.25,0,10.0,160.00000000000128
J001152,2023-02-03/PUJA,PUJA,AMR_33,G6_8,WS_13_20,"[""112247"", ""118513"", ""120318""]",3,8889.450000010887,9150.900000007083,9053.850000008495,8889.450000010887,8916.450000010494,8920.500000010436,9043.750000008642,9043.800000008641,9053.800000008496,9053.850000008495,9146.850000007142,9150.900000007083,18.100000000000122,111.49999999999581,15.250000000000082,0,116.34999999999553,0.25,0,23.999999999999986,84.00000000000048
J001153,2023-02-03/PUJA,PUJA,AMR_37,G17_15,WS_13_20,"[""110555"", ""110596""]",3,8890.850000010867,9133.700000007333,8997.700000009312,8890.850000010867,8951.300000009987,8955.350000009928,8987.60000000946,8987.650000009458,8997.650000009313,8997.700000009312,9129.650000007392,9133.700000007333,18.100000000000122,75.69999999999784,14.350000000000069,0,134.44999999999632,0.25,0,30.0,40.00000000000003
J001154,2023-02-03/PUJA,PUJA,AMR_38,G14_13,WS_13_20,"[""107130"", ""110417""]",2,8895.800000010795,9329.250000004487,9189.500000006521,8895.800000010795,8978.750000009588,8982.800000009529,9179.400000006668,9179.450000006667,9189.450000006522,9189.500000006521,9325.200000004546,9329.250000004487,18.100000000000122,82.89999999999743,14.350000000000069,0,317.850000000038,0.25,0,30.0,44.00000000000013
J001155,2023-02-03/PUJA,PUJA,AMR_30,G20_12,WS_13_20,"[""101097"", ""112386""]",2,8904.750000010665,9479.450000002302,9377.350000003787,8904.750000010665,9122.750000007492,9126.800000007433,9367.250000003934,9367.300000003934,9377.300000003788,9377.350000003787,9475.40000000236,9479.450000002302,18.100000000000122,228.0000000000176,38.399999999999956,0,289.95000000003165,0.25,0,122.0000000000029,116.000000000001
J001156,2023-02-03/IPMG,IPMG,AMR_18,G3_8,WS_25_20,"[""111258""]",1,8906.150000010644,9209.50000000623,9130.250000007383,8906.150000010644,9017.900000009018,9021.95000000896,9120.15000000753,9120.20000000753,9130.200000007384,9130.250000007383,9205.450000006289,9209.50000000623,18.100000000000122,223.70000000001662,22.90000000000019,0,38.399999999999956,0.25,0,72.0000000000014,199.99999999999244
J001157,2023-02-03/SRPA,SRPA,AMR_05,G8_14,WS_8_20,"[""101084"", ""111315"", ""112032"", ""112266"", ""112275"", ""112323"", ""112387"", ""118513"", ""135096""]",9,8907.10000001063,9166.650000006854,9137.450000007279,8907.10000001063,9028.200000008868,9032.25000000881,9127.350000007425,9127.400000007425,9137.40000000728,9137.450000007279,9162.600000006913,9166.650000006854,18.100000000000122,130.4499999999954,22.95000000000019,0,87.79999999999715,0.25,0,88.00000000000136,44.00000000000004
J001158,2023-02-03/TPKA,TPKA,AMR_20,G18_10,WS_2_20,"[""101065"", ""112452""]",2,8913.100000010543,9549.300000001285,9365.700000003957,8913.100000010543,8972.45000000968,8976.50000000962,9355.600000004104,9355.650000004103,9365.650000003958,9365.700000003957,9545.250000001344,9549.300000001285,18.100000000000122,192.95000000000962,23.850000000000204,0,401.0500000000569,0.25,0,68.00000000000097,128.00000000000077
J001159,2023-02-03/PUJA,PUJA,AMR_07,G21_14,WS_13_20,"[""111241"", ""112009""]",2,8914.500000010523,9257.60000000553,9121.050000007517,8914.500000010523,8998.900000009295,9002.950000009236,9110.950000007664,9111.000000007663,9121.000000007518,9121.050000007517,9253.550000005589,9257.60000000553,18.100000000000122,124.94999999999504,23.900000000000205,0,175.90000000000575,0.25,0,36.00000000000003,80.00000000000014
J001160,2023-02-03/SEMY,SEMY,AMR_01,G15_14,WS_19_20,"[""101296"", ""107412""]",2,8915.40000001051,9190.750000006503,9134.150000007327,8915.40000001051,8997.450000009316,9001.500000009257,9124.050000007473,9124.100000007473,9134.100000007327,9134.150000007327,9186.700000006562,9190.750000006503,18.100000000000122,100.29999999999644,17.20000000000011,0,139.49999999999747,0.25,0,24.0,68.00000000000023
J001161,2023-02-03/SETA,SETA,AMR_32,G3_9,WS_30_20,"[""110574""]",1,8919.000000010457,9515.400000001779,9425.900000003081,8919.000000010457,9107.80000000771,9111.850000007651,9415.800000003228,9415.850000003227,9425.850000003082,9425.900000003081,9511.350000001838,9515.400000001779,18.100000000000122,286.95000000003097,30.6000000000003,0,260.50000000002495,0.25,0,100.00000000000209,235.99999999999216
J001162,2023-02-03/TPKA,TPKA,AMR_27,G2_14,WS_2_20,"[""110548""]",1,8931.750000010272,9059.950000008406,9037.950000008726,8931.750000010272,8993.900000009367,8997.950000009308,9027.850000008873,9027.900000008873,9037.900000008727,9037.950000008726,9055.900000008465,9059.950000008406,18.100000000000122,68.34999999999826,12.400000000000041,0,29.10000000000028,0.25,0,29.99999999999995,40.00000000000007
J001163,2023-02-03/SRPA,SRPA,AMR_36,G3_14,WS_8_20,"[""101192"", ""107301"", ""110343"", ""112040"", ""115355"", ""115591""]",7,8934.65000001023,9152.350000007062,9121.300000007514,8934.65000001023,9011.55000000911,9015.600000009052,9111.20000000766,9111.25000000766,9121.250000007514,9121.300000007514,9148.30000000712,9152.350000007062,18.100000000000122,86.9999999999972,16.250000000000096,0,96.09999999999668,0.25,0,34.00000000000003,52.00000000000013
J001164,2023-02-03/PUJA,PUJA,AMR_02,G14_9,WS_13_20,"[""101149"", ""111283""]",2,8937.500000010188,9641.499999999944,9241.650000005762,8937.500000010188,8937.500000010188,8941.55000001013,9231.55000000591,9231.600000005908,9241.600000005763,9241.650000005762,9637.450000000003,9641.499999999944,18.100000000000122,184.80000000000777,32.600000000000286,0,468.3000000000722,0.2,0,0.0,167.99999999999977
J001165,2023-02-03/SEMY,SEMY,AMR_28,G14_12,WS_19_20,"[""110316"", ""110583""]",2,8944.20000001009,9428.100000003049,9361.850000004013,8944.20000001009,9070.500000008253,9074.550000008194,9351.75000000416,9351.80000000416,9361.800000004014,9361.850000004013,9424.050000003108,9428.100000003049,18.100000000000122,128.2499999999949,27.85000000000026,0,309.4500000000361,0.25,0,42.00000000000004,72.00000000000011
J001166,2023-02-03/TPKA,TPKA,AMR_13,G0_14,WS_2_20,"[""112403""]",1,8951.900000009979,9117.700000007566,9095.700000007886,8951.900000009979,9043.85000000864,9047.900000008582,9085.600000008033,9085.650000008032,9095.650000007887,9095.700000007886,9113.650000007625,9117.700000007566,18.100000000000122,106.94999999999607,15.350000000000083,0,25.150000000000222,0.25,0,86.00000000000192,40.000000000000064
J001167,2023-02-03/SRPA,SRPA,AMR_09,G15_12,WS_8_20,"[""101155"", ""101191"", ""101207"", ""110143"", ""110540"", ""124478""]",6,8961.300000009842,9857.4999999968,9385.500000003669,8961.300000009842,9251.40000000562,9255.450000005561,9375.400000003816,9375.450000003815,9385.45000000367,9385.500000003669,9853.44999999686,9857.4999999968,18.100000000000122,242.1500000000208,37.40000000000001,0,598.3000000000036,0.25,0,104.00000000000153,124.00000000000105
J001168,2023-02-03/SEMY,SEMY,AMR_08,G15_15,WS_19_20,"[""101290"", ""124211"", ""132437""]",3,8981.550000009547,9167.500000006841,9117.150000007574,8981.550000009547,8985.850000009485,8989.900000009426,9107.05000000772,9107.10000000772,9117.100000007575,9117.150000007574,9163.4500000069,9167.500000006841,18.100000000000122,47.14999999999946,7.599999999999981,0,112.84999999999573,0.25,0,2.0,44.00000000000006
J001169,2023-02-03/TPKA,TPKA,AMR_39,G9_15,WS_2_20,"[""101182""]",1,8982.00000000954,9190.700000006504,9148.35000000712,8982.00000000954,9104.550000007757,9108.600000007698,9138.250000007267,9138.300000007266,9148.30000000712,9148.35000000712,9186.650000006563,9190.700000006504,18.100000000000122,143.89999999999847,23.950000000000205,0,22.500000000000185,0.25,0,104.00000000000207,52.00000000000017
J001170,2023-02-03/SEMY,SEMY,AMR_10,G17_13,WS_19_20,"[""112284""]",2,9021.350000008968,9422.800000003126,9378.900000003765,9021.350000008968,9270.150000005347,9274.200000005289,9368.800000003912,9368.850000003911,9378.850000003766,9378.900000003765,9418.750000003185,9422.800000003126,18.100000000000122,171.60000000000477,26.850000000000247,0,184.65000000000774,0.25,0,134.00000000000122,52.00000000000004
J001171,2023-02-03/PUJA,PUJA,AMR_34,G15_8,WS_13_20,"[""110234"", ""117415""]",2,9024.350000008924,9626.250000000166,9155.90000000701,9024.350000008924,9097.650000007858,9101.700000007799,9145.800000007157,9145.850000007156,9155.85000000701,9155.90000000701,9622.200000000224,9626.250000000166,18.100000000000122,197.45000000001065,40.29999999999985,0,345.80000000004435,0.25,0,38.000000000000114,151.99999999999892
J001172,2023-02-03/SRPA,SRPA,AMR_19,G12_5,WS_8_20,"[""110166"", ""110233"", ""121833"", ""124704"", ""125583""]",6,9026.500000008893,9585.300000000761,9421.000000003152,9026.500000008893,9291.650000005035,9295.700000004976,9410.9000000033,9410.950000003299,9420.950000003153,9421.000000003152,9581.25000000082,9585.300000000761,18.100000000000122,250.10000000002262,34.60000000000017,0,255.7500000000239,0.25,0,152.0000000000001,112.00000000000153
J001173,2023-02-03/TPKA,TPKA,AMR_27,G9_14,WS_2_20,"[""135157""]",1,9060.000000008406,9257.050000005538,9168.200000006831,9060.000000008406,9119.350000007542,9123.400000007483,9158.100000006978,9158.150000006977,9168.150000006832,9168.200000006831,9253.000000005597,9257.050000005538,18.100000000000122,90.94999999999698,15.300000000000082,0,72.44999999999803,0.25,0,29.999999999999957,64.00000000000058
J001174,2023-02-03/SEMY,SEMY,AMR_17,G18_12,WS_19_20,"[""110353""]",2,9075.350000008182,9321.150000004605,9270.900000005337,9075.350000008182,9147.500000007132,9151.550000007073,9260.800000005484,9260.850000005483,9270.850000005337,9270.900000005337,9317.100000004664,9321.150000004605,18.100000000000122,110.14999999999588,17.20000000000011,0,100.09999999999646,0.25,0,60.000000000000654,60.00000000000023
J001175,2023-02-03/PUJA,PUJA,AMR_15,G20_8,WS_13_20,"[""125617"", ""131980""]",3,9092.450000007933,9546.650000001324,9321.300000004603,9092.450000007933,9165.850000006865,9169.900000006806,9311.20000000475,9311.25000000475,9321.250000004604,9321.300000004603,9542.600000001383,9546.650000001324,18.100000000000122,148.29999999999947,23.000000000000192,0,264.5500000000259,0.25,0,36.000000000000014,100.00000000000043
J001176,2023-02-03/TPKA,TPKA,AMR_13,G9_10,WS_2_20,"[""101325""]",1,9117.750000007565,9348.650000004205,9287.600000005094,9117.750000007565,9215.150000006148,9219.200000006089,9277.50000000524,9277.55000000524,9287.550000005094,9287.600000005094,9344.600000004264,9348.650000004205,18.100000000000122,132.89999999999597,22.95000000000019,0,56.699999999998916,0.25,0,62.000000000000455,72.00000000000068
J001177,2023-02-03/IPMG,IPMG,AMR_12,G3_13,WS_25_20,"[""110494""]",1,9118.000000007562,9649.849999999822,9388.550000003625,9118.000000007562,9118.000000007562,9122.050000007503,9378.450000003771,9378.50000000377,9388.500000003625,9388.550000003625,9645.799999999881,9649.849999999822,18.100000000000122,157.6000000000016,23.000000000000192,0,332.9500000000414,0.2,0,0.0,151.99999999999926
J001178,2023-02-03/SEMY,SEMY,AMR_22,G21_12,WS_19_20,"[""110525""]",2,9118.000000007562,9307.500000004804,9215.70000000614,9118.000000007562,9172.150000006774,9176.200000006715,9205.600000006287,9205.650000006286,9215.65000000614,9215.70000000614,9303.450000004863,9307.500000004804,18.100000000000122,66.09999999999839,11.400000000000027,0,93.64999999999682,0.25,0,16.0,52.00000000000023
J001179,2023-02-03/SRPA,SRPA,AMR_03,G15_13,WS_8_20,"[""101025"", ""111307"", ""112324"", ""129530""]",4,9121.450000007511,9392.050000003574,9337.000000004375,9121.450000007511,9136.250000007296,9140.300000007237,9326.900000004522,9326.950000004521,9336.950000004375,9337.000000004375,9388.000000003633,9392.050000003574,18.100000000000122,96.79999999999664,17.25000000000011,0,138.19999999999717,0.25,0,6.0,96.00000000000122
J001180,2023-02-03/PUJA,PUJA,AMR_04,G0_14,WS_13_20,"[""111225"", ""112403""]",2,9130.800000007375,9740.799999998499,9689.89999999924,9130.800000007375,9625.550000000176,9629.600000000117,9679.799999999386,9679.849999999386,9689.84999999924,9689.89999999924,9736.749999998558,9740.799999998499,18.100000000000122,242.70000000002094,54.69999999999903,0,294.2500000000326,0.25,0,145.9999999999995,84.0000000000009
J001181,2023-02-03/TPKA,TPKA,AMR_37,G12_9,WS_2_20,"[""101104""]",2,9133.750000007332,9383.750000003694,9270.400000005344,9133.750000007332,9193.250000006467,9197.300000006408,9260.30000000549,9260.35000000549,9270.350000005345,9270.400000005344,9379.700000003753,9383.750000003694,18.100000000000122,125.29999999999502,20.10000000000015,0,86.24999999999724,0.25,0,30.0,96.00000000000094
J001182,2023-02-03/SEMY,SEMY,AMR_33,G18_15,WS_19_20,"[""110252""]",1,9150.950000007082,9546.000000001333,9501.850000001976,9150.950000007082,9442.100000002845,9446.150000002786,9491.750000002123,9491.800000002122,9501.800000001977,9501.850000001976,9541.950000001392,9546.000000001333,18.100000000000122,158.80000000000186,29.80000000000029,0,188.10000000000852,0.25,0,122.00000000000145,32.0
J001183,2023-02-03/SRPA,SRPA,AMR_36,G17_15,WS_8_20,"[""107280"", ""110499"", ""112279"", ""112334""]",4,9152.400000007061,9554.650000001207,9401.450000003437,9152.400000007061,9284.750000005135,9288.800000005076,9391.350000003584,9391.400000003583,9401.400000003438,9401.450000003437,9550.600000001266,9554.650000001207,18.100000000000122,134.7999999999964,19.100000000000136,0,230.00000000001805,0.25,0,58.00000000000075,64.0
J001184,2023-02-03/PUJA,PUJA,AMR_29,G9_6,WS_13_20,"[""121875"", ""131216""]",2,9162.700000006911,9430.75000000301,9355.25000000411,9162.700000006911,9207.550000006258,9211.6000000062,9345.150000004256,9345.200000004255,9355.20000000411,9355.25000000411,9426.70000000307,9430.75000000301,18.100000000000122,145.04999999999873,23.950000000000205,0,80.69999999999756,0.25,0,28.00000000000003,120.00000000000159
J001185,2023-02-03/TPKA,TPKA,AMR_05,G8_14,WS_2_20,"[""112387"", ""135096""]",2,9166.700000006853,9250.350000005636,9211.6000000062,9166.700000006853,9166.700000006853,9170.750000006794,9201.500000006346,9201.550000006346,9211.5500000062,9211.6000000062,9246.300000005695,9250.350000005636,18.100000000000122,51.89999999999919,9.55,0,3.899999999999994,0.2,0,0.0,52.00000000000023
J001186,2023-02-03/SEMY,SEMY,AMR_08,G20_10,WS_19_20,"[""125463""]",1,9167.55000000684,9350.100000004184,9310.650000004758,9167.55000000684,9256.550000005545,9260.600000005486,9300.550000004905,9300.600000004904,9310.600000004759,9310.650000004758,9346.050000004243,9350.100000004184,18.100000000000122,93.34999999999684,16.200000000000095,0,54.64999999999903,0.25,0,36.0,56.00000000000027
J001187,2023-02-03/SRPA,SRPA,AMR_39,G17_14,WS_8_20,"[""110227"", ""110285"", ""110380"", ""134027""]",4,9190.750000006503,9768.099999998101,9502.90000000196,9190.750000006503,9374.600000003828,9378.650000003769,9492.800000002107,9492.850000002107,9502.850000001961,9502.90000000196,9764.04999999816,9768.099999998101,18.100000000000122,160.95000000000235,25.850000000000232,0,372.20000000005035,0.25,0,54.00000000000017,96.0000000000008
J001188,2023-02-03/PUJA,PUJA,AMR_01,G15_4,WS_13_20,"[""110390"", ""123310""]",2,9190.800000006502,9524.550000001645,9338.200000004357,9190.800000006502,9239.150000005799,9243.20000000574,9328.100000004504,9328.150000004503,9338.150000004358,9338.200000004357,9520.500000001704,9524.550000001645,18.100000000000122,107.04999999999606,15.300000000000082,0,193.05000000000965,0.25,0,24.00000000000003,84.0000000000008
J001189,2023-02-03/TPKA,TPKA,AMR_23,G6_8,WS_2_20,"[""112247""]",1,9193.05000000647,9359.600000004046,9304.650000004845,9193.05000000647,9236.700000005834,9240.750000005775,9294.550000004992,9294.600000004992,9304.600000004846,9304.650000004845,9355.550000004105,9359.600000004046,18.100000000000122,100.49999999999643,15.300000000000082,0,32.4000000000003,0.25,0,32.00000000000002,76.00000000000068
J001190,2023-02-03/TPKA,TPKA,AMR_18,G11_8,WS_2_20,"[""134599""]",1,9211.650000006199,9411.900000003285,9348.600000004206,9211.650000006199,9245.050000005713,9249.100000005654,9338.500000004353,9338.550000004352,9348.550000004207,9348.600000004206,9407.850000003344,9411.900000003285,18.100000000000122,112.09999999999577,17.20000000000011,0,52.59999999999915,0.25,0,28.0,88.00000000000077
J001191,2023-02-03/SEMY,SEMY,AMR_06,G17_12,WS_19_20,"[""110162""]",2,9230.350000005927,9388.350000003627,9344.800000004261,9230.350000005927,9255.650000005558,9259.7000000055,9334.700000004408,9334.750000004407,9344.750000004262,9344.800000004261,9384.300000003686,9388.350000003627,18.100000000000122,73.64999999999796,14.350000000000069,0,51.6499999999992,0.25,0,16.0,56.00000000000013
J001192,2023-02-03/TPKA,TPKA,AMR_11,G12_8,WS_2_20,"[""107255""]",1,9233.100000005887,9590.700000000683,9431.200000003004,9233.100000005887,9293.800000005003,9297.850000004944,9421.10000000315,9421.15000000315,9431.150000003005,9431.200000003004,9586.650000000742,9590.700000000683,18.100000000000122,126.49999999999496,15.300000000000082,0,197.45000000001065,0.25,0,28.0,120.00000000000236
J001193,2023-02-03/PUJA,PUJA,AMR_40,G11_10,WS_13_20,"[""101022"", ""101147"", ""110313""]",3,9242.150000005755,10020.549999994428,9947.199999995495,9242.150000005755,9860.849999996752,9864.899999996693,9937.099999995642,9937.149999995641,9947.149999995496,9947.199999995495,10016.499999994487,10020.549999994428,18.100000000000122,317.850000000038,59.49999999999876,0,382.70000000005274,0.25,0,251.99999999999625,60.00000000000027
J001194,2023-02-03/TPKA,TPKA,AMR_27,G12_6,WS_2_20,"[""111147""]",1,9270.450000005343,9652.09999999979,9509.80000000186,9270.450000005343,9389.950000003604,9394.000000003545,9499.700000002007,9499.750000002006,9509.75000000186,9509.80000000186,9648.049999999848,9652.09999999979,18.100000000000122,176.85000000000596,30.7000000000003,0,155.75000000000117,0.25,0,38.00000000000013,148.0000000000016
J001195,2023-02-03/SEMY,SEMY,AMR_31,G18_13,WS_19_20,"[""107034""]",1,9270.950000005336,9357.30000000408,9327.75000000451,9270.950000005336,9270.950000005336,9275.000000005277,9317.650000004656,9317.700000004656,9327.70000000451,9327.75000000451,9353.250000004138,9357.30000000408,18.100000000000122,46.499999999999496,9.55,0,12.000000000000036,0.2,0,0.0,44.00000000000021
J001196,2023-02-03/TPKA,TPKA,AMR_05,G14_7,WS_2_20,"[""124826""]",1,9287.650000005093,9662.449999999639,9492.950000002105,9287.650000005093,9378.50000000377,9382.550000003712,9482.850000002252,9482.900000002252,9492.900000002106,9492.950000002105,9658.399999999698,9662.449999999639,18.100000000000122,157.05000000000146,21.100000000000165,0,178.3000000000063,0.25,0,30.00000000000003,136.0000000000013
J001197,2023-02-03/TPKA,TPKA,AMR_21,G14_6,WS_2_20,"[""111367""]",1,9304.700000004845,9658.399999999698,9526.850000001612,9304.700000004845,9348.400000004209,9352.45000000415,9516.750000001759,9516.800000001758,9526.800000001613,9526.850000001612,9654.349999999757,9658.399999999698,18.100000000000122,172.80000000000504,22.95000000000019,0,139.5999999999975,0.25,0,44.0000000000002,140.00000000000102
J001198,2023-02-03/SEMY,SEMY,AMR_22,G18_9,WS_19_20,"[""110703""]",1,9310.700000004757,9480.500000002286,9395.950000003517,9310.700000004757,9329.450000004485,9333.500000004426,9385.850000003664,9385.900000003663,9395.900000003518,9395.950000003517,9476.450000002345,9480.500000002286,18.100000000000122,78.1999999999977,13.350000000000055,0,59.899999999998734,0.25,0,12.0,60.00000000000004
J001199,2023-02-03/PUJA,PUJA,AMR_17,G15_14,WS_13_20,"[""101296""]",1,9321.350000004602,9563.900000001073,9475.45000000236,9321.350000004602,9367.900000003925,9371.950000003866,9465.350000002507,9465.400000002506,9475.40000000236,9475.45000000236,9559.850000001132,9563.900000001073,18.100000000000122,70.69999999999813,15.300000000000082,0,138.19999999999717,0.25,0,18.0,44.00000000000007
J001200,2023-02-03/SEMY,SEMY,AMR_07,G17_9,WS_19_20,"[""110142""]",1,9327.800000004509,9619.350000000266,9518.900000001728,9327.800000004509,9359.400000004049,9363.45000000399,9508.800000001875,9508.850000001874,9518.850000001728,9518.900000001728,9615.300000000325,9619.350000000266,18.100000000000122,137.79999999999708,21.050000000000164,0,114.34999999999565,0.25,0,26.0,116.00000000000074
J001201,2023-02-03/SRPA,SRPA,AMR_38,G21_14,WS_8_20,"[""110533"", ""111241"", ""112009"", ""112286"", ""115794""]",5,9337.050000004374,9685.649999999301,9624.750000000187,9337.050000004374,9461.400000002564,9465.450000002505,9614.650000000334,9614.700000000334,9624.700000000188,9624.750000000187,9681.59999999936,9685.649999999301,18.100000000000122,133.049999999996,21.000000000000163,0,176.20000000000582,0.25,0,32.0,100.00000000000063
J001202,2023-02-03/TPKA,TPKA,AMR_13,G20_13,WS_2_20,"[""125183""]",1,9348.700000004204,9719.699999998806,9660.549999999666,9348.700000004204,9563.100000001084,9567.150000001026,9650.449999999813,9650.499999999813,9660.499999999667,9660.549999999666,9715.649999998865,9719.699999998806,18.100000000000122,165.1000000000033,24.95000000000022,0,162.60000000000272,0.25,0,68.00000000000034,104.00000000000139
J001203,2023-02-03/PUJA,PUJA,AMR_08,G18_14,WS_13_20,"[""110224""]",1,9350.150000004183,9657.999999999704,9583.30000000079,9350.150000004183,9373.650000003841,9377.700000003782,9573.200000000938,9573.250000000937,9583.250000000791,9583.30000000079,9653.949999999762,9657.999999999704,18.100000000000122,89.39999999999706,15.300000000000082,0,184.80000000000777,0.25,0,12.0,76.0000000000004
J001204,2023-02-03/SEMY,SEMY,AMR_31,G29_15,WS_19_20,"[""129752""]",1,9357.350000004079,9508.550000001878,9454.950000002658,9357.350000004079,9404.70000000339,9408.75000000333,9444.850000002805,9444.900000002805,9454.900000002659,9454.950000002658,9504.500000001937,9508.550000001878,18.100000000000122,87.64999999999716,15.300000000000082,0,29.90000000000029,0.25,0,30.0,64.00000000000003
J001205,2023-02-03/PUJA,PUJA,AMR_23,G8_14,WS_13_20,"[""101084""]",1,9359.650000004045,9609.900000000403,9520.050000001711,9359.650000004045,9379.600000003755,9383.650000003696,9509.950000001858,9510.000000001857,9520.000000001712,9520.050000001711,9605.850000000462,9609.900000000403,18.100000000000122,86.19999999999725,15.300000000000082,0,130.3999999999954,0.25,0,16.0,60.000000000000114
J001206,2023-02-03/SEMY,SEMY,AMR_37,G9_14,WS_19_20,"[""112435""]",2,9383.800000003694,9719.249999998812,9681.249999999365,9383.800000003694,9541.500000001399,9545.55000000134,9671.149999999512,9671.199999999511,9681.199999999366,9681.249999999365,9715.199999998871,9719.249999998812,18.100000000000122,183.90000000000757,28.750000000000274,0,104.44999999999621,0.25,0,112.00000000000242,88.00000000000091
J001207,2023-02-03/SRPA,SRPA,AMR_06,G18_13,WS_8_20,"[""107224"", ""111372"", ""113162"", ""113197"", ""123306""]",6,9388.400000003627,9665.84999999959,9555.600000001194,9388.400000003627,9407.000000003356,9411.050000003297,9545.50000000134,9545.55000000134,9555.550000001194,9555.600000001194,9661.799999999648,9665.84999999959,18.100000000000122,107.24999999999605,17.15000000000011,0,134.69999999999638,0.25,0,12.0,88.00000000000068
J001208,2023-02-03/TPKA,TPKA,AMR_03,G14_13,WS_2_20,"[""110274""]",1,9392.100000003573,9869.24999999663,9543.900000001364,9392.100000003573,9395.200000003528,9399.250000003469,9533.80000000151,9533.85000000151,9543.850000001365,9543.900000001364,9865.199999996688,9869.24999999663,18.100000000000122,192.15000000000944,30.6500000000003,0,236.0000000000194,0.25,0,2.0,191.9999999999971
J001209,2023-02-03/SEMY,SEMY,AMR_14,G15_9,WS_19_20,"[""110501""]",1,9411.750000003287,9657.54999999971,9593.70000000064,9411.750000003287,9425.000000003094,9429.050000003035,9583.600000000786,9583.650000000785,9593.65000000064,9593.70000000064,9653.499999999769,9657.54999999971,18.100000000000122,97.24999999999662,17.25000000000011,0,112.94999999999573,0.25,0,6.0,84.00000000000043
J001210,2023-02-03/SRPA,SRPA,AMR_18,G6_6,WS_8_20,"[""110146"", ""110306"", ""112302"", ""112380""]",4,9411.950000003284,9674.949999999457,9592.650000000654,9411.950000003284,9455.55000000265,9459.60000000259,9582.550000000801,9582.6000000008,9592.600000000655,9592.650000000654,9670.899999999516,9674.949999999457,18.100000000000122,101.84999999999636,15.300000000000082,0,127.4999999999949,0.25,0,26.000000000000014,76.00000000000054
J001211,2023-02-03/SRPA,SRPA,AMR_10,G17_10,WS_8_20,"[""101318"", ""110154"", ""110575"", ""121904"", ""137523""]",5,9422.850000003125,9764.999999998146,9523.100000001667,9422.850000003125,9438.950000002891,9443.000000002832,9513.000000001814,9513.050000001813,9523.050000001667,9523.100000001667,9760.949999998205,9764.999999998146,18.100000000000122,109.34999999999593,16.250000000000096,0,198.20000000001082,0.25,0,10.0,100.00000000000102
J001212,2023-02-03/PUJA,PUJA,AMR_28,G15_13,WS_13_20,"[""111307""]",1,9428.150000003048,9571.750000000959,9492.750000002108,9428.150000003048,9448.350000002754,9452.400000002695,9482.650000002255,9482.700000002254,9492.700000002109,9492.750000002108,9567.700000001018,9571.750000000959,18.100000000000122,68.89999999999823,14.350000000000069,0,41.99999999999975,0.25,0,12.0,48.000000000000085
J001213,2023-02-03/SEMY,SEMY,AMR_29,G17_8,WS_19_20,"[""110333""]",2,9430.80000000301,9840.34999999705,9698.449999999115,9430.80000000301,9480.150000002292,9484.200000002233,9688.349999999262,9688.399999999261,9698.399999999116,9698.449999999115,9836.299999997109,9840.34999999705,18.100000000000122,129.0999999999951,23.000000000000192,0,239.10000000002012,0.25,0,32.00000000000001,88.00000000000057
J001214,2023-02-03/TPKA,TPKA,AMR_25,G17_13,WS_2_20,"[""112326""]",2,9434.300000002959,9812.19999999746,9711.649999998923,9434.300000002959,9502.95000000196,9507.0000000019,9701.54999999907,9701.599999999069,9711.599999998924,9711.649999998923,9808.149999997519,9812.19999999746,18.100000000000122,135.99999999999667,16.250000000000096,0,207.3000000000129,0.25,0,62.00000000000078,92.00000000000088
J001215,2023-02-03/SRPA,SRPA,AMR_35,G18_8,WS_8_20,"[""101085"", ""101150"", ""101302"", ""120449""]",4,9438.4000000029,9787.849999997814,9646.899999999865,9438.4000000029,9512.200000001825,9516.250000001766,9636.800000000012,9636.850000000011,9646.849999999866,9646.899999999865,9783.799999997873,9787.849999997814,18.100000000000122,166.4000000000036,21.050000000000164,0,143.6499999999984,0.25,0,74.00000000000114,104.00000000000082
J001216,2023-02-03/PUJA,PUJA,AMR_30,G9_13,WS_13_20,"[""109969""]",1,9479.500000002301,9747.499999998401,9706.899999998992,9479.500000002301,9646.249999999874,9650.299999999816,9696.799999999139,9696.849999999138,9706.849999998993,9706.899999998992,9743.44999999846,9747.499999998401,18.100000000000122,123.44999999999513,21.000000000000163,0,105.19999999999617,0.25,0,68.00000000000045,52.0000000000001
J001217,2023-02-03/SEMY,SEMY,AMR_22,G12_10,WS_19_20,"[""110216""]",1,9480.550000002286,9819.899999997348,9715.499999998867,9480.550000002286,9523.900000001655,9527.950000001596,9705.399999999014,9705.449999999013,9715.449999998867,9715.499999998867,9815.849999997406,9819.899999997348,18.100000000000122,122.34999999999519,19.150000000000137,0,179.50000000000657,0.25,0,22.0,92.00000000000048
J001218,2023-02-03/SETA,SETA,AMR_26,G5_13,WS_30_20,"[""104398""]",1,9507.400000001895,9695.249999999161,9630.400000000105,9507.400000001895,9507.400000001895,9511.450000001836,9620.300000000252,9620.350000000251,9630.350000000106,9630.400000000105,9691.19999999922,9695.249999999161,18.100000000000122,151.1000000000001,13.350000000000055,0,5.09999999999999,0.2,0,0.0,195.9999999999932
J001219,2023-02-03/TPKA,TPKA,AMR_31,G20_12,WS_2_20,"[""101097"", ""112386""]",2,9508.600000001878,9787.249999997823,9694.59999999917,9508.600000001878,9588.450000000716,9592.500000000657,9684.499999999318,9684.549999999317,9694.549999999172,9694.59999999917,9783.199999997882,9787.249999997823,18.100000000000122,164.40000000000313,19.100000000000136,0,76.79999999999778,0.25,0,72.00000000000125,108.00000000000097
J001220,2023-02-03/SRPA,SRPA,AMR_32,G9_10,WS_8_20,"[""112445"", ""122686"", ""125181""]",3,9515.450000001778,9675.39999999945,9608.80000000042,9515.450000001778,9553.550000001223,9557.600000001165,9598.700000000566,9598.750000000566,9608.75000000042,9608.80000000042,9671.34999999951,9675.39999999945,18.100000000000122,78.2499999999977,11.450000000000028,0,51.89999999999919,0.25,0,18.0,56.0000000000002
J001221,2023-02-03/PUJA,PUJA,AMR_24,G17_12,WS_13_20,"[""101293""]",2,9522.800000001671,9706.799999998993,9671.399999999509,9522.800000001671,9618.550000000278,9622.600000000219,9661.299999999655,9661.349999999655,9671.34999999951,9671.399999999509,9702.749999999052,9706.799999998993,18.100000000000122,84.39999999999735,12.35000000000004,0,68.89999999999823,0.25,0,38.0,52.000000000000455
J001222,2023-02-03/SEMY,SEMY,AMR_01,G9_12,WS_19_20,"[""135158""]",1,9524.600000001645,9813.799999997436,9749.59999999837,9524.600000001645,9557.000000001173,9561.050000001114,9739.499999998518,9739.549999998517,9749.549999998371,9749.59999999837,9809.749999997495,9813.799999997436,18.100000000000122,112.24999999999577,13.350000000000055,0,145.24999999999878,0.25,0,31.999999999999996,80.0000000000006
J001223,2023-02-03/TPKA,TPKA,AMR_33,G24_14,WS_2_20,"[""111214""]",1,9546.050000001333,9755.349999998287,9677.549999999419,9546.050000001333,9580.000000000839,9584.05000000078,9667.449999999566,9667.499999999565,9677.49999999942,9677.549999999419,9751.299999998346,9755.349999998287,18.100000000000122,132.1999999999958,14.350000000000069,0,44.399999999999615,0.25,0,22.0,124.0000000000017
J001224,2023-02-03/SRPA,SRPA,AMR_15,G3_10,WS_8_20,"[""107290"", ""111997"", ""125462""]",3,9546.700000001323,9729.249999998667,9690.649999999228,9546.700000001323,9599.900000000549,9603.95000000049,9680.549999999375,9680.599999999375,9690.59999999923,9690.649999999228,9725.199999998726,9729.249999998667,18.100000000000122,115.34999999999559,14.300000000000068,0,34.550000000000175,0.25,0,58.00000000000087,68.00000000000051
J001225,2023-02-03/PUJA,PUJA,AMR_20,G6_14,WS_13_20,"[""134680""]",1,9549.350000001285,9790.249999997779,9750.099999998363,9549.350000001285,9696.199999999148,9700.249999999089,9739.99999999851,9740.04999999851,9750.049999998364,9750.099999998363,9786.199999997838,9790.249999997779,18.100000000000122,131.04999999999555,20.15000000000015,0,71.34999999999809,0.25,0,88.00000000000179,60.00000000000047
J001226,2023-02-03/TPKA,TPKA,AMR_36,G17_15,WS_2_20,"[""110555""]",1,9554.700000001207,9881.199999996456,9831.049999997185,9554.700000001207,9554.700000001207,9558.750000001148,9820.949999997332,9820.999999997332,9830.999999997186,9831.049999997185,9877.149999996514,9881.199999996456,18.100000000000122,138.44999999999723,14.300000000000068,0,155.4500000000011,0.2,0,0.0,163.99999999999972
J001227,2023-02-03/SEMY,SEMY,AMR_17,G18_10,WS_19_20,"[""107380""]",2,9563.950000001072,9766.049999998131,9732.549999998619,9563.950000001072,9633.400000000061,9637.450000000003,9722.449999998766,9722.499999998765,9732.49999999862,9732.549999998619,9761.99999999819,9766.049999998131,18.100000000000122,75.99999999999783,13.350000000000055,0,94.39999999999678,0.25,0,14.0,56.00000000000041
J001228,2023-02-03/SRPA,SRPA,AMR_28,G12_9,WS_8_20,"[""101104"", ""101337"", ""110511""]",3,9571.800000000958,10022.099999994405,9926.699999995793,9571.800000000958,9864.199999996703,9868.249999996644,9916.59999999594,9916.64999999594,9926.649999995794,9926.699999995793,10018.049999994464,10022.099999994405,18.100000000000122,186.2500000000081,28.750000000000274,0,216.95000000001508,0.25,0,114.00000000000199,76.0000000000006
J001229,2023-02-03/PUJA,PUJA,AMR_19,G18_12,WS_13_20,"[""112363""]",2,9585.35000000076,9896.999999996226,9846.599999996959,9585.35000000076,9799.09999999765,9803.149999997591,9836.499999997106,9836.549999997105,9846.54999999696,9846.599999996959,9892.949999996285,9896.999999996226,18.100000000000122,111.29999999999582,20.10000000000015,0,161.90000000000256,0.25,0,50.0000000000003,64.00000000000048
J001230,2023-02-03/SRPA,SRPA,AMR_11,G20_14,WS_8_20,"[""107329"", ""110138"", ""111995""]",3,9592.700000000654,9898.899999996198,9828.849999997217,9592.700000000654,9773.999999998015,9778.049999997957,9818.749999997364,9818.799999997364,9828.799999997218,9828.849999997217,9894.849999996257,9898.899999996198,18.100000000000122,125.799999999995,19.150000000000137,0,142.89999999999824,0.25,0,40.00000000000004,80.00000000000048
J001231,2023-02-03/SEMY,SEMY,AMR_23,G20_8,WS_19_20,"[""121570""]",1,9609.950000000403,9873.749999996564,9837.59999999709,9609.950000000403,9777.349999997967,9781.399999997908,9827.499999997237,9827.549999997236,9837.54999999709,9837.59999999709,9869.699999996623,9873.749999996564,18.100000000000122,102.9499999999963,17.20000000000011,0,125.29999999999502,0.25,0,40.00000000000013,68.00000000000063
J001232,2023-02-03/SRPA,SRPA,AMR_07,G15_14,WS_8_20,"[""107412"", ""110502"", ""139323""]",4,9619.400000000265,10494.59999998753,10272.099999990767,9619.400000000265,10134.299999992772,10138.349999992713,10261.999999990914,10262.049999990913,10272.049999990768,10272.099999990767,10490.549999987588,10494.59999998753,18.100000000000122,275.5500000000284,53.79999999999908,0,527.500000000068,0.25,0,173.99999999999994,92.00000000000088
J001233,2023-02-03/SRPA,SRPA,AMR_34,G21_12,WS_8_20,"[""101027"", ""110319"", ""110328""]",3,9626.300000000165,9891.8499999963,9755.14999999829,9626.300000000165,9684.699999999315,9688.749999999256,9745.049999998437,9745.099999998436,9755.09999999829,9755.14999999829,9887.79999999636,9891.8499999963,18.100000000000122,142.39999999999813,18.200000000000124,0,86.59999999999722,0.25,0,60.000000000000796,100.00000000000077
J001234,2023-02-03/SPER,SPER,AMR_02,G21_4,WS_30_20,"[""101329"", ""110178"", ""110221"", ""110299"", ""110475"", ""120450"", ""123310""]",7,9641.549999999943,10004.799999994657,9950.24999999545,9641.549999999943,9863.399999996715,9867.449999996656,9940.149999995598,9940.199999995597,9950.199999995451,9950.24999999545,10000.749999994716,10004.799999994657,18.100000000000122,160.3000000000022,25.950000000000234,0,158.65000000000182,0.25,0,68.00000000000048,112.00000000000132
J001235,2023-02-03/IPMG,IPMG,AMR_16,G2_15,WS_25_20,"[""112230""]",1,9645.399999999887,9815.899999997406,9734.399999998592,9645.399999999887,9645.399999999887,9649.449999999828,9724.299999998739,9724.349999998738,9734.349999998592,9734.399999998592,9811.849999997465,9815.899999997406,18.100000000000122,101.39999999999638,7.649999999999981,0,43.149999999999686,0.2,0,0.0,120.00000000000087
J001236,2023-02-03/SPER,SPER,AMR_12,G3_5,WS_30_20,"[""107177"", ""111207"", ""111997"", ""113097""]",4,9649.899999999821,9965.099999995235,9882.399999996438,9649.899999999821,9672.64999999949,9676.699999999431,9872.299999996585,9872.349999996584,9882.349999996439,9882.399999996438,9961.049999995294,9965.099999995235,18.100000000000122,177.35000000000608,24.850000000000218,0,94.64999999999677,0.25,0,20.000000000000025,191.99999999999272
J001237,2023-02-03/SPER,SPER,AMR_27,G14_15,WS_30_20,"[""111249"", ""125583"", ""133300""]",3,9652.149999999789,10185.499999992027,10107.099999993168,9652.149999999789,9998.999999994741,10003.049999994682,10096.999999993315,10097.049999993314,10107.049999993169,10107.099999993168,10181.449999992086,10185.499999992027,18.100000000000122,213.85000000001438,29.80000000000029,0,271.3500000000274,0.25,0,126.00000000000222,92.00000000000013
J001238,2023-02-03/SPER,SPER,AMR_14,G18_4,WS_30_20,"[""111988"", ""112009"", ""112357""]",3,9657.59999999971,9821.79999999732,9758.54999999824,9657.59999999971,9682.599999999346,9686.649999999287,9748.449999998387,9748.499999998387,9758.499999998241,9758.54999999824,9817.749999997379,9821.79999999732,18.100000000000122,123.19999999999514,16.250000000000096,0,6.399999999999985,0.25,0,19.999999999999996,128.0000000000017
J001239,2023-02-03/SPER,SPER,AMR_08,G15_4,WS_30_20,"[""110450"", ""110594"", ""126832""]",3,9658.049999999703,9863.899999996707,9797.949999997667,9658.049999999703,9702.749999999052,9706.799999998993,9787.849999997814,9787.899999997813,9797.899999997668,9797.949999997667,9859.849999996766,9863.899999996707,18.100000000000122,156.00000000000122,18.150000000000123,0,13.350000000000055,0.25,0,42.00000000000031,148.00000000000028
J001240,2023-02-03/TPKA,TPKA,AMR_21,G3_13,WS_2_20,"[""101151""]",1,9658.449999999697,9808.349999997516,9774.34999999801,9658.449999999697,9737.549999998546,9741.599999998487,9764.249999998157,9764.299999998157,9774.299999998011,9774.34999999801,9804.299999997575,9808.349999997516,18.100000000000122,82.59999999999745,13.400000000000055,0,35.55000000000012,0.25,0,48.0000000000006,44.000000000000085
J001241,2023-02-03/SRPA,SRPA,AMR_05,G14_9,WS_8_20,"[""101149"", ""107256"", ""110590""]",3,9662.499999999638,10122.899999992938,9959.349999995318,9662.499999999638,9901.999999996153,9906.049999996094,9949.249999995465,9949.299999995465,9959.299999995319,9959.349999995318,10118.849999992997,10122.899999992938,18.100000000000122,146.49999999999906,24.95000000000022,0,270.60000000002725,0.25,0,60.000000000000526,84.00000000000068
J001242,2023-02-03/SPER,SPER,AMR_06,G8_14,WS_30_20,"[""112275"", ""118513"", ""135096""]",3,9665.899999999589,9883.849999996417,9818.599999997366,9665.899999999589,9745.49999999843,9749.549999998371,9808.499999997513,9808.549999997513,9818.549999997367,9818.599999997366,9879.799999996476,9883.849999996417,18.100000000000122,142.2999999999981,15.300000000000082,0,41.99999999999975,0.25,0,42.00000000000014,128.00000000000082
J001243,2023-02-03/PUJA,PUJA,AMR_18,G21_13,WS_13_20,"[""214618""]",1,9674.999999999456,9849.149999996922,9805.29999999756,9674.999999999456,9748.24999999839,9752.299999998331,9795.199999997707,9795.249999997706,9805.24999999756,9805.29999999756,9845.09999999698,9849.149999996922,18.100000000000122,121.34999999999525,15.300000000000082,0,19.150000000000137,0.25,0,72.00000000000094,72.00000000000045
J001244,2023-02-03/TPKA,TPKA,AMR_32,G15_13,WS_2_20,"[""112324""]",1,9675.44999999945,10059.149999993866,9980.199999995015,9675.44999999945,9911.649999996012,9915.699999995953,9970.099999995162,9970.149999995161,9980.149999995016,9980.199999995015,10055.099999993925,10059.149999993866,18.100000000000122,121.84999999999522,17.20000000000011,0,226.3000000000172,0.25,0,38.000000000000114,92.00000000000108
J001245,2023-02-03/SEMY,SEMY,AMR_38,G24_8,WS_19_20,"[""115988""]",1,9685.6999999993,9813.949999997434,9768.349999998098,9685.6999999993,9714.949999998875,9718.999999998816,9758.249999998245,9758.299999998244,9768.299999998098,9768.349999998098,9809.899999997493,9813.949999997434,18.100000000000122,92.1999999999969,15.300000000000082,0,2.3999999999999995,0.25,0,22.0,80.00000000000063
J001246,2023-02-03/SRPA,SRPA,AMR_26,G15_9,WS_8_20,"[""107259"", ""110251"", ""110501"", ""110520""]",4,9695.29999999916,10309.74999999022,10105.799999993187,9695.29999999916,9811.699999997467,9815.749999997408,10095.699999993334,10095.749999993333,10105.749999993188,10105.799999993187,10305.699999990278,10309.74999999022,18.100000000000122,158.20000000000172,19.100000000000136,0,418.80000000006095,0.25,0,72.00000000000102,88.00000000000045
J001247,2023-02-03/TPKA,TPKA,AMR_24,G17_12,WS_2_20,"[""112287""]",1,9706.849999998993,9967.649999995198,9862.049999996734,9706.849999998993,9706.849999998993,9710.899999998934,9851.949999996881,9851.99999999688,9861.999999996735,9862.049999996734,9963.599999995256,9967.649999995198,18.100000000000122,96.44999999999666,10.500000000000014,0,135.54999999999657,0.2,0,0.0,104.00000000000134
J001248,2023-02-03/PUJA,PUJA,AMR_37,G5_13,WS_13_20,"[""110562""]",1,9719.299999998811,9919.549999995897,9880.499999996466,9719.299999998811,9797.649999997671,9801.699999997612,9870.399999996613,9870.449999996612,9880.449999996466,9880.499999996466,9915.499999995956,9919.549999995897,18.100000000000122,101.94999999999635,17.25000000000011,0,62.699999999998575,0.25,0,30.000000000000014,76.00000000000085
J001249,2023-02-03/SEMY,SEMY,AMR_13,G8_13,WS_19_20,"[""112061""]",1,9719.749999998805,9933.0999999957,9885.799999996389,9719.749999998805,9818.99999999736,9823.049999997302,9875.699999996536,9875.749999996535,9885.74999999639,9885.799999996389,9929.04999999576,9933.0999999957,18.100000000000122,135.94999999999666,23.000000000000192,0,36.05000000000009,0.25,0,52.000000000000355,88.00000000000065
J001250,2023-02-03/PUJA,PUJA,AMR_15,G3_15,WS_13_20,"[""112231""]",1,9729.299999998666,9897.499999996218,9863.449999996714,9729.299999998666,9747.499999998401,9751.549999998342,9853.34999999686,9853.39999999686,9863.399999996715,9863.449999996714,9893.449999996277,9897.499999996218,18.100000000000122,84.84999999999732,13.300000000000054,0,51.6999999999992,0.25,0,14.0,72.00000000000072
J001251,2023-02-03/SEMY,SEMY,AMR_04,G17_7,WS_19_20,"[""107210""]",1,9740.849999998498,9988.249999994898,9902.799999996141,9740.849999998498,9821.349999997326,9825.399999997268,9892.699999996288,9892.749999996287,9902.749999996142,9902.799999996141,9984.199999994957,9988.249999994898,18.100000000000122,158.25000000000173,26.800000000000246,0,43.99999999999964,0.25,0,68.00000000000117,104.00000000000102
J001252,2023-02-03/KIDP,KIDP,AMR_30,G9_13,WS_25_20,"[""112307""]",1,9747.5499999984,9922.999999995847,9858.099999996792,9747.5499999984,9747.5499999984,9751.599999998341,9847.999999996939,9848.049999996938,9858.049999996792,9858.099999996792,9918.949999995906,9922.999999995847,18.100000000000122,93.14999999999685,11.450000000000028,0,52.54999999999915,0.2,0,0.0,100.00000000000037
J001253,2023-02-03/SEMY,SEMY,AMR_33,G12_8,WS_19_20,"[""112007""]",1,9755.399999998286,10108.549999993147,9936.249999995654,9755.399999998286,9856.14999999682,9860.199999996761,9926.149999995801,9926.1999999958,9936.199999995655,9936.249999995654,10104.499999993206,10108.549999993147,18.100000000000122,147.89999999999938,19.150000000000137,0,167.7500000000039,0.25,0,68.00000000000043,84.00000000000063
J001254,2023-02-03/SPER,SPER,AMR_10,G20_13,WS_30_20,"[""101297"", ""107285"", ""110486"", ""125183""]",4,9765.049999998146,9893.799999996272,9850.999999996895,9765.049999998146,9792.499999997746,9796.549999997687,9840.899999997042,9840.949999997041,9850.949999996896,9850.999999996895,9889.749999996331,9893.799999996272,18.100000000000122,84.64999999999733,14.350000000000069,0,11.400000000000027,0.25,0,12.0,84.00000000000023
J001255,2023-02-03/SRPA,SRPA,AMR_17,G18_10,WS_8_20,"[""107380"", ""110205"", ""125535""]",3,9766.09999999813,10036.599999994194,9910.699999996026,9766.09999999813,9766.09999999813,9770.149999998072,9900.599999996173,9900.649999996172,9910.649999996027,9910.699999996026,10032.549999994253,10036.599999994194,18.100000000000122,91.09999999999697,10.450000000000014,0,150.65,0.2,0,0.0,88.00000000000097
J001256,2023-02-03/PUJA,PUJA,AMR_39,G24_15,WS_13_20,"[""112067""]",1,9768.1499999981,10018.34999999446,9914.59999999597,9768.1499999981,9836.999999997099,9841.04999999704,9904.499999996116,9904.549999996116,9914.54999999597,9914.59999999597,10014.299999994519,10018.34999999446,18.100000000000122,93.79999999999681,12.450000000000042,0,125.599999999995,0.25,0,24.0,68.00000000000011
J001257,2023-02-03/SEMY,SEMY,AMR_31,G14_7,WS_19_20,"[""107377""]",1,9787.299999997822,10116.799999993027,9953.09999999541,9787.299999997822,9866.849999996664,9870.899999996605,9942.999999995556,9943.049999995555,9953.04999999541,9953.09999999541,10112.749999993086,10116.799999993027,18.100000000000122,142.7499999999982,19.150000000000137,0,149.2499999999997,0.25,0,54.00000000000021,88.00000000000023
J001258,2023-02-03/SEMY,SEMY,AMR_35,G17_6,WS_19_20,"[""112003""]",1,9787.899999997813,10147.849999992575,10030.69999999428,9787.899999997813,9826.399999997253,9830.449999997194,10020.599999994427,10020.649999994426,10030.64999999428,10030.69999999428,10143.799999992634,10147.849999992575,18.100000000000122,145.19999999999877,22.95000000000019,0,173.4500000000052,0.25,0,26.0,128.00000000000185
J001259,2023-02-03/SPER,SPER,AMR_20,G23_13,WS_30_20,"[""101179"", ""111371""]",2,9797.999999997666,10158.049999992427,10089.999999993417,9797.999999997666,10026.149999994346,10030.199999994287,10079.899999993564,10079.949999993563,10089.949999993418,10089.999999993417,10153.999999992486,10158.049999992427,18.100000000000122,137.94999999999712,21.100000000000165,0,182.65000000000728,0.25,0,64.00000000000031,72.00000000000011
J001260,2023-02-03/PUJA,PUJA,AMR_21,G3_13,WS_13_20,"[""110344"", ""112367""]",3,9808.399999997515,9964.299999995246,9897.549999996218,9808.399999997515,9808.399999997515,9812.449999997456,9887.449999996365,9887.499999996364,9897.499999996218,9897.549999996218,9960.249999995305,9964.299999995246,18.100000000000122,79.59999999999762,11.450000000000028,0,46.54999999999949,0.2,0,0.0,76.00000000000053
J001261,2023-02-03/SPER,SPER,AMR_25,G20_12,WS_30_20,"[""101097"", ""112386""]",2,9818.649999997366,9977.14999999506,9906.449999996088,9818.649999997366,9843.899999996998,9847.94999999694,9896.349999996235,9896.399999996234,9906.399999996089,9906.449999996088,9973.099999995118,9977.14999999506,18.100000000000122,95.64999999999671,15.300000000000082,0,29.20000000000028,0.25,0,16.0,88.00000000000028
J001262,2023-02-03/SRPA,SRPA,AMR_14,G18_7,WS_8_20,"[""107333"", ""111897"", ""117431""]",3,9828.899999997217,10090.49999999341,9975.09999999509,9828.899999997217,9861.999999996735,9866.049999996676,9964.999999995236,9965.049999995235,9975.04999999509,9975.09999999509,10086.449999993469,10090.49999999341,18.100000000000122,142.04999999999805,14.300000000000068,0,86.8999999999972,0.25,0,10.0,152.0000000000003
J001263,2023-02-03/SEMY,SEMY,AMR_01,G11_7,WS_19_20,"[""111271""]",1,9837.64999999709,10569.39999998644,10200.44999999181,9837.64999999709,9942.599999995562,9946.649999995503,10190.349999991957,10190.399999991956,10200.39999999181,10200.44999999181,10565.3499999865,10569.39999998644,18.100000000000122,254.20000000002355,36.40000000000007,0,422.80000000006186,0.25,0,58.00000000000064,203.99999999999943
J001264,2023-02-03/PUJA,PUJA,AMR_29,G17_13,WS_13_20,"[""110186""]",1,9846.649999996958,10250.749999991078,10129.949999992836,9846.649999996958,10061.699999993829,10065.74999999377,10119.849999992983,10119.899999992982,10129.899999992836,10129.949999992836,10246.699999991137,10250.749999991078,18.100000000000122,122.79999999999517,21.000000000000163,0,241.95000000002076,0.25,0,58.00000000000006,56.000000000000256
J001265,2023-02-03/SPER,SPER,AMR_22,G18_14,WS_30_20,"[""110306"", ""112374""]",2,9851.049999996894,10007.449999994618,9967.399999995201,9851.049999996894,9901.649999996158,9905.699999996099,9957.299999995348,9957.349999995347,9967.349999995202,9967.399999995201,10003.399999994677,10007.449999994618,18.100000000000122,98.54999999999654,13.350000000000055,0,26.150000000000237,0.25,0,24.0,80.00000000000011
J001266,2023-02-03/KJSC,KJSC,AMR_38,G26_9,WS_25_20,"[""110231"", ""110475"", ""131889""]",3,9858.149999996791,9969.399999995172,9920.349999995886,9858.149999996791,9871.049999996603,9875.099999996544,9910.249999996033,9910.299999996032,9920.299999995887,9920.349999995886,9965.349999995231,9969.399999995172,18.100000000000122,67.39999999999831,13.400000000000055,0,12.100000000000037,0.25,0,6.0,64.0000000000005
J001267,2023-02-03/KJSC,KJSC,AMR_09,G15_12,WS_25_20,"[""101028"", ""110191"", ""111238""]",4,9858.149999996791,10049.24999999401,9936.59999999565,9858.149999996791,9858.149999996791,9862.199999996732,9926.499999995796,9926.549999995796,9936.54999999565,9936.59999999565,10045.199999994069,10049.24999999401,18.100000000000122,77.19999999999776,8.549999999999986,0,87.0499999999972,0.2,0,0.0,80.00000000000023
J001268,2023-02-03/KJSC,KJSC,AMR_18,G18_9,WS_25_20,"[""107407"", ""110479"", ""111363""]",3,9858.149999996791,9994.29999999481,9952.549999995417,9858.149999996791,9884.29999999641,9888.349999996351,9942.449999995564,9942.499999995563,9952.499999995418,9952.549999995417,9990.249999994869,9994.29999999481,18.100000000000122,94.0999999999968,17.20000000000011,0,6.499999999999985,0.25,0,18.0,80.0000000000006
J001269,2023-02-03/KJSC,KJSC,AMR_16,G18_13,WS_25_20,"[""110597"", ""138468""]",2,9858.149999996791,10114.899999993055,10062.449999993818,9858.149999996791,9991.399999994852,9995.449999994793,10052.349999993965,10052.399999993964,10062.399999993819,10062.449999993818,10110.849999993114,10114.899999993055,18.100000000000122,116.34999999999553,20.10000000000015,0,101.94999999999635,0.25,0,56.000000000000256,64.00000000000021
J001270,2023-02-03/KJSC,KJSC,AMR_08,G15_10,WS_25_20,"[""101335"", ""120052""]",3,9863.949999996707,10172.349999992219,10094.449999993352,9863.949999996707,9992.399999994837,9996.449999994778,10084.3499999935,10084.399999993499,10094.399999993353,10094.449999993352,10168.299999992278,10172.349999992219,18.100000000000122,127.79999999999488,19.100000000000136,0,143.1499999999983,0.25,0,39.999999999999986,88.00000000000034
J001271,2023-02-03/PUJA,PUJA,AMR_03,G9_12,WS_13_20,"[""107162""]",1,9869.299999996629,10196.799999991863,10164.299999992336,9869.299999996629,9969.099999995176,9973.149999995117,10154.199999992483,10154.249999992482,10164.249999992337,10164.299999992336,10192.749999991922,10196.799999991863,18.100000000000122,127.64999999999489,24.90000000000022,0,156.60000000000136,0.25,0,48.00000000000023,72.00000000000037
J001272,2023-02-03/KJSC,KJSC,AMR_23,G17_4,WS_25_20,"[""111283"", ""118475""]",2,9873.799999996563,10062.99999999381,9973.299999995115,9873.799999996563,9897.699999996215,9901.749999996156,9963.199999995262,9963.249999995262,9973.249999995116,9973.299999995115,10058.949999993869,10062.99999999381,18.100000000000122,121.29999999999525,18.150000000000123,0,31.40000000000031,0.25,0,17.999999999999996,112.00000000000138
J001273,2023-02-03/PUJA,PUJA,AMR_36,G17_10,WS_13_20,"[""121904""]",2,9881.249999996455,10059.699999993858,9988.849999994889,9881.249999996455,9908.099999996064,9912.149999996005,9978.749999995036,9978.799999995035,9988.79999999489,9988.849999994889,10055.649999993917,10059.699999993858,18.100000000000122,84.49999999999734,14.300000000000068,0,61.299999999998654,0.25,0,14.0,68.00000000000026
J001274,2023-02-03/SPER,SPER,AMR_06,G9_15,WS_30_20,"[""107175"", ""134916""]",2,9883.899999996416,10254.04999999103,10124.14999999292,9883.899999996416,9961.049999995294,9965.099999995235,10114.049999993067,10114.099999993066,10124.09999999292,10124.14999999292,10249.999999991089,10254.04999999103,18.100000000000122,165.50000000000338,25.75000000000023,0,160.55000000000226,0.25,0,40.00000000000017,128.00000000000014
J001275,2023-02-03/SEMY,SEMY,AMR_34,G9_8,WS_19_20,"[""110423""]",1,9891.8999999963,10382.199999989165,10217.64999999156,9891.8999999963,9988.499999994894,9992.549999994835,10207.549999991706,10207.599999991706,10217.59999999156,10217.64999999156,10378.149999989224,10382.199999989165,18.100000000000122,158.40000000000177,18.200000000000124,0,295.3500000000329,0.25,0,72.00000000000094,96.00000000000091
J001276,2023-02-03/PUJA,PUJA,AMR_19,G20_10,WS_13_20,"[""125463""]",1,9897.599999996217,10054.09999999394,9971.999999995134,9897.599999996217,9911.84999999601,9915.89999999595,9961.899999995281,9961.94999999528,9971.949999995135,9971.999999995134,10050.049999993998,10054.09999999394,18.100000000000122,82.49999999999746,13.350000000000055,0,42.299999999999734,0.25,0,8.0,72.0000000000006
J001277,2023-02-03/SEMY,SEMY,AMR_15,G3_15,WS_19_20,"[""110255""]",2,9902.84999999614,10118.949999992996,10014.24999999452,9902.84999999614,9902.84999999614,9906.899999996082,10004.149999994666,10004.199999994666,10014.19999999452,10014.24999999452,10114.899999993055,10118.949999992996,18.100000000000122,86.84999999999721,9.55,0,101.39999999999638,0.2,0,0.0,92.00000000000091
J001278,2023-02-03/SPER,SPER,AMR_10,G11_9,WS_30_20,"[""111208"", ""112084""]",2,9906.499999996087,10442.449999988288,10189.049999991976,9906.499999996087,9996.199999994782,10000.249999994723,10178.949999992123,10178.999999992122,10188.999999991976,10189.049999991976,10438.399999988347,10442.449999988288,18.100000000000122,214.4000000000145,28.700000000000273,0,274.50000000002814,0.25,0,62.000000000000625,163.999999999998
J001279,2023-02-03/SRPA,SRPA,AMR_11,G17_8,WS_8_20,"[""101221"", ""107327"", ""110155"", ""110401""]",4,9910.749999996026,10656.249999985177,10568.349999986456,9910.749999996026,10046.249999994054,10050.299999993995,10558.249999986603,10558.299999986602,10568.299999986457,10568.349999986456,10652.199999985236,10656.249999985177,18.100000000000122,304.50000000003496,42.24999999999974,0,380.4000000000522,0.25,0,106.00000000000159,215.9999999999953
J001280,2023-02-03/PUJA,PUJA,AMR_37,G3_12,WS_13_20,"[""104397""]",2,9919.599999995897,10184.199999992046,10098.599999993292,9919.599999995897,9932.649999995707,9936.699999995648,10088.499999993439,10088.549999993438,10098.549999993293,10098.599999993292,10180.149999992105,10184.199999992046,18.100000000000122,95.39999999999672,15.250000000000082,0,135.59999999999658,0.25,0,6.0,84.00000000000078
J001281,2023-02-03/KJSC,KJSC,AMR_30,G17_15,WS_25_20,"[""101014"", ""110596""]",2,9923.049999995847,10134.649999992767,10078.499999993584,9923.049999995847,9997.04999999477,10001.09999999471,10068.399999993731,10068.44999999373,10078.449999993585,10078.499999993584,10130.599999992826,10134.649999992767,18.100000000000122,83.5999999999974,12.450000000000042,0,97.19999999999662,0.25,0,24.0,60.00000000000003
J001282,2023-02-03/SRPA,SRPA,AMR_13,G14_13,WS_8_20,"[""110254"", ""110385"", ""110417""]",3,9933.1499999957,10314.349999990152,10140.299999992685,9933.1499999957,10011.999999994552,10016.049999994493,10130.199999992832,10130.249999992831,10140.249999992686,10140.299999992685,10310.299999990211,10314.349999990152,18.100000000000122,98.94999999999652,17.20000000000011,0,246.70000000002184,0.25,0,24.0,64.00000000000026
J001283,2023-02-03/SEMY,SEMY,AMR_21,G3_9,WS_19_20,"[""110574""]",1,9964.349999995246,10590.949999986127,10149.649999992549,9964.349999995246,9981.399999994997,9985.449999994938,10139.549999992696,10139.599999992695,10149.59999999255,10149.649999992549,10586.899999986186,10590.949999986127,18.100000000000122,194.65000000001,34.50000000000018,0,379.1000000000519,0.25,0,12.0,179.99999999999613
J001284,2023-02-03/KJSC,KJSC,AMR_12,G14_4,WS_25_20,"[""110418"", ""111237""]",3,9965.149999995234,10376.899999989242,10208.849999991688,9965.149999995234,9998.799999994744,10002.849999994685,10198.749999991835,10198.799999991834,10208.799999991688,10208.849999991688,10372.849999989301,10376.899999989242,18.100000000000122,146.249999999999,18.100000000000122,0,229.05000000001783,0.25,0,27.999999999999996,124.0000000000009
J001285,2023-02-03/SPER,SPER,AMR_24,G9_10,WS_30_20,"[""101282"", ""111301""]",2,9967.699999995197,10383.549999989145,10222.599999991487,9967.699999995197,10108.699999993145,10112.749999993086,10212.499999991634,10212.549999991634,10222.549999991488,10222.599999991487,10379.499999989204,10383.549999989145,18.100000000000122,178.95000000000644,16.200000000000095,0,202.35000000001176,0.25,0,56.0000000000006,139.9999999999999
J001286,2023-02-03/PUJA,PUJA,AMR_38,G5_10,WS_13_20,"[""125246""]",1,9969.449999995171,10323.49999999002,10268.899999990814,9969.449999995171,10084.399999993499,10088.44999999344,10258.79999999096,10258.84999999096,10268.849999990814,10268.899999990814,10319.449999990078,10323.49999999002,18.100000000000122,157.2500000000015,23.950000000000205,0,154.50000000000088,0.25,0,84.0000000000017,84.00000000000071
J001287,2023-02-03/SRPA,SRPA,AMR_25,G6_15,WS_8_20,"[""101199"", ""110176""]",2,9977.199999995059,10310.899999990203,10292.899999990464,9977.199999995059,10252.999999991045,10257.049999990986,10282.799999990611,10282.84999999061,10292.849999990465,10292.899999990464,10306.849999990261,10310.899999990203,18.100000000000122,182.3000000000072,29.600000000000286,0,103.44999999999627,0.25,0,153.99999999999883,36.000000000000014
J001288,2023-02-03/TSGB,TSGB,AMR_04,G14_14,WS_2_20,"[""101095"", ""101330"", ""110148"", ""110185"", ""110475"", ""112066"", ""112086"", ""121833""]",11,9988.299999994897,10223.949999991468,10163.199999992352,9988.299999994897,10061.849999993827,10065.899999993768,10153.099999992499,10153.149999992498,10163.149999992353,10163.199999992352,10219.899999991527,10223.949999991468,18.100000000000122,118.79999999999539,19.200000000000138,0,79.29999999999764,0.25,0,48.00000000000024,76.00000000000054
J001289,2023-02-03/TSGB,TSGB,AMR_18,G15_4,WS_2_20,"[""101135"", ""110390"", ""110450"", ""111261"", ""123310"", ""134027""]",8,9994.349999994809,10183.24999999206,10107.299999993165,9994.349999994809,10021.999999994407,10026.049999994348,10097.199999993312,10097.249999993312,10107.249999993166,10107.299999993165,10179.199999992119,10183.24999999206,18.100000000000122,129.34999999999516,16.250000000000096,0,24.95000000000022,0.25,0,23.999999999999996,128.0000000000024
J001290,2023-02-03/TSGB,TSGB,AMR_02,G2_10,WS_2_20,"[""110210"", ""110343"", ""112392"", ""115591"", ""127627""]",8,10004.849999994656,10207.599999991706,10180.249999992104,10004.849999994656,10107.69999999316,10111.7499999931,10170.14999999225,10170.19999999225,10180.199999992104,10180.249999992104,10203.549999991765,10207.599999991706,18.100000000000122,113.89999999999567,14.350000000000069,0,56.14999999999895,0.25,0,78.00000000000163,52.00000000000047
J001291,2023-02-03/TSGB,TSGB,AMR_22,G5_9,WS_2_20,"[""110231"", ""111376"", ""112269"", ""124704"", ""132437""]",6,10007.499999994618,10247.049999991132,10209.099999991684,10007.499999994618,10157.599999992433,10161.649999992374,10198.999999991831,10199.04999999183,10209.049999991685,10209.099999991684,10242.99999999119,10247.049999991132,18.100000000000122,141.29999999999788,21.050000000000164,0,58.84999999999879,0.25,0,104.00000000000207,60.00000000000051
J001292,2023-02-03/KJSC,KJSC,AMR_39,G17_12,WS_25_20,"[""101293"", ""111277""]",3,10018.399999994459,10330.749999989914,10240.749999991223,10018.399999994459,10129.59999999284,10133.649999992782,10230.64999999137,10230.69999999137,10240.699999991224,10240.749999991223,10326.699999989973,10330.749999989914,18.100000000000122,112.79999999999573,19.150000000000137,0,162.0500000000026,0.25,0,36.0,84.00000000000037
J001293,2023-02-03/PUJA,PUJA,AMR_40,G8_8,WS_13_20,"[""107449""]",1,10020.599999994427,10482.949999987699,10437.149999988365,10020.599999994427,10158.599999992419,10162.64999999236,10427.049999988512,10427.099999988512,10437.099999988366,10437.149999988365,10478.899999987758,10482.949999987699,18.100000000000122,135.94999999999666,21.050000000000164,0,287.000000000031,0.25,0,34.00000000000004,104.00000000000111
J001294,2023-02-03/TSGB,TSGB,AMR_28,G5_6,WS_2_20,"[""109989"", ""110178"", ""110189"", ""112380""]",4,10022.149999994404,10172.799999992212,10124.14999999292,10022.149999994404,10063.499999993803,10067.549999993744,10114.049999993067,10114.099999993066,10124.09999999292,10124.14999999292,10168.749999992271,10172.799999992212,18.100000000000122,97.29999999999661,13.400000000000055,0,21.600000000000172,0.25,0,40.00000000000014,72.00000000000074
J001295,2023-02-03/SPER,SPER,AMR_17,G12_9,WS_30_20,"[""110511"", ""110521""]",2,10036.649999994193,10482.099999987711,10205.749999991733,10036.649999994193,10095.899999993331,10099.949999993272,10195.64999999188,10195.699999991879,10205.699999991733,10205.749999991733,10478.04999998777,10482.099999987711,18.100000000000122,169.30000000000425,22.000000000000178,0,235.80000000001937,0.25,0,50.00000000000051,124.00000000000017
J001296,2023-02-03/SEMY,SEMY,AMR_09,G15_12,WS_19_20,"[""101191""]",1,10049.29999999401,10168.049999992281,10107.499999993162,10049.29999999401,10049.29999999401,10053.34999999395,10097.39999999331,10097.449999993309,10107.449999993163,10107.499999993162,10163.99999999234,10168.049999992281,18.100000000000122,55.34999999999899,9.55,0,35.55000000000012,0.2,0,0.0,56.00000000000021
J001297,2023-02-03/SRPA,SRPA,AMR_19,G9_14,WS_8_20,"[""111222"", ""111223""]",2,10054.149999993939,10251.049999991073,10217.64999999156,10054.149999993939,10177.999999992137,10182.049999992078,10207.549999991706,10207.599999991706,10217.59999999156,10217.64999999156,10246.999999991132,10251.049999991073,18.100000000000122,97.94999999999658,18.250000000000124,0,62.349999999998595,0.25,0,58.000000000000654,44.00000000000021
J001298,2023-02-03/KJSC,KJSC,AMR_32,G15_13,WS_25_20,"[""110262"", ""112324""]",2,10059.199999993865,10331.999999989896,10174.699999992185,10059.199999993865,10059.199999993865,10063.249999993806,10164.599999992332,10164.64999999233,10174.649999992185,10174.699999992185,10327.949999989954,10331.999999989896,18.100000000000122,74.09999999999793,11.450000000000028,0,168.95000000000417,0.2,0,0.0,76.00000000000014
J001299,2023-02-03/PUJA,PUJA,AMR_36,G18_10,WS_13_20,"[""107380""]",2,10059.749999993857,10400.749999988895,10147.249999992584,10059.749999993857,10062.899999993811,10066.949999993752,10137.149999992731,10137.19999999273,10147.199999992585,10147.249999992584,10396.699999988954,10400.749999988895,18.100000000000122,101.74999999999636,11.400000000000027,0,209.5000000000134,0.25,0,2.0,108.00000000000185
J001300,2023-02-03/TSGB,TSGB,AMR_23,G11_2,WS_2_20,"[""110299"", ""110385"", ""111391"", ""129530""]",4,10063.04999999381,10206.299999991725,10146.349999992597,10063.04999999381,10083.049999993518,10087.09999999346,10136.249999992744,10136.299999992743,10146.299999992598,10146.349999992597,10202.249999991784,10206.299999991725,18.100000000000122,110.04999999999589,12.400000000000041,0,2.4499999999999993,0.25,0,16.0,120.00000000000247
J001301,2023-02-03/KJSC,KJSC,AMR_14,G14_2,WS_25_20,"[""110259"", ""112444""]",2,10090.549999993409,10286.899999990552,10224.799999991455,10090.549999993409,10116.999999993024,10121.049999992965,10214.699999991602,10214.749999991602,10224.749999991456,10224.799999991455,10282.84999999061,10286.899999990552,18.100000000000122,131.89999999999574,16.250000000000096,0,29.85000000000029,0.25,0,21.999999999999996,132.00000000000165
J001302,2023-02-03/SPER,SPER,AMR_33,G17_10,WS_30_20,"[""110575"", ""131216""]",2,10108.599999993146,10418.849999988632,10315.84999999013,10108.599999993146,10156.899999992444,10160.949999992385,10305.749999990278,10305.799999990277,10315.799999990131,10315.84999999013,10414.79999998869,10418.849999988632,18.100000000000122,127.94999999999487,18.150000000000123,0,145.7999999999989,0.25,0,18.0,120.00000000000037
J001303,2023-02-03/KJSC,KJSC,AMR_16,G21_14,WS_25_20,"[""101328""]",1,10114.949999993054,10221.899999991498,10192.799999991921,10114.949999993054,10145.849999992604,10149.899999992545,10182.699999992068,10182.749999992067,10192.749999991922,10192.799999991921,10217.849999991557,10221.899999991498,18.100000000000122,68.09999999999827,15.300000000000082,0,5.1999999999999895,0.25,0,20.0,48.00000000000004
J001304,2023-02-03/SRPA,SRPA,AMR_31,G6_12,WS_8_20,"[""110314"", ""112320""]",2,10116.849999993026,10268.899999990814,10233.599999991327,10116.849999993026,10169.799999992256,10173.849999992197,10223.499999991474,10223.549999991474,10233.549999991328,10233.599999991327,10264.849999990873,10268.899999990814,18.100000000000122,90.449999999997,15.250000000000082,0,28.000000000000263,0.25,0,42.00000000000023,52.00000000000023
J001305,2023-02-03/PUJA,PUJA,AMR_15,G12_8,WS_13_20,"[""131590""]",1,10118.999999992995,10651.849999985241,10608.449999985873,10118.999999992995,10216.89999999157,10220.949999991512,10598.34999998602,10598.399999986019,10608.399999985873,10608.449999985873,10647.7999999853,10651.849999985241,18.100000000000122,285.10000000003055,37.350000000000016,0,192.05000000000942,0.25,0,44.000000000000114,267.99999999999045
J001306,2023-02-03/SEMY,SEMY,AMR_05,G14_9,WS_19_20,"[""101149""]",1,10122.949999992938,10555.849999986638,10324.699999990002,10122.949999992938,10122.949999992938,10126.999999992879,10314.599999990149,10314.649999990148,10324.649999990002,10324.699999990002,10551.799999986697,10555.849999986638,18.100000000000122,179.6000000000066,26.850000000000247,0,208.15000000001308,0.2,0,0.0,191.99999999999721
J001307,2023-02-03/TSGB,TSGB,AMR_30,G11_10,WS_2_20,"[""101022"", ""101147"", ""101305"", ""110313"", ""110526""]",7,10134.699999992767,10564.899999986506,10437.599999988359,10134.699999992767,10368.199999989369,10372.24999998931,10427.499999988506,10427.549999988505,10437.54999998836,10437.599999988359,10560.849999986565,10564.899999986506,18.100000000000122,180.20000000000672,26.800000000000246,0,204.85000000001233,0.25,0,94.00000000000168,100.00000000000125
J001308,2023-02-03/SPER,SPER,AMR_35,G3_15,WS_30_20,"[""110222"", ""110255"", ""112231""]",3,10147.899999992575,10503.699999987397,10427.749999988502,10147.899999992575,10200.949999991803,10204.999999991744,10417.64999998865,10417.699999988648,10427.699999988503,10427.749999988502,10499.649999987456,10503.699999987397,18.100000000000122,176.1000000000058,20.00000000000015,0,141.3499999999979,0.25,0,58.000000000000966,143.9999999999999
J001309,2023-02-03/PUJA,PUJA,AMR_20,G23_13,WS_13_20,"[""131140""]",2,10158.099999992426,10599.549999986002,10535.09999998694,10158.099999992426,10158.099999992426,10162.149999992367,10524.999999987087,10525.049999987086,10535.04999998694,10535.09999998694,10595.499999986061,10599.549999986002,18.100000000000122,161.70000000000252,21.000000000000163,0,240.45000000002042,0.2,0,0.0,167.99999999999952
J001310,2023-02-03/TSGB,TSGB,AMR_09,G2_13,WS_2_20,"[""101235"", ""107105"", ""126347""]",4,10168.09999999228,10438.94999998834,10415.399999988682,10168.09999999228,10368.449999989365,10372.499999989306,10405.299999988829,10405.349999988828,10415.349999988683,10415.399999988682,10434.899999988398,10438.94999998834,18.100000000000122,118.14999999999543,17.25000000000011,0,117.09999999999549,0.25,0,84.00000000000198,44.000000000000156
J001311,2023-02-03/PUJA,PUJA,AMR_08,G12_6,WS_13_20,"[""110551""]",1,10172.399999992218,10592.999999986097,10552.049999986693,10172.399999992218,10352.2999999896,10356.349999989541,10541.94999998684,10541.99999998684,10551.999999986694,10552.049999986693,10588.949999986156,10592.999999986097,18.100000000000122,177.25000000000605,23.950000000000205,0,201.05000000001147,0.25,0,82.00000000000091,104.0000000000017
J001312,2023-02-03/TSGB,TSGB,AMR_28,G3_13,WS_2_20,"[""107336"", ""110344"", ""112367""]",4,10172.849999992211,10287.299999990546,10255.049999991015,10172.849999992211,10206.549999991721,10210.599999991662,10244.949999991162,10244.999999991162,10254.999999991016,10255.049999991015,10283.249999990605,10287.299999990546,18.100000000000122,60.049999999998725,11.500000000000028,0,24.550000000000214,0.25,0,17.999999999999996,44.000000000000185
J001313,2023-02-03/KJSC,KJSC,AMR_18,G20_14,WS_25_20,"[""110132""]",1,10183.29999999206,10364.299999989425,10288.549999990528,10183.29999999206,10234.199999991319,10238.24999999126,10278.449999990675,10278.499999990674,10288.499999990529,10288.549999990528,10360.249999989484,10364.299999989425,18.100000000000122,89.64999999999705,14.300000000000068,0,58.6999999999988,0.25,0,30.0,60.00000000000004
J001314,2023-02-03/TSGB,TSGB,AMR_37,G3_10,WS_2_20,"[""111275"", ""111997"", ""125462""]",4,10184.249999992046,10269.049999990812,10237.899999991265,10184.249999992046,10189.699999991966,10193.749999991907,10227.799999991412,10227.849999991411,10237.849999991266,10237.899999991265,10264.99999999087,10269.049999990812,18.100000000000122,51.04999999999924,6.649999999999984,0,8.74999999999999,0.25,0,4.0,52.0000000000004
J001315,2023-02-03/SRPA,SRPA,AMR_27,G18_14,WS_8_20,"[""110522"", ""112374""]",2,10185.549999992027,10588.599999986161,10499.949999987452,10185.549999992027,10442.449999988288,10446.49999998823,10489.849999987598,10489.899999987598,10499.899999987452,10499.949999987452,10584.54999998622,10588.599999986161,18.100000000000122,140.39999999999768,20.10000000000015,0,224.20000000001673,0.25,0,54.000000000000185,80.0000000000004
J001316,2023-02-03/SPER,SPER,AMR_03,G18_13,WS_30_20,"[""107034"", ""107224""]",2,10196.849999991862,10544.249999986807,10496.849999987497,10196.849999991862,10388.599999989072,10392.649999989013,10486.749999987644,10486.799999987643,10496.799999987497,10496.849999987497,10540.199999986866,10544.249999986807,18.100000000000122,161.30000000000243,28.650000000000272,0,139.09999999999738,0.25,0,84.000000000001,84.00000000000011
J001317,2023-02-03/KJSC,KJSC,AMR_23,G21_12,WS_25_20,"[""112430""]",1,10206.349999991724,10401.199999988889,10369.599999989348,10206.349999991724,10303.349999990312,10307.399999990253,10359.499999989495,10359.549999989495,10369.549999989349,10369.599999989348,10397.149999988947,10401.199999988889,18.100000000000122,107.64999999999603,17.20000000000011,0,51.6499999999992,0.25,0,51.999999999999986,64.0000000000003
J001318,2023-02-03/SPER,SPER,AMR_02,G15_12,WS_30_20,"[""101155"", ""110540""]",2,10207.649999991705,10659.799999985125,10608.699999985869,10207.649999991705,10499.699999987455,10503.749999987396,10598.599999986016,10598.649999986015,10608.64999998587,10608.699999985869,10655.749999985184,10659.799999985125,18.100000000000122,179.2500000000065,22.95000000000019,0,231.6000000000184,0.25,0,86.00000000000063,100.00000000000028
J001319,2023-02-03/TSGB,TSGB,AMR_16,G11_6,WS_2_20,"[""112442"", ""124794"", ""134500""]",4,10221.949999991497,10431.949999988441,10368.74999998936,10221.949999991497,10301.39999999034,10305.449999990282,10358.649999989508,10358.699999989507,10368.699999989361,10368.74999998936,10427.8999999885,10431.949999988441,18.100000000000122,151.0500000000001,22.95000000000019,0,17.650000000000116,0.25,0,64.00000000000067,108.00000000000182
J001320,2023-02-03/KJSC,KJSC,AMR_04,G2_10,WS_25_20,"[""110218"", ""110305""]",4,10223.999999991467,10641.59999998539,10564.59999998651,10223.999999991467,10445.649999988242,10449.699999988183,10554.499999986658,10554.549999986657,10564.549999986511,10564.59999998651,10637.54999998545,10641.59999998539,18.100000000000122,198.1000000000108,19.100000000000136,0,182.05000000000715,0.25,0,48.000000000000384,191.9999999999958
J001321,2023-02-03/KJSC,KJSC,AMR_22,G20_10,WS_25_20,"[""140089""]",1,10247.099999991131,10552.649999986685,10497.549999987486,10247.099999991131,10436.79999998837,10440.849999988312,10487.449999987633,10487.499999987633,10497.499999987487,10497.549999987486,10548.599999986744,10552.649999986685,18.100000000000122,160.90000000000234,29.650000000000286,0,96.64999999999665,0.25,0,84.0000000000004,72.00000000000028
J001322,2023-02-03/SRPA,SRPA,AMR_29,G3_12,WS_8_20,"[""110291"", ""111207""]",2,10250.799999991077,10439.499999988331,10397.899999988937,10250.799999991077,10329.699999989929,10333.74999998987,10387.799999989084,10387.849999989083,10397.849999988937,10397.899999988937,10435.44999998839,10439.499999988331,18.100000000000122,107.39999999999604,19.100000000000136,0,43.849999999999646,0.25,0,46.00000000000033,60.0000000000003
J001323,2023-02-03/SPER,SPER,AMR_19,G15_10,WS_30_20,"[""101117"", ""101335""]",2,10251.099999991073,10583.049999986242,10459.54999998804,10251.099999991073,10313.049999990171,10317.099999990112,10449.449999988186,10449.499999988186,10459.49999998804,10459.54999998804,10578.999999986301,10583.049999986242,18.100000000000122,145.3499999999988,18.100000000000122,0,150.1499999999999,0.25,0,20.0,136.0000000000005
J001324,2023-02-03/TSGB,TSGB,AMR_06,G14_15,WS_2_20,"[""107120"", ""110233"", ""112288""]",3,10254.09999999103,10403.449999988856,10332.199999989893,10254.09999999103,10273.29999999075,10277.34999999069,10322.09999999004,10322.149999990039,10332.149999989893,10332.199999989893,10399.399999988915,10403.449999988856,18.100000000000122,84.09999999999737,11.500000000000028,0,35.40000000000013,0.25,0,14.0,72.00000000000051
J001325,2023-02-03/PUJA,PUJA,AMR_31,G15_6,WS_13_20,"[""138386""]",1,10268.949999990813,10972.549999980574,10800.599999983076,10268.949999990813,10698.049999984569,10702.09999998451,10790.499999983223,10790.549999983223,10800.549999983077,10800.599999983076,10968.499999980633,10972.549999980574,18.100000000000122,303.95000000003483,42.14999999999974,0,339.15000000004284,0.25,0,229.9999999999925,112.00000000000122
J001326,2023-02-03/KJSC,KJSC,AMR_37,G24_8,WS_25_20,"[""115988""]",1,10269.09999999081,10618.94999998572,10580.649999986277,10269.09999999081,10525.549999987079,10529.59999998702,10570.549999986424,10570.599999986423,10580.599999986278,10580.649999986277,10614.899999985779,10618.94999998572,18.100000000000122,146.94999999999916,22.05000000000018,0,162.5000000000027,0.25,0,86.00000000000071,68.00000000000063
J001327,2023-02-03/SRPA,SRPA,AMR_14,G11_8,WS_8_20,"[""111247"", ""134599""]",2,10286.949999990551,10406.199999988816,10358.699999989507,10286.949999990551,10315.099999990141,10319.149999990083,10348.599999989654,10348.649999989653,10358.649999989508,10358.699999989507,10402.149999988875,10406.199999988816,18.100000000000122,81.7999999999975,12.400000000000041,0,6.699999999999984,0.25,0,22.00000000000002,68.00000000000071
J001328,2023-02-03/TSGB,TSGB,AMR_28,G17_13,WS_2_20,"[""101076"", ""101080"", ""110512""]",4,10287.349999990545,10573.499999986381,10492.399999987561,10287.349999990545,10426.299999988523,10430.349999988464,10482.299999987708,10482.349999987708,10492.349999987562,10492.399999987561,10569.44999998644,10573.499999986381,18.100000000000122,160.15000000000217,22.95000000000019,0,84.69999999999733,0.25,0,68.00000000000054,92.0000000000006
J001329,2023-02-03/KJSC,KJSC,AMR_26,G15_9,WS_25_20,"[""110164"", ""110593""]",2,10309.799999990219,10522.599999987122,10434.09999998841,10309.799999990219,10309.799999990219,10313.84999999016,10423.999999988557,10424.049999988556,10434.04999998841,10434.09999998841,10518.54999998718,10522.599999987122,18.100000000000122,109.39999999999593,15.300000000000082,0,69.79999999999818,0.2,0,0.0,124.00000000000142
J001330,2023-02-03/SRPA,SRPA,AMR_25,G20_12,WS_8_20,"[""101097"", ""112386""]",2,10310.949999990202,10805.499999983005,10676.349999984885,10310.949999990202,10594.299999986079,10598.34999998602,10666.249999985032,10666.29999998503,10676.299999984885,10676.349999984885,10801.449999983064,10805.499999983005,18.100000000000122,231.85000000001847,29.650000000000286,0,214.70000000001457,0.25,0,153.9999999999994,92.00000000000068
J001331,2023-02-03/SPER,SPER,AMR_13,G11_5,WS_30_20,"[""101075"", ""101296""]",2,10314.399999990152,10707.899999984425,10633.549999985507,10314.399999990152,10537.599999986904,10541.649999986845,10623.449999985654,10623.499999985654,10633.499999985508,10633.549999985507,10703.849999984484,10707.899999984425,18.100000000000122,198.50000000001089,24.850000000000218,0,151.80000000000027,0.25,0,66.00000000000088,159.99999999999824
J001332,2023-02-03/TSGB,TSGB,AMR_38,G18_15,WS_2_20,"[""110252"", ""110346"", ""112285""]",3,10323.549999990018,10868.649999982086,10775.349999983444,10323.549999990018,10674.899999984906,10678.949999984847,10765.24999998359,10765.29999998359,10775.299999983445,10775.349999983444,10864.599999982145,10868.649999982086,18.100000000000122,285.8500000000307,42.14999999999974,0,198.75000000001094,0.25,0,211.99999999999326,88.00000000000077
J001333,2023-02-03/KJSC,KJSC,AMR_39,G20_8,WS_25_20,"[""110377""]",1,10330.799999989913,10709.6999999844,10634.449999985494,10330.799999989913,10538.899999986885,10542.949999986826,10624.349999985641,10624.39999998564,10634.399999985495,10634.449999985494,10705.649999984458,10709.6999999844,18.100000000000122,131.7499999999957,20.10000000000015,0,208.7000000000132,0.25,0,50.00000000000023,84.00000000000054
J001334,2023-02-03/SRPA,SRPA,AMR_32,G20_9,WS_8_20,"[""101334"", ""121745""]",3,10332.049999989895,10694.799999984616,10612.69999998581,10332.049999989895,10429.94999998847,10433.999999988411,10602.599999985958,10602.649999985957,10612.649999985812,10612.69999998581,10690.749999984675,10694.799999984616,18.100000000000122,132.04999999999578,21.100000000000165,0,191.25000000000924,0.25,0,30.0,104.0000000000017
J001335,2023-02-03/SPER,SPER,AMR_18,G15_13,WS_30_20,"[""101025"", ""111307""]",2,10364.349999989425,10731.099999984088,10650.49999998526,10364.349999989425,10529.449999987022,10533.499999986963,10640.399999985408,10640.449999985407,10650.449999985261,10650.49999998526,10727.049999984147,10731.099999984088,18.100000000000122,153.00000000000054,24.90000000000022,0,170.50000000000452,0.25,0,64.00000000000038,96.0000000000002
J001336,2023-02-03/TSGB,TSGB,AMR_12,G17_12,WS_2_20,"[""101018"", ""110141"", ""112287"", ""125639""]",6,10376.949999989241,10721.699999984225,10658.249999985148,10376.949999989241,10587.34999998618,10591.39999998612,10648.149999985295,10648.199999985294,10658.199999985149,10658.249999985148,10717.649999984284,10721.699999984225,18.100000000000122,190.40000000000904,21.000000000000163,0,114.99999999999561,0.25,0,118.00000000000122,100.00000000000156
J001337,2023-02-03/KJSC,KJSC,AMR_34,G14_12,WS_25_20,"[""110419""]",1,10382.249999989164,10978.199999980492,10761.099999983651,10382.249999989164,10620.799999985693,10624.849999985634,10750.999999983798,10751.049999983798,10761.049999983652,10761.099999983651,10974.149999980551,10978.199999980492,18.100000000000122,213.9000000000144,34.45000000000018,0,329.2500000000406,0.25,0,94.0000000000015,132.00000000000074
J001338,2023-02-03/SRPA,SRPA,AMR_24,G8_15,WS_8_20,"[""101307""]",1,10383.599999989145,10489.499999987604,10463.849999987977,10383.599999989145,10420.849999988603,10424.899999988544,10453.749999988124,10453.799999988123,10463.799999987978,10463.849999987977,10485.449999987663,10489.499999987604,18.100000000000122,54.69999999999903,10.450000000000014,0,22.400000000000183,0.25,0,16.0,36.0
J001339,2023-02-03/TSGB,TSGB,AMR_36,G18_9,WS_2_20,"[""110289"", ""110703"", ""111295""]",3,10400.799999988894,10701.499999984519,10637.849999985445,10400.799999988894,10404.849999988835,10408.899999988776,10627.749999985592,10627.799999985591,10637.799999985446,10637.849999985445,10697.449999984578,10701.499999984519,18.100000000000122,113.24999999999571,11.400000000000027,0,157.7000000000016,0.25,0,2.0,120.00000000000205
J001340,2023-02-03/SRPA,SRPA,AMR_23,G6_14,WS_8_20,"[""134680""]",1,10401.249999988888,10689.599999984692,10660.399999985117,10401.249999988888,10596.19999998605,10600.249999985992,10650.299999985264,10650.349999985263,10660.349999985117,10660.399999985117,10685.54999998475,10689.599999984692,18.100000000000122,107.64999999999603,19.150000000000137,0,143.1999999999983,0.25,0,58.000000000000526,44.00000000000004
J001341,2023-02-03/TSGB,TSGB,AMR_06,G14_13,WS_2_20,"[""107130"", ""110254"", ""110417""]",4,10415.449999988681,10981.499999980444,10792.399999983196,10415.449999988681,10596.799999986042,10600.849999985983,10782.299999983343,10782.349999983342,10792.349999983197,10792.399999983196,10977.449999980503,10981.499999980444,18.100000000000122,197.3000000000106,29.700000000000287,0,320.70000000003864,0.25,0,84.00000000000071,96.00000000000023
J001342,2023-02-03/SPER,SPER,AMR_14,G8_5,WS_30_20,"[""101102"", ""120049""]",2,10427.799999988501,10768.79999998354,10574.649999986364,10427.799999988501,10471.14999998787,10475.199999987812,10564.549999986511,10564.59999998651,10574.599999986365,10574.649999986364,10764.749999983598,10768.79999998354,18.100000000000122,200.90000000001143,26.800000000000246,0,94.94999999999675,0.25,0,28.000000000000014,203.99999999999366
J001343,2023-02-03/KJSC,KJSC,AMR_33,G14_14,WS_25_20,"[""107459""]",1,10434.149999988409,10730.749999984093,10650.49999998526,10434.149999988409,10570.549999986424,10574.599999986365,10640.399999985408,10640.449999985407,10650.449999985261,10650.49999998526,10726.699999984152,10730.749999984093,18.100000000000122,106.64999999999608,16.200000000000095,0,155.40000000000109,0.25,0,18.0,84.00000000000023
J001344,2023-02-03/TSGB,TSGB,AMR_16,G9_10,WS_2_20,"[""101281"", ""107168""]",4,10437.649999988358,10589.34999998615,10509.199999987317,10437.649999988358,10457.149999988074,10461.199999988015,10499.099999987464,10499.149999987463,10509.149999987318,10509.199999987317,10585.29999998621,10589.34999998615,18.100000000000122,107.24999999999605,15.300000000000082,0,10.800000000000018,0.25,0,12.0,108.0000000000019
J001345,2023-02-03/SPER,SPER,AMR_29,G3_14,WS_30_20,"[""101163"", ""107439""]",2,10459.599999988039,10671.349999984957,10591.649999986117,10459.599999988039,10474.299999987825,10478.349999987766,10581.549999986264,10581.599999986263,10591.599999986118,10591.649999986117,10667.299999985016,10671.349999984957,18.100000000000122,128.74999999999503,13.400000000000055,0,51.249999999999226,0.25,0,8.0,140.0000000000001
J001346,2023-02-03/SRPA,SRPA,AMR_10,G8_13,WS_8_20,"[""107258""]",1,10463.899999987976,10680.09999998483,10644.449999985349,10463.899999987976,10587.699999986175,10591.749999986116,10634.349999985496,10634.399999985495,10644.39999998535,10644.449999985349,10676.049999984889,10680.09999998483,18.100000000000122,114.09999999999566,19.100000000000136,0,64.64999999999847,0.25,0,66.00000000000054,48.00000000000013
J001347,2023-02-03/TSGB,TSGB,AMR_17,G17_10,WS_2_20,"[""110575"", ""111362"", ""137523""]",4,10492.44999998756,11158.649999977866,11037.049999979636,10492.44999998756,10925.199999981263,10929.249999981204,11026.949999979783,11026.999999979782,11036.999999979636,11037.049999979636,11154.599999977925,11158.649999977866,18.100000000000122,280.80000000002957,38.34999999999996,0,328.70000000004046,0.25,0,187.99999999999886,104.00000000000108
J001348,2023-02-03/SPER,SPER,AMR_07,G15_14,WS_30_20,"[""101134"", ""110502""]",2,10496.899999987496,10748.399999983836,10684.599999984765,10496.899999987496,10496.899999987496,10500.949999987437,10674.499999984911,10674.54999998491,10684.549999984765,10684.599999984765,10744.349999983895,10748.399999983836,18.100000000000122,98.59999999999654,11.450000000000028,0,123.14999999999515,0.2,0,0.0,104.00000000000043
J001349,2023-02-03/KJSC,KJSC,AMR_24,G17_9,WS_25_20,"[""110142""]",1,10497.599999987486,10931.249999981175,10726.949999984148,10497.599999987486,10614.949999985778,10618.99999998572,10716.849999984295,10716.899999984294,10726.899999984149,10726.949999984148,10927.199999981234,10931.249999981175,18.100000000000122,182.40000000000722,29.650000000000286,0,203.25000000001197,0.25,0,66.00000000000077,112.00000000000009
J001350,2023-02-03/SRPA,SRPA,AMR_09,G5_13,WS_8_20,"[""110273""]",1,10499.99999998745,10621.349999985685,10584.499999986221,10499.99999998745,10526.14999998707,10530.199999987011,10574.399999986368,10574.449999986367,10584.449999986222,10584.499999986221,10617.299999985744,10621.349999985685,18.100000000000122,75.79999999999784,15.300000000000082,0,11.900000000000034,0.25,0,17.999999999999964,56.000000000000256
J001351,2023-02-03/TSGB,TSGB,AMR_35,G3_15,WS_2_20,"[""110222"", ""110615"", ""112231""]",3,10509.249999987316,10566.399999986485,10542.349999986835,10509.249999987316,10509.249999987316,10513.299999987257,10532.249999986981,10532.29999998698,10542.299999986835,10542.349999986835,10562.349999986543,10566.399999986485,18.100000000000122,31.500000000000313,5.699999999999988,0,1.6500000000000008,0.2,0,0.0,31.99999999999997
J001352,2023-02-03/TMBM,TMBM,AMR_26,G15_9,WS_19_20,"[""101276""]",1,10522.649999987121,10727.599999984139,10673.099999984932,10522.649999987121,10522.649999987121,10526.699999987062,10662.999999985079,10663.049999985078,10673.049999984933,10673.099999984932,10723.549999984198,10727.599999984139,18.100000000000122,75.64999999999785,11.500000000000028,0,99.49999999999649,0.2,0,0.0,76.00000000000045
J001353,2023-02-03/TSGB,TSGB,AMR_40,G9_8,WS_2_20,"[""110370"", ""127717""]",3,10542.399999986834,10668.049999985005,10620.94999998569,10542.399999986834,10545.249999986792,10549.299999986733,10610.849999985838,10610.899999985837,10620.899999985691,10620.94999998569,10663.999999985064,10668.049999985005,18.100000000000122,80.64999999999756,7.599999999999981,0,19.050000000000136,0.25,0,2.0,88.00000000000125
J001354,2023-02-03/KJSC,KJSC,AMR_22,G17_7,WS_25_20,"[""101189""]",1,10564.64999998651,10844.649999982435,10694.949999984614,10564.64999998651,10620.749999985694,10624.799999985635,10684.84999998476,10684.89999998476,10694.899999984615,10694.949999984614,10840.599999982494,10844.649999982435,18.100000000000122,136.24999999999673,18.150000000000123,0,107.24999999999605,0.25,0,44.00000000000022,104.00000000000091
J001355,2023-02-03/SRPA,SRPA,AMR_35,G2_15,WS_8_20,"[""107144""]",1,10568.399999986455,10663.449999985072,10628.49999998558,10568.399999986455,10572.599999986394,10576.649999986335,10618.399999985728,10618.449999985727,10628.449999985582,10628.49999998558,10659.399999985131,10663.449999985072,18.100000000000122,52.649999999999146,7.599999999999981,0,16.4500000000001,0.25,0,2.0,52.000000000000185
J001356,2023-02-03/SPER,SPER,AMR_30,G11_10,WS_30_20,"[""101022"", ""101147"", ""110347""]",3,10574.699999986364,10760.099999983666,10667.549999985013,10574.699999986364,10574.699999986364,10578.749999986305,10657.44999998516,10657.499999985159,10667.499999985013,10667.549999985013,10756.049999983725,10760.099999983666,18.100000000000122,115.99999999999555,9.5,0,41.599999999999774,0.2,0,0.0,128.00000000000026
J001357,2023-02-03/KJSC,KJSC,AMR_05,G14_8,WS_25_20,"[""101291""]",1,10580.699999986276,10757.849999983699,10672.59999998494,10580.699999986276,10584.699999986218,10588.74999998616,10662.499999985086,10662.549999985085,10672.54999998494,10672.59999998494,10753.799999983758,10757.849999983699,18.100000000000122,103.84999999999624,11.400000000000027,0,43.54999999999966,0.25,0,2.0,108.0000000000004
J001358,2023-02-03/SRPA,SRPA,AMR_03,G20_10,WS_8_20,"[""110461"", ""125463""]",3,10584.54999998622,10988.299999980345,10769.999999983522,10584.54999998622,10673.999999984919,10678.04999998486,10759.899999983669,10759.949999983668,10769.949999983523,10769.999999983522,10984.249999980404,10988.299999980345,18.100000000000122,156.3000000000013,19.100000000000136,0,210.0000000000135,0.25,0,34.0,124.00000000000122
J001359,2023-02-03/SPER,SPER,AMR_21,G3_10,WS_30_20,"[""110153"", ""110201""]",2,10591.699999986116,10826.799999982695,10718.749999984268,10591.699999986116,10595.699999986058,10599.749999986,10708.649999984415,10708.699999984414,10718.699999984268,10718.749999984268,10822.749999982754,10826.799999982695,18.100000000000122,166.60000000000363,13.300000000000054,0,36.850000000000044,0.25,0,2.0,203.99999999999517
J001360,2023-02-03/SPER,SPER,AMR_20,G26_15,WS_30_20,"[""112229""]",1,10608.749999985868,10767.39999998356,10735.74999998402,10608.749999985868,10677.699999984865,10681.749999984806,10725.649999984167,10725.699999984166,10735.69999998402,10735.74999998402,10763.349999983619,10767.39999998356,18.100000000000122,75.14999999999787,16.250000000000096,0,48.89999999999936,0.25,0,26.0,44.00000000000003
J001361,2023-02-03/SRPA,SRPA,AMR_16,G8_12,WS_8_20,"[""101096""]",1,10612.74999998581,10741.149999983942,10692.299999984652,10612.74999998581,10624.649999985637,10628.699999985578,10682.1999999848,10682.249999984799,10692.249999984653,10692.299999984652,10737.099999984,10741.149999983942,18.100000000000122,72.74999999999801,12.400000000000041,0,24.90000000000022,0.25,0,6.0,64.00000000000045
J001362,2023-02-03/TSGB,TSGB,AMR_28,G18_13,WS_2_20,"[""110597"", ""113197"", ""132279""]",3,10620.99999998569,10826.599999982698,10724.349999984186,10620.99999998569,10623.899999985648,10627.949999985589,10714.249999984333,10714.299999984332,10724.299999984187,10724.349999984186,10822.549999982757,10826.599999982698,18.100000000000122,98.59999999999654,7.599999999999981,0,81.04999999999754,0.25,0,2.0,104.00000000000102
J001363,2023-02-03/SRPA,SRPA,AMR_19,G23_13,WS_8_20,"[""101179"", ""111371""]",2,10628.54999998558,10971.149999980595,10824.999999982721,10628.54999998558,10747.599999983848,10751.649999983789,10814.899999982868,10814.949999982868,10824.949999982722,10824.999999982721,10967.099999980654,10971.149999980595,18.100000000000122,159.05000000000192,18.150000000000123,0,147.0499999999992,0.25,0,62.000000000000355,96.00000000000031
J001364,2023-02-03/SPER,SPER,AMR_37,G24_15,WS_30_20,"[""117030""]",1,10633.599999985507,10781.199999983359,10752.799999983772,10633.599999985507,10654.799999985198,10658.84999998514,10742.699999983919,10742.749999983918,10752.749999983773,10752.799999983772,10777.149999983418,10781.199999983359,18.100000000000122,69.3499999999982,10.500000000000014,0,49.39999999999933,0.25,0,18.0,52.00000000000003
J001365,2023-02-03/KJSC,KJSC,AMR_27,G18_14,WS_25_20,"[""110306""]",1,10634.499999985494,10776.24999998343,10710.99999998438,10634.499999985494,10634.499999985494,10638.549999985435,10700.899999984527,10700.949999984527,10710.949999984381,10710.99999998438,10772.19999998349,10776.24999998343,18.100000000000122,63.84999999999851,9.55,0,50.049999999999294,0.2,0,0.0,60.00000000000004
J001366,2023-02-03/TSGB,TSGB,AMR_08,G12_10,WS_2_20,"[""101060"", ""110582""]",3,10637.899999985444,10815.399999982861,10741.24999998394,10637.899999985444,10657.549999985158,10661.5999999851,10731.149999984087,10731.199999984086,10741.19999998394,10741.24999998394,10811.34999998292,10815.399999982861,18.100000000000122,93.09999999999685,14.300000000000068,0,51.7499999999992,0.25,0,12.0,84.00000000000088
J001367,2023-02-03/SRPA,SRPA,AMR_04,G2_14,WS_8_20,"[""124994""]",1,10644.499999985348,10765.849999983582,10721.099999984233,10644.499999985348,10661.749999985097,10665.799999985038,10710.99999998438,10711.04999998438,10721.049999984234,10721.099999984233,10761.799999983641,10765.849999983582,18.100000000000122,75.64999999999785,15.300000000000082,0,12.050000000000036,0.25,0,12.0,64.00000000000018
J001368,2023-02-03/SPER,SPER,AMR_01,G23_14,WS_30_20,"[""107153""]",1,10650.54999998526,10834.999999982576,10769.849999983524,10650.54999998526,10703.149999984495,10707.199999984436,10759.749999983671,10759.79999998367,10769.799999983525,10769.849999983524,10830.949999982635,10834.999999982576,18.100000000000122,111.89999999999579,15.300000000000082,0,38.89999999999993,0.25,0,58.00000000000084,68.00000000000014
J001369,2023-02-03/KJSC,KJSC,AMR_09,G12_7,WS_25_20,"[""110500""]",1,10650.54999998526,11147.849999978023,11006.449999980081,10650.54999998526,10726.19999998416,10730.2499999841,10996.349999980228,10996.399999980227,11006.399999980082,11006.449999980081,11143.799999978082,11147.849999978023,18.100000000000122,199.60000000001114,30.750000000000302,0,248.60000000002228,0.25,0,70.00000000000094,147.99999999999926
J001370,2023-02-03/TSGB,TSGB,AMR_15,G12_8,WS_2_20,"[""101203"", ""101244"", ""107255""]",4,10658.299999985147,10823.599999982742,10758.299999983692,10658.299999985147,10658.299999985147,10662.349999985088,10748.199999983839,10748.249999983838,10758.249999983693,10758.299999983692,10819.5499999828,10823.599999982742,18.100000000000122,104.79999999999619,9.55,0,32.65000000000028,0.2,0,0.0,120.0000000000023
J001371,2023-02-03/PUJA,PUJA,AMR_02,G15_12,WS_13_20,"[""110465""]",1,10659.849999985125,10877.499999981957,10718.949999984265,10659.849999985125,10659.849999985125,10663.899999985066,10708.849999984412,10708.89999998441,10718.899999984265,10718.949999984265,10873.449999982016,10877.499999981957,18.100000000000122,60.599999999998694,13.450000000000056,0,125.29999999999502,0.2,0,0.0,60.000000000000384
J001372,2023-02-03/SRPA,SRPA,AMR_11,G5_12,WS_8_20,"[""138388""]",1,10660.449999985116,10781.79999998335,10748.199999983839,10660.449999985116,10693.749999984631,10697.799999984572,10738.099999983986,10738.149999983985,10748.14999998384,10748.199999983839,10777.749999983409,10781.79999998335,18.100000000000122,86.74999999999721,13.350000000000055,0,2.8999999999999977,0.25,0,32.00000000000003,60.00000000000031
J001373,2023-02-03/SPER,SPER,AMR_35,G24_12,WS_30_20,"[""118539""]",1,10667.599999985012,10886.149999981832,10851.099999982342,10667.599999985012,10767.949999983552,10771.999999983493,10840.999999982489,10841.049999982488,10851.049999982342,10851.099999982342,10882.09999998189,10886.149999981832,18.100000000000122,112.99999999999572,16.250000000000096,0,70.94999999999811,0.25,0,58.00000000000027,68.00000000000031
J001374,2023-02-03/KJSC,KJSC,AMR_40,G17_8,WS_25_20,"[""110401""]",1,10672.649999984938,10914.299999981422,10830.54999998264,10672.649999984938,10747.199999983854,10751.249999983795,10820.449999982788,10820.499999982787,10830.499999982641,10830.54999998264,10910.24999998148,10914.299999981422,18.100000000000122,149.54999999999976,21.100000000000165,0,52.649999999999146,0.25,0,52.00000000000018,120.00000000000117
J001375,2023-02-03/TMTM,TMTM,AMR_29,G15_15,WS_19_20,"[""101290"", ""111376"", ""123094"", ""124702"", ""134029""]",5,10673.149999984931,10912.99999998144,10886.99999998182,10673.149999984931,10770.549999983514,10774.599999983455,10876.899999981966,10876.949999981965,10886.94999998182,10886.99999998182,10908.9499999815,10912.99999998144,18.100000000000122,82.39999999999746,12.450000000000042,0,126.64999999999495,0.25,0,30.0,44.00000000000006
J001376,2023-02-03/TMTM,TMTM,AMR_10,G21_14,WS_19_20,"[""110533"", ""112009"", ""112286"", ""115794""]",5,10680.14999998483,11105.599999978638,11008.249999980055,10680.14999998483,10957.0999999808,10961.14999998074,10998.149999980202,10998.199999980201,11008.199999980056,11008.249999980055,11101.549999978697,11105.599999978638,18.100000000000122,161.1500000000024,28.750000000000274,0,217.20000000001514,0.25,0,112.00000000000162,48.00000000000004
J001377,2023-02-03/TMTM,TMTM,AMR_23,G8_14,WS_19_20,"[""101084"", ""112275"", ""118513"", ""135096""]",4,10689.649999984691,10944.949999980976,10870.049999982066,10689.649999984691,10732.449999984068,10736.49999998401,10859.949999982213,10859.999999982212,10869.999999982067,10870.049999982066,10940.899999981035,10944.949999980976,18.100000000000122,91.79999999999693,11.500000000000028,0,133.64999999999614,0.25,0,4.0,84.00000000000057
J001378,2023-02-03/TMTM,TMTM,AMR_32,G20_6,WS_19_20,"[""110492"", ""111362"", ""121875"", ""124008""]",4,10694.849999984615,10837.199999982544,10787.549999983266,10694.849999984615,10717.14999998429,10721.199999984232,10777.449999983413,10777.499999983413,10787.499999983267,10787.549999983266,10833.149999982603,10837.199999982544,18.100000000000122,81.49999999999751,13.400000000000055,0,29.10000000000028,0.25,0,10.0,72.0000000000006
J001379,2023-02-03/SRPA,SRPA,AMR_36,G3_13,WS_8_20,"[""101151""]",1,10701.549999984518,10993.649999980267,10954.649999980835,10701.549999984518,10873.299999982019,10877.34999998196,10944.549999980982,10944.599999980981,10954.599999980835,10954.649999980835,10989.599999980326,10993.649999980267,18.100000000000122,128.649999999995,21.100000000000165,0,123.9999999999951,0.25,0,66.00000000000075,56.000000000000256
J001380,2023-02-03/TMTM,TMTM,AMR_13,G17_6,WS_19_20,"[""110557"", ""112335"", ""112450""]",3,10707.949999984425,11000.649999980165,10903.899999981573,10707.949999984425,10790.399999983225,10794.449999983166,10893.79999998172,10893.84999998172,10903.849999981574,10903.899999981573,10996.599999980224,11000.649999980165,18.100000000000122,154.65000000000092,22.95000000000019,0,96.74999999999665,0.25,0,66.00000000000088,96.00000000000065
J001381,2023-02-03/SPER,SPER,AMR_39,G20_14,WS_30_20,"[""107329""]",1,10709.749999984399,10845.299999982426,10798.049999983114,10709.749999984399,10730.399999984098,10734.44999998404,10787.94999998326,10787.99999998326,10797.999999983114,10798.049999983114,10841.249999982485,10845.299999982426,18.100000000000122,89.74999999999704,15.300000000000082,0,12.150000000000038,0.25,0,16.0,80.00000000000009
J001382,2023-02-03/KJSC,KJSC,AMR_12,G11_5,WS_25_20,"[""101296""]",1,10721.749999984224,10968.849999980628,10853.199999982311,10721.749999984224,10755.299999983736,10759.349999983677,10843.099999982458,10843.149999982457,10853.149999982312,10853.199999982311,10964.799999980687,10968.849999980628,18.100000000000122,162.30000000000265,20.00000000000015,0,46.4499999999995,0.25,0,30.00000000000003,155.99999999999903
J001383,2023-02-03/SRPA,SRPA,AMR_26,G2_13,WS_8_20,"[""107105""]",1,10727.649999984138,10958.599999980777,10922.549999981302,10727.649999984138,10834.899999982577,10838.949999982518,10912.449999981449,10912.499999981448,10922.499999981303,10922.549999981302,10954.549999980836,10958.599999980777,18.100000000000122,128.29999999999492,19.150000000000137,0,65.14999999999844,0.25,0,70.00000000000107,68.00000000000044
J001384,2023-02-03/KJSC,KJSC,AMR_33,G8_7,WS_25_20,"[""134683""]",1,10730.799999984092,11051.799999979421,10910.199999981482,10730.799999984092,10775.949999983435,10779.999999983376,10900.099999981629,10900.149999981628,10910.149999981482,10910.199999981482,11047.74999997948,11051.799999979421,18.100000000000122,174.30000000000538,21.050000000000164,0,107.29999999999605,0.25,0,30.000000000000043,159.99999999999736
J001385,2023-02-03/TSGB,TSGB,AMR_18,G15_13,WS_2_20,"[""110262"", ""111307"", ""112045"", ""112324"", ""136998""]",6,10731.149999984087,11066.749999979203,10985.449999980387,10731.149999984087,10731.149999984087,10735.199999984028,10975.349999980534,10975.399999980533,10985.399999980387,10985.449999980387,11062.699999979262,11066.749999979203,18.100000000000122,91.69999999999693,9.55,0,216.05000000001488,0.2,0,0.0,92.00000000000102
J001386,2023-02-03/SPER,SPER,AMR_16,G17_15,WS_30_20,"[""112279""]",1,10741.19999998394,10982.44999998043,10927.799999981225,10741.19999998394,10851.349999982338,10855.399999982279,10917.699999981372,10917.749999981372,10927.749999981226,10927.799999981225,10978.39999998049,10982.44999998043,18.100000000000122,117.69999999999546,15.250000000000082,0,89.94999999999703,0.25,0,36.00000000000003,80.00000000000001
J001387,2023-02-03/SRPA,SRPA,AMR_07,G2_12,WS_8_20,"[""126345""]",1,10748.449999983835,10992.249999980288,10938.699999981067,10748.449999983835,10865.69999998213,10869.74999998207,10928.599999981214,10928.649999981213,10938.649999981068,10938.699999981067,10988.199999980347,10992.249999980288,18.100000000000122,136.5999999999968,19.100000000000136,0,69.74999999999818,0.25,0,78.00000000000156,72.00000000000055
J001388,2023-02-03/SPER,SPER,AMR_05,G18_9,WS_30_20,"[""111295""]",1,10757.899999983698,11085.249999978934,11031.549999979716,10757.899999983698,10962.399999980722,10966.449999980663,11021.449999979863,11021.499999979862,11031.499999979716,11031.549999979716,11081.199999978993,11085.249999978934,18.100000000000122,132.24999999999582,24.90000000000022,0,151.85000000000028,0.25,0,34.0,100.00000000000043
J001389,2023-02-03/TSGB,TSGB,AMR_30,G15_14,WS_2_20,"[""101296"", ""110502"", ""110531"", ""112010""]",6,10760.149999983665,11027.999999979767,10968.549999980632,10760.149999983665,10890.699999981765,10894.749999981706,10958.44999998078,10958.499999980779,10968.499999980633,10968.549999980632,11023.949999979826,11027.999999979767,18.100000000000122,135.29999999999652,18.200000000000124,0,95.99999999999669,0.25,0,48.0000000000003,88.00000000000102
J001390,2023-02-03/KJSC,KJSC,AMR_04,G2_14,WS_25_20,"[""110548""]",1,10765.899999983581,11195.199999977334,10932.449999981158,10765.899999983581,10765.899999983581,10769.949999983523,10922.349999981305,10922.399999981304,10932.399999981159,10932.449999981158,11191.149999977393,11195.199999977334,18.100000000000122,178.25000000000628,19.150000000000137,0,213.60000000001432,0.2,0,0.0,187.99999999999363
J001391,2023-02-03/TMTM,TMTM,AMR_20,G11_10,WS_19_20,"[""101022"", ""101147"", ""101305"", ""110313"", ""110357""]",5,10767.449999983559,11463.49999997343,11203.649999977211,10767.449999983559,11097.849999978751,11101.899999978692,11193.549999977358,11193.599999977358,11203.599999977212,11203.649999977211,11459.449999973489,11463.49999997343,18.100000000000122,230.00000000001805,30.5000000000003,0,417.2000000000606,0.25,0,116.00000000000108,128.00000000000156
J001392,2023-02-03/SRPA,SRPA,AMR_14,G5_10,WS_8_20,"[""112269""]",1,10768.849999983539,10915.899999981399,10879.099999981934,10768.849999983539,10793.999999983173,10798.049999983114,10868.999999982081,10869.04999998208,10879.049999981935,10879.099999981934,10911.849999981458,10915.899999981399,18.100000000000122,82.64999999999745,15.300000000000082,0,30.750000000000302,0.25,0,20.00000000000003,64.00000000000054
J001393,2023-02-03/SPER,SPER,AMR_27,G14_14,WS_30_20,"[""121833""]",1,10776.29999998343,11180.899999977542,11089.349999978875,10776.29999998343,10844.34999998244,10848.39999998238,11079.249999979022,11079.29999997902,11089.299999978875,11089.349999978875,11176.849999977601,11180.899999977542,18.100000000000122,133.8999999999962,21.000000000000163,0,231.35000000001835,0.25,0,36.000000000000014,104.00000000000017
J001394,2023-02-03/TSGB,TSGB,AMR_37,G15_9,WS_2_20,"[""107457"", ""110501"", ""112036""]",4,10781.249999983358,11103.749999978665,11002.499999980138,10781.249999983358,10856.549999982262,10860.599999982203,10992.399999980285,10992.449999980285,11002.44999998014,11002.499999980138,11099.699999978724,11103.749999978665,18.100000000000122,174.65000000000546,20.00000000000015,0,109.49999999999592,0.25,0,58.00000000000057,132.00000000000165
J001395,2023-02-03/SRPA,SRPA,AMR_11,G11_9,WS_8_20,"[""101109""]",1,10781.84999998335,11186.999999977454,11135.549999978202,10781.84999998335,11033.399999979689,11037.44999997963,11125.44999997835,11125.499999978349,11135.499999978203,11135.549999978202,11182.949999977513,11186.999999977454,18.100000000000122,167.95000000000394,24.850000000000218,0,194.00000000000986,0.25,0,106.00000000000207,64.00000000000045
J001396,2023-02-03/SS14,SS14,AMR_25,G3_15,WS_13_20,"[""110255"", ""110305"", ""110615"", ""112231"", ""112392"", ""127627""]",6,10805.549999983004,11076.54999997906,11018.799999979901,10805.549999983004,10949.44999998091,10953.499999980851,11008.699999980048,11008.749999980048,11018.749999979902,11018.799999979901,11072.49999997912,11076.54999997906,18.100000000000122,126.24999999999497,12.400000000000041,0,113.99999999999567,0.25,0,60.0000000000003,68.00000000000055
J001397,2023-02-03/SS14,SS14,AMR_08,G12_2,WS_13_20,"[""101330"", ""110185"", ""110475"", ""110595"", ""121833""]",6,10815.44999998286,11280.69999997609,11155.69999997791,10815.44999998286,10840.1999999825,10844.249999982441,11145.599999978056,11145.649999978055,11155.64999997791,11155.69999997791,11276.649999976149,11280.69999997609,18.100000000000122,174.8500000000055,21.050000000000164,0,251.00000000002282,0.25,0,20.0,163.9999999999991
J001398,2023-02-03/SS14,SS14,AMR_15,G18_14,WS_13_20,"[""110306"", ""112059"", ""112374"", ""112394""]",4,10823.649999982741,11131.699999978258,11066.599999979206,10823.649999982741,10940.199999981045,10944.249999980986,11056.499999979353,11056.549999979352,11066.549999979206,11066.599999979206,11127.649999978317,11131.699999978258,18.100000000000122,142.54999999999816,24.90000000000022,0,122.2499999999952,0.25,0,80.00000000000094,60.000000000000156
J001399,2023-02-03/SS14,SS14,AMR_28,G14_10,WS_13_20,"[""107293"", ""110317"", ""121875"", ""122632""]",4,10826.649999982697,10997.349999980213,10953.299999980854,10826.649999982697,10855.29999998228,10859.349999982222,10943.199999981001,10943.249999981,10953.249999980855,10953.299999980854,10993.299999980272,10997.349999980213,18.100000000000122,91.44999999999695,15.250000000000082,0,45.649999999999544,0.25,0,18.0,68.0000000000002
J001400,2023-02-03/SPER,SPER,AMR_21,G15_8,WS_30_20,"[""112451""]",1,10826.849999982694,11099.099999978733,10992.849999980279,10826.849999982694,10884.049999981862,10888.099999981803,10982.749999980426,10982.799999980425,10992.79999998028,10992.849999980279,11095.049999978792,11099.099999978733,18.100000000000122,170.60000000000454,21.000000000000163,0,62.2999999999986,0.25,0,64.000000000001,136.0000000000008
J001401,2023-02-03/TSGB,TSGB,AMR_01,G20_12,WS_2_20,"[""101097"", ""107428"", ""112379""]",4,10835.049999982575,11222.099999976943,11129.849999978285,10835.049999982575,10879.549999981928,10883.599999981869,11119.749999978432,11119.799999978432,11129.799999978286,11129.849999978285,11218.049999977002,11222.099999976943,18.100000000000122,140.64999999999773,19.100000000000136,0,208.95000000001326,0.25,0,14.0,124.00000000000145
J001402,2023-02-03/SS14,SS14,AMR_32,G11_7,WS_13_20,"[""101066"", ""107266"", ""110397"", ""111271""]",4,10837.249999982543,11167.599999977736,10970.599999980603,10837.249999982543,10876.099999981978,10880.149999981919,10960.49999998075,10960.549999980749,10970.549999980603,10970.599999980603,11163.549999977795,11167.599999977736,18.100000000000122,128.69999999999501,21.050000000000164,0,162.25000000000264,0.25,0,36.000000000000014,92.00000000000068
J001403,2023-02-03/TMTM,TMTM,AMR_22,G3_14,WS_19_20,"[""107301"", ""112040"", ""115355""]",4,10844.699999982435,11420.299999974059,11048.799999979465,10844.699999982435,10954.849999980832,10958.899999980773,11038.699999979612,11038.749999979611,11048.749999979465,11048.799999979465,11416.249999974118,11420.299999974059,18.100000000000122,188.9500000000087,24.90000000000022,0,343.4000000000438,0.25,0,70.0000000000011,120.0000000000007
J001404,2023-02-03/SRPA,SRPA,AMR_39,G15_10,WS_8_20,"[""107159""]",1,10845.349999982425,11308.749999975682,11151.54999997797,10845.349999982425,10959.79999998076,10963.8499999807,11141.449999978116,11141.499999978116,11151.49999997797,11151.54999997797,11304.69999997574,11308.749999975682,18.100000000000122,198.50000000001089,29.750000000000288,0,216.80000000001505,0.25,0,98.00000000000199,108.00000000000068
J001405,2023-02-03/SPER,SPER,AMR_38,G14_9,WS_30_20,"[""101149""]",1,10868.699999982086,11568.049999971909,11243.399999976633,10868.699999982086,11101.949999978691,11105.999999978632,11233.29999997678,11233.34999997678,11243.349999976634,11243.399999976633,11563.999999971968,11568.049999971909,18.100000000000122,220.40000000001586,27.70000000000026,0,432.90000000006415,0.25,0,76.00000000000037,155.99999999999875
J001406,2023-02-03/TSGB,TSGB,AMR_02,G15_12,WS_2_20,"[""101207"", ""110143"", ""124478""]",3,10877.549999981957,11154.499999977927,11019.54999997989,10877.549999981957,10877.549999981957,10881.599999981898,11009.449999980037,11009.499999980037,11019.499999979891,11019.54999997989,11150.449999977985,11154.499999977927,18.100000000000122,95.7499999999967,8.599999999999987,0,154.30000000000084,0.2,0,0.0,96.00000000000088
J001407,2023-02-03/SS14,SS14,AMR_35,G14_15,WS_13_20,"[""107120"", ""111249"", ""133300""]",3,10886.19999998183,11166.249999977756,11138.349999978162,10886.19999998183,11084.349999978947,11088.399999978888,11128.249999978309,11128.299999978308,11138.299999978162,11138.349999978162,11162.199999977815,11166.249999977756,18.100000000000122,115.0999999999956,20.05000000000015,0,126.54999999999495,0.25,0,70.0000000000001,32.0
J001408,2023-02-03/TMTM,TMTM,AMR_29,G23_14,WS_19_20,"[""107314"", ""115580""]",2,10913.04999998144,11090.39999997886,11025.599999979802,10913.04999998144,10971.349999980592,10975.399999980533,11015.49999997995,11015.549999979949,11025.549999979803,11025.599999979802,11086.349999978918,11090.39999997886,18.100000000000122,75.89999999999783,16.250000000000096,0,66.84999999999835,0.25,0,22.0,44.00000000000004
J001409,2023-02-03/TMTM,TMTM,AMR_40,G21_13,WS_19_20,"[""120049"", ""214618""]",2,10914.349999981421,11133.749999978229,11092.499999978829,10914.349999981421,11025.649999979802,11029.699999979743,11082.399999978976,11082.449999978975,11092.44999997883,11092.499999978829,11129.699999978287,11133.749999978229,18.100000000000122,98.84999999999653,17.25000000000011,0,84.94999999999732,0.25,0,54.00000000000077,48.00000000000006
J001410,2023-02-03/SRPA,SRPA,AMR_14,G12_8,WS_8_20,"[""107294""]",1,10915.949999981398,11087.449999978902,10997.299999980214,10915.949999981398,10944.449999980983,10948.499999980924,10987.199999980361,10987.24999998036,10997.249999980215,10997.299999980214,11083.399999978961,11087.449999978902,18.100000000000122,98.09999999999657,13.350000000000055,0,41.69999999999977,0.25,0,26.0,80.00000000000068
J001411,2023-02-03/SPER,SPER,AMR_24,G17_9,WS_30_20,"[""101185""]",1,10931.299999981175,11130.89999997827,11060.699999979292,10931.299999981175,10931.299999981175,10935.349999981116,11050.599999979439,11050.649999979438,11060.649999979292,11060.699999979292,11126.849999978329,11130.89999997827,18.100000000000122,125.54999999999501,15.250000000000082,0,40.49999999999984,0.2,0,0.0,144.0000000000006
J001412,2023-02-03/SRPA,SRPA,AMR_23,G18_12,WS_8_20,"[""110253""]",1,10944.999999980975,11289.749999975958,11167.399999977739,10944.999999980975,11020.049999979883,11024.099999979824,11157.299999977886,11157.349999977885,11167.34999997774,11167.399999977739,11285.699999976017,11289.749999975958,18.100000000000122,145.54999999999885,22.10000000000018,0,158.75000000000185,0.25,0,44.00000000000023,108.00000000000088
J001413,2023-02-03/KJSC,KJSC,AMR_26,G2_13,WS_25_20,"[""110378""]",1,10958.649999980777,11856.59999996771,11456.199999973536,10958.649999980777,10958.649999980777,10962.699999980718,11446.099999973683,11446.149999973682,11456.149999973537,11456.199999973536,11852.549999967769,11856.59999996771,18.100000000000122,246.5000000000218,47.94999999999941,0,585.2000000000155,0.2,0,0.0,251.99999999999477
J001414,2023-02-03/SRPA,SRPA,AMR_12,G20_13,WS_8_20,"[""138350""]",1,10968.899999980627,11854.999999967733,11668.499999970447,10968.899999980627,11202.849999977223,11206.899999977164,11658.399999970594,11658.449999970593,11668.449999970448,11668.499999970447,11850.949999967792,11854.999999967733,18.100000000000122,317.20000000003785,38.249999999999964,0,512.3000000000818,0.25,0,154.0000000000015,179.999999999999
J001415,2023-02-03/KJSC,KJSC,AMR_19,G23_13,WS_25_20,"[""111371""]",1,10971.199999980594,11057.599999979337,11027.349999979777,10971.199999980594,10971.199999980594,10975.249999980535,11017.249999979924,11017.299999979923,11027.299999979778,11027.349999979777,11053.549999979396,11057.599999979337,18.100000000000122,49.74999999999931,9.55,0,8.79999999999999,0.2,0,0.0,52.00000000000021
J001416,2023-02-03/SS14,SS14,AMR_31,G15_15,WS_13_20,"[""123094"", ""124702"", ""134029""]",3,10972.599999980574,11451.299999973608,11420.84999997405,10972.599999980574,11256.349999976444,11260.399999976386,11410.749999974198,11410.799999974197,11420.799999974051,11420.84999997405,11447.249999973666,11451.299999973608,18.100000000000122,144.59999999999863,22.000000000000178,0,293.7500000000325,0.25,0,106.00000000000114,32.0
J001417,2023-02-03/TSGB,TSGB,AMR_34,G17_8,WS_2_20,"[""107131"", ""107327"", ""112361""]",3,10978.249999980491,11404.549999974288,11109.54999997858,10978.249999980491,11003.04999998013,11007.099999980072,11099.449999978728,11099.499999978727,11109.499999978581,11109.54999997858,11400.499999974347,11404.549999974288,18.100000000000122,162.1000000000026,22.90000000000019,0,222.95000000001644,0.25,0,14.0,144.00000000000014
J001418,2023-02-03/TMTM,TMTM,AMR_06,G11_5,WS_19_20,"[""101296"", ""110185"", ""112010""]",5,10981.549999980443,11556.24999997208,11180.699999977545,10981.549999980443,11060.84999997929,11064.89999997923,11170.599999977692,11170.649999977692,11180.649999977546,11180.699999977545,11552.19999997214,11556.24999997208,18.100000000000122,184.60000000000773,34.60000000000017,0,337.1500000000424,0.25,0,34.00000000000003,163.99999999999943
J001419,2023-02-03/SPER,SPER,AMR_16,G15_7,WS_30_20,"[""122980""]",1,10982.49999998043,11266.399999976298,11152.94999997795,10982.49999998043,11067.299999979195,11071.349999979137,11142.849999978096,11142.899999978095,11152.89999997795,11152.94999997795,11262.349999976357,11266.399999976298,18.100000000000122,157.6000000000016,20.05000000000015,0,87.89999999999715,0.25,0,20.00000000000003,167.9999999999971
J001420,2023-02-03/SRPA,SRPA,AMR_03,G21_15,WS_8_20,"[""112357""]",1,10988.349999980344,11604.649999971376,11229.449999976836,10988.349999980344,11009.599999980035,11013.649999979976,11219.349999976983,11219.399999976982,11229.399999976837,11229.449999976836,11600.599999971435,11604.649999971376,18.100000000000122,129.9499999999953,20.00000000000015,0,448.0000000000676,0.25,0,16.0,104.0000000000006
J001421,2023-02-03/SS14,SS14,AMR_07,G17_14,WS_13_20,"[""110227"", ""110504"", ""123310""]",3,10992.299999980287,11491.69999997302,11200.849999977252,10992.299999980287,11159.249999977857,11163.299999977799,11190.749999977399,11190.799999977398,11200.799999977253,11200.849999977252,11487.649999973079,11491.69999997302,18.100000000000122,152.30000000000038,30.7000000000003,0,298.0500000000335,0.25,0,50.00000000000004,88.0000000000004
J001422,2023-02-03/KJSC,KJSC,AMR_36,G3_13,WS_25_20,"[""101151""]",2,10993.699999980267,11430.799999973906,11130.399999978277,10993.699999980267,10993.699999980267,10997.749999980208,11120.299999978424,11120.349999978424,11130.349999978278,11130.399999978277,11426.749999973965,11430.799999973906,18.100000000000122,192.8500000000096,26.750000000000245,0,199.20000000001104,0.2,0,0.0,187.99999999999625
J001423,2023-02-03/TSGB,TSGB,AMR_28,G20_10,WS_2_20,"[""110329"", ""112329"", ""125463""]",4,10997.399999980213,11236.399999976735,11090.649999978856,10997.399999980213,11016.249999979938,11020.29999997988,11080.549999979003,11080.599999979002,11090.599999978856,11090.649999978856,11232.349999976794,11236.399999976735,18.100000000000122,127.4999999999949,14.300000000000068,0,78.84999999999766,0.25,0,16.0,120.00000000000148
J001424,2023-02-03/SPER,SPER,AMR_13,G14_13,WS_30_20,"[""111228""]",1,11000.699999980165,11506.449999972805,11209.24999997713,11000.699999980165,11031.549999979716,11035.599999979657,11199.149999977277,11199.199999977276,11209.19999997713,11209.24999997713,11502.399999972864,11506.449999972805,18.100000000000122,127.94999999999487,15.300000000000082,0,344.150000000044,0.25,0,24.0,108.00000000000026
J001425,2023-02-03/KJSC,KJSC,AMR_30,G15_14,WS_25_20,"[""101134""]",1,11028.049999979767,11192.74999997737,11114.549999978508,11028.049999979767,11028.049999979767,11032.099999979708,11104.449999978655,11104.499999978654,11114.499999978509,11114.549999978508,11188.699999977429,11192.74999997737,18.100000000000122,64.1999999999985,9.55,0,72.64999999999802,0.2,0,0.0,72.00000000000011
J001426,2023-02-03/TMTM,TMTM,AMR_33,G20_8,WS_19_20,"[""131642"", ""131980""]",2,11051.84999997942,11221.199999976956,11163.749999977792,11051.84999997942,11104.899999978648,11108.94999997859,11153.649999977939,11153.699999977938,11163.699999977793,11163.749999977792,11217.149999977015,11221.199999976956,18.100000000000122,108.79999999999596,15.300000000000082,0,26.900000000000247,0.25,0,58.00000000000044,64.0000000000006
J001427,2023-02-03/TSGB,TSGB,AMR_19,G23_13,WS_2_20,"[""101179"", ""111371"", ""131140""]",4,11057.649999979336,11490.24999997304,11296.199999975865,11057.649999979336,11057.649999979336,11061.699999979277,11286.099999976012,11286.14999997601,11296.149999975865,11296.199999975865,11486.1999999731,11490.24999997304,18.100000000000122,121.14999999999526,13.350000000000055,0,279.80000000002934,0.2,0,0.0,128.0000000000017
J001428,2023-02-03/SS14,SS14,AMR_18,G17_15,WS_13_20,"[""101014"", ""110283"", ""110596"", ""112279""]",4,11066.799999979203,11165.049999977773,11121.24999997841,11066.799999979203,11081.499999978989,11085.54999997893,11111.149999978557,11111.199999978557,11121.199999978411,11121.24999997841,11160.999999977832,11165.049999977773,18.100000000000122,52.34999999999916,10.500000000000014,0,17.050000000000107,0.25,0,8.0,40.00000000000007
J001429,2023-02-03/SPER,SPER,AMR_25,G14_12,WS_30_20,"[""110316""]",1,11076.59999997906,11853.599999967753,11742.899999969364,11076.59999997906,11663.299999970523,11667.349999970464,11732.799999969511,11732.84999996951,11742.849999969365,11742.899999969364,11849.549999967812,11853.599999967753,18.100000000000122,294.1500000000326,74.94999999999789,0,389.5500000000543,0.25,0,128.00000000000023,143.9999999999992
J001430,2023-02-03/TMTM,TMTM,AMR_05,G18_9,WS_19_20,"[""110398"", ""110479"", ""111295""]",4,11085.299999978934,11169.949999977702,11134.99999997821,11085.299999978934,11085.299999978934,11089.349999978875,11124.899999978357,11124.949999978357,11134.949999978211,11134.99999997821,11165.89999997776,11169.949999977702,18.100000000000122,55.09999999999901,9.55,0,1.7000000000000008,0.2,0,0.0,60.0000000000005
J001431,2023-02-03/TSGB,TSGB,AMR_14,G6_5,WS_2_20,"[""112357"", ""123034""]",2,11087.499999978902,11326.149999975429,11279.149999976113,11087.499999978902,11207.249999977159,11211.2999999771,11269.04999997626,11269.099999976259,11279.099999976113,11279.149999976113,11322.099999975488,11326.149999975429,18.100000000000122,173.20000000000513,24.90000000000022,0,22.20000000000018,0.25,0,110.00000000000247,88.00000000000125
J001432,2023-02-03/SPER,SPER,AMR_29,G14_10,WS_30_20,"[""112332""]",1,11090.449999978859,11414.099999974149,11226.349999976881,11090.449999978859,11139.14999997815,11143.199999978091,11216.249999977028,11216.299999977027,11226.299999976882,11226.349999976881,11410.049999974208,11414.099999974149,18.100000000000122,154.85000000000096,20.05000000000015,0,130.3999999999954,0.25,0,26.0,140.00000000000085
J001433,2023-02-03/TMTM,TMTM,AMR_21,G3_15,WS_19_20,"[""101024"", ""110255"", ""110615""]",3,11099.149999978732,12096.049999964225,11762.649999969077,11099.149999978732,11545.549999972236,11549.599999972177,11752.549999969224,11752.599999969223,11762.599999969078,11762.649999969077,12091.999999964284,12096.049999964225,18.100000000000122,253.65000000002343,35.35000000000013,0,689.5499999999206,0.25,0,118.00000000000117,124.00000000000075
J001434,2023-02-03/TSGB,TSGB,AMR_37,G14_6,WS_2_20,"[""111367"", ""112072""]",3,11103.799999978664,11325.599999975437,11236.69999997673,11103.799999978664,11141.799999978111,11145.849999978052,11226.599999976877,11226.649999976877,11236.649999976731,11236.69999997673,11321.549999975496,11325.599999975437,18.100000000000122,138.84999999999732,19.150000000000137,0,45.449999999999555,0.25,0,28.000000000000007,128.00000000000225
J001435,2023-02-03/SRPA,SRPA,AMR_10,G15_8,WS_8_20,"[""123035""]",1,11105.649999978637,11982.99999996587,11774.399999968906,11105.649999978637,11146.099999978049,11150.14999997799,11764.299999969053,11764.349999969052,11774.349999968907,11774.399999968906,11978.94999996593,11982.99999996587,18.100000000000122,357.8000000000471,47.749999999999424,0,453.4500000000688,0.25,0,28.0,347.999999999985
J001436,2023-02-03/TSGB,TSGB,AMR_24,G20_14,WS_2_20,"[""110132"", ""110150""]",2,11130.94999997827,11639.299999970872,11441.849999973745,11130.94999997827,11199.999999977264,11204.049999977206,11431.749999973892,11431.799999973891,11441.799999973746,11441.849999973745,11635.24999997093,11639.299999970872,18.100000000000122,182.2500000000072,28.650000000000272,0,279.1000000000292,0.25,0,44.00000000000021,136.00000000000054
J001437,2023-02-03/SS14,SS14,AMR_15,G18_13,WS_13_20,"[""101146"", ""113197"", ""132279""]",3,11131.749999978258,11603.099999971399,11229.249999976839,11131.749999978258,11135.799999978199,11139.84999997814,11219.149999976986,11219.199999976985,11229.19999997684,11229.249999976839,11599.049999971458,11603.099999971399,18.100000000000122,117.94999999999544,22.95000000000019,0,312.1000000000367,0.25,0,2.0,108.00000000000122
J001438,2023-02-03/TSGB,TSGB,AMR_40,G21_14,WS_2_20,"[""111241"", ""115794""]",2,11133.799999978228,11501.99999997287,11341.8499999752,11133.799999978228,11137.999999978167,11142.049999978108,11331.749999975347,11331.799999975347,11341.799999975201,11341.8499999752,11497.949999972929,11501.99999997287,18.100000000000122,176.30000000000584,24.750000000000217,0,148.79999999999959,0.25,0,2.0,183.99999999999707
J001439,2023-02-03/TMTM,TMTM,AMR_09,G15_9,WS_19_20,"[""110593"", ""112036""]",3,11147.899999978023,11666.449999970477,11423.799999974008,11147.899999978023,11256.849999976437,11260.899999976378,11413.699999974155,11413.749999974154,11423.749999974008,11423.799999974008,11662.399999970536,11666.449999970477,18.100000000000122,114.74999999999562,19.150000000000137,0,366.300000000049,0.25,0,42.000000000000284,68.00000000000023
J001440,2023-02-03/SPER,SPER,AMR_02,G9_12,WS_30_20,"[""107162""]",1,11154.549999977926,11875.249999967438,11693.299999970086,11154.549999977926,11533.64999997241,11537.69999997235,11683.199999970233,11683.249999970232,11693.249999970087,11693.299999970086,11871.199999967497,11875.249999967438,18.100000000000122,209.6000000000134,23.850000000000204,0,468.90000000007234,0.25,0,84.00000000000088,124.00000000000043
J001441,2023-02-03/SS14,SS14,AMR_17,G17_10,WS_13_20,"[""110154"", ""110575"", ""111220"", ""121904""]",5,11158.699999977865,11458.199999973507,11246.149999976593,11158.699999977865,11158.699999977865,11162.749999977807,11236.04999997674,11236.09999997674,11246.099999976594,11246.149999976593,11454.149999973566,11458.199999973507,18.100000000000122,71.0999999999981,13.400000000000055,0,196.70000000001048,0.2,0,0.0,64.00000000000045
J001442,2023-02-03/SRPA,SRPA,AMR_18,G17_9,WS_8_20,"[""110483""]",1,11165.099999977772,11762.249999969083,11640.249999970858,11165.099999977772,11389.649999974505,11393.699999974446,11630.149999971005,11630.199999971004,11640.199999970859,11640.249999970858,11758.199999969142,11762.249999969083,18.100000000000122,266.4000000000263,48.949999999999356,0,263.4500000000256,0.25,0,136.00000000000156,144.00000000000009
J001443,2023-02-03/TMTM,TMTM,AMR_35,G12_10,WS_19_20,"[""101060"", ""110297""]",4,11166.299999977755,11770.749999968959,11593.449999971539,11166.299999977755,11263.899999976335,11267.949999976276,11583.349999971686,11583.399999971685,11593.39999997154,11593.449999971539,11766.699999969018,11770.749999968959,18.100000000000122,138.19999999999717,22.90000000000019,0,425.00000000006236,0.25,0,22.0,100.00000000000051
J001444,2023-02-03/SS14,SS14,AMR_32,G15_12,WS_13_20,"[""101155"", ""110191"", ""110465""]",3,11167.649999977735,11543.749999972262,11489.59999997305,11167.649999977735,11256.199999976447,11260.249999976388,11479.499999973197,11479.549999973196,11489.549999973051,11489.59999997305,11539.699999972321,11543.749999972262,18.100000000000122,149.49999999999974,24.95000000000022,0,183.30000000000743,0.25,0,70.00000000000105,80.0000000000004
J001445,2023-02-03/SRPA,SRPA,AMR_05,G14_7,WS_8_20,"[""107377""]",1,11169.999999977701,11577.349999971773,11441.399999973752,11169.999999977701,11310.549999975656,11314.599999975597,11431.299999973899,11431.349999973898,11441.349999973752,11441.399999973752,11573.299999971832,11577.349999971773,18.100000000000122,223.05000000001647,32.65000000000028,0,133.29999999999606,0.25,0,116.0000000000019,128.00000000000182
J001446,2023-02-03/TMTM,TMTM,AMR_27,G18_7,WS_19_20,"[""101073"", ""110151""]",3,11180.949999977542,11668.649999970445,11468.34999997336,11180.949999977542,11343.999999975169,11348.04999997511,11458.249999973506,11458.299999973506,11468.29999997336,11468.34999997336,11664.599999970504,11668.649999970445,18.100000000000122,122.44999999999519,23.100000000000193,0,323.80000000003935,0.25,0,42.000000000000234,68.00000000000071
J001447,2023-02-03/TSGB,TSGB,AMR_11,G11_7,WS_2_20,"[""110397"", ""111271""]",2,11187.049999977453,11311.549999975641,11261.849999976364,11187.049999977453,11201.949999977236,11205.999999977177,11251.749999976511,11251.79999997651,11261.799999976365,11261.849999976364,11307.4999999757,11311.549999975641,18.100000000000122,87.64999999999716,13.400000000000055,0,5.09999999999999,0.25,0,8.0,92.00000000000128
J001448,2023-02-03/SPER,SPER,AMR_30,G5_14,WS_30_20,"[""107225""]",1,11192.79999997737,11807.199999968429,11676.349999970333,11192.79999997737,11436.149999973828,11440.199999973769,11666.24999997048,11666.299999970479,11676.299999970333,11676.349999970333,11803.149999968487,11807.199999968429,18.100000000000122,214.25000000001447,24.850000000000218,0,356.9500000000469,0.25,0,52.00000000000021,175.99999999999622
J001449,2023-02-03/SS14,SS14,AMR_04,G14_14,WS_13_20,"[""101095"", ""112066"", ""112086""]",3,11195.249999977334,11554.8499999721,11526.449999972514,11195.249999977334,11460.899999973468,11464.949999973409,11516.349999972661,11516.39999997266,11526.399999972515,11526.449999972514,11550.79999997216,11554.8499999721,18.100000000000122,141.74999999999798,22.95000000000019,0,176.5500000000059,0.25,0,96.00000000000088,40.00000000000004
J001450,2023-02-03/TMTM,TMTM,AMR_33,G9_6,WS_19_20,"[""120052"", ""131216""]",2,11221.249999976955,11678.149999970306,11406.799999974255,11221.249999976955,11297.549999975845,11301.599999975786,11396.699999974402,11396.749999974401,11406.749999974256,11406.799999974255,11674.099999970365,11678.149999970306,18.100000000000122,171.85000000000483,24.850000000000218,0,241.85000000002074,0.25,0,54.000000000000426,128.00000000000182
J001451,2023-02-03/SRPA,SRPA,AMR_01,G12_7,WS_8_20,"[""107343""]",1,11222.149999976942,11584.299999971672,11425.349999973985,11222.149999976942,11330.349999975368,11334.399999975309,11415.249999974132,11415.299999974131,11425.299999973986,11425.349999973985,11580.249999971731,11584.299999971672,18.100000000000122,153.3000000000006,22.95000000000019,0,167.55000000000385,0.25,0,50.00000000000014,104.00000000000074
J001452,2023-02-03/SS14,SS14,AMR_28,G15_14,WS_13_20,"[""101075"", ""101134"", ""101296"", ""110221"", ""110502"", ""123305""]",6,11236.449999976734,11639.149999970874,11577.799999971767,11236.449999976734,11266.799999976292,11270.849999976233,11567.699999971914,11567.749999971913,11577.749999971767,11577.799999971767,11635.099999970933,11639.149999970874,18.100000000000122,114.99999999999561,25.850000000000232,0,243.50000000002112,0.25,0,18.0,84.00000000000023
J001453,2023-02-03/TSGB,TSGB,AMR_16,G17_15,WS_2_20,"[""101014"", ""107280""]",4,11266.449999976297,11743.999999969348,11574.19999997182,11266.449999976297,11452.399999973592,11456.449999973533,11564.099999971966,11564.149999971965,11574.14999997182,11574.19999997182,11739.949999969407,11743.999999969348,18.100000000000122,197.75000000001071,25.900000000000233,0,235.5500000000193,0.25,0,88.00000000000088,124.00000000000156
J001454,2023-02-03/SS14,SS14,AMR_08,G15_13,WS_13_20,"[""101025"", ""110262""]",3,11280.74999997609,11580.399999971729,11543.699999972263,11280.74999997609,11443.649999973719,11447.69999997366,11533.59999997241,11533.64999997241,11543.649999972264,11543.699999972263,11576.349999971788,11580.399999971729,18.100000000000122,122.99999999999515,25.850000000000232,0,132.44999999999587,0.25,0,60.000000000000256,56.000000000000284
J001455,2023-02-03/TSGB,TSGB,AMR_23,G18_14,WS_2_20,"[""101332"", ""110522""]",3,11289.799999975958,11743.949999969349,11537.199999972358,11289.799999975958,11313.149999975618,11317.199999975559,11527.099999972505,11527.149999972504,11537.149999972358,11537.199999972358,11739.899999969408,11743.949999969349,18.100000000000122,131.2999999999956,21.900000000000176,0,282.60000000003,0.25,0,8.0,116.0000000000006
J001456,2023-02-03/TSGB,TSGB,AMR_39,G18_12,WS_2_20,"[""107272"", ""120775""]",2,11308.799999975681,11537.04999997236,11471.949999973307,11308.799999975681,11402.99999997431,11407.049999974251,11461.849999973454,11461.899999973453,11471.899999973308,11471.949999973307,11532.999999972419,11537.04999997236,18.100000000000122,130.89999999999552,15.250000000000082,0,63.749999999998515,0.25,0,42.000000000000085,108.00000000000159
J001457,2023-02-03/TMTM,TMTM,AMR_11,G5_8,WS_19_20,"[""112403"", ""112444""]",2,11311.59999997564,11846.749999967853,11610.799999971287,11311.59999997564,11348.649999975101,11352.699999975042,11600.699999971433,11600.749999971433,11610.749999971287,11610.799999971287,11842.699999967912,11846.749999967853,18.100000000000122,178.15000000000626,24.90000000000022,0,313.75000000003706,0.25,0,34.00000000000003,143.99999999999957
J001458,2023-02-03/SRPA,SRPA,AMR_37,G12_6,WS_8_20,"[""111147""]",1,11325.649999975436,11744.54999996934,11542.49999997228,11325.649999975436,11333.049999975328,11337.09999997527,11532.399999972427,11532.449999972427,11542.449999972281,11542.49999997228,11740.4999999694,11744.54999996934,18.100000000000122,129.59999999999522,23.000000000000192,0,247.95000000002213,0.25,0,4.0,124.00000000000082
J001459,2023-02-03/SS14,SS14,AMR_14,G8_14,WS_13_20,"[""112387"", ""135096""]",2,11326.199999975428,11515.04999997268,11451.699999973602,11326.199999975428,11350.449999975075,11354.499999975016,11441.599999973749,11441.649999973748,11451.649999973602,11451.699999973602,11510.999999972739,11515.04999997268,18.100000000000122,84.54999999999734,13.400000000000055,0,72.54999999999802,0.25,0,21.999999999999986,60.00000000000027
J001460,2023-02-03/TSGB,TSGB,AMR_34,G15_7,WS_2_20,"[""120382"", ""130011""]",2,11404.599999974287,11568.899999971896,11493.599999972992,11404.599999974287,11417.649999974097,11421.699999974038,11483.499999973139,11483.549999973138,11493.549999972993,11493.599999972992,11564.849999971955,11568.899999971896,18.100000000000122,130.24999999999537,13.400000000000055,0,2.3,0.25,0,6.0,159.99999999999977
J001461,2023-02-03/TMTM,TMTM,AMR_29,G17_8,WS_19_20,"[""110169"", ""112068""]",4,11414.149999974148,11722.149999969666,11645.999999970774,11414.149999974148,11464.84999997341,11468.899999973351,11635.899999970921,11635.94999997092,11645.949999970775,11645.999999970774,11718.099999969725,11722.149999969666,18.100000000000122,104.99999999999618,16.200000000000095,0,168.45000000000405,0.25,0,34.00000000000001,72.00000000000045
J001462,2023-02-03/TSGB,TSGB,AMR_22,G21_13,WS_2_20,"[""107207"", ""111348""]",3,11420.349999974058,12276.949999961593,12112.549999963985,11420.349999974058,11848.149999967833,11852.199999967774,12102.449999964132,12102.499999964131,12112.499999963986,12112.549999963985,12272.899999961652,12276.949999961593,18.100000000000122,346.15000000004443,59.44999999999876,0,432.6500000000641,0.25,0,213.99999999999463,140.00000000000014
J001463,2023-02-03/SRPA,SRPA,AMR_36,G18_9,WS_8_20,"[""111295""]",1,11430.849999973905,11832.149999968065,11591.099999971573,11430.849999973905,11486.349999973098,11490.399999973039,11580.99999997172,11581.04999997172,11591.049999971574,11591.099999971573,11828.099999968124,11832.149999968065,18.100000000000122,167.10000000000375,19.150000000000137,0,196.70000000001048,0.25,0,42.00000000000004,132.00000000000134
J001464,2023-02-03/SS14,SS14,AMR_31,G17_13,WS_13_20,"[""112284"", ""126832""]",2,11451.349999973607,11630.049999971006,11560.749999972015,11451.349999973607,11483.099999973145,11487.149999973086,11550.649999972162,11550.699999972161,11560.699999972016,11560.749999972015,11625.999999971065,11630.049999971006,18.100000000000122,64.59999999999847,12.400000000000041,0,83.34999999999741,0.25,0,8.0,48.00000000000017
J001465,2023-02-03/KKLD,KKLD,AMR_17,G12_4,WS_25_20,"[""109989"", ""110162"", ""110189"", ""110283"", ""110512"", ""111277""]",6,11458.249999973506,11659.099999970584,11566.199999971936,11458.249999973506,11487.749999973077,11491.799999973018,11556.099999972083,11556.149999972082,11566.149999971936,11566.199999971936,11655.049999970643,11659.099999970584,18.100000000000122,132.69999999999592,17.15000000000011,0,32.65000000000028,0.25,0,25.99999999999999,128.00000000000182
J001466,2023-02-03/KKLD,KKLD,AMR_20,G12_2,WS_25_20,"[""110148"", ""110185"", ""110231"", ""110475"", ""112056"", ""121833""]",7,11463.54999997343,11709.849999969845,11582.199999971703,11463.54999997343,11494.44999997298,11498.49999997292,11572.09999997185,11572.149999971849,11582.149999971703,11582.199999971703,11705.799999969904,11709.849999969845,18.100000000000122,164.3000000000031,23.900000000000205,0,39.74999999999988,0.25,0,21.99999999999999,159.99999999999818
J001467,2023-02-03/KKLD,KKLD,AMR_19,G18_8,WS_25_20,"[""101093"", ""101150"", ""110211"", ""138500"", ""138501""]",5,11490.29999997304,11672.149999970394,11631.299999970988,11490.29999997304,11549.099999972184,11553.149999972125,11621.199999971135,11621.249999971134,11631.249999970989,11631.299999970988,11668.099999970453,11672.149999970394,18.100000000000122,121.59999999999523,21.050000000000164,0,20.85000000000016,0.25,0,48.00000000000031,84.00000000000068
J001468,2023-02-03/KKLD,KKLD,AMR_07,G12_8,WS_25_20,"[""101203"", ""107255"", ""110149"", ""111273"", ""112007""]",5,11491.749999973019,11682.199999970248,11612.099999971268,11491.749999973019,11526.949999972507,11530.999999972448,11601.999999971415,11602.049999971414,11612.049999971268,11612.099999971268,11678.149999970306,11682.199999970248,18.100000000000122,135.2499999999965,19.100000000000136,0,17.750000000000117,0.25,0,22.0,128.00000000000134
J001469,2023-02-03/SPER,SPER,AMR_40,G21_14,WS_30_20,"[""115794""]",1,11502.049999972869,11591.94999997156,11555.59999997209,11502.049999972869,11502.049999972869,11506.09999997281,11545.499999972237,11545.549999972236,11555.54999997209,11555.59999997209,11587.89999997162,11591.94999997156,18.100000000000122,60.049999999998725,9.55,0,2.000000000000001,0.2,0,0.0,68.00000000000014
J001470,2023-02-03/TSGB,TSGB,AMR_13,G14_10,WS_2_20,"[""101015"", ""110541""]",2,11506.499999972804,11805.399999968455,11662.349999970536,11506.499999972804,11555.499999972091,11559.549999972032,11652.249999970683,11652.299999970683,11662.299999970537,11662.349999970536,11801.349999968514,11805.399999968455,18.100000000000122,120.29999999999531,17.25000000000011,0,142.99999999999827,0.25,0,34.0,92.00000000000063
J001471,2023-02-03/TMTM,TMTM,AMR_14,G17_10,WS_19_20,"[""110575"", ""121904"", ""137523""]",5,11515.09999997268,11898.999999967093,11862.04999996763,11515.09999997268,11697.249999970029,11701.29999996997,11851.949999967777,11851.999999967777,11861.999999967631,11862.04999996763,11894.949999967152,11898.999999967093,18.100000000000122,114.29999999999565,21.050000000000164,0,230.2000000000181,0.25,0,54.00000000000044,60.00000000000034
J001472,2023-02-03/SS14,SS14,AMR_39,G11_10,WS_13_20,"[""101022"", ""101147"", ""101305"", ""110526""]",4,11537.099999972359,11762.949999969072,11708.999999969858,11537.099999972359,11636.499999970913,11640.549999970854,11698.899999970005,11698.949999970004,11708.949999969858,11708.999999969858,11758.899999969131,11762.949999969072,18.100000000000122,114.29999999999565,18.150000000000123,0,75.04999999999788,0.25,0,54.000000000000625,60.0000000000003
J001473,2023-02-03/TSGB,TSGB,AMR_32,G21_9,WS_2_20,"[""107311"", ""112395""]",2,11543.799999972262,11910.949999966919,11820.84999996823,11543.799999972262,11597.349999971482,11601.399999971423,11810.749999968377,11810.799999968376,11820.79999996823,11820.84999996823,11906.899999966978,11910.949999966919,18.100000000000122,186.60000000000818,21.050000000000164,0,141.14999999999785,0.25,0,46.0000000000004,175.99999999999736
J001474,2023-02-03/SS14,SS14,AMR_04,G14_13,WS_13_20,"[""110603"", ""111228""]",2,11554.8999999721,11721.749999969672,11602.649999971405,11554.8999999721,11558.749999972044,11562.799999971985,11592.549999971552,11592.599999971551,11602.599999971406,11602.649999971405,11717.699999969731,11721.749999969672,18.100000000000122,50.69999999999926,9.5,0,88.29999999999713,0.25,0,2.0,44.00000000000013
J001475,2023-02-03/SRPA,SRPA,AMR_06,G14_6,WS_8_20,"[""111367""]",1,11556.29999997208,12071.399999964584,11941.899999966468,11556.29999997208,11734.24999996949,11738.299999969431,11931.799999966615,11931.849999966615,11941.84999996647,11941.899999966468,12067.349999964643,12071.399999964584,18.100000000000122,226.6500000000173,38.34999999999996,0,231.75000000001845,0.25,0,80.00000000000063,144.00000000000045
J001476,2023-02-03/KKLD,KKLD,AMR_38,G14_4,WS_25_20,"[""110336"", ""110385"", ""111212"", ""111228"", ""136998""]",5,11568.099999971908,11809.79999996839,11671.949999970397,11568.099999971908,11590.59999997158,11594.649999971522,11661.849999970544,11661.899999970543,11671.899999970397,11671.949999970397,11805.74999996845,11809.79999996839,18.100000000000122,131.6999999999957,19.150000000000137,0,72.49999999999802,0.25,0,14.0,132.00000000000136
J001477,2023-02-03/SS14,SS14,AMR_34,G15_10,WS_13_20,"[""107159"", ""110452""]",2,11568.949999971896,11767.24999996901,11669.349999970435,11568.949999971896,11585.049999971661,11589.099999971602,11659.249999970581,11659.29999997058,11669.299999970435,11669.349999970435,11763.199999969069,11767.24999996901,18.100000000000122,93.29999999999684,18.200000000000124,0,68.44999999999825,0.25,0,10.0,80.00000000000045
J001478,2023-02-03/TSGB,TSGB,AMR_05,G20_7,WS_2_20,"[""118504"", ""138090""]",4,11577.399999971773,12065.299999964673,11963.349999966156,11577.399999971773,11618.14999997118,11622.19999997112,11953.249999966303,11953.299999966302,11963.299999966157,11963.349999966156,12061.249999964732,12065.299999964673,18.100000000000122,217.65000000001524,36.35000000000007,0,215.55000000001476,0.25,0,32.00000000000001,203.9999999999927
J001479,2023-02-03/SS14,SS14,AMR_08,G20_12,WS_13_20,"[""101097"", ""107428""]",2,11580.449999971728,11932.699999966602,11743.349999969358,11580.449999971728,11602.899999971401,11606.949999971343,11733.249999969505,11733.299999969504,11743.299999969358,11743.349999969358,11928.649999966661,11932.699999966602,18.100000000000122,101.24999999999639,16.250000000000096,0,216.40000000001496,0.25,0,16.0,80.00000000000051
J001480,2023-02-03/KKLD,KKLD,AMR_01,G23_7,WS_25_20,"[""110161"", ""110221"", ""110278"", ""110492""]",4,11584.349999971671,11793.949999968621,11724.999999969625,11584.349999971671,11634.299999970945,11638.349999970886,11714.899999969772,11714.949999969771,11724.949999969625,11724.999999969625,11789.89999996868,11793.949999968621,18.100000000000122,108.099999999996,17.20000000000011,0,65.9499999999984,0.25,0,38.00000000000011,80.00000000000057
J001481,2023-02-03/SRPA,SRPA,AMR_40,G15_7,WS_8_20,"[""124899""]",1,11591.99999997156,11830.749999968086,11744.399999969342,11591.99999997156,11626.39999997106,11630.449999971,11734.29999996949,11734.349999969489,11744.349999969343,11744.399999969342,11826.699999968145,11830.749999968086,18.100000000000122,124.14999999999509,17.20000000000011,0,79.04999999999765,0.25,0,30.00000000000003,112.00000000000196
J001482,2023-02-03/SS14,SS14,AMR_15,G21_14,WS_13_20,"[""110533"", ""111241"", ""112009""]",3,11603.149999971398,11863.149999967614,11726.299999969606,11603.149999971398,11659.449999970579,11663.49999997052,11716.199999969753,11716.249999969752,11726.249999969607,11726.299999969606,11859.099999967673,11863.149999967614,18.100000000000122,92.89999999999687,15.300000000000082,0,133.4499999999961,0.25,0,20.0,68.00000000000023
J001483,2023-02-03/TMTM,TMTM,AMR_03,G23_13,WS_19_20,"[""101179"", ""111371""]",2,11604.699999971375,11705.949999969902,11672.599999970387,11604.699999971375,11618.399999971176,11622.449999971117,11662.499999970534,11662.549999970533,11672.549999970388,11672.599999970387,11701.89999996996,11705.949999969902,18.100000000000122,59.24999999999877,12.400000000000041,0,11.250000000000025,0.25,0,8.0,48.00000000000013
J001484,2023-02-03/KKLD,KKLD,AMR_31,G15_4,WS_25_20,"[""101135"", ""111342"", ""123310"", ""124208""]",5,11630.099999971006,11907.699999966966,11741.14999996939,11630.099999971006,11657.9499999706,11661.999999970541,11731.049999969537,11731.099999969536,11741.09999996939,11741.14999996939,11903.649999967025,11907.699999966966,18.100000000000122,149.09999999999965,20.05000000000015,0,90.09999999999702,0.25,0,22.00000000000003,136.00000000000136
J001485,2023-02-03/KKLD,KKLD,AMR_28,G3_14,WS_25_20,"[""101163"", ""107439"", ""112013"", ""115355""]",4,11639.199999970873,12179.399999963012,11903.94999996702,11639.199999970873,11725.399999969619,11729.44999996956,11893.849999967168,11893.899999967167,11903.899999967021,11903.94999996702,12175.349999963071,12179.399999963012,18.100000000000122,200.3500000000113,30.5000000000003,0,291.0000000000319,0.25,0,40.000000000000156,159.99999999999847
J001486,2023-02-03/TSGB,TSGB,AMR_24,G12_7,WS_2_20,"[""107330"", ""134546""]",2,11639.349999970871,11900.349999967073,11840.79999996794,11639.349999970871,11744.949999969334,11748.999999969275,11830.699999968087,11830.749999968086,11840.74999996794,11840.79999996794,11896.299999967132,11900.349999967073,18.100000000000122,132.79999999999595,19.200000000000138,0,90.649999999997,0.25,0,34.00000000000003,120.00000000000233
J001487,2023-02-03/TMTM,TMTM,AMR_17,G14_7,WS_19_20,"[""110133"", ""110509""]",3,11659.149999970583,11857.749999967693,11738.499999969428,11659.149999970583,11675.249999970349,11679.29999997029,11728.399999969575,11728.449999969574,11738.449999969429,11738.499999969428,11853.699999967752,11857.749999967693,18.100000000000122,90.99999999999697,13.400000000000055,0,75.84999999999783,0.25,0,10.0,88.00000000000068
J001488,2023-02-03/SRPA,SRPA,AMR_09,G15_6,WS_8_20,"[""138368""]",1,11666.499999970476,11911.649999966909,11790.299999968674,11666.499999970476,11695.04999997006,11699.099999970002,11780.199999968821,11780.24999996882,11790.249999968675,11790.299999968674,11907.599999966968,11911.649999966909,18.100000000000122,113.14999999999571,13.400000000000055,0,100.24999999999645,0.25,0,10.0,112.0000000000015
J001489,2023-02-03/SS14,SS14,AMR_27,G21_12,WS_13_20,"[""112283"", ""112333""]",2,11668.699999970444,11900.449999967072,11812.149999968356,11668.699999970444,11704.099999969929,11708.14999996987,11802.049999968503,11802.099999968503,11812.099999968357,11812.149999968356,11896.39999996713,11900.449999967072,18.100000000000122,93.9999999999968,14.300000000000068,0,105.09999999999617,0.25,0,16.0,76.00000000000037
J001490,2023-02-03/KKLD,KKLD,AMR_19,G15_15,WS_25_20,"[""110604"", ""111276"", ""124702""]",3,11672.199999970393,11933.899999966585,11887.799999967256,11672.199999970393,11766.949999969014,11770.999999968955,11877.699999967403,11877.749999967402,11887.749999967256,11887.799999967256,11929.849999966644,11933.899999966585,18.100000000000122,116.7999999999955,20.15000000000015,0,106.3999999999961,0.25,0,28.0,88.00000000000038
J001491,2023-02-03/TMTM,TMTM,AMR_33,G3_13,WS_19_20,"[""101151"", ""110494""]",2,11678.199999970306,11981.049999965899,11879.19999996738,11678.199999970306,11713.049999969799,11717.09999996974,11869.099999967528,11869.149999967527,11879.149999967382,11879.19999996738,11976.999999965958,11981.049999965899,18.100000000000122,124.69999999999506,15.300000000000082,0,144.4999999999986,0.25,0,30.000000000000025,100.0000000000011
J001492,2023-02-03/TSGB,TSGB,AMR_07,G18_7,WS_2_20,"[""110481"", ""121807""]",2,11682.249999970247,12012.899999965435,11929.199999966653,11682.249999970247,11730.84999996954,11734.89999996948,11919.0999999668,11919.1499999668,11929.149999966654,11929.199999966653,12008.849999965494,12012.899999965435,18.100000000000122,174.55000000000544,22.90000000000019,0,114.84999999999562,0.25,0,34.00000000000001,167.99999999999855
J001493,2023-02-03/SRPA,SRPA,AMR_03,G17_7,WS_8_20,"[""114899""]",1,11705.999999969901,12092.399999964278,11925.749999966703,11705.999999969901,11740.699999969396,11744.749999969337,11915.64999996685,11915.69999996685,11925.699999966704,11925.749999966703,12088.349999964337,12092.399999964278,18.100000000000122,174.3500000000054,26.850000000000247,0,166.8500000000037,0.25,0,28.00000000000003,148.00000000000054
J001494,2023-02-03/SS14,SS14,AMR_20,G20_10,WS_13_20,"[""110329"", ""125463""]",2,11709.899999969844,11960.749999966194,11860.299999967656,11709.899999969844,11788.149999968706,11792.199999968647,11850.199999967803,11850.249999967802,11860.249999967657,11860.299999967656,11956.699999966253,11960.749999966194,18.100000000000122,136.44999999999678,20.05000000000015,0,75.99999999999783,0.25,0,60.000000000000455,80.00000000000031
J001495,2023-02-03/KKLD,KKLD,AMR_04,G14_13,WS_25_20,"[""110274"", ""110417"", ""110603""]",3,11721.799999969671,11853.499999967755,11801.249999968515,11721.799999969671,11721.799999969671,11725.849999969612,11791.149999968662,11791.199999968661,11801.199999968516,11801.249999968515,11849.449999967814,11853.499999967755,18.100000000000122,81.6499999999975,9.55,0,22.20000000000018,0.2,0,0.0,88.00000000000028
J001496,2023-02-03/TMTM,TMTM,AMR_29,G3_5,WS_19_20,"[""111207"", ""111997""]",3,11722.199999969665,12060.999999964735,11896.249999967133,11722.199999969665,11772.74999996893,11776.79999996887,11886.14999996728,11886.199999967279,11896.199999967133,11896.249999967133,12056.949999964794,12060.999999964735,18.100000000000122,189.7500000000089,19.100000000000136,0,111.5999999999958,0.25,0,54.00000000000057,167.9999999999983
J001497,2023-02-03/TGYA,TGYA,AMR_23,G15_9,WS_30_20,"[""101276""]",1,11743.999999969348,12070.849999964592,11929.149999966654,11743.999999969348,11785.699999968741,11789.749999968682,11919.0499999668,11919.0999999668,11929.099999966655,11929.149999966654,12066.79999996465,12070.849999964592,18.100000000000122,127.79999999999488,21.050000000000164,0,159.65000000000205,0.25,0,20.0,116.00000000000074
J001498,2023-02-03/TGYA,TGYA,AMR_16,G9_13,WS_30_20,"[""112307""]",1,11744.049999969347,12193.149999962812,12091.049999964298,11744.049999969347,11947.149999966392,11951.199999966333,12080.949999964445,12080.999999964444,12090.999999964299,12091.049999964298,12189.099999962871,12193.149999962812,18.100000000000122,279.40000000002925,37.40000000000001,0,113.94999999999567,0.25,0,140.00000000000028,183.9999999999967
J001499,2023-02-03/SS14,SS14,AMR_37,G23_13,WS_13_20,"[""101179"", ""115120""]",2,11744.59999996934,12223.749999962367,12034.299999965124,11744.59999996934,11887.799999967256,11891.849999967197,12024.19999996527,12024.24999996527,12034.249999965125,12034.299999965124,12219.699999962426,12223.749999962367,18.100000000000122,168.35000000000403,21.050000000000164,0,271.40000000002743,0.25,0,84.00000000000077,72.00000000000017
J001500,2023-02-03/KKLD,KKLD,AMR_18,G18_14,WS_25_20,"[""101295"", ""112059"", ""112374""]",3,11762.299999969082,12060.049999964749,11989.94999996577,11762.299999969082,11880.349999967364,11884.399999967305,11979.849999965916,11979.899999965915,11989.89999996577,11989.94999996577,12055.999999964808,12060.049999964749,18.100000000000122,137.09999999999692,26.850000000000247,0,115.44999999999558,0.25,0,80.00000000000082,60.000000000000085
J001501,2023-02-03/TMTM,TMTM,AMR_39,G17_15,WS_19_20,"[""110606""]",1,11762.999999969072,12196.74999996276,12163.09999996325,11762.999999969072,11912.099999966902,11916.149999966843,12152.999999963396,12153.049999963396,12163.04999996325,12163.09999996325,12192.699999962819,12196.74999996276,18.100000000000122,192.10000000000943,37.350000000000016,0,185.95000000000803,0.25,0,86.00000000000114,104.00000000000061
J001502,2023-02-03/SS14,SS14,AMR_34,G17_8,WS_13_20,"[""101061"", ""107327""]",2,11767.29999996901,12066.19999996466,11906.149999966989,11767.29999996901,11802.94999996849,11806.999999968431,11896.049999967136,11896.099999967135,11906.09999996699,11906.149999966989,12062.149999964719,12066.19999996466,18.100000000000122,106.3499999999961,20.10000000000015,0,154.1000000000008,0.25,0,12.0,88.00000000000074
J001503,2023-02-03/SRPA,SRPA,AMR_35,G14_5,WS_8_20,"[""107108""]",1,11770.799999968958,11953.899999966294,11900.949999967064,11770.799999968958,11816.199999968298,11820.249999968239,11890.849999967211,11890.89999996721,11900.899999967065,11900.949999967064,11949.849999966353,11953.899999966294,18.100000000000122,100.54999999999643,14.350000000000069,0,49.849999999999305,0.25,0,18.0,92.0000000000012
J001504,2023-02-03/SRPA,SRPA,AMR_01,G21_10,WS_8_20,"[""133306""]",1,11793.99999996862,12205.849999962627,12030.049999965186,11793.99999996862,11809.999999968388,11814.049999968329,12019.949999965333,12019.999999965332,12029.999999965186,12030.049999965186,12201.799999962686,12205.849999962627,18.100000000000122,117.94999999999544,18.150000000000123,0,257.40000000002425,0.25,0,10.0,108.00000000000077
J001505,2023-02-03/KKLD,KKLD,AMR_13,G14_10,WS_25_20,"[""101015"", ""101193"", ""112317""]",3,11805.449999968454,12151.249999963422,11941.699999966471,11805.449999968454,11805.449999968454,11809.499999968395,11931.599999966618,11931.649999966618,11941.649999966472,11941.699999966471,12147.19999996348,12151.249999963422,18.100000000000122,102.99999999999629,11.400000000000027,0,213.1000000000142,0.2,0,0.0,100.00000000000043
J001506,2023-02-03/TMTM,TMTM,AMR_30,G14_15,WS_19_20,"[""111249""]",1,11807.249999968428,12046.699999964943,12006.099999965534,11807.249999968428,11888.799999967241,11892.849999967182,11995.999999965681,11996.04999996568,12006.049999965535,12006.099999965534,12042.649999965002,12046.699999964943,18.100000000000122,110.19999999999588,18.100000000000122,0,92.79999999999687,0.25,0,32.0,68.00000000000004
J001507,2023-02-03/SS14,SS14,AMR_38,G17_9,WS_13_20,"[""101200"", ""110391""]",2,11809.84999996839,12077.299999964498,11888.999999967238,11809.84999996839,11836.349999968004,11840.399999967945,11878.899999967385,11878.949999967384,11888.949999967239,11888.999999967238,12073.249999964557,12077.299999964498,18.100000000000122,112.39999999999576,19.100000000000136,0,117.59999999999546,0.25,0,20.0,88.00000000000068
J001508,2023-02-03/TSGB,TSGB,AMR_40,G8_15,WS_2_20,"[""101303""]",1,11830.799999968085,11977.399999965952,11946.299999966404,11830.799999968085,11894.899999967152,11898.949999967093,11936.199999966551,11936.24999996655,11946.249999966405,11946.299999966404,11973.34999996601,11977.399999965952,18.100000000000122,93.64999999999682,14.350000000000069,0,20.250000000000153,0.25,0,58.000000000000966,48.00000000000044
J001509,2023-02-03/SRPA,SRPA,AMR_36,G17_6,WS_8_20,"[""112003""]",1,11832.199999968065,12496.199999958402,12159.949999963295,11832.199999968065,11893.64999996717,11897.699999967112,12149.849999963442,12149.899999963442,12159.899999963296,12159.949999963295,12492.149999958461,12496.199999958402,18.100000000000122,203.9000000000121,28.750000000000274,0,413.00000000005963,0.25,0,44.00000000000014,164.00000000000065
J001510,2023-02-03/KKLD,KKLD,AMR_11,G8_8,WS_25_20,"[""107192"", ""110446"", ""115063""]",3,11846.799999967852,12225.399999962343,12046.699999964943,11846.799999967852,11909.299999966943,11913.349999966884,12036.59999996509,12036.64999996509,12046.649999964944,12046.699999964943,12221.349999962402,12225.399999962343,18.100000000000122,208.7000000000132,28.700000000000273,0,122.84999999999516,0.25,0,50.000000000000426,171.99999999999798
J001511,2023-02-03/SS14,SS14,AMR_04,G18_9,WS_13_20,"[""110703"", ""111295""]",2,11853.549999967754,12212.399999962532,12017.299999965371,11853.549999967754,11920.49999996678,11924.54999996672,12007.199999965518,12007.249999965517,12017.249999965372,12017.299999965371,12208.349999962591,12212.399999962532,18.100000000000122,112.19999999999577,17.20000000000011,0,211.10000000001375,0.25,0,24.0,84.0000000000006
J001512,2023-02-03/TSGB,TSGB,AMR_25,G14_12,WS_2_20,"[""107312"", ""110583""]",3,11853.649999967753,12155.149999963365,12040.899999965028,11853.649999967753,11853.649999967753,11857.699999967694,12030.799999965175,12030.849999965174,12040.849999965028,12040.899999965028,12151.099999963424,12155.149999963365,18.100000000000122,98.59999999999654,12.400000000000041,0,172.2000000000049,0.2,0,0.0,100.00000000000094
J001513,2023-02-03/TMTM,TMTM,AMR_12,G18_13,WS_19_20,"[""113197""]",1,11855.049999967732,11991.799999965742,11915.299999966855,11855.049999967732,11861.39999996764,11865.44999996758,11905.199999967002,11905.249999967002,11915.249999966856,11915.299999966855,11987.749999965801,11991.799999965742,18.100000000000122,50.199999999999285,11.500000000000028,0,56.699999999998916,0.25,0,4.0,44.00000000000013
J001514,2023-02-03/KKLD,KKLD,AMR_26,G9_6,WS_25_20,"[""110168"", ""112302"", ""131216""]",3,11856.649999967709,12263.699999961786,12005.69999996554,11856.649999967709,11902.999999967034,11907.049999966976,11995.599999965687,11995.649999965686,12005.64999996554,12005.69999996554,12259.649999961845,12263.699999961786,18.100000000000122,181.60000000000704,22.90000000000019,0,184.20000000000763,0.25,0,48.000000000000355,143.99999999999966
J001515,2023-02-03/SS14,SS14,AMR_17,G18_15,WS_13_20,"[""112285""]",1,11857.799999967692,12105.149999964093,11981.549999965891,11857.799999967692,11928.799999966659,11932.8499999666,11971.449999966038,11971.499999966038,11981.499999965892,11981.549999965891,12101.099999964152,12105.149999964093,18.100000000000122,82.69999999999744,12.400000000000041,0,133.8999999999962,0.25,0,32.0,44.00000000000006
J001516,2023-02-03/TSGB,TSGB,AMR_15,G3_12,WS_2_20,"[""112194""]",1,11863.199999967614,12108.249999964048,12076.999999964502,11863.199999967614,12031.499999965165,12035.549999965106,12066.89999996465,12066.949999964649,12076.949999964503,12076.999999964502,12104.199999964107,12108.249999964048,18.100000000000122,99.99999999999646,12.400000000000041,0,114.29999999999565,0.25,0,60.00000000000094,48.0000000000004
J001517,2023-02-03/TMTM,TMTM,AMR_02,G20_13,WS_19_20,"[""138350""]",1,11875.299999967438,12056.749999964797,12027.299999965226,11875.299999967438,11971.649999966035,11975.699999965977,12017.199999965373,12017.249999965372,12027.249999965226,12027.299999965226,12052.699999964856,12056.749999964797,18.100000000000122,105.39999999999615,21.000000000000163,0,36.70000000000005,0.25,0,60.000000000000256,44.00000000000013
J001518,2023-02-03/SS14,SS14,AMR_14,G9_12,WS_13_20,"[""107162"", ""120778""]",2,11899.049999967092,12474.149999958723,12422.599999959473,11899.049999967092,12355.649999960448,12359.699999960389,12412.49999995962,12412.54999995962,12422.549999959474,12422.599999959473,12470.099999958782,12474.149999958723,18.100000000000122,243.8500000000212,28.700000000000273,0,284.20000000003034,0.25,0,203.9999999999937,56.00000000000034
J001519,2023-02-03/TMTM,TMTM,AMR_24,G24_15,WS_19_20,"[""117030""]",1,11900.399999967072,12151.249999963422,12090.9499999643,11900.399999967072,11984.749999965845,11988.799999965786,12080.849999964446,12080.899999964446,12090.8999999643,12090.9499999643,12147.19999996348,12151.249999963422,18.100000000000122,139.44999999999746,21.950000000000177,0,71.0999999999981,0.25,0,76.00000000000102,68.0
J001520,2023-02-03/KKLD,KKLD,AMR_27,G21_12,WS_25_20,"[""101027"", ""110309""]",2,11900.49999996707,12050.799999964884,11957.499999966241,11900.49999996707,11900.49999996707,11904.549999967012,11947.399999966388,11947.449999966388,11957.449999966242,11957.499999966241,12046.749999964943,12050.799999964884,18.100000000000122,63.29999999999854,10.500000000000014,0,58.19999999999883,0.2,0,0.0,64.00000000000023
J001521,2023-02-03/SS14,SS14,AMR_31,G6_15,WS_13_20,"[""101199""]",1,11907.749999966965,12185.299999962926,12131.099999963715,11907.749999966965,11965.09999996613,11969.149999966072,12120.999999963862,12121.049999963861,12131.049999963716,12131.099999963715,12181.249999962985,12185.299999962926,18.100000000000122,134.14999999999625,17.15000000000011,0,107.89999999999601,0.25,0,44.00000000000041,96.00000000000081
J001522,2023-02-03/SRPA,SRPA,AMR_32,G21_9,WS_8_20,"[""110335""]",1,11910.999999966918,12252.44999996195,12079.699999964463,11910.999999966918,11910.999999966918,11915.04999996686,12069.59999996461,12069.64999996461,12079.649999964464,12079.699999964463,12248.399999962008,12252.44999996195,18.100000000000122,122.79999999999517,15.300000000000082,0,185.05000000000783,0.2,0,0.0,120.0000000000008
J001523,2023-02-03/TMTM,TMTM,AMR_09,G15_14,WS_19_20,"[""110502""]",1,11911.699999966908,12271.349999961674,12234.899999962205,11911.699999966908,12174.249999963087,12178.299999963028,12224.799999962352,12224.849999962351,12234.849999962205,12234.899999962205,12267.299999961733,12271.349999961674,18.100000000000122,144.99999999999872,26.800000000000246,0,169.5000000000043,0.25,0,92.00000000000063,48.000000000000114
J001524,2023-02-03/TSGB,TSGB,AMR_08,G5_12,WS_2_20,"[""138388""]",1,11932.749999966602,12091.799999964287,12057.94999996478,11932.749999966602,12013.099999965432,12017.149999965373,12047.849999964927,12047.899999964926,12057.89999996478,12057.94999996478,12087.749999964346,12091.799999964287,18.100000000000122,108.59999999999597,13.350000000000055,0,18.75000000000013,0.25,0,74.00000000000128,52.000000000000554
J001525,2023-02-03/KKLD,KKLD,AMR_19,G17_13,WS_25_20,"[""110186"", ""112326""]",2,11933.949999966584,12092.149999964282,12026.899999965231,11933.949999966584,11947.849999966382,11951.899999966323,12016.799999965378,12016.849999965378,12026.849999965232,12026.899999965231,12088.09999996434,12092.149999964282,18.100000000000122,81.34999999999752,12.400000000000041,0,46.09999999999952,0.25,0,8.0,76.00000000000006
J001526,2023-02-03/SS14,SS14,AMR_35,G8_13,WS_13_20,"[""101071""]",1,11953.949999966293,12182.399999962969,12113.799999963967,11953.949999966293,12002.29999996559,12006.34999996553,12103.699999964114,12103.749999964113,12113.749999963968,12113.799999963967,12178.349999963028,12182.399999962969,18.100000000000122,105.19999999999617,15.300000000000082,0,89.59999999999705,0.25,0,40.00000000000014,64.00000000000047
J001527,2023-02-03/KKLD,KKLD,AMR_20,G15_13,WS_25_20,"[""111307"", ""112324""]",2,11960.799999966193,12250.34999996198,12147.24999996348,11960.799999966193,12041.649999965017,12045.699999964958,12137.149999963627,12137.199999963626,12147.19999996348,12147.24999996348,12246.299999962039,12250.34999996198,18.100000000000122,142.49999999999815,25.850000000000232,0,102.8499999999963,0.25,0,52.00000000000013,92.00000000000043
J001528,2023-02-03/TSGB,TSGB,AMR_40,G9_14,WS_2_20,"[""111222""]",1,11977.449999965951,12263.849999961783,12188.44999996288,11977.449999965951,12121.19999996386,12125.2499999638,12178.349999963028,12178.399999963027,12188.399999962881,12188.44999996288,12259.799999961842,12263.849999961783,18.100000000000122,149.64999999999978,27.70000000000026,0,90.69999999999699,0.25,0,88.00000000000139,64.0000000000005
J001529,2023-02-03/TMTM,TMTM,AMR_33,G14_14,WS_19_20,"[""112086""]",1,11981.099999965898,12197.549999962748,12140.299999963581,11981.099999965898,12058.499999964772,12062.549999964713,12130.199999963728,12130.249999963728,12140.249999963582,12140.299999963581,12193.499999962807,12197.549999962748,18.100000000000122,109.34999999999593,17.20000000000011,0,71.54999999999808,0.25,0,44.000000000000156,60.00000000000024
J001530,2023-02-03/SS14,SS14,AMR_10,G15_8,WS_13_20,"[""110234"", ""110382""]",2,11983.04999996587,12270.599999961685,12173.449999963099,11983.04999996587,11983.04999996587,11987.09999996581,12163.349999963246,12163.399999963245,12173.3999999631,12173.449999963099,12266.549999961744,12270.599999961685,18.100000000000122,69.79999999999818,9.55,0,189.90000000000893,0.2,0,0.0,68.00000000000051
J001531,2023-02-03/KKLD,KKLD,AMR_12,G17_10,WS_25_20,"[""110182"", ""110575""]",2,11991.849999965742,12218.599999962442,12162.999999963251,11991.849999965742,12017.999999965361,12022.049999965302,12152.899999963398,12152.949999963397,12162.949999963252,12162.999999963251,12214.5499999625,12218.599999962442,18.100000000000122,91.09999999999697,16.250000000000096,0,101.0499999999964,0.25,0,12.0,84.00000000000037
J001532,2023-02-03/KKLD,KKLD,AMR_07,G12_10,WS_25_20,"[""107396"", ""134683""]",2,12012.949999965434,12301.499999961236,12178.949999963019,12012.949999965434,12088.349999964337,12092.399999964278,12168.849999963166,12168.899999963165,12178.89999996302,12178.949999963019,12297.449999961294,12301.499999961236,18.100000000000122,163.3500000000029,22.95000000000019,0,83.89999999999738,0.25,0,54.000000000000455,112.00000000000048
J001533,2023-02-03/KKLD,KKLD,AMR_30,G14_15,WS_25_20,"[""107120"", ""110233""]",2,12046.749999964943,12191.349999962838,12130.849999963719,12046.749999964943,12046.749999964943,12050.799999964884,12120.749999963866,12120.799999963865,12130.79999996372,12130.849999963719,12187.299999962897,12191.349999962838,18.100000000000122,68.29999999999826,7.649999999999981,0,50.34999999999928,0.2,0,0.0,72.0000000000001
J001534,2023-02-03/TSGB,TSGB,AMR_27,G8_12,WS_2_20,"[""101096""]",1,12050.849999964883,12332.649999960782,12255.749999961901,12050.849999964883,12204.94999996264,12208.999999962582,12245.649999962048,12245.699999962048,12255.699999961902,12255.749999961901,12328.599999960841,12332.649999960782,18.100000000000122,165.1000000000033,25.850000000000232,0,72.49999999999802,0.25,0,90.00000000000156,84.00000000000091
J001535,2023-02-03/TMTM,TMTM,AMR_02,G18_12,WS_19_20,"[""120775""]",1,12056.799999964796,12185.599999962922,12116.549999963927,12056.799999964796,12071.049999964589,12075.09999996453,12106.449999964074,12106.499999964073,12116.499999963928,12116.549999963927,12181.549999962981,12185.599999962922,18.100000000000122,79.59999999999762,18.200000000000124,0,12.650000000000045,0.25,0,6.0,72.00000000000037
J001536,2023-02-03/SS14,SS14,AMR_18,G18_7,WS_13_20,"[""110151"", ""117431""]",2,12060.099999964748,12364.799999960314,12226.29999996233,12060.099999964748,12085.199999964383,12089.249999964324,12216.199999962477,12216.249999962476,12226.24999996233,12226.29999996233,12360.749999960373,12364.799999960314,18.100000000000122,121.19999999999526,15.300000000000082,0,149.84999999999982,0.25,0,18.0,96.00000000000051
J001537,2023-02-03/KKLD,KKLD,AMR_29,G17_5,WS_25_20,"[""101195"", ""123130""]",2,12061.049999964735,12412.949999959614,12220.79999996241,12061.049999964735,12121.349999963857,12125.399999963798,12210.699999962557,12210.749999962556,12220.74999996241,12220.79999996241,12408.899999959673,12412.949999959614,18.100000000000122,176.35000000000585,24.850000000000218,0,132.34999999999584,0.25,0,48.000000000000206,132.00000000000065
J001538,2023-02-03/SRPA,SRPA,AMR_05,G20_7,WS_8_20,"[""107332""]",1,12065.349999964672,12485.39999995856,12226.199999962331,12065.349999964672,12065.349999964672,12069.399999964613,12216.099999962478,12216.149999962478,12226.149999962332,12226.199999962331,12481.349999958618,12485.39999995856,18.100000000000122,152.30000000000038,19.050000000000136,0,230.40000000001814,0.2,0,0.0,147.99999999999952
J001539,2023-02-03/TSGB,TSGB,AMR_34,G6_10,WS_2_20,"[""107416""]",1,12066.249999964659,12245.54999996205,12210.099999962566,12066.249999964659,12166.699999963197,12170.749999963138,12199.999999962713,12200.049999962712,12210.049999962566,12210.099999962566,12241.499999962109,12245.54999996205,18.100000000000122,102.04999999999634,16.300000000000097,0,42.59999999999972,0.25,0,58.00000000000084,60.000000000000625
J001540,2023-02-03/TMTM,TMTM,AMR_23,G18_14,WS_19_20,"[""112374""]",1,12070.899999964591,12333.949999960763,12282.349999961514,12070.899999964591,12173.599999963097,12177.649999963038,12272.249999961661,12272.29999996166,12282.299999961515,12282.349999961514,12329.899999960822,12333.949999960763,18.100000000000122,84.04999999999737,17.20000000000011,0,143.44999999999837,0.25,0,20.0,56.0
J001541,2023-02-03/SS14,SS14,AMR_06,G20_13,WS_13_20,"[""101122"", ""101297""]",2,12071.449999964583,12583.64999995713,12405.549999959721,12071.449999964583,12165.749999963211,12169.799999963152,12395.449999959868,12395.499999959868,12405.499999959722,12405.549999959721,12579.599999957189,12583.64999995713,18.100000000000122,131.19999999999558,19.150000000000137,0,343.5000000000438,0.25,0,42.000000000000014,76.0
J001542,2023-02-03/TSGB,TSGB,AMR_38,G3_9,WS_2_20,"[""107387""]",1,12077.349999964497,12275.899999961608,12238.149999962157,12077.349999964497,12196.04999996277,12200.099999962711,12228.049999962304,12228.099999962304,12238.099999962158,12238.149999962157,12271.849999961667,12275.899999961608,18.100000000000122,91.29999999999696,13.400000000000055,0,75.49999999999785,0.25,0,36.00000000000004,60.00000000000058
J001543,2023-02-03/TJKR,TJKR,AMR_08,G15_15,WS_30_20,"[""101290"", ""107238"", ""111276"", ""111376"", ""112034"", ""123094"", ""124211"", ""124702"", ""134029""]",9,12091.849999964286,12912.09999995235,12591.999999957008,12091.849999964286,12398.09999995983,12402.14999995977,12581.899999957155,12581.949999957154,12591.949999957009,12591.999999957008,12908.049999952409,12912.09999995235,18.100000000000122,255.7500000000239,47.94999999999941,0,498.200000000079,0.25,0,114.00000000000165,140.00000000000017
J001544,2023-02-03/TJKR,TJKR,AMR_19,G12_2,WS_30_20,"[""110166"", ""110185"", ""110231"", ""110475"", ""121833"", ""124704""]",7,12092.199999964281,12328.04999996085,12234.199999962215,12092.199999964281,12137.999999963615,12142.049999963556,12224.099999962362,12224.149999962361,12234.149999962216,12234.199999962215,12323.999999960908,12328.04999996085,18.100000000000122,170.4000000000045,22.90000000000019,0,24.20000000000021,0.25,0,31.999999999999986,167.9999999999976
J001545,2023-02-03/TJKR,TJKR,AMR_03,G24_8,WS_30_20,"[""110150"", ""110178"", ""110342"", ""110492"", ""121875""]",6,12092.449999964278,12300.699999961247,12255.19999996191,12092.449999964278,12187.699999962892,12191.749999962833,12245.099999962056,12245.149999962056,12255.14999996191,12255.19999996191,12296.649999961306,12300.699999961247,18.100000000000122,124.89999999999505,21.050000000000164,0,43.94999999999964,0.25,0,44.00000000000013,88.00000000000071
J001546,2023-02-03/TJKR,TJKR,AMR_21,G3_15,WS_30_20,"[""110222"", ""110255"", ""110561"", ""110615"", ""112231""]",5,12096.099999964224,13116.599999949374,12272.199999961662,12096.099999964224,12096.099999964224,12100.149999964166,12262.099999961809,12262.149999961808,12272.149999961663,12272.199999961662,13112.549999949433,13116.599999949374,18.100000000000122,194.70000000001002,25.00000000000022,0,782.4999999998361,0.2,0,0.0,191.99999999999653
J001547,2023-02-03/TJKR,TJKR,AMR_17,G17_4,WS_30_20,"[""110466"", ""111330"", ""111999"", ""125535""]",4,12105.199999964092,12395.29999995987,12330.349999960816,12105.199999964092,12254.799999961915,12258.849999961856,12320.249999960963,12320.299999960962,12330.299999960816,12330.349999960816,12391.24999995993,12395.29999995987,18.100000000000122,153.80000000000072,17.15000000000011,0,100.79999999999642,0.25,0,48.00000000000059,132.0000000000021
J001548,2023-02-03/KKLD,KKLD,AMR_15,G17_8,WS_25_20,"[""110333"", ""112361"", ""113201""]",4,12108.299999964047,12393.99999995989,12239.049999962144,12108.299999964047,12168.649999963169,12172.69999996311,12228.949999962291,12228.99999996229,12238.999999962145,12239.049999962144,12389.949999959948,12393.99999995989,18.100000000000122,150.80000000000004,20.05000000000015,0,96.49999999999666,0.25,0,56.00000000000064,112.00000000000108
J001549,2023-02-03/TMTM,TMTM,AMR_13,G20_12,WS_19_20,"[""112386""]",1,12151.299999963421,12384.549999960027,12316.449999961018,12151.299999963421,12240.099999962129,12244.14999996207,12306.349999961165,12306.399999961164,12316.399999961019,12316.449999961018,12380.499999960086,12384.549999960027,18.100000000000122,122.49999999999518,19.100000000000136,0,73.29999999999798,0.25,0,68.0000000000008,48.0
J001550,2023-02-03/SS14,SS14,AMR_24,G20_14,WS_13_20,"[""110150""]",1,12151.299999963421,12397.749999959835,12310.399999961106,12151.299999963421,12231.999999962247,12236.049999962188,12300.299999961253,12300.349999961252,12310.349999961107,12310.399999961106,12393.699999959894,12397.749999959835,18.100000000000122,112.89999999999573,21.950000000000177,0,93.24999999999685,0.25,0,34.0,60.00000000000004
J001551,2023-02-03/TSGB,TSGB,AMR_25,G9_9,WS_2_20,"[""124795""]",1,12155.199999963364,12316.899999961011,12272.99999996165,12155.199999963364,12181.499999962982,12185.549999962923,12262.899999961797,12262.949999961796,12272.949999961651,12272.99999996165,12312.84999996107,12316.899999961011,18.100000000000122,86.9999999999972,13.350000000000055,0,42.999999999999694,0.25,0,16.0,76.00000000000071
J001552,2023-02-03/KKLD,KKLD,AMR_28,G14_12,WS_25_20,"[""107312"", ""110316"", ""110419"", ""110583"", ""112359""]",6,12179.449999963012,12605.64999995681,12499.14999995836,12179.449999963012,12300.999999961243,12305.049999961184,12489.049999958506,12489.099999958506,12499.09999995836,12499.14999995836,12601.599999956868,12605.64999995681,18.100000000000122,139.69999999999752,18.100000000000122,0,250.0500000000226,0.25,0,46.00000000000023,92.00000000000028
J001553,2023-02-03/TMTM,TMTM,AMR_35,G21_12,WS_19_20,"[""101027""]",1,12182.449999962968,12587.549999957073,12369.89999996024,12182.449999962968,12303.049999961213,12307.099999961154,12359.799999960387,12359.849999960386,12369.84999996024,12369.89999996024,12583.499999957132,12587.549999957073,18.100000000000122,153.2500000000006,23.950000000000205,0,209.5500000000134,0.25,0,96.00000000000188,68.00000000000003
J001554,2023-02-03/KKLD,KKLD,AMR_31,G18_15,WS_25_20,"[""107310"", ""110346""]",2,12185.349999962926,12456.049999958987,12409.499999959664,12185.349999962926,12285.249999961472,12289.299999961413,12399.39999995981,12399.44999995981,12409.449999959665,12409.499999959664,12451.999999959045,12456.049999958987,18.100000000000122,90.04999999999703,14.350000000000069,0,147.9499999999994,0.25,0,28.0,56.0
J001555,2023-02-03/SS14,SS14,AMR_02,G18_12,WS_13_20,"[""110194""]",1,12185.649999962921,12535.799999957826,12334.649999960753,12185.649999962921,12185.649999962921,12189.699999962862,12324.5499999609,12324.5999999609,12334.599999960754,12334.649999960753,12531.749999957885,12535.799999957826,18.100000000000122,116.24999999999554,16.250000000000096,0,199.35000000001108,0.2,0,0.0,104.00000000000054
J001556,2023-02-03/TSGB,TSGB,AMR_30,G11_9,WS_2_20,"[""110131""]",1,12191.399999962838,12399.099999959815,12342.249999960643,12191.399999962838,12244.999999962058,12249.049999961999,12332.14999996079,12332.199999960789,12342.199999960643,12342.249999960643,12395.049999959874,12399.099999959815,18.100000000000122,99.74999999999648,14.300000000000068,0,75.29999999999787,0.25,0,22.0,84.00000000000088
J001557,2023-02-03/TMTM,TMTM,AMR_16,G15_12,WS_19_20,"[""110540""]",2,12193.199999962811,13138.599999949054,13007.049999950968,12193.199999962811,12509.549999958208,12513.599999958149,12996.949999951115,12996.999999951115,13006.99999995097,13007.049999950968,13134.549999949113,13138.599999949054,18.100000000000122,184.4500000000077,36.40000000000007,0,706.1999999999055,0.25,0,118.00000000000156,56.00000000000021
J001558,2023-02-03/KKLD,KKLD,AMR_39,G17_9,WS_25_20,"[""110293"", ""134598""]",2,12196.79999996276,12546.599999957669,12375.44999996016,12196.79999996276,12257.94999996187,12261.99999996181,12365.349999960306,12365.399999960306,12375.39999996016,12375.44999996016,12542.549999957728,12546.599999957669,18.100000000000122,108.54999999999598,16.200000000000095,0,206.70000000001275,0.25,0,16.0,92.00000000000026
J001559,2023-02-03/TJKR,TJKR,AMR_33,G15_9,WS_30_20,"[""101276"", ""107259"", ""110513"", ""112036""]",5,12197.599999962747,12553.149999957574,12397.999999959831,12197.599999962747,12278.449999961571,12282.499999961512,12387.899999959978,12387.949999959978,12397.949999959832,12397.999999959831,12549.099999957632,12553.149999957574,18.100000000000122,143.1499999999983,23.000000000000192,0,171.05000000000464,0.25,0,32.0,112.00000000000065
J001560,2023-02-03/SS14,SS14,AMR_01,G21_15,WS_13_20,"[""112357""]",1,12205.899999962627,12368.899999960255,12293.499999961352,12205.899999962627,12229.449999962284,12233.499999962225,12283.399999961499,12283.449999961498,12293.449999961353,12293.499999961352,12364.849999960314,12368.899999960255,18.100000000000122,74.89999999999789,9.5,0,60.249999999998714,0.25,0,14.0,56.00000000000004
J001561,2023-02-03/TSGB,TSGB,AMR_04,G9_13,WS_2_20,"[""109969""]",1,12212.449999962531,13696.399999940937,13653.849999941556,12212.449999962531,13533.549999943307,13537.599999943248,13643.749999941703,13643.799999941702,13653.799999941557,13653.849999941556,13692.349999940996,13696.399999940937,18.100000000000122,485.100000000076,78.79999999999767,0,901.6999999997277,0.25,0,441.9999999999807,68.00000000000068
J001562,2023-02-03/TMTM,TMTM,AMR_12,G18_10,WS_19_20,"[""101013""]",2,12218.649999962441,12383.349999960044,12299.399999961266,12218.649999962441,12222.599999962384,12226.649999962325,12289.299999961413,12289.349999961412,12299.349999961267,12299.399999961266,12379.299999960103,12383.349999960044,18.100000000000122,66.09999999999839,8.549999999999986,0,71.69999999999807,0.25,0,2.0,56.00000000000004
J001563,2023-02-03/KKLD,KKLD,AMR_37,G21_10,WS_25_20,"[""117025"", ""133306""]",2,12223.799999962366,12339.349999960685,12295.149999961328,12223.799999962366,12240.099999962129,12244.14999996207,12285.049999961475,12285.099999961474,12295.099999961329,12295.149999961328,12335.299999960744,12339.349999960685,18.100000000000122,73.69999999999796,13.350000000000055,0,10.15000000000001,0.25,0,10.0,64.00000000000026
J001564,2023-02-03/TSGB,TSGB,AMR_11,G12_9,WS_2_20,"[""101104""]",1,12225.449999962342,12553.549999957568,12468.699999958802,12225.449999962342,12365.04999996031,12369.099999960252,12458.59999995895,12458.649999958949,12468.649999958803,12468.699999958802,12549.499999957627,12553.549999957568,18.100000000000122,176.1500000000058,23.050000000000193,0,110.54999999999586,0.25,0,70.00000000000105,136.0000000000025
J001565,2023-02-03/KKLD,KKLD,AMR_34,G14_7,WS_25_20,"[""124205"", ""134669""]",2,12245.599999962049,12720.799999955134,12641.499999956288,12245.599999962049,12306.799999961158,12310.8499999611,12631.399999956435,12631.449999956434,12641.449999956289,12641.499999956288,12716.749999955193,12720.799999955134,18.100000000000122,175.10000000000556,25.900000000000233,0,255.85000000002393,0.25,0,46.0000000000003,143.99999999999983
J001566,2023-02-03/TJKR,TJKR,AMR_20,G17_15,WS_30_20,"[""107280"", ""110283"", ""110555"", ""112279"", ""112334""]",5,12250.39999996198,12618.149999956628,12574.74999995726,12250.39999996198,12365.649999960302,12369.699999960243,12564.649999957406,12564.699999957405,12574.69999995726,12574.74999995726,12614.099999956687,12618.149999956628,18.100000000000122,93.19999999999685,14.40000000000007,0,241.80000000002073,0.25,0,12.0,84.00000000000001
J001567,2023-02-03/SS14,SS14,AMR_32,G6_12,WS_13_20,"[""104505""]",1,12252.499999961949,13360.499999945825,13292.299999946817,12252.499999961949,12855.449999953174,12859.499999953116,13282.199999946964,13282.249999946964,13292.249999946818,13292.299999946817,13356.449999945884,13360.499999945825,18.100000000000122,274.15000000002806,49.849999999999305,0,765.6499999998514,0.25,0,147.99999999999937,112.00000000000117
J001568,2023-02-03/TSGB,TSGB,AMR_26,G11_8,WS_2_20,"[""101166""]",1,12263.749999961785,12416.449999959563,12359.349999960394,12263.749999961785,12278.299999961573,12282.349999961514,12349.24999996054,12349.29999996054,12359.299999960394,12359.349999960394,12412.399999959622,12416.449999959563,18.100000000000122,93.44999999999683,13.400000000000055,0,27.500000000000256,0.25,0,8.0,88.000000000001
J001569,2023-02-03/TMTM,TMTM,AMR_40,G15_13,WS_19_20,"[""101025""]",2,12263.899999961783,13490.599999943932,13347.84999994601,12263.899999961783,13282.649999946958,13286.699999946899,13337.749999946156,13337.799999946155,13347.79999994601,13347.84999994601,13486.54999994399,13490.599999943932,18.100000000000122,303.4000000000347,53.64999999999909,0,851.2999999997735,0.25,0,221.99999999999852,52.0
J001570,2023-02-03/KKLD,KKLD,AMR_10,G21_9,WS_25_20,"[""110239"", ""135013""]",2,12270.649999961684,12436.249999959275,12392.449999959912,12270.649999961684,12327.449999960858,12331.499999960799,12382.349999960059,12382.399999960058,12392.399999959913,12392.449999959912,12432.199999959334,12436.249999959275,18.100000000000122,106.3499999999961,19.150000000000137,0,21.750000000000174,0.25,0,46.000000000000384,68.00000000000048
J001571,2023-02-03/TJKR,TJKR,AMR_09,G21_14,WS_30_20,"[""101328"", ""111241"", ""111988""]",3,12271.399999961674,12605.199999956816,12525.799999957972,12271.399999961674,12472.24999995875,12476.299999958692,12515.699999958118,12515.749999958118,12525.749999957972,12525.799999957972,12601.149999956875,12605.199999956816,18.100000000000122,102.09999999999634,17.20000000000011,0,196.15000000001035,0.25,0,24.0,80.00000000000054
J001572,2023-02-03/TSGB,TSGB,AMR_38,G9_6,WS_2_20,"[""110179""]",1,12275.949999961607,12441.199999959203,12376.399999960146,12275.949999961607,12312.799999961071,12316.849999961012,12366.299999960293,12366.349999960292,12376.349999960146,12376.399999960146,12437.149999959262,12441.199999959203,18.100000000000122,120.94999999999527,15.300000000000082,0,10.650000000000016,0.25,0,34.000000000000014,108.00000000000193
J001573,2023-02-03/SRPA,SRPA,AMR_22,G21_13,WS_8_20,"[""131976""]",2,12276.999999961592,12613.799999956691,12427.899999959396,12276.999999961592,12276.999999961592,12281.049999961533,12417.799999959543,12417.849999959542,12427.849999959397,12427.899999959396,12609.74999995675,12613.799999956691,18.100000000000122,116.8999999999955,15.300000000000082,0,186.3000000000081,0.2,0,0.0,116.00000000000077
J001574,2023-02-03/TMTM,TMTM,AMR_03,G20_10,WS_19_20,"[""110329""]",1,12300.749999961246,12579.699999957187,12397.44999995984,12300.749999961246,12325.549999960886,12329.599999960827,12387.349999959986,12387.399999959986,12397.39999995984,12397.44999995984,12575.649999957246,12579.699999957187,18.100000000000122,82.69999999999744,15.300000000000082,0,162.60000000000272,0.25,0,20.0,56.00000000000004
J001575,2023-02-03/SS14,SS14,AMR_07,G9_10,WS_13_20,"[""107168""]",1,12301.549999961235,12540.399999957759,12388.249999959973,12301.549999961235,12316.649999961015,12320.699999960956,12378.14999996012,12378.19999996012,12388.199999959974,12388.249999959973,12536.349999957818,12540.399999957759,18.100000000000122,115.1499999999956,17.20000000000011,0,88.14999999999714,0.25,0,10.0,108.00000000000142
J001576,2023-02-03/TMTM,TMTM,AMR_25,G15_10,WS_19_20,"[""101117""]",2,12316.94999996101,12938.399999951967,12671.399999955853,12316.94999996101,12495.249999958416,12499.299999958357,12661.299999956,12661.349999955999,12671.349999955853,12671.399999955853,12934.349999952026,12938.399999951967,18.100000000000122,130.24999999999537,27.75000000000026,0,445.1000000000669,0.25,0,34.0,84.00000000000031
J001577,2023-02-03/KKLD,KKLD,AMR_19,G11_10,WS_25_20,"[""110313"", ""111252""]",2,12328.099999960848,12800.349999953976,12625.59999995652,12328.099999960848,12356.399999960437,12360.449999960378,12615.499999956666,12615.549999956665,12625.54999995652,12625.59999995652,12796.299999954035,12800.349999953976,18.100000000000122,153.10000000000056,19.050000000000136,0,281.7500000000298,0.25,0,22.0,143.9999999999999
J001578,2023-02-03/TJKR,TJKR,AMR_27,G17_13,WS_30_20,"[""110186"", ""110189"", ""110512""]",4,12332.699999960781,13438.349999944692,13284.649999946929,12332.699999960781,13148.749999948906,13152.799999948847,13274.549999947076,13274.599999947075,13284.59999994693,13284.649999946929,13434.299999944751,13438.349999944692,18.100000000000122,440.900000000066,73.89999999999795,0,572.5000000000271,0.25,0,367.99999999998147,104.00000000000034
J001579,2023-02-03/TSGB,TSGB,AMR_23,G14_8,WS_2_20,"[""101177""]",1,12333.999999960763,12958.649999951673,12843.199999953353,12333.999999960763,12747.449999954746,12751.499999954687,12833.0999999535,12833.149999953499,12843.149999953353,12843.199999953353,12954.599999951732,12958.649999951673,18.100000000000122,148.94999999999962,21.050000000000164,0,436.3000000000649,0.25,0,52.00000000000024,100.0000000000012
J001580,2023-02-03/SS14,SS14,AMR_37,G3_14,WS_13_20,"[""115355""]",1,12339.399999960684,12756.699999954611,12709.699999955295,12339.399999960684,12628.899999956471,12632.949999956412,12699.599999955442,12699.649999955442,12709.649999955296,12709.699999955295,12752.64999995467,12756.699999954611,18.100000000000122,213.40000000001427,28.700000000000273,0,156.85000000000142,0.25,0,163.9999999999983,72.0000000000005
J001581,2023-02-03/TSGB,TSGB,AMR_18,G15_8,WS_2_20,"[""112451""]",1,12364.849999960314,13102.849999949574,12746.54999995476,12364.849999960314,12397.699999959836,12401.749999959777,12736.449999954906,12736.499999954905,12746.49999995476,12746.54999995476,13098.799999949633,13102.849999949574,18.100000000000122,169.40000000000427,24.95000000000022,0,525.30000000007,0.25,0,28.000000000000007,144.0000000000009
J001582,2023-02-03/TMTM,TMTM,AMR_01,G14_10,WS_19_20,"[""101193""]",1,12368.949999960254,12809.69999995384,12626.049999956513,12368.949999960254,12465.199999958853,12469.249999958794,12615.94999995666,12615.999999956659,12625.999999956513,12626.049999956513,12805.6499999539,12809.69999995384,18.100000000000122,167.85000000000392,20.950000000000163,0,233.60000000001887,0.25,0,28.0,148.00000000000068
J001583,2023-02-03/TSGB,TSGB,AMR_12,G18_10,WS_2_20,"[""125535""]",1,12383.399999960044,12907.199999952421,12514.399999958137,12383.399999960044,12383.399999960044,12387.449999959985,12504.299999958284,12504.349999958284,12514.349999958138,12514.399999958137,12903.14999995248,12907.199999952421,18.100000000000122,175.3000000000056,22.05000000000018,0,308.1500000000358,0.2,0,0.0,187.99999999999721
J001584,2023-02-03/KKLD,KKLD,AMR_13,G15_14,WS_25_20,"[""101075"", ""110502""]",2,12384.599999960026,13493.899999943884,13369.699999945691,12384.599999960026,13310.199999946557,13314.249999946498,13359.599999945838,13359.649999945837,13369.649999945692,13369.699999945691,13489.849999943943,13493.899999943884,18.100000000000122,342.4500000000436,68.99999999999822,0,679.4999999999297,0.25,0,269.99999999999136,71.99999999999997
J001585,2023-02-03/SS14,SS14,AMR_15,G3_13,WS_13_20,"[""111226""]",1,12394.049999959889,12593.649999956984,12554.349999957556,12394.049999959889,12497.199999958388,12501.249999958329,12544.249999957703,12544.299999957702,12554.299999957557,12554.349999957556,12589.599999957043,12593.649999956984,18.100000000000122,131.7499999999957,19.150000000000137,0,30.350000000000296,0.25,0,78.00000000000126,76.0000000000009
J001586,2023-02-03/TJKR,TJKR,AMR_17,G20_12,WS_30_20,"[""101097"", ""107458"", ""111246""]",4,12395.34999995987,12968.549999951529,12925.84999995215,12395.34999995987,12819.499999953698,12823.549999953639,12915.749999952297,12915.799999952296,12925.79999995215,12925.84999995215,12964.499999951588,12968.549999951529,18.100000000000122,265.150000000026,46.94999999999947,0,242.75000000002095,0.25,0,185.99999999999866,88.00000000000031
J001587,2023-02-03/TMTM,TMTM,AMR_24,G9_15,WS_19_20,"[""123034""]",1,12397.799999959834,12772.249999954385,12738.049999954883,12397.799999959834,12630.99999995644,12635.049999956382,12727.94999995503,12727.99999995503,12737.999999954884,12738.049999954883,12768.199999954444,12772.249999954385,18.100000000000122,90.24999999999702,12.450000000000042,0,253.40000000002337,0.25,0,32.0,68.00000000000061
J001588,2023-02-03/TSGB,TSGB,AMR_30,G21_15,WS_2_20,"[""135012""]",1,12399.149999959815,12786.499999954178,12680.699999955717,12399.149999959815,12607.099999956788,12611.14999995673,12670.599999955864,12670.649999955864,12680.649999955718,12680.699999955717,12782.449999954237,12786.499999954178,18.100000000000122,178.15000000000626,22.000000000000178,0,168.85000000000414,0.25,0,84.00000000000094,100.00000000000088
J001589,2023-02-03/KKLD,KKLD,AMR_29,G12_7,WS_25_20,"[""107330"", ""110212""]",2,12412.999999959613,12643.199999956263,12559.149999957486,12412.999999959613,12445.099999959146,12449.149999959087,12549.049999957633,12549.099999957632,12559.099999957487,12559.149999957486,12639.149999956322,12643.199999956263,18.100000000000122,148.29999999999947,21.050000000000164,0,42.49999999999972,0.25,0,22.00000000000002,144.00000000000017
J001590,2023-02-03/SS14,SS14,AMR_26,G11_8,WS_13_20,"[""101166""]",1,12416.499999959562,12530.799999957899,12492.699999958453,12416.499999959562,12416.499999959562,12420.549999959503,12482.5999999586,12482.6499999586,12492.649999958454,12492.699999958453,12526.749999957958,12530.799999957899,18.100000000000122,68.04999999999828,9.55,0,18.400000000000126,0.2,0,0.0,72.00000000000077
J001591,2023-02-03/SRSD,SRSD,AMR_10,G12_15,WS_8_20,"[""110604"", ""111376"", ""132437""]",3,12436.299999959274,12891.999999952643,12849.099999953267,12436.299999959274,12763.149999954518,12767.199999954459,12838.999999953414,12839.049999953413,12849.049999953268,12849.099999953267,12887.949999952702,12891.999999952643,18.100000000000122,191.00000000000918,31.700000000000315,0,214.65000000001456,0.25,0,162.00000000000108,44.000000000000256
J001592,2023-02-03/SRSD,SRSD,AMR_38,G12_10,WS_8_20,"[""101060"", ""110171"", ""110482""]",3,12441.249999959202,12610.749999956735,12558.749999957492,12441.249999959202,12465.299999958852,12469.349999958793,12548.649999957639,12548.699999957638,12558.699999957493,12558.749999957492,12606.699999956794,12610.749999956735,18.100000000000122,78.44999999999769,14.350000000000069,0,58.34999999999882,0.25,0,18.0,64.0000000000006
J001593,2023-02-03/SRSD,SRSD,AMR_31,G17_10,WS_8_20,"[""110168"", ""110575"", ""111380""]",3,12456.099999958986,13261.649999947263,12873.699999952909,12456.099999958986,12593.999999956979,12598.04999995692,12863.599999953056,12863.649999953055,12873.64999995291,12873.699999952909,13257.599999947322,13261.649999947263,18.100000000000122,169.30000000000425,17.20000000000011,0,600.7000000000014,0.25,0,16.0,159.99999999999883
J001594,2023-02-03/SRSD,SRSD,AMR_14,G3_6,WS_8_20,"[""110305"", ""110615"", ""127627""]",3,12474.199999958722,12636.949999956354,12574.949999957256,12474.199999958722,12507.549999958237,12511.599999958178,12564.849999957403,12564.899999957403,12574.899999957257,12574.949999957256,12632.899999956413,12636.949999956354,18.100000000000122,120.74999999999528,17.15000000000011,0,6.499999999999985,0.25,0,24.000000000000025,108.00000000000169
J001595,2023-02-03/SS14,SS14,AMR_05,G8_8,WS_13_20,"[""111368""]",1,12485.449999958559,12734.499999954935,12692.449999955546,12485.449999958559,12598.399999956915,12602.449999956856,12682.349999955693,12682.399999955693,12692.399999955547,12692.449999955546,12730.449999954993,12734.499999954935,18.100000000000122,143.0999999999983,23.050000000000193,0,64.54999999999848,0.25,0,70.00000000000111,92.00000000000131
J001596,2023-02-03/SRSD,SRSD,AMR_36,G14_15,WS_8_20,"[""101329"", ""133300""]",2,12496.249999958402,12685.649999955645,12634.849999956385,12496.249999958402,12595.499999956957,12599.549999956898,12624.749999956532,12624.79999995653,12634.799999956385,12634.849999956385,12681.599999955704,12685.649999955645,18.100000000000122,89.49999999999706,16.300000000000097,0,65.24999999999844,0.25,0,36.000000000000014,52.0000000000002
J001597,2023-02-03/TJKR,TJKR,AMR_26,G14_14,WS_30_20,"[""101095"", ""107459"", ""112066""]",3,12530.849999957898,13296.89999994675,12850.89999995324,12530.849999957898,12773.94999995436,12777.999999954302,12840.799999953388,12840.849999953387,12850.849999953241,12850.89999995324,13292.84999994681,13296.89999994675,18.100000000000122,277.4500000000288,44.049999999999635,0,426.20000000006263,0.25,0,98.00000000000122,187.99999999999648
J001598,2023-02-03/TSGB,TSGB,AMR_02,G9_12,WS_2_20,"[""135158""]",2,12535.849999957825,12807.749999953869,12763.599999954511,12535.849999957825,12709.899999955293,12713.949999955234,12753.499999954658,12753.549999954657,12763.549999954512,12763.599999954511,12803.699999953928,12807.749999953869,18.100000000000122,104.44999999999621,16.300000000000097,0,132.79999999999595,0.25,0,34.0,72.00000000000094
J001599,2023-02-03/KKLD,KKLD,AMR_07,G11_8,WS_25_20,"[""107136"", ""110363""]",2,12540.449999957758,12853.149999953208,12746.799999954756,12540.449999957758,12567.999999957357,12572.049999957298,12736.699999954903,12736.749999954902,12746.749999954756,12746.799999954756,12849.099999953267,12853.149999953208,18.100000000000122,158.45000000000178,22.90000000000019,0,112.99999999999572,0.25,0,12.0,159.99999999999739
J001600,2023-02-03/SS14,SS14,AMR_39,G20_9,WS_13_20,"[""111243""]",1,12546.649999957668,12863.799999953053,12750.6499999547,12546.649999957668,12642.499999956273,12646.549999956214,12740.549999954846,12740.599999954846,12750.5999999547,12750.6499999547,12859.749999953112,12863.799999953053,18.100000000000122,157.35000000000153,22.95000000000019,0,118.49999999999541,0.25,0,38.00000000000007,128.00000000000136
J001601,2023-02-03/TMTM,TMTM,AMR_33,G20_7,WS_19_20,"[""138090""]",2,12553.199999957573,12816.199999953746,12716.749999955193,12553.199999957573,12632.949999956412,12636.999999956353,12706.64999995534,12706.699999955339,12716.699999955194,12716.749999955193,12812.149999953805,12816.199999953746,18.100000000000122,105.49999999999615,15.300000000000082,0,123.8499999999951,0.25,0,29.999999999999993,68.00000000000031
J001602,2023-02-03/SRSD,SRSD,AMR_11,G14_13,WS_8_20,"[""107130"", ""110418""]",2,12553.599999957567,12863.29999995306,12773.449999954368,12553.599999957567,12721.549999955123,12725.599999955064,12763.349999954515,12763.399999954514,12773.399999954368,12773.449999954368,12859.24999995312,12863.29999995306,18.100000000000122,124.89999999999505,19.150000000000137,0,147.29999999999924,0.25,0,64.00000000000058,60.000000000000185
J001603,2023-02-03/TJKR,TJKR,AMR_03,G15_4,WS_30_20,"[""110390"", ""110450"", ""123310""]",3,12579.749999957186,12769.449999954426,12688.7499999556,12579.749999957186,12609.149999956759,12613.1999999567,12678.649999955747,12678.699999955747,12688.699999955601,12688.7499999556,12765.399999954485,12769.449999954426,18.100000000000122,138.59999999999727,18.150000000000123,0,14.600000000000072,0.25,0,25.99999999999999,140.00000000000108
J001604,2023-02-03/KKLD,KKLD,AMR_06,G20_13,WS_25_20,"[""124184"", ""138352""]",2,12583.699999957129,12707.599999955326,12657.449999956056,12583.699999957129,12583.699999957129,12587.74999995707,12647.349999956203,12647.399999956202,12657.399999956056,12657.449999956056,12703.549999955385,12707.599999955326,18.100000000000122,60.4999999999987,9.55,0,35.55000000000012,0.2,0,0.0,64.00000000000021
J001605,2023-02-03/SS14,SS14,AMR_35,G15_9,WS_13_20,"[""110513""]",1,12587.599999957072,13297.349999946744,12941.149999951927,12587.599999957072,12791.14999995411,12795.199999954051,12931.049999952074,12931.099999952074,12941.099999951928,12941.149999951927,13293.299999946803,13297.349999946744,18.100000000000122,123.79999999999511,23.900000000000205,0,543.7000000000533,0.25,0,34.0,76.00000000000028
J001606,2023-02-03/SRSD,SRSD,AMR_15,G18_14,WS_8_20,"[""110530"", ""112059"", ""112369"", ""112374""]",4,12593.699999956983,13193.749999948252,13111.34999994945,12593.699999956983,12682.499999955691,12686.549999955632,13101.249999949598,13101.299999949597,13111.299999949451,13111.34999994945,13189.69999994831,13193.749999948252,18.100000000000122,187.1500000000083,30.6000000000003,0,363.9500000000485,0.25,0,52.0000000000001,132.0000000000006
J001607,2023-02-03/TJKR,TJKR,AMR_09,G14_4,WS_30_20,"[""110385"", ""111228"", ""111237""]",3,12605.249999956815,12977.599999951397,12908.749999952399,12605.249999956815,12814.349999953773,12818.399999953714,12898.649999952546,12898.699999952545,12908.6999999524,12908.749999952399,12973.549999951456,12977.599999951397,18.100000000000122,160.05000000000214,18.100000000000122,0,175.85000000000574,0.25,0,42.00000000000031,143.99999999999983
J001608,2023-02-03/TSGB,TSGB,AMR_28,G17_9,WS_2_20,"[""134598""]",1,12605.699999956809,13149.399999948897,12728.399999955023,12605.699999956809,12625.699999956518,12629.749999956459,12718.29999995517,12718.34999995517,12728.349999955024,12728.399999955023,13145.349999948956,13149.399999948897,18.100000000000122,173.0000000000051,22.000000000000178,0,330.35000000004084,0.25,0,12.0,160.00000000000043
J001609,2023-02-03/KKLD,KKLD,AMR_38,G3_13,WS_25_20,"[""110494"", ""111226""]",2,12610.799999956735,13207.049999948058,12833.999999953487,12610.799999956735,12673.999999955815,12678.049999955756,12823.899999953634,12823.949999953633,12833.949999953487,12833.999999953487,13202.999999948117,13207.049999948058,18.100000000000122,202.80000000001186,23.900000000000205,0,351.2000000000456,0.25,0,60.00000000000077,155.99999999999818
J001610,2023-02-03/SS14,SS14,AMR_22,G14_12,WS_13_20,"[""110323"", ""110450"", ""124210""]",3,12613.84999995669,13368.44999994571,13336.299999946177,12613.84999995669,13273.149999947096,13277.199999947037,13326.199999946324,13326.249999946323,13336.249999946178,13336.299999946177,13364.399999945768,13368.44999994571,18.100000000000122,204.60000000001227,45.999999999999524,0,485.65000000007615,0.25,0,140.00000000000063,48.00000000000013
J001611,2023-02-03/SRSD,SRSD,AMR_20,G17_14,WS_8_20,"[""110504"", ""123310""]",2,12618.199999956627,13145.199999948958,12742.949999954812,12618.199999956627,12621.499999956579,12625.54999995652,12732.849999954959,12732.899999954958,12742.899999954812,12742.949999954812,13141.149999949017,13145.199999948958,18.100000000000122,110.14999999999588,16.250000000000096,0,382.25000000005264,0.25,0,2.0,96.00000000000045
J001612,2023-02-03/TMTM,TMTM,AMR_14,G11_9,WS_19_20,"[""111208""]",1,12636.999999956353,13186.799999948353,12812.099999953805,12636.999999956353,12674.34999995581,12678.39999995575,12801.999999953952,12802.049999953952,12812.049999953806,12812.099999953805,13182.749999948412,13186.799999948353,18.100000000000122,173.15000000000512,28.700000000000273,0,329.60000000004067,0.25,0,33.999999999999986,124.00000000000028
J001613,2023-02-03/KKLD,KKLD,AMR_29,G3_12,WS_25_20,"[""104397"", ""110220""]",2,12643.249999956262,12878.749999952835,12817.799999953722,12643.249999956262,12709.3999999553,12713.44999995524,12807.69999995387,12807.749999953869,12817.749999953723,12817.799999953722,12874.699999952894,12878.749999952835,18.100000000000122,164.6500000000032,20.05000000000015,0,32.450000000000294,0.25,0,60.00000000000081,132.0000000000012
J001614,2023-02-03/KKLD,KKLD,AMR_36,G2_14,WS_25_20,"[""110170"", ""111328""]",2,12685.699999955645,13205.699999948078,13077.949999949937,12685.699999955645,12758.649999954583,12762.699999954524,13067.849999950084,13067.899999950083,13077.899999949937,13077.949999949937,13201.649999948137,13205.699999948078,18.100000000000122,177.4000000000061,22.05000000000018,0,302.20000000003444,0.25,0,38.00000000000007,151.99999999999767
J001615,2023-02-03/TJKR,TJKR,AMR_06,G11_4,WS_30_20,"[""112059"", ""123763"", ""138468""]",3,12707.649999955325,13050.24999995034,12955.199999951723,12707.649999955325,12837.649999953434,12841.699999953375,12945.09999995187,12945.14999995187,12955.149999951724,12955.199999951723,13046.199999950399,13050.24999995034,18.100000000000122,179.85000000000664,21.950000000000177,0,122.44999999999519,0.25,0,40.00000000000021,167.99999999999733
J001616,2023-02-03/SS14,SS14,AMR_34,G21_13,WS_13_20,"[""131976""]",1,12720.849999955133,13239.799999947581,12921.04999995222,12720.849999955133,12826.84999995359,12830.899999953532,12910.949999952367,12910.999999952366,12920.99999995222,12921.04999995222,13235.74999994764,13239.799999947581,18.100000000000122,211.10000000001375,34.40000000000018,0,255.10000000002375,0.25,0,86.00000000000068,128.0000000000014
J001617,2023-02-03/TSGB,TSGB,AMR_05,G17_7,WS_2_20,"[""101189""]",1,12734.549999954934,13305.399999946627,13230.599999947715,12734.549999954934,12902.999999952483,12907.049999952424,13220.499999947862,13220.549999947862,13230.549999947716,13230.599999947715,13301.349999946686,13305.399999946627,18.100000000000122,235.60000000001932,30.6500000000003,0,286.2500000000308,0.25,0,92.00000000000105,179.9999999999969
J001618,2023-02-03/TMTM,TMTM,AMR_37,G9_10,WS_19_20,"[""125181""]",2,12756.74999995461,13376.449999945593,13303.699999946652,12756.74999995461,12785.099999954198,12789.14999995414,13293.599999946799,13293.649999946798,13303.649999946652,13303.699999946652,13372.399999945652,13376.449999945593,18.100000000000122,215.50000000001475,28.650000000000272,0,357.20000000004694,0.25,0,19.999999999999964,215.99999999999488
J001619,2023-02-03/TSGB,TSGB,AMR_03,G18_8,WS_2_20,"[""101150""]",1,12769.499999954425,13201.649999948137,12926.49999995214,12769.499999954425,12803.54999995393,12807.59999995387,12916.399999952288,12916.449999952287,12926.449999952141,12926.49999995214,13197.599999948196,13201.649999948137,18.100000000000122,176.40000000000586,18.150000000000123,0,219.2500000000156,0.25,0,22.00000000000002,183.9999999999993
J001620,2023-02-03/SRSD,SRSD,AMR_24,G9_15,WS_8_20,"[""101182"", ""107573""]",3,12772.299999954384,12871.299999952944,12808.599999953856,12772.299999954384,12772.299999954384,12776.349999954326,12798.499999954003,12798.549999954002,12808.549999953857,12808.599999953856,12867.249999953003,12871.299999952944,18.100000000000122,38.99999999999992,5.699999999999988,0,36.00000000000009,0.2,0,0.0,35.99999999999997
J001621,2023-02-03/KKLD,KKLD,AMR_30,G3_6,WS_25_20,"[""110255"", ""110615""]",2,12786.549999954177,13327.499999946305,13205.899999948075,12786.549999954177,12902.899999952484,12906.949999952425,13195.799999948222,13195.849999948221,13205.849999948075,13205.899999948075,13323.449999946364,13327.499999946305,18.100000000000122,249.00000000002237,31.550000000000313,0,242.0500000000208,0.25,0,98.00000000000175,187.999999999995
J001622,2023-02-03/SS14,SS14,AMR_19,G9_7,WS_13_20,"[""110442""]",1,12800.399999953976,13195.999999948219,13020.799999950768,12800.399999953976,12856.44999995316,12860.499999953101,13010.699999950915,13010.749999950915,13020.749999950769,13020.799999950768,13191.949999948278,13195.999999948219,18.100000000000122,145.54999999999885,17.15000000000011,0,214.55000000001453,0.25,0,42.000000000000185,88.00000000000026
J001623,2023-02-03/TMTM,TMTM,AMR_02,G6_14,WS_19_20,"[""118520""]",1,12807.799999953868,13163.149999948697,13042.449999950453,12807.799999953868,12828.94999995356,12832.999999953501,13032.3499999506,13032.3999999506,13042.399999950454,13042.449999950453,13159.099999948756,13163.149999948697,18.100000000000122,106.09999999999611,20.05000000000015,0,210.8500000000137,0.25,0,14.0,88.0000000000004
J001624,2023-02-03/SRSD,SRSD,AMR_01,G18_9,WS_8_20,"[""111295"", ""111363""]",2,12809.74999995384,13345.199999946048,13211.299999947996,12809.74999995384,13139.799999949037,13143.849999948978,13201.199999948143,13201.249999948142,13211.249999947997,13211.299999947996,13341.149999946107,13345.199999946048,18.100000000000122,178.15000000000626,27.85000000000026,0,311.10000000003646,0.25,0,82.00000000000108,100.00000000000063
J001625,2023-02-03/TSGB,TSGB,AMR_33,G17_6,WS_2_20,"[""111361""]",1,12816.249999953745,13157.849999948774,13083.999999949849,12816.249999953745,12846.599999953303,12850.649999953244,13073.899999949996,13073.949999949995,13083.94999994985,13083.999999949849,13153.799999948833,13157.849999948774,18.100000000000122,182.3500000000072,21.000000000000163,0,119.89999999999533,0.25,0,24.000000000000007,179.9999999999956
J001626,2023-02-03/KKLD,KKLD,AMR_07,G27_14,WS_25_20,"[""107448""]",1,12853.199999953207,13084.399999949843,13044.899999950418,12853.199999953207,13002.999999951027,13007.049999950968,13034.799999950565,13034.849999950564,13044.849999950418,13044.899999950418,13080.349999949902,13084.399999949843,18.100000000000122,148.8999999999996,24.90000000000022,0,39.04999999999992,0.25,0,120.0000000000023,48.00000000000004
J001627,2023-02-03/SRSD,SRSD,AMR_11,G11_10,WS_8_20,"[""101147"", ""110526"", ""111373""]",4,12863.34999995306,13108.799999949488,13016.49999995083,12863.34999995306,12950.099999951797,12954.149999951738,13006.399999950978,13006.449999950977,13016.449999950832,13016.49999995083,13104.749999949547,13108.799999949488,18.100000000000122,72.44999999999803,12.400000000000041,0,142.2499999999981,0.25,0,12.0,60.00000000000033
J001628,2023-02-03/TJKR,TJKR,AMR_39,G14_15,WS_30_20,"[""110233"", ""111249"", ""112288""]",3,12863.849999953052,13456.599999944427,13366.39999994574,12863.849999953052,13267.999999947171,13272.049999947112,13356.299999945886,13356.349999945885,13366.34999994574,13366.39999994574,13452.549999944486,13456.599999944427,18.100000000000122,248.95000000002236,35.50000000000012,0,289.95000000003165,0.25,0,179.9999999999999,92.00000000000004
J001629,2023-02-03/TMTM,TMTM,AMR_24,G11_8,WS_19_20,"[""111247""]",1,12871.349999952943,13298.199999946732,13202.09999994813,12871.349999952943,13055.999999950256,13060.049999950197,13191.999999948277,13192.049999948276,13202.04999994813,13202.09999994813,13294.14999994679,13298.199999946732,18.100000000000122,188.75000000000867,29.700000000000287,0,190.05000000000896,0.25,0,106.00000000000236,104.00000000000131
J001630,2023-02-03/SRSD,SRSD,AMR_29,G11_5,WS_8_20,"[""101296"", ""123305""]",2,12878.799999952835,13373.649999945634,13321.449999946393,12878.799999952835,12926.399999952142,12930.449999952083,13311.34999994654,13311.39999994654,13321.399999946394,13321.449999946393,13369.599999945693,13373.649999945634,18.100000000000122,224.85000000001688,31.550000000000313,0,220.1000000000158,0.25,0,38.0,195.99999999999903
J001631,2023-02-03/TSGB,TSGB,AMR_10,G18_6,WS_2_20,"[""112404""]",2,12892.049999952642,13342.749999946083,13163.249999948695,12892.049999952642,13069.149999950065,13073.199999950006,13153.149999948842,13153.199999948842,13163.199999948696,13163.249999948695,13338.699999946142,13342.749999946083,18.100000000000122,197.05000000001056,20.05000000000015,0,215.2500000000147,0.25,0,78.00000000000117,144.00000000000088
J001632,2023-02-03/KKLD,KKLD,AMR_12,G21_14,WS_25_20,"[""110533""]",2,12907.24999995242,13015.999999950838,12986.699999951265,12907.24999995242,12930.899999952077,12934.949999952018,12976.599999951412,12976.64999995141,12986.649999951265,12986.699999951265,13011.949999950897,13015.999999950838,18.100000000000122,66.39999999999837,14.350000000000069,0,9.650000000000002,0.25,0,18.0,48.000000000000114
J001633,2023-02-03/TJKR,TJKR,AMR_08,G9_6,WS_30_20,"[""110179"", ""110301"", ""111380""]",3,12912.14999995235,13296.699999946753,13166.899999948642,12912.14999995235,13061.399999950178,13065.449999950119,13156.79999994879,13156.849999948789,13166.849999948643,13166.899999948642,13292.649999946812,13296.699999946753,18.100000000000122,210.95000000001372,23.900000000000205,0,131.34999999999562,0.25,0,78.00000000000094,171.99999999999602
J001634,2023-02-03/SS14,SS14,AMR_25,G18_10,WS_13_20,"[""112452""]",1,12938.449999951967,13415.249999945028,13246.549999947483,12938.449999951967,12998.799999951088,13002.84999995103,13236.44999994763,13236.49999994763,13246.499999947484,13246.549999947483,13411.199999945087,13415.249999945028,18.100000000000122,120.29999999999531,17.100000000000108,0,321.0500000000387,0.25,0,38.000000000000085,76.00000000000057
J001635,2023-02-03/TJKR,TJKR,AMR_23,G3_14,WS_30_20,"[""110210"", ""110343"", ""112013""]",4,12958.699999951672,13424.69999994489,13349.099999945991,12958.699999951672,13059.8999999502,13063.94999995014,13338.999999946138,13339.049999946137,13349.049999945992,13349.099999945991,13420.64999994495,13424.69999994489,18.100000000000122,218.05000000001533,24.850000000000218,0,204.7500000000123,0.25,0,70.00000000000132,175.9999999999959
J001636,2023-02-03/SRSD,SRSD,AMR_17,G20_12,WS_8_20,"[""101097"", ""112386""]",2,12968.599999951528,13324.999999946342,13195.499999948226,12968.599999951528,12968.599999951528,12972.649999951469,13185.399999948373,13185.449999948372,13195.449999948227,13195.499999948226,13320.9499999464,13324.999999946342,18.100000000000122,82.29999999999747,9.55,0,246.25000000002174,0.2,0,0.0,88.0000000000008
J001637,2023-02-03/TSGB,TSGB,AMR_09,G15_15,WS_2_20,"[""124211""]",2,12977.649999951396,13308.64999994658,13247.599999947468,12977.649999951396,13186.549999948356,13190.599999948297,13237.499999947615,13237.549999947614,13247.549999947469,13247.599999947468,13304.599999946638,13308.64999994658,18.100000000000122,177.30000000000607,26.800000000000246,0,108.54999999999598,0.25,0,120.00000000000196,76.00000000000091
J001638,2023-02-03/TMTM,TMTM,AMR_12,G11_7,WS_19_20,"[""120318""]",1,13016.049999950837,13363.749999945778,13286.699999946899,13016.049999950837,13131.049999949164,13135.099999949105,13276.599999947046,13276.649999947045,13286.6499999469,13286.699999946899,13359.699999945837,13363.749999945778,18.100000000000122,204.3000000000122,26.800000000000246,0,98.24999999999656,0.25,0,98.00000000000148,124.00000000000156
J001639,2023-02-03/KKLD,KKLD,AMR_06,G20_14,WS_25_20,"[""107329""]",1,13050.299999950339,13357.099999945875,13323.999999946356,13050.299999950339,13268.149999947169,13272.19999994711,13313.899999946503,13313.949999946502,13323.949999946357,13323.999999946356,13353.049999945933,13357.099999945875,18.100000000000122,183.85000000000755,27.70000000000026,0,76.89999999999777,0.25,0,134.00000000000134,60.000000000000114
J001640,2023-02-03/SS14,SS14,AMR_07,G14_8,WS_13_20,"[""101177""]",1,13084.449999949842,13518.099999943532,13365.69999994575,13084.449999949842,13212.799999947974,13216.849999947915,13355.599999945896,13355.649999945896,13365.64999994575,13365.69999994575,13514.04999994359,13518.099999943532,18.100000000000122,155.000000000001,23.000000000000192,0,237.3000000000197,0.25,0,106.00000000000145,64.0000000000003
J001641,2023-02-03/KKLD,KKLD,AMR_18,G17_15,WS_25_20,"[""101014""]",1,13102.899999949574,13325.399999946336,13294.89999994678,13102.899999949574,13237.599999947613,13241.649999947555,13284.799999946927,13284.849999946926,13294.84999994678,13294.89999994678,13321.349999946395,13325.399999946336,18.100000000000122,99.2999999999965,18.300000000000125,0,86.54999999999723,0.25,0,46.00000000000006,60.00000000000003
J001642,2023-02-03/TJKR,TJKR,AMR_11,G21_12,WS_30_20,"[""110319"", ""132276""]",2,13108.849999949487,13439.999999944668,13383.449999945491,13108.849999949487,13290.149999946849,13294.19999994679,13373.349999945638,13373.399999945637,13383.399999945492,13383.449999945491,13435.949999944727,13439.999999944668,18.100000000000122,111.49999999999581,18.200000000000124,0,183.10000000000738,0.25,0,32.0,80.00000000000031
J001643,2023-02-03/SRSD,SRSD,AMR_21,G20_10,WS_8_20,"[""110461"", ""125463""]",2,13116.649999949374,13627.49999994194,13405.249999945174,13116.649999949374,13315.249999946484,13319.299999946425,13395.14999994532,13395.19999994532,13405.199999945175,13405.249999945174,13623.449999941999,13627.49999994194,18.100000000000122,164.6500000000032,19.050000000000136,0,308.80000000003594,0.25,0,43.999999999999986,120.00000000000105
J001644,2023-02-03/TSGB,TSGB,AMR_16,G21_10,WS_2_20,"[""111229""]",1,13138.649999949053,13591.04999994247,13350.099999945976,13138.649999949053,13233.299999947676,13237.349999947617,13339.999999946123,13340.049999946123,13350.049999945977,13350.099999945976,13586.999999942529,13591.04999994247,18.100000000000122,177.9000000000062,15.250000000000082,0,240.90000000002053,0.25,0,16.0,187.99999999999525
J001645,2023-02-03/TMTM,TMTM,AMR_20,G12_6,WS_19_20,"[""110551""]",1,13145.249999948957,13636.549999941808,13562.599999942884,13145.249999948957,13438.199999944694,13442.249999944635,13552.499999943031,13552.54999994303,13562.549999942885,13562.599999942884,13632.499999941867,13636.549999941808,18.100000000000122,190.75000000000912,26.800000000000246,0,255.40000000002382,0.25,0,94.00000000000136,112.00000000000196
J001646,2023-02-03/SS14,SS14,AMR_28,G20_8,WS_13_20,"[""131980""]",1,13149.449999948896,13429.899999944815,13275.699999947059,13149.449999948896,13177.449999948489,13181.49999994843,13265.599999947206,13265.649999947205,13275.64999994706,13275.699999947059,13425.849999944874,13429.899999944815,18.100000000000122,122.49999999999518,21.050000000000164,0,118.5499999999954,0.25,0,20.0,104.00000000000111
J001647,2023-02-03/KKLD,KKLD,AMR_33,G18_13,WS_25_20,"[""113197""]",1,13157.899999948773,13313.249999946513,13278.649999947016,13157.899999948773,13226.19999994778,13230.24999994772,13268.549999947163,13268.599999947162,13278.599999947017,13278.649999947016,13309.199999946572,13313.249999946513,18.100000000000122,82.84999999999744,15.300000000000082,0,38.84999999999993,0.25,0,24.0,64.00000000000021
J001648,2023-02-03/SRSD,SRSD,AMR_02,G17_9,WS_8_20,"[""101200"", ""112294""]",2,13163.199999948696,13697.949999940914,13570.199999942774,13163.199999948696,13324.599999946347,13328.649999946289,13560.09999994292,13560.14999994292,13570.149999942774,13570.199999942774,13693.899999940973,13697.949999940914,18.100000000000122,192.30000000000948,30.6000000000003,0,293.50000000003246,0.25,0,32.0,164.00000000000014
J001649,2023-02-03/TJKR,TJKR,AMR_14,G17_12,WS_30_20,"[""101018"", ""110284""]",2,13186.849999948352,13554.899999942996,13400.499999945243,13186.849999948352,13299.749999946709,13303.79999994665,13390.39999994539,13390.44999994539,13400.449999945244,13400.499999945243,13550.849999943055,13554.899999942996,18.100000000000122,121.54999999999524,15.300000000000082,0,212.85000000001415,0.25,0,22.0,100.00000000000028
J001650,2023-02-03/TSGB,TSGB,AMR_15,G23_14,WS_2_20,"[""113227""]",1,13193.79999994825,13450.499999944515,13284.299999946934,13193.79999994825,13220.049999947869,13224.09999994781,13274.19999994708,13274.24999994708,13284.249999946935,13284.299999946934,13446.449999944574,13450.499999944515,18.100000000000122,133.4499999999961,19.150000000000137,0,85.74999999999727,0.25,0,18.0,128.00000000000168
J001651,2023-02-03/SRSD,SRSD,AMR_19,G3_15,WS_8_20,"[""112231""]",1,13196.049999948218,13313.199999946513,13286.199999946906,13196.049999948218,13242.149999947547,13246.199999947488,13276.099999947053,13276.149999947052,13286.149999946907,13286.199999946906,13309.149999946572,13313.199999946513,18.100000000000122,84.49999999999734,12.400000000000041,0,1.900000000000001,0.25,0,48.00000000000058,48.000000000000114
J001652,2023-02-03/TMTM,TMTM,AMR_03,G8_8,WS_19_20,"[""107449""]",1,13201.699999948136,13432.749999944774,13372.949999945644,13201.699999948136,13261.649999947263,13265.699999947205,13362.84999994579,13362.89999994579,13372.899999945645,13372.949999945644,13428.699999944833,13432.749999944774,18.100000000000122,167.20000000000377,19.150000000000137,0,26.35000000000024,0.25,0,48.000000000000426,151.99999999999946
J001653,2023-02-03/SS14,SS14,AMR_36,G26_15,WS_13_20,"[""111289""]",1,13205.749999948077,13726.4499999405,13679.949999941176,13205.749999948077,13624.599999941982,13628.649999941923,13669.849999941323,13669.899999941323,13679.899999941177,13679.949999941176,13722.399999940559,13726.4499999405,18.100000000000122,180.45000000000678,25.75000000000023,0,296.15000000003306,0.25,0,106.0000000000005,76.00000000000034
J001654,2023-02-03/KKLD,KKLD,AMR_38,G17_14,WS_25_20,"[""107232""]",1,13207.099999948057,13633.69999994185,13593.09999994244,13207.099999948057,13496.24999994385,13500.29999994379,13582.999999942587,13583.049999942587,13593.049999942441,13593.09999994244,13629.649999941908,13633.69999994185,18.100000000000122,168.95000000000417,26.800000000000246,0,212.50000000001407,0.25,0,94.00000000000065,72.00000000000011
J001655,2023-02-03/TSGB,TSGB,AMR_34,G24_15,WS_2_20,"[""117030""]",1,13239.84999994758,13523.149999943458,13366.949999945731,13239.84999994758,13267.799999947174,13271.849999947115,13356.849999945878,13356.899999945877,13366.899999945732,13366.949999945731,13519.099999943517,13523.149999943458,18.100000000000122,126.14999999999498,16.250000000000096,0,122.54999999999518,0.25,0,14.0,116.00000000000117
J001656,2023-02-03/SRSD,SRSD,AMR_31,G2_12,WS_8_20,"[""134553""]",1,13261.699999947263,13425.099999944885,13387.64999994543,13261.699999947263,13328.449999946291,13332.499999946232,13377.549999945577,13377.599999945576,13387.59999994543,13387.64999994543,13421.049999944944,13425.099999944885,18.100000000000122,118.34999999999542,15.250000000000082,0,11.450000000000028,0.25,0,66.00000000000108,72.00000000000055
J001657,2023-02-03/SS14,SS14,AMR_08,G14_6,WS_13_20,"[""112072""]",1,13296.749999946753,13541.399999943193,13403.599999945198,13296.749999946753,13325.999999946327,13330.049999946268,13393.499999945345,13393.549999945344,13403.549999945199,13403.599999945198,13537.349999943252,13541.399999943193,18.100000000000122,123.9999999999951,23.000000000000192,0,79.29999999999764,0.25,0,22.00000000000002,104.00000000000156
J001658,2023-02-03/KKLD,KKLD,AMR_26,G18_12,WS_25_20,"[""107272""]",1,13296.94999994675,13486.199999943996,13395.049999945322,13296.94999994675,13339.149999946136,13343.199999946077,13384.94999994547,13384.999999945469,13394.999999945323,13395.049999945322,13482.149999944055,13486.199999943996,18.100000000000122,84.19999999999736,13.350000000000055,0,73.34999999999798,0.25,0,20.0,68.00000000000031
J001659,2023-02-03/TSGB,TSGB,AMR_35,G27_15,WS_2_20,"[""140078""]",1,13297.399999946743,13611.599999942171,13493.399999943891,13297.399999946743,13365.199999945757,13369.249999945698,13483.299999944038,13483.349999944037,13493.349999943892,13493.399999943891,13607.54999994223,13611.599999942171,18.100000000000122,160.85000000000232,14.350000000000069,0,120.64999999999529,0.25,0,68.00000000000097,124.0000000000017
J001660,2023-02-03/TJKR,TJKR,AMR_24,G18_14,WS_30_20,"[""110530"", ""112369""]",3,13298.24999994673,13564.29999994286,13517.099999943546,13298.24999994673,13433.299999944766,13437.349999944707,13506.999999943693,13507.049999943692,13517.049999943547,13517.099999943546,13560.249999942918,13564.29999994286,18.100000000000122,171.05000000000464,24.90000000000022,0,51.7499999999992,0.25,0,114.00000000000207,80.00000000000009
J001661,2023-02-03/TMTM,TMTM,AMR_05,G9_7,WS_19_20,"[""107149""]",1,13305.449999946626,13672.049999941291,13519.54999994351,13305.449999946626,13340.999999946109,13345.04999994605,13509.449999943658,13509.499999943657,13519.499999943511,13519.54999994351,13667.99999994135,13672.049999941291,18.100000000000122,125.09999999999503,17.20000000000011,0,205.95000000001258,0.25,0,32.00000000000001,100.00000000000125
J001662,2023-02-03/SRSD,SRSD,AMR_09,G3_10,WS_8_20,"[""125462""]",1,13308.699999946579,13835.599999938911,13796.049999939487,13308.699999946579,13720.449999940587,13724.499999940528,13785.949999939634,13785.999999939633,13795.999999939488,13796.049999939487,13831.54999993897,13835.599999938911,18.100000000000122,165.25000000000333,21.900000000000176,0,321.4000000000388,0.25,0,102.00000000000162,68.00000000000055
J001663,2023-02-03/SS14,SS14,AMR_19,G0_14,WS_13_20,"[""112403""]",1,13313.249999946513,13524.549999943438,13482.999999944042,13313.249999946513,13334.999999946196,13339.049999946137,13472.89999994419,13472.949999944189,13482.949999944043,13482.999999944042,13520.499999943497,13524.549999943438,18.100000000000122,94.1499999999968,14.350000000000069,0,84.44999999999735,0.25,0,16.000000000000004,84.00000000000098
J001664,2023-02-03/KKLD,KKLD,AMR_33,G20_9,WS_25_20,"[""121745""]",1,13313.299999946512,13515.899999943564,13416.149999945015,13313.299999946512,13347.949999946008,13351.999999945949,13406.049999945162,13406.099999945161,13416.099999945016,13416.149999945015,13511.849999943623,13515.899999943564,18.100000000000122,92.3499999999969,15.300000000000082,0,76.59999999999779,0.25,0,12.0,80.0000000000006
J001665,2023-02-03/TMTM,TMTM,AMR_17,G15_4,WS_19_20,"[""110450""]",1,13325.04999994634,13569.499999942784,13441.29999994465,13325.04999994634,13372.249999945654,13376.299999945595,13431.199999944796,13431.249999944795,13441.24999994465,13441.29999994465,13565.449999942843,13569.499999942784,18.100000000000122,133.79999999999617,16.150000000000095,0,76.14999999999782,0.25,0,38.00000000000003,108.0000000000013
J001666,2023-02-03/SRSD,SRSD,AMR_18,G14_14,WS_8_20,"[""112086""]",1,13325.449999946335,13515.149999943575,13421.399999944939,13325.449999946335,13369.199999945698,13373.24999994564,13411.299999945086,13411.349999945085,13421.34999994494,13421.399999944939,13511.099999943634,13515.149999943575,18.100000000000122,81.19999999999753,14.350000000000069,0,75.79999999999784,0.25,0,20.0,56.000000000000185
J001667,2023-02-03/KKLD,KKLD,AMR_30,G15_12,WS_25_20,"[""110540""]",1,13327.549999946305,13781.499999939699,13700.249999940881,13327.549999946305,13620.049999942048,13624.09999994199,13690.149999941028,13690.199999941027,13700.199999940882,13700.249999940881,13777.449999939758,13781.499999939699,18.100000000000122,188.65000000000865,30.6000000000003,0,216.35000000001494,0.25,0,112.00000000000162,88.00000000000051
J001668,2023-02-03/SS14,SS14,AMR_10,G20_7,WS_13_20,"[""111357""]",1,13342.799999946083,13752.299999940124,13610.049999942194,13342.799999946083,13355.849999945893,13359.899999945834,13599.94999994234,13599.99999994234,13609.999999942194,13610.049999942194,13748.249999940183,13752.299999940124,18.100000000000122,195.25000000001015,30.7000000000003,0,165.2000000000033,0.25,0,6.0,207.99999999999673
J001669,2023-02-03/TJKR,TJKR,AMR_01,G18_9,WS_30_20,"[""110479"", ""110484""]",3,13345.249999946047,13530.199999943356,13417.549999944995,13345.249999946047,13345.249999946047,13349.299999945988,13407.449999945142,13407.499999945141,13417.499999944996,13417.549999944995,13526.149999943415,13530.199999943356,18.100000000000122,91.14999999999696,11.450000000000028,0,64.0499999999985,0.2,0,0.0,100.00000000000074
J001670,2023-02-03/SRSD,SRSD,AMR_06,G12_9,WS_8_20,"[""110511""]",1,13357.149999945874,13784.549999939654,13740.399999940297,13357.149999945874,13476.649999944135,13480.699999944076,13730.299999940444,13730.349999940443,13740.349999940297,13740.399999940297,13780.499999939713,13784.549999939654,18.100000000000122,155.8500000000012,26.900000000000247,0,226.3000000000172,0.25,0,58.0000000000005,104.00000000000114
J001671,2023-02-03/TMTM,TMTM,AMR_32,G6_12,WS_19_20,"[""111992""]",1,13360.549999945824,13629.449999941911,13536.899999943258,13360.549999945824,13360.549999945824,13364.599999945765,13526.799999943405,13526.849999943404,13536.849999943259,13536.899999943258,13625.39999994197,13629.449999941911,18.100000000000122,92.3999999999969,10.500000000000014,0,147.69999999999933,0.2,0,0.0,96.00000000000122
J001672,2023-02-03/KKLD,KKLD,AMR_12,G20_12,WS_25_20,"[""112386""]",1,13363.799999945777,13577.549999942667,13541.649999943189,13363.799999945777,13479.69999994409,13483.749999944032,13531.549999943336,13531.599999943335,13541.59999994319,13541.649999943189,13573.499999942725,13577.549999942667,18.100000000000122,132.1499999999958,19.150000000000137,0,44.09999999999963,0.25,0,84.0000000000012,72.00000000000031
J001673,2023-02-03/TJKR,TJKR,AMR_22,G14_12,WS_30_20,"[""107312"", ""110232"", ""110323"", ""110419"", ""110583"", ""112359""]",7,13368.499999945709,13572.899999942734,13491.599999943917,13368.499999945709,13368.499999945709,13372.54999994565,13481.499999944064,13481.549999944064,13491.549999943918,13491.599999943917,13568.849999942793,13572.899999942734,18.100000000000122,98.24999999999656,10.450000000000014,0,77.39999999999775,0.2,0,0.0,112.00000000000063
J001674,2023-02-03/KKLD,KKLD,AMR_29,G15_10,WS_25_20,"[""123788""]",1,13373.699999945633,13711.699999940714,13652.399999941577,13373.699999945633,13538.999999943228,13543.049999943169,13642.299999941724,13642.349999941724,13652.349999941578,13652.399999941577,13707.649999940773,13711.699999940714,18.100000000000122,169.1000000000042,21.050000000000164,0,129.4999999999952,0.25,0,66.00000000000057,116.00000000000085
J001675,2023-02-03/TJKR,TJKR,AMR_37,G14_10,WS_30_20,"[""101180"", ""112332""]",3,13376.499999945592,13720.19999994059,13647.999999941641,13376.499999945592,13533.29999994331,13537.349999943252,13637.899999941788,13637.949999941788,13647.949999941642,13647.999999941641,13716.14999994065,13720.19999994059,18.100000000000122,174.30000000000538,23.900000000000205,0,127.14999999999492,0.25,0,78.00000000000091,112.00000000000054
J001676,2023-02-03/SRSD,SRSD,AMR_25,G18_10,WS_8_20,"[""107263"", ""112452""]",2,13415.299999945028,13609.799999942197,13537.39999994325,13415.299999945028,13415.299999945028,13419.349999944969,13527.299999943398,13527.349999943397,13537.349999943252,13537.39999994325,13605.749999942256,13609.799999942197,18.100000000000122,97.29999999999661,13.300000000000054,0,65.59999999999842,0.2,0,0.0,104.00000000000136
J001677,2023-02-03/TJKR,TJKR,AMR_23,G18_4,WS_30_20,"[""110190"", ""123034""]",2,13424.74999994489,13610.399999942189,13552.199999943035,13424.74999994489,13472.349999944197,13476.399999944138,13542.099999943182,13542.149999943182,13552.149999943036,13552.199999943035,13606.349999942247,13610.399999942189,18.100000000000122,145.89999999999893,16.200000000000095,0,5.1999999999999895,0.25,0,54.00000000000071,128.000000000002
J001678,2023-02-03/TMTM,TMTM,AMR_31,G2_12,WS_19_20,"[""134553""]",1,13425.149999944884,13732.849999940407,13611.599999942171,13425.149999944884,13425.149999944884,13429.199999944825,13601.499999942318,13601.549999942317,13611.549999942172,13611.599999942171,13728.799999940466,13732.849999940407,18.100000000000122,127.69999999999489,17.15000000000011,0,144.54999999999862,0.2,0,0.0,136.00000000000045
J001679,2023-02-03/KKLD,KKLD,AMR_28,G18_7,WS_25_20,"[""101073""]",1,13429.949999944814,13579.199999942643,13518.599999943524,13429.949999944814,13443.29999994462,13447.349999944561,13508.499999943671,13508.54999994367,13518.549999943525,13518.599999943524,13575.149999942701,13579.199999942643,18.100000000000122,97.04999999999663,15.300000000000082,0,18.55000000000013,0.25,0,6.0,104.00000000000125
J001680,2023-02-03/SRSD,SRSD,AMR_03,G20_15,WS_8_20,"[""110296""]",1,13432.799999944773,13815.999999939197,13756.349999940065,13432.799999944773,13699.749999940888,13703.79999994083,13746.249999940212,13746.299999940211,13756.299999940065,13756.349999940065,13811.949999939256,13815.999999939197,18.100000000000122,162.1000000000026,29.80000000000029,0,172.95000000000508,0.25,0,94.00000000000082,76.0000000000006
J001681,2023-02-03/TJKR,TJKR,AMR_27,G11_10,WS_30_20,"[""101147"", ""110357""]",3,13438.399999944691,13798.349999939453,13736.499999940354,13438.399999944691,13649.149999941625,13653.199999941566,13726.3999999405,13726.4499999405,13736.449999940354,13736.499999940354,13794.299999939512,13798.349999939453,18.100000000000122,198.50000000001089,21.950000000000177,0,121.14999999999526,0.25,0,102.00000000000199,132.00000000000085
J001682,2023-02-03/KKLD,KKLD,AMR_11,G15_9,WS_25_20,"[""107259""]",1,13440.049999944667,13665.549999941386,13620.59999994204,13440.049999944667,13500.649999943786,13504.699999943727,13610.499999942187,13610.549999942186,13620.54999994204,13620.59999994204,13661.499999941445,13665.549999941386,18.100000000000122,130.04999999999532,21.050000000000164,0,56.04999999999895,0.25,0,50.0000000000004,96.00000000000057
J001683,2023-02-03/SRSD,SRSD,AMR_15,G5_7,WS_8_20,"[""125413""]",1,13450.549999944515,13703.999999940826,13663.749999941412,13450.549999944515,13560.899999942909,13564.94999994285,13653.64999994156,13653.699999941558,13663.699999941413,13663.749999941412,13699.949999940885,13703.999999940826,18.100000000000122,150.95000000000007,23.000000000000192,0,61.14999999999866,0.25,0,86.00000000000185,80.00000000000085
J001684,2023-02-03/TJKR,TJKR,AMR_39,G12_8,WS_30_20,"[""111273"", ""112007""]",2,13456.649999944426,13866.449999938462,13789.899999939576,13456.649999944426,13659.949999941467,13663.999999941409,13779.799999939723,13779.849999939723,13789.849999939577,13789.899999939576,13862.399999938521,13866.449999938462,18.100000000000122,206.40000000001268,29.600000000000286,0,155.4500000000011,0.25,0,90.00000000000111,128.00000000000097
J001685,2023-02-03/TJKR,TJKR,AMR_40,G15_13,WS_30_20,"[""101025"", ""112045"", ""112324""]",3,13491.649999943917,13628.699999941922,13581.44999994261,13491.649999943917,13491.649999943917,13495.699999943858,13571.349999942757,13571.399999942756,13581.39999994261,13581.44999994261,13624.649999941981,13628.699999941922,18.100000000000122,87.24999999999719,11.450000000000028,0,20.05000000000015,0.2,0,0.0,96.00000000000026
J001686,2023-02-03/TJKR,TJKR,AMR_13,G15_14,WS_30_20,"[""101296"", ""107412"", ""110531""]",3,13517.149999943545,13664.649999941399,13607.899999942225,13517.149999943545,13517.149999943545,13521.199999943487,13597.799999942372,13597.849999942371,13607.849999942226,13607.899999942225,13660.599999941458,13664.649999941399,18.100000000000122,84.54999999999734,9.55,0,35.10000000000014,0.2,0,0.0,92.00000000000009
J001687,2023-02-03/KKLD,KKLD,AMR_18,G14_14,WS_25_20,"[""112086""]",1,13518.649999943524,13688.249999941056,13636.44999994181,13518.649999943524,13518.649999943524,13522.699999943465,13626.349999941956,13626.399999941956,13636.39999994181,13636.44999994181,13684.199999941115,13688.249999941056,18.100000000000122,95.39999999999672,13.400000000000055,0,42.49999999999972,0.2,0,0.0,100.0000000000004
J001688,2023-02-03/SRSD,SRSD,AMR_26,G20_14,WS_8_20,"[""110134""]",1,13537.44999994325,13775.549999939785,13708.499999940761,13537.44999994325,13592.999999942442,13597.049999942383,13698.399999940908,13698.449999940907,13708.449999940762,13708.499999940761,13771.499999939844,13775.549999939785,18.100000000000122,96.79999999999664,15.300000000000082,0,107.64999999999603,0.25,0,8.0,84.00000000000068
J001689,2023-02-03/KKLD,KKLD,AMR_01,G18_9,WS_25_20,"[""107407""]",1,13541.699999943188,13755.749999940073,13668.349999941345,13541.699999943188,13541.699999943188,13545.74999994313,13658.249999941492,13658.299999941491,13668.299999941346,13668.349999941345,13751.699999940132,13755.749999940073,18.100000000000122,124.64999999999506,19.150000000000137,0,51.949999999999186,0.2,0,0.0,136.00000000000117
J001690,2023-02-03/TJKR,TJKR,AMR_19,G3_12,WS_30_20,"[""111207"", ""111268""]",2,13552.249999943035,13854.049999938643,13772.849999939825,13552.249999943035,13573.449999942726,13577.499999942667,13762.749999939972,13762.79999993997,13772.799999939825,13772.849999939825,13849.999999938702,13854.049999938643,18.100000000000122,204.7500000000123,22.90000000000019,0,55.79999999999897,0.25,0,13.999999999999993,227.99999999999204
J001691,2023-02-03/SRSD,SRSD,AMR_24,G20_13,WS_8_20,"[""101297""]",1,13570.249999942773,13751.499999940135,13692.399999940995,13570.249999942773,13583.54999994258,13587.59999994252,13682.299999941142,13682.349999941142,13692.349999940996,13692.399999940995,13747.449999940194,13751.499999940135,18.100000000000122,105.24999999999616,15.300000000000082,0,42.34999999999973,0.25,0,6.0,108.00000000000136
J001692,2023-02-03/TJKR,TJKR,AMR_34,G30_15,WS_30_20,"[""127445""]",1,13581.499999942609,13688.199999941056,13665.049999941393,13581.499999942609,13601.099999942324,13605.149999942265,13654.94999994154,13654.99999994154,13664.999999941394,13665.049999941393,13684.149999941115,13688.199999941056,18.100000000000122,50.29999999999928,11.500000000000028,0,26.550000000000242,0.25,0,16.0,32.0
J001693,2023-02-03/KKLD,KKLD,AMR_14,G17_12,WS_25_20,"[""101018""]",2,13593.14999994244,13723.899999940537,13684.299999941113,13593.14999994244,13593.14999994244,13597.19999994238,13674.19999994126,13674.24999994126,13684.249999941114,13684.299999941113,13719.849999940596,13723.899999940537,18.100000000000122,72.59999999999802,9.5,0,30.350000000000296,0.2,0,0.0,80.00000000000031
J001694,2023-02-03/TJKR,TJKR,AMR_16,G23_13,WS_30_20,"[""101179""]",1,13607.949999942224,13736.09999994036,13681.899999941148,13607.949999942224,13626.299999941957,13630.349999941898,13671.799999941295,13671.849999941294,13681.849999941149,13681.899999941148,13732.049999940418,13736.09999994036,18.100000000000122,74.84999999999789,13.400000000000055,0,21.55000000000017,0.25,0,10.0,72.00000000000023
J001695,2023-02-03/KKLD,KKLD,AMR_25,G18_10,WS_25_20,"[""112452""]",1,13620.64999994204,13777.699999939754,13732.149999940417,13620.64999994204,13620.64999994204,13624.69999994198,13722.049999940564,13722.099999940563,13732.099999940418,13732.149999940417,13773.649999939813,13777.699999939754,18.100000000000122,75.64999999999785,10.500000000000014,0,52.59999999999915,0.2,0,0.0,76.00000000000017
J001696,2023-02-03/KKLD,KKLD,AMR_21,G20_10,WS_25_20,"[""125463""]",1,13636.499999941809,13771.09999993985,13716.199999940649,13636.499999941809,13636.499999941809,13640.54999994175,13706.099999940796,13706.149999940795,13716.14999994065,13716.199999940649,13767.049999939909,13771.09999993985,18.100000000000122,71.34999999999809,10.500000000000014,0,34.45000000000018,0.2,0,0.0,72.0000000000002
J001697,2023-02-03/TJKR,TJKR,AMR_35,G27_15,WS_30_20,"[""110424""]",1,13648.04999994164,13735.199999940372,13710.849999940727,13648.04999994164,13648.04999994164,13652.099999941582,13700.749999940874,13700.799999940873,13710.799999940728,13710.849999940727,13731.149999940431,13735.199999940372,18.100000000000122,41.54999999999978,9.55,0,17.750000000000117,0.2,0,0.0,40.00000000000003
J001698,2023-02-03/KKLD,KKLD,AMR_07,G14_9,WS_25_20,"[""112070""]",1,13652.449999941577,13809.749999939288,13757.049999940054,13652.449999941577,13656.449999941518,13660.49999994146,13746.949999940201,13746.9999999402,13756.999999940055,13757.049999940054,13805.699999939347,13809.749999939288,18.100000000000122,113.4999999999957,13.300000000000054,0,12.150000000000038,0.25,0,2.0,128.00000000000117
J001699,2023-02-03/SRSD,SRSD,AMR_32,G6_12,WS_8_20,"[""104505""]",1,13663.799999941411,13756.399999940064,13724.449999940529,13663.799999941411,13663.799999941411,13667.849999941353,13714.349999940676,13714.399999940675,13724.39999994053,13724.449999940529,13752.349999940123,13756.399999940064,18.100000000000122,51.799999999999194,8.549999999999986,0,13.950000000000063,0.2,0,0.0,52.0000000000003
J001700,2023-02-03/TJKR,TJKR,AMR_12,G21_13,WS_30_20,"[""107274""]",1,13665.099999941393,13793.199999939528,13755.94999994007,13665.099999941393,13683.79999994112,13687.849999941061,13745.849999940217,13745.899999940217,13755.899999940071,13755.94999994007,13789.149999939587,13793.199999939528,18.100000000000122,79.8499999999976,15.250000000000082,0,14.650000000000073,0.25,0,12.0,72.00000000000023
J001701,2023-02-03/KKLD,KKLD,AMR_17,G17_6,WS_25_20,"[""112003""]",1,13668.399999941345,13841.84999993882,13772.849999939825,13668.399999941345,13681.999999941147,13686.049999941088,13762.749999939972,13762.79999993997,13772.799999939825,13772.849999939825,13837.79999993888,13841.84999993882,18.100000000000122,113.24999999999571,16.200000000000095,0,25.65000000000023,0.25,0,8.0,116.00000000000125
J001702,2023-02-03/TMMI,TMMI,AMR_05,G9_14,WS_13_20,"[""101067""]",1,13679.999999941176,13810.24999993928,13770.799999939854,13679.999999941176,13701.249999940866,13705.299999940808,13760.699999940001,13760.74999994,13770.749999939855,13770.799999939854,13806.19999993934,13810.24999993928,18.100000000000122,65.74999999999841,13.400000000000055,0,32.75000000000028,0.25,0,18.0,48.000000000000114
J001703,2023-02-03/TMMI,TMMI,AMR_22,G9_9,WS_13_20,"[""107364""]",1,13679.999999941176,13855.59999993862,13787.699999939608,13679.999999941176,13707.399999940777,13711.449999940718,13777.599999939755,13777.649999939755,13787.64999993961,13787.699999939608,13851.54999993868,13855.59999993862,18.100000000000122,93.39999999999684,16.200000000000095,0,47.64999999999943,0.25,0,16.0,72.00000000000051
J001704,2023-02-03/TJKR,TJKR,AMR_33,G18_13,WS_30_20,"[""111372""]",1,13681.949999941147,13883.14999993822,13823.99999993908,13681.949999941147,13723.499999940543,13727.549999940484,13813.899999939227,13813.949999939226,13823.949999939081,13823.99999993908,13879.099999938278,13883.14999993822,18.100000000000122,106.59999999999609,15.300000000000082,0,60.949999999998674,0.25,0,12.0,100.00000000000054
J001705,2023-02-03/KKLD,KKLD,AMR_08,G14_8,WS_25_20,"[""110267""]",1,13684.349999941112,13853.949999938644,13794.949999939503,13684.349999941112,13698.9499999409,13702.999999940841,13784.84999993965,13784.89999993965,13794.899999939504,13794.949999939503,13849.899999938703,13853.949999938644,18.100000000000122,103.04999999999629,13.400000000000055,0,34.80000000000016,0.25,0,8.0,108.00000000000065
J001706,2023-02-03/SRSD,SRSD,AMR_40,G15_13,WS_8_20,"[""112045""]",1,13692.449999940995,13927.399999937576,13843.799999938792,13692.449999940995,13692.449999940995,13696.499999940936,13833.699999938939,13833.749999938938,13843.749999938793,13843.799999938792,13923.349999937634,13927.399999937576,18.100000000000122,74.09999999999793,13.350000000000055,0,129.19999999999513,0.2,0,0.0,76.00000000000063
J001707,2023-02-03/TSUS,TSUS,AMR_04,G9_13,WS_2_20,"[""107381""]",1,13696.449999940936,13819.799999939141,13773.89999993981,13696.449999940936,13696.449999940936,13700.499999940877,13763.799999939956,13763.849999939956,13773.84999993981,13773.89999993981,13815.7499999392,13819.799999939141,18.100000000000122,69.3499999999982,9.55,0,26.150000000000237,0.2,0,0.0,76.00000000000111
J001708,2023-02-03/KKLD,KKLD,AMR_02,G15_7,WS_25_20,"[""130011""]",1,13700.29999994088,13890.099999938118,13810.799999939272,13700.29999994088,13714.899999940668,13718.949999940609,13800.69999993942,13800.749999939419,13810.749999939273,13810.799999939272,13886.049999938177,13890.099999938118,18.100000000000122,116.14999999999554,15.300000000000082,0,39.999999999999865,0.25,0,8.0,116.000000000001
J001709,2023-02-03/SRSD,SRSD,AMR_11,G15_9,WS_8_20,"[""110513""]",1,13708.54999994076,13880.34999993826,13772.299999939833,13708.54999994076,13708.54999994076,13712.599999940701,13762.19999993998,13762.249999939979,13772.249999939833,13772.299999939833,13876.29999993832,13880.34999993826,18.100000000000122,87.14999999999719,9.55,0,56.79999999999891,0.2,0,0.0,88.00000000000077
J001710,2023-02-03/TJKR,TJKR,AMR_38,G17_14,WS_30_20,"[""110380""]",2,13710.899999940726,13892.299999938086,13841.049999938832,13710.899999940726,13710.899999940726,13714.949999940667,13830.949999938979,13830.999999938978,13840.999999938833,13841.049999938832,13888.249999938145,13892.299999938086,18.100000000000122,89.49999999999706,9.55,0,64.0499999999985,0.2,0,0.0,92.00000000000003
J001711,2023-02-03/KKLD,KKLD,AMR_29,G15_6,WS_25_20,"[""117422""]",1,13716.249999940648,13972.749999936916,13913.099999937784,13716.249999940648,13805.649999939347,13809.699999939288,13902.99999993793,13903.04999993793,13913.049999937784,13913.099999937784,13968.699999936975,13972.749999936916,18.100000000000122,159.65000000000205,22.90000000000019,0,55.59999999999898,0.25,0,56.00000000000054,116.000000000001
J001712,2023-02-03/SRSD,SRSD,AMR_20,G14_7,WS_8_20,"[""101215""]",1,13724.499999940528,13925.449999937604,13811.899999939256,13724.499999940528,13737.549999940338,13741.59999994028,13801.799999939403,13801.849999939403,13811.849999939257,13811.899999939256,13921.399999937663,13925.449999937604,18.100000000000122,86.19999999999725,13.400000000000055,0,82.99999999999743,0.25,0,6.0,84.00000000000097
J001713,2023-02-03/KKLD,KKLD,AMR_37,G8_14,WS_25_20,"[""112387""]",1,13732.199999940416,13918.549999937704,13860.099999938555,13732.199999940416,13763.249999939964,13767.299999939905,13849.999999938702,13850.049999938701,13860.049999938556,13860.099999938555,13914.499999937763,13918.549999937704,18.100000000000122,131.04999999999555,16.250000000000096,0,20.70000000000016,0.25,0,23.999999999999986,120.00000000000094
J001714,2023-02-03/TJKR,TJKR,AMR_14,G18_12,WS_30_20,"[""107272""]",1,13736.549999940353,13870.04999993841,13806.949999939328,13736.549999940353,13739.649999940308,13743.699999940249,13796.849999939475,13796.899999939475,13806.899999939329,13806.949999939328,13865.999999938469,13870.04999993841,18.100000000000122,83.4499999999974,9.5,0,22.20000000000018,0.25,0,2.0,92.00000000000031
J001715,2023-02-03/SRSD,SRSD,AMR_13,G15_10,WS_8_20,"[""112017""]",1,13740.449999940296,13874.349999938348,13827.849999939024,13740.449999940296,13758.249999940037,13762.299999939978,13817.749999939171,13817.79999993917,13827.799999939025,13827.849999939024,13870.299999938406,13874.349999938348,18.100000000000122,81.54999999999751,12.400000000000041,0,21.600000000000172,0.25,0,12.0,76.00000000000094
J001716,2023-02-03/TJKR,TJKR,AMR_24,G20_13,WS_30_20,"[""110294""]",1,13755.99999994007,13899.399999937983,13858.099999938584,13755.99999994007,13755.99999994007,13760.04999994001,13847.999999938731,13848.04999993873,13858.049999938585,13858.099999938584,13895.349999938042,13899.399999937983,18.100000000000122,74.99999999999788,9.55,0,40.549999999999834,0.2,0,0.0,84.00000000000023
J001717,2023-02-03/SRSD,SRSD,AMR_16,G21_14,WS_8_20,"[""112009""]",1,13756.399999940064,13958.449999937124,13861.899999938529,13756.399999940064,13776.049999939778,13780.099999939719,13851.799999938676,13851.849999938675,13861.84999993853,13861.899999938529,13954.399999937183,13958.449999937124,18.100000000000122,97.19999999999662,13.400000000000055,0,73.09999999999799,0.25,0,6.0,92.00000000000037
J001718,2023-02-03/KKLD,KKLD,AMR_32,G8_13,WS_25_20,"[""111356""]",1,13757.099999940054,14013.399999936324,13951.049999937231,13757.099999940054,13769.999999939866,13774.049999939807,13940.949999937378,13940.999999937378,13950.999999937232,13951.049999937231,14009.349999936383,14013.399999936324,18.100000000000122,116.49999999999552,17.20000000000011,0,104.24999999999622,0.25,0,6.0,116.00000000000054
J001719,2023-02-03/SRSD,SRSD,AMR_21,G21_12,WS_8_20,"[""112333""]",1,13772.349999939832,13949.149999937259,13877.899999938296,13772.349999939832,13784.399999939656,13788.449999939598,13867.799999938443,13867.849999938442,13877.849999938297,13877.899999938296,13945.099999937318,13949.149999937259,18.100000000000122,105.44999999999615,12.35000000000004,0,40.64999999999983,0.25,0,6.0,100.00000000000094
J001720,2023-02-03/TJKR,TJKR,AMR_01,G17_10,WS_30_20,"[""111220""]",1,13772.899999939824,13954.149999937186,13892.199999938088,13772.899999939824,13792.599999939537,13796.649999939478,13882.099999938235,13882.149999938234,13892.149999938089,13892.199999938088,13950.099999937245,13954.149999937186,18.100000000000122,108.79999999999596,15.300000000000082,0,38.79999999999993,0.25,0,12.0,104.00000000000043
J001721,2023-02-03/KKLD,KKLD,AMR_23,G11_6,WS_25_20,"[""124794""]",2,13772.899999939824,14017.199999936269,13934.949999937466,13772.899999939824,13825.949999939052,13829.999999938993,13924.849999937613,13924.899999937612,13934.899999937466,13934.949999937466,14013.149999936328,14017.199999936269,18.100000000000122,156.65000000000137,21.950000000000177,0,47.34999999999945,0.25,0,38.00000000000006,132.00000000000114
J001722,2023-02-03/VVSM,VVSM,AMR_10,G20_12,WS_2_20,"[""101097"", ""111387"", ""112386""]",3,13773.949999939809,13941.249999937374,13887.549999938155,13773.949999939809,13804.299999939367,13808.349999939308,13877.449999938302,13877.499999938302,13887.499999938156,13887.549999938155,13937.199999937433,13941.249999937374,18.100000000000122,108.049999999996,12.400000000000041,0,28.50000000000027,0.25,0,14.0,112.00000000000207
J001723,2023-02-03/VVSM,VVSM,AMR_36,G23_13,WS_2_20,"[""101179"", ""111371"", ""115120""]",3,13773.949999939809,14016.349999936281,13938.949999937407,13773.949999939809,13802.549999939392,13806.599999939333,13928.849999937554,13928.899999937554,13938.899999937408,13938.949999937407,14012.29999993634,14016.349999936281,18.100000000000122,134.8499999999964,16.200000000000095,0,72.999999999998,0.25,0,18.0,124.00000000000148
J001724,2023-02-03/VVSM,VVSM,AMR_15,G3_14,WS_2_20,"[""110343"", ""112040""]",2,13773.949999939809,13877.949999938295,13847.099999938744,13773.949999939809,13795.299999939498,13799.349999939439,13836.999999938891,13837.04999993889,13847.049999938745,13847.099999938744,13873.899999938354,13877.949999938295,18.100000000000122,59.699999999998745,11.500000000000028,0,14.45000000000007,0.25,0,17.999999999999996,40.000000000000014
J001725,2023-02-03/VVSM,VVSM,AMR_31,G2_13,WS_2_20,"[""101235"", ""107105""]",2,13773.949999939809,13853.349999938653,13829.949999938994,13773.949999939809,13777.99999993975,13782.04999993969,13819.84999993914,13819.89999993914,13829.899999938994,13829.949999938994,13849.299999938712,13853.349999938653,18.100000000000122,44.199999999999626,7.599999999999981,0,9.249999999999996,0.25,0,2.0,44.000000000000156
J001726,2023-02-03/VVSM,VVSM,AMR_18,G0_13,WS_2_20,"[""110475"", ""131889""]",2,13773.949999939809,14047.499999935828,14024.199999936167,13773.949999939809,13945.099999937318,13949.149999937259,14014.099999936314,14014.149999936313,14024.149999936168,14024.199999936167,14043.449999935887,14047.499999935828,18.100000000000122,119.34999999999536,21.050000000000164,0,114.79999999999562,0.25,0,74.0000000000007,44.00000000000019
J001727,2023-02-03/VVSM,VVSM,AMR_28,G6_13,WS_2_20,"[""101105"", ""112227""]",2,13773.949999939809,13941.249999937374,13904.849999937904,13773.949999939809,13844.999999938775,13849.049999938716,13894.74999993805,13894.79999993805,13904.799999937904,13904.849999937904,13937.199999937433,13941.249999937374,18.100000000000122,108.99999999999595,15.300000000000082,0,24.650000000000215,0.25,0,68.00000000000122,56.00000000000048
J001728,2023-02-03/TJKR,TJKR,AMR_25,G18_10,WS_30_20,"[""110205"", ""112452""]",3,13789.949999939576,13920.499999937676,13875.149999938336,13789.949999939576,13789.949999939576,13793.999999939517,13865.049999938483,13865.099999938482,13875.099999938337,13875.149999938336,13916.449999937735,13920.499999937676,18.100000000000122,82.69999999999744,11.450000000000028,0,18.100000000000122,0.2,0,0.0,96.00000000000074
J001729,2023-02-03/KKLD,KKLD,AMR_06,G12_9,WS_25_20,"[""110511""]",1,13794.999999939502,13944.89999993732,13897.249999938014,13794.999999939502,13794.999999939502,13799.049999939443,13887.149999938161,13887.19999993816,13897.199999938015,13897.249999938014,13940.84999993738,13944.89999993732,18.100000000000122,105.94999999999612,11.450000000000028,0,14.200000000000067,0.2,0,0.0,128.00000000000156
J001730,2023-02-03/SRSD,SRSD,AMR_26,G18_6,WS_8_20,"[""112404""]",1,13796.099999939486,14028.7499999361,13951.09999993723,13796.099999939486,13871.699999938386,13875.749999938327,13940.999999937378,13941.049999937377,13951.049999937231,13951.09999993723,14024.69999993616,14028.7499999361,18.100000000000122,156.7500000000014,19.150000000000137,0,38.399999999999956,0.25,0,44.00000000000033,136.0000000000014
J001731,2023-02-03/TJKR,TJKR,AMR_30,G15_12,WS_30_20,"[""101028"", ""101191""]",2,13806.999999939328,13971.249999936937,13909.24999993784,13806.999999939328,13806.999999939328,13811.049999939269,13899.149999937987,13899.199999937986,13909.19999993784,13909.24999993784,13967.199999936996,13971.249999936937,18.100000000000122,86.9499999999972,9.55,0,49.44999999999933,0.2,0,0.0,100.00000000000028
J001732,2023-02-03/KKLD,KKLD,AMR_05,G9_14,WS_25_20,"[""110374""]",1,13810.849999939272,14047.749999935824,13982.949999936767,13810.849999939272,13810.849999939272,13814.899999939213,13972.849999936914,13972.899999936913,13982.899999936768,13982.949999936767,14043.699999935883,14047.749999935824,18.100000000000122,85.69999999999727,9.55,0,123.34999999999513,0.2,0,0.0,96.0000000000006
J001733,2023-02-03/TMTM,TMTM,AMR_04,G9_13,WS_19_20,"[""110497""]",2,13819.84999993914,14015.449999936294,13976.199999936865,13819.84999993914,13819.84999993914,13823.899999939082,13966.099999937012,13966.149999937012,13976.149999936866,13976.199999936865,14011.399999936353,14015.449999936294,18.100000000000122,71.2999999999981,9.55,0,96.44999999999666,0.2,0,0.0,76.00000000000074
J001734,2023-02-03/TJKR,TJKR,AMR_03,G20_14,WS_30_20,"[""110134""]",1,13824.04999993908,13967.049999936999,13926.299999937592,13824.04999993908,13827.099999939035,13831.149999938976,13916.199999937739,13916.249999937738,13926.249999937592,13926.299999937592,13962.999999937058,13967.049999936999,18.100000000000122,73.74999999999795,8.549999999999986,0,42.34999999999973,0.25,0,2.0,80.00000000000011
J001735,2023-02-03/VVSM,VVSM,AMR_27,G11_10,WS_2_20,"[""101022"", ""101147"", ""110526""]",3,13829.999999938993,14039.399999935946,13973.049999936911,13829.999999938993,13829.999999938993,13834.049999938934,13962.949999937058,13962.999999937058,13972.999999936912,13973.049999936911,14035.349999936005,14039.399999935946,18.100000000000122,77.04999999999777,9.5,0,104.5499999999962,0.2,0,0.0,80.0000000000008
J001736,2023-02-03/TJKR,TJKR,AMR_12,G20_7,WS_30_20,"[""112272""]",1,13841.099999938831,14067.149999935542,13982.399999936775,13841.099999938831,13881.599999938242,13885.649999938183,13972.299999936922,13972.349999936921,13982.349999936776,13982.399999936775,14063.0999999356,14067.149999935542,18.100000000000122,137.64999999999705,17.20000000000011,0,52.849999999999135,0.25,0,22.00000000000003,132.00000000000145
J001737,2023-02-03/VVSM,VVSM,AMR_09,G9_12,WS_2_20,"[""107162"", ""135158""]",2,13847.149999938743,13972.049999936926,13921.899999937656,13847.149999938743,13866.149999938467,13870.199999938408,13911.799999937803,13911.849999937802,13921.849999937656,13921.899999937656,13967.999999936985,13972.049999936926,18.100000000000122,78.74999999999767,10.500000000000014,0,17.30000000000011,0.25,0,16.0,72.0000000000008
J001738,2023-02-03/TJKR,TJKR,AMR_07,G14_13,WS_30_20,"[""110254""]",1,13858.149999938583,14021.599999936205,13965.449999937022,13858.149999938583,13875.399999938332,13879.449999938273,13955.349999937169,13955.399999937168,13965.399999937023,13965.449999937022,14017.549999936264,14021.599999936205,18.100000000000122,108.24999999999599,13.400000000000055,0,23.4500000000002,0.25,0,12.0,108.00000000000026
J001739,2023-02-03/KKLD,KKLD,AMR_22,G9_8,WS_25_20,"[""127717""]",1,13860.149999938554,14031.399999936062,13966.999999937,13860.149999938554,13864.349999938493,13868.399999938434,13956.899999937146,13956.949999937146,13966.949999937,13966.999999937,14027.349999936121,14031.399999936062,18.100000000000122,120.74999999999528,13.300000000000054,0,18.850000000000133,0.25,0,2.0,140.00000000000085
J001740,2023-02-03/TJKR,TJKR,AMR_13,G15_10,WS_30_20,"[""101335""]",2,13875.199999938335,13999.94999993652,13944.199999937331,13875.199999938335,13875.199999938335,13879.249999938276,13934.099999937478,13934.149999937477,13944.149999937332,13944.199999937331,13995.899999936579,13999.94999993652,18.100000000000122,89.04999999999708,10.500000000000014,0,6.8999999999999835,0.2,0,0.0,108.00000000000085
J001741,2023-02-03/VVSM,VVSM,AMR_14,G21_13,WS_2_20,"[""111348"", ""120049"", ""131976""]",3,13887.599999938155,14137.199999934523,13990.099999936663,13887.599999938155,13912.999999937785,13917.049999937726,13979.99999993681,13980.04999993681,13990.049999936664,13990.099999936663,14133.149999934582,14137.199999934523,18.100000000000122,122.1499999999952,15.250000000000082,0,93.84999999999681,0.25,0,16.0,116.00000000000179
J001742,2023-02-03/TJKR,TJKR,AMR_17,G17_6,WS_30_20,"[""112003""]",1,13892.249999938087,14218.349999933342,13999.449999936527,13892.249999938087,13892.249999938087,13896.299999938028,13989.349999936674,13989.399999936673,13999.399999936528,13999.449999936527,14214.2999999334,14218.349999933342,18.100000000000122,163.3500000000029,24.750000000000217,0,119.69999999999534,0.2,0,0.0,171.9999999999978
J001743,2023-02-03/KKLD,KKLD,AMR_31,G2_15,WS_25_20,"[""112230""]",1,13897.299999938014,14185.999999933812,13998.899999936535,13897.299999938014,13923.349999937634,13927.399999937576,13988.799999936682,13988.849999936681,13998.849999936536,13998.899999936535,14181.949999933871,14185.999999933812,18.100000000000122,128.39999999999495,14.300000000000068,0,127.64999999999489,0.25,0,8.000000000000002,132.00000000000068
J001744,2023-02-03/VVSM,VVSM,AMR_19,G3_12,WS_2_20,"[""110220"", ""111207""]",2,13904.899999937903,14005.899999936433,13955.99999993716,13904.899999937903,13904.899999937903,13908.949999937844,13945.899999937306,13945.949999937306,13955.94999993716,13955.99999993716,14001.849999936492,14005.899999936433,18.100000000000122,48.74999999999937,6.699999999999984,0,27.250000000000252,0.2,0,0.0,48.00000000000027
J001745,2023-02-03/TJKR,TJKR,AMR_08,G15_8,WS_30_20,"[""110543""]",1,13909.299999937839,14250.599999932872,14016.499999936279,13909.299999937839,13912.349999937795,13916.399999937736,14006.399999936426,14006.449999936425,14016.44999993628,14016.499999936279,14246.549999932931,14250.599999932872,18.100000000000122,131.6999999999957,15.250000000000082,0,176.00000000000577,0.25,0,2.0,136.00000000000028
J001746,2023-02-03/KKLD,KKLD,AMR_15,G3_8,WS_25_20,"[""110438""]",1,13913.149999937783,14396.349999930751,14251.899999932853,13913.149999937783,13944.599999937325,13948.649999937266,14241.799999933,14241.849999933,14251.849999932854,14251.899999932853,14392.29999993081,14396.349999930751,18.100000000000122,198.50000000001089,28.700000000000273,0,237.6500000000198,0.25,0,16.0,183.99999999999625
J001747,2023-02-03/VVSM,VVSM,AMR_37,G8_14,WS_2_20,"[""112275"", ""118513"", ""135096""]",3,13921.949999937655,14042.149999935906,14007.149999936415,13921.949999937655,13921.949999937655,13925.999999937596,13997.049999936562,13997.099999936561,14007.099999936416,14007.149999936415,14038.099999935965,14042.149999935906,18.100000000000122,54.049999999999066,9.55,0,38.29999999999996,0.2,0,0.0,52.0000000000004
J001748,2023-02-03/TJKR,TJKR,AMR_11,G14_9,WS_30_20,"[""101149""]",1,13926.34999993759,14183.39999993385,14052.79999993575,13926.34999993759,13929.399999937546,13933.449999937488,14042.699999935898,14042.749999935897,14052.749999935751,14052.79999993575,14179.34999993391,14183.39999993385,18.100000000000122,132.89999999999597,11.400000000000027,0,94.39999999999678,0.25,0,2.0,148.00000000000028
J001749,2023-02-03/KKLD,KKLD,AMR_25,G3_7,WS_25_20,"[""136877""]",1,13934.999999937465,14244.499999932961,14091.949999935181,13934.999999937465,13994.699999936596,13998.749999936537,14081.849999935328,14081.899999935327,14091.899999935182,14091.949999935181,14240.44999993302,14244.499999932961,18.100000000000122,210.9000000000137,21.000000000000163,0,59.24999999999877,0.25,0,68.00000000000124,191.99999999999324
J001750,2023-02-03/VVSM,VVSM,AMR_39,G14_12,WS_2_20,"[""107328"", ""110450""]",2,13938.999999937407,14102.649999935025,14041.249999935919,13938.999999937407,13958.74999993712,13962.79999993706,14031.149999936066,14031.199999936065,14041.19999993592,14041.249999935919,14098.599999935084,14102.649999935025,18.100000000000122,92.09999999999691,13.350000000000055,0,39.84999999999987,0.25,0,12.0,84.0000000000008
J001751,2023-02-03/TJKR,TJKR,AMR_02,G15_7,WS_30_20,"[""122980""]",1,13944.24999993733,14162.349999934157,14035.849999935997,13944.24999993733,13944.24999993733,13948.299999937271,14025.749999936144,14025.799999936144,14035.799999935998,14035.849999935997,14158.299999934216,14162.349999934157,18.100000000000122,103.74999999999625,13.350000000000055,0,82.69999999999744,0.2,0,0.0,120.00000000000071
J001752,2023-02-03/KKLD,KKLD,AMR_28,G0_14,WS_25_20,"[""116363""]",1,13951.09999993723,14247.549999932917,14126.049999934685,13951.09999993723,13985.949999936724,13989.999999936665,14115.949999934832,14115.999999934831,14125.999999934686,14126.049999934685,14243.499999932976,14247.549999932917,18.100000000000122,168.6500000000041,22.90000000000019,0,86.54999999999723,0.25,0,25.999999999999954,155.99999999999812
J001753,2023-02-03/VVSM,VVSM,AMR_01,G17_10,WS_2_20,"[""110575"", ""111999"", ""121904"", ""131216""]",4,13956.049999937159,14128.299999934652,14058.29999993567,13956.049999937159,13956.049999937159,13960.0999999371,14048.199999935818,14048.249999935817,14058.249999935671,14058.29999993567,14124.249999934711,14128.299999934652,18.100000000000122,93.59999999999683,9.5,0,50.84999999999925,0.2,0,0.0,104.0000000000017
J001754,2023-02-03/TJKR,TJKR,AMR_20,G14_8,WS_30_20,"[""101177""]",1,13965.499999937021,14191.249999933736,14086.899999935255,13965.499999937021,13969.399999936964,13973.449999936905,14076.799999935402,14076.8499999354,14086.849999935255,14086.899999935255,14187.199999933795,14191.249999933736,18.100000000000122,140.4999999999977,15.200000000000081,0,51.6999999999992,0.25,0,2.0,155.99999999999892
J001755,2023-02-03/VVSM,VVSM,AMR_16,G21_14,WS_2_20,"[""101328"", ""110533"", ""111241"", ""112286""]",4,13973.09999993691,14337.39999993161,14253.54999993283,13973.09999993691,13973.09999993691,13977.149999936852,14243.449999932976,14243.499999932976,14253.49999993283,14253.54999993283,14333.349999931668,14337.39999993161,18.100000000000122,131.59999999999567,19.150000000000137,0,195.25000000001015,0.2,0,0.0,140.00000000000207
J001756,2023-02-03/TTNG,TTNG,AMR_21,G23_14,WS_19_20,"[""107314"", ""113227"", ""115580""]",3,13976.249999936865,14198.799999933626,14127.04999993467,13976.249999936865,13989.999999936665,13994.049999936606,14116.949999934817,14116.999999934817,14126.999999934671,14127.04999993467,14194.749999933685,14198.799999933626,18.100000000000122,62.04999999999861,12.400000000000041,0,129.74999999999525,0.25,0,8.0,44.00000000000004
J001757,2023-02-03/TTNG,TTNG,AMR_29,G15_4,WS_19_20,"[""110450"", ""123310""]",2,13976.249999936865,14245.699999932944,14090.749999935199,13976.249999936865,13990.99999993665,13995.049999936591,14080.649999935345,14080.699999935345,14090.6999999352,14090.749999935199,14241.649999933003,14245.699999932944,18.100000000000122,110.14999999999588,18.150000000000123,0,122.79999999999517,0.25,0,8.0,100.00000000000092
J001758,2023-02-03/TTNG,TTNG,AMR_38,G17_15,WS_19_20,"[""112279""]",1,13976.249999936865,14087.749999935242,14056.649999935695,13976.249999936865,13980.399999936804,13984.449999936745,14046.549999935842,14046.599999935841,14056.599999935695,14056.649999935695,14083.699999935301,14087.749999935242,18.100000000000122,43.149999999999686,6.649999999999984,0,43.349999999999675,0.25,0,2.0,36.00000000000003
J001759,2023-02-03/TTNG,TTNG,AMR_35,G21_15,WS_19_20,"[""135012""]",1,13976.249999936865,14122.19999993474,14039.599999935943,13976.249999936865,13998.449999936542,14002.499999936483,14029.49999993609,14029.549999936089,14039.549999935944,14039.599999935943,14118.1499999348,14122.19999993474,18.100000000000122,58.19999999999883,11.450000000000028,0,57.949999999998845,0.25,0,16.0,36.00000000000003
J001760,2023-02-03/TTNG,TTNG,AMR_33,G18_14,WS_19_20,"[""112374""]",1,13976.249999936865,14050.74999993578,14022.499999936192,13976.249999936865,13980.399999936804,13984.449999936745,14012.399999936339,14012.449999936338,14022.449999936192,14022.499999936192,14046.69999993584,14050.74999993578,18.100000000000122,44.49999999999961,9.5,0,2.1500000000000004,0.25,0,2.0,40.00000000000004
J001761,2023-02-03/TTNG,TTNG,AMR_34,G23_15,WS_19_20,"[""107251""]",1,13976.249999936865,14141.749999934456,14073.699999935447,13976.249999936865,14005.649999936437,14009.699999936378,14063.599999935594,14063.649999935593,14073.649999935447,14073.699999935447,14137.699999934515,14141.749999934456,18.100000000000122,66.39999999999837,11.500000000000028,0,69.24999999999821,0.25,0,22.0,40.0
J001762,2023-02-03/TJKR,TJKR,AMR_06,G12_9,WS_30_20,"[""110572""]",2,13982.449999936774,14235.399999933094,14069.849999935503,13982.449999936774,13982.449999936774,13986.499999936716,14059.74999993565,14059.799999935649,14069.799999935503,14069.849999935503,14231.349999933153,14235.399999933094,18.100000000000122,123.74999999999511,15.250000000000082,0,95.64999999999671,0.2,0,0.0,128.0000000000007
J001763,2023-02-03/VVSM,VVSM,AMR_09,G11_4,WS_2_20,"[""110252"", ""112374""]",2,13990.149999936662,14179.049999933914,14111.649999934894,13990.149999936662,14022.999999936184,14027.049999936125,14101.549999935041,14101.59999993504,14111.599999934895,14111.649999934894,14174.999999933973,14179.049999933914,18.100000000000122,121.49999999999524,13.350000000000055,0,35.70000000000011,0.25,0,20.00000000000003,120.00000000000215
J001764,2023-02-03/TJKR,TJKR,AMR_30,G9_15,WS_30_20,"[""101182""]",1,13999.499999936526,14339.649999931577,14256.849999932781,13999.499999936526,14062.399999935611,14066.449999935552,14246.749999932928,14246.799999932928,14256.799999932782,14256.849999932781,14335.599999931635,14339.649999931577,18.100000000000122,179.1500000000065,18.100000000000122,0,124.54999999999507,0.25,0,22.0,179.99999999999716
J001765,2023-02-03/VVSM,VVSM,AMR_10,G21_12,WS_2_20,"[""112283"", ""112333""]",2,14007.199999936414,14186.299999933808,14077.299999935394,14007.199999936414,14011.199999936356,14015.249999936297,14067.199999935541,14067.24999993554,14077.249999935395,14077.299999935394,14182.249999933867,14186.299999933808,18.100000000000122,104.39999999999621,8.549999999999986,0,47.79999999999942,0.25,0,2.0,120.0000000000017
J001766,2023-02-03/TMMI,TMMI,AMR_04,G9_13,WS_13_20,"[""112307""]",1,14015.499999936294,14130.999999934613,14087.799999935241,14015.499999936294,14015.499999936294,14019.549999936235,14077.699999935388,14077.749999935388,14087.749999935242,14087.799999935241,14126.949999934672,14130.999999934613,18.100000000000122,53.09999999999912,9.55,0,34.550000000000175,0.2,0,0.0,52.00000000000021
J001767,2023-02-03/SRSD,SRSD,AMR_36,G23_13,WS_8_20,"[""101179""]",1,14016.39999993628,14300.149999932151,14190.94999993374,14016.39999993628,14016.39999993628,14020.449999936222,14180.849999933887,14180.899999933887,14190.899999933741,14190.94999993374,14296.09999993221,14300.149999932151,18.100000000000122,111.6499999999958,11.500000000000028,0,142.2999999999981,0.2,0,0.0,112.00000000000045
J001768,2023-02-03/TJKR,TJKR,AMR_13,G11_9,WS_30_20,"[""110223""]",1,14016.549999936278,14490.399999929383,14290.949999932285,14016.549999936278,14053.249999935744,14057.299999935685,14280.849999932432,14280.899999932431,14290.899999932286,14290.949999932285,14486.349999929442,14490.399999929383,18.100000000000122,192.95000000000962,28.700000000000273,0,233.85000000001892,0.25,0,18.0,183.99999999999807
J001769,2023-02-03/TTNG,TTNG,AMR_32,G8_13,WS_19_20,"[""107258"", ""112313""]",2,14022.549999936191,14276.299999932498,14185.999999933812,14022.549999936191,14022.549999936191,14026.599999936132,14175.89999993396,14175.949999933959,14185.949999933813,14185.999999933812,14272.249999932557,14276.299999932498,18.100000000000122,87.34999999999718,13.350000000000055,0,134.7499999999964,0.2,0,0.0,92.00000000000102
J001770,2023-02-03/VVSM,VVSM,AMR_19,G3_15,WS_2_20,"[""110222""]",1,14024.249999936166,14118.84999993479,14094.599999935142,14024.249999936166,14039.249999935948,14043.299999935889,14084.49999993529,14084.549999935289,14094.549999935143,14094.599999935142,14114.799999934849,14118.84999993479,18.100000000000122,44.29999999999962,9.55,0,22.400000000000183,0.25,0,10.0,31.99999999999998
J001771,2023-02-03/TJKR,TJKR,AMR_22,G11_8,WS_30_20,"[""124183""]",1,14035.899999935997,14237.349999933065,14137.449999934519,14035.899999935997,14042.349999935903,14046.399999935844,14127.349999934666,14127.399999934665,14137.39999993452,14137.449999934519,14233.299999933124,14237.349999933065,18.100000000000122,141.54999999999794,15.300000000000082,0,26.250000000000238,0.25,0,4.0,159.99999999999932
J001772,2023-02-03/TTNG,TTNG,AMR_27,G11_10,WS_19_20,"[""101022"", ""101147"", ""101305""]",3,14039.649999935942,14259.499999932743,14151.599999934313,14039.649999935942,14039.649999935942,14043.699999935883,14141.49999993446,14141.54999993446,14151.549999934314,14151.599999934313,14255.449999932802,14259.499999932743,18.100000000000122,85.39999999999729,11.450000000000028,0,104.6999999999962,0.2,0,0.0,80.00000000000063
J001773,2023-02-03/VVSM,VVSM,AMR_07,G5_15,WS_2_20,"[""101043""]",1,14041.299999935918,14155.749999934253,14128.699999934646,14041.299999935918,14090.099999935208,14094.149999935149,14118.599999934793,14118.649999934793,14128.649999934647,14128.699999934646,14151.699999934312,14155.749999934253,18.100000000000122,63.69999999999852,10.500000000000014,0,21.900000000000176,0.25,0,30.00000000000003,35.99999999999997
J001774,2023-02-03/TJKR,TJKR,AMR_05,G9_12,WS_30_20,"[""123311""]",1,14052.84999993575,14309.099999932021,14239.79999993303,14052.84999993575,14137.099999934524,14141.149999934465,14229.699999933177,14229.749999933176,14239.74999993303,14239.79999993303,14305.04999993208,14309.099999932021,18.100000000000122,140.4499999999977,18.100000000000122,0,79.34999999999764,0.25,0,27.999999999999964,128.00000000000074
J001775,2023-02-03/TTNG,TTNG,AMR_37,G8_14,WS_19_20,"[""112275"", ""112387"", ""118513"", ""135096""]",4,14056.699999935694,14314.099999931948,14253.54999993283,14056.699999935694,14056.699999935694,14060.749999935635,14243.449999932976,14243.499999932976,14253.49999993283,14253.54999993283,14310.049999932007,14314.099999931948,18.100000000000122,94.1499999999968,13.400000000000055,0,131.54999999999566,0.2,0,0.0,96.00000000000048
J001776,2023-02-03/VVSM,VVSM,AMR_18,G5_12,WS_2_20,"[""110537""]",1,14058.34999993567,14179.24999993391,14145.749999934398,14058.34999993567,14096.249999935118,14100.29999993506,14135.649999934545,14135.699999934544,14145.699999934399,14145.749999934398,14175.19999993397,14179.24999993391,18.100000000000122,62.149999999998606,11.450000000000028,0,28.950000000000276,0.25,0,15.999999999999961,48.00000000000033
J001777,2023-02-03/TJKR,TJKR,AMR_23,G9_10,WS_30_20,"[""101281""]",1,14069.899999935502,14269.049999932604,14190.449999933748,14069.899999935502,14087.14999993525,14091.199999935192,14180.349999933895,14180.399999933894,14190.399999933748,14190.449999933748,14264.999999932663,14269.049999932604,18.100000000000122,150.65,16.250000000000096,0,13.900000000000063,0.25,0,12.0,167.99999999999807
J001778,2023-02-03/TTNG,TTNG,AMR_40,G15_14,WS_19_20,"[""101296""]",1,14073.749999935446,14300.24999993215,14270.599999932581,14073.749999935446,14077.749999935388,14081.799999935329,14260.499999932728,14260.549999932728,14270.549999932582,14270.599999932581,14296.199999932209,14300.24999993215,18.100000000000122,66.44999999999837,13.400000000000055,0,128.29999999999492,0.25,0,2.0,60.000000000000114
J001779,2023-02-03/VVSM,VVSM,AMR_24,G6_12,WS_2_20,"[""111992""]",1,14077.349999935393,14241.549999933004,14202.449999933573,14077.349999935393,14150.999999934322,14155.049999934263,14192.34999993372,14192.39999993372,14202.399999933574,14202.449999933573,14237.499999933063,14241.549999933004,18.100000000000122,117.94999999999544,18.150000000000123,0,9.750000000000004,0.25,0,70.00000000000111,60.00000000000054
J001780,2023-02-03/TJKR,TJKR,AMR_03,G9_9,WS_30_20,"[""101256""]",1,14086.949999935254,14545.649999928579,14325.049999931789,14086.949999935254,14169.449999934053,14173.499999933994,14314.949999931936,14314.999999931935,14324.99999993179,14325.049999931789,14541.599999928638,14545.649999928579,18.100000000000122,208.45000000001315,28.700000000000273,0,203.20000000001195,0.25,0,32.0,175.99999999999875
J001781,2023-02-03/TMMU,TMMU,AMR_33,G20_12,WS_13_20,"[""112386""]",1,14087.84999993524,14287.249999932339,14205.549999933528,14087.84999993524,14109.799999934921,14113.849999934862,14195.449999933675,14195.499999933674,14205.499999933529,14205.549999933528,14283.199999932398,14287.249999932339,18.100000000000122,84.09999999999737,17.25000000000011,0,79.69999999999762,0.25,0,8.0,68.0000000000004
J001782,2023-02-03/TTNG,TTNG,AMR_38,G14_14,WS_19_20,"[""112066""]",1,14090.799999935198,14400.349999930693,14338.799999931589,14090.799999935198,14272.04999993256,14276.099999932501,14328.699999931736,14328.749999931735,14338.74999993159,14338.799999931589,14396.299999930752,14400.349999930693,18.100000000000122,108.84999999999596,21.950000000000177,0,160.40000000000222,0.25,0,48.0000000000002,60.00000000000033
J001783,2023-02-03/VVSM,VVSM,AMR_12,G9_14,WS_2_20,"[""110374""]",1,14094.649999935142,14342.89999993153,14270.599999932581,14094.649999935142,14204.849999933538,14208.89999993348,14260.499999932728,14260.549999932728,14270.549999932582,14270.599999932581,14338.849999931588,14342.89999993153,18.100000000000122,115.54999999999558,17.20000000000011,0,97.14999999999662,0.25,0,48.00000000000031,64.00000000000028
J001784,2023-02-03/VVSM,VVSM,AMR_39,G3_10,WS_2_20,"[""111997""]",1,14111.699999934894,14267.549999932626,14236.499999933078,14111.699999934894,14168.24999993407,14172.299999934012,14226.399999933225,14226.449999933224,14236.449999933078,14236.499999933078,14263.499999932685,14267.549999932626,18.100000000000122,78.1999999999977,10.450000000000014,0,48.84999999999936,0.25,0,26.000000000000025,52.00000000000041
J001785,2023-02-03/TTNG,TTNG,AMR_26,G17_12,WS_19_20,"[""107250""]",1,14127.09999993467,14332.59999993168,14287.649999932333,14127.09999993467,14159.199999934202,14163.249999934143,14277.54999993248,14277.59999993248,14287.599999932334,14287.649999932333,14328.549999931738,14332.59999993168,18.100000000000122,79.14999999999765,13.350000000000055,0,94.64999999999677,0.25,0,18.0,56.0000000000003
J001786,2023-02-03/VVSM,VVSM,AMR_19,G5_7,WS_2_20,"[""123310""]",1,14128.749999934646,14259.74999993274,14219.449999933326,14128.749999934646,14150.299999934332,14154.349999934273,14209.349999933473,14209.399999933472,14219.399999933326,14219.449999933326,14255.699999932798,14259.74999993274,18.100000000000122,83.4999999999974,10.500000000000014,0,18.65000000000013,0.25,0,20.000000000000014,68.00000000000074
J001787,2023-02-03/SRSD,SRSD,AMR_04,G9_13,WS_8_20,"[""109969""]",1,14131.049999934612,14205.649999933526,14167.949999934075,14131.049999934612,14131.049999934612,14135.099999934553,14157.849999934222,14157.899999934221,14167.899999934076,14167.949999934075,14201.599999933585,14205.649999933526,18.100000000000122,46.04999999999952,7.649999999999981,0,2.5999999999999988,0.2,0,0.0,48.00000000000033
J001788,2023-02-03/TJKR,TJKR,AMR_01,G14_2,WS_30_20,"[""110423""]",1,14137.499999934518,14342.699999931532,14273.899999932533,14137.499999934518,14164.14999993413,14168.199999934071,14263.79999993268,14263.84999993268,14273.849999932534,14273.899999932533,14338.649999931591,14342.699999931532,18.100000000000122,148.69999999999956,20.05000000000015,0,18.100000000000122,0.25,0,21.99999999999999,151.99999999999818
J001789,2023-02-03/VVSM,VVSM,AMR_35,G8_8,WS_2_20,"[""107192""]",1,14145.799999934397,14331.349999931697,14287.649999932333,14145.799999934397,14201.649999933585,14205.699999933526,14277.54999993248,14277.59999993248,14287.599999932334,14287.649999932333,14327.299999931756,14331.349999931697,18.100000000000122,114.29999999999565,14.300000000000068,0,38.599999999999945,0.25,0,48.00000000000044,76.0000000000008
J001790,2023-02-03/TTNG,TTNG,AMR_14,G21_13,WS_19_20,"[""214618""]",1,14151.649999934312,14283.79999993239,14236.599999933076,14151.649999934312,14151.649999934312,14155.699999934253,14226.499999933223,14226.549999933222,14236.549999933077,14236.599999933076,14279.749999932448,14283.79999993239,18.100000000000122,52.79999999999914,9.55,0,51.49999999999921,0.2,0,0.0,48.00000000000013
J001791,2023-02-03/TTNG,TTNG,AMR_34,G20_10,WS_19_20,"[""110329""]",1,14186.049999933812,14362.899999931238,14321.749999931837,14186.049999933812,14224.449999933253,14228.499999933194,14311.649999931984,14311.699999931983,14321.699999931838,14321.749999931837,14358.849999931297,14362.899999931238,18.100000000000122,83.24999999999741,14.300000000000068,0,60.949999999998674,0.25,0,24.0,56.00000000000041
J001792,2023-02-03/TJKR,TJKR,AMR_09,G9_7,WS_30_20,"[""110248""]",1,14190.499999933747,14450.799999929959,14307.999999932037,14190.499999933747,14205.34999993353,14209.399999933472,14297.899999932184,14297.949999932183,14307.949999932038,14307.999999932037,14446.749999930018,14450.799999929959,18.100000000000122,164.7000000000032,20.05000000000015,0,57.19999999999889,0.25,0,10.0,183.99999999999545
J001793,2023-02-03/TMYL,TMYL,AMR_07,G8_15,WS_8_20,"[""117427""]",1,14190.99999993374,14290.64999993229,14262.4499999327,14190.99999993374,14206.899999933508,14210.94999993345,14252.349999932847,14252.399999932846,14262.3999999327,14262.4499999327,14286.599999932349,14290.64999993229,18.100000000000122,49.34999999999933,11.500000000000028,0,20.450000000000156,0.25,0,10.0,36.0
J001794,2023-02-03/VVSM,VVSM,AMR_18,G9_8,WS_2_20,"[""110423""]",1,14202.499999933572,14365.5499999312,14305.399999932075,14202.499999933572,14226.799999933219,14230.84999993316,14295.299999932222,14295.349999932221,14305.349999932076,14305.399999932075,14361.499999931259,14365.5499999312,18.100000000000122,110.29999999999588,13.350000000000055,0,21.050000000000164,0.25,0,20.0,108.00000000000216
J001795,2023-02-03/TMMU,TMMU,AMR_04,G9_13,WS_13_20,"[""100167"", ""112307""]",2,14205.699999933526,14315.99999993192,14284.599999932378,14205.699999933526,14205.699999933526,14209.749999933467,14274.499999932525,14274.549999932524,14284.549999932378,14284.599999932378,14311.94999993198,14315.99999993192,18.100000000000122,55.34999999999899,9.55,0,27.10000000000025,0.2,0,0.0,52.000000000000256
J001796,2023-02-03/VVSM,VVSM,AMR_11,G12_10,WS_2_20,"[""134683""]",1,14219.499999933325,14365.4999999312,14322.299999931829,14219.499999933325,14244.099999932967,14248.149999932908,14312.199999931976,14312.249999931975,14322.24999993183,14322.299999931829,14361.44999993126,14365.4999999312,18.100000000000122,81.14999999999753,10.500000000000014,0,36.00000000000009,0.25,0,6.0,84.00000000000122
J001797,2023-02-03/TMMU,TMMU,AMR_06,G12_9,WS_13_20,"[""101202""]",2,14235.449999933093,14398.199999930725,14301.949999932125,14235.449999933093,14235.449999933093,14239.499999933034,14291.849999932272,14291.899999932271,14301.899999932126,14301.949999932125,14394.149999930783,14398.199999930725,18.100000000000122,68.34999999999826,13.450000000000056,0,62.64999999999858,0.2,0,0.0,64.00000000000027
J001798,2023-02-03/VVSM,VVSM,AMR_31,G8_6,WS_2_20,"[""111208""]",1,14236.549999933077,14388.749999930862,14339.34999993158,14236.549999933077,14270.999999932576,14275.049999932517,14329.249999931728,14329.299999931727,14339.299999931582,14339.34999993158,14384.699999930921,14388.749999930862,18.100000000000122,103.44999999999627,14.350000000000069,0,16.050000000000093,0.25,0,34.00000000000003,84.00000000000102
J001799,2023-02-03/TTNG,TTNG,AMR_10,G21_12,WS_19_20,"[""112283""]",1,14236.649999933075,14347.499999931462,14304.699999932085,14236.649999933075,14236.649999933075,14240.699999933016,14294.599999932232,14294.649999932231,14304.649999932086,14304.699999932085,14343.449999931521,14347.499999931462,18.100000000000122,54.14999999999906,9.55,0,28.850000000000275,0.2,0,0.0,52.0000000000003
J001800,2023-02-03/TJKR,TJKR,AMR_22,G5_12,WS_30_20,"[""110546""]",1,14239.849999933029,14477.349999929573,14406.949999930597,14239.849999933029,14271.049999932575,14275.099999932516,14396.849999930744,14396.899999930743,14406.899999930598,14406.949999930597,14473.299999929632,14477.349999929573,18.100000000000122,148.29999999999947,16.250000000000096,0,54.599999999999035,0.25,0,20.00000000000003,147.9999999999995
J001801,2023-02-03/SEBR,SEBR,AMR_08,G15_15,WS_25_20,"[""101290"", ""107238"", ""110225"", ""110604"", ""111276"", ""111376"", ""112034"", ""123094"", ""124702"", ""132437"", ""134029""]",15,14251.949999932853,14428.79999993028,14380.349999930984,14251.949999932853,14287.549999932335,14291.599999932276,14370.249999931131,14370.29999993113,14380.299999930985,14380.349999930984,14424.749999930338,14428.79999993028,18.100000000000122,83.04999999999742,10.500000000000014,0,64.94999999999845,0.25,0,18.0,68.00000000000001
J001802,2023-02-03/SEBR,SEBR,AMR_02,G17_14,WS_25_20,"[""107232"", ""110227"", ""110380"", ""110594"", ""123310"", ""124208"", ""134027""]",8,14251.949999932853,14491.049999929373,14428.449999930284,14251.949999932853,14273.249999932543,14277.299999932484,14418.349999930431,14418.39999993043,14428.399999930285,14428.449999930284,14486.999999929432,14491.049999929373,18.100000000000122,92.49999999999689,15.300000000000082,0,112.94999999999573,0.25,0,18.0,72.00000000000003
J001803,2023-02-03/SEBR,SEBR,AMR_20,G14_13,WS_25_20,"[""107130"", ""110274"", ""110418"", ""110603"", ""111228"", ""120450""]",7,14251.949999932853,14512.949999929055,14465.949999929739,14251.949999932853,14275.149999932515,14279.199999932456,14455.849999929886,14455.899999929885,14465.89999992974,14465.949999929739,14508.899999929114,14512.949999929055,18.100000000000122,102.34999999999633,15.300000000000082,0,124.99999999999504,0.25,0,14.0,88.00000000000037
J001804,2023-02-03/SEBR,SEBR,AMR_24,G14_12,WS_25_20,"[""110232"", ""110316"", ""110323"", ""110390"", ""110419"", ""110450""]",6,14251.949999932853,14767.49999992535,14500.399999929237,14251.949999932853,14349.499999931433,14353.549999931374,14490.299999929384,14490.349999929384,14500.349999929238,14500.399999929237,14763.44999992541,14767.49999992535,18.100000000000122,186.05000000000805,26.700000000000244,0,284.4500000000304,0.25,0,32.0,167.9999999999979
J001805,2023-02-03/SEBR,SEBR,AMR_17,G17_13,WS_25_20,"[""101076"", ""101080"", ""109989"", ""110362"", ""112326""]",8,14251.949999932853,14446.199999930026,14396.549999930749,14251.949999932853,14276.749999932492,14280.799999932433,14386.449999930896,14386.499999930895,14396.49999993075,14396.549999930749,14442.149999930085,14446.199999930026,18.100000000000122,112.99999999999572,19.150000000000137,0,43.74999999999965,0.25,0,18.0,100.00000000000045
J001806,2023-02-03/SEBR,SEBR,AMR_29,G9_6,WS_25_20,"[""111380"", ""112302"", ""120052"", ""121875"", ""131216""]",6,14251.949999932853,14556.649999928419,14412.499999930516,14251.949999932853,14277.299999932484,14281.349999932425,14402.399999930663,14402.449999930663,14412.449999930517,14412.499999930516,14552.599999928478,14556.649999928419,18.100000000000122,176.30000000000584,23.850000000000204,0,86.19999999999725,0.25,0,20.00000000000002,175.99999999999824
J001807,2023-02-03/VVSM,VVSM,AMR_25,G11_7,WS_2_20,"[""111271""]",1,14253.599999932829,14461.399999929805,14411.949999930524,14253.599999932829,14290.849999932287,14294.899999932228,14401.849999930671,14401.89999993067,14411.899999930525,14411.949999930524,14457.349999929864,14461.399999929805,18.100000000000122,131.19999999999558,19.150000000000137,0,39.099999999999916,0.25,0,32.00000000000001,112.00000000000179
J001808,2023-02-03/TTNG,TTNG,AMR_21,G17_10,WS_19_20,"[""110575""]",1,14253.599999932829,14413.6499999305,14355.84999993134,14253.599999932829,14278.599999932465,14282.649999932406,14345.749999931488,14345.799999931487,14355.799999931342,14355.84999993134,14409.599999930559,14413.6499999305,18.100000000000122,83.19999999999742,16.250000000000096,0,42.24999999999974,0.25,0,20.0,60.00000000000023
J001809,2023-02-03/TJKR,TJKR,AMR_28,G2_15,WS_30_20,"[""112230""]",1,14256.89999993278,14560.04999992837,14469.499999929687,14256.89999993278,14269.94999993259,14273.999999932532,14459.399999929834,14459.449999929833,14469.449999929688,14469.499999929687,14555.999999928428,14560.04999992837,18.100000000000122,157.10000000000147,18.100000000000122,0,109.59999999999592,0.25,0,6.000000000000002,163.99999999999818
J001810,2023-02-03/TSDA,TSDA,AMR_27,G11_10,WS_8_20,"[""101022"", ""101147"", ""101305"", ""110313""]",5,14262.4999999327,14373.349999931086,14302.399999932119,14262.4999999327,14262.4999999327,14266.54999993264,14292.299999932266,14292.349999932265,14302.34999993212,14302.399999932119,14369.299999931145,14373.349999931086,18.100000000000122,56.699999999998916,6.649999999999984,0,29.20000000000028,0.2,0,0.0,60.000000000000284
J001811,2023-02-03/TSDA,TSDA,AMR_19,G15_2,WS_8_20,"[""110189"", ""123310"", ""134027"", ""136923""]",4,14262.4999999327,14512.999999929054,14409.349999930562,14262.4999999327,14297.849999932185,14301.899999932126,14399.24999993071,14399.299999930709,14409.299999930563,14409.349999930562,14508.949999929113,14512.999999929054,18.100000000000122,136.69999999999683,19.150000000000137,0,76.29999999999781,0.25,0,34.0,120.00000000000188
J001812,2023-02-03/TSDA,TSDA,AMR_39,G14_15,WS_8_20,"[""107120"", ""110231"", ""133300""]",3,14267.599999932625,14422.849999930366,14371.099999931119,14267.599999932625,14330.699999931707,14334.749999931648,14360.999999931266,14361.049999931265,14371.04999993112,14371.099999931119,14418.799999930425,14422.849999930366,18.100000000000122,94.44999999999678,15.250000000000082,0,27.20000000000025,0.25,0,40.00000000000004,52.00000000000031
J001813,2023-02-03/TSDA,TSDA,AMR_23,G14_10,WS_8_20,"[""107293"", ""110317"", ""110541""]",3,14269.099999932603,14515.699999929015,14425.149999930332,14269.099999932603,14296.449999932205,14300.499999932146,14415.04999993048,14415.099999930479,14425.099999930333,14425.149999930332,14511.649999929074,14515.699999929015,18.100000000000122,89.59999999999705,16.250000000000096,0,122.39999999999519,0.25,0,14.0,76.00000000000065
J001814,2023-02-03/TSDA,TSDA,AMR_32,G18_14,WS_8_20,"[""110522"", ""112369"", ""112374""]",3,14276.349999932498,14702.89999992629,14550.699999928505,14276.349999932498,14459.299999929835,14463.349999929776,14540.599999928652,14540.649999928652,14550.649999928506,14550.699999928505,14698.84999992635,14702.89999992629,18.100000000000122,183.05000000000737,32.55000000000029,0,192.60000000000954,0.25,0,82.00000000000023,92.00000000000117
J001815,2023-02-03/VVSM,VVSM,AMR_14,G17_15,WS_2_20,"[""112279""]",1,14283.849999932389,15563.99999991376,15415.699999915918,14283.849999932389,15188.699999919221,15192.749999919162,15405.599999916065,15405.649999916064,15415.649999915919,15415.699999915918,15559.949999913819,15563.99999991376,18.100000000000122,535.4500000000608,84.29999999999735,0,642.0499999999638,0.25,0,471.9999999999776,104.00000000000125
J001816,2023-02-03/TTNG,TTNG,AMR_33,G20_12,WS_19_20,"[""101097""]",1,14287.299999932338,14411.849999930526,14372.899999931093,14287.299999932338,14287.299999932338,14291.34999993228,14362.79999993124,14362.849999931239,14372.849999931093,14372.899999931093,14407.799999930585,14411.849999930526,18.100000000000122,53.14999999999912,9.55,0,43.54999999999966,0.2,0,0.0,48.00000000000013
J001817,2023-02-03/TJKR,TJKR,AMR_07,G8_13,WS_30_20,"[""111356""]",1,14290.699999932289,14663.899999926858,14486.749999929436,14290.699999932289,14322.749999931822,14326.799999931764,14476.649999929583,14476.699999929582,14486.699999929437,14486.749999929436,14659.849999926917,14663.899999926858,18.100000000000122,170.35000000000448,27.650000000000258,0,156.85000000000142,0.25,0,8.0,159.99999999999866
J001818,2023-02-03/TSDA,TSDA,AMR_36,G15_9,WS_8_20,"[""110164"", ""110513"", ""110520""]",3,14300.19999993215,14528.699999928825,14448.199999929997,14300.19999993215,14333.849999931661,14337.899999931602,14438.099999930144,14438.149999930143,14448.149999929998,14448.199999929997,14524.649999928884,14528.699999928825,18.100000000000122,103.09999999999629,15.300000000000082,0,91.74999999999693,0.25,0,24.0,88.00000000000102
J001819,2023-02-03/VVSM,VVSM,AMR_40,G15_14,WS_2_20,"[""101296""]",1,14300.29999993215,14532.54999992877,14467.449999929717,14300.29999993215,14300.29999993215,14304.34999993209,14457.349999929864,14457.399999929863,14467.399999929718,14467.449999929717,14528.499999928828,14532.54999992877,18.100000000000122,133.24999999999605,13.400000000000055,0,67.29999999999832,0.2,0,0.0,152.00000000000142
J001820,2023-02-03/TPAN,TPAN,AMR_05,G17_8,WS_13_20,"[""101061"", ""107327"", ""110333"", ""110401"", ""112083""]",5,14309.14999993202,14562.349999928336,14495.899999929303,14309.14999993202,14354.349999931363,14358.399999931304,14485.79999992945,14485.849999929449,14495.849999929304,14495.899999929303,14558.299999928395,14562.349999928336,18.100000000000122,120.4499999999953,18.200000000000124,0,96.19999999999668,0.25,0,24.0,92.00000000000051
J001821,2023-02-03/TPAN,TPAN,AMR_37,G8_14,WS_13_20,"[""101084"", ""111315"", ""112323"", ""118513""]",4,14314.149999931948,14486.749999929436,14449.249999929982,14314.149999931948,14314.149999931948,14318.199999931889,14439.149999930129,14439.199999930128,14449.199999929982,14449.249999929982,14482.699999929495,14486.749999929436,18.100000000000122,66.99999999999834,11.450000000000028,0,75.84999999999783,0.2,0,0.0,64.00000000000038
J001822,2023-02-03/TPAN,TPAN,AMR_04,G17_9,WS_13_20,"[""101185"", ""101200"", ""112208"", ""134598""]",4,14316.04999993192,14619.449999927505,14513.149999929052,14316.04999993192,14346.799999931472,14350.849999931414,14503.049999929199,14503.099999929198,14513.099999929053,14513.149999929052,14615.399999927564,14619.449999927505,18.100000000000122,136.5999999999968,24.90000000000022,0,123.54999999999512,0.25,0,24.0,104.00000000000071
J001823,2023-02-03/TTNG,TTNG,AMR_35,G23_13,WS_19_20,"[""101179"", ""111371""]",2,14331.399999931697,14500.499999929236,14466.949999929724,14331.399999931697,14397.199999930739,14401.24999993068,14456.849999929871,14456.89999992987,14466.899999929725,14466.949999929724,14496.449999929295,14500.499999929236,18.100000000000122,103.49999999999626,15.300000000000082,0,31.95000000000032,0.25,0,64.00000000000065,48.00000000000013
J001824,2023-02-03/TJKR,TJKR,AMR_26,G9_13,WS_30_20,"[""107106"", ""110497"", ""112307""]",4,14332.649999931678,15012.249999921789,14589.149999927946,14332.649999931678,14411.449999930532,14415.499999930473,14579.049999928093,14579.099999928092,14589.099999927947,14589.149999927946,15008.199999921848,15012.249999921789,18.100000000000122,204.80000000001232,24.850000000000218,0,431.60000000006386,0.25,0,26.0,195.9999999999958
J001825,2023-02-03/TPAN,TPAN,AMR_16,G3_13,WS_13_20,"[""107336"", ""110344"", ""110494"", ""112367""]",4,14337.449999931609,14574.199999928163,14534.849999928736,14337.449999931609,14462.799999929784,14466.849999929726,14524.749999928883,14524.799999928882,14534.799999928737,14534.849999928736,14570.149999928222,14574.199999928163,18.100000000000122,152.25000000000037,24.850000000000218,0,41.29999999999979,0.25,0,86.00000000000081,76.0000000000009
J001826,2023-02-03/VVSM,VVSM,AMR_30,G9_15,WS_2_20,"[""101182""]",1,14339.699999931576,14422.299999930374,14389.899999930845,14339.699999931576,14339.699999931576,14343.749999931517,14379.799999930992,14379.849999930992,14389.849999930846,14389.899999930845,14418.249999930433,14422.299999930374,18.100000000000122,46.74999999999948,7.649999999999981,0,9.900000000000006,0.2,0,0.0,52.00000000000051
J001827,2023-02-03/TTNG,TTNG,AMR_01,G21_10,WS_19_20,"[""111229""]",1,14342.749999931531,14487.599999929424,14449.899999929972,14342.749999931531,14386.449999930896,14390.499999930837,14439.79999993012,14439.849999930118,14449.849999929973,14449.899999929972,14483.549999929483,14487.599999929424,18.100000000000122,97.19999999999662,15.250000000000082,0,14.050000000000065,0.25,0,46.0000000000004,56.00000000000031
J001828,2023-02-03/TJKR,TJKR,AMR_12,G8_8,WS_30_20,"[""133910""]",1,14342.949999931529,14631.849999927324,14520.549999928944,14342.949999931529,14392.399999930809,14396.44999993075,14510.449999929091,14510.49999992909,14520.499999928945,14520.549999928944,14627.799999927383,14631.849999927324,18.100000000000122,194.10000000000989,22.95000000000019,0,53.4999999999991,0.25,0,21.999999999999986,207.9999999999928
J001829,2023-02-03/TPAN,TPAN,AMR_10,G5_7,WS_13_20,"[""110148"", ""110475"", ""111391"", ""123310""]",4,14347.549999931462,14671.749999926744,14603.899999927731,14347.549999931462,14489.349999929398,14493.39999992934,14593.799999927878,14593.849999927877,14603.849999927732,14603.899999927731,14667.699999926803,14671.749999926744,18.100000000000122,147.1499999999992,17.25000000000011,0,141.4499999999979,0.25,0,50.00000000000027,100.0000000000012
J001830,2023-02-03/TTNG,TTNG,AMR_34,G21_14,WS_19_20,"[""111241"", ""112009""]",2,14362.949999931237,14474.349999929616,14432.549999930225,14362.949999931237,14390.849999930831,14394.899999930773,14422.449999930372,14422.49999993037,14432.499999930225,14432.549999930225,14470.299999929675,14474.349999929616,18.100000000000122,61.39999999999865,13.350000000000055,0,18.300000000000125,0.25,0,14.0,44.00000000000004
J001831,2023-02-03/VVSM,VVSM,AMR_11,G14_9,WS_2_20,"[""101149""]",1,14365.5499999312,14739.099999925764,14540.549999928653,14365.5499999312,14429.999999930262,14434.049999930203,14530.4499999288,14530.4999999288,14540.499999928654,14540.549999928653,14735.049999925823,14739.099999925764,18.100000000000122,162.9000000000028,16.250000000000096,0,176.05000000000578,0.25,0,42.000000000000284,156.00000000000017
J001832,2023-02-03/TTNG,TTNG,AMR_18,G18_9,WS_19_20,"[""111295""]",1,14365.599999931199,14523.149999928906,14483.999999929476,14365.599999931199,14409.399999930562,14413.449999930503,14473.899999929623,14473.949999929622,14483.949999929477,14483.999999929476,14519.099999928965,14523.149999928906,18.100000000000122,97.74999999999659,15.300000000000082,0,26.150000000000237,0.25,0,44.00000000000037,60.000000000000355
J001833,2023-02-03/TSDA,TSDA,AMR_27,G14_4,WS_8_20,"[""110385"", ""110418"", ""129530""]",3,14373.399999931085,14846.449999924202,14776.149999925225,14373.399999931085,14409.349999930562,14413.399999930503,14766.049999925372,14766.09999992537,14776.099999925225,14776.149999925225,14842.39999992426,14846.449999924202,18.100000000000122,222.65000000001638,27.75000000000026,0,204.3000000000122,0.25,0,25.99999999999999,227.99999999999352
J001834,2023-02-03/TTNG,TTNG,AMR_31,G9_14,WS_19_20,"[""135157""]",1,14388.799999930861,14909.74999992328,14835.499999924361,14388.799999930861,14614.899999927571,14618.949999927512,14825.399999924508,14825.449999924507,14835.449999924362,14835.499999924361,14905.69999992334,14909.74999992328,18.100000000000122,172.45000000000496,32.600000000000286,0,297.5500000000334,0.25,0,90.000000000001,72.00000000000031
J001835,2023-02-03/VVSM,VVSM,AMR_15,G15_10,WS_2_20,"[""107159""]",1,14396.39999993075,15416.049999915913,15354.949999916802,14396.39999993075,14563.199999928323,14567.249999928265,15344.849999916949,15344.899999916948,15354.899999916803,15354.949999916802,15411.999999915972,15416.049999915913,18.100000000000122,365.0500000000487,58.39999999999882,0,577.8500000000222,0.25,0,88.00000000000111,283.9999999999924
J001836,2023-02-03/SEBR,SEBR,AMR_06,G11_10,WS_25_20,"[""101022"", ""101147"", ""110313"", ""110357"", ""110468"", ""110526"", ""111373""]",7,14398.249999930724,15191.899999919175,14740.499999925743,14398.249999930724,14488.899999929405,14492.949999929346,14730.39999992589,14730.44999992589,14740.449999925744,14740.499999925743,15187.849999919234,15191.899999919175,18.100000000000122,249.2000000000224,46.94999999999947,0,479.15000000007467,0.25,0,36.0,199.99999999999562
J001837,2023-02-03/TJKR,TJKR,AMR_38,G2_14,WS_30_20,"[""124994""]",1,14400.399999930693,15557.09999991386,14846.4999999242,14400.399999930693,14467.649999929714,14471.699999929655,14836.399999924348,14836.449999924347,14846.449999924202,14846.4999999242,15553.04999991392,15557.09999991386,18.100000000000122,360.0500000000476,57.34999999999888,0,720.949999999892,0.25,0,40.00000000000006,347.9999999999844
J001838,2023-02-03/TSDA,TSDA,AMR_33,G3_15,WS_8_20,"[""110222"", ""112392""]",2,14411.899999930525,14775.09999992524,14747.899999925636,14411.899999930525,14534.399999928743,14538.449999928684,14737.799999925783,14737.849999925782,14747.849999925636,14747.899999925636,14771.049999925299,14775.09999992524,18.100000000000122,105.84999999999613,18.200000000000124,0,220.80000000001596,0.25,0,48.00000000000044,52.00000000000014
J001839,2023-02-03/VVSM,VVSM,AMR_21,G11_6,WS_2_20,"[""134500""]",1,14413.699999930499,14694.449999926414,14640.549999927198,14413.699999930499,14486.649999929437,14490.699999929378,14630.449999927345,14630.499999927344,14640.499999927199,14640.549999927198,14690.399999926472,14694.449999926414,18.100000000000122,125.24999999999503,18.150000000000123,0,118.99999999999538,0.25,0,28.00000000000003,100.00000000000162
J001840,2023-02-03/SEBR,SEBR,AMR_30,G14_14,WS_25_20,"[""101095"", ""110475"", ""110595"", ""112066"", ""112086"", ""123272""]",7,14422.349999930373,14878.79999992373,14647.349999927099,14422.349999930373,14521.199999928935,14525.249999928876,14637.249999927246,14637.299999927245,14647.2999999271,14647.349999927099,14874.74999992379,14878.79999992373,18.100000000000122,144.39999999999858,22.000000000000178,0,271.7000000000275,0.25,0,40.00000000000013,100.00000000000028
J001841,2023-02-03/TPAN,TPAN,AMR_39,G6_13,WS_13_20,"[""107165"", ""112227"", ""112444""]",3,14422.899999930365,14653.49999992701,14586.84999992798,14422.899999930365,14477.849999929565,14481.899999929507,14576.749999928126,14576.799999928126,14586.79999992798,14586.84999992798,14649.449999927068,14653.49999992701,18.100000000000122,96.84999999999664,14.350000000000069,0,101.0499999999964,0.25,0,28.000000000000014,64.00000000000054
J001842,2023-02-03/TSDA,TSDA,AMR_08,G17_10,WS_8_20,"[""101318"", ""110575"", ""137523""]",3,14428.849999930278,15575.549999913592,15066.999999920992,14428.849999930278,14479.749999929538,14483.799999929479,15056.89999992114,15056.949999921138,15066.949999920993,15066.999999920992,15571.49999991365,15575.549999913592,18.100000000000122,263.8000000000257,39.299999999999905,0,825.2499999997972,0.25,0,14.0,247.99999999999667
J001843,2023-02-03/TTNG,TTNG,AMR_17,G9_12,WS_19_20,"[""107162""]",1,14446.249999930025,15109.79999992037,14941.599999922817,14446.249999930025,14541.899999928633,14545.949999928574,14931.499999922964,14931.549999922963,14941.549999922818,14941.599999922817,15105.749999920428,15109.79999992037,18.100000000000122,221.050000000016,38.29999999999996,0,385.85000000005346,0.25,0,26.0,191.99999999999824
J001844,2023-02-03/SEBR,SEBR,AMR_09,G17_12,WS_25_20,"[""101293"", ""110162"", ""112287"", ""125639""]",5,14450.849999929958,15046.54999992129,14831.49999992442,14450.849999929958,14767.249999925354,14771.299999925295,14821.399999924566,14821.449999924565,14831.44999992442,14831.49999992442,15042.499999921349,15046.54999992129,18.100000000000122,233.2500000000188,35.40000000000013,0,308.7000000000359,0.25,0,165.99999999999747,84.00000000000048
J001845,2023-02-03/TSDA,TSDA,AMR_25,G12_10,WS_8_20,"[""107396"", ""134683""]",2,14461.449999929804,14758.899999925476,14700.599999926324,14461.449999929804,14654.199999927,14658.24999992694,14690.499999926471,14690.54999992647,14700.549999926325,14700.599999926324,14754.849999925535,14758.899999925476,18.100000000000122,82.29999999999747,14.350000000000069,0,182.45000000000724,0.25,0,16.0,64.00000000000043
J001846,2023-02-03/TTNG,TTNG,AMR_34,G12_9,WS_19_20,"[""110511""]",1,14474.399999929616,15299.549999917608,15131.549999920053,14474.399999929616,14525.449999928873,14529.499999928814,15121.4499999202,15121.4999999202,15131.499999920054,15131.549999920053,15295.499999917667,15299.549999917608,18.100000000000122,215.10000000001466,36.40000000000007,0,555.3000000000427,0.25,0,32.0,163.99999999999983
J001847,2023-02-03/TJKR,TJKR,AMR_22,G2_12,WS_30_20,"[""134553""]",1,14477.399999929572,15150.499999919777,14676.649999926673,14477.399999929572,14545.999999928574,14550.049999928515,14666.54999992682,14666.599999926819,14676.599999926673,14676.649999926673,15146.449999919836,15150.499999919777,18.100000000000122,263.2500000000256,34.350000000000186,0,357.15000000004693,0.25,0,38.00000000000004,263.99999999999
J001848,2023-02-03/TTNG,TTNG,AMR_37,G17_7,WS_19_20,"[""127626""]",1,14486.799999929435,14840.949999924282,14673.299999926721,14486.799999929435,14611.849999927615,14615.899999927557,14663.199999926868,14663.249999926868,14673.249999926722,14673.299999926721,14836.89999992434,14840.949999924282,18.100000000000122,130.3999999999954,24.850000000000218,0,180.5500000000068,0.25,0,56.00000000000066,76.00000000000054
J001849,2023-02-03/VVSM,VVSM,AMR_01,G12_6,WS_2_20,"[""107129""]",1,14487.649999929423,15038.34999992141,14976.899999922303,14487.649999929423,14563.649999928317,14567.699999928258,14966.79999992245,14966.84999992245,14976.849999922304,14976.899999922303,15034.299999921468,15038.34999992141,18.100000000000122,207.25000000001288,27.90000000000026,0,297.2000000000333,0.25,0,50.000000000000355,187.99999999999523
J001850,2023-02-03/SEBR,SEBR,AMR_13,G14_15,WS_25_20,"[""101329"", ""107120"", ""110166"", ""111249""]",4,14490.449999929382,15279.049999917906,15174.39999991943,14490.449999929382,15096.199999920567,15100.249999920508,15164.299999919576,15164.349999919576,15174.34999991943,15174.39999991943,15274.999999917965,15279.049999917906,18.100000000000122,195.0000000000101,23.950000000000205,0,551.3000000000463,0.25,0,114.00000000000071,76.00000000000004
J001851,2023-02-03/TTNG,TTNG,AMR_02,G14_7,WS_19_20,"[""107377""]",1,14491.099999929373,15078.549999920824,14907.549999923312,14491.099999929373,14539.549999928668,14543.599999928609,14897.44999992346,14897.499999923459,14907.499999923313,14907.549999923312,15074.499999920883,15078.549999920824,18.100000000000122,131.54999999999566,19.100000000000136,0,418.45000000006087,0.25,0,40.00000000000021,92.00000000000068
J001852,2023-02-03/TPAN,TPAN,AMR_35,G15_15,WS_13_20,"[""110225"", ""110604"", ""112034"", ""123094"", ""124702""]",5,14500.549999929235,14741.299999925732,14569.749999928228,14500.549999929235,14538.449999928684,14542.499999928625,14559.649999928375,14559.699999928374,14569.699999928229,14569.749999928228,14737.24999992579,14741.299999925732,18.100000000000122,94.1499999999968,15.250000000000082,0,112.99999999999572,0.25,0,28.0,60.000000000000185
J001853,2023-02-03/TJKR,TJKR,AMR_20,G8_14,WS_30_20,"[""110109""]",1,14512.999999929054,15474.499999915062,15354.999999916801,14512.999999929054,15193.399999919153,15197.449999919094,15344.899999916948,15344.949999916947,15354.949999916802,15354.999999916801,15470.449999915121,15474.499999915062,18.100000000000122,335.0000000000419,53.79999999999908,0,554.3500000000436,0.25,0,162.0000000000003,191.99999999999542
J001854,2023-02-03/SEBR,SEBR,AMR_19,G20_13,WS_25_20,"[""101122"", ""101297"", ""107285""]",3,14513.049999929053,14665.699999926832,14631.099999927335,14513.049999929053,14574.599999928158,14578.649999928099,14620.999999927482,14621.049999927482,14631.049999927336,14631.099999927335,14661.64999992689,14665.699999926832,18.100000000000122,100.49999999999643,17.20000000000011,0,16.6000000000001,0.25,0,44.00000000000003,64.00000000000021
J001855,2023-02-03/TPAN,TPAN,AMR_23,G17_13,WS_13_20,"[""101080"", ""110512"", ""112284""]",3,14515.749999929014,14921.349999923112,14748.049999925634,14515.749999929014,14534.849999928736,14538.899999928677,14737.94999992578,14737.99999992578,14747.999999925634,14748.049999925634,14917.29999992317,14921.349999923112,18.100000000000122,82.69999999999744,21.050000000000164,0,283.5000000000302,0.25,0,12.0,64.00000000000028
J001856,2023-02-03/TSDA,TSDA,AMR_18,G20_14,WS_8_20,"[""110132"", ""111995""]",2,14523.199999928906,14982.849999922217,14647.849999927092,14523.199999928906,14553.299999928468,14557.349999928409,14637.749999927239,14637.799999927238,14647.799999927092,14647.849999927092,14978.799999922276,14982.849999922217,18.100000000000122,153.60000000000068,19.100000000000136,0,268.6000000000268,0.25,0,14.0,128.00000000000065
J001857,2023-02-03/VVSM,VVSM,AMR_36,G15_9,WS_2_20,"[""107457""]",1,14528.749999928825,15067.249999920989,14701.649999926309,14528.749999928825,14528.749999928825,14532.799999928766,14691.549999926456,14691.599999926455,14701.59999992631,14701.649999926309,15063.199999921047,15067.249999920989,18.100000000000122,218.15000000001535,30.7000000000003,0,271.3500000000274,0.2,0,0.0,223.9999999999959
J001858,2023-02-03/TTNG,TTNG,AMR_40,G6_15,WS_19_20,"[""101199""]",1,14532.599999928769,15069.549999920955,14924.549999923065,14532.599999928769,14749.749999925609,14753.79999992555,14914.449999923212,14914.499999923211,14924.499999923066,14924.549999923065,15065.499999921014,15069.549999920955,18.100000000000122,138.54999999999725,20.05000000000015,0,360.0000000000476,0.25,0,40.00000000000006,84.0000000000003
J001859,2023-02-03/TPAN,TPAN,AMR_03,G14_13,WS_13_20,"[""107130"", ""110254"", ""110274"", ""110603""]",4,14545.699999928578,15131.69999992005,15063.099999921049,14545.699999928578,14649.399999927069,14653.44999992701,15052.999999921196,15053.049999921195,15063.04999992105,15063.099999921049,15127.64999992011,15131.69999992005,18.100000000000122,275.00000000002825,46.04999999999952,0,246.60000000002182,0.25,0,38.000000000000114,235.999999999995
J001860,2023-02-03/SEBR,SEBR,AMR_29,G15_14,WS_25_20,"[""101075"", ""110299"", ""110502"", ""110531"", ""123304""]",5,14556.699999928418,15012.19999992179,14864.599999923938,14556.699999928418,14758.799999925477,14762.849999925418,14854.499999924084,14854.549999924084,14864.549999923938,14864.599999923938,15008.149999921849,15012.19999992179,18.100000000000122,120.59999999999529,19.150000000000137,0,297.40000000003334,0.25,0,52.00000000000027,72.00000000000006
J001861,2023-02-03/TSDA,TSDA,AMR_28,G21_14,WS_8_20,"[""110533"", ""112286""]",3,14560.099999928369,15395.999999916205,14897.549999923458,14560.099999928369,14732.199999925864,14736.249999925805,14887.449999923605,14887.499999923604,14897.499999923459,14897.549999923458,15391.949999916264,15395.999999916205,18.100000000000122,210.95000000001372,31.650000000000315,0,574.9500000000248,0.25,0,128.000000000003,104.00000000000045
J001862,2023-02-03/VVSM,VVSM,AMR_05,G18_13,WS_2_20,"[""107224""]",1,14562.399999928335,15080.2499999208,14762.599999925422,14562.399999928335,14598.649999927808,14602.699999927749,14752.499999925569,14752.549999925568,14762.549999925423,14762.599999925422,15076.199999920858,15080.2499999208,18.100000000000122,232.25000000001856,34.550000000000175,0,232.70000000001866,0.25,0,20.0,219.9999999999944
J001863,2023-02-03/TPAN,TPAN,AMR_16,G11_8,WS_13_20,"[""101166"", ""107136"", ""111247""]",3,14574.249999928163,14782.899999925126,14729.09999992591,14574.249999928163,14621.299999927478,14625.349999927419,14718.999999926056,14719.049999926056,14729.04999992591,14729.09999992591,14778.849999925185,14782.899999925126,18.100000000000122,98.54999999999654,15.300000000000082,0,76.4499999999978,0.25,0,26.0,72.00000000000074
J001864,2023-02-03/TPAN,TPAN,AMR_04,G12_7,WS_13_20,"[""107330"", ""107444"", ""110585""]",3,14619.499999927504,15085.599999920722,15045.8499999213,14619.499999927504,14746.499999925656,14750.549999925597,15035.749999921447,15035.799999921446,15045.7999999213,15045.8499999213,15081.54999992078,15085.599999920722,18.100000000000122,142.39999999999813,23.000000000000192,0,282.3500000000299,0.25,0,30.0,116.00000000000153
J001865,2023-02-03/TPAN,TPAN,AMR_12,G3_10,WS_13_20,"[""101280"", ""107116"", ""110153""]",3,14631.899999927324,14889.049999923582,14809.049999924746,14631.899999927324,14655.749999926977,14659.799999926918,14798.949999924893,14798.999999924892,14808.999999924747,14809.049999924746,14884.99999992364,14889.049999923582,18.100000000000122,114.29999999999565,19.050000000000136,0,105.44999999999615,0.25,0,17.999999999999996,92.00000000000075
J001866,2023-02-03/SEBR,SEBR,AMR_39,G21_12,WS_25_20,"[""110328"", ""112333"", ""112430""]",3,14653.549999927009,14931.149999922969,14880.549999923705,14653.549999927009,14817.449999924624,14821.499999924565,14870.449999923852,14870.499999923852,14880.499999923706,14880.549999923705,14927.099999923028,14931.149999922969,18.100000000000122,137.64999999999705,19.100000000000136,0,102.49999999999632,0.25,0,84.00000000000153,64.00000000000023
J001867,2023-02-03/TSDA,TSDA,AMR_07,G20_12,WS_8_20,"[""101097"", ""111387""]",2,14663.949999926857,15425.749999915772,15134.999999920003,14663.949999926857,15024.949999921604,15028.999999921545,15124.89999992015,15124.949999920149,15134.949999920003,15134.999999920003,15421.69999991583,15425.749999915772,18.100000000000122,236.70000000001957,31.600000000000314,0,475.15000000007376,0.25,0,138.0000000000012,100.00000000000111
J001868,2023-02-03/VVSM,VVSM,AMR_19,G14_6,WS_2_20,"[""110523""]",1,14665.749999926831,15048.749999921258,14952.499999922658,14665.749999926831,14841.249999924277,14845.299999924218,14942.399999922805,14942.449999922805,14952.44999992266,14952.499999922658,15044.699999921317,15048.749999921258,18.100000000000122,187.45000000000837,28.800000000000274,0,148.3999999999995,0.25,0,82.00000000000094,128.00000000000244
J001869,2023-02-03/TPAN,TPAN,AMR_10,G9_5,WS_13_20,"[""110267"", ""112379"", ""115988""]",3,14671.799999926743,15133.549999920024,15080.1999999208,14671.799999926743,14704.549999926267,14708.599999926208,15070.099999920947,15070.149999920946,15080.1499999208,15080.1999999208,15129.499999920083,15133.549999920024,18.100000000000122,154.35000000000085,22.90000000000019,0,266.15000000002624,0.25,0,28.000000000000007,124.00000000000117
J001870,2023-02-03/TTNG,TTNG,AMR_21,G17_8,WS_19_20,"[""101221""]",1,14694.499999926413,15019.499999921683,14882.499999923677,14694.499999926413,14735.24999992582,14739.29999992576,14872.399999923824,14872.449999923823,14882.449999923678,14882.499999923677,15015.449999921742,15019.499999921683,18.100000000000122,130.3499999999954,19.150000000000137,0,157.15000000000148,0.25,0,32.00000000000001,112.00000000000125
J001871,2023-02-03/SEBR,SEBR,AMR_32,G18_14,WS_25_20,"[""101332"", ""112059"", ""112369""]",4,14702.94999992629,14807.34999992477,14762.599999925422,14702.94999992629,14702.94999992629,14706.99999992623,14752.499999925569,14752.549999925568,14762.549999925423,14762.599999925422,14803.29999992483,14807.34999992477,18.100000000000122,58.04999999999884,9.55,0,18.500000000000128,0.2,0,0.0,60.00000000000004
J001872,2023-02-03/TSDA,TSDA,AMR_11,G14_9,WS_8_20,"[""101149"", ""110278""]",2,14739.149999925763,15421.09999991584,14949.749999922698,14739.149999925763,14739.149999925763,14743.199999925704,14939.649999922845,14939.699999922845,14949.6999999227,14949.749999922698,15417.049999915898,15421.09999991584,18.100000000000122,212.6000000000141,34.50000000000018,0,416.55000000006044,0.2,0,0.0,215.99999999999494
J001873,2023-02-03/VVSM,VVSM,AMR_35,G15_6,WS_2_20,"[""138368""]",1,14741.349999925731,15016.699999921724,14934.049999922927,14741.349999925731,14827.499999924477,14831.549999924418,14923.949999923074,14923.999999923073,14933.999999922928,14934.049999922927,15012.649999921783,15016.699999921724,18.100000000000122,137.54999999999703,13.400000000000055,0,106.04999999999612,0.25,0,22.00000000000003,144.00000000000227
J001874,2023-02-03/TPAN,TPAN,AMR_25,G17_14,WS_13_20,"[""107232"", ""110504""]",2,14758.949999925475,15468.399999915151,15097.249999920552,14758.949999925475,15039.349999921395,15043.399999921336,15087.149999920699,15087.199999920698,15097.199999920553,15097.249999920552,15464.34999991521,15468.399999915151,18.100000000000122,151.15000000000012,35.50000000000012,0,504.4500000000804,0.25,0,90.00000000000188,56.00000000000013
J001875,2023-02-03/SEBR,SEBR,AMR_24,G20_10,WS_25_20,"[""112431"", ""122645"", ""125463""]",3,14767.54999992535,15139.749999919934,15078.349999920827,14767.54999992535,15014.549999921755,15018.599999921697,15068.249999920974,15068.299999920973,15078.299999920828,15078.349999920827,15135.699999919992,15139.749999919934,18.100000000000122,122.2499999999952,17.15000000000011,0,214.4500000000145,0.25,0,60.000000000000554,72.0000000000004
J001876,2023-02-03/TSDA,TSDA,AMR_33,G20_13,WS_8_20,"[""101122"", ""124184""]",2,14775.14999992524,15579.649999913532,15242.199999918443,14775.14999992524,14981.89999992223,14985.949999922172,15232.09999991859,15232.149999918589,15242.149999918443,15242.199999918443,15575.599999913591,15579.649999913532,18.100000000000122,306.0000000000353,50.899999999999245,0,429.2500000000633,0.25,0,126.00000000000261,187.99999999999514
J001877,2023-02-03/VVSM,VVSM,AMR_16,G18_9,WS_2_20,"[""111295""]",1,14782.949999925126,15194.449999919138,15036.449999921437,14782.949999925126,14859.899999924006,14863.949999923947,15026.349999921584,15026.399999921583,15036.399999921437,15036.449999921437,15190.399999919196,15194.449999919138,18.100000000000122,210.4000000000136,28.750000000000274,0,154.00000000000077,0.25,0,68.00000000000102,171.99999999999804
J001878,2023-02-03/TPAN,TPAN,AMR_32,G14_12,WS_13_20,"[""107219"", ""107328"", ""110232"", ""110419"", ""110450""]",5,14807.39999992477,15719.749999911493,15546.699999914012,14807.39999992477,15433.999999915652,15438.049999915593,15536.599999914159,15536.649999914158,15546.649999914012,15546.699999914012,15715.699999911552,15719.749999911493,18.100000000000122,268.00000000002666,50.79999999999925,0,575.2000000000246,0.25,0,148.00000000000136,104.00000000000117
J001879,2023-02-03/SEBR,SEBR,AMR_37,G3_15,WS_25_20,"[""101024"", ""110222"", ""110615"", ""127627""]",4,14840.999999924281,15507.299999914585,15195.64999991912,14840.999999924281,14925.64999992305,14929.69999992299,15185.549999919267,15185.599999919266,15195.59999991912,15195.64999991912,15503.249999914644,15507.299999914585,18.100000000000122,207.750000000013,29.600000000000286,0,410.6000000000591,0.25,0,48.00000000000057,163.9999999999984
J001880,2023-02-03/TTNG,TTNG,AMR_27,G9_10,WS_19_20,"[""101282""]",1,14846.4999999242,15191.199999919185,15045.299999921308,14846.4999999242,14892.099999923537,14896.149999923478,15035.199999921455,15035.249999921454,15045.249999921309,15045.299999921308,15187.149999919244,15191.199999919185,18.100000000000122,139.2499999999974,14.250000000000068,0,172.85000000000505,0.25,0,33.99999999999997,120.00000000000122
J001881,2023-02-03/SEBR,SEBR,AMR_30,G14_10,WS_25_20,"[""101180"", ""110163"", ""110317""]",3,14878.84999992373,15359.14999991674,15297.99999991763,14878.84999992373,15230.449999918614,15234.499999918555,15287.899999917778,15287.949999917777,15297.949999917631,15297.99999991763,15355.0999999168,15359.14999991674,18.100000000000122,230.55000000001817,37.30000000000002,0,194.10000000000989,0.25,0,152.00000000000068,96.00000000000077
J001882,2023-02-03/SEBR,SEBR,AMR_12,G12_10,WS_25_20,"[""110171"", ""110297"", ""110324""]",3,14889.099999923581,15211.44999991889,15137.29999991997,14889.099999923581,14960.999999922535,14965.049999922476,15127.199999920116,15127.249999920115,15137.24999991997,15137.29999991997,15207.39999991895,15211.44999991889,18.100000000000122,182.60000000000727,22.85000000000019,0,98.54999999999654,0.25,0,54.000000000000355,152.0000000000001
J001883,2023-02-03/TSDA,TSDA,AMR_31,G11_5,WS_8_20,"[""101296"", ""110603""]",2,14909.79999992328,15523.299999914352,15398.099999916174,14909.79999992328,15120.199999920218,15124.24999992016,15387.999999916321,15388.04999991632,15398.049999916175,15398.099999916174,15519.249999914411,15523.299999914352,18.100000000000122,203.25000000001197,38.399999999999956,0,353.5000000000461,0.25,0,58.00000000000067,144.00000000000068
J001884,2023-02-03/TTNG,TTNG,AMR_23,G6_14,WS_19_20,"[""134680""]",1,14921.399999923111,15736.349999911252,15663.399999912313,14921.399999923111,15206.59999991896,15210.649999918902,15653.29999991246,15653.34999991246,15663.349999912314,15663.399999912313,15732.29999991131,15736.349999911252,18.100000000000122,247.8000000000221,40.29999999999985,0,508.50000000008134,0.25,0,96.00000000000111,128.00000000000077
J001885,2023-02-03/TTNG,TTNG,AMR_39,G6_12,WS_19_20,"[""112320""]",1,14931.199999922968,15732.899999911302,15627.449999912837,14931.199999922968,15383.149999916392,15387.199999916333,15617.349999912984,15617.399999912983,15627.399999912837,15627.449999912837,15728.849999911361,15732.899999911302,18.100000000000122,231.80000000001846,42.14999999999974,0,509.40000000008155,0.25,0,122.00000000000097,100.0000000000008
J001886,2023-02-03/VVSM,VVSM,AMR_18,G20_14,WS_2_20,"[""111995""]",1,14982.899999922216,15297.149999917643,15122.549999920184,14982.899999922216,14982.899999922216,14986.949999922157,15112.44999992033,15112.49999992033,15122.499999920185,15122.549999920184,15293.099999917702,15297.149999917643,18.100000000000122,101.34999999999638,11.450000000000028,0,183.1500000000074,0.2,0,0.0,100.00000000000071
J001887,2023-02-03/TSDA,TSDA,AMR_29,G17_13,WS_8_20,"[""110186"", ""110512""]",2,15012.249999921789,15351.049999916859,15104.099999920452,15012.249999921789,15025.099999921602,15029.149999921543,15093.9999999206,15094.049999920599,15104.049999920453,15104.099999920452,15346.999999916918,15351.049999916859,18.100000000000122,85.99999999999726,13.400000000000055,0,221.050000000016,0.25,0,6.0,72.00000000000048
J001888,2023-02-03/TTNG,TTNG,AMR_26,G3_14,WS_19_20,"[""112040""]",1,15012.299999921788,15630.949999912786,15509.04999991456,15012.299999921788,15059.199999921106,15063.249999921047,15498.949999914706,15498.999999914706,15508.99999991456,15509.04999991456,15626.899999912845,15630.949999912786,18.100000000000122,141.94999999999803,24.90000000000022,0,433.4500000000643,0.25,0,30.000000000000018,108.00000000000078
J001889,2023-02-03/VVSM,VVSM,AMR_35,G17_6,WS_2_20,"[""112003""]",1,15016.749999921723,15176.249999919402,15100.999999920497,15016.749999921723,15023.349999921627,15027.399999921568,15090.899999920644,15090.949999920644,15100.949999920498,15100.999999920497,15172.199999919461,15176.249999919402,18.100000000000122,126.69999999999494,11.500000000000028,0,2.9499999999999975,0.25,0,4.0,156.0000000000003
J001890,2023-02-03/TPAN,TPAN,AMR_21,G15_14,WS_13_20,"[""101296"", ""110531"", ""123304""]",3,15019.549999921683,15303.199999917555,15229.649999918625,15019.549999921683,15127.849999920107,15131.899999920048,15219.549999918772,15219.599999918772,15229.599999918626,15229.649999918625,15299.149999917614,15303.199999917555,18.100000000000122,130.59999999999545,24.850000000000218,0,109.8499999999959,0.25,0,88.00000000000117,48.000000000000085
J001891,2023-02-03/VVSM,VVSM,AMR_01,G9_13,WS_2_20,"[""109969""]",1,15038.399999921408,15375.6499999165,15210.549999918903,15038.399999921408,15127.999999920105,15132.049999920046,15200.44999991905,15200.49999991905,15210.499999918904,15210.549999918903,15371.59999991656,15375.6499999165,18.100000000000122,172.600000000005,26.850000000000247,0,119.44999999999536,0.25,0,44.00000000000013,132.00000000000205
J001892,2023-02-03/TTNG,TTNG,AMR_09,G15_6,WS_19_20,"[""110527""]",1,15046.599999921289,15290.54999991774,15209.849999918913,15046.599999921289,15076.249999920858,15080.299999920799,15199.74999991906,15199.79999991906,15209.799999918914,15209.849999918913,15286.499999917798,15290.54999991774,18.100000000000122,92.89999999999687,14.350000000000069,0,118.34999999999542,0.25,0,16.0,80.0000000000006
J001893,2023-02-03/SEBR,SEBR,AMR_19,G18_4,WS_25_20,"[""112009"", ""112357"", ""123034""]",3,15048.799999921257,15205.99999991897,15154.549999919718,15048.799999921257,15077.249999920843,15081.299999920784,15144.449999919865,15144.499999919864,15154.499999919719,15154.549999919718,15201.949999919028,15205.99999991897,18.100000000000122,112.79999999999573,16.250000000000096,0,9.800000000000004,0.25,0,19.999999999999996,112.0000000000018
J001894,2023-02-03/TSDA,TSDA,AMR_36,G15_15,WS_8_20,"[""123094""]",1,15067.299999920988,15620.099999912944,15528.19999991428,15067.299999920988,15479.549999914989,15483.59999991493,15518.099999914428,15518.149999914427,15528.149999914282,15528.19999991428,15616.049999913002,15620.099999912944,18.100000000000122,176.5500000000059,41.1999999999998,0,316.70000000003773,0.25,0,96.0000000000001,64.00000000000038
J001895,2023-02-03/TPAN,TPAN,AMR_40,G18_14,WS_13_20,"[""101332"", ""112059"", ""112374""]",3,15069.599999920954,15493.19999991479,15393.999999916234,15069.599999920954,15284.94999991782,15288.999999917762,15383.89999991638,15383.94999991638,15393.949999916234,15393.999999916234,15489.14999991485,15493.19999991479,18.100000000000122,138.49999999999724,27.75000000000026,0,239.0000000000201,0.25,0,74.0000000000006,60.000000000000185
J001896,2023-02-03/VVSM,VVSM,AMR_02,G18_7,WS_2_20,"[""101073""]",1,15078.599999920823,15396.849999916192,15318.349999917335,15078.599999920823,15116.149999920277,15120.199999920218,15308.249999917482,15308.29999991748,15318.299999917335,15318.349999917335,15392.799999916251,15396.849999916192,18.100000000000122,191.0500000000092,23.000000000000192,0,85.84999999999727,0.25,0,32.00000000000001,199.9999999999935
J001897,2023-02-03/TPAN,TPAN,AMR_05,G17_7,WS_13_20,"[""101189"", ""107210"", ""110600""]",3,15080.299999920799,15327.949999917195,15246.849999918375,15080.299999920799,15119.499999920228,15123.54999992017,15236.749999918522,15236.799999918521,15246.799999918376,15246.849999918375,15323.899999917254,15327.949999917195,18.100000000000122,97.04999999999663,17.20000000000011,0,115.0499999999956,0.25,0,22.00000000000003,72.0000000000006
J001898,2023-02-03/TTNG,TTNG,AMR_04,G3_12,WS_19_20,"[""110291""]",1,15085.64999992072,15507.199999914586,15332.44999991713,15085.64999992072,15135.399999919997,15139.449999919938,15322.349999917276,15322.399999917276,15332.39999991713,15332.44999991713,15503.149999914645,15507.199999914586,18.100000000000122,176.85000000000596,26.750000000000245,0,199.60000000001114,0.25,0,48.00000000000057,140.00000000000063
J001899,2023-02-03/TSDA,TSDA,AMR_17,G14_7,WS_8_20,"[""107377"", ""111285""]",2,15109.849999920369,15590.199999913379,15382.149999916406,15109.849999920369,15144.249999919868,15148.29999991981,15372.049999916553,15372.099999916552,15382.099999916407,15382.149999916406,15586.149999913438,15590.199999913379,18.100000000000122,164.85000000000323,26.850000000000247,0,270.3000000000272,0.25,0,20.00000000000003,136.0000000000005
J001900,2023-02-03/VVSM,VVSM,AMR_03,G17_5,WS_2_20,"[""122687""]",1,15131.74999992005,15319.99999991731,15241.299999918456,15131.74999992005,15163.849999919583,15167.899999919524,15231.199999918603,15231.249999918602,15241.249999918457,15241.299999918456,15315.94999991737,15319.99999991731,18.100000000000122,144.8499999999987,15.300000000000082,0,9.750000000000004,0.25,0,26.00000000000003,152.00000000000105
J001901,2023-02-03/TPAN,TPAN,AMR_10,G14_14,WS_13_20,"[""107459"", ""112066""]",2,15133.599999920023,15331.099999917149,15263.899999918127,15133.599999920023,15171.449999919472,15175.499999919413,15253.799999918274,15253.849999918273,15263.849999918128,15263.899999918127,15327.049999917208,15331.099999917149,18.100000000000122,72.29999999999804,15.300000000000082,0,91.54999999999694,0.25,0,28.0,40.00000000000004
J001902,2023-02-03/SEBR,SEBR,AMR_24,G15_9,WS_25_20,"[""110164"", ""110466"", ""110501""]",3,15139.799999919933,15318.749999917329,15270.149999918036,15139.799999919933,15168.449999919516,15172.499999919457,15260.049999918183,15260.099999918182,15270.099999918037,15270.149999918036,15314.699999917388,15318.749999917329,18.100000000000122,102.04999999999634,18.100000000000122,0,40.44999999999984,0.25,0,16.0,92.00000000000034
J001903,2023-02-03/TSDA,TSDA,AMR_22,G6_15,WS_8_20,"[""113195""]",1,15150.549999919776,15484.199999914921,15466.099999915185,15150.549999919776,15419.64999991586,15423.699999915802,15455.999999915332,15456.04999991533,15466.049999915185,15466.099999915185,15480.14999991498,15484.199999914921,18.100000000000122,168.35000000000403,32.600000000000286,0,114.34999999999565,0.25,0,130.00000000000142,36.000000000000014
J001904,2023-02-03/SEBR,SEBR,AMR_35,G3_10,WS_25_20,"[""107290"", ""110153"", ""111997""]",4,15176.299999919402,15608.69999991311,15457.549999915309,15176.299999919402,15262.599999918146,15266.649999918087,15447.449999915456,15447.499999915455,15457.49999991531,15457.549999915309,15604.649999913168,15608.69999991311,18.100000000000122,198.20000000001082,21.950000000000177,0,193.90000000000984,0.25,0,60.00000000000098,175.99999999999733
J001905,2023-02-03/SEBR,SEBR,AMR_27,G18_15,WS_25_20,"[""107310"", ""110252""]",2,15191.249999919184,15366.299999916637,15333.79999991711,15191.249999919184,15244.899999918403,15248.949999918344,15323.699999917257,15323.749999917256,15333.74999991711,15333.79999991711,15362.249999916696,15366.299999916637,18.100000000000122,83.74999999999739,12.400000000000041,0,60.5499999999987,0.25,0,32.0,56.0
J001906,2023-02-03/VVSM,VVSM,AMR_06,G20_10,WS_2_20,"[""125463""]",1,15191.949999919174,15724.699999911421,15512.649999914507,15191.949999919174,15234.049999918561,15238.099999918502,15502.549999914654,15502.599999914653,15512.599999914508,15512.649999914507,15720.64999991148,15724.699999911421,18.100000000000122,149.84999999999982,23.000000000000192,0,341.5500000000434,0.25,0,22.0,128.0000000000017
J001907,2023-02-03/TPAN,TPAN,AMR_16,G15_12,WS_13_20,"[""101135"", ""110191""]",2,15194.499999919137,15542.849999914068,15331.74999991714,15194.499999919137,15219.399999918774,15223.449999918716,15321.649999917287,15321.699999917286,15331.69999991714,15331.74999991714,15538.799999914127,15542.849999914068,18.100000000000122,123.69999999999511,27.80000000000026,0,178.50000000000634,0.25,0,16.0,96.00000000000031
J001908,2023-02-03/SEBR,SEBR,AMR_19,G18_13,WS_25_20,"[""107034"", ""132279""]",2,15206.049999918969,15461.249999915255,15398.099999916174,15206.049999918969,15314.199999917395,15318.249999917336,15387.999999916321,15388.04999991632,15398.049999916175,15398.099999916174,15457.199999915314,15461.249999915255,18.100000000000122,121.79999999999522,18.150000000000123,0,96.89999999999664,0.25,0,62.00000000000057,64.00000000000004
J001909,2023-02-03/TSDA,TSDA,AMR_12,G9_12,WS_8_20,"[""135158""]",1,15211.49999991889,15402.249999916114,15365.999999916641,15211.49999991889,15231.099999918604,15235.149999918545,15355.899999916788,15355.949999916787,15365.949999916642,15365.999999916641,15398.199999916173,15402.249999916114,18.100000000000122,111.6999999999958,19.100000000000136,0,41.599999999999774,0.25,0,10.0,104.00000000000122
J001910,2023-02-03/TPAN,TPAN,AMR_13,G14_15,WS_13_20,"[""110233"", ""111249""]",2,15279.099999917906,15548.699999913983,15348.599999916894,15279.099999917906,15279.099999917906,15283.149999917847,15338.499999917041,15338.54999991704,15348.549999916895,15348.599999916894,15544.649999914041,15548.699999913983,18.100000000000122,70.54999999999814,16.350000000000097,0,164.40000000000313,0.2,0,0.0,64.00000000000057
J001911,2023-02-03/VVSM,VVSM,AMR_09,G18_6,WS_2_20,"[""112404""]",1,15290.599999917738,15475.899999915042,15398.799999916164,15290.599999917738,15319.99999991731,15324.049999917252,15388.69999991631,15388.74999991631,15398.749999916165,15398.799999916164,15471.8499999151,15475.899999915042,18.100000000000122,149.3499999999997,15.300000000000082,0,2.3,0.25,0,22.00000000000002,167.9999999999982
J001912,2023-02-03/SEBR,SEBR,AMR_18,G20_14,WS_25_20,"[""110342"", ""111995""]",3,15297.199999917642,15407.099999916043,15366.399999916635,15297.199999917642,15297.199999917642,15301.249999917583,15356.299999916782,15356.349999916782,15366.349999916636,15366.399999916635,15403.049999916102,15407.099999916043,18.100000000000122,57.79999999999885,9.55,0,24.25000000000021,0.2,0,0.0,60.00000000000004
J001913,2023-02-03/TPAN,TPAN,AMR_34,G11_10,WS_13_20,"[""101022"", ""101147""]",3,15299.599999917607,15676.69999991212,15620.449999912938,15299.599999917607,15319.599999917316,15323.649999917257,15610.349999913085,15610.399999913085,15620.39999991294,15620.449999912938,15672.649999912179,15676.69999991212,18.100000000000122,80.09999999999759,15.300000000000082,0,263.3500000000256,0.25,0,12.0,60.000000000000526
J001914,2023-02-03/SEBR,SEBR,AMR_21,G15_13,WS_25_20,"[""129530"", ""136998""]",2,15303.249999917554,15420.39999991585,15382.149999916406,15303.249999917554,15307.549999917492,15311.599999917433,15372.049999916553,15372.099999916552,15382.099999916407,15382.149999916406,15416.349999915908,15420.39999991585,18.100000000000122,72.59999999999802,9.5,0,16.700000000000102,0.25,0,2.0,76.00000000000014
J001915,2023-02-03/VVSM,VVSM,AMR_24,G21_10,WS_2_20,"[""110190""]",1,15318.799999917328,15623.399999912896,15545.099999914035,15318.799999917328,15390.79999991628,15394.849999916221,15534.999999914182,15535.049999914181,15545.049999914036,15545.099999914035,15619.349999912954,15623.399999912896,18.100000000000122,169.9500000000044,19.150000000000137,0,97.14999999999662,0.25,0,34.0,167.99999999999793
J001916,2023-02-03/TSDA,TSDA,AMR_03,G15_14,WS_8_20,"[""123304""]",1,15320.04999991731,15654.599999912441,15544.399999914045,15320.04999991731,15360.199999916726,15364.249999916667,15534.299999914192,15534.349999914191,15544.349999914046,15544.399999914045,15650.5499999125,15654.599999912441,18.100000000000122,101.39999999999638,17.25000000000011,0,197.55000000001067,0.25,0,22.0,80.00000000000048
J001917,2023-02-03/TPAN,TPAN,AMR_05,G9_10,WS_13_20,"[""107168"", ""111301""]",2,15327.999999917194,15682.999999912028,15637.349999912693,15327.999999917194,15442.199999915532,15446.249999915473,15627.24999991284,15627.299999912839,15637.299999912693,15637.349999912693,15678.949999912087,15682.999999912028,18.100000000000122,133.59999999999613,21.050000000000164,0,182.00000000000713,0.25,0,62.000000000000824,64.0000000000004
J001918,2023-02-03/SEBR,SEBR,AMR_10,G18_9,WS_25_20,"[""110484"", ""111295""]",2,15331.149999917148,15710.849999911623,15587.099999913424,15331.149999917148,15513.649999914493,15517.699999914434,15576.99999991357,15577.04999991357,15587.049999913424,15587.099999913424,15706.799999911682,15710.849999911623,18.100000000000122,140.14999999999762,28.750000000000274,0,192.4500000000095,0.25,0,54.000000000000455,84.0000000000006
J001919,2023-02-03/TPAN,TPAN,AMR_29,G15_8,WS_13_20,"[""110382"", ""138355""]",2,15351.099999916858,15866.149999909363,15746.04999991111,15351.099999916858,15374.449999916518,15378.49999991646,15735.949999911258,15735.999999911257,15745.999999911111,15746.04999991111,15862.099999909422,15866.149999909363,18.100000000000122,207.05000000001283,26.800000000000246,0,262.8500000000255,0.25,0,14.0,199.9999999999984
J001920,2023-02-03/TMNU,TMNU,AMR_30,G24_15,WS_30_20,"[""113170""]",1,15359.19999991674,15496.099999914748,15467.649999915162,15359.19999991674,15423.349999915807,15427.399999915748,15457.549999915309,15457.599999915308,15467.599999915163,15467.649999915162,15492.049999914807,15496.099999914748,18.100000000000122,97.4999999999966,11.400000000000027,0,9.650000000000002,0.25,0,66.00000000000094,52.0
J001921,2023-02-03/TMNU,TMNU,AMR_27,G12_7,WS_30_20,"[""101336""]",1,15366.349999916636,15708.499999911657,15523.099999914355,15366.349999916636,15427.849999915741,15431.899999915682,15512.999999914502,15513.049999914501,15523.049999914356,15523.099999914355,15704.449999911716,15708.499999911657,18.100000000000122,174.10000000000534,20.05000000000015,0,129.64999999999523,0.25,0,48.00000000000037,155.99999999999835
J001922,2023-02-03/TMNU,TMNU,AMR_01,G9_7,WS_30_20,"[""107149""]",1,15375.6999999165,15700.349999911776,15484.499999914917,15375.6999999165,15400.649999916137,15404.699999916078,15474.399999915064,15474.449999915063,15484.449999914917,15484.499999914917,15696.299999911835,15700.349999911776,18.100000000000122,142.59999999999818,17.20000000000011,0,146.49999999999906,0.25,0,16.0,147.9999999999983
J001923,2023-02-03/SEBR,SEBR,AMR_28,G20_6,WS_25_20,"[""111330"", ""124207""]",3,15396.049999916204,15709.299999911646,15565.749999913734,15396.049999916204,15478.649999915002,15482.699999914943,15555.649999913881,15555.69999991388,15565.699999913735,15565.749999913734,15705.249999911704,15709.299999911646,18.100000000000122,126.94999999999493,17.20000000000011,0,150.75000000000003,0.25,0,34.000000000000014,104.00000000000122
J001924,2023-02-03/VVSM,VVSM,AMR_02,G23_15,WS_2_20,"[""107251""]",1,15396.899999916192,16021.299999907105,15702.499999911744,15396.899999916192,15431.049999915695,15435.099999915636,15692.399999911891,15692.44999991189,15702.449999911745,15702.499999911744,16017.249999907164,16021.299999907105,18.100000000000122,172.55000000000499,22.95000000000019,0,410.5500000000591,0.25,0,26.0,144.00000000000037
J001925,2023-02-03/TSDA,TSDA,AMR_12,G9_13,WS_8_20,"[""104356""]",1,15402.299999916113,15494.799999914767,15442.39999991553,15402.299999916113,15406.549999916051,15410.599999915992,15432.299999915676,15432.349999915676,15442.34999991553,15442.39999991553,15490.749999914826,15494.799999914767,18.100000000000122,48.69999999999937,7.599999999999981,0,17.85000000000012,0.25,0,2.0,48.00000000000024
J001926,2023-02-03/SEBR,SEBR,AMR_18,G18_7,WS_25_20,"[""107333"", ""117431""]",2,15407.149999916042,15701.349999911761,15538.049999914138,15407.149999916042,15462.799999915233,15466.849999915174,15527.949999914284,15527.999999914284,15537.999999914138,15538.049999914138,15697.29999991182,15701.349999911761,18.100000000000122,103.04999999999629,15.300000000000082,0,157.50000000000156,0.25,0,18.0,92.00000000000094
J001927,2023-02-03/VVSM,VVSM,AMR_15,G20_7,WS_2_20,"[""138090""]",1,15416.099999915912,15691.349999911907,15620.949999912931,15416.099999915912,15532.449999914219,15536.49999991416,15610.849999913078,15610.899999913077,15620.899999912932,15620.949999912931,15687.299999911966,15691.349999911907,18.100000000000122,200.7500000000114,22.000000000000178,0,34.1500000000002,0.25,0,80.00000000000082,171.99999999999758
J001928,2023-02-03/TPAN,TPAN,AMR_21,G14_10,WS_13_20,"[""110541"", ""112332""]",2,15420.449999915849,15762.349999910874,15671.449999912196,15420.449999915849,15465.799999915189,15469.84999991513,15661.349999912343,15661.399999912343,15671.399999912197,15671.449999912196,15758.299999910932,15762.349999910874,18.100000000000122,115.2499999999956,17.15000000000011,0,191.15000000000921,0.25,0,12.0,96.00000000000034
J001929,2023-02-03/TSDA,TSDA,AMR_11,G17_12,WS_8_20,"[""125639""]",1,15421.149999915839,15717.89999991152,15560.949999913804,15421.149999915839,15505.299999914614,15509.349999914555,15550.849999913951,15550.89999991395,15560.899999913805,15560.949999913804,15713.84999991158,15717.89999991152,18.100000000000122,134.7499999999964,22.000000000000178,0,121.64999999999523,0.25,0,56.00000000000068,80.00000000000037
J001930,2023-02-03/SEBR,SEBR,AMR_07,G20_12,WS_25_20,"[""101097"", ""111387""]",2,15425.799999915771,15521.149999914383,15485.549999914901,15425.799999915771,15425.799999915771,15429.849999915712,15475.449999915048,15475.499999915048,15485.499999914902,15485.549999914901,15517.099999914442,15521.149999914383,18.100000000000122,61.49999999999864,10.500000000000014,0,5.04999999999999,0.2,0,0.0,68.00000000000026
J001931,2023-02-03/VVSM,VVSM,AMR_19,G26_14,WS_2_20,"[""107123""]",1,15461.299999915254,15843.69999990969,15764.69999991084,15461.299999915254,15492.999999914793,15497.049999914734,15754.599999910986,15754.649999910986,15764.64999991084,15764.69999991084,15839.649999909749,15843.69999990969,18.100000000000122,154.00000000000077,17.20000000000011,0,192.8500000000096,0.25,0,26.0,136.00000000000145
J001932,2023-02-03/TSDA,TSDA,AMR_25,G15_13,WS_8_20,"[""101025""]",1,15468.44999991515,15858.649999909472,15720.399999911484,15468.44999991515,15539.349999914119,15543.39999991406,15710.299999911631,15710.34999991163,15720.349999911485,15720.399999911484,15854.599999909531,15858.649999909472,18.100000000000122,136.39999999999677,24.90000000000022,0,210.55000000001363,0.25,0,6.0,116.00000000000085
J001933,2023-02-03/SEBR,SEBR,AMR_20,G15_10,WS_25_20,"[""101335"", ""112331""]",3,15474.549999915062,15862.749999909413,15719.599999911496,15474.549999915062,15653.549999912457,15657.599999912398,15709.499999911643,15709.549999911642,15719.549999911496,15719.599999911496,15858.699999909471,15862.749999909413,18.100000000000122,181.65000000000705,31.650000000000315,0,156.55000000000135,0.25,0,74.00000000000136,112.00000000000057
J001934,2023-02-03/TSDA,TSDA,AMR_09,G3_9,WS_8_20,"[""110574""]",1,15475.949999915041,15664.3499999123,15626.949999912844,15475.949999915041,15545.249999914033,15549.299999913974,15616.84999991299,15616.89999991299,15626.899999912845,15626.949999912844,15660.299999912359,15664.3499999123,18.100000000000122,117.19999999999548,15.300000000000082,0,37.550000000000004,0.25,0,64.00000000000105,72.00000000000064
J001935,2023-02-03/TPAN,TPAN,AMR_22,G14_9,WS_13_20,"[""101149"", ""107256"", ""111283""]",3,15484.24999991492,15759.649999910913,15654.399999912444,15484.24999991492,15542.149999914078,15546.199999914019,15644.299999912591,15644.34999991259,15654.349999912445,15654.399999912444,15755.599999910972,15759.649999910913,18.100000000000122,110.09999999999589,14.300000000000068,0,132.6499999999959,0.25,0,52.00000000000057,60.00000000000027
J001936,2023-02-03/SEBR,SEBR,AMR_40,G8_14,WS_25_20,"[""112275"", ""118513""]",2,15493.24999991479,16355.549999902241,16250.599999903769,15493.24999991479,15900.69999990886,15904.749999908801,16240.499999903916,16240.549999903915,16250.54999990377,16250.599999903769,16351.4999999023,16355.549999902241,18.100000000000122,271.55000000002747,40.24999999999985,0,532.1500000000638,0.25,0,100.00000000000077,155.99999999999923
J001937,2023-02-03/TSDA,TSDA,AMR_12,G6_8,WS_8_20,"[""118513""]",1,15494.849999914766,15797.299999910365,15736.349999911252,15494.849999914766,15535.949999914168,15539.99999991411,15726.249999911399,15726.299999911398,15736.299999911253,15736.349999911252,15793.249999910424,15797.299999910365,18.100000000000122,158.45000000000178,23.000000000000192,0,102.64999999999631,0.25,0,19.999999999999986,160.00000000000054
J001938,2023-02-03/SEBR,SEBR,AMR_30,G8_13,WS_25_20,"[""101292"", ""149347""]",3,15496.149999914747,16289.949999903196,16178.39999990482,15496.149999914747,15884.549999909095,15888.599999909036,16168.299999904966,16168.349999904965,16178.34999990482,16178.39999990482,16285.899999903255,16289.949999903196,18.100000000000122,364.0000000000485,54.54999999999904,0,356.9000000000469,0.25,0,199.99999999999667,203.9999999999968
J001939,2023-02-03/TTNG,TTNG,AMR_37,G3_15,WS_19_20,"[""110222""]",2,15507.349999914584,15718.499999911512,15610.499999913083,15507.349999914584,15507.349999914584,15511.399999914525,15600.39999991323,15600.44999991323,15610.449999913084,15610.499999913083,15714.44999991157,15718.499999911512,18.100000000000122,89.99999999999703,9.55,0,93.29999999999684,0.2,0,0.0,92.00000000000064
J001940,2023-02-03/WKBS,WKBS,AMR_07,G23_5,WS_30_20,"[""101330"", ""110231"", ""112357""]",3,15523.149999914354,15683.199999912025,15624.44999991288,15523.149999914354,15549.199999913975,15553.249999913916,15614.349999913027,15614.399999913026,15624.399999912881,15624.44999991288,15679.149999912084,15683.199999912025,18.100000000000122,121.39999999999525,17.15000000000011,0,3.149999999999997,0.25,0,20.00000000000003,120.00000000000188
J001941,2023-02-03/WKBS,WKBS,AMR_04,G21_14,WS_30_20,"[""110533"", ""112286""]",2,15523.149999914354,15886.349999909069,15843.599999909691,15523.149999914354,15741.049999911183,15745.099999911125,15833.499999909838,15833.549999909837,15843.549999909692,15843.599999909691,15882.299999909128,15886.349999909069,18.100000000000122,133.69999999999615,21.050000000000164,0,190.10000000000898,0.25,0,64.00000000000031,68.00000000000006
J001942,2023-02-03/WKBS,WKBS,AMR_31,G18_15,WS_30_20,"[""110146""]",1,15523.349999914351,15873.999999909249,15792.599999910433,15523.349999914351,15715.949999911549,15719.99999991149,15782.49999991058,15782.54999991058,15792.549999910434,15792.599999910433,15869.949999909308,15873.999999909249,18.100000000000122,132.49999999999588,16.200000000000095,0,183.6000000000075,0.25,0,62.00000000000057,75.99999999999997
J001943,2023-02-03/WKBS,WKBS,AMR_16,G17_14,WS_30_20,"[""110227"", ""123310""]",2,15542.899999914067,15777.299999910656,15719.99999991149,15542.899999914067,15578.949999913542,15582.999999913483,15709.899999911637,15709.949999911636,15719.94999991149,15719.99999991149,15773.249999910715,15777.299999910656,18.100000000000122,99.3999999999965,14.300000000000068,0,102.34999999999633,0.25,0,8.0,100.00000000000003
J001944,2023-02-03/TSDA,TSDA,AMR_13,G11_8,WS_8_20,"[""107136""]",1,15548.749999913982,15805.049999910252,15756.599999910957,15548.749999913982,15701.499999911759,15705.5499999117,15746.499999911104,15746.549999911103,15756.549999910958,15756.599999910957,15800.999999910311,15805.049999910252,18.100000000000122,123.9499999999951,17.15000000000011,0,96.84999999999664,0.25,0,48.00000000000013,68.00000000000057
J001945,2023-02-03/TTNG,TTNG,AMR_38,G2_14,WS_19_20,"[""110624""]",1,15557.14999991386,15757.249999910948,15680.949999912058,15557.14999991386,15557.14999991386,15561.1999999138,15670.849999912205,15670.899999912204,15680.899999912059,15680.949999912058,15753.199999911007,15757.249999910948,18.100000000000122,107.49999999999604,11.450000000000028,0,62.849999999998566,0.2,0,0.0,108.00000000000055
J001946,2023-02-03/WKBS,WKBS,AMR_14,G20_12,WS_30_20,"[""101097""]",1,15564.04999991376,15734.299999911282,15668.799999912235,15564.04999991376,15606.349999913144,15610.399999913085,15658.699999912382,15658.749999912381,15668.749999912236,15668.799999912235,15730.24999991134,15734.299999911282,18.100000000000122,97.14999999999662,15.300000000000082,0,39.449999999999896,0.25,0,20.0,88.00000000000023
J001947,2023-02-03/SEBR,SEBR,AMR_08,G15_12,WS_25_20,"[""101207"", ""124478""]",2,15575.599999913591,15767.849999910793,15696.899999911826,15575.599999913591,15590.399999913376,15594.449999913317,15686.799999911973,15686.849999911972,15696.849999911827,15696.899999911826,15763.799999910852,15767.849999910793,18.100000000000122,91.74999999999693,13.350000000000055,0,68.79999999999824,0.25,0,8.0,88.0000000000004
J001948,2023-02-03/TSDA,TSDA,AMR_33,G18_12,WS_8_20,"[""101012""]",1,15579.699999913531,16124.6999999056,15704.649999911713,15579.699999913531,15592.699999913342,15596.749999913283,15694.54999991186,15694.59999991186,15704.599999911714,15704.649999911713,16120.64999990566,16124.6999999056,18.100000000000122,166.80000000000368,30.750000000000302,0,329.10000000004055,0.25,0,6.0,147.99999999999918
J001949,2023-02-03/SEBR,SEBR,AMR_17,G17_15,WS_25_20,"[""107280"", ""110178"", ""112334""]",3,15590.249999913378,15780.49999991061,15743.749999911144,15590.249999913378,15666.999999912261,15671.049999912202,15733.649999911291,15733.69999991129,15743.699999911145,15743.749999911144,15776.449999910668,15780.49999991061,18.100000000000122,111.44999999999581,16.300000000000097,0,44.14999999999963,0.25,0,54.00000000000064,64.0
J001950,2023-02-03/TPAN,TPAN,AMR_35,G17_10,WS_13_20,"[""111220"", ""111380"", ""121904""]",3,15608.749999913109,16140.399999905372,15944.249999908227,15608.749999913109,15869.04999990932,15873.099999909262,15934.149999908374,15934.199999908373,15944.199999908227,15944.249999908227,16136.349999905431,16140.399999905372,18.100000000000122,165.80000000000345,27.80000000000026,0,319.7000000000384,0.25,0,100.00000000000085,60.000000000000185
J001951,2023-02-03/WKBS,WKBS,AMR_36,G17_9,WS_30_20,"[""126308""]",1,15620.149999912943,15870.799999909295,15809.499999910187,15620.149999912943,15692.849999911885,15696.899999911826,15799.399999910334,15799.449999910334,15809.449999910188,15809.499999910187,15866.749999909354,15870.799999909295,18.100000000000122,157.15000000000148,21.950000000000177,0,53.199999999999115,0.25,0,56.00000000000054,112.00000000000065
J001952,2023-02-03/TSDA,TSDA,AMR_24,G20_15,WS_8_20,"[""110139""]",1,15623.449999912895,16018.94999990714,15772.649999910724,15623.449999912895,15672.399999912182,15676.449999912124,15762.54999991087,15762.59999991087,15772.599999910724,15772.649999910724,16014.899999907198,16018.94999990714,18.100000000000122,118.29999999999542,16.250000000000096,0,242.6000000000209,0.25,0,36.00000000000003,76.00000000000011
J001953,2023-02-03/SEBR,SEBR,AMR_26,G8_8,WS_25_20,"[""107411"", ""112217""]",3,15630.999999912785,15944.449999908224,15765.549999910827,15630.999999912785,15660.19999991236,15664.249999912301,15755.449999910974,15755.499999910973,15765.499999910828,15765.549999910827,15940.399999908283,15944.449999908224,18.100000000000122,155.30000000000106,19.100000000000136,0,120.69999999999528,0.25,0,21.999999999999986,159.99999999999724
J001954,2023-02-03/TPAN,TPAN,AMR_03,G14_7,WS_13_20,"[""110509"", ""111285"", ""124826""]",3,15654.64999991244,15898.299999908895,15809.049999910194,15654.64999991244,15696.64999991183,15700.69999991177,15798.949999910341,15798.99999991034,15808.999999910195,15809.049999910194,15894.249999908954,15898.299999908895,18.100000000000122,98.49999999999655,17.20000000000011,0,109.59999999999592,0.25,0,24.00000000000003,72.0000000000006
J001955,2023-02-03/TPAN,TPAN,AMR_09,G3_12,WS_13_20,"[""111207"", ""111268""]",2,15664.399999912299,15808.499999910202,15763.29999991086,15664.399999912299,15682.699999912033,15686.749999911974,15753.199999911007,15753.249999911006,15763.24999991086,15763.29999991086,15804.44999991026,15808.499999910202,18.100000000000122,93.84999999999681,15.300000000000082,0,16.6000000000001,0.25,0,10.0,84.00000000000081
J001956,2023-02-03/WKBS,WKBS,AMR_34,G15_14,WS_30_20,"[""101075""]",1,15676.74999991212,16086.049999906163,16019.449999907132,15676.74999991212,15887.64999990905,15891.699999908991,16009.34999990728,16009.399999907278,16019.399999907133,16019.449999907132,16081.999999906222,16086.049999906163,18.100000000000122,142.99999999999827,26.850000000000247,0,221.10000000001602,0.25,0,48.00000000000031,95.99999999999997
J001957,2023-02-03/WKBH,WKBH,AMR_05,G15_15,WS_19_20,"[""107238"", ""111276"", ""123094"", ""124211"", ""124702"", ""134029""]",6,15683.049999912027,15831.749999909864,15789.499999910478,15683.049999912027,15745.949999911112,15749.999999911053,15779.399999910625,15779.449999910625,15789.44999991048,15789.499999910478,15827.699999909923,15831.749999909864,18.100000000000122,77.34999999999775,10.500000000000014,0,42.49999999999972,0.25,0,33.99999999999997,44.000000000000014
J001958,2023-02-03/WKBH,WKBH,AMR_07,G21_4,WS_19_20,"[""110475"", ""111391"", ""123310"", ""124704""]",4,15683.249999912025,15812.649999910142,15753.149999911007,15683.249999912025,15696.099999911838,15700.149999911779,15743.049999911154,15743.099999911154,15753.099999911008,15753.149999911007,15808.5999999102,15812.649999910142,18.100000000000122,85.79999999999727,14.350000000000069,0,10.90000000000002,0.25,0,6.0,84.00000000000101
J001959,2023-02-03/WKBH,WKBH,AMR_15,G12_4,WS_19_20,"[""110499"", ""136923""]",2,15691.399999911906,15974.799999907782,15887.59999990905,15691.399999911906,15730.199999911341,15734.249999911282,15877.499999909198,15877.549999909197,15887.549999909052,15887.59999990905,15970.74999990784,15974.799999907782,18.100000000000122,127.24999999999491,19.050000000000136,0,118.7499999999954,0.25,0,25.999999999999996,112.00000000000134
J001960,2023-02-03/WKBH,WKBH,AMR_01,G14_15,WS_19_20,"[""107120""]",1,15700.399999911775,15871.84999990928,15844.699999909675,15700.399999911775,15755.04999991098,15759.09999991092,15834.599999909822,15834.649999909821,15844.649999909676,15844.699999909675,15867.799999909339,15871.84999990928,18.100000000000122,90.39999999999701,14.300000000000068,0,48.39999999999939,0.25,0,38.00000000000004,52.000000000000114
J001961,2023-02-03/TPAN,TPAN,AMR_18,G18_8,WS_13_20,"[""101150"", ""110514""]",2,15701.39999991176,15915.84999990864,15783.999999910558,15701.39999991176,15705.199999911705,15709.249999911646,15773.899999910705,15773.949999910705,15783.94999991056,15783.999999910558,15911.799999908699,15915.84999990864,18.100000000000122,109.14999999999594,15.250000000000082,0,71.69999999999807,0.25,0,2.0,116.00000000000168
J001962,2023-02-03/TSDA,TSDA,AMR_27,G11_7,WS_8_20,"[""107266""]",1,15708.549999911656,15898.749999908889,15788.599999910492,15708.549999911656,15711.399999911615,15715.449999911556,15778.499999910639,15778.549999910638,15788.549999910492,15788.599999910492,15894.699999908948,15898.749999908889,18.100000000000122,75.44999999999786,7.599999999999981,0,88.7999999999971,0.25,0,2.0,72.00000000000051
J001963,2023-02-03/WKBH,WKBH,AMR_28,G20_13,WS_19_20,"[""101020""]",1,15709.349999911645,15857.249999909493,15827.549999909925,15709.349999911645,15783.19999991057,15787.249999910511,15817.449999910072,15817.499999910071,15827.499999909925,15827.549999909925,15853.199999909551,15857.249999909493,18.100000000000122,95.54999999999671,19.150000000000137,0,14.850000000000076,0.25,0,58.00000000000061,44.00000000000013
J001964,2023-02-03/SEBR,SEBR,AMR_10,G3_14,WS_25_20,"[""112013"", ""115355""]",2,15710.899999911622,16401.249999901578,16063.54999990649,15710.899999911622,15785.699999910534,15789.749999910475,16053.449999906637,16053.499999906637,16063.499999906491,16063.54999990649,16397.199999901637,16401.249999901578,18.100000000000122,241.30000000002062,36.300000000000075,0,394.4000000000554,0.25,0,68.00000000000135,183.99999999999886
J001965,2023-02-03/WKBS,WKBS,AMR_11,G17_12,WS_30_20,"[""101293"", ""125639""]",2,15717.94999991152,15902.14999990884,15826.54999990994,15717.94999991152,15717.94999991152,15721.99999991146,15816.449999910086,15816.499999910086,15826.49999990994,15826.54999990994,15898.099999908898,15902.14999990884,18.100000000000122,93.89999999999681,10.500000000000014,0,61.49999999999864,0.2,0,0.0,100.00000000000014
J001966,2023-02-03/TPAN,TPAN,AMR_37,G20_9,WS_13_20,"[""101021"", ""111303""]",2,15718.54999991151,16515.599999899914,16218.699999904233,15718.54999991151,15838.949999909759,15842.9999999097,16208.59999990438,16208.649999904379,16218.649999904233,16218.699999904233,16511.549999899973,16515.599999899914,18.100000000000122,278.6500000000291,39.14999999999991,0,460.9000000000705,0.25,0,78.00000000000139,195.99999999999656
J001967,2023-02-03/TSDA,TSDA,AMR_32,G14_12,WS_8_20,"[""107312"", ""110232""]",2,15719.799999911493,16164.699999905019,15820.499999910027,15719.799999911493,15719.799999911493,15723.849999911434,15810.399999910174,15810.449999910174,15820.449999910028,15820.499999910027,16160.649999905077,16164.699999905019,18.100000000000122,98.29999999999656,13.400000000000055,0,314.9000000000373,0.2,0,0.0,88.00000000000031
J001968,2023-02-03/WKBH,WKBH,AMR_06,G14_14,WS_19_20,"[""123272""]",1,15724.74999991142,16175.149999904866,15932.249999908401,15724.74999991142,15808.449999910203,15812.499999910144,15922.149999908548,15922.199999908547,15932.199999908402,15932.249999908401,16171.099999904925,16175.149999904866,18.100000000000122,133.79999999999617,23.900000000000205,0,274.3500000000281,0.25,0,44.000000000000156,84.00000000000037
J001969,2023-02-03/SEBR,SEBR,AMR_39,G6_12,WS_25_20,"[""111992"", ""112320""]",2,15732.949999911301,16054.249999906626,15841.499999909722,15732.949999911301,15732.949999911301,15736.999999911242,15831.399999909869,15831.449999909868,15841.449999909722,15841.499999909722,16050.199999906685,16054.249999906626,18.100000000000122,130.4499999999954,20.10000000000015,0,152.45000000000041,0.2,0,0.0,128.00000000000045
J001970,2023-02-03/WKBS,WKBS,AMR_14,G3_15,WS_30_20,"[""110561"", ""110615""]",2,15734.349999911281,16422.899999901263,16148.949999905248,15734.349999911281,15957.199999908038,15961.24999990798,16138.849999905395,16138.899999905394,16148.899999905248,16148.949999905248,16418.849999901322,16422.899999901263,18.100000000000122,275.45000000002835,45.099999999999575,0,349.6500000000452,0.25,0,116.00000000000095,155.99999999999932
J001971,2023-02-03/TSDA,TSDA,AMR_23,G6_14,WS_8_20,"[""110250""]",1,15736.399999911251,15834.149999909829,15804.54999991026,15736.399999911251,15736.399999911251,15740.449999911192,15794.449999910406,15794.499999910406,15804.49999991026,15804.54999991026,15830.099999909888,15834.149999909829,18.100000000000122,48.099999999999405,9.55,0,21.800000000000175,0.2,0,0.0,44.00000000000004
J001972,2023-02-03/TSDA,TSDA,AMR_38,G2_14,WS_8_20,"[""110548""]",1,15757.299999910947,15871.049999909292,15836.449999909795,15757.299999910947,15757.299999910947,15761.349999910888,15826.349999909942,15826.399999909941,15836.399999909796,15836.449999909795,15866.99999990935,15871.049999909292,18.100000000000122,62.699999999998575,9.55,0,23.200000000000195,0.2,0,0.0,64.00000000000036
J001973,2023-02-03/TPAN,TPAN,AMR_22,G18_9,WS_13_20,"[""110479"", ""111295""]",2,15759.699999910912,16102.399999905925,15961.299999907978,15759.699999910912,15851.799999909572,15855.849999909513,15951.199999908125,15951.249999908125,15961.24999990798,15961.299999907978,16098.349999905984,16102.399999905925,18.100000000000122,148.59999999999954,26.850000000000247,0,148.8999999999996,0.25,0,72.000000000001,80.00000000000077
J001974,2023-02-03/WKBH,WKBH,AMR_21,G11_10,WS_19_20,"[""101022"", ""101147""]",2,15762.399999910873,16222.699999904175,16128.649999905543,15762.399999910873,15805.349999910248,15809.399999910189,16118.54999990569,16118.59999990569,16128.599999905544,16128.649999905543,16218.649999904233,16222.699999904175,18.100000000000122,126.94999999999493,24.000000000000206,0,291.0000000000319,0.25,0,10.0,108.00000000000043
J001975,2023-02-03/WBCK,WBCK,AMR_08,G6_7,WS_2_20,"[""107238"", ""112403"", ""123094""]",3,15767.899999910793,15963.099999907952,15896.949999908915,15767.899999910793,15839.399999909752,15843.449999909693,15886.849999909062,15886.899999909061,15896.899999908916,15896.949999908915,15959.049999908011,15963.099999907952,18.100000000000122,129.44999999999519,19.100000000000136,0,28.300000000000267,0.25,0,56.000000000000654,88.00000000000085
J001976,2023-02-03/WBCK,WBCK,AMR_16,G5_7,WS_2_20,"[""111261"", ""123310""]",2,15777.349999910655,16051.649999906664,16011.049999907254,15777.349999910655,15966.399999907904,15970.449999907845,16000.949999907401,16000.9999999074,16010.999999907255,16011.049999907254,16047.599999906723,16051.649999906664,18.100000000000122,149.7999999999998,25.00000000000022,0,81.14999999999753,0.25,0,106.00000000000233,68.00000000000074
J001977,2023-02-03/WBCK,WBCK,AMR_17,G15_12,WS_2_20,"[""101155"", ""110191""]",2,15780.549999910609,16141.599999905355,15992.249999907528,15780.549999910609,15865.099999909378,15869.14999990932,15982.149999907675,15982.199999907674,15992.199999907529,15992.249999907528,16137.549999905414,16141.599999905355,18.100000000000122,112.49999999999575,14.350000000000069,0,215.85000000001483,0.25,0,26.0,96.00000000000108
J001978,2023-02-03/TSDA,TSDA,AMR_12,G14_8,WS_8_20,"[""101177""]",1,15797.349999910364,16179.099999904809,16051.399999906667,15797.349999910364,15909.249999908736,15913.299999908677,16041.299999906814,16041.349999906814,16051.349999906668,16051.399999906667,16175.049999904868,16179.099999904809,18.100000000000122,156.4000000000013,24.90000000000022,0,182.10000000000716,0.25,0,80.00000000000136,80.00000000000048
J001979,2023-02-03/WBCK,WBCK,AMR_13,G3_13,WS_2_20,"[""101151""]",1,15805.099999910251,15923.099999908534,15879.899999909163,15805.099999910251,15843.099999909698,15847.14999990964,15869.79999990931,15869.84999990931,15879.849999909164,15879.899999909163,15919.049999908593,15923.099999908534,18.100000000000122,77.99999999999771,13.400000000000055,0,8.249999999999982,0.25,0,26.00000000000001,52.000000000000426
J001980,2023-02-03/TSDA,TSDA,AMR_09,G17_15,WS_8_20,"[""110555"", ""112279""]",2,15808.549999910201,16481.899999900405,16353.049999902278,15808.549999910201,16232.749999904028,16236.79999990397,16342.949999902425,16342.999999902424,16352.999999902278,16353.049999902278,16477.849999900463,16481.899999900405,18.100000000000122,340.3500000000431,50.69999999999926,0,263.95000000002574,0.25,0,289.9999999999884,68.0000000000005
J001981,2023-02-03/TPAN,TPAN,AMR_07,G20_10,WS_13_20,"[""112431"", ""140089""]",2,15812.69999991014,16072.54999990636,15926.949999908478,15812.69999991014,15838.249999909769,15842.29999990971,15916.849999908625,15916.899999908625,15926.899999908479,15926.949999908478,16068.499999906418,16072.54999990636,18.100000000000122,93.89999999999681,14.250000000000068,0,133.34999999999607,0.25,0,22.0,72.00000000000045
J001982,2023-02-03/WKBS,WKBS,AMR_05,G14_13,WS_30_20,"[""110274""]",1,15831.799999909863,16228.849999904085,16043.799999906778,15831.799999909863,15855.049999909525,15859.099999909466,16033.699999906925,16033.749999906924,16043.749999906779,16043.799999906778,16224.799999904144,16228.849999904085,18.100000000000122,142.84999999999823,22.000000000000178,0,213.85000000001438,0.25,0,14.0,128.00000000000026
J001983,2023-02-03/TSDA,TSDA,AMR_23,G17_14,WS_8_20,"[""110227""]",1,15834.199999909828,16673.449999897617,16526.14999989976,15834.199999909828,16407.049999901494,16411.099999901435,16516.049999899908,16516.099999899907,16526.09999989976,16526.14999989976,16669.399999897676,16673.449999897617,18.100000000000122,296.4000000000331,48.04999999999941,0,476.45000000007406,0.25,0,233.99999999999372,68.00000000000065
J001984,2023-02-03/SEBR,SEBR,AMR_19,G14_9,WS_25_20,"[""107256"", ""110590""]",2,15843.749999909689,16267.449999903523,16154.24999990517,15843.749999909689,16009.449999907278,16013.499999907219,16144.149999905318,16144.199999905317,16154.199999905171,16154.24999990517,16263.399999903582,16267.449999903523,18.100000000000122,208.05000000001306,28.750000000000274,0,168.55000000000408,0.25,0,126.00000000000239,104.00000000000028
J001985,2023-02-03/WKBH,WKBH,AMR_28,G20_12,WS_19_20,"[""110448""]",1,15857.299999909492,15994.1999999075,15906.24999990878,15857.299999909492,15861.399999909432,15865.449999909373,15896.149999908926,15896.199999908926,15906.19999990878,15906.24999990878,15990.149999907559,15994.1999999075,18.100000000000122,52.89999999999913,9.5,0,56.14999999999895,0.25,0,2.0,48.00000000000021
J001986,2023-02-03/WKBS,WKBS,AMR_25,G15_9,WS_30_20,"[""110513""]",1,15858.699999909471,16194.249999904589,16093.14999990606,15858.699999909471,15875.749999909223,15879.799999909164,16083.049999906207,16083.099999906206,16093.09999990606,16093.14999990606,16190.199999904647,16194.249999904589,18.100000000000122,143.5499999999984,21.050000000000164,0,152.60000000000045,0.25,0,12.0,151.99999999999892
J001987,2023-02-03/TSDA,TSDA,AMR_20,G21_12,WS_8_20,"[""110309""]",1,15862.799999909412,16276.549999903391,16134.849999905453,15862.799999909412,15938.999999908303,15943.049999908244,16124.7499999056,16124.7999999056,16134.799999905454,16134.849999905453,16272.49999990345,16276.549999903391,18.100000000000122,173.4500000000052,24.850000000000218,0,197.10000000001057,0.25,0,44.0000000000003,116.00000000000045
J001988,2023-02-03/WBCK,WBCK,AMR_29,G9_14,WS_2_20,"[""110609""]",1,15866.199999909362,16256.999999903675,16215.949999904273,15866.199999909362,16143.399999905329,16147.44999990527,16205.84999990442,16205.899999904419,16215.899999904273,16215.949999904273,16252.949999903734,16256.999999903675,18.100000000000122,142.04999999999805,23.000000000000192,0,207.4000000000129,0.25,0,68.00000000000037,64.0000000000004
J001989,2023-02-03/TPAN,TPAN,AMR_36,G6_14,WS_13_20,"[""111326"", ""117442""]",2,15870.849999909295,16176.29999990485,16108.399999905838,15870.849999909295,16011.699999907245,16015.749999907186,16098.299999905985,16098.349999905984,16108.349999905839,16108.399999905838,16172.249999904909,16176.29999990485,18.100000000000122,95.99999999999669,15.300000000000082,0,175.80000000000572,0.25,0,32.000000000000014,60.00000000000014
J001990,2023-02-03/SEBR,SEBR,AMR_38,G2_13,WS_25_20,"[""101235"", ""107105""]",2,15871.099999909291,16361.399999902156,16198.24999990453,15871.099999909291,15875.149999909232,15879.199999909173,16188.149999904677,16188.199999904677,16198.199999904531,16198.24999990453,16357.349999902215,16361.399999902156,18.100000000000122,238.05000000001988,28.650000000000272,0,205.25000000001242,0.25,0,2.0,251.99999999999244
J001991,2023-02-03/WKBH,WKBH,AMR_01,G15_13,WS_19_20,"[""101025""]",1,15871.89999990928,16082.749999906211,16048.299999906712,15871.89999990928,15903.349999908822,15907.399999908763,16038.19999990686,16038.249999906859,16048.249999906713,16048.299999906712,16078.69999990627,16082.749999906211,18.100000000000122,74.5999999999979,16.300000000000097,0,101.59999999999637,0.25,0,14.0,56.00000000000004
J001992,2023-02-03/WKBS,WKBS,AMR_31,G17_6,WS_30_20,"[""112003""]",1,15874.049999909248,16189.899999904652,16123.299999905621,15874.049999909248,16028.049999907007,16032.099999906948,16113.199999905768,16113.249999905767,16123.249999905622,16123.299999905621,16185.84999990471,16189.899999904652,18.100000000000122,160.45000000000223,23.900000000000205,0,113.14999999999571,0.25,0,36.00000000000003,143.99999999999974
J001993,2023-02-03/TSDA,TSDA,AMR_04,G15_8,WS_8_20,"[""123035""]",1,15886.399999909068,16247.849999903809,16114.549999905748,15886.399999909068,15980.249999907703,15984.299999907644,16104.449999905895,16104.499999905895,16114.499999905749,16114.549999905748,16243.799999903868,16247.849999903809,18.100000000000122,195.1000000000101,22.95000000000019,0,125.04999999999504,0.25,0,56.000000000000426,152.00000000000057
J001994,2023-02-03/WBCK,WBCK,AMR_03,G14_15,WS_2_20,"[""107120""]",1,15898.349999908894,16256.449999903683,16198.89999990452,15898.349999908894,16116.999999905713,16121.049999905654,16188.799999904668,16188.849999904667,16198.849999904522,16198.89999990452,16252.399999903742,16256.449999903683,18.100000000000122,145.69999999999888,18.200000000000124,0,175.85000000000574,0.25,0,80.00000000000111,72.00000000000037
J001995,2023-02-03/WKBH,WKBH,AMR_27,G21_14,WS_19_20,"[""111241""]",1,15898.799999908888,16039.749999906837,16007.499999907306,15898.799999908888,15951.249999908125,15955.299999908066,15997.399999907453,15997.449999907452,16007.449999907307,16007.499999907306,16035.699999906896,16039.749999906837,18.100000000000122,93.19999999999685,15.300000000000082,0,14.100000000000065,0.25,0,58.00000000000084,44.000000000000114
J001996,2023-02-03/WBCK,WBCK,AMR_11,G14_6,WS_2_20,"[""111367""]",1,15902.199999908838,16221.949999904185,16160.249999905083,15902.199999908838,16064.649999906474,16068.699999906416,16150.14999990523,16150.19999990523,16160.199999905084,16160.249999905083,16217.899999904244,16221.949999904185,18.100000000000122,156.10000000000124,19.100000000000136,0,126.19999999999497,0.25,0,62.00000000000084,120.00000000000264
J001997,2023-02-03/WKBH,WKBH,AMR_18,G26_15,WS_19_20,"[""111289""]",1,15915.899999908639,16027.89999990701,15990.649999907551,15915.899999908639,15949.949999908144,15953.999999908085,15980.549999907698,15980.599999907698,15990.599999907552,15990.649999907551,16023.849999907068,16027.89999990701,18.100000000000122,75.94999999999783,12.400000000000041,0,5.299999999999989,0.25,0,30.0,52.00000000000003
J001998,2023-02-03/TPAN,TPAN,AMR_13,G2_14,WS_13_20,"[""107347"", ""110548"", ""123128""]",3,15923.149999908534,16163.24999990504,16050.749999906677,15923.149999908534,15951.099999908127,15955.149999908068,16040.649999906824,16040.699999906823,16050.699999906677,16050.749999906677,16159.199999905099,16163.24999990504,18.100000000000122,104.5499999999962,15.300000000000082,0,101.89999999999635,0.25,0,19.99999999999997,84.00000000000055
J001999,2023-02-03/WKBH,WKBH,AMR_26,G12_9,WS_19_20,"[""101183""]",1,15944.499999908223,16273.84999990343,16194.899999904579,15944.499999908223,16029.349999906988,16033.39999990693,16184.799999904726,16184.849999904725,16194.84999990458,16194.899999904579,16269.79999990349,16273.84999990343,18.100000000000122,139.89999999999756,21.050000000000164,0,150.04999999999987,0.25,0,58.000000000000554,80.00000000000011
J002000,2023-02-03/TPAN,TPAN,AMR_08,G15_7,WS_13_20,"[""107340"", ""120382""]",2,15963.149999907951,16296.849999903096,16184.54999990473,15963.149999907951,16002.649999907377,16006.699999907318,16174.449999904877,16174.499999904876,16184.49999990473,16184.54999990473,16292.799999903154,16296.849999903096,18.100000000000122,145.14999999999876,21.050000000000164,0,149.14999999999966,0.25,0,38.000000000000114,120.00000000000196
J002001,2023-02-03/TPAN,TPAN,AMR_15,G20_8,WS_13_20,"[""110180"", ""110377""]",2,15974.849999907781,16414.499999901385,16201.64999990448,15974.849999907781,16032.149999906947,16036.199999906888,16191.549999904628,16191.599999904627,16201.599999904482,16201.64999990448,16410.449999901444,16414.499999901385,18.100000000000122,121.44999999999524,15.250000000000082,0,284.60000000003043,0.25,0,28.000000000000007,88.00000000000051
J002002,2023-02-03/WBCK,WBCK,AMR_28,G23_14,WS_2_20,"[""113227""]",1,15994.249999907499,16539.14999989957,16181.999999904767,15994.249999907499,16014.449999907205,16018.499999907146,16171.899999904914,16171.949999904913,16181.949999904768,16181.999999904767,16535.09999989963,16539.14999989957,18.100000000000122,176.05000000000578,26.750000000000245,0,323.75000000003934,0.25,0,14.0,151.99999999999991
J002003,2023-02-03/WKBH,WKBH,AMR_24,G11_9,WS_19_20,"[""110131""]",1,16018.999999907139,16350.84999990231,16261.599999903608,16018.999999907139,16135.599999905442,16139.649999905383,16251.499999903755,16251.549999903755,16261.54999990361,16261.599999903608,16346.799999902369,16350.84999990231,18.100000000000122,131.79999999999572,18.100000000000122,0,163.60000000000295,0.25,0,34.0,96.00000000000071
J002004,2023-02-03/WKBS,WKBS,AMR_02,G9_15,WS_30_20,"[""112008""]",1,16021.349999907105,16376.349999901939,16284.649999903273,16021.349999907105,16185.799999904712,16189.849999904653,16274.54999990342,16274.59999990342,16284.599999903274,16284.649999903273,16372.299999901998,16376.349999901939,18.100000000000122,170.75000000000458,20.05000000000015,0,145.84999999999891,0.25,0,72.0000000000005,112.00000000000011
J002005,2023-02-03/WBCK,WBCK,AMR_18,G23_13,WS_2_20,"[""101179""]",1,16027.949999907009,16456.549999900773,16289.149999903208,16027.949999907009,16084.699999906183,16088.749999906124,16279.049999903355,16279.099999903354,16289.099999903208,16289.149999903208,16452.499999900832,16456.549999900773,18.100000000000122,176.95000000000599,25.75000000000023,0,207.55000000001294,0.25,0,26.0,148.0000000000002
J002006,2023-02-03/WKBH,WKBH,AMR_27,G23_15,WS_19_20,"[""112372""]",1,16039.799999906836,16179.399999904805,16145.549999905297,16039.799999906836,16056.349999906595,16060.399999906536,16135.449999905444,16135.499999905443,16145.499999905298,16145.549999905297,16175.349999904864,16179.399999904805,18.100000000000122,49.9499999999993,10.500000000000014,0,60.79999999999868,0.25,0,6.0,40.00000000000003
J002007,2023-02-03/TSDA,TSDA,AMR_16,G15_5,WS_8_20,"[""110538""]",2,16051.699999906663,16341.999999902439,16275.499999903406,16051.699999906663,16092.44999990607,16096.499999906011,16265.399999903553,16265.449999903552,16275.449999903407,16275.499999903406,16337.949999902497,16341.999999902439,18.100000000000122,164.15000000000308,21.050000000000164,0,86.74999999999721,0.25,0,40.00000000000004,140.00000000000148
J002008,2023-02-03/TPAN,TPAN,AMR_39,G9_13,WS_13_20,"[""109969""]",1,16054.299999906625,16188.349999904674,16156.199999905142,16054.299999906625,16107.54999990585,16111.599999905791,16146.09999990529,16146.149999905288,16156.149999905143,16156.199999905142,16184.299999904733,16188.349999904674,18.100000000000122,86.54999999999723,18.200000000000124,0,10.95000000000002,0.25,0,31.999999999999986,52.00000000000021
J002009,2023-02-03/SEBR,SEBR,AMR_07,G3_13,WS_25_20,"[""107177"", ""111996""]",2,16072.599999906359,16604.49999989862,16527.44999989974,16072.599999906359,16418.29999990133,16422.34999990127,16517.34999989989,16517.399999899888,16527.399999899742,16527.44999989974,16600.44999989868,16604.49999989862,18.100000000000122,199.20000000001104,20.950000000000163,0,293.40000000003243,0.25,0,76.00000000000036,124.00000000000118
J002010,2023-02-03/WKBS,WKBS,AMR_01,G20_10,WS_30_20,"[""110329""]",1,16082.79999990621,16346.899999902367,16301.749999903024,16082.79999990621,16236.999999903966,16241.049999903908,16291.649999903171,16291.69999990317,16301.699999903025,16301.749999903024,16342.849999902426,16346.899999902367,18.100000000000122,122.74999999999517,20.05000000000015,0,102.9499999999963,0.25,0,40.00000000000021,88.00000000000031
J002011,2023-02-03/WKBH,WKBH,AMR_34,G15_14,WS_19_20,"[""123304"", ""139323""]",2,16086.099999906162,16400.649999901587,16212.099999904329,16086.099999906162,16086.099999906162,16090.149999906103,16201.999999904476,16202.049999904475,16212.04999990433,16212.099999904329,16396.599999901646,16400.649999901587,18.100000000000122,81.8499999999975,15.300000000000082,0,199.10000000001102,0.2,0,0.0,72.00000000000037
J002012,2023-02-03/WKBS,WKBS,AMR_22,G18_9,WS_30_20,"[""110484""]",1,16102.449999905924,16250.249999903774,16197.799999904537,16102.449999905924,16102.449999905924,16106.499999905865,16187.699999904684,16187.749999904683,16197.749999904538,16197.799999904537,16246.199999903833,16250.249999903774,18.100000000000122,88.8499999999971,13.350000000000055,0,27.300000000000253,0.2,0,0.0,100.00000000000063
J002013,2023-02-03/TSDA,TSDA,AMR_33,G17_5,WS_8_20,"[""110535""]",1,16124.7499999056,16418.699999901324,16320.449999902752,16124.7499999056,16180.799999904784,16184.849999904725,16310.349999902899,16310.399999902898,16320.399999902753,16320.449999902752,16414.649999901383,16418.699999901324,18.100000000000122,139.39999999999745,19.100000000000136,0,117.09999999999549,0.25,0,24.00000000000003,116.00000000000156
J002014,2023-02-03/TPAN,TPAN,AMR_35,G6_15,WS_13_20,"[""113195""]",1,16140.449999905371,16482.649999900394,16438.699999901033,16140.449999905371,16287.449999903232,16291.499999903173,16428.59999990118,16428.64999990118,16438.649999901034,16438.699999901033,16478.599999900453,16482.649999900394,18.100000000000122,147.29999999999924,18.150000000000123,0,158.40000000000177,0.25,0,112.00000000000276,56.00000000000044
J002015,2023-02-03/WKBH,WKBH,AMR_17,G15_12,WS_19_20,"[""110540""]",1,16141.649999905354,16428.099999901187,16244.749999903854,16141.649999905354,16141.649999905354,16145.699999905295,16234.649999904,16234.699999904,16244.699999903854,16244.749999903854,16424.049999901246,16428.099999901187,18.100000000000122,66.54999999999836,11.500000000000028,0,190.10000000000898,0.2,0,0.0,60.0000000000003
J002016,2023-02-03/WKBS,WKBS,AMR_13,G5_12,WS_30_20,"[""138388""]",1,16163.299999905039,16467.449999900615,16318.799999902776,16163.299999905039,16200.899999904492,16204.949999904433,16308.699999902923,16308.749999902922,16318.749999902777,16318.799999902776,16463.399999900674,16467.449999900615,18.100000000000122,172.10000000000488,18.100000000000122,0,95.59999999999671,0.25,0,17.999999999999957,179.9999999999971
J002017,2023-02-03/WBCK,WBCK,AMR_32,G14_12,WS_2_20,"[""107328""]",1,16164.749999905018,16416.499999901356,16306.14999990296,16164.749999905018,16164.749999905018,16168.799999904959,16296.049999903107,16296.099999903106,16306.099999902961,16306.14999990296,16412.449999901415,16416.499999901356,18.100000000000122,89.69999999999705,13.350000000000055,0,130.3999999999954,0.2,0,0.0,92.00000000000125
J002018,2023-02-03/SEBR,SEBR,AMR_06,G24_15,WS_25_20,"[""117030""]",1,16175.199999904866,16503.349999900092,16479.099999900445,16175.199999904866,16439.949999901015,16443.999999900956,16468.999999900592,16469.04999990059,16479.049999900446,16479.099999900445,16499.29999990015,16503.349999900092,18.100000000000122,110.14999999999588,27.90000000000026,0,171.7500000000048,0.25,0,70.00000000000013,36.00000000000003
J002019,2023-02-03/TPAN,TPAN,AMR_36,G15_13,WS_13_20,"[""111307""]",1,16176.349999904849,16663.949999897755,16455.749999900785,16176.349999904849,16262.649999903593,16266.699999903534,16445.649999900932,16445.69999990093,16455.699999900786,16455.749999900785,16659.899999897814,16663.949999897755,18.100000000000122,135.49999999999656,22.90000000000019,0,310.8500000000364,0.25,0,32.0,92.00000000000108
J002020,2023-02-03/WKBH,WKBH,AMR_12,G12_6,WS_19_20,"[""111147""]",1,16179.149999904808,16809.449999895638,16698.59999989725,16179.149999904808,16195.399999904572,16199.449999904513,16688.499999897398,16688.549999897397,16698.549999897252,16698.59999989725,16805.399999895697,16809.449999895638,18.100000000000122,190.00000000000895,28.700000000000273,0,393.25000000005514,0.25,0,8.0,179.99999999999613
J002021,2023-02-03/SEBR,SEBR,AMR_27,G21_15,WS_25_20,"[""135012""]",1,16179.449999904804,16259.699999903636,16234.549999904002,16179.449999904804,16185.049999904722,16189.099999904663,16224.449999904149,16224.499999904148,16234.499999904003,16234.549999904002,16255.649999903695,16259.699999903636,18.100000000000122,45.099999999999575,7.599999999999981,0,9.199999999999996,0.25,0,4.0,44.0
J002022,2023-02-03/WKBS,WKBS,AMR_39,G17_10,WS_30_20,"[""110575""]",1,16188.399999904674,16582.54999989894,16531.849999899678,16188.399999904674,16455.599999900787,16459.64999990073,16521.749999899825,16521.799999899824,16531.79999989968,16531.849999899678,16578.499999899,16582.54999989894,18.100000000000122,163.65000000000296,31.650000000000315,0,180.5000000000068,0.25,0,74.00000000000034,100.00000000000023
J002023,2023-02-03/TSDA,TSDA,AMR_31,G17_6,WS_8_20,"[""110392""]",1,16189.949999904651,16490.44999990028,16304.449999902985,16189.949999904651,16189.949999904651,16193.999999904592,16294.349999903132,16294.399999903131,16304.399999902986,16304.449999902985,16486.39999990034,16490.44999990028,18.100000000000122,134.09999999999624,21.000000000000163,0,127.09999999999492,0.2,0,0.0,132.00000000000173
J002024,2023-02-03/WBCK,WBCK,AMR_25,G23_10,WS_2_20,"[""112004""]",1,16194.299999904588,16513.999999899937,16437.749999901047,16194.299999904588,16263.149999903586,16267.199999903527,16427.649999901194,16427.699999901193,16437.699999901048,16437.749999901047,16509.949999899996,16513.999999899937,18.100000000000122,158.30000000000175,17.15000000000011,0,125.89999999999499,0.25,0,42.00000000000027,128.000000000001
J002025,2023-02-03/TPAN,TPAN,AMR_11,G17_12,WS_13_20,"[""101018""]",1,16221.999999904185,16538.099999899587,16421.64999990128,16221.999999904185,16248.3999999038,16252.449999903742,16411.54999990143,16411.599999901428,16421.599999901282,16421.64999990128,16534.049999899646,16538.099999899587,18.100000000000122,116.44999999999553,23.950000000000205,0,157.35000000000153,0.25,0,22.0,92.0000000000008
J002026,2023-02-03/WKBH,WKBH,AMR_21,G6_14,WS_19_20,"[""113093""]",1,16222.749999904174,16587.099999898874,16512.54999989996,16222.749999904174,16335.099999902539,16339.14999990248,16502.449999900105,16502.499999900105,16512.49999989996,16512.54999989996,16583.049999898933,16587.099999898874,18.100000000000122,117.34999999999548,22.05000000000018,0,206.60000000001273,0.25,0,38.00000000000007,84.00000000000082
J002027,2023-02-03/TPAN,TPAN,AMR_05,G9_12,WS_13_20,"[""107162""]",1,16228.899999904084,16764.149999896297,16728.549999896815,16228.899999904084,16335.449999902534,16339.499999902475,16718.449999896962,16718.49999989696,16728.499999896816,16728.549999896815,16760.099999896356,16764.149999896297,18.100000000000122,149.19999999999968,26.850000000000247,0,340.8500000000432,0.25,0,16.0,116.00000000000074
J002028,2023-02-03/SEBR,SEBR,AMR_04,G20_15,WS_25_20,"[""110139""]",1,16247.899999903808,16556.099999899325,16495.34999990021,16247.899999903808,16441.799999900988,16445.84999990093,16485.249999900356,16485.299999900355,16495.29999990021,16495.34999990021,16552.049999899384,16556.099999899325,18.100000000000122,132.89999999999597,24.000000000000206,0,132.94999999999598,0.25,0,84.00000000000068,48.0
J002029,2023-02-03/WKBH,WKBH,AMR_22,G18_9,WS_19_20,"[""110484""]",1,16250.299999903773,16371.799999902005,16337.04999990251,16250.299999903773,16250.299999903773,16254.349999903714,16326.949999902658,16326.999999902657,16336.999999902511,16337.04999990251,16367.749999902064,16371.799999902005,18.100000000000122,56.549999999998924,9.55,0,37.10000000000003,0.2,0,0.0,60.00000000000058
J002030,2023-02-03/SEBR,SEBR,AMR_03,G21_14,WS_25_20,"[""111241""]",1,16256.499999903683,16637.649999898138,16608.64999989856,16256.499999903683,16495.699999900204,16499.749999900145,16598.549999898707,16598.599999898706,16608.59999989856,16608.64999989856,16633.599999898197,16637.649999898138,18.100000000000122,133.4499999999961,25.850000000000232,0,203.50000000001202,0.25,0,56.000000000000156,72.00000000000026
J002031,2023-02-03/WKBS,WKBS,AMR_29,G15_8,WS_30_20,"[""126834""]",1,16257.049999903675,16629.34999989826,16567.699999899156,16257.049999903675,16416.84999990135,16420.899999901292,16557.599999899303,16557.649999899302,16567.649999899157,16567.699999899156,16625.299999898318,16629.34999989826,18.100000000000122,202.80000000001186,36.45000000000007,0,114.69999999999563,0.25,0,84.00000000000102,140.00000000000057
J002032,2023-02-03/TPAN,TPAN,AMR_27,G20_14,WS_13_20,"[""110138""]",1,16259.749999903635,16646.849999898004,16472.799999900537,16259.749999903635,16279.699999903345,16283.749999903286,16462.699999900684,16462.749999900683,16472.749999900538,16472.799999900537,16642.799999898063,16646.849999898004,18.100000000000122,79.69999999999762,16.250000000000096,0,272.80000000002775,0.25,0,12.0,56.00000000000014
J002033,2023-02-03/WBCK,WBCK,AMR_19,G14_9,WS_2_20,"[""107256""]",1,16267.499999903523,16403.549999901545,16326.399999902666,16267.499999903523,16267.499999903523,16271.549999903464,16316.299999902812,16316.349999902812,16326.349999902666,16326.399999902666,16399.499999901604,16403.549999901545,18.100000000000122,96.49999999999666,9.55,0,11.700000000000031,0.2,0,0.0,120.00000000000253
J002034,2023-02-03/WKBH,WKBH,AMR_26,G9_6,WS_19_20,"[""131216""]",1,16273.89999990343,16546.349999899467,16472.64999990054,16273.89999990343,16313.04999990286,16317.0999999028,16462.549999900686,16462.599999900685,16472.59999990054,16472.64999990054,16542.299999899526,16546.349999899467,18.100000000000122,149.99999999999986,19.150000000000137,0,84.94999999999732,0.25,0,24.00000000000003,147.9999999999999
J002035,2023-02-03/SEBR,SEBR,AMR_20,G21_13,WS_25_20,"[""111348""]",1,16276.59999990339,16356.849999902222,16326.549999902663,16276.59999990339,16279.549999903347,16283.599999903288,16316.44999990281,16316.49999990281,16326.499999902664,16326.549999902663,16352.799999902281,16356.849999902222,18.100000000000122,52.24999999999917,8.549999999999986,0,1.1000000000000003,0.25,0,2.0,52.00000000000021
J002036,2023-02-03/WBCK,WBCK,AMR_30,G11_10,WS_2_20,"[""101147"", ""101305""]",2,16289.999999903195,16576.199999899032,16534.199999899643,16289.999999903195,16468.899999900594,16472.949999900535,16524.09999989979,16524.14999989979,16534.149999899644,16534.199999899643,16572.14999989909,16576.199999899032,18.100000000000122,181.8000000000071,25.900000000000233,0,60.14999999999872,0.25,0,128.00000000000256,80.00000000000117
J002037,2023-02-03/WKBS,WKBS,AMR_08,G9_13,WS_30_20,"[""110497""]",1,16296.899999903095,16889.69999989447,16754.39999989644,16296.899999903095,16564.949999899196,16568.999999899137,16744.299999896586,16744.349999896585,16754.34999989644,16754.39999989644,16885.64999989453,16889.69999989447,18.100000000000122,255.00000000002373,30.6000000000003,0,288.8500000000314,0.25,0,80.00000000000043,191.99999999999744
J002038,2023-02-03/SEBR,SEBR,AMR_16,G18_12,WS_25_20,"[""110353""]",1,16342.049999902438,16575.54999989904,16511.299999899977,16342.049999902438,16453.799999900813,16457.849999900754,16501.199999900124,16501.249999900123,16511.249999899977,16511.299999899977,16571.4999998991,16575.54999989904,18.100000000000122,117.84999999999545,19.200000000000138,0,78.0999999999977,0.25,0,48.0000000000002,68.00000000000014
J002039,2023-02-03/TSDA,TSDA,AMR_01,G20_10,WS_8_20,"[""101275""]",1,16346.949999902366,16678.299999897547,16542.09999989953,16346.949999902366,16346.949999902366,16350.999999902308,16531.999999899675,16532.049999899675,16542.04999989953,16542.09999989953,16674.249999897605,16678.299999897547,18.100000000000122,101.29999999999639,14.300000000000068,0,197.45000000001065,0.2,0,0.0,104.0000000000012
J002040,2023-02-03/WKBS,WKBS,AMR_24,G11_9,WS_30_20,"[""110131""]",1,16350.899999902309,16590.09999989883,16467.14999990062,16350.899999902309,16350.899999902309,16354.94999990225,16457.049999900766,16457.099999900765,16467.09999990062,16467.14999990062,16586.04999989889,16590.09999989883,18.100000000000122,137.449999999997,15.300000000000082,0,68.14999999999827,0.2,0,0.0,167.99999999999721
J002041,2023-02-03/WBCK,WBCK,AMR_40,G8_14,WS_2_20,"[""101084"", ""112387""]",2,16355.59999990224,16449.499999900876,16414.24999990139,16355.59999990224,16355.59999990224,16359.649999902182,16404.149999901536,16404.199999901535,16414.19999990139,16414.24999990139,16445.449999900935,16449.499999900876,18.100000000000122,51.14999999999923,9.55,0,14.900000000000077,0.2,0,0.0,52.000000000000384
J002042,2023-02-03/TPAN,TPAN,AMR_20,G9_14,WS_13_20,"[""135368""]",1,16356.899999902222,16741.34999989663,16711.499999897063,16356.899999902222,16593.59999989878,16597.64999989872,16701.39999989721,16701.44999989721,16711.449999897064,16711.499999897063,16737.299999896688,16741.34999989663,18.100000000000122,158.6000000000018,26.800000000000246,0,180.70000000000684,0.25,0,106.00000000000102,48.000000000000156
J002043,2023-02-03/SEBR,SEBR,AMR_38,G17_8,WS_25_20,"[""110401""]",1,16361.449999902155,16715.699999897002,16644.949999898032,16361.449999902155,16429.749999901163,16433.799999901104,16634.84999989818,16634.899999898178,16644.899999898033,16644.949999898032,16711.64999989706,16715.699999897002,18.100000000000122,144.24999999999855,19.100000000000136,0,172.55000000000499,0.25,0,64.00000000000097,96.00000000000043
J002044,2023-02-03/TSDA,TSDA,AMR_22,G18_9,WS_8_20,"[""111295""]",2,16371.849999902004,16856.949999894947,16717.79999989697,16371.849999902004,16371.849999902004,16375.899999901945,16707.69999989712,16707.749999897118,16717.749999896972,16717.79999989697,16852.899999895006,16856.949999894947,18.100000000000122,126.64999999999495,17.20000000000011,0,322.95000000003915,0.2,0,0.0,120.00000000000108
J002045,2023-02-03/WKBS,WKBS,AMR_32,G14_12,WS_30_20,"[""107312""]",1,16416.549999901355,16568.74999989914,16507.499999900032,16416.549999901355,16416.549999901355,16420.599999901297,16497.39999990018,16497.44999990018,16507.449999900033,16507.499999900032,16564.6999998992,16568.74999989914,18.100000000000122,101.99999999999635,13.400000000000055,0,18.500000000000128,0.2,0,0.0,116.0000000000004
J002046,2023-02-03/TPAN,TPAN,AMR_02,G2_13,WS_13_20,"[""101235"", ""107105""]",2,16421.69999990128,16636.04999989816,16593.249999898784,16421.69999990128,16463.899999900666,16467.949999900608,16583.14999989893,16583.19999989893,16593.199999898785,16593.249999898784,16631.99999989822,16636.04999989816,18.100000000000122,113.24999999999571,14.300000000000068,0,68.44999999999825,0.25,0,33.99999999999997,88.00000000000104
J002047,2023-02-03/TPAN,TPAN,AMR_14,G9_15,WS_13_20,"[""101182""]",1,16438.749999901032,16602.299999898652,16576.199999899032,16438.749999901032,16474.59999990051,16478.64999990045,16566.09999989918,16566.14999989918,16576.149999899033,16576.199999899032,16598.24999989871,16602.299999898652,18.100000000000122,61.799999999998626,11.500000000000028,0,71.89999999999806,0.25,0,16.0,44.000000000000156
J002048,2023-02-03/TPAN,TPAN,AMR_40,G8_13,WS_13_20,"[""149347""]",1,16455.799999900784,16594.749999898762,16559.14999989928,16455.799999900784,16459.799999900726,16463.849999900667,16549.049999899427,16549.099999899427,16559.09999989928,16559.14999989928,16590.69999989882,16594.749999898762,18.100000000000122,66.29999999999838,9.5,0,44.79999999999959,0.25,0,2.0,64.00000000000038
J002049,2023-02-03/TPAN,TPAN,AMR_18,G21_15,WS_13_20,"[""135012""]",1,16472.849999900536,16657.949999897843,16529.69999989971,16472.849999900536,16487.449999900324,16491.499999900265,16519.599999899856,16519.649999899855,16529.64999989971,16529.69999989971,16653.8999998979,16657.949999897843,18.100000000000122,65.29999999999843,10.500000000000014,0,90.94999999999698,0.25,0,8.0,56.00000000000014
J002050,2023-02-03/SEBR,SEBR,AMR_17,G21_6,WS_25_20,"[""112247""]",1,16479.149999900445,16716.44999989699,16676.849999897568,16479.149999900445,16579.04999989899,16583.099999898932,16666.749999897715,16666.799999897714,16676.79999989757,16676.849999897568,16712.39999989705,16716.44999989699,18.100000000000122,120.59999999999529,19.100000000000136,0,79.24999999999764,0.25,0,52.00000000000013,80.0000000000008
J002051,2023-02-03/SEBR,SEBR,AMR_31,G18_6,WS_25_20,"[""112404""]",1,16495.399999900208,16616.399999898447,16567.29999989916,16495.399999900208,16498.449999900164,16502.499999900105,16557.19999989931,16557.249999899308,16567.249999899163,16567.29999989916,16612.349999898506,16616.399999898447,18.100000000000122,89.74999999999704,11.400000000000027,0,1.5000000000000007,0.25,0,2.0,96.00000000000088
J002052,2023-02-03/SEBR,SEBR,AMR_33,G17_6,WS_25_20,"[""111361""]",1,16511.349999899976,16645.399999898025,16592.74999989879,16511.349999899976,16515.349999899918,16519.39999989986,16582.64999989894,16582.699999898938,16592.699999898792,16592.74999989879,16641.349999898084,16645.399999898025,18.100000000000122,101.0499999999964,13.300000000000054,0,1.3500000000000005,0.25,0,2.0,116.00000000000142
J002053,2023-02-03/SEBR,SEBR,AMR_15,G18_5,WS_25_20,"[""110270""]",1,16527.49999989974,16679.049999897536,16628.899999898265,16527.49999989974,16543.29999989951,16547.349999899452,16618.799999898412,16618.84999989841,16628.849999898266,16628.899999898265,16674.999999897595,16679.049999897536,18.100000000000122,105.49999999999615,17.20000000000011,0,10.500000000000014,0.25,0,10.0,108.00000000000148
J002054,2023-02-03/TPAN,TPAN,AMR_09,G17_15,WS_13_20,"[""101014"", ""110606"", ""112279"", ""112334""]",4,16529.74999989971,16681.949999897493,16616.09999989845,16529.74999989971,16529.74999989971,16533.79999989965,16605.9999998986,16606.049999898598,16616.049999898452,16616.09999989845,16677.899999897552,16681.949999897493,18.100000000000122,46.499999999999496,7.649999999999981,0,79.74999999999761,0.2,0,0.0,40.00000000000003
J002055,2023-02-03/TPAN,TPAN,AMR_19,G12_10,WS_13_20,"[""134683""]",1,16559.19999989928,16716.54999989699,16677.39999989756,16559.19999989928,16572.24999989909,16576.29999989903,16667.299999897707,16667.349999897706,16677.34999989756,16677.39999989756,16712.49999989705,16716.54999989699,18.100000000000122,73.39999999999797,14.350000000000069,0,51.249999999999226,0.25,0,6.0,60.0000000000004
J002056,2023-02-03/SEBR,SEBR,AMR_28,G23_14,WS_25_20,"[""107314""]",1,16567.34999989916,16689.899999897378,16660.8999998978,16567.34999989916,16567.34999989916,16571.399999899102,16650.799999897947,16650.849999897946,16660.8499998978,16660.8999998978,16685.849999897437,16689.899999897378,18.100000000000122,51.49999999999921,9.55,0,43.19999999999968,0.2,0,0.0,48.00000000000004
J002057,2023-02-03/WKBS,WKBS,AMR_30,G11_10,WS_30_20,"[""101147""]",1,16576.24999989903,16748.79999989652,16680.09999989752,16576.24999989903,16576.24999989903,16580.299999898973,16669.999999897667,16670.049999897667,16680.04999989752,16680.09999989752,16744.74999989658,16748.79999989652,18.100000000000122,127.84999999999488,13.300000000000054,0,13.100000000000051,0.2,0,0.0,155.9999999999976
J002058,2023-02-03/TPAN,TPAN,AMR_16,G18_12,WS_13_20,"[""112363""]",1,16576.24999989903,16716.59999989699,16660.449999897806,16576.24999989903,16576.24999989903,16580.299999898973,16650.349999897953,16650.399999897953,16660.399999897807,16660.449999897806,16712.549999897048,16716.59999989699,18.100000000000122,61.299999999998654,9.55,0,51.19999999999923,0.2,0,0.0,64.00000000000037
J002059,2023-02-03/WBCK,WBCK,AMR_39,G17_10,WS_2_20,"[""110575""]",1,16582.59999989894,16699.099999897244,16641.69999989808,16582.59999989894,16582.59999989894,16586.64999989888,16631.599999898226,16631.649999898225,16641.64999989808,16641.69999989808,16695.049999897303,16699.099999897244,18.100000000000122,86.14999999999725,10.500000000000014,0,1.5500000000000007,0.2,0,0.0,104.0000000000017
J002060,2023-02-03/SEBR,SEBR,AMR_32,G14_7,WS_25_20,"[""107377""]",1,16592.79999989879,16998.449999892888,16884.599999894544,16592.79999989879,16716.49999989699,16720.54999989693,16874.49999989469,16874.54999989469,16884.549999894545,16884.599999894544,16994.399999892947,16998.449999892888,18.100000000000122,148.4499999999995,18.100000000000122,0,220.75000000001594,0.25,0,42.00000000000024,112.00000000000074
J002061,2023-02-03/TPAN,TPAN,AMR_11,G15_10,WS_13_20,"[""110452""]",1,16593.299999898783,16732.149999896763,16694.44999989731,16593.299999898783,16606.899999898586,16610.949999898527,16684.34999989746,16684.399999897458,16694.399999897312,16694.44999989731,16728.099999896822,16732.149999896763,18.100000000000122,73.89999999999795,12.35000000000004,0,34.25000000000019,0.25,0,8.0,64.00000000000064
J002062,2023-02-03/WKBS,WKBS,AMR_07,G3_13,WS_30_20,"[""111226""]",1,16604.54999989862,16893.79999989441,16737.24999989669,16604.54999989862,16604.54999989862,16608.59999989856,16727.149999896836,16727.199999896835,16737.19999989669,16737.24999989669,16889.74999989447,16893.79999989441,18.100000000000122,125.89999999999499,11.450000000000028,0,133.59999999999613,0.2,0,0.0,143.99999999999966
J002063,2023-02-03/SEBR,SEBR,AMR_34,G15_6,WS_25_20,"[""107291""]",1,16608.69999989856,16887.899999894496,16769.749999896216,16608.69999989856,16691.19999989736,16695.2499998973,16759.649999896363,16759.699999896362,16769.699999896216,16769.749999896216,16883.849999894555,16887.899999894496,18.100000000000122,153.60000000000068,24.90000000000022,0,82.34999999999746,0.25,0,20.00000000000003,155.99999999999937
J002064,2023-02-03/TPAN,TPAN,AMR_04,G20_12,WS_13_20,"[""101097""]",1,16616.14999989845,16865.399999894824,16745.599999896567,16616.14999989845,16677.899999897552,16681.949999897493,16735.499999896714,16735.549999896713,16745.549999896568,16745.599999896567,16861.349999894883,16865.399999894824,18.100000000000122,125.599999999995,21.000000000000163,0,84.29999999999735,0.25,0,30.0,92.00000000000074
J002065,2023-02-03/SEBR,SEBR,AMR_13,G12_8,WS_25_20,"[""131590""]",1,16628.949999898265,16983.8999998931,16785.749999895983,16628.949999898265,16694.849999897306,16698.899999897247,16775.64999989613,16775.69999989613,16785.699999895984,16785.749999895983,16979.84999989316,16983.8999998931,18.100000000000122,182.05000000000715,29.650000000000286,0,124.89999999999505,0.25,0,54.00000000000054,139.99999999999994
J002066,2023-02-03/SEBR,SEBR,AMR_29,G15_8,WS_25_20,"[""123035""]",1,16644.99999989803,16805.1999998957,16724.399999896876,16644.99999989803,16644.99999989803,16649.049999897972,16714.299999897023,16714.349999897022,16724.349999896876,16724.399999896876,16801.14999989576,16805.1999998957,18.100000000000122,85.49999999999729,11.450000000000028,0,44.949999999999584,0.2,0,0.0,96.0000000000008
J002067,2023-02-03/TPAN,TPAN,AMR_03,G21_14,WS_13_20,"[""111988""]",1,16660.499999897806,16850.899999895035,16779.69999989607,16660.499999897806,16660.499999897806,16664.549999897747,16769.599999896218,16769.649999896217,16779.64999989607,16779.69999989607,16846.849999895094,16850.899999895035,18.100000000000122,70.89999999999812,9.55,0,91.64999999999694,0.2,0,0.0,68.00000000000037
J002068,2023-02-03/SEBR,SEBR,AMR_26,G14_6,WS_25_20,"[""111367""]",1,16660.9499998978,16945.94999989365,16801.69999989575,16660.9499998978,16700.79999989722,16704.84999989716,16791.599999895898,16791.649999895897,16801.64999989575,16801.69999989575,16941.89999989371,16945.94999989365,18.100000000000122,152.50000000000043,21.000000000000163,0,93.14999999999685,0.25,0,22.00000000000002,143.99999999999994
J002069,2023-02-03/SEBR,SEBR,AMR_24,G12_7,WS_25_20,"[""110552""]",1,16676.899999897567,16948.84999989361,16846.649999895097,16676.899999897567,16706.14999989714,16710.199999897082,16836.549999895244,16836.599999895243,16846.599999895097,16846.649999895097,16944.79999989367,16948.84999989361,18.100000000000122,132.999999999996,17.20000000000011,0,103.39999999999627,0.25,0,22.00000000000003,112.00000000000085
J002070,2023-02-03/TPAN,TPAN,AMR_10,G5_13,WS_13_20,"[""110562""]",1,16677.44999989756,16822.499999895448,16762.64999989632,16677.44999989756,16690.49999989737,16694.54999989731,16752.549999896466,16752.599999896465,16762.59999989632,16762.64999989632,16818.449999895507,16822.499999895448,18.100000000000122,90.94999999999698,17.20000000000011,0,18.55000000000013,0.25,0,6.0,84.0000000000008
J002071,2023-02-03/WBCK,WBCK,AMR_01,G20_10,WS_2_20,"[""112329""]",1,16678.349999897546,16858.599999894923,16770.349999896207,16678.349999897546,16678.349999897546,16682.399999897487,16760.249999896354,16760.299999896353,16770.299999896208,16770.349999896207,16854.54999989498,16858.599999894923,18.100000000000122,125.39999999999502,8.599999999999987,0,27.950000000000262,0.2,0,0.0,156.00000000000176
J002072,2023-02-03/TPAN,TPAN,AMR_14,G11_9,WS_13_20,"[""101109""]",1,16694.49999989731,16833.149999895293,16796.749999895823,16694.49999989731,16717.24999989698,16721.29999989692,16786.64999989597,16786.69999989597,16796.699999895824,16796.749999895823,16829.099999895352,16833.149999895293,18.100000000000122,79.24999999999764,12.400000000000041,0,28.650000000000272,0.25,0,16.0,68.00000000000065
J002073,2023-02-03/WKBH,WKBH,AMR_39,G17_10,WS_19_20,"[""110575"", ""137523""]",2,16699.149999897243,16922.049999894,16750.049999896502,16699.149999897243,16699.149999897243,16703.199999897184,16739.94999989665,16739.99999989665,16749.999999896503,16750.049999896502,16917.99999989406,16922.049999894,18.100000000000122,64.29999999999849,9.5,0,130.7999999999955,0.2,0,0.0,60.00000000000003
J002074,2023-02-03/TPAN,TPAN,AMR_37,G18_10,WS_13_20,"[""110492""]",1,16711.549999897063,16864.049999894843,16813.799999895575,16711.549999897063,16724.599999896873,16728.649999896814,16803.69999989572,16803.74999989572,16813.749999895575,16813.799999895575,16859.999999894902,16864.049999894843,18.100000000000122,78.94999999999766,14.350000000000069,0,40.84999999999982,0.25,0,6.0,68.00000000000028
J002075,2023-02-03/WKLP,WKLP,AMR_23,G17_14,WS_8_20,"[""110380"", ""110504"", ""123310"", ""134027""]",6,16717.84999989697,16885.999999894524,16790.199999895918,16717.84999989697,16717.84999989697,16721.899999896912,16780.099999896065,16780.149999896064,16790.14999989592,16790.199999895918,16881.949999894583,16885.999999894524,18.100000000000122,75.19999999999787,11.450000000000028,0,63.199999999998546,0.2,0,0.0,72.00000000000028
J002076,2023-02-03/WKLP,WKLP,AMR_38,G15_9,WS_8_20,"[""110501"", ""110513"", ""110520""]",3,16717.84999989697,16870.599999894748,16806.099999895687,16717.84999989697,16731.199999896777,16735.249999896718,16795.999999895834,16796.049999895833,16806.049999895688,16806.099999895687,16866.549999894807,16870.599999894748,18.100000000000122,98.64999999999654,17.20000000000011,0,18.55000000000013,0.25,0,6.0,88.00000000000074
J002077,2023-02-03/WKLP,WKLP,AMR_35,G3_14,WS_8_20,"[""101192"", ""107301""]",2,16717.84999989697,16857.99999989493,16822.049999895455,16717.84999989697,16738.049999896677,16742.099999896618,16811.9499998956,16811.9999998956,16821.999999895455,16822.049999895455,16853.94999989499,16857.99999989493,18.100000000000122,69.09999999999822,14.350000000000069,0,38.34999999999996,0.25,0,12.0,52.00000000000007
J002078,2023-02-03/WKLP,WKLP,AMR_19,G14_14,WS_8_20,"[""101095"", ""123272""]",3,16717.84999989697,16908.649999894194,16840.34999989519,16717.84999989697,16785.29999989599,16789.34999989593,16830.249999895335,16830.299999895335,16840.29999989519,16840.34999989519,16904.599999894253,16908.649999894194,18.100000000000122,88.94999999999709,16.250000000000096,0,67.24999999999832,0.25,0,28.0,56.00000000000033
J002079,2023-02-03/WKLP,WKLP,AMR_09,G15_15,WS_8_20,"[""111376"", ""124702""]",2,16717.84999989697,16815.349999895552,16774.749999896143,16717.84999989697,16728.649999896814,16732.699999896755,16764.64999989629,16764.69999989629,16774.699999896144,16774.749999896143,16811.29999989561,16815.349999895552,18.100000000000122,57.79999999999885,7.599999999999981,0,13.75000000000006,0.25,0,4.0,56.00000000000037
J002080,2023-02-03/WKLP,WKLP,AMR_36,G17_13,WS_8_20,"[""110189"", ""110362""]",2,16717.84999989697,17018.2999998926,16955.69999989351,16717.84999989697,16735.499999896714,16739.549999896655,16945.599999893657,16945.649999893656,16955.64999989351,16955.69999989351,17014.249999892658,17018.2999998926,18.100000000000122,130.14999999999534,17.25000000000011,0,134.69999999999638,0.25,0,4.0,132.0000000000015
J002081,2023-02-03/SEBR,SEBR,AMR_16,G11_8,WS_25_20,"[""111247""]",2,16724.449999896875,16969.34999989331,16862.749999894862,16724.449999896875,16760.199999896355,16764.249999896296,16852.64999989501,16852.69999989501,16862.699999894863,16862.749999894862,16965.29999989337,16969.34999989331,18.100000000000122,150.1499999999999,15.250000000000082,0,61.14999999999866,0.25,0,26.0,143.99999999999983
J002082,2023-02-03/TPAN,TPAN,AMR_02,G3_15,WS_13_20,"[""110255""]",1,16728.599999896815,16864.89999989483,16830.849999895327,16728.599999896815,16749.699999896508,16753.74999989645,16820.749999895474,16820.799999895473,16830.799999895327,16830.849999895327,16860.84999989489,16864.89999989483,18.100000000000122,79.59999999999762,12.450000000000042,0,25.900000000000233,0.25,0,13.999999999999993,68.0000000000007
J002083,2023-02-03/TPAN,TPAN,AMR_11,G14_8,WS_13_20,"[""101177""]",1,16745.649999896566,16990.699999893,16949.3999998936,16745.649999896566,16887.099999894508,16891.14999989445,16939.29999989375,16939.349999893748,16949.349999893602,16949.3999998936,16986.64999989306,16990.699999893,18.100000000000122,121.74999999999523,21.100000000000165,0,83.84999999999738,0.25,0,66.00000000000077,64.00000000000043
J002084,2023-02-03/WSBJ,WSBJ,AMR_33,G15_14,WS_30_20,"[""101075"", ""101296"", ""107412"", ""110502"", ""112010"", ""139323""]",6,16754.44999989644,17047.549999892173,16987.599999893046,16754.44999989644,16783.89999989601,16787.94999989595,16977.499999893193,16977.549999893192,16987.549999893046,16987.599999893046,17043.499999892232,17047.549999892173,18.100000000000122,134.7499999999964,19.150000000000137,0,120.84999999999528,0.25,0,20.0,116.0000000000004
J002085,2023-02-03/WSBJ,WSBJ,AMR_15,G15_2,WS_30_20,"[""109989"", ""110189"", ""110283"", ""123310"", ""134027"", ""136923""]",6,16754.44999989644,16968.449999893324,16875.39999989468,16754.44999989644,16778.99999989608,16783.049999896022,16865.299999894825,16865.349999894825,16875.34999989468,16875.39999989468,16964.399999893383,16968.449999893324,18.100000000000122,147.89999999999938,21.000000000000163,0,26.750000000000245,0.25,0,16.0,148.0
J002086,2023-02-03/WSBJ,WSBJ,AMR_30,G14_10,WS_30_20,"[""101015"", ""107293"", ""110163"", ""110298"", ""122632""]",5,16754.44999989644,17052.399999892103,16970.549999893294,16754.44999989644,16804.049999895717,16808.099999895658,16960.44999989344,16960.49999989344,16970.499999893294,16970.549999893294,17048.34999989216,17052.399999892103,18.100000000000122,123.54999999999512,13.350000000000055,0,142.6999999999982,0.25,0,10.0,116.00000000000023
J002087,2023-02-03/WSBJ,WSBJ,AMR_31,G12_2,WS_30_20,"[""101329"", ""110148"", ""110475"", ""110592"", ""124704""]",5,16754.44999989644,17023.499999892523,16936.34999989379,16754.44999989644,16794.349999895858,16798.3999998958,16926.24999989394,16926.299999893938,16936.299999893792,16936.34999989379,17019.449999892582,17023.499999892523,18.100000000000122,177.9500000000062,23.900000000000205,0,48.84999999999936,0.25,0,31.999999999999943,175.99999999999636
J002088,2023-02-03/WSBJ,WSBJ,AMR_18,G14_13,WS_30_20,"[""110254"", ""110274"", ""110417"", ""110603""]",4,16754.44999989644,17415.29999988682,17117.74999989115,16754.44999989644,17044.39999989222,17048.44999989216,17107.6499998913,17107.699999891298,17117.699999891152,17117.74999989115,17411.24999988688,17415.29999988682,18.100000000000122,210.35000000001358,25.850000000000232,0,406.3000000000581,0.25,0,102.00000000000159,128.00000000000043
J002089,2023-02-03/WSBJ,WSBJ,AMR_27,G18_15,WS_30_20,"[""110252"", ""110433"", ""111272""]",3,16754.44999989644,16876.04999989467,16819.64999989549,16754.44999989644,16767.49999989625,16771.54999989619,16809.549999895637,16809.599999895636,16819.59999989549,16819.64999989549,16871.999999894728,16876.04999989467,18.100000000000122,76.74999999999778,10.500000000000014,0,16.000000000000092,0.25,0,6.0,75.99999999999999
J002090,2023-02-03/TPAN,TPAN,AMR_06,G24_15,WS_13_20,"[""107202""]",1,16762.69999989632,16953.399999893543,16904.649999894253,16762.69999989632,16762.69999989632,16766.74999989626,16894.5499998944,16894.5999998944,16904.599999894253,16904.649999894253,16949.349999893602,16953.399999893543,18.100000000000122,66.24999999999838,9.55,0,96.59999999999665,0.2,0,0.0,72.00000000000034
J002091,2023-02-03/SEBR,SEBR,AMR_20,G9_14,WS_25_20,"[""110322""]",1,16769.799999896215,17043.499999892232,16955.199999893517,16769.799999896215,16769.799999896215,16773.849999896156,16945.099999893664,16945.149999893663,16955.149999893518,16955.199999893517,17039.44999989229,17043.499999892232,18.100000000000122,96.59999999999665,11.450000000000028,0,147.34999999999926,0.2,0,0.0,96.00000000000034
J002092,2023-02-03/WKKR,WKKR,AMR_40,G5_2,WS_2_20,"[""101330"", ""111376"", ""124704"", ""134029""]",4,16770.399999896206,16908.099999894202,16863.849999894846,16770.399999896206,16800.699999895765,16804.749999895706,16853.749999894993,16853.799999894993,16863.799999894847,16863.849999894846,16904.04999989426,16908.099999894202,18.100000000000122,96.59999999999665,10.500000000000014,0,12.250000000000039,0.25,0,27.999999999999996,88.00000000000135
J002093,2023-02-03/WKKR,WKKR,AMR_17,G17_2,WS_2_20,"[""112394"", ""123310"", ""125413"", ""136923""]",4,16770.399999896206,16962.199999893415,16894.049999894407,16770.399999896206,16795.399999895842,16799.449999895784,16883.949999894554,16883.999999894553,16893.999999894408,16894.049999894407,16958.149999893474,16962.199999893415,18.100000000000122,142.49999999999815,15.250000000000082,0,15.700000000000088,0.25,0,19.999999999999996,155.99999999999963
J002094,2023-02-03/WKKR,WKKR,AMR_21,G8_14,WS_2_20,"[""112387"", ""135096""]",2,16770.399999896206,16881.849999894584,16846.799999895095,16770.399999896206,16776.94999989611,16780.999999896052,16836.69999989524,16836.74999989524,16846.749999895095,16846.799999895095,16877.799999894643,16881.849999894584,18.100000000000122,54.54999999999904,11.500000000000028,0,27.05000000000025,0.25,0,4.0,52.000000000000384
J002095,2023-02-03/WKKR,WKKR,AMR_25,G20_14,WS_2_20,"[""110132"", ""111995""]",2,16770.399999896206,17076.74999989175,17009.599999892725,16770.399999896206,16796.549999895826,16800.599999895767,16999.499999892872,16999.54999989287,17009.549999892726,17009.599999892725,17072.699999891807,17076.74999989175,18.100000000000122,145.89999999999893,24.800000000000217,0,117.29999999999548,0.25,0,18.0,128.0000000000016
J002096,2023-02-03/WKKR,WKKR,AMR_05,G15_4,WS_2_20,"[""111342"", ""134027""]",2,16770.399999896206,17050.44999989213,16975.49999989322,16770.399999896206,16815.299999895553,16819.349999895494,16965.39999989337,16965.449999893368,16975.449999893222,16975.49999989322,17046.39999989219,17050.44999989213,18.100000000000122,169.5000000000043,15.250000000000082,0,76.94999999999777,0.25,0,40.000000000000185,167.99999999999915
J002097,2023-02-03/WKKR,WKKR,AMR_28,G3_10,WS_2_20,"[""107290""]",1,16770.399999896206,16955.399999893514,16924.249999893967,16770.399999896206,16866.049999894814,16870.099999894755,16914.149999894114,16914.199999894114,16924.19999989397,16924.249999893967,16951.349999893573,16955.399999893514,18.100000000000122,127.89999999999488,16.300000000000097,0,22.450000000000184,0.25,0,96.00000000000198,52.0000000000004
J002098,2023-02-03/WKLP,WKLP,AMR_29,G11_10,WS_8_20,"[""101022"", ""101147""]",2,16805.2499998957,17118.749999891137,16939.749999893742,16805.2499998957,16877.29999989465,16881.34999989459,16929.64999989389,16929.699999893888,16939.699999893743,16939.749999893742,17114.699999891196,17118.749999891137,18.100000000000122,147.34999999999926,20.10000000000015,0,127.69999999999489,0.25,0,32.0,124.00000000000216
J002099,2023-02-03/TPAN,TPAN,AMR_12,G23_13,WS_13_20,"[""101179""]",1,16809.499999895637,17036.599999892333,16989.849999893013,16809.499999895637,16886.149999894522,16890.199999894463,16979.74999989316,16979.79999989316,16989.799999893014,16989.849999893013,17032.54999989239,17036.599999892333,18.100000000000122,123.29999999999514,17.25000000000011,0,68.19999999999827,0.25,0,64.00000000000075,72.00000000000037
J002100,2023-02-03/SEBR,SEBR,AMR_09,G8_12,WS_25_20,"[""111390""]",1,16815.39999989555,17102.449999891374,16995.299999892934,16815.39999989555,16848.299999895073,16852.349999895014,16985.19999989308,16985.24999989308,16995.249999892934,16995.299999892934,17098.399999891433,17102.449999891374,18.100000000000122,140.69999999999774,15.250000000000082,0,112.74999999999574,0.25,0,32.000000000000014,116.00000000000068
J002101,2023-02-03/WKLP,WKLP,AMR_10,G9_15,WS_8_20,"[""123034""]",1,16822.549999895447,16972.649999893263,16923.799999893974,16822.549999895447,16871.74999989473,16875.799999894673,16913.69999989412,16913.74999989412,16923.749999893975,16923.799999893974,16968.599999893322,16972.649999893263,18.100000000000122,74.49999999999791,14.350000000000069,0,42.8999999999997,0.25,0,36.00000000000003,35.99999999999997
J002102,2023-02-03/TPAN,TPAN,AMR_14,G21_10,WS_13_20,"[""111366""]",1,16833.199999895292,17326.299999888117,17040.94999989227,16833.199999895292,16957.84999989348,16961.89999989342,17030.849999892416,17030.899999892416,17040.89999989227,17040.94999989227,17322.249999888176,17326.299999888117,18.100000000000122,237.6500000000198,28.700000000000273,0,208.40000000001314,0.25,0,98.00000000000179,159.99999999999895
J002103,2023-02-03/WKLP,WKLP,AMR_03,G21_14,WS_8_20,"[""110533"", ""111241""]",2,16850.949999895034,16986.849999893057,16907.64999989421,16850.949999895034,16850.949999895034,16854.999999894975,16897.549999894356,16897.599999894355,16907.59999989421,16907.64999989421,16982.799999893115,16986.849999893057,18.100000000000122,87.39999999999718,13.350000000000055,0,16.850000000000104,0.2,0,0.0,96.00000000000054
J002104,2023-02-03/SEBR,SEBR,AMR_22,G9_10,WS_25_20,"[""112445""]",1,16856.999999894946,17191.549999890078,17011.2499998927,16856.999999894946,16892.249999894433,16896.299999894374,17001.14999989285,17001.199999892848,17011.199999892702,17011.2499998927,17187.499999890137,17191.549999890078,18.100000000000122,151.65000000000023,17.20000000000011,0,147.34999999999926,0.25,0,28.0,124.00000000000026
J002105,2023-02-03/TPAN,TPAN,AMR_35,G8_8,WS_13_20,"[""107449""]",1,16858.04999989493,17112.149999891233,17006.849999892765,16858.04999989493,16887.249999894506,16891.299999894447,16996.749999892912,16996.79999989291,17006.799999892766,17006.849999892765,17108.099999891292,17112.149999891233,18.100000000000122,107.39999999999604,15.300000000000082,0,113.04999999999572,0.25,0,21.999999999999986,84.00000000000091
J002106,2023-02-03/WKLP,WKLP,AMR_01,G14_15,WS_8_20,"[""111249""]",1,16858.649999894922,17109.249999891275,17055.39999989206,16858.649999894922,16989.699999893015,16993.749999892956,17045.299999892206,17045.349999892205,17055.34999989206,17055.39999989206,17105.199999891334,17109.249999891275,18.100000000000122,119.44999999999536,19.100000000000136,0,93.69999999999682,0.25,0,70.00000000000045,52.00000000000033
J002107,2023-02-03/WKKR,WKKR,AMR_37,G15_15,WS_2_20,"[""112034"", ""123094"", ""124702""]",3,16864.099999894843,17037.199999892324,16992.549999892974,16864.099999894843,16934.899999893812,16938.949999893754,16982.44999989312,16982.49999989312,16992.499999892974,16992.549999892974,17033.149999892383,17037.199999892324,18.100000000000122,91.34999999999695,11.400000000000027,0,51.99999999999918,0.25,0,20.0,76.0000000000008
J002108,2023-02-03/SEBR,SEBR,AMR_02,G12_6,WS_25_20,"[""107129""]",1,16864.94999989483,17188.299999890125,17107.699999891298,16864.94999989483,16983.549999893105,16987.599999893046,17097.599999891445,17097.649999891444,17107.6499998913,17107.699999891298,17184.249999890184,17188.299999890125,18.100000000000122,198.1500000000108,25.850000000000232,0,80.99999999999754,0.25,0,68.00000000000077,155.99999999999886
J002109,2023-02-03/WSBJ,WSBJ,AMR_04,G18_12,WS_30_20,"[""101012"", ""107272"", ""110165""]",3,16865.449999894823,17026.999999892472,16953.499999893542,16865.449999894823,16870.899999894744,16874.949999894685,16943.39999989369,16943.449999893688,16953.449999893543,16953.499999893542,17022.94999989253,17026.999999892472,18.100000000000122,92.94999999999686,10.450000000000014,0,39.799999999999876,0.25,0,4.0,92.00000000000037
J002110,2023-02-03/TPAN,TPAN,AMR_38,G26_15,WS_13_20,"[""118532""]",1,16870.649999894747,17110.99999989125,17023.899999892517,16870.649999894747,16946.14999989365,16950.19999989359,17013.799999892664,17013.849999892664,17023.849999892518,17023.899999892517,17106.94999989131,17110.99999989125,18.100000000000122,119.09999999999538,18.150000000000123,0,84.74999999999733,0.25,0,46.0,76.00000000000017
J002111,2023-02-03/WKLP,WKLP,AMR_27,G20_12,WS_8_20,"[""101097"", ""111246""]",2,16876.099999894668,17115.549999891184,17013.599999892667,16876.099999894668,16926.24999989394,16930.29999989388,17003.499999892814,17003.549999892814,17013.549999892668,17013.599999892667,17111.499999891243,17115.549999891184,18.100000000000122,103.54999999999626,16.200000000000095,0,101.34999999999638,0.25,0,10.0,92.00000000000068
J002112,2023-02-03/WKKR,WKKR,AMR_21,G3_15,WS_2_20,"[""110615""]",1,16881.899999894584,16982.699999893117,16958.44999989347,16881.899999894584,16904.399999894256,16908.449999894197,16948.349999893617,16948.399999893616,16958.39999989347,16958.44999989347,16978.649999893176,16982.699999893117,18.100000000000122,51.249999999999226,12.450000000000042,0,18.75000000000013,0.25,0,15.999999999999996,31.99999999999998
J002113,2023-02-03/SEBR,SEBR,AMR_23,G6_15,WS_25_20,"[""110176""]",1,16886.049999894523,17168.299999890416,17036.74999989233,16886.049999894523,16922.099999894,16926.14999989394,17026.649999892477,17026.699999892477,17036.69999989233,17036.74999989233,17164.249999890475,17168.299999890416,18.100000000000122,125.94999999999499,12.400000000000041,0,125.54999999999501,0.25,0,28.000000000000014,104.00000000000018
J002114,2023-02-03/WSBJ,WSBJ,AMR_34,G15_12,WS_30_20,"[""110191"", ""110465"", ""111238""]",3,16887.949999894496,17134.899999890902,17063.54999989194,16887.949999894496,16962.349999893413,16966.399999893354,17053.449999892087,17053.499999892087,17063.49999989194,17063.54999989194,17130.84999989096,17134.899999890902,18.100000000000122,148.29999999999947,21.100000000000165,0,59.199999999998774,0.25,0,64.00000000000081,104.0000000000004
J002115,2023-02-03/SEBR,SEBR,AMR_08,G9_13,WS_25_20,"[""101102""]",2,16889.74999989447,17068.599999891867,16979.04999989317,16889.74999989447,16889.74999989447,16893.79999989441,16968.949999893317,16968.999999893316,16978.99999989317,16979.04999989317,17064.549999891926,17068.599999891867,18.100000000000122,94.0999999999968,9.55,0,56.899999999998904,0.2,0,0.0,100.00000000000045
J002116,2023-02-03/WKKR,WKKR,AMR_07,G3_14,WS_2_20,"[""115355""]",1,16894.099999894406,16972.24999989327,16941.399999893718,16894.099999894406,16898.149999894347,16902.19999989429,16931.299999893865,16931.349999893864,16941.34999989372,16941.399999893718,16968.199999893328,16972.24999989327,18.100000000000122,42.74999999999971,7.599999999999981,0,9.45,0.25,0,2.0,40.000000000000014
J002117,2023-02-03/TPAN,TPAN,AMR_40,G11_6,WS_13_20,"[""111274""]",1,16908.1499998942,17465.249999886095,17328.74999988808,16908.1499998942,17067.149999891888,17071.19999989183,17318.64999988823,17318.699999888227,17328.699999888082,17328.74999988808,17461.199999886154,17465.249999886095,18.100000000000122,196.00000000001032,29.750000000000288,0,313.0000000000369,0.25,0,80.00000000000102,112.00000000000094
J002118,2023-02-03/WKLP,WKLP,AMR_19,G9_12,WS_8_20,"[""107162""]",1,16908.699999894194,17026.299999892482,16978.799999893174,16908.699999894194,16938.799999893756,16942.849999893697,16968.69999989332,16968.74999989332,16978.749999893174,16978.799999893174,17022.24999989254,17026.299999892482,18.100000000000122,70.49999999999814,12.400000000000041,0,16.350000000000097,0.25,0,18.0,52.00000000000024
J002119,2023-02-03/WKLP,WKLP,AMR_39,G17_10,WS_8_20,"[""110575"", ""111999""]",3,16923.849999893973,17200.649999889945,17071.19999989183,16923.849999893973,16923.849999893973,16927.899999893914,17061.099999891976,17061.149999891975,17071.14999989183,17071.19999989183,17196.599999890004,17200.649999889945,18.100000000000122,113.79999999999568,17.15000000000011,0,127.5499999999949,0.2,0,0.0,112.000000000001
J002120,2023-02-03/WKKR,WKKR,AMR_26,G3_13,WS_2_20,"[""111996""]",1,16945.99999989365,17125.99999989103,17093.7499998915,16945.99999989365,17055.549999892057,17059.599999891998,17083.649999891648,17083.699999891647,17093.6999998915,17093.7499998915,17121.94999989109,17125.99999989103,18.100000000000122,90.39999999999701,17.25000000000011,0,53.99999999999907,0.25,0,52.0000000000005,44.000000000000185
J002121,2023-02-03/WSBJ,WSBJ,AMR_24,G17_9,WS_30_20,"[""110391"", ""112208"", ""126308""]",3,16948.89999989361,17291.249999888627,17134.9999998909,16948.89999989361,17003.19999989282,17007.24999989276,17124.899999891048,17124.949999891047,17134.9499998909,17134.9999998909,17287.199999888686,17291.249999888627,18.100000000000122,155.75000000000117,22.95000000000019,0,145.2999999999988,0.25,0,22.0,143.99999999999963
J002122,2023-02-03/TPAN,TPAN,AMR_06,G14_6,WS_13_20,"[""110523""]",1,16953.449999893543,17462.699999886132,17173.799999890336,16953.449999893543,17082.89999989166,17086.9499998916,17163.699999890483,17163.749999890482,17173.749999890337,17173.799999890336,17458.64999988619,17462.699999886132,18.100000000000122,180.0500000000067,23.900000000000205,0,286.95000000003097,0.25,0,90.00000000000111,96.0000000000012
J002123,2023-02-03/SEBR,SEBR,AMR_28,G9_8,WS_25_20,"[""127717""]",1,16955.449999893513,17432.249999886575,17147.199999890723,16955.449999893513,17019.849999892576,17023.899999892517,17137.09999989087,17137.14999989087,17147.149999890724,17147.199999890723,17428.199999886634,17432.249999886575,18.100000000000122,153.3000000000006,18.150000000000123,0,287.000000000031,0.25,0,24.0,140.00000000000017
J002124,2023-02-03/WKLP,WKLP,AMR_17,G15_13,WS_8_20,"[""125413""]",2,16962.249999893414,17202.249999889922,17087.149999891597,16962.249999893414,16990.499999893003,16994.549999892944,17077.049999891744,17077.099999891743,17087.099999891598,17087.149999891597,17198.19999988998,17202.249999889922,18.100000000000122,101.79999999999636,13.400000000000055,0,106.4499999999961,0.25,0,26.0,72.00000000000023
J002125,2023-02-03/WKKR,WKKR,AMR_15,G6_8,WS_2_20,"[""112247""]",1,16968.499999893324,17119.649999891124,17076.69999989175,16968.499999893324,16999.949999892866,17003.999999892807,17066.599999891896,17066.649999891895,17076.64999989175,17076.69999989175,17115.599999891183,17119.649999891124,18.100000000000122,93.04999999999686,13.350000000000055,0,26.40000000000024,0.25,0,30.00000000000002,76.000000000001
J002126,2023-02-03/WSBJ,WSBJ,AMR_16,G2_10,WS_30_20,"[""110210"", ""110305"", ""112392""]",4,16969.39999989331,17409.8499998869,17163.19999989049,16969.39999989331,17031.9499998924,17035.99999989234,17153.099999890637,17153.149999890637,17163.14999989049,17163.19999989049,17405.79999988696,17409.8499998869,18.100000000000122,205.45000000001247,25.80000000000023,0,190.85000000000915,0.25,0,54.00000000000061,179.9999999999963
J002127,2023-02-03/WKLP,WKLP,AMR_07,G14_12,WS_8_20,"[""110232""]",1,16972.29999989327,17470.199999886023,17358.549999887648,16972.29999989327,17067.399999891884,17071.449999891825,17348.449999887795,17348.499999887794,17358.49999988765,17358.549999887648,17466.14999988608,17470.199999886023,18.100000000000122,197.50000000001066,31.550000000000313,0,250.5000000000227,0.25,0,58.000000000000384,124.00000000000074
J002128,2023-02-03/WKKR,WKKR,AMR_10,G11_9,WS_2_20,"[""112084""]",1,16972.699999893262,17321.649999888185,17275.549999888855,16972.699999893262,17177.64999989028,17181.69999989022,17265.449999889002,17265.499999889,17275.499999888856,17275.549999888855,17317.599999888243,17321.649999888185,18.100000000000122,218.3500000000154,31.600000000000314,0,80.64999999999756,0.25,0,124.00000000000176,112.00000000000196
J002129,2023-02-03/SEBR,SEBR,AMR_21,G3_12,WS_25_20,"[""111207""]",1,16982.749999893116,17218.599999889684,17077.99999989173,16982.749999893116,16997.6999998929,17001.74999989284,17067.899999891877,17067.949999891876,17077.94999989173,17077.99999989173,17214.549999889743,17218.599999889684,18.100000000000122,130.49999999999542,13.350000000000055,0,73.64999999999796,0.25,0,10.0,132.00000000000063
J002130,2023-02-03/WSBJ,WSBJ,AMR_13,G20_10,WS_30_20,"[""131589"", ""134028""]",2,16983.9499998931,17162.5999998905,17097.84999989144,16983.9499998931,17031.29999989241,17035.34999989235,17087.74999989159,17087.799999891588,17097.799999891442,17097.84999989144,17158.549999890558,17162.5999998905,18.100000000000122,112.49999999999575,15.250000000000082,0,32.55000000000029,0.25,0,24.0,100.0000000000006
J002131,2023-02-03/WKLP,WKLP,AMR_03,G20_13,WS_8_20,"[""101297""]",1,16986.899999893056,17212.64999988977,17103.099999891365,16986.899999893056,17014.79999989265,17018.84999989259,17092.999999891512,17093.04999989151,17103.049999891366,17103.099999891365,17208.59999988983,17212.64999988977,18.100000000000122,109.39999999999593,15.300000000000082,0,82.69999999999744,0.25,0,20.0,84.0000000000002
J002132,2023-02-03/TPAN,TPAN,AMR_11,G15_6,WS_13_20,"[""101154""]",1,16990.749999893,17398.699999887063,17121.799999891093,16990.749999893,17026.899999892474,17030.949999892415,17111.69999989124,17111.74999989124,17121.749999891093,17121.799999891093,17394.649999887122,17398.699999887063,18.100000000000122,114.69999999999563,17.20000000000011,0,257.7000000000243,0.25,0,26.00000000000003,84.00000000000057
J002133,2023-02-03/WKKR,WKKR,AMR_32,G21_14,WS_2_20,"[""111241"", ""115794""]",2,16998.499999892887,17452.44999988628,17206.49999988986,16998.499999892887,17078.69999989172,17082.74999989166,17196.399999890007,17196.449999890006,17206.44999988986,17206.49999988986,17448.39999988634,17452.44999988628,18.100000000000122,183.2000000000074,21.100000000000165,0,231.30000000001834,0.25,0,64.00000000000084,128.00000000000094
J002134,2023-02-03/SEBR,SEBR,AMR_36,G2_14,WS_25_20,"[""110548""]",1,17018.349999892598,17383.549999887284,17205.79999988987,17018.349999892598,17089.949999891556,17093.999999891497,17195.699999890017,17195.749999890017,17205.74999988987,17205.79999988987,17379.499999887343,17383.549999887284,18.100000000000122,218.55000000001544,28.650000000000272,0,99.64999999999648,0.25,0,44.000000000000156,203.99999999999648
J002135,2023-02-03/WKKR,WKKR,AMR_31,G8_7,WS_2_20,"[""110398""]",1,17023.549999892522,17260.09999988908,17111.899999891237,17023.549999892522,17049.999999892138,17054.04999989208,17101.799999891384,17101.849999891383,17111.849999891238,17111.899999891237,17256.04999988914,17260.09999988908,18.100000000000122,100.9999999999964,18.200000000000124,0,98.99999999999652,0.25,0,22.000000000000007,84.00000000000065
J002136,2023-02-03/TPAN,TPAN,AMR_19,G18_6,WS_13_20,"[""112404""]",1,17026.34999989248,17479.199999885892,17208.149999889836,17026.34999989248,17099.24999989142,17103.299999891362,17198.049999889983,17198.099999889982,17208.099999889837,17208.149999889836,17475.14999988595,17479.199999885892,18.100000000000122,144.4499999999986,18.100000000000122,0,271.95000000002756,0.25,0,46.00000000000013,96.0000000000008
J002137,2023-02-03/WSBJ,WSBJ,AMR_04,G3_15,WS_30_20,"[""101024"", ""110222"", ""110561"", ""110615"", ""112231""]",5,17027.04999989247,17430.849999886595,17244.499999889307,17027.04999989247,17091.599999891532,17095.649999891473,17234.399999889454,17234.449999889453,17244.449999889308,17244.499999889307,17426.799999886654,17430.849999886595,18.100000000000122,161.95000000000258,10.450000000000014,0,213.0500000000142,0.25,0,40.00000000000024,135.99999999999966
J002138,2023-02-03/WKLP,WKLP,AMR_12,G12_8,WS_8_20,"[""112007""]",1,17036.649999892332,17489.249999885746,17438.04999988649,17036.649999892332,17141.749999890802,17145.799999890743,17427.949999886638,17427.999999886637,17437.99999988649,17438.04999988649,17485.199999885805,17489.249999885746,18.100000000000122,149.2499999999997,24.90000000000022,0,260.10000000002486,0.25,0,56.00000000000033,84.00000000000085
J002139,2023-02-03/SEBR,SEBR,AMR_37,G3_9,WS_25_20,"[""110574""]",2,17037.249999892323,17555.64999988478,17482.449999885845,17037.249999892323,17297.349999888538,17301.39999988848,17472.34999988599,17472.39999988599,17482.399999885845,17482.449999885845,17551.59999988484,17555.64999988478,18.100000000000122,291.75000000003206,41.1499999999998,0,167.15000000000376,0.25,0,100.00000000000135,235.99999999999068
J002140,2023-02-03/TPAN,TPAN,AMR_20,G14_5,WS_13_20,"[""110326""]",1,17043.54999989223,17582.949999884382,17534.34999988509,17043.54999989223,17460.79999988616,17464.8499998861,17524.249999885236,17524.299999885236,17534.29999988509,17534.34999988509,17578.89999988444,17582.949999884382,18.100000000000122,236.4000000000195,42.04999999999975,0,242.6000000000209,0.25,0,148.00000000000023,88.000000000001
J002141,2023-02-03/WKKR,WKKR,AMR_33,G15_14,WS_2_20,"[""110531"", ""112010""]",2,17047.599999892172,17423.7499998867,17189.599999890106,17047.599999892172,17047.599999892172,17051.649999892114,17179.499999890253,17179.549999890252,17189.549999890107,17189.599999890106,17419.699999886758,17423.7499998867,18.100000000000122,139.34999999999744,17.15000000000011,0,201.35000000001153,0.2,0,0.0,144.0000000000009
J002142,2023-02-03/TPAN,TPAN,AMR_05,G15_5,WS_13_20,"[""111833""]",1,17050.49999989213,17321.34999988819,17191.099999890084,17050.49999989213,17054.349999892074,17058.399999892015,17180.99999989023,17181.04999989023,17191.049999890085,17191.099999890084,17317.299999888248,17321.34999988819,18.100000000000122,108.149999999996,13.350000000000055,0,130.99999999999554,0.25,0,2.0,100.00000000000097
J002143,2023-02-03/WKLP,WKLP,AMR_30,G9_14,WS_8_20,"[""111222"", ""111223""]",2,17055.44999989206,17462.14999988614,17406.099999886956,17055.44999989206,17127.54999989101,17131.59999989095,17395.999999887103,17396.049999887102,17406.049999886956,17406.099999886956,17458.0999998862,17462.14999988614,18.100000000000122,136.89999999999688,25.75000000000023,0,225.70000000001707,0.25,0,18.0,100.00000000000028
J002144,2023-02-03/WSBJ,WSBJ,AMR_08,G15_15,WS_30_20,"[""101290"", ""110604"", ""124211"", ""134029""]",4,17068.649999891866,17339.94999988792,17292.849999888604,17068.649999891866,17166.199999890447,17170.249999890388,17282.74999988875,17282.79999988875,17292.799999888604,17292.849999888604,17335.899999887977,17339.94999988792,18.100000000000122,119.94999999999533,18.150000000000123,0,114.84999999999562,0.25,0,24.0,99.99999999999996
J002145,2023-02-03/WKKR,WKKR,AMR_25,G14_8,WS_2_20,"[""101177""]",1,17076.799999891748,17571.849999884544,17499.649999885594,17076.799999891748,17129.749999890977,17133.799999890918,17489.54999988574,17489.59999988574,17499.599999885595,17499.649999885594,17567.799999884603,17571.849999884544,18.100000000000122,148.74999999999957,19.150000000000137,0,308.80000000003594,0.25,0,28.0,136.00000000000244
J002146,2023-02-03/WKLP,WKLP,AMR_09,G14_7,WS_8_20,"[""120779""]",1,17102.499999891374,17540.399999885,17469.949999886026,17102.499999891374,17169.599999890397,17173.64999989034,17459.849999886173,17459.899999886173,17469.899999886027,17469.949999886026,17536.34999988506,17540.399999885,18.100000000000122,169.35000000000426,25.850000000000232,0,224.35000000001676,0.25,0,22.00000000000003,152.00000000000125
J002147,2023-02-03/WKLP,WKLP,AMR_01,G18_9,WS_8_20,"[""112292""]",1,17109.299999891275,17404.849999886974,17317.549999888244,17109.299999891275,17155.799999890598,17159.84999989054,17307.44999988839,17307.49999988839,17317.499999888245,17317.549999888244,17400.799999887033,17404.849999886974,18.100000000000122,131.79999999999572,16.250000000000096,0,129.14999999999512,0.25,0,28.0,108.00000000000108
J002148,2023-02-03/WSBJ,WSBJ,AMR_38,G17_12,WS_30_20,"[""111277"", ""112287""]",2,17111.04999989125,17402.149999887013,17326.949999888107,17111.04999989125,17187.29999989014,17191.34999989008,17316.849999888254,17316.899999888254,17326.899999888108,17326.949999888107,17398.099999887072,17402.149999887013,18.100000000000122,138.59999999999727,18.100000000000122,0,116.04999999999555,0.25,0,52.00000000000034,104.00000000000028
J002149,2023-02-03/WKKR,WKKR,AMR_35,G15_8,WS_2_20,"[""123035""]",1,17112.199999891232,17638.899999883568,17555.749999884778,17112.199999891232,17165.499999890457,17169.549999890398,17545.649999884925,17545.699999884924,17555.69999988478,17555.749999884778,17634.849999883627,17638.899999883568,18.100000000000122,176.65000000000592,21.050000000000164,0,310.65000000003636,0.25,0,42.00000000000021,156.00000000000068
J002150,2023-02-03/WKLP,WKLP,AMR_27,G3_6,WS_8_20,"[""110615""]",1,17115.599999891183,17463.849999886115,17422.099999886723,17115.599999891183,17214.69999988974,17218.749999889682,17411.99999988687,17412.04999988687,17422.049999886724,17422.099999886723,17459.799999886174,17463.849999886115,18.100000000000122,154.65000000000092,21.000000000000163,0,154.25000000000082,0.25,0,82.00000000000169,84.00000000000084
J002151,2023-02-03/WSBJ,WSBJ,AMR_29,G11_10,WS_30_20,"[""101022"", ""101147"", ""101305"", ""110313"", ""110468""]",6,17118.799999891136,17348.74999988779,17275.99999988885,17118.799999891136,17118.799999891136,17122.849999891077,17265.899999888996,17265.949999888995,17275.94999988885,17275.99999988885,17344.69999988785,17348.74999988779,18.100000000000122,130.69999999999547,11.400000000000027,0,69.54999999999819,0.2,0,0.0,155.99999999999847
J002152,2023-02-03/WKKR,WKKR,AMR_15,G14_15,WS_2_20,"[""111249""]",1,17119.699999891123,17513.449999885393,17465.349999886093,17119.699999891123,17382.4999998873,17386.54999988724,17455.24999988624,17455.29999988624,17465.299999886094,17465.349999886093,17509.399999885452,17513.449999885393,18.100000000000122,257.85000000002435,39.299999999999905,0,78.2499999999977,0.25,0,209.99999999999494,76.00000000000077
J002153,2023-02-03/TPAN,TPAN,AMR_26,G17_5,WS_13_20,"[""111244""]",1,17126.04999989103,17444.89999988639,17351.44999988775,17126.04999989103,17198.599999889975,17202.649999889916,17341.349999887898,17341.399999887897,17351.39999988775,17351.44999988775,17440.84999988645,17444.89999988639,18.100000000000122,183.40000000000745,21.050000000000164,0,96.04999999999669,0.25,0,76.00000000000125,140.0000000000007
J002154,2023-02-03/WSBJ,WSBJ,AMR_34,G18_10,WS_30_20,"[""107263"", ""107297""]",2,17135.0499998909,17477.24999988592,17415.49999988682,17135.0499998909,17308.649999888374,17312.699999888315,17405.399999886966,17405.449999886965,17415.44999988682,17415.49999988682,17473.19999988598,17477.24999988592,18.100000000000122,129.64999999999523,18.100000000000122,0,176.1000000000058,0.25,0,38.0,96.00000000000043
J002155,2023-02-03/WSBJ,WSBJ,AMR_13,G20_8,WS_30_20,"[""110242"", ""131642""]",2,17163.24999989049,17362.999999887583,17309.899999888356,17163.24999989049,17187.049999890143,17191.099999890084,17299.799999888502,17299.8499998885,17309.849999888356,17309.899999888356,17358.94999988764,17362.999999887583,18.100000000000122,104.14999999999623,17.20000000000011,0,60.049999999998725,0.25,0,8.0,104.00000000000071
J002156,2023-02-03/TPAN,TPAN,AMR_23,G18_5,WS_13_20,"[""140397""]",1,17173.849999890335,17460.349999886166,17368.7499998875,17173.849999890335,17305.39999988842,17309.449999888362,17358.649999887646,17358.699999887645,17368.6999998875,17368.7499998875,17456.299999886225,17460.349999886166,18.100000000000122,187.20000000000832,27.75000000000026,0,53.199999999999115,0.25,0,120.00000000000134,92.0000000000012
J002157,2023-02-03/WKKR,WKKR,AMR_02,G20_12,WS_2_20,"[""101097"", ""107428""]",2,17189.649999890105,17670.29999988311,17516.699999885346,17189.649999890105,17262.24999988905,17266.29999988899,17506.599999885493,17506.649999885492,17516.649999885347,17516.699999885346,17666.24999988317,17670.29999988311,18.100000000000122,202.5000000000118,23.850000000000204,0,235.9500000000194,0.25,0,60.00000000000058,159.99999999999744
J002158,2023-02-03/SEBR,SEBR,AMR_39,G17_10,WS_25_20,"[""110575"", ""111220""]",2,17200.699999889945,17325.549999888128,17283.59999988874,17200.699999889945,17200.699999889945,17204.749999889886,17273.499999888885,17273.549999888884,17283.54999988874,17283.59999988874,17321.499999888187,17325.549999888128,18.100000000000122,76.64999999999779,10.450000000000014,0,19.45000000000014,0.2,0,0.0,84.00000000000037
J002159,2023-02-03/WKKR,WKKR,AMR_17,G15_13,WS_2_20,"[""101025""]",1,17206.54999988986,17494.699999885666,17446.149999886373,17206.54999988986,17206.54999988986,17210.5999998898,17436.04999988652,17436.09999988652,17446.099999886374,17446.149999886373,17490.649999885725,17494.699999885666,18.100000000000122,98.64999999999654,13.350000000000055,0,157.85000000000164,0.2,0,0.0,104.00000000000153
J002160,2023-02-03/WSBJ,WSBJ,AMR_22,G15_10,WS_30_20,"[""112380"", ""123788""]",2,17244.549999889306,17724.999999882315,17666.84999988316,17244.549999889306,17583.949999884368,17587.99999988431,17656.74999988331,17656.799999883307,17666.799999883162,17666.84999988316,17720.949999882374,17724.999999882315,18.100000000000122,219.7000000000157,33.40000000000024,0,209.00000000001327,0.25,0,120.00000000000142,116.00000000000077
J002161,2023-02-03/WKKR,WKKR,AMR_03,G18_12,WS_2_20,"[""110165""]",1,17275.599999888855,17550.04999988486,17482.599999885842,17275.599999888855,17292.199999888613,17296.249999888554,17472.49999988599,17472.54999988599,17482.549999885843,17482.599999885842,17545.99999988492,17550.04999988486,18.100000000000122,133.69999999999615,18.150000000000123,0,104.24999999999622,0.25,0,6.0,132.00000000000182
J002162,2023-02-03/WSBJ,WSBJ,AMR_21,G14_9,WS_30_20,"[""107256"", ""111283""]",2,17276.049999888848,17549.49999988487,17449.599999886323,17276.049999888848,17325.849999888123,17329.899999888064,17439.49999988647,17439.54999988647,17449.549999886323,17449.599999886323,17545.449999884928,17549.49999988487,18.100000000000122,159.20000000000195,23.950000000000205,0,71.94999999999806,0.25,0,28.0,147.9999999999991
J002163,2023-02-03/WSBJ,WSBJ,AMR_24,G18_4,WS_30_20,"[""112009"", ""112357""]",2,17292.899999888603,17455.149999886242,17398.599999887065,17292.899999888603,17317.699999888242,17321.749999888183,17388.49999988721,17388.54999988721,17398.549999887065,17398.599999887065,17451.0999998863,17455.149999886242,18.100000000000122,124.44999999999507,15.300000000000082,0,4.149999999999993,0.25,0,19.999999999999996,132.0000000000018
J002164,2023-02-03/WSBJ,WSBJ,AMR_31,G12_10,WS_30_20,"[""110216"", ""134683""]",2,17309.949999888355,17524.899999885227,17466.649999886075,17309.949999888355,17336.549999887968,17340.59999988791,17456.54999988622,17456.59999988622,17466.599999886075,17466.649999886075,17520.849999885286,17524.899999885227,18.100000000000122,124.44999999999507,17.20000000000011,0,54.949999999999015,0.25,0,22.0,120.00000000000057
J002165,2023-02-03/WKLP,WKLP,AMR_05,G15_12,WS_8_20,"[""101155""]",2,17321.399999888188,17531.099999885137,17453.99999988626,17321.399999888188,17342.799999887877,17346.849999887818,17443.899999886406,17443.949999886405,17453.94999988626,17453.99999988626,17527.049999885196,17531.099999885137,18.100000000000122,102.54999999999632,16.250000000000096,0,72.54999999999802,0.25,0,18.0,80.00000000000054
J002166,2023-02-03/WSBJ,WSBJ,AMR_39,G17_10,WS_30_20,"[""110575"", ""131216""]",2,17326.999999888107,17485.149999885805,17432.54999988657,17326.999999888107,17326.999999888107,17331.049999888048,17422.449999886718,17422.499999886717,17432.49999988657,17432.54999988657,17481.099999885864,17485.149999885805,18.100000000000122,91.24999999999696,12.400000000000041,0,36.20000000000008,0.2,0,0.0,104.00000000000048
J002167,2023-02-03/WSBJ,WSBJ,AMR_10,G11_9,WS_30_20,"[""111208"", ""112084""]",3,17398.649999887064,17565.649999884634,17499.699999885594,17398.649999887064,17398.649999887064,17402.699999887005,17489.59999988574,17489.64999988574,17499.649999885594,17499.699999885594,17561.599999884693,17565.649999884634,18.100000000000122,114.64999999999563,11.450000000000028,0,22.600000000000186,0.2,0,0.0,136.0000000000005
J002168,2023-02-03/WKLP,WKLP,AMR_11,G15_6,WS_8_20,"[""138386""]",1,17398.749999887063,17629.299999883708,17491.69999988571,17398.749999887063,17398.749999887063,17402.799999887004,17481.599999885857,17481.649999885856,17491.64999988571,17491.69999988571,17625.249999883767,17629.299999883708,18.100000000000122,92.94999999999686,13.350000000000055,0,105.94999999999612,0.2,0,0.0,104.00000000000136
J002169,2023-02-03/WSBJ,WSBJ,AMR_01,G18_9,WS_30_20,"[""111295"", ""111363""]",2,17415.549999886818,17568.449999884593,17516.699999885346,17415.549999886818,17415.549999886818,17419.59999988676,17506.599999885493,17506.649999885492,17516.649999885347,17516.699999885346,17564.399999884652,17568.449999884593,18.100000000000122,85.79999999999727,11.450000000000028,0,37.350000000000016,0.2,0,0.0,100.00000000000043
J002170,2023-02-03/WSBJ,WSBJ,AMR_29,G9_13,WS_30_20,"[""109969"", ""112377""]",2,17432.59999988657,17701.049999882664,17593.599999884227,17432.59999988657,17490.449999885728,17494.49999988567,17583.499999884374,17583.549999884373,17593.549999884228,17593.599999884227,17696.999999882722,17701.049999882664,18.100000000000122,147.1499999999992,16.200000000000095,0,86.74999999999721,0.25,0,50.000000000000355,120.0000000000002
J002171,2023-02-03/WKKR,WKKR,AMR_18,G14_13,WS_2_20,"[""110274"", ""110418""]",2,17446.199999886372,17644.099999883492,17589.84999988428,17446.199999886372,17446.199999886372,17450.249999886313,17579.74999988443,17579.799999884428,17589.799999884282,17589.84999988428,17640.04999988355,17644.099999883492,18.100000000000122,80.24999999999758,9.55,0,89.79999999999704,0.2,0,0.0,80.00000000000054
J002172,2023-02-03/WSBJ,WSBJ,AMR_04,G8_14,WS_30_20,"[""112387"", ""135096""]",2,17449.649999886322,17957.749999878928,17769.149999881673,17449.649999886322,17499.049999885603,17503.099999885544,17759.04999988182,17759.09999988182,17769.099999881673,17769.149999881673,17953.699999878987,17957.749999878928,18.100000000000122,229.4000000000179,33.45000000000024,0,226.90000000001734,0.25,0,16.0,231.99999999999434
J002173,2023-02-03/WKKR,WKKR,AMR_28,G11_10,WS_2_20,"[""101147""]",1,17465.399999886093,17598.549999884155,17538.599999885028,17465.399999886093,17480.199999885877,17484.24999988582,17528.499999885174,17528.549999885174,17538.54999988503,17538.599999885028,17594.499999884214,17598.549999884155,18.100000000000122,81.09999999999754,12.450000000000042,0,21.250000000000167,0.25,0,8.0,80.00000000000091
J002174,2023-02-03/WSBJ,WSBJ,AMR_32,G21_14,WS_30_20,"[""111241"", ""112286""]",2,17466.699999886074,17574.8499998845,17538.54999988503,17466.699999886074,17466.699999886074,17470.749999886015,17528.449999885175,17528.499999885174,17538.49999988503,17538.54999988503,17570.79999988456,17574.8499998845,18.100000000000122,76.3499999999978,11.450000000000028,0,2.0500000000000007,0.2,0,0.0,88.00000000000045
J002175,2023-02-03/TMCO,TMCO,AMR_40,G9_5,WS_25_20,"[""110347""]",1,17482.499999885844,17658.449999883283,17580.44999988442,17482.499999885844,17495.69999988565,17499.749999885593,17570.349999884565,17570.399999884565,17580.39999988442,17580.44999988442,17654.399999883342,17658.449999883283,18.100000000000122,125.699999999995,17.20000000000011,0,14.700000000000074,0.25,0,6.0,140.0000000000005
J002176,2023-02-03/WKKR,WKKR,AMR_07,G14_12,WS_2_20,"[""112359""]",1,17482.64999988584,17651.74999988338,17572.79999988453,17482.64999988584,17482.64999988584,17486.699999885783,17562.699999884677,17562.749999884676,17572.74999988453,17572.79999988453,17647.69999988344,17651.74999988338,18.100000000000122,91.14999999999696,12.35000000000004,0,47.29999999999945,0.2,0,0.0,88.00000000000048
J002177,2023-02-03/WTNM,WTNM,AMR_27,G5_9,WS_8_20,"[""107238"", ""110231"", ""124704"", ""134029""]",4,17491.74999988571,17662.449999883225,17620.94999988383,17491.74999988571,17507.999999885473,17512.049999885414,17610.849999883976,17610.899999883975,17620.89999988383,17620.94999988383,17658.399999883284,17662.449999883225,18.100000000000122,81.7499999999975,13.400000000000055,0,57.19999999999889,0.25,0,10.0,72.00000000000068
J002178,2023-02-03/WTNM,WTNM,AMR_24,G20_4,WS_8_20,"[""112394"", ""121875"", ""123310""]",3,17491.74999988571,17703.44999988263,17576.449999884477,17491.74999988571,17498.349999885613,17502.399999885554,17566.349999884624,17566.399999884623,17576.399999884477,17576.449999884477,17699.399999882688,17703.44999988263,18.100000000000122,113.24999999999571,11.500000000000028,0,68.59999999999825,0.25,0,4.0,120.0000000000015
J002179,2023-02-03/WTNM,WTNM,AMR_36,G2_13,WS_8_20,"[""101235"", ""101322""]",2,17491.74999988571,17672.99999988307,17637.149999883593,17491.74999988571,17495.999999885647,17500.04999988559,17627.04999988374,17627.09999988374,17637.099999883594,17637.149999883593,17668.94999988313,17672.99999988307,18.100000000000122,72.74999999999801,9.5,0,80.64999999999756,0.25,0,2.0,68.00000000000047
J002180,2023-02-03/WTNM,WTNM,AMR_39,G15_9,WS_8_20,"[""110501"", ""110513""]",2,17491.74999988571,17694.799999882754,17604.199999884073,17491.74999988571,17507.249999885484,17511.299999885425,17594.09999988422,17594.14999988422,17604.149999884074,17604.199999884073,17690.749999882813,17694.799999882754,18.100000000000122,100.54999999999643,13.400000000000055,0,70.74999999999812,0.25,0,6.0,88.00000000000074
J002181,2023-02-03/WTNM,WTNM,AMR_16,G5_14,WS_8_20,"[""110422""]",1,17491.74999988571,17683.849999882914,17653.09999988336,17491.74999988571,17513.0999998854,17517.14999988534,17642.99999988351,17643.049999883508,17653.049999883362,17653.09999988336,17679.799999882973,17683.849999882914,18.100000000000122,83.99999999999737,16.250000000000096,0,73.49999999999797,0.25,0,14.0,64.00000000000009
J002182,2023-02-03/WTNM,WTNM,AMR_30,G3_15,WS_8_20,"[""110615""]",1,17491.74999988571,17696.149999882735,17669.04999988313,17491.74999988571,17551.44999988484,17555.49999988478,17658.949999883276,17658.999999883275,17668.99999988313,17669.04999988313,17692.099999882794,17696.149999882735,18.100000000000122,82.24999999999747,12.450000000000042,0,91.34999999999695,0.25,0,25.999999999999957,48.000000000000114
J002183,2023-02-03/WKKR,WKKR,AMR_34,G17_10,WS_2_20,"[""110575""]",1,17499.699999885594,17860.949999880337,17678.999999882984,17499.699999885594,17503.699999885535,17507.749999885476,17668.89999988313,17668.94999988313,17678.949999882985,17678.999999882984,17856.899999880396,17860.949999880337,18.100000000000122,126.59999999999495,13.350000000000055,0,202.9500000000119,0.25,0,2.0,120.00000000000068
J002184,2023-02-03/WSBJ,WSBJ,AMR_17,G15_13,WS_30_20,"[""110262"", ""125413""]",2,17499.749999885593,17624.649999883775,17572.69999988453,17499.749999885593,17499.749999885593,17503.799999885534,17562.59999988468,17562.649999884678,17572.649999884532,17572.69999988453,17620.599999883834,17624.649999883775,18.100000000000122,88.04999999999714,11.450000000000028,0,7.099999999999983,0.2,0,0.0,104.00000000000057
J002185,2023-02-03/WKKR,WKKR,AMR_06,G14_6,WS_2_20,"[""111367""]",1,17516.749999885345,17685.249999882893,17619.44999988385,17516.749999885345,17516.749999885345,17520.799999885287,17609.349999883998,17609.399999883997,17619.39999988385,17619.44999988385,17681.199999882952,17685.249999882893,18.100000000000122,105.89999999999613,9.55,0,34.75000000000016,0.2,0,0.0,120.00000000000216
J002186,2023-02-03/WSBJ,WSBJ,AMR_12,G12_8,WS_30_20,"[""101244"", ""107366""]",2,17516.749999885345,17780.699999881504,17649.84999988341,17516.749999885345,17516.749999885345,17520.799999885287,17639.749999883556,17639.799999883555,17649.79999988341,17649.84999988341,17776.649999881563,17780.699999881504,18.100000000000122,115.1499999999956,13.350000000000055,0,117.14999999999549,0.2,0,0.0,128.00000000000065
J002187,2023-02-03/WSBJ,WSBJ,AMR_31,G3_5,WS_30_20,"[""110437"", ""111207""]",2,17538.599999885028,17936.34999987924,17717.999999882417,17538.599999885028,17581.299999884406,17585.349999884347,17707.899999882564,17707.949999882563,17717.949999882418,17717.999999882417,17932.2999998793,17936.34999987924,18.100000000000122,200.90000000001143,22.85000000000019,0,155.65000000000114,0.25,0,40.00000000000007,195.99999999999454
J002188,2023-02-03/WKKR,WKKR,AMR_26,G17_7,WS_2_20,"[""125179""]",1,17538.649999885027,17779.899999881516,17713.04999988249,17538.649999885027,17553.349999884813,17557.399999884754,17702.949999882636,17702.999999882635,17712.99999988249,17713.04999988249,17775.849999881575,17779.899999881516,18.100000000000122,128.04999999999487,19.100000000000136,0,75.74999999999784,0.25,0,8.0,136.0000000000018
J002189,2023-02-03/TPAN,TPAN,AMR_37,G3_9,WS_13_20,"[""130718""]",1,17555.69999988478,17819.49999988094,17652.849999883365,17555.69999988478,17555.69999988478,17559.74999988472,17642.749999883512,17642.79999988351,17652.799999883366,17652.849999883365,17815.449999881,17819.49999988094,18.100000000000122,103.39999999999627,13.350000000000055,0,128.74999999999503,0.2,0,0.0,104.00000000000112
J002190,2023-02-03/WKKR,WKKR,AMR_14,G21_10,WS_2_20,"[""117025""]",1,17555.799999884777,17843.999999880583,17695.999999882737,17555.799999884777,17555.799999884777,17559.84999988472,17685.899999882884,17685.949999882883,17695.949999882738,17695.999999882737,17839.949999880642,17843.999999880583,18.100000000000122,116.44999999999553,12.400000000000041,0,141.04999999999782,0.2,0,0.0,124.00000000000122
J002191,2023-02-03/WSBJ,WSBJ,AMR_08,G26_15,WS_30_20,"[""111289""]",1,17572.74999988453,17726.74999988229,17700.949999882665,17572.74999988453,17627.14999988374,17631.19999988368,17690.849999882812,17690.89999988281,17700.899999882666,17700.949999882665,17722.69999988235,17726.74999988229,18.100000000000122,74.14999999999793,15.300000000000082,0,46.19999999999951,0.25,0,30.0,44.00000000000003
J002192,2023-02-03/WKKR,WKKR,AMR_15,G23_15,WS_2_20,"[""112372""]",1,17572.84999988453,18010.49999987816,17753.749999881897,17572.84999988453,17600.549999884126,17604.599999884067,17743.649999882044,17743.699999882043,17753.699999881897,17753.749999881897,18006.44999987822,18010.49999987816,18.100000000000122,186.60000000000818,27.70000000000026,0,205.00000000001236,0.25,0,22.0,171.99999999999838
J002193,2023-02-03/WTNM,WTNM,AMR_05,G3_14,WS_8_20,"[""110343""]",1,17576.499999884476,17775.699999881577,17744.949999882025,17576.499999884476,17685.999999882883,17690.049999882824,17734.84999988217,17734.89999988217,17744.899999882025,17744.949999882025,17771.649999881636,17775.699999881577,18.100000000000122,98.74999999999653,16.200000000000095,0,65.8999999999984,0.25,0,44.00000000000007,52.00000000000007
J002194,2023-02-03/WKKR,WKKR,AMR_03,G24_12,WS_2_20,"[""118539""]",1,17589.89999988428,18001.099999878297,17826.29999988084,17589.89999988428,17623.999999883785,17628.049999883726,17816.199999880988,17816.249999880987,17826.24999988084,17826.29999988084,17997.049999878356,18001.099999878297,18.100000000000122,182.15000000000717,24.850000000000218,0,185.850000000008,0.25,0,16.0,171.99999999999739
J002195,2023-02-03/WSBJ,WSBJ,AMR_01,G20_15,WS_30_20,"[""110296""]",1,17593.649999884226,17717.499999882424,17683.899999882913,17593.649999884226,17618.24999988387,17622.29999988381,17673.79999988306,17673.84999988306,17683.849999882914,17683.899999882913,17713.449999882483,17717.499999882424,18.100000000000122,75.44999999999786,10.500000000000014,0,19.550000000000143,0.25,0,16.0,68.00000000000001
J002196,2023-02-03/WTNM,WTNM,AMR_21,G14_15,WS_8_20,"[""107120"", ""111249"", ""112288""]",3,17604.249999884072,17718.39999988241,17684.999999882897,17604.249999884072,17624.099999883783,17628.149999883724,17674.899999883044,17674.949999883043,17684.949999882898,17684.999999882897,17714.34999988247,17718.39999988241,18.100000000000122,65.24999999999844,10.500000000000014,0,20.05000000000015,0.25,0,16.0,52.00000000000057
J002197,2023-02-03/WTNM,WTNM,AMR_33,G15_15,WS_8_20,"[""123094""]",1,17620.99999988383,17827.499999880823,17713.199999882487,17620.99999988383,17625.249999883767,17629.299999883708,17703.099999882634,17703.149999882633,17713.149999882487,17713.199999882487,17823.449999880882,17827.499999880823,18.100000000000122,71.2999999999981,10.450000000000014,0,106.3999999999961,0.25,0,2.0,60.00000000000006
J002198,2023-02-03/WTNM,WTNM,AMR_17,G15_13,WS_8_20,"[""101025"", ""110262""]",2,17637.199999883593,17891.449999879893,17728.999999882257,17637.199999883593,17637.199999883593,17641.249999883534,17718.899999882404,17718.949999882403,17728.949999882258,17728.999999882257,17887.39999987995,17891.449999879893,18.100000000000122,85.44999999999729,13.350000000000055,0,137.14999999999694,0.2,0,0.0,76.00000000000026
J002199,2023-02-03/WSBJ,WSBJ,AMR_32,G20_14,WS_30_20,"[""110432""]",1,17649.899999883408,17804.34999988116,17735.04999988217,17649.899999883408,17652.899999883364,17656.949999883305,17724.949999882316,17724.999999882315,17734.99999988217,17735.04999988217,17800.29999988122,17804.34999988116,18.100000000000122,84.74999999999733,9.5,0,41.84999999999976,0.25,0,2.0,92.00000000000054
J002200,2023-02-03/WGMS,WGMS,AMR_11,G15_2,WS_13_20,"[""110189"", ""123310"", ""124208"", ""136923""]",5,17652.899999883364,18172.199999875807,17772.999999881617,17652.899999883364,17670.199999883112,17674.249999883054,17762.899999881764,17762.949999881763,17772.949999881617,17772.999999881617,18168.149999875866,18172.199999875807,18.100000000000122,156.95000000000144,25.80000000000023,0,318.2000000000381,0.25,0,11.999999999999996,132.0000000000008
J002201,2023-02-03/WGMS,WGMS,AMR_38,G15_14,WS_13_20,"[""107412"", ""139323""]",3,17652.899999883364,17817.749999880965,17715.79999988245,17652.899999883364,17667.749999883148,17671.79999988309,17705.699999882596,17705.749999882595,17715.74999988245,17715.79999988245,17813.699999881024,17817.749999880965,18.100000000000122,60.79999999999868,13.400000000000055,0,72.29999999999804,0.25,0,8.0,44.00000000000007
J002202,2023-02-03/WGMS,WGMS,AMR_07,G14_12,WS_13_20,"[""110323"", ""124210""]",2,17652.899999883364,17743.049999882052,17698.899999882695,17652.899999883364,17652.899999883364,17656.949999883305,17688.79999988284,17688.84999988284,17698.849999882696,17698.899999882695,17738.99999988211,17743.049999882052,18.100000000000122,50.399999999999274,9.55,0,11.900000000000034,0.2,0,0.0,48.00000000000023
J002203,2023-02-03/WGMS,WGMS,AMR_28,G11_10,WS_13_20,"[""101022"", ""101147""]",2,17652.899999883364,18005.449999878234,17961.09999987888,17652.899999883364,17652.899999883364,17656.949999883305,17950.999999879026,17951.049999879026,17961.04999987888,17961.09999987888,18001.399999878293,18005.449999878234,18.100000000000122,129.8999999999953,17.15000000000011,0,187.20000000000832,0.2,0,0.0,128.00000000000153
J002204,2023-02-03/WGMS,WGMS,AMR_13,G20_10,WS_13_20,"[""112329"", ""125463""]",2,17652.899999883364,17852.649999880457,17732.8499998822,17652.899999883364,17667.749999883148,17671.79999988309,17722.749999882348,17722.799999882347,17732.7999998822,17732.8499998822,17848.599999880516,17852.649999880457,18.100000000000122,82.94999999999743,13.350000000000055,0,85.09999999999731,0.25,0,8.0,72.00000000000028
J002205,2023-02-03/WGMS,WGMS,AMR_19,G20_6,WS_13_20,"[""124008"", ""124207""]",2,17652.899999883364,17904.5999998797,17755.69999988187,17652.899999883364,17659.499999883268,17663.54999988321,17745.599999882015,17745.649999882015,17755.64999988187,17755.69999988187,17900.54999987976,17904.5999998797,18.100000000000122,90.84999999999698,13.400000000000055,0,129.0999999999951,0.25,0,4.0,88.00000000000068
J002206,2023-02-03/WTNM,WTNM,AMR_18,G14_13,WS_8_20,"[""110274""]",1,17653.14999988336,17900.949999879755,17760.899999881793,17653.14999988336,17653.14999988336,17657.1999998833,17750.79999988194,17750.84999988194,17760.849999881793,17760.899999881793,17896.899999879814,17900.949999879755,18.100000000000122,86.04999999999725,17.25000000000011,0,126.19999999999497,0.2,0,0.0,80.00000000000068
J002207,2023-02-03/WSBJ,WSBJ,AMR_23,G21_12,WS_30_20,"[""112333""]",1,17666.89999988316,17824.99999988086,17786.199999881424,17666.89999988316,17717.649999882422,17721.699999882363,17776.09999988157,17776.14999988157,17786.149999881425,17786.199999881424,17820.94999988092,17824.99999988086,18.100000000000122,112.24999999999577,17.20000000000011,0,10.300000000000011,0.25,0,48.000000000000554,80.00000000000031
J002208,2023-02-03/WTNM,WTNM,AMR_35,G15_12,WS_8_20,"[""101155""]",1,17669.09999988313,18011.84999987814,17918.749999879496,17669.09999988313,17715.399999882455,17719.449999882396,17908.649999879643,17908.699999879642,17918.699999879496,17918.749999879496,18007.7999998782,18011.84999987814,18.100000000000122,128.99999999999508,23.000000000000192,0,172.40000000000495,0.25,0,16.0,108.00000000000108
J002209,2023-02-03/WSBJ,WSBJ,AMR_02,G20_12,WS_30_20,"[""101097""]",2,17683.949999882912,17800.449999881217,17752.09999988192,17683.949999882912,17683.949999882912,17687.999999882853,17741.999999882068,17742.049999882067,17752.04999988192,17752.09999988192,17796.399999881276,17800.449999881217,18.100000000000122,81.49999999999751,11.400000000000027,0,5.299999999999989,0.2,0,0.0,88.00000000000026
J002210,2023-02-03/WTNM,WTNM,AMR_25,G17_14,WS_8_20,"[""134027""]",1,17685.049999882896,17980.499999878597,17795.149999881294,17685.049999882896,17714.44999988247,17718.49999988241,17785.04999988144,17785.09999988144,17795.099999881295,17795.149999881294,17976.449999878656,17980.499999878597,18.100000000000122,136.0999999999967,24.95000000000022,0,116.04999999999555,0.25,0,22.0,108.00000000000114
J002211,2023-02-03/WGMS,WGMS,AMR_20,G12_2,WS_13_20,"[""110595"", ""124704""]",2,17698.949999882694,17970.64999987874,17813.499999881027,17698.949999882694,17714.499999882468,17718.54999988241,17803.399999881174,17803.449999881173,17813.449999881028,17813.499999881027,17966.5999998788,17970.64999987874,18.100000000000122,120.69999999999528,14.350000000000069,0,118.29999999999542,0.25,0,10.0,128.00000000000267
J002212,2023-02-03/WSBJ,WSBJ,AMR_39,G17_15,WS_30_20,"[""112334""]",1,17700.999999882664,17935.899999879246,17898.39999987979,17700.999999882664,17741.449999882076,17745.499999882017,17888.29999987994,17888.349999879938,17898.349999879792,17898.39999987979,17931.849999879305,17935.899999879246,18.100000000000122,104.5499999999962,14.350000000000069,0,97.6499999999966,0.25,0,16.0,100.00000000000027
J002213,2023-02-03/TMCO,TMCO,AMR_29,G9_13,WS_25_20,"[""112307""]",1,17701.099999882663,17961.599999878872,17812.149999881047,17701.099999882663,17701.099999882663,17705.149999882604,17802.049999881194,17802.099999881193,17812.099999881048,17812.149999881047,17957.54999987893,17961.599999878872,18.100000000000122,118.5999999999954,17.20000000000011,0,106.3999999999961,0.2,0,0.0,120.00000000000034
J002214,2023-02-03/WTNM,WTNM,AMR_24,G18_15,WS_8_20,"[""110346""]",1,17713.249999882486,18035.1499998778,17942.349999879152,17713.249999882486,17739.6999998821,17743.749999882042,17932.2499998793,17932.2999998793,17942.299999879153,17942.349999879152,18031.09999987786,18035.1499998778,18.100000000000122,115.99999999999555,20.05000000000015,0,167.50000000000384,0.25,0,26.0,92.00000000000065
J002215,2023-02-03/WGMS,WGMS,AMR_09,G18_14,WS_13_20,"[""101332""]",1,17715.849999882448,18030.749999877866,17944.249999879125,17715.849999882448,17866.549999880255,17870.599999880196,17934.14999987927,17934.19999987927,17944.199999879125,17944.249999879125,18026.699999877925,18030.749999877866,18.100000000000122,156.3000000000013,24.95000000000022,0,115.29999999999559,0.25,0,114.00000000000276,56.00000000000006
J002216,2023-02-03/WSBJ,WSBJ,AMR_01,G17_13,WS_30_20,"[""112284""]",1,17718.049999882416,17960.649999878886,17915.449999879544,17718.049999882416,17799.149999881236,17803.199999881177,17905.34999987969,17905.39999987969,17915.399999879544,17915.449999879544,17956.599999878945,17960.649999878886,18.100000000000122,128.1999999999949,20.05000000000015,0,75.99999999999783,0.25,0,38.00000000000004,96.00000000000023
J002217,2023-02-03/WTNM,WTNM,AMR_22,G17_12,WS_8_20,"[""125639""]",1,17729.049999882256,18193.049999875504,18129.99999987642,17729.049999882256,17744.849999882026,17748.899999881967,18119.89999987657,18119.949999876568,18129.949999876422,18129.99999987642,18188.999999875563,18193.049999875504,18.100000000000122,208.10000000001307,30.6500000000003,0,206.9000000000128,0.25,0,8.0,219.99999999999682
J002218,2023-02-03/WGMS,WGMS,AMR_21,G18_13,WS_13_20,"[""107034""]",1,17732.8999998822,18201.049999875388,18163.499999875934,17732.8999998822,18047.899999877616,18051.949999877557,18153.39999987608,18153.44999987608,18163.449999875935,18163.499999875934,18196.999999875447,18201.049999875388,18.100000000000122,117.89999999999544,23.950000000000205,0,307.95000000003574,0.25,0,52.000000000000185,60.000000000000426
J002219,2023-02-03/WSBJ,WSBJ,AMR_06,G14_14,WS_30_20,"[""123272""]",1,17735.099999882168,18057.34999987748,17966.5999998788,17735.099999882168,17757.64999988184,17761.69999988178,17956.499999878946,17956.549999878946,17966.5499998788,17966.5999998788,18053.299999877538,18057.34999987748,18.100000000000122,124.0499999999951,17.20000000000011,0,162.65000000000273,0.25,0,20.0,116.00000000000043
J002220,2023-02-03/WTNM,WTNM,AMR_07,G14_12,WS_8_20,"[""110232""]",1,17744.999999882024,17980.799999878593,17902.799999879728,17744.999999882024,17744.999999882024,17749.049999881965,17892.699999879875,17892.749999879874,17902.74999987973,17902.799999879728,17976.74999987865,17980.799999878593,18.100000000000122,73.34999999999798,10.500000000000014,0,133.64999999999614,0.2,0,0.0,68.0000000000004
J002221,2023-02-03/WSBJ,WSBJ,AMR_10,G15_9,WS_30_20,"[""107457""]",1,17752.14999988192,18022.94999987798,17932.499999879296,17752.14999988192,17785.499999881435,17789.549999881376,17922.399999879442,17922.44999987944,17932.449999879296,17932.499999879296,18018.89999987804,18022.94999987798,18.100000000000122,150.24999999999991,17.20000000000011,0,84.99999999999731,0.25,0,24.0,143.99999999999972
J002222,2023-02-03/WGMS,WGMS,AMR_08,G21_14,WS_13_20,"[""110533""]",1,17755.749999881868,17941.69999987916,17830.249999880783,17755.749999881868,17779.74999988152,17783.79999988146,17820.14999988093,17820.19999988093,17830.199999880784,17830.249999880783,17937.64999987922,17941.69999987916,18.100000000000122,83.09999999999742,14.300000000000068,0,70.19999999999816,0.25,0,16.0,68.00000000000037
J002223,2023-02-03/WTNM,WTNM,AMR_40,G8_6,WS_8_20,"[""110448""]",1,17760.949999881792,17926.64999987938,17886.94999987996,17760.949999881792,17788.749999881387,17792.79999988133,17876.849999880105,17876.899999880105,17886.89999987996,17886.94999987996,17922.59999987944,17926.64999987938,18.100000000000122,90.649999999997,15.300000000000082,0,41.399999999999785,0.25,0,20.000000000000007,76.00000000000088
J002224,2023-02-03/WSBJ,WSBJ,AMR_27,G17_6,WS_30_20,"[""112312""]",1,17769.199999881672,18050.849999877573,17949.549999879047,17769.199999881672,17847.59999988053,17851.649999880472,17939.449999879194,17939.499999879194,17949.499999879048,17949.549999879047,18046.799999877632,18050.849999877573,18.100000000000122,178.3500000000063,21.050000000000164,0,63.899999999998506,0.25,0,78.00000000000125,136.00000000000105
J002225,2023-02-03/WGMS,WGMS,AMR_30,G3_15,WS_13_20,"[""110222""]",1,17773.049999881616,18163.449999875935,18129.39999987643,17773.049999881616,17773.049999881616,17777.099999881557,18119.299999876577,18119.349999876576,18129.34999987643,18129.39999987643,18159.399999875994,18163.449999875935,18.100000000000122,119.24999999999537,17.25000000000011,0,235.60000000001932,0.2,0,0.0,116.00000000000118
J002226,2023-02-03/WSBJ,WSBJ,AMR_26,G17_7,WS_30_20,"[""101189""]",1,17786.249999881424,17938.649999879206,17881.099999880043,17786.249999881424,17786.249999881424,17790.299999881365,17870.99999988019,17871.04999988019,17881.049999880044,17881.099999880043,17934.599999879265,17938.649999879206,18.100000000000122,105.54999999999615,13.350000000000055,0,15.200000000000081,0.2,0,0.0,120.00000000000071
J002227,2023-02-03/WTNM,WTNM,AMR_12,G18_9,WS_8_20,"[""112292""]",1,17795.199999881293,18143.09999987623,18081.89999987712,17795.199999881293,17826.699999880835,17830.749999880776,18071.79999987727,18071.849999877268,18081.849999877122,18081.89999987712,18139.04999987629,18143.09999987623,18.100000000000122,180.00000000000668,22.95000000000019,0,126.59999999999495,0.25,0,26.0,175.99999999999798
J002228,2023-02-03/TMDY,TMDY,AMR_05,G3_12,WS_25_20,"[""104397"", ""110220""]",3,17812.199999881046,18153.949999876073,17996.299999878367,17812.199999881046,17826.699999880835,17830.749999880776,17986.199999878514,17986.249999878513,17996.249999878368,17996.299999878367,18149.899999876132,18153.949999876073,18.100000000000122,139.6499999999975,19.100000000000136,0,164.6500000000032,0.25,0,8.0,132.00000000000068
J002229,2023-02-03/TMDY,TMDY,AMR_02,G23_13,WS_25_20,"[""111371""]",1,17812.199999881046,17910.049999879622,17879.89999988006,17812.199999881046,17831.79999988076,17835.849999880702,17869.799999880208,17869.849999880207,17879.84999988006,17879.89999988006,17905.99999987968,17910.049999879622,18.100000000000122,63.79999999999851,14.350000000000069,0,1.3500000000000005,0.25,0,12.0,52.00000000000021
J002230,2023-02-03/TMDY,TMDY,AMR_32,G14_9,WS_25_20,"[""124008""]",1,17812.199999881046,18115.999999876625,17980.3499998786,17812.199999881046,17863.249999880303,17867.299999880244,17970.249999878746,17970.299999878745,17980.2999998786,17980.3499998786,18111.949999876684,18115.999999876625,18.100000000000122,146.79999999999913,21.050000000000164,0,117.59999999999546,0.25,0,26.0,132.00000000000136
J002231,2023-02-03/TMDY,TMDY,AMR_16,G15_8,WS_25_20,"[""117415""]",1,17812.199999881046,18031.299999877858,17964.49999987883,17812.199999881046,17883.249999880012,17887.299999879953,17954.399999878977,17954.449999878976,17964.44999987883,17964.49999987883,18027.249999877917,18031.299999877858,18.100000000000122,152.60000000000045,19.100000000000136,0,29.050000000000278,0.25,0,60.00000000000074,116.00000000000131
J002232,2023-02-03/WGMS,WGMS,AMR_36,G8_7,WS_13_20,"[""110484""]",1,17813.549999881026,18050.049999877585,18000.399999878307,17813.549999881026,17857.24999988039,17861.29999988033,17990.299999878454,17990.349999878454,18000.349999878308,18000.399999878307,18045.999999877644,18050.049999877585,18.100000000000122,137.64999999999705,21.050000000000164,0,59.44999999999876,0.25,0,44.0000000000002,96.00000000000114
J002233,2023-02-03/WGMS,WGMS,AMR_33,G15_15,WS_13_20,"[""123094""]",1,17830.299999880783,17946.69999987909,17915.449999879544,17830.299999880783,17830.299999880783,17834.349999880724,17905.34999987969,17905.39999987969,17915.399999879544,17915.449999879544,17942.649999879148,17946.69999987909,18.100000000000122,34.65000000000017,5.749999999999988,0,57.69999999999886,0.2,0,0.0,32.0
J002234,2023-02-03/WSBJ,WSBJ,AMR_14,G21_10,WS_30_20,"[""110311""]",1,17881.149999880043,18029.899999877878,17983.64999987855,17881.149999880043,17881.149999880043,17885.199999879984,17973.549999878698,17973.599999878697,17983.599999878552,17983.64999987855,18025.849999877937,18029.899999877878,18.100000000000122,78.59999999999768,12.400000000000041,0,39.449999999999896,0.2,0,0.0,84.0000000000004
J002235,2023-02-03/WTNM,WTNM,AMR_23,G20_12,WS_8_20,"[""101097"", ""111246""]",2,17886.999999879958,18013.649999878115,17958.34999987892,17886.999999879958,17889.949999879915,17893.999999879856,17948.249999879066,17948.299999879066,17958.29999987892,17958.34999987892,18009.599999878174,18013.649999878115,18.100000000000122,88.6499999999971,9.5,0,10.15000000000001,0.25,0,2.0,92.00000000000105
J002236,2023-02-03/WSBJ,WSBJ,AMR_34,G15_7,WS_30_20,"[""124899""]",1,17898.44999987979,18134.649999876354,18000.449999878307,17898.44999987979,17913.449999879573,17917.499999879514,17990.349999878454,17990.399999878453,18000.399999878307,18000.449999878307,18130.599999876413,18134.649999876354,18.100000000000122,128.04999999999487,14.300000000000068,0,75.49999999999785,0.25,0,10.0,136.00000000000074
J002237,2023-02-03/WTNM,WTNM,AMR_38,G15_14,WS_8_20,"[""107412""]",1,17902.849999879727,18077.049999877192,17974.04999987869,17902.849999879727,17902.849999879727,17906.899999879668,17963.949999878838,17963.999999878837,17973.99999987869,17974.04999987869,18072.99999987725,18077.049999877192,18.100000000000122,70.54999999999814,9.55,0,75.79999999999784,0.2,0,0.0,68.00000000000034
J002238,2023-02-03/WGMS,WGMS,AMR_18,G14_13,WS_13_20,"[""110418""]",1,17915.499999879543,18088.599999877024,18059.149999877453,17915.499999879543,17915.499999879543,17919.549999879484,18049.0499998776,18049.0999998776,18059.099999877453,18059.149999877453,18084.549999877083,18088.599999877024,18.100000000000122,48.1499999999994,9.55,0,97.09999999999663,0.2,0,0.0,44.00000000000013
J002239,2023-02-03/WSBJ,WSBJ,AMR_13,G14_8,WS_30_20,"[""110528""]",1,17915.499999879543,18215.149999875182,18158.899999876,17915.499999879543,18067.49999987733,18071.549999877272,18148.799999876148,18148.849999876147,18158.849999876,18158.899999876,18211.09999987524,18215.149999875182,18.100000000000122,202.1000000000117,26.750000000000245,0,52.44999999999916,0.25,0,84.00000000000091,147.99999999999903
J002240,2023-02-03/WTNM,WTNM,AMR_17,G17_8,WS_8_20,"[""101221""]",1,17918.799999879495,18144.899999876205,18026.699999877925,17918.799999879495,17946.299999879095,17950.349999879036,18016.59999987807,18016.64999987807,18026.649999877925,18026.699999877925,18140.849999876264,18144.899999876205,18.100000000000122,111.24999999999582,17.25000000000011,0,79.24999999999764,0.25,0,14.0,96.00000000000082
J002241,2023-02-03/WSBJ,WSBJ,AMR_19,G14_7,WS_30_20,"[""124826""]",1,17932.549999879295,18125.24999987649,18059.449999877448,17932.549999879295,17967.049999878793,17971.099999878734,18049.349999877595,18049.399999877594,18059.39999987745,18059.449999877448,18121.19999987655,18125.24999987649,18.100000000000122,150.44999999999996,19.100000000000136,0,4.799999999999991,0.25,0,30.000000000000007,147.99999999999966
J002242,2023-02-03/TMDY,TMDY,AMR_08,G21_14,WS_25_20,"[""112286""]",1,17941.74999987916,18041.34999987771,18012.249999878135,17941.74999987916,17941.74999987916,17945.799999879102,18002.149999878282,18002.19999987828,18012.199999878136,18012.249999878135,18037.29999987777,18041.34999987771,18.100000000000122,49.9999999999993,9.55,0,21.750000000000174,0.2,0,0.0,48.000000000000114
J002243,2023-02-03/WGMS,WGMS,AMR_26,G17_10,WS_13_20,"[""110575""]",1,17944.299999879124,18124.149999876507,18018.549999878043,17944.299999879124,17960.099999878894,17964.149999878835,18008.44999987819,18008.49999987819,18018.499999878044,18018.549999878043,18120.099999876566,18124.149999876507,18.100000000000122,71.2499999999981,15.300000000000082,0,74.94999999999789,0.25,0,10.0,60.000000000000455
J002244,2023-02-03/WSBJ,WSBJ,AMR_33,G15_5,WS_30_20,"[""122643""]",1,17949.599999879047,18167.99999987587,18102.04999987683,17949.599999879047,18013.749999878113,18017.799999878054,18091.949999876975,18091.999999876974,18101.99999987683,18102.04999987683,18163.949999875927,18167.99999987587,18.100000000000122,163.70000000000297,20.05000000000015,0,16.300000000000097,0.25,0,52.000000000000256,143.9999999999995
J002245,2023-02-03/WGMS,WGMS,AMR_04,G8_14,WS_13_20,"[""110109"", ""135096""]",2,17961.14999987888,18156.29999987604,18098.349999876882,17961.14999987888,17961.14999987888,17965.19999987882,18088.24999987703,18088.29999987703,18098.299999876883,18098.349999876882,18152.249999876098,18156.29999987604,18.100000000000122,66.09999999999839,9.55,0,101.1999999999964,0.2,0,0.0,60.00000000000047
J002246,2023-02-03/WSBJ,WSBJ,AMR_29,G9_14,WS_30_20,"[""111223""]",1,17966.6499998788,18252.699999874636,18194.949999875476,17966.6499998788,17970.64999987874,17974.69999987868,18184.849999875623,18184.899999875623,18194.899999875477,18194.949999875476,18248.649999874695,18252.699999874636,18.100000000000122,129.0499999999951,15.250000000000082,0,123.39999999999513,0.25,0,2.0,143.9999999999991
J002247,2023-02-03/WSBJ,WSBJ,AMR_07,G14_12,WS_30_20,"[""110316"", ""124210""]",2,17983.69999987855,18156.09999987604,18076.5999998772,17983.69999987855,17983.69999987855,17987.74999987849,18066.499999877346,18066.549999877345,18076.5499998772,18076.5999998772,18152.0499998761,18156.09999987604,18.100000000000122,96.34999999999667,12.400000000000041,0,45.34999999999956,0.2,0,0.0,112.0000000000008
J002248,2023-02-03/WGMS,WGMS,AMR_39,G9_13,WS_13_20,"[""112377""]",1,18000.449999878307,18177.54999987573,18146.449999876182,18000.449999878307,18049.499999877593,18053.549999877534,18136.34999987633,18136.39999987633,18146.399999876183,18146.449999876182,18173.49999987579,18177.54999987573,18.100000000000122,81.24999999999753,14.300000000000068,0,63.199999999998546,0.25,0,28.0,52.000000000000256
J002249,2023-02-03/WSBJ,WSBJ,AMR_20,G11_8,WS_30_20,"[""111247""]",1,18000.499999878306,18184.149999875634,18118.949999876582,18000.499999878306,18024.94999987795,18028.99999987789,18108.84999987673,18108.89999987673,18118.899999876583,18118.949999876582,18180.099999875692,18184.149999875634,18.100000000000122,134.3999999999963,18.150000000000123,0,12.750000000000046,0.25,0,18.0,140.0000000000004
J002250,2023-02-03/WTNM,WTNM,AMR_28,G11_10,WS_8_20,"[""101147""]",2,18005.499999878233,18086.449999877055,18045.149999877656,18005.499999878233,18005.499999878233,18009.549999878174,18035.049999877803,18035.099999877802,18045.099999877657,18045.149999877656,18082.399999877114,18086.449999877055,18.100000000000122,53.94999999999907,7.599999999999981,0,1.1000000000000003,0.2,0,0.0,60.00000000000051
J002251,2023-02-03/WGMS,WGMS,AMR_35,G15_12,WS_13_20,"[""101155""]",1,18018.599999878043,18147.99999987616,18075.549999877214,18018.599999878043,18018.599999878043,18022.649999877984,18065.44999987736,18065.49999987736,18075.499999877215,18075.549999877214,18143.94999987622,18147.99999987616,18.100000000000122,60.4499999999987,11.450000000000028,0,39.19999999999991,0.2,0,0.0,56.00000000000027
J002252,2023-02-03/WTNM,WTNM,AMR_08,G21_14,WS_8_20,"[""110533""]",1,18041.39999987771,18230.299999874962,18151.249999876112,18041.39999987771,18041.39999987771,18045.449999877652,18141.14999987626,18141.19999987626,18151.199999876113,18151.249999876112,18226.24999987502,18230.299999874962,18.100000000000122,91.64999999999694,11.450000000000028,0,67.49999999999831,0.2,0,0.0,96.00000000000054
J002253,2023-02-03/WGMS,WGMS,AMR_23,G20_12,WS_13_20,"[""101097""]",1,18059.19999987745,18232.699999874927,18180.549999875686,18059.19999987745,18059.19999987745,18063.249999877393,18170.449999875833,18170.499999875832,18180.499999875687,18180.549999875686,18228.649999874986,18232.699999874927,18.100000000000122,72.54999999999802,11.450000000000028,0,71.1999999999981,0.2,0,0.0,68.00000000000051
J002254,2023-02-03/WSBJ,WSBJ,AMR_40,G11_6,WS_30_20,"[""134500""]",1,18059.499999877447,18279.749999874242,18211.89999987523,18059.499999877447,18088.999999877018,18093.04999987696,18201.799999875377,18201.849999875376,18211.84999987523,18211.89999987523,18275.6999998743,18279.749999874242,18.100000000000122,169.1000000000042,21.050000000000164,0,11.750000000000032,0.25,0,22.00000000000002,183.99999999999415
J002255,2023-02-03/WGMS,WGMS,AMR_15,G23_15,WS_13_20,"[""112372""]",1,18075.599999877213,18233.649999874913,18197.599999875438,18075.599999877213,18075.599999877213,18079.649999877154,18187.499999875585,18187.549999875584,18197.54999987544,18197.599999875438,18229.599999874972,18233.649999874913,18.100000000000122,63.49999999999853,8.599999999999987,0,67.6499999999983,0.2,0,0.0,64.0000000000003
J002256,2023-02-03/WSBJ,WSBJ,AMR_27,G14_2,WS_30_20,"[""112444""]",1,18076.649999877198,18314.749999873733,18245.999999874733,18076.649999877198,18160.099999875983,18164.149999875925,18235.89999987488,18235.94999987488,18245.949999874734,18245.999999874733,18310.699999873792,18314.749999873733,18.100000000000122,166.25000000000355,23.950000000000205,0,29.550000000000285,0.25,0,50.0000000000004,144.00000000000006
J002257,2023-02-03/WGMS,WGMS,AMR_37,G3_14,WS_13_20,"[""115355""]",1,18098.39999987688,18269.49999987439,18231.69999987494,18098.39999987688,18117.299999876606,18121.349999876547,18221.59999987509,18221.649999875088,18231.649999874942,18231.69999987494,18265.44999987445,18269.49999987439,18.100000000000122,82.44999999999746,13.400000000000055,0,56.899999999998904,0.25,0,14.0,72.00000000000075
J002258,2023-02-03/WSBJ,WSBJ,AMR_36,G6_14,WS_30_20,"[""111326""]",1,18102.099999876827,18284.999999874166,18228.94999987498,18102.099999876827,18123.24999987652,18127.29999987646,18218.84999987513,18218.899999875128,18228.899999874982,18228.94999987498,18280.949999874225,18284.999999874166,18.100000000000122,122.44999999999519,15.300000000000082,0,26.800000000000246,0.25,0,17.999999999999986,128.00000000000085
J002259,2023-02-03/WSBJ,WSBJ,AMR_31,G5_13,WS_30_20,"[""129531""]",1,18118.99999987658,18358.649999873094,18263.049999874485,18118.99999987658,18141.549999876253,18145.599999876194,18252.949999874632,18252.99999987463,18262.999999874486,18263.049999874485,18354.599999873153,18358.649999873094,18.100000000000122,172.35000000000494,21.000000000000163,0,27.950000000000262,0.25,0,19.999999999999986,187.99999999999434
J002260,2023-02-03/WGMS,WGMS,AMR_14,G21_10,WS_13_20,"[""110190""]",1,18129.44999987643,18301.349999873928,18214.64999987519,18129.44999987643,18129.44999987643,18133.49999987637,18204.549999875337,18204.599999875336,18214.59999987519,18214.64999987519,18297.299999873987,18301.349999873928,18.100000000000122,77.44999999999774,10.500000000000014,0,65.64999999999841,0.2,0,0.0,80.00000000000026
J002261,2023-02-03/WGMS,WGMS,AMR_17,G17_7,WS_13_20,"[""110600""]",1,18146.49999987618,18290.499999874086,18248.749999874693,18146.49999987618,18150.499999876123,18154.549999876064,18238.64999987484,18238.69999987484,18248.699999874694,18248.749999874693,18286.449999874145,18290.499999874086,18.100000000000122,70.39999999999814,9.5,0,45.74999999999954,0.25,0,2.0,72.00000000000094
J002262,2023-02-03/WSBJ,WSBJ,AMR_05,G3_13,WS_30_20,"[""107103""]",1,18158.949999876,18351.849999873193,18280.099999874237,18158.949999876,18163.14999987594,18167.19999987588,18269.999999874384,18270.049999874384,18280.049999874238,18280.099999874237,18347.799999873252,18351.849999873193,18.100000000000122,126.79999999999494,11.400000000000027,0,36.35000000000007,0.25,0,2.0,151.99999999999824
J002263,2023-02-03/WGMS,WGMS,AMR_30,G3_10,WS_13_20,"[""111997""]",1,18163.549999875933,18316.44999987371,18265.799999874445,18163.549999875933,18181.199999875676,18185.249999875618,18255.699999874592,18255.74999987459,18265.749999874446,18265.799999874445,18312.399999873767,18316.44999987371,18.100000000000122,97.14999999999662,14.250000000000068,0,23.150000000000194,0.25,0,14.0,92.00000000000124
J002264,2023-02-03/WSBJ,WSBJ,AMR_04,G2_15,WS_30_20,"[""107144""]",1,18194.999999875476,18384.699999872715,18327.099999873553,18194.999999875476,18221.49999987509,18225.54999987503,18316.9999998737,18317.0499998737,18327.049999873554,18327.099999873553,18380.649999872774,18384.699999872715,18.100000000000122,130.89999999999552,14.350000000000069,0,26.100000000000236,0.25,0,21.999999999999986,139.99999999999972
J002265,2023-02-03/WSBJ,WSBJ,AMR_28,G2_13,WS_30_20,"[""107105""]",1,18211.94999987523,18419.849999872204,18344.4499998733,18211.94999987523,18242.19999987479,18246.24999987473,18334.349999873448,18334.399999873447,18344.3999998733,18344.4499998733,18415.799999872263,18419.849999872204,18.100000000000122,156.70000000000138,16.250000000000096,0,16.6000000000001,0.25,0,27.99999999999995,163.99999999999642
