job_id,task_id,store_id,robot,rack_id,workstation,covered_skus,covered_lines,dispatch_time_s,completion_time_s,station_release_time_s,to_pickup_time_s,pickup_wait_time_s,to_dropoff_entry_time_s,to_workstation_time_s,dropoff_wait_time_s,to_ingestor_exit_time_s,to_return_time_s,return_wait_time_s,idle_time_s,handling_service_seconds,translation_seconds,rotation_seconds,safety_blocking_seconds,reservation_path_wait_seconds,other_active_wait_seconds,idle_seconds,empty_distance_m,loaded_distance_m
J000001,2023-01-03/AMPP,AMPP,AMR_03,G33_13,WS_13_20,"[""112432"", ""124208""]",3,0.05,314.95000000003733,180.1500000000067,0.05,34.65000000000017,38.69999999999994,170.05000000000442,170.10000000000443,180.1000000000067,180.1500000000067,310.9000000000364,314.95000000003733,18.100000000000122,182.60000000000727,20.950000000000163,0,92.99999999999686,0.25,0,36.00000000000003,163.99999999999667
J000002,2023-01-03/BDBU,BDBU,AMR_39,G14_14,WS_19_20,"[""110603"", ""132437""]",2,0.05,407.0500000000583,355.95000000004666,0.05,4.94999999999999,8.999999999999993,345.85000000004436,345.9000000000444,355.90000000004665,355.95000000004666,403.00000000005736,407.0500000000583,18.100000000000122,124.29999999999508,19.050000000000136,0,245.30000000002153,0.25,0,4.0,112.0000000000012
J000003,2023-01-03/APUR,APUR,AMR_40,G24_15,WS_25_20,"[""112432""]",1,0.05,91.09999999999697,67.49999999999831,0.05,26.850000000000247,30.900000000000304,57.399999999998876,57.44999999999887,67.44999999999831,67.49999999999831,87.0499999999972,91.09999999999697,18.100000000000122,60.049999999998725,10.450000000000014,0,2.2,0.25,0,28.0,36.0
J000004,2023-01-03/BDPP,BDPP,AMR_10,G2_12,WS_2_20,"[""110153""]",1,0.05,88.7999999999971,64.0999999999985,0.05,4.749999999999991,8.79999999999999,53.99999999999907,54.049999999999066,64.0499999999985,64.0999999999985,84.74999999999733,88.7999999999971,18.100000000000122,49.44999999999933,5.699999999999988,0,15.250000000000082,0.25,0,4.0,48.000000000000284
J000005,2023-01-03/BDRW,BDRW,AMR_27,G30_15,WS_30_20,"[""125179""]",1,0.05,222.3000000000163,199.25000000001106,0.05,160.05000000000214,164.10000000000306,189.15000000000876,189.20000000000877,199.20000000001104,199.25000000001106,218.25000000001538,222.3000000000163,18.100000000000122,125.39999999999502,25.70000000000023,0,52.79999999999914,0.25,0,94.00000000000054,32.0
J000006,2023-01-03/BKIN,BKIN,AMR_36,G14_10,WS_8_20,"[""101276""]",1,0.05,229.00000000001782,175.2000000000056,0.05,4.94999999999999,8.999999999999993,165.1000000000033,165.1500000000033,175.15000000000558,175.2000000000056,224.9500000000169,229.00000000001782,18.100000000000122,105.04999999999617,18.150000000000123,0,87.39999999999718,0.25,0,4.0,100.00000000000088
J000007,2023-01-03/AMPP,AMPP,AMR_01,G17_14,WS_13_20,"[""140079""]",1,0.05,150.95000000000007,64.0999999999985,0.05,17.600000000000115,21.650000000000173,53.99999999999907,54.049999999999066,64.0499999999985,64.0999999999985,146.89999999999915,150.95000000000007,18.100000000000122,61.69999999999863,13.400000000000055,0,57.44999999999887,0.25,0,12.0,44.000000000000256
J000008,2023-01-03/BDBU,BDBU,AMR_02,G35_8,WS_19_20,"[""101067"", ""101202""]",2,0.05,215.55000000001476,141.64999999999796,0.05,56.64999999999892,60.69999999999869,131.54999999999566,131.59999999999567,141.59999999999795,141.64999999999796,211.50000000001384,215.55000000001476,18.100000000000122,139.44999999999746,17.15000000000011,0,40.549999999999834,0.25,0,42.00000000000013,116.00000000000038
J000009,2023-01-03/APUR,APUR,AMR_04,G32_12,WS_25_20,"[""121833""]",1,0.05,153.3000000000006,98.14999999999657,0.05,40.64999999999983,44.6999999999996,88.04999999999714,88.09999999999714,98.09999999999657,98.14999999999657,149.2499999999997,153.3000000000006,18.100000000000122,92.2499999999969,11.400000000000027,0,31.25000000000031,0.25,0,34.0,68.00000000000026
J000010,2023-01-03/BDPP,BDPP,AMR_09,G3_12,WS_2_20,"[""107398""]",1,0.05,101.0999999999964,46.849999999999476,0.05,9.800000000000004,13.850000000000062,36.75000000000005,36.80000000000005,46.79999999999948,46.849999999999476,97.04999999999663,101.0999999999964,18.100000000000122,53.549999999999095,7.599999999999981,0,21.55000000000017,0.25,0,8.0,48.00000000000024
J000011,2023-01-03/BDRW,BDRW,AMR_38,G29_15,WS_30_20,"[""112287""]",1,0.05,95.29999999999673,78.1499999999977,0.05,39.649999999999885,43.699999999999655,68.04999999999828,68.09999999999827,78.0999999999977,78.1499999999977,91.24999999999696,95.29999999999673,18.100000000000122,64.84999999999846,8.599999999999987,0,3.4499999999999957,0.25,0,42.0,32.0
J000012,2023-01-03/BKIN,BKIN,AMR_05,G20_13,WS_8_20,"[""110473""]",1,0.05,392.95000000005507,304.45000000003495,0.05,17.600000000000115,21.650000000000173,294.35000000003265,294.40000000003266,304.40000000003494,304.45000000003495,388.90000000005415,392.95000000005507,18.100000000000122,134.89999999999642,24.90000000000022,0,214.75000000001458,0.25,0,12.0,108.00000000000043
J000013,2023-01-03/AMPP,AMPP,AMR_37,G12_12,WS_13_20,"[""107328""]",1,0.05,126.84999999999494,47.24999999999945,0.05,0.05,4.099999999999993,37.15000000000003,37.200000000000024,47.199999999999456,47.24999999999945,122.79999999999517,126.84999999999494,18.100000000000122,50.94999999999924,7.599999999999981,0,49.9499999999993,0.2,0,0.0,48.00000000000023
J000014,2023-01-03/BDBU,BDBU,AMR_23,G27_12,WS_19_20,"[""109843""]",1,0.05,175.7500000000057,124.79999999999505,0.05,53.549999999999095,57.599999999998865,114.69999999999563,114.74999999999562,124.74999999999505,124.79999999999505,171.7000000000048,175.7500000000057,18.100000000000122,102.99999999999629,14.300000000000068,0,40.04999999999986,0.25,0,36.0,76.00000000000028
J000015,2023-01-03/APUR,APUR,AMR_24,G29_8,WS_25_20,"[""110569""]",1,0.05,223.40000000001655,164.3000000000031,0.05,111.39999999999581,115.44999999999558,154.2000000000008,154.25000000000082,164.2500000000031,164.3000000000031,219.35000000001563,223.40000000001655,18.100000000000122,134.44999999999632,19.050000000000136,0,51.49999999999921,0.25,0,80.0000000000006,72.00000000000045
J000016,2023-01-03/BDPP,BDPP,AMR_20,G0_8,WS_2_20,"[""117427""]",1,0.05,121.89999999999522,81.14999999999753,0.05,0.05,4.099999999999993,71.04999999999811,71.0999999999981,81.09999999999754,81.14999999999753,117.84999999999545,121.89999999999522,18.100000000000122,60.09999999999872,5.699999999999988,0,37.74999999999999,0.2,0,0.0,64.00000000000057
J000017,2023-01-03/BDRW,BDRW,AMR_25,G27_10,WS_30_20,"[""110310""]",1,0.05,162.0000000000026,120.89999999999527,0.05,66.19999999999838,70.24999999999815,110.79999999999585,110.84999999999584,120.84999999999528,120.89999999999527,157.95000000000167,162.0000000000026,18.100000000000122,101.44999999999638,16.200000000000095,0,25.950000000000234,0.25,0,42.0,68.0000000000004
J000018,2023-01-03/BKIN,BKIN,AMR_15,G8_5,WS_8_20,"[""114748""]",1,0.05,127.99999999999487,76.94999999999777,0.05,20.550000000000157,24.600000000000215,66.84999999999835,66.89999999999834,76.89999999999777,76.94999999999777,123.9499999999951,127.99999999999487,18.100000000000122,90.69999999999699,11.450000000000028,0,7.4499999999999815,0.25,0,20.000000000000007,80.00000000000054
J000019,2023-01-03/AMPP,AMPP,AMR_34,G17_13,WS_13_20,"[""110342""]",2,0.05,158.40000000000177,81.14999999999753,0.05,35.35000000000013,39.3999999999999,71.04999999999811,71.0999999999981,81.09999999999754,81.14999999999753,154.35000000000085,158.40000000000177,18.100000000000122,78.59999999999768,15.300000000000082,0,46.09999999999952,0.25,0,24.0,48.00000000000023
J000020,2023-01-03/BDBU,BDBU,AMR_35,G14_9,WS_19_20,"[""110227""]",1,0.05,277.4000000000288,162.1000000000026,0.05,20.900000000000162,24.95000000000022,152.0000000000003,152.05000000000032,162.0500000000026,162.1000000000026,273.3500000000279,277.4000000000288,18.100000000000122,113.24999999999571,17.25000000000011,0,128.49999999999497,0.25,0,20.0,100.00000000000088
J000021,2023-01-03/APUR,APUR,AMR_28,G29_7,WS_25_20,"[""110322""]",1,0.05,178.85000000000642,130.09999999999533,0.05,44.09999999999963,48.1499999999994,119.99999999999532,120.04999999999532,130.04999999999532,130.09999999999533,174.8000000000055,178.85000000000642,18.100000000000122,110.14999999999588,15.250000000000082,0,35.050000000000146,0.25,0,46.000000000000206,76.00000000000054
J000022,2023-01-03/BDPP,BDPP,AMR_26,G20_14,WS_2_20,"[""112007""]",1,0.05,385.1000000000533,285.20000000003057,0.05,105.74999999999613,109.7999999999959,275.1000000000283,275.1500000000283,285.15000000003056,285.20000000003057,381.05000000005236,385.1000000000533,18.100000000000122,181.50000000000702,30.5000000000003,0,154.70000000000093,0.25,0,62.000000000000526,112.00000000000111
J000023,2023-01-03/BDRW,BDRW,AMR_33,G38_13,WS_30_20,"[""110178""]",1,0.05,204.60000000001227,166.0500000000035,0.05,117.49999999999547,121.54999999999524,155.9500000000012,156.00000000000122,166.0000000000035,166.0500000000035,200.55000000001135,204.60000000001227,18.100000000000122,136.29999999999674,19.150000000000137,0,30.750000000000302,0.25,0,96.00000000000061,64.00000000000013
J000024,2023-01-03/BKIN,BKIN,AMR_13,G23_15,WS_8_20,"[""101256""]",1,0.05,331.6000000000411,159.0000000000019,0.05,81.04999999999754,85.09999999999731,148.8999999999996,148.94999999999962,158.9500000000019,159.0000000000019,327.5500000000402,331.6000000000411,18.100000000000122,153.80000000000072,18.05000000000012,0,141.3499999999979,0.25,0,54.000000000000114,112.00000000000091
J000025,2023-01-03/AMPP,AMPP,AMR_29,G18_13,WS_13_20,"[""110178""]",2,0.05,228.0000000000176,162.80000000000277,0.05,90.74999999999699,94.79999999999676,152.70000000000047,152.75000000000048,162.75000000000276,162.80000000000277,223.95000000001667,228.0000000000176,18.100000000000122,127.94999999999487,21.050000000000164,0,60.599999999998694,0.25,0,68.00000000000045,60.000000000000426
J000026,2023-01-03/BDBU,BDBU,AMR_08,G8_12,WS_19_20,"[""112010""]",1,0.05,282.90000000003005,189.90000000000893,0.05,23.900000000000205,27.950000000000262,179.80000000000663,179.85000000000664,189.85000000000892,189.90000000000893,278.8500000000291,282.90000000003005,18.100000000000122,139.29999999999742,20.950000000000163,0,104.24999999999622,0.25,0,20.000000000000007,128.00000000000125
J000027,2023-01-03/APUR,APUR,AMR_22,G26_2,WS_25_20,"[""107317""]",1,0.05,167.65000000000387,114.14999999999566,0.05,39.649999999999885,43.699999999999655,104.04999999999623,104.09999999999623,114.09999999999566,114.14999999999566,163.60000000000295,167.65000000000387,18.100000000000122,118.34999999999542,14.250000000000068,0,16.6500000000001,0.25,0,39.99999999999997,96.00000000000112
J000028,2023-01-03/BDPP,BDPP,AMR_30,G23_7,WS_2_20,"[""119945""]",1,0.05,332.3500000000413,262.5000000000254,0.05,50.29999999999928,54.34999999999905,252.40000000002314,252.45000000002315,262.4500000000254,262.5000000000254,328.30000000004037,332.3500000000413,18.100000000000122,176.20000000000582,26.700000000000244,0,111.04999999999583,0.25,0,40.00000000000019,155.99999999999883
J000029,2023-01-03/BDRW,BDRW,AMR_32,G36_10,WS_30_20,"[""107323""]",1,0.05,352.950000000046,298.30000000003355,0.05,247.10000000002194,251.15000000002286,288.20000000003125,288.25000000003126,298.25000000003354,298.30000000003355,348.90000000004505,352.950000000046,18.100000000000122,175.7500000000057,27.80000000000026,0,130.99999999999554,0.25,0,112.00000000000068,72.00000000000023
J000030,2023-01-03/BKIN,BKIN,AMR_31,G27_2,WS_8_20,"[""110569""]",1,0.05,400.5000000000568,256.90000000002414,0.05,54.69999999999903,58.7499999999988,246.80000000002187,246.85000000002188,256.8500000000241,256.90000000002414,396.45000000005587,400.5000000000568,18.100000000000122,179.2500000000065,18.150000000000123,0,184.70000000000775,0.25,0,44.0,159.99999999999764
J000031,2023-01-03/AMPP,AMPP,AMR_11,G15_10,WS_13_20,"[""101153""]",2,0.05,399.7000000000566,352.85000000004595,0.05,284.65000000003045,288.70000000003137,342.75000000004366,342.80000000004367,352.80000000004594,352.85000000004595,395.6500000000557,399.7000000000566,18.100000000000122,152.25000000000037,27.70000000000026,0,201.35000000001153,0.25,0,92.00000000000105,56.000000000000355
J000032,2023-01-03/BDBU,BDBU,AMR_21,G26_8,WS_19_20,"[""110319""]",1,0.05,266.20000000002625,219.50000000001566,0.05,119.34999999999536,123.39999999999513,209.40000000001336,209.45000000001338,219.45000000001565,219.50000000001566,262.15000000002533,266.20000000002625,18.100000000000122,149.3499999999997,17.20000000000011,0,81.24999999999753,0.25,0,86.00000000000134,80.00000000000063
J000033,2023-01-03/APUR,APUR,AMR_12,G6_13,WS_25_20,"[""124208""]",1,0.05,310.4500000000363,224.30000000001675,0.05,59.149999999998776,63.199999999998546,214.20000000001446,214.25000000001447,224.25000000001674,224.30000000001675,306.4000000000354,310.4500000000363,18.100000000000122,166.70000000000366,19.050000000000136,0,106.2999999999961,0.25,0,25.999999999999986,143.99999999999946
J000034,2023-01-03/BDRW,BDRW,AMR_06,G3_8,WS_30_20,"[""107336""]",1,0.05,428.45000000006314,317.60000000003794,0.05,24.35000000000021,28.40000000000027,307.50000000003564,307.55000000003565,317.5500000000379,317.60000000003794,424.4000000000622,428.45000000006314,18.100000000000122,205.6000000000125,24.800000000000217,0,179.6500000000066,0.25,0,25.99999999999996,203.99999999999346
J000035,2023-01-03/BKIN,BKIN,AMR_14,G38_7,WS_8_20,"[""112316""]",1,0.05,419.5000000000611,273.1000000000278,0.05,84.64999999999733,88.6999999999971,263.0000000000255,263.05000000002553,273.0500000000278,273.1000000000278,415.4500000000602,419.5000000000611,18.100000000000122,240.65000000002047,15.250000000000082,0,145.19999999999877,0.25,0,86.00000000000031,191.99999999999264
J000036,2023-01-03/BDPP,BDPP,AMR_19,G18_10,WS_2_20,"[""110391""]",1,4.849999999999991,317.75000000003797,207.90000000001302,4.849999999999991,106.04999999999612,110.09999999999589,197.80000000001073,197.85000000001074,207.850000000013,207.90000000001302,313.70000000003705,317.75000000003797,18.100000000000122,181.95000000000712,21.000000000000163,0,91.59999999999694,0.25,0,66.00000000000088,148.00000000000065
J000037,2023-01-03/AMPP,AMPP,AMR_16,G11_9,WS_13_20,"[""125639""]",1,47.29999999999945,292.4500000000322,197.2000000000106,47.29999999999945,83.3999999999974,87.44999999999717,187.1000000000083,187.1500000000083,197.15000000001058,197.2000000000106,288.4000000000313,292.4500000000322,18.100000000000122,108.84999999999596,15.250000000000082,0,102.69999999999631,0.25,0,35.999999999999986,68.0000000000004
J000038,2023-01-03/AMPP,AMPP,AMR_18,G21_12,WS_13_20,"[""110543""]",1,64.1499999999985,318.05000000003804,263.7500000000257,64.1499999999985,168.7000000000041,172.75000000000503,253.65000000002343,253.70000000002344,263.7000000000257,263.7500000000257,314.0000000000371,318.05000000003804,18.100000000000122,154.1500000000008,19.100000000000136,0,62.2999999999986,0.25,0,94.00000000000139,76.00000000000057
J000039,2023-01-03/APUR,APUR,AMR_07,G18_9,WS_25_20,"[""107381""]",1,67.5499999999983,235.85000000001938,191.20000000000923,67.5499999999983,119.24999999999537,123.29999999999514,181.10000000000693,181.15000000000694,191.15000000000921,191.20000000000923,231.80000000001846,235.85000000001938,18.100000000000122,121.94999999999521,15.250000000000082,0,12.750000000000046,0.25,0,60.00000000000067,80.00000000000045
J000040,2023-01-03/BDRW,BDRW,AMR_17,G0_15,WS_30_20,"[""110519""]",1,78.1999999999977,473.35000000007335,393.5500000000552,78.1999999999977,101.69999999999636,105.74999999999613,383.4500000000529,383.5000000000529,393.5000000000552,393.5500000000552,469.30000000007243,473.35000000007335,18.100000000000122,203.8000000000121,20.00000000000015,0,153.00000000000054,0.25,0,23.999999999999996,203.99999999999386
J000041,2023-01-03/AMPP,AMPP,AMR_10,G8_7,WS_13_20,"[""107344""]",1,88.8499999999971,417.8000000000607,335.8000000000421,88.8499999999971,114.39999999999564,118.44999999999541,325.7000000000398,325.7500000000398,335.75000000004206,335.8000000000421,413.7500000000598,417.8000000000607,18.100000000000122,138.49999999999724,22.95000000000019,0,149.14999999999966,0.25,0,22.000000000000014,120.0000000000017
J000042,2023-01-03/APUR,APUR,AMR_40,G12_10,WS_25_20,"[""100167""]",1,98.19999999999656,336.15000000004216,252.45000000002315,98.19999999999656,144.8999999999987,148.94999999999962,242.35000000002086,242.40000000002087,252.40000000002314,252.45000000002315,332.10000000004123,336.15000000004216,18.100000000000122,126.79999999999494,14.250000000000068,0,78.54999999999768,0.25,0,38.00000000000003,100.00000000000048
J000043,2023-01-03/APUR,APUR,AMR_09,G3_10,WS_25_20,"[""110561""]",1,114.19999999999565,485.050000000076,411.1500000000592,114.19999999999565,119.74999999999534,123.79999999999511,401.0500000000569,401.1000000000569,411.1000000000592,411.1500000000592,481.0000000000751,485.050000000076,18.100000000000122,206.65000000001274,21.900000000000176,0,123.9499999999951,0.25,0,4.0,219.99999999999483
J000044,2023-01-03/BDRW,BDRW,AMR_38,G2_1,WS_30_20,"[""110339""]",1,120.94999999999527,459.8500000000703,376.50000000005133,120.94999999999527,248.40000000002223,252.45000000002315,366.40000000004903,366.45000000004904,376.4500000000513,376.50000000005133,455.80000000006936,459.8500000000703,18.100000000000122,248.85000000002233,22.90000000000019,0,48.799999999999365,0.25,0,110.00000000000253,203.9999999999909
J000045,2023-01-03/BDBU,BDBU,AMR_20,G9_10,WS_19_20,"[""107238""]",1,124.84999999999505,366.90000000004915,317.5500000000379,124.84999999999505,195.25000000001015,199.30000000001107,307.45000000003563,307.50000000003564,317.5000000000379,317.5500000000379,362.8500000000482,366.90000000004915,18.100000000000122,133.34999999999607,19.100000000000136,0,71.2499999999981,0.25,0,62.000000000000796,88.00000000000085
J000046,2023-01-03/BDBU,BDBU,AMR_15,G9_1,WS_19_20,"[""101192""]",1,141.69999999999797,311.2000000000365,236.8000000000196,141.69999999999797,160.3000000000022,164.35000000000312,226.7000000000173,226.7500000000173,236.75000000001958,236.8000000000196,307.15000000003556,311.2000000000365,18.100000000000122,132.24999999999582,14.300000000000068,0,4.599999999999992,0.25,0,13.999999999999996,144.00000000000006
J000047,2023-01-03/BKIN,BKIN,AMR_25,G27_10,WS_8_20,"[""110310""]",1,162.0500000000026,368.70000000004956,288.60000000003134,162.0500000000026,162.0500000000026,166.10000000000352,278.50000000002905,278.55000000002906,288.55000000003133,288.60000000003134,364.65000000004864,368.70000000004956,18.100000000000122,116.54999999999552,9.5,0,62.2999999999986,0.2,0,0.0,128.00000000000068
J000048,2023-01-03/AMPP,AMPP,AMR_04,G23_10,WS_13_20,"[""107333""]",1,162.85000000000278,359.2000000000474,284.25000000003035,162.85000000000278,191.85000000000937,195.9000000000103,274.15000000002806,274.20000000002807,284.20000000003034,284.25000000003035,355.1500000000465,359.2000000000474,18.100000000000122,113.3499999999957,21.000000000000163,0,43.64999999999966,0.25,0,22.0,92.0000000000006
J000049,2023-01-03/AMPP,AMPP,AMR_37,G0_11,WS_13_20,"[""138355""]",1,180.20000000000672,374.1500000000508,318.45000000003813,180.20000000000672,203.25000000001197,207.3000000000129,308.35000000003583,308.40000000003585,318.4000000000381,318.45000000003813,370.1000000000499,374.1500000000508,18.100000000000122,109.54999999999592,11.450000000000028,0,54.599999999999035,0.25,0,25.999999999999932,96.00000000000124
J000050,2023-01-03/AMPP,AMPP,AMR_34,G0_10,WS_13_20,"[""107303""]",1,197.2500000000106,435.3500000000647,371.8500000000503,197.2500000000106,271.50000000002746,275.5500000000284,361.750000000048,361.800000000048,371.80000000005026,371.8500000000503,431.3000000000638,435.3500000000647,18.100000000000122,158.1500000000017,19.150000000000137,0,42.449999999999726,0.25,0,76.00000000000166,100.00000000000107
J000051,2023-01-03/APUR,APUR,AMR_02,G35_8,WS_25_20,"[""101202""]",1,215.60000000001477,329.15000000004056,279.2500000000292,215.60000000001477,215.60000000001477,219.6500000000157,269.1500000000269,269.20000000002693,279.2000000000292,279.2500000000292,325.10000000003964,329.15000000004056,18.100000000000122,82.74999999999744,11.450000000000028,0,1.0500000000000003,0.2,0,0.0,96.00000000000058
J000052,2023-01-03/BDBU,BDBU,AMR_24,G29_8,WS_19_20,"[""110569""]",1,223.45000000001656,347.7500000000448,280.9000000000296,223.45000000001656,223.45000000001656,227.50000000001748,270.8000000000273,270.8500000000273,280.8500000000296,280.9000000000296,343.7000000000439,347.7500000000448,18.100000000000122,83.89999999999738,11.450000000000028,0,10.650000000000016,0.2,0,0.0,92.00000000000028
J000053,2023-01-03/AMPP,AMPP,AMR_27,G30_9,WS_13_20,"[""136921""]",1,263.8000000000257,494.10000000007807,405.800000000058,263.8000000000257,282.70000000003,286.7500000000309,395.7000000000557,395.7500000000557,405.750000000058,405.800000000058,490.05000000007715,494.10000000007807,18.100000000000122,156.70000000000138,18.150000000000123,0,37.10000000000003,0.25,0,16.0,171.99999999999577
J000054,2023-01-03/BDPP,BDPP,AMR_21,G26_8,WS_2_20,"[""101189""]",1,266.25000000002626,432.250000000064,358.2500000000472,266.25000000002626,266.25000000002626,270.3000000000272,348.1500000000449,348.2000000000449,358.20000000004717,358.2500000000472,428.2000000000631,432.250000000064,18.100000000000122,123.04999999999515,11.450000000000028,0,13.200000000000053,0.2,0,0.0,148.0000000000002
J000055,2023-01-03/APUR,APUR,AMR_35,G14_9,WS_25_20,"[""110227""]",1,277.4500000000288,427.950000000063,379.0000000000519,277.4500000000288,277.4500000000288,281.50000000002973,368.9000000000496,368.9500000000496,378.9500000000519,379.0000000000519,423.9000000000621,427.950000000063,18.100000000000122,91.54999999999694,11.450000000000028,0,29.20000000000028,0.2,0,0.0,104.00000000000071
J000056,2023-01-03/AMPP,AMPP,AMR_08,G3_2,WS_13_20,"[""101192""]",1,284.30000000003037,501.90000000007984,435.8000000000648,284.30000000003037,335.500000000042,339.5500000000429,425.7000000000625,425.7500000000625,435.7500000000648,435.8000000000648,497.8500000000789,501.90000000007984,18.100000000000122,135.04999999999646,18.100000000000122,0,46.09999999999952,0.25,0,29.999999999999982,124.00000000000223
J000057,2023-01-03/CENT,CENT,AMR_36,G17_10,WS_8_20,"[""101290"", ""101332"", ""112066""]",3,304.50000000003496,546.0500000000511,488.70000000007684,304.50000000003496,340.3000000000431,344.350000000044,478.60000000007454,478.65000000007456,488.65000000007683,488.70000000007684,542.0000000000548,546.0500000000511,18.100000000000122,116.49999999999552,17.20000000000011,0,89.49999999999706,0.25,0,10.0,112.0000000000015
J000058,2023-01-03/CENT,CENT,AMR_29,G20_12,WS_8_20,"[""121875"", ""124207""]",2,304.50000000003496,432.85000000006414,376.65000000005136,304.50000000003496,317.5500000000379,321.60000000003885,366.55000000004907,366.6000000000491,376.60000000005135,376.65000000005136,428.8000000000632,432.85000000006414,18.100000000000122,85.89999999999726,13.400000000000055,0,10.700000000000017,0.25,0,6.0,88.00000000000097
J000059,2023-01-03/CENT,CENT,AMR_07,G20_10,WS_8_20,"[""110284"", ""110504""]",2,304.50000000003496,471.55000000007294,408.6000000000586,304.50000000003496,322.50000000003905,326.55000000004,398.50000000005633,398.55000000005634,408.5500000000586,408.6000000000586,467.500000000072,471.55000000007294,18.100000000000122,97.74999999999659,15.300000000000082,0,35.65000000000011,0.25,0,6.0,96.00000000000077
J000060,2023-01-03/CENT,CENT,AMR_33,G35_15,WS_8_20,"[""107285"", ""112084""]",2,304.50000000003496,496.4000000000786,424.8500000000623,304.50000000003496,325.60000000003976,329.6500000000407,414.75000000006,414.80000000006004,424.8000000000623,424.8500000000623,492.35000000007767,496.4000000000786,18.100000000000122,129.69999999999524,12.450000000000042,0,31.40000000000031,0.25,0,14.0,136.00000000000028
J000061,2023-01-03/CENT,CENT,AMR_23,G38_10,WS_8_20,"[""101025"", ""101134""]",2,304.50000000003496,526.9500000000685,440.85000000006596,304.50000000003496,330.6000000000409,334.6500000000418,430.75000000006366,430.8000000000637,440.80000000006595,440.85000000006596,522.9000000000722,526.9500000000685,18.100000000000122,164.7500000000032,14.350000000000069,0,25.00000000000022,0.25,0,26.0,175.99999999999457
J000062,2023-01-03/CENT,CENT,AMR_16,G9_14,WS_8_20,"[""111238""]",1,304.50000000003496,403.5500000000575,358.3500000000472,304.50000000003496,323.1500000000392,327.2000000000401,348.2500000000449,348.3000000000449,358.3000000000472,358.3500000000472,399.50000000005656,403.5500000000575,18.100000000000122,57.44999999999887,11.500000000000028,0,11.750000000000032,0.25,0,14.0,44.00000000000014
J000063,2023-01-03/BDBU,BDBU,AMR_12,G6_13,WS_19_20,"[""124208""]",2,310.5000000000363,462.900000000071,410.6500000000591,310.5000000000363,310.5000000000363,314.55000000003724,400.5500000000568,400.6000000000568,410.6000000000591,410.6500000000591,458.85000000007005,462.900000000071,18.100000000000122,85.44999999999729,9.55,0,39.099999999999916,0.2,0,0.0,88.00000000000094
J000064,2023-01-03/BDRW,BDRW,AMR_03,G33_13,WS_30_20,"[""124208""]",1,315.00000000003735,394.3000000000554,359.35000000004743,315.00000000003735,315.00000000003735,319.05000000003827,349.25000000004513,349.30000000004515,359.3000000000474,359.35000000004743,390.25000000005446,394.3000000000554,18.100000000000122,49.499999999999325,9.55,0,1.950000000000001,0.2,0,0.0,52.00000000000013
J000065,2023-01-03/APUR,APUR,AMR_19,G18_10,WS_25_20,"[""112087""]",1,317.800000000038,435.95000000006485,395.2000000000556,317.800000000038,317.800000000038,321.8500000000389,385.1000000000533,385.1500000000533,395.15000000005557,395.2000000000556,431.9000000000639,435.95000000006485,18.100000000000122,71.54999999999808,10.500000000000014,0,17.800000000000118,0.2,0,0.0,76.00000000000031
J000066,2023-01-03/AMPP,AMPP,AMR_15,G24_1,WS_13_20,"[""110357""]",1,318.50000000003814,518.7500000000759,452.9500000000687,318.50000000003814,362.15000000004807,366.200000000049,442.8500000000664,442.9000000000664,452.9000000000687,452.9500000000687,514.7000000000796,518.7500000000759,18.100000000000122,150.39999999999995,17.15000000000011,0,14.350000000000069,0.25,0,42.00000000000006,132.0000000000015
J000067,2023-01-03/BDRW,BDRW,AMR_02,G35_8,WS_30_20,"[""107327""]",1,329.2000000000406,457.8000000000698,410.6000000000591,329.2000000000406,329.2000000000406,333.2500000000415,400.5000000000568,400.5500000000568,410.5500000000591,410.6000000000591,453.7500000000689,457.8000000000698,18.100000000000122,71.84999999999806,11.450000000000028,0,27.00000000000025,0.2,0,0.0,72.00000000000033
J000068,2023-01-03/AMPP,AMPP,AMR_22,G35_9,WS_13_20,"[""125547""]",1,335.8500000000421,545.6000000000515,470.0000000000726,335.8500000000421,368.65000000004954,372.70000000005047,459.9000000000703,459.9500000000703,469.9500000000726,470.0000000000726,541.5500000000552,545.6000000000515,18.100000000000122,145.3499999999988,16.250000000000096,0,29.80000000000029,0.25,0,31.999999999999982,136.00000000000026
J000069,2023-01-03/BDRW,BDRW,AMR_24,G29_8,WS_30_20,"[""110569""]",1,347.8000000000448,484.70000000007593,427.65000000006296,347.8000000000448,347.8000000000448,351.8500000000457,417.55000000006066,417.6000000000607,427.60000000006295,427.65000000006296,480.650000000075,484.70000000007593,18.100000000000122,63.79999999999851,9.55,0,45.24999999999957,0.2,0,0.0,68.00000000000063
J000070,2023-01-03/AMPP,AMPP,AMR_18,G38_12,WS_13_20,"[""107172""]",1,352.90000000004596,586.2000000000146,487.05000000007647,352.90000000004596,389.25000000005423,393.30000000005515,476.95000000007417,477.0000000000742,487.00000000007645,487.05000000007647,582.1500000000183,586.2000000000146,18.100000000000122,180.0500000000067,18.150000000000123,0,16.750000000000103,0.25,0,38.0,191.99999999999255
J000071,2023-01-03/JMNS,JMNS,AMR_40,G5_10,WS_2_20,"[""111249""]",1,358.3000000000472,457.7500000000698,421.40000000006154,358.3000000000472,378.70000000005183,382.75000000005275,411.30000000005924,411.35000000005925,421.3500000000615,421.40000000006154,453.7000000000689,457.7500000000698,18.100000000000122,67.19999999999833,11.450000000000028,0,2.4499999999999993,0.25,0,18.0,56.0000000000005
J000072,2023-01-03/CENT,CENT,AMR_01,G6_14,WS_8_20,"[""110333""]",1,358.4000000000472,501.95000000007985,472.7500000000732,358.4000000000472,397.6000000000561,401.65000000005705,462.6500000000709,462.70000000007093,472.7000000000732,472.7500000000732,497.90000000007893,501.95000000007985,18.100000000000122,78.84999999999766,15.300000000000082,0,31.050000000000306,0.25,0,34.00000000000003,44.00000000000004
J000073,2023-01-03/AMPP,AMPP,AMR_32,G38_8,WS_13_20,"[""110374""]",1,371.9000000000503,608.899999999994,521.1500000000738,371.9000000000503,385.75000000005343,389.80000000005435,511.0500000000819,511.10000000008193,521.1000000000738,521.1500000000738,604.8499999999976,608.899999999994,18.100000000000122,136.4999999999968,14.300000000000068,0,67.84999999999829,0.25,0,8.0,151.99999999999775
J000074,2023-01-03/CENT,CENT,AMR_20,G9_10,WS_8_20,"[""101295"", ""110418"", ""112359"", ""125583""]",4,376.7000000000514,499.6000000000793,456.8000000000696,376.7000000000514,376.7000000000514,380.7500000000523,446.7000000000673,446.7500000000673,456.7500000000696,456.8000000000696,495.5500000000784,499.6000000000793,18.100000000000122,56.14999999999895,7.649999999999981,0,40.79999999999982,0.2,0,0.0,56.00000000000044
J000075,2023-01-03/BDRW,BDRW,AMR_11,G15_10,WS_30_20,"[""110313""]",1,399.7500000000566,521.9000000000731,467.9000000000721,399.7500000000566,399.7500000000566,403.80000000005754,457.8000000000698,457.8500000000698,467.8500000000721,467.9000000000721,517.8500000000768,521.9000000000731,18.100000000000122,89.19999999999708,10.450000000000014,0,4.199999999999993,0.2,0,0.0,108.00000000000034
J000076,2023-01-03/AMPP,AMPP,AMR_31,G27_2,WS_13_20,"[""110569""]",2,405.850000000058,591.7000000000096,504.10000000008034,405.850000000058,405.850000000058,409.9000000000589,494.00000000007805,494.05000000007806,504.05000000008033,504.10000000008034,587.6500000000133,591.7000000000096,18.100000000000122,109.8999999999959,11.450000000000028,0,46.19999999999951,0.2,0,0.0,132.00000000000185
J000077,2023-01-03/CENT,CENT,AMR_39,G12_10,WS_8_20,"[""101302"", ""110309""]",3,408.65000000005864,581.4500000000189,520.6000000000743,408.65000000005864,433.1500000000642,437.20000000006513,510.5000000000818,510.5500000000818,520.5500000000743,520.6000000000743,577.4000000000226,581.4500000000189,18.100000000000122,78.64999999999768,14.350000000000069,0,61.449999999998646,0.25,0,12.0,64.0000000000006
J000078,2023-01-03/KBES,KBES,AMR_25,G26_10,WS_2_20,"[""107213"", ""110274"", ""112029"", ""112034"", ""132437"", ""134029""]",8,421.45000000006155,597.2500000000045,523.9000000000713,421.45000000006155,425.6500000000625,429.7000000000634,513.8000000000804,513.8500000000804,523.8500000000713,523.9000000000713,593.2000000000082,597.2500000000045,18.100000000000122,125.14999999999503,9.5,0,22.80000000000019,0.25,0,2.0,140.0000000000004
J000079,2023-01-03/KBES,KBES,AMR_10,G6_2,WS_2_20,"[""110178"", ""110231"", ""111212"", ""134027""]",5,421.45000000006155,557.5500000000407,507.050000000081,421.45000000006155,440.00000000006577,444.0500000000667,496.9500000000787,497.0000000000787,507.000000000081,507.050000000081,553.5000000000443,557.5500000000407,18.100000000000122,100.9999999999964,14.300000000000068,0,2.4499999999999993,0.25,0,13.999999999999975,104.00000000000146
J000080,2023-01-03/KBES,KBES,AMR_28,G29_9,WS_2_20,"[""101026"", ""110205"", ""110599"", ""111372""]",4,421.45000000006155,642.8499999999631,558.0000000000402,421.45000000006155,436.2500000000649,440.30000000006584,547.9000000000494,547.9500000000494,557.9500000000403,558.0000000000402,638.7999999999668,642.8499999999631,18.100000000000122,153.15000000000057,13.400000000000055,0,36.500000000000064,0.25,0,8.0,179.9999999999953
J000081,2023-01-03/KBES,KBES,AMR_04,G17_12,WS_2_20,"[""110285"", ""111276"", ""120450""]",3,421.45000000006155,597.5000000000043,540.9500000000558,421.45000000006155,440.2500000000658,444.30000000006675,530.8500000000649,530.9000000000649,540.9000000000558,540.9500000000558,593.450000000008,597.5000000000043,18.100000000000122,105.14999999999617,11.400000000000027,0,41.1499999999998,0.25,0,16.0,100.00000000000117
J000082,2023-01-03/KBES,KBES,AMR_30,G26_2,WS_2_20,"[""107317"", ""110336"", ""123094""]",3,421.45000000006155,705.2499999999063,609.1499999999937,421.45000000006155,446.4000000000672,450.45000000006814,599.0500000000029,599.1000000000029,609.0999999999938,609.1499999999937,701.19999999991,705.2499999999063,18.100000000000122,179.05000000000646,20.00000000000015,0,66.39999999999837,0.25,0,19.999999999999996,183.9999999999956
J000083,2023-01-03/KBES,KBES,AMR_03,G33_13,WS_2_20,"[""111303"", ""112432"", ""124208""]",3,421.45000000006155,682.6999999999268,575.0500000000247,421.45000000006155,421.45000000006155,425.50000000006247,564.9500000000339,565.0000000000339,575.0000000000248,575.0500000000247,678.6499999999305,682.6999999999268,18.100000000000122,148.19999999999945,9.55,0,85.1999999999973,0.2,0,0.0,163.99999999999645
J000084,2023-01-03/CENT,CENT,AMR_16,G9_13,WS_8_20,"[""127626""]",1,424.90000000006233,553.6000000000442,504.65000000008047,424.90000000006233,428.95000000006326,433.0000000000642,494.55000000007817,494.6000000000782,504.60000000008046,504.65000000008047,549.5500000000479,553.6000000000442,18.100000000000122,53.899999999999075,7.599999999999981,0,48.84999999999936,0.25,0,2.0,48.00000000000023
J000085,2023-01-03/BDRW,BDRW,AMR_35,G14_9,WS_30_20,"[""110227""]",1,428.00000000006304,586.2500000000146,518.4000000000763,428.00000000006304,428.00000000006304,432.05000000006396,508.3000000000813,508.3500000000813,518.3500000000763,518.4000000000763,582.2000000000182,586.2500000000146,18.100000000000122,110.04999999999589,11.450000000000028,0,18.450000000000127,0.2,0,0.0,124.00000000000077
J000086,2023-01-03/APUR,APUR,AMR_06,G3_8,WS_25_20,"[""107336""]",1,428.50000000006315,612.9999999999902,522.6000000000724,428.50000000006315,428.50000000006315,432.5500000000641,512.5000000000816,512.5500000000816,522.5500000000725,522.6000000000724,608.9499999999939,612.9999999999902,18.100000000000122,139.89999999999756,11.450000000000028,0,14.850000000000076,0.2,0,0.0,175.99999999999596
J000087,2023-01-03/BDRW,BDRW,AMR_19,G18_10,WS_30_20,"[""112087""]",1,436.00000000006486,551.5500000000461,501.3000000000797,436.00000000006486,436.00000000006486,440.0500000000658,491.2000000000774,491.2500000000774,501.2500000000797,501.3000000000797,547.5000000000498,551.5500000000461,18.100000000000122,82.94999999999743,12.400000000000041,0,1.900000000000001,0.2,0,0.0,96.00000000000057
J000088,2023-01-03/CENT,CENT,AMR_13,G15_15,WS_8_20,"[""110596""]",1,440.900000000066,615.499999999988,568.4500000000307,440.900000000066,500.8000000000796,504.8500000000805,558.3500000000399,558.4000000000399,568.4000000000308,568.4500000000307,611.4499999999916,615.499999999988,18.100000000000122,86.54999999999723,13.400000000000055,0,56.29999999999894,0.25,0,28.0,56.0000000000006
J000089,2023-01-03/CENT,CENT,AMR_29,G14_13,WS_8_20,"[""110363""]",1,456.8500000000696,605.9999999999966,536.5500000000598,456.8500000000696,485.15000000007603,489.20000000007695,526.4500000000689,526.5000000000689,536.5000000000598,536.5500000000598,601.9500000000003,605.9999999999966,18.100000000000122,79.49999999999763,13.350000000000055,0,37.94999999999998,0.25,0,22.0,60.0000000000006
J000090,2023-01-03/AMPP,AMPP,AMR_02,G35_8,WS_13_20,"[""101202""]",1,457.8500000000698,627.3999999999771,538.2000000000583,457.8500000000698,457.8500000000698,461.90000000007075,528.1000000000674,528.1500000000674,538.1500000000583,538.2000000000583,623.3499999999808,627.3999999999771,18.100000000000122,117.14999999999549,11.450000000000028,0,22.650000000000187,0.2,0,0.0,139.9999999999998
J000091,2023-01-03/CENT,CENT,AMR_12,G6_13,WS_8_20,"[""110587"", ""124208""]",3,472.8000000000732,604.0999999999983,552.5000000000452,472.8000000000732,472.8000000000732,476.85000000007415,542.4000000000544,542.4500000000544,552.4500000000453,552.5000000000452,600.050000000002,604.0999999999983,18.100000000000122,53.899999999999075,9.55,0,49.54999999999932,0.2,0,0.0,48.00000000000013
J000092,2023-01-03/BDBU,BDBU,AMR_17,G0_15,WS_19_20,"[""110465""]",1,473.40000000007336,668.7999999999395,569.6500000000296,473.40000000007336,473.40000000007336,477.4500000000743,559.5500000000388,559.6000000000388,569.6000000000297,569.6500000000296,664.7499999999432,668.7999999999395,18.100000000000122,92.44999999999689,7.649999999999981,0,76.99999999999777,0.2,0,0.0,104.00000000000087
J000093,2023-01-03/AMPP,AMPP,AMR_09,G3_10,WS_13_20,"[""110561""]",1,485.100000000076,647.9999999999584,574.6500000000251,485.100000000076,485.100000000076,489.15000000007694,564.5500000000343,564.6000000000342,574.6000000000251,574.6500000000251,643.9499999999621,647.9999999999584,18.100000000000122,85.39999999999729,10.450000000000014,0,48.74999999999937,0.2,0,0.0,88.00000000000087
J000094,2023-01-03/CENT,CENT,AMR_37,G3_12,WS_8_20,"[""110601""]",1,488.75000000007685,660.1499999999473,600.3500000000017,488.75000000007685,500.15000000007944,504.20000000008037,590.2500000000109,590.3000000000109,600.3000000000018,600.3500000000017,656.099999999951,660.1499999999473,18.100000000000122,69.84999999999818,11.450000000000028,0,71.74999999999807,0.25,0,8.0,60.0000000000003
J000095,2023-01-03/CENT,CENT,AMR_20,G9_9,WS_8_20,"[""110588""]",1,504.7000000000805,624.19999999998,584.4000000000162,504.7000000000805,508.7000000000814,512.7500000000814,574.3000000000254,574.3500000000254,584.3500000000163,584.4000000000162,620.1499999999837,624.19999999998,18.100000000000122,61.799999999998626,7.599999999999981,0,31.750000000000316,0.25,0,2.0,60.000000000000526
J000096,2023-01-03/KBES,KBES,AMR_07,G20_10,WS_2_20,"[""110504"", ""110583"", ""124211""]",3,507.100000000081,697.899999999913,626.1999999999782,507.100000000081,507.100000000081,511.15000000008195,616.0999999999874,616.1499999999874,626.1499999999783,626.1999999999782,693.8499999999167,697.899999999913,18.100000000000122,107.09999999999606,8.549999999999986,0,56.84999999999891,0.2,0,0.0,116.00000000000117
J000097,2023-01-03/BHAU,BHAU,AMR_14,G38_13,WS_30_20,"[""110178""]",1,518.4500000000762,625.299999999979,586.5500000000143,518.4500000000762,538.3500000000581,542.4000000000544,576.4500000000235,576.5000000000234,586.5000000000143,586.5500000000143,621.2499999999827,625.299999999979,18.100000000000122,72.49999999999802,13.400000000000055,0,2.5999999999999988,0.25,0,16.0,64.00000000000021
J000098,2023-01-03/CENT,CENT,AMR_40,G11_9,WS_8_20,"[""107130""]",1,520.6500000000742,667.3499999999408,616.2999999999872,520.6500000000742,543.6000000000533,547.6500000000497,606.1999999999964,606.2499999999964,616.2499999999873,616.2999999999872,663.2999999999445,667.3499999999408,18.100000000000122,79.24999999999764,11.450000000000028,0,37.65,0.25,0,18.0,64.0000000000005
J000099,2023-01-03/KBES,KBES,AMR_11,G15_10,WS_2_20,"[""101020"", ""110097"", ""110214"", ""110313""]",6,523.9500000000712,681.8999999999276,592.1000000000092,523.9500000000712,523.9500000000712,528.0000000000675,582.0000000000184,582.0500000000184,592.0500000000093,592.1000000000092,677.8499999999312,681.8999999999276,18.100000000000122,85.49999999999729,6.649999999999984,0,47.49999999999944,0.2,0,0.0,96.00000000000105
J000100,2023-01-03/CENT,CENT,AMR_26,G18_14,WS_8_20,"[""110329""]",1,536.6000000000597,691.349999999919,632.2499999999727,536.6000000000597,542.9500000000539,547.0000000000502,622.1499999999819,622.1999999999819,632.1999999999728,632.2499999999727,687.2999999999226,691.349999999919,18.100000000000122,83.74999999999739,11.500000000000028,0,41.1499999999998,0.25,0,4.0,80.00000000000065
J000101,2023-01-03/KBES,KBES,AMR_01,G9_10,WS_2_20,"[""101080"", ""101295"", ""107238""]",3,541.0000000000557,687.5499999999224,643.2499999999627,541.0000000000557,563.6000000000352,567.6500000000315,633.1499999999719,633.1999999999719,643.1999999999628,643.2499999999627,683.4999999999261,687.5499999999224,18.100000000000122,84.19999999999736,13.400000000000055,0,30.6000000000003,0.25,0,14.0,72.00000000000065
J000102,2023-01-03/CENT,CENT,AMR_08,G3_9,WS_8_20,"[""110218""]",1,552.5500000000452,742.8999999998721,664.1499999999437,552.5500000000452,576.2000000000237,580.25000000002,654.0499999999529,654.0999999999528,664.0999999999437,664.1499999999437,738.8499999998758,742.8999999998721,18.100000000000122,97.89999999999658,16.250000000000096,0,57.84999999999885,0.25,0,17.999999999999996,76.00000000000053
J000103,2023-01-03/KBES,KBES,AMR_10,G6_9,WS_2_20,"[""111281"", ""112333""]",2,558.0500000000402,719.3999999998935,660.2999999999472,558.0500000000402,581.7000000000187,585.750000000015,650.1999999999564,650.2499999999563,660.2499999999472,660.2999999999472,715.3499999998971,719.3999999998935,18.100000000000122,87.59999999999717,14.350000000000069,0,41.049999999999805,0.25,0,17.999999999999986,72.00000000000057
J000104,2023-01-03/CENT,CENT,AMR_19,G18_12,WS_8_20,"[""110161""]",1,568.5000000000307,712.9499999998993,648.1999999999582,568.5000000000307,574.0500000000256,578.100000000022,638.0999999999674,638.1499999999673,648.1499999999583,648.1999999999582,708.899999999903,712.9499999998993,18.100000000000122,88.94999999999709,11.450000000000028,0,25.70000000000023,0.25,0,4.0,88.00000000000105
J000105,2023-01-03/BDMC,BDMC,AMR_21,G24_15,WS_19_20,"[""112432""]",1,569.7000000000296,761.2999999998553,726.0499999998874,569.7000000000296,682.499999999927,686.5499999999233,715.9499999998966,715.9999999998965,725.9999999998875,726.0499999998874,757.249999999859,761.2999999998553,18.100000000000122,128.29999999999492,20.10000000000015,0,24.850000000000218,0.25,0,98.00000000000142,44.0
J000106,2023-01-03/BDMC,BDMC,AMR_36,G17_13,WS_19_20,"[""110342""]",1,569.7000000000296,682.9499999999266,644.3499999999617,569.7000000000296,584.600000000016,588.6500000000124,634.2499999999709,634.2999999999709,644.2999999999618,644.3499999999617,678.8999999999303,682.9499999999266,18.100000000000122,64.64999999999847,12.400000000000041,0,17.85000000000012,0.25,0,10.0,52.00000000000021
J000107,2023-01-03/BDMC,BDMC,AMR_16,G9_14,WS_19_20,"[""123034""]",1,569.7000000000296,699.2499999999118,661.3999999999462,569.7000000000296,573.6000000000261,577.6500000000224,651.2999999999554,651.3499999999553,661.3499999999462,661.3999999999462,695.1999999999155,699.2499999999118,18.100000000000122,71.94999999999806,9.5,0,29.750000000000288,0.25,0,2.0,72.0000000000006
J000108,2023-01-03/BDMC,BDMC,AMR_15,G21_5,WS_19_20,"[""123069""]",1,569.7000000000296,722.5999999998905,678.4499999999307,569.7000000000296,593.2000000000082,597.2500000000045,668.3499999999399,668.3999999999398,678.3999999999307,678.4499999999307,718.5499999998942,722.5999999998905,18.100000000000122,88.99999999999709,14.350000000000069,0,31.20000000000031,0.25,0,17.99999999999994,80.00000000000088
J000109,2023-01-03/BDMC,BDMC,AMR_34,G6_12,WS_19_20,"[""101193""]",1,569.7000000000296,883.2999999997444,817.5999999998041,569.7000000000296,654.3999999999526,658.4499999999489,807.4999999998133,807.5499999998133,817.5499999998042,817.5999999998041,879.2499999997481,883.2999999997444,18.100000000000122,144.34999999999857,21.050000000000164,0,129.84999999999528,0.25,0,60.00000000000075,92.00000000000097
J000110,2023-01-03/BDMC,BDMC,AMR_24,G29_8,WS_19_20,"[""110569""]",1,569.7000000000296,685.1499999999246,627.3999999999771,569.7000000000296,569.7000000000296,573.7500000000259,617.2999999999863,617.3499999999863,627.3499999999772,627.3999999999771,681.0999999999283,685.1499999999246,18.100000000000122,80.84999999999755,11.450000000000028,0,4.849999999999991,0.2,0,0.0,92.00000000000043
J000111,2023-01-03/KBES,KBES,AMR_38,G3_2,WS_2_20,"[""110344"", ""110386""]",2,575.1000000000247,718.799999999894,677.3499999999317,575.1000000000247,594.600000000007,598.6500000000033,667.2499999999409,667.2999999999408,677.2999999999317,677.3499999999317,714.7499999998977,718.799999999894,18.100000000000122,82.74999999999744,11.500000000000028,0,31.100000000000307,0.25,0,11.999999999999996,84.00000000000118
J000112,2023-01-03/CENT,CENT,AMR_05,G20_14,WS_8_20,"[""110540""]",1,584.4500000000162,734.7999999998794,680.0999999999292,584.4500000000162,588.4500000000126,592.5000000000089,669.9999999999384,670.0499999999383,680.0499999999292,680.0999999999292,730.7499999998831,734.7999999998794,18.100000000000122,82.59999999999745,9.5,0,39.89999999999987,0.25,0,2.0,80.0000000000008
J000113,2023-01-03/AMPP,AMPP,AMR_35,G14_9,WS_13_20,"[""110227""]",1,586.3000000000145,673.1999999999355,638.0499999999674,586.3000000000145,586.3000000000145,590.3500000000108,627.9499999999766,627.9999999999766,637.9999999999675,638.0499999999674,669.1499999999392,673.1999999999355,18.100000000000122,56.39999999999893,9.55,0,2.6499999999999986,0.2,0,0.0,60.0000000000005
J000114,2023-01-03/KBES,KBES,AMR_39,G21_10,WS_2_20,"[""107124"", ""112036""]",2,592.1500000000092,758.1999999998582,697.9999999999129,592.1500000000092,623.6499999999805,627.6999999999769,687.8999999999221,687.949999999922,697.949999999913,697.9999999999129,754.1499999998618,758.1999999998582,18.100000000000122,119.94999999999533,13.350000000000055,0,14.40000000000007,0.25,0,22.0,124.00000000000227
J000115,2023-01-03/CENT,CENT,AMR_04,G3_7,WS_8_20,"[""110356""]",1,600.4000000000017,770.0999999998473,724.9499999998884,600.4000000000017,658.5999999999487,662.6499999999451,714.8499999998976,714.8999999998975,724.8999999998885,724.9499999998884,766.049999999851,770.0999999998473,18.100000000000122,126.44999999999496,15.300000000000082,0,9.600000000000001,0.25,0,66.00000000000115,80.00000000000041
J000116,2023-01-03/BHAU,BHAU,AMR_12,G6_13,WS_30_20,"[""124208""]",1,604.1499999999983,754.9999999998611,697.4499999999134,604.1499999999983,604.1499999999983,608.1999999999946,687.3499999999226,687.3999999999226,697.3999999999135,697.4499999999134,750.9499999998648,754.9999999998611,18.100000000000122,110.04999999999589,11.450000000000028,0,11.050000000000022,0.2,0,0.0,132.00000000000077
J000117,2023-01-03/KBES,KBES,AMR_25,G21_8,WS_2_20,"[""110259"", ""113203""]",2,609.1999999999937,826.2999999997962,750.4999999998652,609.1999999999937,639.6999999999659,643.7499999999623,740.3999999998744,740.4499999998743,750.4499999998652,750.4999999998652,822.2499999997999,826.2999999997962,18.100000000000122,145.94999999999894,16.200000000000095,0,36.60000000000006,0.25,0,18.0,155.99999999999986
J000118,2023-01-03/CENT,CENT,AMR_06,G3_8,WS_8_20,"[""107336""]",1,616.3499999999872,761.9999999998547,696.0499999999147,616.3499999999872,616.3499999999872,620.3999999999835,685.9499999999239,685.9999999999238,695.9999999999147,696.0499999999147,757.9499999998584,761.9999999998547,18.100000000000122,85.79999999999727,11.450000000000028,0,30.100000000000293,0.2,0,0.0,88.00000000000072
J000119,2023-01-03/KBES,KBES,AMR_20,G9_9,WS_2_20,"[""110588"", ""110703""]",2,626.2499999999782,759.7999999998567,716.3999999998962,626.2499999999782,626.2499999999782,630.2999999999745,706.2999999999054,706.3499999999053,716.3499999998962,716.3999999998962,755.7499999998604,759.7999999998567,18.100000000000122,72.09999999999805,9.55,0,33.60000000000023,0.2,0,0.0,76.00000000000082
J000120,2023-01-03/BDMC,BDMC,AMR_13,G18_10,WS_19_20,"[""112087""]",1,627.4499999999771,733.9499999998802,700.1999999999109,627.4499999999771,648.6999999999578,652.7499999999541,690.0999999999201,690.14999999992,700.149999999911,700.1999999999109,729.8999999998839,733.9499999998802,18.100000000000122,69.04999999999822,12.35000000000004,0,6.749999999999984,0.25,0,16.0,56.00000000000041
J000121,2023-01-03/CENT,CENT,AMR_29,G8_6,WS_8_20,"[""107291""]",1,632.2999999999727,780.9499999998375,741.1499999998737,632.2999999999727,680.8999999999285,684.9499999999248,731.0499999998829,731.0999999998828,741.0999999998737,741.1499999998737,776.8999999998412,780.9499999998375,18.100000000000122,106.84999999999607,17.20000000000011,0,6.249999999999986,0.25,0,42.000000000000156,76.00000000000082
J000122,2023-01-03/KBES,KBES,AMR_28,G26_14,WS_2_20,"[""107395"", ""110342""]",2,643.2999999999627,902.7999999997267,767.5499999998497,643.2999999999627,670.9999999999375,675.0499999999338,757.4499999998588,757.4999999998588,767.4999999998497,767.5499999998497,898.7499999997303,902.7999999997267,18.100000000000122,127.04999999999492,17.20000000000011,0,96.89999999999664,0.25,0,20.0,128.00000000000202
J000123,2023-01-03/BDMC,BDMC,AMR_27,G12_10,WS_19_20,"[""100167""]",1,644.3999999999617,875.3499999997516,834.6499999997886,644.3999999999617,715.2499999998972,719.2999999998935,824.5499999997978,824.5999999997978,834.5999999997887,834.6499999997886,871.2999999997553,875.3499999997516,18.100000000000122,139.39999999999745,19.050000000000136,0,54.14999999999906,0.25,0,78.000000000001,76.00000000000063
J000124,2023-01-03/CENT,CENT,AMR_31,G21_13,WS_8_20,"[""123305""]",1,648.2499999999582,887.9999999997401,779.6499999998387,648.2499999999582,692.5999999999178,696.6499999999141,769.5499999998478,769.5999999998478,779.5999999998387,779.6499999998387,883.9499999997438,887.9999999997401,18.100000000000122,125.39999999999502,16.250000000000096,0,79.74999999999761,0.25,0,34.0,96.0000000000008
J000125,2023-01-03/KBES,KBES,AMR_09,G3_10,WS_2_20,"[""110255"", ""110561"", ""112231"", ""127627""]",4,660.3499999999472,764.4999999998524,733.4499999998807,660.3499999999472,660.3499999999472,664.3999999999435,723.3499999998899,723.3999999998898,733.3999999998807,733.4499999998807,760.4499999998561,764.4999999998524,18.100000000000122,49.849999999999305,6.699999999999984,0,29.30000000000028,0.2,0,0.0,52.00000000000041
J000126,2023-01-03/BDMC,BDMC,AMR_02,G35_8,WS_19_20,"[""101067""]",1,661.4499999999462,825.499999999797,743.3499999998717,661.4499999999462,661.4499999999462,665.4999999999425,733.2499999998809,733.2999999998808,743.2999999998717,743.3499999998717,821.4499999998006,825.499999999797,18.100000000000122,115.99999999999555,15.250000000000082,0,14.500000000000071,0.2,0,0.0,136.0000000000002
J000127,2023-01-03/CENT,CENT,AMR_37,G17_8,WS_8_20,"[""111390""]",1,664.1999999999437,866.4499999997597,811.5499999998096,664.1999999999437,723.3499999998899,727.3999999998862,801.4499999998188,801.4999999998188,811.4999999998097,811.5499999998096,862.3999999997634,866.4499999997597,18.100000000000122,116.64999999999552,15.250000000000082,0,51.99999999999918,0.25,0,36.000000000000014,92.00000000000111
J000128,2023-01-03/APUR,APUR,AMR_17,G0_15,WS_25_20,"[""110519""]",1,668.8499999999394,809.0999999998119,739.3499999998753,668.8499999999394,668.8499999999394,672.8999999999357,729.2499999998845,729.2999999998844,739.2999999998754,739.3499999998753,805.0499999998156,809.0999999998119,18.100000000000122,101.99999999999635,7.649999999999981,0,12.30000000000004,0.2,0,0.0,128.00000000000105
J000129,2023-01-03/BHAU,BHAU,AMR_35,G14_9,WS_30_20,"[""110227""]",1,673.2499999999354,892.7999999997357,750.1999999998654,673.2499999999354,673.2499999999354,677.2999999999317,740.0999999998746,740.1499999998746,750.1499999998655,750.1999999998654,888.7499999997394,892.7999999997357,18.100000000000122,111.14999999999583,15.300000000000082,0,74.7999999999979,0.2,0,0.0,132.00000000000068
J000130,2023-01-03/KBES,KBES,AMR_23,G26_12,WS_2_20,"[""110191"", ""110499""]",2,677.3999999999317,866.1999999997599,804.599999999816,677.3999999999317,703.7999999999076,707.849999999904,794.4999999998251,794.5499999998251,804.549999999816,804.599999999816,862.1499999997636,866.1999999997599,18.100000000000122,133.69999999999615,10.450000000000014,0,26.30000000000024,0.25,0,28.0,136.00000000000193
J000131,2023-01-03/BDMC,BDMC,AMR_22,G32_2,WS_19_20,"[""121892""]",1,678.4999999999307,858.6499999997668,783.4999999998352,678.4999999999307,703.2999999999081,707.3499999999044,773.3999999998443,773.4499999998443,783.4499999998352,783.4999999998352,854.5999999997705,858.6499999997668,18.100000000000122,127.29999999999491,16.250000000000096,0,18.250000000000124,0.25,0,19.999999999999996,128.00000000000148
J000132,2023-01-03/CENT,CENT,AMR_40,G21_12,WS_8_20,"[""110543""]",1,680.1499999999292,849.9999999997747,795.5999999998241,680.1499999999292,711.6999999999005,715.7499999998968,785.4999999998333,785.5499999998333,795.5499999998242,795.5999999998241,845.9499999997784,849.9999999997747,18.100000000000122,112.59999999999575,14.300000000000068,0,24.600000000000215,0.25,0,30.0,100.00000000000111
J000133,2023-01-03/CENT,CENT,AMR_11,G15_10,WS_8_20,"[""111222""]",1,696.0999999999146,810.1999999998109,763.4499999998534,696.0999999999146,696.0999999999146,700.149999999911,753.3499999998626,753.3999999998625,763.3999999998534,763.4499999998534,806.1499999998146,810.1999999998109,18.100000000000122,73.64999999999796,9.5,0,12.650000000000045,0.2,0,0.0,80.000000000001
J000134,2023-01-03/KBES,KBES,AMR_07,G20_2,WS_2_20,"[""110189"", ""111238""]",2,698.0499999999129,887.7499999997403,821.4499999998006,698.0499999999129,719.6499999998932,723.6999999998895,811.3499999998098,811.3999999998098,821.3999999998007,821.4499999998006,883.699999999744,887.7499999997403,18.100000000000122,144.0499999999985,12.400000000000041,0,14.900000000000077,0.25,0,19.999999999999986,155.9999999999993
J000135,2023-01-03/BDMC,BDMC,AMR_01,G9_10,WS_19_20,"[""125583""]",1,700.2499999999109,814.0499999998074,766.2499999998508,700.2499999999109,700.2499999999109,704.2999999999072,756.14999999986,756.19999999986,766.1999999998509,766.2499999998508,809.999999999811,814.0499999998074,18.100000000000122,78.54999999999768,9.5,0,7.4499999999999815,0.2,0,0.0,88.000000000001
J000136,2023-01-03/KBES,KBES,AMR_24,G27_12,WS_2_20,"[""109843"", ""110306""]",3,716.4499999998961,1150.5999999995013,1009.5499999996296,716.4499999998961,733.6999999998804,737.7499999998768,999.4499999996387,999.4999999996387,1009.4999999996296,1009.5499999996296,1146.549999999505,1150.5999999995013,18.100000000000122,188.4000000000086,21.050000000000164,0,206.35000000001267,0.25,0,12.0,183.99999999999804
J000137,2023-01-03/CENT,CENT,AMR_19,G23_10,WS_8_20,"[""110604""]",1,724.9999999998884,911.8999999997184,843.4499999997806,724.9999999998884,745.9999999998693,750.0499999998656,833.3499999997898,833.3999999997898,843.3999999997807,843.4499999997806,907.8499999997221,911.8999999997184,18.100000000000122,110.04999999999589,14.300000000000068,0,44.199999999999626,0.25,0,14.0,108.00000000000108
J000138,2023-01-03/BDMC,BDMC,AMR_03,G33_13,WS_19_20,"[""124208""]",1,726.0999999998874,998.3499999996397,800.5499999998196,726.0999999998874,726.0999999998874,730.1499999998837,790.4499999998288,790.4999999998288,800.4999999998197,800.5499999998196,994.2999999996434,998.3499999996397,18.100000000000122,120.24999999999531,17.15000000000011,0,116.54999999999552,0.2,0,0.0,132.00000000000014
J000139,2023-01-03/KBES,KBES,AMR_30,G29_7,WS_2_20,"[""107389"", ""110322""]",2,733.4999999998806,1005.1999999996335,917.6999999997131,733.4999999998806,755.8499999998603,759.8999999998566,907.5999999997223,907.6499999997222,917.6499999997131,917.6999999997131,1001.1499999996372,1005.1999999996335,18.100000000000122,190.150000000009,23.900000000000205,0,39.299999999999905,0.25,0,16.0,203.9999999999914
J000140,2023-01-03/BIFG,BIFG,AMR_05,G20_14,WS_25_20,"[""110178""]",1,739.3999999998753,895.0999999997337,846.5999999997778,739.3999999998753,739.3999999998753,743.4499999998716,836.499999999787,836.5499999997869,846.5499999997778,846.5999999997778,891.0499999997373,895.0999999997337,18.100000000000122,62.44999999999859,9.55,0,65.39999999999843,0.2,0,0.0,60.000000000000114
J000141,2023-01-03/CENT,CENT,AMR_13,G18_10,WS_8_20,"[""110391""]",1,741.1999999998736,944.149999999689,827.4999999997951,741.1999999998736,741.1999999998736,745.2499999998699,817.3999999998043,817.4499999998043,827.4499999997952,827.4999999997951,940.0999999996927,944.149999999689,18.100000000000122,90.14999999999702,9.5,0,84.99999999999731,0.2,0,0.0,92.000000000001
J000142,2023-01-03/BDMC,BDMC,AMR_15,G26_2,WS_19_20,"[""107317""]",1,743.3999999998716,1052.4999999995905,1000.7499999996376,743.3999999998716,765.4999999998515,769.5499999998478,990.6499999996468,990.6999999996467,1000.6999999996376,1000.7499999996376,1048.4499999995942,1052.4999999995905,18.100000000000122,145.04999999999873,22.95000000000019,0,122.74999999999517,0.25,0,16.0,139.99999999999946
J000143,2023-01-03/GLPT,GLPT,AMR_18,G29_8,WS_30_20,"[""110569""]",1,750.2499999998654,880.7999999997467,844.3999999997798,750.2499999998654,787.6999999998313,791.7499999998277,834.299999999789,834.3499999997889,844.3499999997798,844.3999999997798,876.7499999997503,880.7999999997467,18.100000000000122,90.94999999999698,14.350000000000069,0,6.8999999999999835,0.25,0,30.0,68.00000000000068
J000144,2023-01-03/GLPT,GLPT,AMR_26,G20_13,WS_30_20,"[""110299""]",1,750.2499999998654,951.849999999682,861.5999999997641,750.2499999998654,765.2499999998518,769.2999999998481,851.4999999997733,851.5499999997733,861.5499999997642,861.5999999997641,947.7999999996857,951.849999999682,18.100000000000122,93.74999999999682,13.400000000000055,0,76.09999999999782,0.25,0,6.0,84.0000000000002
J000145,2023-01-03/GLPT,GLPT,AMR_08,G3_12,WS_30_20,"[""110601""]",1,750.2499999998654,1037.749999999604,951.7999999996821,750.2499999998654,780.4499999998379,784.4999999998342,941.6999999996913,941.7499999996912,951.7499999996821,951.7999999996821,1033.6999999996076,1037.749999999604,18.100000000000122,149.7999999999998,18.100000000000122,0,101.24999999999639,0.25,0,10.0,155.99999999999693
J000146,2023-01-03/KBES,KBES,AMR_33,G35_10,WS_2_20,"[""110143"", ""123304""]",2,750.5499999998651,1303.5499999993622,1043.6499999995985,750.5499999998651,768.1999999998491,772.2499999998454,1033.5499999996077,1033.5999999996077,1043.5999999995986,1043.6499999995985,1299.4999999993659,1303.5499999993622,18.100000000000122,266.4500000000263,33.35000000000024,0,234.85000000001915,0.25,0,14.0,283.9999999999852
J000147,2023-01-03/CENT,CENT,AMR_39,G21_10,WS_8_20,"[""112361""]",1,763.4999999998533,953.6499999996804,859.3999999997661,763.4999999998533,763.4999999998533,767.5499999998497,849.2999999997753,849.3499999997753,859.3499999997662,859.3999999997661,949.5999999996841,953.6499999996804,18.100000000000122,96.79999999999664,9.5,0,65.54999999999842,0.2,0,0.0,104.00000000000117
J000148,2023-01-03/BDMC,BDMC,AMR_09,G3_10,WS_19_20,"[""110561""]",1,766.2999999998508,960.0999999996745,899.6999999997295,766.2999999998508,766.2999999998508,770.3499999998471,889.5999999997387,889.6499999997386,899.6499999997295,899.6999999997295,956.0499999996782,960.0999999996745,18.100000000000122,101.34999999999638,12.400000000000041,0,61.74999999999863,0.2,0,0.0,112.00000000000146
J000149,2023-01-03/KBES,KBES,AMR_14,G35_9,WS_2_20,"[""110165"", ""125547""]",2,767.5999999998496,1067.399999999577,934.7499999996976,767.5999999998496,793.8999999998257,797.949999999822,924.6499999997068,924.6999999997067,934.6999999996976,934.7499999996976,1063.3499999995806,1067.399999999577,18.100000000000122,192.75000000000958,17.20000000000011,0,71.49999999999808,0.25,0,18.0,215.99999999999338
J000150,2023-01-03/CENT,CENT,AMR_38,G6_2,WS_8_20,"[""111212""]",1,779.6999999998386,940.7499999996921,875.3499999997516,779.6999999998386,799.3499999998207,803.399999999817,865.2499999997608,865.2999999997608,875.2999999997517,875.3499999997516,936.6999999996958,940.7499999996921,18.100000000000122,107.79999999999602,15.250000000000082,0,19.650000000000144,0.25,0,10.0,108.0000000000018
J000151,2023-01-03/BDMC,BDMC,AMR_06,G3_8,WS_19_20,"[""107336""]",1,783.5499999998351,1023.2999999996171,948.8499999996848,783.5499999998351,783.5499999998351,787.5999999998314,938.749999999694,938.7999999996939,948.7999999996848,948.8499999996848,1019.2499999996207,1023.2999999996171,18.100000000000122,111.49999999999581,15.250000000000082,0,94.69999999999676,0.2,0,0.0,120.00000000000166
J000152,2023-01-03/CENT,CENT,AMR_20,G12_2,WS_8_20,"[""125413""]",1,795.6499999998241,949.4999999996842,891.2999999997371,795.6499999998241,818.6999999998031,822.7499999997995,881.1999999997463,881.2499999997463,891.2499999997372,891.2999999997371,945.4499999996879,949.4999999996842,18.100000000000122,107.69999999999602,13.350000000000055,0,14.45000000000007,0.25,0,19.999999999999996,100.00000000000142
J000153,2023-01-03/BDMC,BDMC,AMR_04,G2_1,WS_19_20,"[""110339""]",1,800.5999999998196,1057.349999999586,983.6999999996531,800.5999999998196,829.1499999997936,833.19999999979,973.5999999996623,973.6499999996622,983.6499999996531,983.6999999996531,1053.2999999995898,1057.349999999586,18.100000000000122,165.2000000000033,16.200000000000095,0,56.9999999999989,0.25,0,21.999999999999943,163.9999999999971
J000154,2023-01-03/KBES,KBES,AMR_32,G38_8,WS_2_20,"[""101073"", ""110374""]",3,804.6499999998159,1121.8999999995274,1026.599999999614,804.6499999998159,804.6499999998159,808.6999999998122,1016.4999999996232,1016.5499999996232,1026.549999999614,1026.599999999614,1117.849999999531,1121.8999999995274,18.100000000000122,201.6500000000116,17.20000000000011,0,80.09999999999759,0.2,0,0.0,247.9999999999849
J000155,2023-01-03/AMPP,AMPP,AMR_17,G0_15,WS_13_20,"[""110519""]",2,809.1499999998118,909.7499999997203,868.1999999997581,809.1499999998118,809.1499999998118,813.1999999998081,858.0999999997673,858.1499999997673,868.1499999997582,868.1999999997581,905.699999999724,909.7499999997203,18.100000000000122,70.64999999999813,7.649999999999981,0,3.999999999999994,0.2,0,0.0,80.00000000000075
J000156,2023-01-03/CENT,CENT,AMR_29,G3_2,WS_8_20,"[""110344""]",1,811.5999999998096,972.799999999663,918.899999999712,811.5999999998096,846.8999999997775,850.9499999997738,908.7999999997212,908.8499999997211,918.849999999712,918.899999999712,968.7499999996667,972.799999999663,18.100000000000122,106.89999999999607,14.350000000000069,0,21.600000000000172,0.25,0,17.999999999999996,108.00000000000178
J000157,2023-01-03/BDMC,BDMC,AMR_11,G15_10,WS_19_20,"[""110313""]",1,817.6499999998041,1014.7499999996248,966.7999999996684,817.6499999998041,817.6499999998041,821.6999999998004,956.6999999996776,956.7499999996776,966.7499999996685,966.7999999996684,1010.6999999996285,1014.7499999996248,18.100000000000122,69.54999999999819,9.5,0,99.74999999999648,0.2,0,0.0,68.00000000000034
J000158,2023-01-03/KBES,KBES,AMR_12,G5_15,WS_2_20,"[""111229""]",1,821.4999999998006,927.699999999704,900.5999999997287,821.4999999998006,865.5999999997605,869.6499999997568,890.4999999997378,890.5499999997378,900.5499999997287,900.5999999997287,923.6499999997077,927.699999999704,18.100000000000122,65.54999999999842,14.350000000000069,0,7.94999999999998,0.25,0,30.000000000000014,35.99999999999996
J000159,2023-01-03/CENT,CENT,AMR_25,G23_8,WS_8_20,"[""110132""]",1,827.5499999997951,1063.2999999995807,967.349999999668,827.5499999997951,833.8999999997893,837.9499999997856,957.2499999996771,957.2999999996771,967.299999999668,967.349999999668,1059.2499999995844,1063.2999999995807,18.100000000000122,136.34999999999675,17.30000000000011,0,63.749999999998515,0.25,0,4.0,147.9999999999997
J000160,2023-01-03/CENT,CENT,AMR_21,G29_14,WS_8_20,"[""111228""]",1,843.4999999997806,1141.3999999995096,1013.9499999996256,843.4999999997806,900.4999999997287,904.5499999997251,1003.8499999996347,1003.8999999996347,1013.8999999996256,1013.9499999996256,1137.3499999995133,1141.3999999995096,18.100000000000122,128.34999999999494,14.300000000000068,0,136.89999999999688,0.25,0,16.0,116.00000000000037
J000161,2023-01-03/CENT,CENT,AMR_40,G30_15,WS_8_20,"[""125179""]",1,859.4499999997661,1151.7999999995002,1029.899999999611,859.4499999997661,898.1499999997309,902.1999999997272,1019.7999999996202,1019.8499999996202,1029.849999999611,1029.899999999611,1147.7499999995039,1151.7999999995002,18.100000000000122,141.49999999999793,11.400000000000027,0,121.09999999999526,0.25,0,32.0,116.00000000000043
J000162,2023-01-03/BNUT,BNUT,AMR_22,G27_2,WS_13_20,"[""110569""]",1,868.2499999997581,1082.9999999995628,968.349999999667,868.2499999997581,886.5499999997414,890.5999999997377,958.2499999996762,958.2999999996762,968.2999999996671,968.349999999667,1078.9499999995664,1082.9999999995628,18.100000000000122,130.59999999999545,17.20000000000011,0,48.599999999999376,0.25,0,14.0,132.00000000000156
J000163,2023-01-03/CENT,CENT,AMR_23,G29_9,WS_8_20,"[""110599""]",1,875.3999999997516,1110.249999999538,998.04999999964,875.3999999997516,900.0499999997292,904.0999999997255,987.9499999996492,987.9999999996492,997.9999999996401,998.04999999964,1106.1999999995417,1110.249999999538,18.100000000000122,139.94999999999757,16.250000000000096,0,60.29999999999871,0.25,0,12.0,136.00000000000026
J000164,2023-01-03/CENT,CENT,AMR_02,G33_15,WS_8_20,"[""110317""]",1,891.3499999997371,1221.9999999994363,1045.8499999995965,891.3499999997371,912.6499999997177,916.699999999714,1035.7499999996057,1035.7999999996057,1045.7999999995966,1045.8499999995965,1217.94999999944,1221.9999999994363,18.100000000000122,138.14999999999716,10.500000000000014,0,163.65000000000296,0.25,0,18.0,128.00000000000023
J000165,2023-01-03/BIFG,BIFG,AMR_35,G14_9,WS_25_20,"[""110227""]",1,892.8499999997357,1065.099999999579,993.8999999996438,892.8499999997357,892.8499999997357,896.899999999732,983.799999999653,983.8499999996529,993.8499999996438,993.8999999996438,1061.0499999995827,1065.099999999579,18.100000000000122,94.39999999999678,11.450000000000028,0,48.099999999999405,0.2,0,0.0,104.00000000000051
J000166,2023-01-03/KBES,KBES,AMR_34,G3_14,WS_2_20,"[""111263""]",1,900.6499999997286,989.249999999648,958.0999999996764,900.6499999997286,920.9999999997101,925.0499999997064,947.9999999996855,948.0499999996855,958.0499999996764,958.0999999996764,985.1999999996517,989.249999999648,18.100000000000122,55.89999999999896,11.450000000000028,0,2.8999999999999977,0.25,0,14.0,40.000000000000014
J000167,2023-01-03/BDMC,BDMC,AMR_17,G0_15,WS_19_20,"[""110519""]",1,909.7999999997203,1139.0999999995117,1045.249999999597,909.7999999997203,909.7999999997203,913.8499999997166,1035.1499999996063,1035.1999999996062,1045.1999999995971,1045.249999999597,1135.0499999995154,1139.0999999995117,18.100000000000122,92.14999999999691,7.649999999999981,0,111.19999999999582,0.2,0,0.0,104.00000000000101
J000168,2023-01-03/KBES,KBES,AMR_01,G6_15,WS_2_20,"[""110292""]",1,917.749999999713,1003.8999999996347,975.4499999996606,917.749999999713,936.0499999996964,940.0999999996927,965.3499999996698,965.3999999996697,975.3999999996606,975.4499999996606,999.8499999996384,1003.8999999996347,18.100000000000122,55.79999999999897,8.549999999999986,0,3.4499999999999957,0.25,0,16.0,40.00000000000014
J000169,2023-01-03/CENT,CENT,AMR_19,G39_13,WS_8_20,"[""110497""]",1,918.949999999712,1237.3999999994223,1061.3499999995825,918.949999999712,959.7999999996748,963.8499999996711,1051.2499999995916,1051.2999999995916,1061.2999999995825,1061.3499999995825,1233.349999999426,1237.3999999994223,18.100000000000122,210.0500000000135,18.100000000000122,0,71.94999999999806,0.25,0,42.00000000000004,215.99999999998957
J000170,2023-01-03/KBES,KBES,AMR_12,G5_14,WS_2_20,"[""107204""]",1,934.7999999996975,1024.349999999616,992.4999999996451,934.7999999996975,937.8499999996948,941.8999999996911,982.3999999996543,982.4499999996542,992.4499999996451,992.4999999996451,1020.2999999996198,1024.349999999616,18.100000000000122,45.34999999999956,6.649999999999984,0,19.200000000000138,0.25,0,2.0,40.000000000000014
J000171,2023-01-03/KCTJ,KCTJ,AMR_18,G35_14,WS_30_20,"[""110262""]",1,951.849999999682,1074.3499999995706,1040.899999999601,951.849999999682,984.849999999652,988.8999999996483,1030.7999999996102,1030.8499999996102,1040.849999999601,1040.899999999601,1070.2999999995743,1074.3499999995706,18.100000000000122,74.94999999999789,15.300000000000082,0,13.900000000000063,0.25,0,28.0,48.00000000000004
J000172,2023-01-03/KCTJ,KCTJ,AMR_31,G23_13,WS_30_20,"[""120448""]",1,951.849999999682,1061.3499999995825,1023.8499999996166,951.849999999682,958.1999999996763,962.2499999996726,1013.7499999996257,1013.7999999996257,1023.7999999996166,1023.8499999996166,1057.2999999995861,1061.3499999995825,18.100000000000122,68.59999999999825,11.500000000000028,0,11.050000000000022,0.25,0,4.0,72.00000000000023
J000173,2023-01-03/KCTJ,KCTJ,AMR_28,G36_12,WS_30_20,"[""112394""]",1,951.849999999682,1098.049999999549,1057.9499999995855,951.849999999682,987.1499999996499,991.1999999996463,1047.8499999995947,1047.8999999995947,1057.8999999995856,1057.9499999995855,1093.9999999995528,1098.049999999549,18.100000000000122,90.89999999999698,13.350000000000055,0,23.6000000000002,0.25,0,32.0,68.0000000000003
J000174,2023-01-03/KCTJ,KCTJ,AMR_05,G20_15,WS_30_20,"[""123763""]",2,951.849999999682,1040.3999999996015,1006.899999999632,951.849999999682,955.8499999996784,959.8999999996747,996.7999999996412,996.8499999996411,1006.849999999632,1006.899999999632,1036.3499999996052,1040.3999999996015,18.100000000000122,59.49999999999876,6.649999999999984,0,4.049999999999994,0.25,0,2.0,68.00000000000001
J000175,2023-01-03/KCTJ,KCTJ,AMR_13,G20_12,WS_30_20,"[""124207""]",1,951.849999999682,1175.149999999479,1129.8499999995202,951.849999999682,1014.8999999996247,1018.949999999621,1119.7499999995293,1119.7999999995293,1129.7999999995202,1129.8499999995202,1171.0999999994826,1175.149999999479,18.100000000000122,120.64999999999529,18.150000000000123,0,66.14999999999839,0.25,0,44.000000000000085,88.00000000000037
J000176,2023-01-03/KCTJ,KCTJ,AMR_07,G38_9,WS_30_20,"[""110139""]",1,951.849999999682,1126.0999999995236,1074.99999999957,951.849999999682,995.3499999996425,999.3999999996388,1064.8999999995792,1064.9499999995792,1074.94999999957,1074.99999999957,1122.0499999995272,1126.0999999995236,18.100000000000122,115.1499999999956,15.250000000000082,0,25.500000000000227,0.25,0,50.000000000000384,80.00000000000027
J000177,2023-01-03/KBES,KBES,AMR_27,G2_10,WS_2_20,"[""101280""]",1,958.1499999996763,1155.349999999497,1120.6999999995285,958.1499999996763,1076.3999999995688,1080.449999999565,1110.5999999995377,1110.6499999995376,1120.6499999995285,1120.6999999995285,1151.2999999995006,1155.349999999497,18.100000000000122,135.29999999999652,20.10000000000015,0,23.4500000000002,0.25,0,96.00000000000165,52.00000000000037
J000178,2023-01-03/CTSQ,CTSQ,AMR_39,G21_10,WS_13_20,"[""107272"", ""112036"", ""112361"", ""121904"", ""125176""]",7,968.399999999667,1121.3499999995279,1047.499999999595,968.399999999667,968.399999999667,972.4499999996633,1037.3999999996042,1037.4499999996042,1047.449999999595,1047.499999999595,1117.2999999995316,1121.3499999995279,18.100000000000122,74.49999999999791,11.450000000000028,0,48.69999999999937,0.2,0,0.0,76.00000000000037
J000179,2023-01-03/CTSQ,CTSQ,AMR_16,G11_9,WS_13_20,"[""110380"", ""111376"", ""112086"", ""125639""]",6,968.399999999667,1109.5499999995386,1064.5499999995795,968.399999999667,986.9999999996501,991.0499999996464,1054.4499999995887,1054.4999999995887,1064.4999999995796,1064.5499999995795,1105.4999999995423,1109.5499999995386,18.100000000000122,79.44999999999763,13.400000000000055,0,29.95000000000029,0.25,0,14.0,68.00000000000048
J000180,2023-01-03/CTSQ,CTSQ,AMR_26,G26_9,WS_13_20,"[""107380"", ""110530"", ""123035"", ""123788""]",4,968.399999999667,1156.5499999994959,1098.6499999995485,968.399999999667,998.5499999996396,1002.5999999996359,1088.5499999995577,1088.5999999995577,1098.5999999995486,1098.6499999995485,1152.4999999994996,1156.5499999994959,18.100000000000122,114.09999999999566,17.20000000000011,0,38.49999999999995,0.25,0,24.0,100.00000000000085
J000181,2023-01-03/CTSQ,CTSQ,AMR_10,G6_13,WS_13_20,"[""110148"", ""111342"", ""120450""]",5,968.399999999667,1118.5499999995304,1081.599999999564,968.399999999667,985.5999999996513,989.6499999996477,1071.4999999995732,1071.5499999995732,1081.549999999564,1081.599999999564,1114.499999999534,1118.5499999995304,18.100000000000122,78.49999999999768,13.400000000000055,0,39.89999999999987,0.25,0,12.0,64.00000000000054
J000182,2023-01-03/CTSQ,CTSQ,AMR_37,G17_10,WS_13_20,"[""107232"", ""110419"", ""112066""]",4,968.399999999667,1083.2999999995625,1030.1499999996108,968.399999999667,982.9499999996538,986.9999999996501,1020.04999999962,1020.09999999962,1030.0999999996109,1030.1499999996108,1079.2499999995662,1083.2999999995625,18.100000000000122,66.94999999999834,13.400000000000055,0,16.200000000000095,0.25,0,8.0,60.00000000000054
J000183,2023-01-03/CTSQ,CTSQ,AMR_09,G9_10,WS_13_20,"[""110346"", ""112359"", ""125583""]",4,968.399999999667,1302.699999999363,1115.699999999533,968.399999999667,1016.799999999623,1020.8499999996193,1105.5999999995422,1105.6499999995422,1115.649999999533,1115.699999999533,1298.6499999993666,1302.699999999363,18.100000000000122,113.89999999999567,17.15000000000011,0,184.9000000000078,0.25,0,48.00000000000044,72.00000000000048
J000184,2023-01-03/KBES,KBES,AMR_36,G11_12,WS_2_20,"[""112374""]",1,975.4999999996605,1147.7499999995039,1060.699999999583,975.4999999996605,999.4499999996387,1003.4999999996351,1050.5999999995922,1050.6499999995922,1060.649999999583,1060.699999999583,1143.6999999995076,1147.7499999995039,18.100000000000122,92.3999999999969,14.300000000000068,0,47.199999999999456,0.25,0,18.0,76.00000000000071
J000185,2023-01-03/KBES,KBES,AMR_29,G0_8,WS_2_20,"[""131980""]",1,992.549999999645,1107.7499999995403,1077.7499999995675,992.549999999645,1016.2999999996234,1020.3499999996197,1067.6499999995767,1067.6999999995767,1077.6999999995676,1077.7499999995675,1103.699999999544,1107.7499999995403,18.100000000000122,75.79999999999784,12.450000000000042,0,8.599999999999987,0.25,0,17.999999999999996,64.00000000000067
J000186,2023-01-03/BKPS,BKPS,AMR_20,G20_13,WS_25_20,"[""110299""]",1,993.9499999996438,1157.549999999495,1114.0499999995345,993.9499999996438,1035.399999999606,1039.4499999996024,1103.9499999995437,1103.9999999995437,1113.9999999995346,1114.0499999995345,1153.4999999994986,1157.549999999495,18.100000000000122,95.19999999999673,15.250000000000082,0,34.80000000000016,0.25,0,38.00000000000004,64.00000000000021
J000187,2023-01-03/BKPS,BKPS,AMR_38,G17_9,WS_25_20,"[""111998""]",1,993.9499999996438,1146.6999999995048,1098.249999999549,993.9499999996438,1031.4999999996096,1035.549999999606,1088.149999999558,1088.199999999558,1098.199999999549,1098.249999999549,1142.6499999995085,1146.6999999995048,18.100000000000122,112.29999999999576,16.200000000000095,0,5.899999999999987,0.25,0,36.0,92.00000000000045
J000188,2023-01-03/BKPS,BKPS,AMR_34,G35_8,WS_25_20,"[""101067""]",1,993.9499999996438,1214.4499999994432,1158.8499999994938,993.9499999996438,1090.7999999995557,1094.849999999552,1148.749999999503,1148.799999999503,1158.7999999994938,1158.8499999994938,1210.399999999447,1214.4499999994432,18.100000000000122,161.75000000000253,21.000000000000163,0,19.40000000000014,0.25,0,84.00000000000044,96.00000000000044
J000189,2023-01-03/KCTJ,KCTJ,AMR_03,G33_13,WS_30_20,"[""124208""]",1,1006.9499999996319,1126.8999999995228,1092.0499999995545,1006.9499999996319,1006.9499999996319,1010.9999999996282,1081.9499999995637,1081.9999999995637,1091.9999999995546,1092.0499999995545,1122.8499999995265,1126.8999999995228,18.100000000000122,55.59999999999898,9.55,0,36.500000000000064,0.2,0,0.0,52.00000000000013
J000190,2023-01-03/KBES,KBES,AMR_01,G12_13,WS_2_20,"[""110412""]",1,1009.5999999996295,1423.549999999253,1334.599999999334,1009.5999999996295,1212.399999999445,1216.4499999994414,1324.4999999993431,1324.549999999343,1334.549999999334,1334.599999999334,1419.4999999992567,1423.549999999253,18.100000000000122,113.59999999999569,18.200000000000124,0,263.8000000000257,0.25,0,28.0,80.00000000000051
J000191,2023-01-03/KCTJ,KCTJ,AMR_11,G14_15,WS_30_20,"[""110179""]",1,1023.8999999996165,1318.9999999993481,1246.599999999414,1023.8999999996165,1046.449999999596,1050.4999999995923,1236.4999999994232,1236.549999999423,1246.549999999414,1246.599999999414,1314.9499999993518,1318.9999999993481,18.100000000000122,104.39999999999621,15.300000000000082,0,157.05000000000146,0.25,0,16.0,95.99999999999999
J000192,2023-01-03/KBES,KBES,AMR_06,G3_8,WS_2_20,"[""107336""]",1,1026.649999999614,1133.8499999995165,1094.799999999552,1026.649999999614,1026.649999999614,1030.6999999996103,1084.6999999995612,1084.7499999995612,1094.749999999552,1094.799999999552,1129.7999999995202,1133.8499999995165,18.100000000000122,59.84999999999874,7.649999999999981,0,21.40000000000017,0.2,0,0.0,64.00000000000061
J000193,2023-01-03/CTSQ,CTSQ,AMR_30,G20_10,WS_13_20,"[""107459"", ""110504"", ""124211""]",4,1030.1999999996108,1215.9499999994418,1132.7499999995175,1030.1999999996108,1060.8999999995829,1064.9499999995792,1122.6499999995267,1122.6999999995267,1132.6999999995176,1132.7499999995175,1211.8999999994455,1215.9499999994418,18.100000000000122,91.89999999999692,15.300000000000082,0,60.19999999999872,0.25,0,28.0,72.00000000000074
J000194,2023-01-03/KCTJ,KCTJ,AMR_08,G9_14,WS_30_20,"[""123034""]",1,1040.949999999601,1337.5499999993312,1229.2499999994297,1040.949999999601,1074.0999999995709,1078.1499999995672,1219.149999999439,1219.199999999439,1229.1999999994298,1229.2499999994297,1333.499999999335,1337.5499999993312,18.100000000000122,131.84999999999573,16.250000000000096,0,130.14999999999534,0.25,0,24.0,116.00000000000023
J000195,2023-01-03/KBES,KBES,AMR_12,G11_10,WS_2_20,"[""110590""]",1,1043.6999999995985,1210.0999999994472,1156.1999999994962,1043.6999999995985,1091.0999999995554,1095.1499999995517,1146.0999999995054,1146.1499999995053,1156.1499999994962,1156.1999999994962,1206.0499999994508,1210.0999999994472,18.100000000000122,99.3999999999965,14.300000000000068,0,34.350000000000186,0.25,0,24.0,80.00000000000074
J000196,2023-01-03/CTSQ,CTSQ,AMR_05,G6_10,WS_13_20,"[""101221"", ""107263"", ""112294""]",4,1047.549999999595,1372.6999999992993,1333.2499999993352,1047.549999999595,1185.1499999994699,1189.1999999994662,1323.1499999993443,1323.1999999993443,1333.1999999993352,1333.2499999993352,1368.649999999303,1372.6999999992993,18.100000000000122,203.10000000001193,27.70000000000026,0,75.99999999999783,0.25,0,130.00000000000296,100.00000000000136
J000197,2023-01-03/CENT,CENT,AMR_15,G26_2,WS_8_20,"[""110336""]",1,1052.5499999995905,1366.299999999305,1256.499999999405,1052.5499999995905,1052.5499999995905,1056.5999999995868,1246.3999999994141,1246.449999999414,1256.449999999405,1256.499999999405,1362.2499999993088,1366.299999999305,18.100000000000122,152.05000000000032,13.350000000000055,0,130.04999999999532,0.2,0,0.0,171.9999999999964
J000198,2023-01-03/KCTJ,KCTJ,AMR_04,G5_8,WS_30_20,"[""112004""]",1,1057.9999999995855,1372.999999999299,1263.6499999993985,1057.9999999995855,1085.6499999995604,1089.6999999995567,1253.5499999994076,1253.5999999994076,1263.5999999993985,1263.6499999993985,1368.9499999993027,1372.999999999299,18.100000000000122,189.25000000000878,18.150000000000123,0,89.24999999999707,0.25,0,23.99999999999995,195.99999999999218
J000199,2023-01-03/KBES,KBES,AMR_31,G6_7,WS_2_20,"[""125181""]",1,1061.3999999995824,1267.7499999993947,1209.199999999448,1061.3999999995824,1150.5499999995013,1154.5999999994976,1199.0999999994572,1199.1499999994571,1209.149999999448,1209.199999999448,1263.6999999993984,1267.7499999993947,18.100000000000122,125.49999999999501,19.200000000000138,0,43.29999999999968,0.25,0,54.00000000000044,80.00000000000077
J000200,2023-01-03/CTSQ,CTSQ,AMR_25,G3_12,WS_13_20,"[""112013"", ""112040"", ""115591"", ""127627""]",5,1064.5999999995795,1459.89999999922,1416.2999999992596,1064.5999999995795,1136.3499999995142,1140.3999999995106,1406.1999999992688,1406.2499999992688,1416.2499999992597,1416.2999999992596,1455.8499999992237,1459.89999999922,18.100000000000122,130.49999999999542,19.200000000000138,0,227.25000000001742,0.25,0,48.0000000000005,88.00000000000095
J000201,2023-01-03/BDMC,BDMC,AMR_35,G14_9,WS_19_20,"[""110227""]",1,1065.149999999579,1249.5499999994113,1208.9999999994482,1065.149999999579,1065.149999999579,1069.1999999995753,1198.8999999994573,1198.9499999994573,1208.9499999994482,1208.9999999994482,1245.499999999415,1249.5499999994113,18.100000000000122,88.6999999999971,13.400000000000055,0,63.9999999999985,0.2,0,0.0,96.00000000000102
J000202,2023-01-03/KBES,KBES,AMR_14,G9_8,WS_2_20,"[""133910""]",1,1077.7999999995675,1325.8999999993418,1268.3499999993942,1077.7999999995675,1190.499999999465,1194.5499999994613,1258.2499999994034,1258.2999999994033,1268.2999999993942,1268.3499999993942,1321.8499999993455,1325.8999999993418,18.100000000000122,159.25000000000196,19.150000000000137,0,51.34999999999922,0.25,0,102.00000000000188,88.00000000000108
J000203,2023-01-03/CTSQ,CTSQ,AMR_18,G5_10,WS_13_20,"[""101296"", ""110166"", ""123094""]",3,1081.649999999564,1361.949999999309,1294.0999999993708,1081.649999999564,1229.4999999994295,1233.5499999994258,1283.99999999938,1284.04999999938,1294.0499999993708,1294.0999999993708,1357.8999999993127,1361.949999999309,18.100000000000122,187.5500000000084,23.800000000000203,0,50.59999999999926,0.25,0,128.0000000000025,80.00000000000082
J000204,2023-01-03/CENT,CENT,AMR_22,G27_2,WS_8_20,"[""112371""]",1,1083.0499999995627,1371.7999999993,1240.5499999994195,1083.0499999995627,1083.0499999995627,1087.099999999559,1230.4499999994287,1230.4999999994286,1240.4999999994195,1240.5499999994195,1367.7499999993038,1371.7999999993,18.100000000000122,151.85000000000028,15.250000000000082,0,103.34999999999627,0.2,0,0.0,163.99999999999798
J000205,2023-01-03/KBES,KBES,AMR_37,G12_10,WS_2_20,"[""101302""]",1,1094.849999999552,1235.3499999994242,1192.2999999994634,1094.849999999552,1118.3499999995306,1122.399999999527,1182.1999999994725,1182.2499999994725,1192.2499999994634,1192.2999999994634,1231.2999999994279,1235.3499999994242,18.100000000000122,86.54999999999723,12.400000000000041,0,23.200000000000195,0.25,0,14.0,84.00000000000128
J000206,2023-01-03/CTSQ,CTSQ,AMR_28,G6_15,WS_13_20,"[""107294"", ""110292""]",2,1098.6999999995485,1463.5999999992166,1433.599999999244,1098.6999999995485,1294.99999999937,1299.0499999993663,1423.499999999253,1423.549999999253,1433.549999999244,1433.599999999244,1459.5499999992203,1463.5999999992166,18.100000000000122,147.1499999999992,20.10000000000015,0,179.30000000000652,0.25,0,98.00000000000014,56.00000000000044
J000207,2023-01-03/BKPS,BKPS,AMR_29,G0_8,WS_25_20,"[""101174""]",1,1107.7999999995402,1368.599999999303,1261.5499999994004,1107.7999999995402,1107.7999999995402,1111.8499999995365,1251.4499999994096,1251.4999999994095,1261.4999999994004,1261.5499999994004,1364.5499999993067,1368.599999999303,18.100000000000122,145.14999999999876,17.15000000000011,0,80.19999999999759,0.2,0,0.0,163.99999999999756
J000208,2023-01-03/CTSQ,CTSQ,AMR_16,G20_14,WS_13_20,"[""112319"", ""121875""]",3,1115.749999999533,1394.8499999992791,1358.4499999993122,1115.749999999533,1312.0999999993544,1316.1499999993507,1348.3499999993214,1348.3999999993214,1358.3999999993123,1358.4499999993122,1390.7999999992828,1394.8499999992791,18.100000000000122,162.0500000000026,28.750000000000274,0,69.94999999999817,0.25,0,112.00000000000176,56.00000000000034
J000209,2023-01-03/KBES,KBES,AMR_10,G15_12,WS_2_20,"[""110448""]",1,1120.7499999995284,1421.399999999255,1368.699999999303,1120.7499999995284,1232.3999999994269,1236.4499999994232,1358.599999999312,1358.649999999312,1368.649999999303,1368.699999999303,1417.3499999992587,1421.399999999255,18.100000000000122,150.34999999999994,23.900000000000205,0,108.049999999996,0.25,0,60.000000000000696,100.00000000000153
J000210,2023-01-03/CTSQ,CTSQ,AMR_07,G38_9,WS_13_20,"[""107428"", ""112431"", ""112451""]",4,1132.7999999995175,1303.749999999362,1208.8999999994483,1132.7999999995175,1132.7999999995175,1136.8499999995138,1198.7999999994574,1198.8499999994574,1208.8499999994483,1208.8999999994483,1299.6999999993657,1303.749999999362,18.100000000000122,117.19999999999548,11.450000000000028,0,24.000000000000206,0.2,0,0.0,147.99999999999838
J000211,2023-01-03/CENT,CENT,AMR_17,G0_15,WS_8_20,"[""101095"", ""110465""]",2,1139.1499999995117,1255.5499999994058,1224.7499999994338,1139.1499999995117,1139.1499999995117,1143.199999999508,1214.649999999443,1214.699999999443,1224.6999999994339,1224.7499999994338,1251.4999999994095,1255.5499999994058,18.100000000000122,59.09999999999878,9.55,0,29.450000000000284,0.2,0,0.0,60.000000000000384
J000212,2023-01-03/KBES,KBES,AMR_36,G11_9,WS_2_20,"[""112086""]",1,1156.2499999994961,1397.4999999992767,1351.6499999993184,1156.2499999994961,1215.749999999442,1219.7999999994383,1341.5499999993276,1341.5999999993276,1351.5999999993185,1351.6499999993184,1393.4499999992804,1397.4999999992767,18.100000000000122,123.49999999999513,20.05000000000015,0,79.34999999999764,0.25,0,42.00000000000031,88.00000000000111
J000213,2023-01-03/KBES,KBES,AMR_38,G17_14,WS_2_20,"[""110572""]",1,1192.3499999994633,1436.3499999992414,1317.3999999993496,1192.3499999994633,1210.8499999994465,1214.8999999994428,1307.2999999993588,1307.3499999993587,1317.3499999993496,1317.3999999993496,1432.299999999245,1436.3499999992414,18.100000000000122,117.99999999999544,19.150000000000137,0,88.49999999999712,0.25,0,14.0,112.00000000000156
J000214,2023-01-03/CTSQ,CTSQ,AMR_24,G27_12,WS_13_20,"[""101180"", ""110306"", ""112394""]",3,1208.9499999994482,1386.6499999992866,1275.3999999993878,1208.9499999994482,1208.9499999994482,1212.9999999994445,1265.299999999397,1265.349999999397,1275.3499999993878,1275.3999999993878,1382.5999999992903,1386.6499999992866,18.100000000000122,92.99999999999686,9.5,0,56.899999999998904,0.2,0,0.0,100.00000000000048
J000215,2023-01-03/DESA,DESA,AMR_39,G23_15,WS_19_20,"[""110157""]",2,1209.0499999994481,1308.5499999993576,1277.9499999993855,1209.0499999994481,1226.8999999994319,1230.9499999994282,1267.8499999993946,1267.8999999993946,1277.8999999993855,1277.9499999993855,1304.4999999993613,1308.5499999993576,18.100000000000122,55.849999999998964,10.450000000000014,0,14.850000000000076,0.25,0,14.0,40.0
J000216,2023-01-03/DESA,DESA,AMR_13,G11_12,WS_19_20,"[""120775""]",1,1209.0499999994481,1361.2499999993097,1312.0499999993544,1209.0499999994481,1249.2499999994116,1253.2999999994079,1301.9499999993636,1301.9999999993636,1311.9999999993545,1312.0499999993544,1357.1999999993134,1361.2499999993097,18.100000000000122,95.54999999999671,13.300000000000054,0,25.00000000000022,0.25,0,22.0,80.0000000000006
J000217,2023-01-03/DESA,DESA,AMR_26,G26_9,WS_19_20,"[""111220""]",1,1209.0499999994481,1308.7999999993574,1260.9999999994009,1209.0499999994481,1209.0499999994481,1213.0999999994444,1250.89999999941,1250.94999999941,1260.949999999401,1260.9999999994009,1304.749999999361,1308.7999999993574,18.100000000000122,68.54999999999825,11.450000000000028,0,1.4500000000000006,0.2,0,0.0,76.00000000000034
J000218,2023-01-03/DESA,DESA,AMR_23,G29_10,WS_19_20,"[""110186""]",1,1209.0499999994481,1343.0499999993262,1294.99999999937,1209.0499999994481,1213.2499999994443,1217.2999999994406,1284.8999999993791,1284.949999999379,1294.94999999937,1294.99999999937,1338.99999999933,1343.0499999993262,18.100000000000122,78.74999999999767,10.450000000000014,0,26.45000000000024,0.25,0,2.0,84.00000000000031
J000219,2023-01-03/DESA,DESA,AMR_27,G0_11,WS_19_20,"[""112203""]",1,1209.0499999994481,1433.449999999244,1375.9499999992963,1209.0499999994481,1221.399999999437,1225.4499999994332,1365.8499999993055,1365.8999999993055,1375.8999999992964,1375.9499999992963,1429.3999999992477,1433.449999999244,18.100000000000122,140.84999999999778,18.100000000000122,0,47.09999999999946,0.25,0,6.000000000000004,151.99999999999937
J000220,2023-01-03/KBES,KBES,AMR_20,G17_10,WS_2_20,"[""118518""]",1,1209.249999999448,1485.9999999991962,1385.7499999992874,1209.249999999448,1228.94999999943,1232.9999999994263,1375.6499999992966,1375.6999999992966,1385.6999999992875,1385.7499999992874,1481.9499999992,1485.9999999991962,18.100000000000122,118.24999999999542,12.400000000000041,0,127.74999999999488,0.25,0,12.0,104.00000000000111
J000221,2023-01-03/CENT,CENT,AMR_35,G14_9,WS_8_20,"[""110233"", ""112045""]",2,1249.5999999994112,1400.599999999274,1314.699999999352,1249.5999999994112,1249.5999999994112,1253.6499999994076,1304.5999999993612,1304.6499999993612,1314.649999999352,1314.699999999352,1396.5499999992776,1400.599999999274,18.100000000000122,74.44999999999791,11.450000000000028,0,46.79999999999948,0.2,0,0.0,76.00000000000091
J000222,2023-01-03/DESA,DESA,AMR_17,G0_15,WS_19_20,"[""101181""]",1,1255.5999999994058,1579.9499999991108,1456.8999999992227,1255.5999999994058,1255.5999999994058,1259.649999999402,1446.7999999992319,1446.8499999992318,1456.8499999992227,1456.8999999992227,1575.8999999991145,1579.9499999991108,18.100000000000122,120.89999999999527,15.250000000000082,0,169.90000000000438,0.2,0,0.0,136.00000000000165
J000223,2023-01-03/BKSD,BKSD,AMR_21,G29_15,WS_25_20,"[""110342"", ""112287""]",2,1261.5999999994003,1336.799999999332,1306.3999999993596,1261.5999999994003,1265.4999999993968,1269.549999999393,1296.2999999993688,1296.3499999993687,1306.3499999993596,1306.3999999993596,1332.7499999993356,1336.799999999332,18.100000000000122,46.64999999999949,8.549999999999986,0,1.6500000000000008,0.25,0,2.0,44.0
J000224,2023-01-03/BKSD,BKSD,AMR_30,G20_13,WS_25_20,"[""110299"", ""110473""]",2,1261.5999999994003,1390.3499999992832,1356.0499999993144,1261.5999999994003,1277.4999999993859,1281.5499999993822,1345.9499999993236,1345.9999999993236,1355.9999999993145,1356.0499999993144,1386.299999999287,1390.3499999992832,18.100000000000122,73.29999999999798,13.400000000000055,0,23.700000000000202,0.25,0,10.0,64.00000000000021
J000225,2023-01-03/BKSD,BKSD,AMR_03,G33_13,WS_25_20,"[""112432"", ""124208""]",3,1261.5999999994003,1370.9999999993008,1324.1499999993434,1261.5999999994003,1261.5999999994003,1265.6499999993966,1314.0499999993526,1314.0999999993526,1324.0999999993435,1324.1499999993434,1366.9499999993045,1370.9999999993008,18.100000000000122,69.2999999999982,9.55,0,12.250000000000039,0.2,0,0.0,76.00000000000013
J000226,2023-01-03/BKSD,BKSD,AMR_37,G18_13,WS_25_20,"[""110178""]",1,1261.5999999994003,1410.399999999265,1371.9999999993,1261.5999999994003,1297.4499999993677,1301.499999999364,1361.899999999309,1361.949999999309,1371.9499999993,1371.9999999993,1406.3499999992687,1410.399999999265,18.100000000000122,84.19999999999736,14.300000000000068,0,31.95000000000032,0.25,0,22.0,64.00000000000011
J000227,2023-01-03/BKSD,BKSD,AMR_40,G27_10,WS_25_20,"[""110310""]",1,1261.5999999994003,1391.2999999992824,1340.099999999329,1261.5999999994003,1285.4499999993786,1289.499999999375,1329.9999999993381,1330.049999999338,1340.049999999329,1340.099999999329,1387.249999999286,1391.2999999992824,18.100000000000122,80.29999999999758,13.300000000000054,0,17.750000000000117,0.25,0,20.0,60.00000000000023
J000228,2023-01-03/BKSD,BKSD,AMR_12,G21_10,WS_25_20,"[""112386""]",1,1261.5999999994003,1441.7499999992365,1403.899999999271,1261.5999999994003,1326.6999999993411,1330.7499999993374,1393.79999999928,1393.84999999928,1403.849999999271,1403.899999999271,1437.6999999992402,1441.7499999992365,18.100000000000122,111.34999999999582,16.150000000000095,0,34.30000000000019,0.25,0,56.00000000000057,64.00000000000041
J000229,2023-01-03/KELS,KELS,AMR_34,G29_12,WS_30_20,"[""110528""]",1,1263.6999999993984,1378.7499999992938,1347.4999999993222,1263.6999999993984,1295.4999999993695,1299.5499999993658,1337.3999999993314,1337.4499999993313,1347.4499999993222,1347.4999999993222,1374.6999999992975,1378.7499999992938,18.100000000000122,71.89999999999806,15.300000000000082,0,9.5,0.25,0,20.0,52.0000000000003
J000230,2023-01-03/KELS,KELS,AMR_02,G32_12,WS_30_20,"[""121833""]",1,1263.6999999993984,1361.8499999993091,1328.1499999993398,1263.6999999993984,1285.049999999379,1289.0999999993753,1318.049999999349,1318.099999999349,1328.0999999993398,1328.1499999993398,1357.7999999993128,1361.8499999993091,18.100000000000122,65.24999999999844,12.35000000000004,0,2.2,0.25,0,16.0,48.00000000000023
J000231,2023-01-03/KELS,KELS,AMR_32,G26_10,WS_30_20,"[""134029""]",1,1263.6999999993984,1402.1999999992724,1364.6499999993066,1263.6999999993984,1308.3499999993578,1312.3999999993541,1354.5499999993158,1354.5999999993157,1364.5999999993066,1364.6499999993066,1398.1499999992761,1402.1999999992724,18.100000000000122,93.34999999999684,16.250000000000096,0,10.550000000000015,0.25,0,32.0,64.00000000000031
J000232,2023-01-03/KELS,KELS,AMR_19,G24_5,WS_30_20,"[""140079""]",1,1263.6999999993984,1443.1999999992352,1399.1499999992752,1263.6999999993984,1321.299999999346,1325.3499999993423,1389.0499999992844,1389.0999999992844,1399.0999999992753,1399.1499999992752,1439.1499999992388,1443.1999999992352,18.100000000000122,136.9499999999969,17.20000000000011,0,6.999999999999983,0.25,0,66.00000000000097,100.00000000000139
J000233,2023-01-03/DESA,DESA,AMR_31,G6_7,WS_19_20,"[""101071""]",1,1267.7999999993947,1429.7499999992474,1341.3499999993278,1267.7999999993947,1267.7999999993947,1271.849999999391,1331.249999999337,1331.299999999337,1341.2999999993278,1341.3499999993278,1425.699999999251,1429.7499999992474,18.100000000000122,102.59999999999631,13.350000000000055,0,27.70000000000026,0.2,0,0.0,116.00000000000145
J000234,2023-01-03/KBES,KBES,AMR_06,G18_10,WS_2_20,"[""112087""]",1,1268.3999999993941,1494.2499999991887,1419.249999999257,1268.3999999993941,1321.399999999346,1325.4499999993423,1409.1499999992661,1409.199999999266,1419.199999999257,1419.249999999257,1490.1999999991924,1494.2499999991887,18.100000000000122,132.34999999999584,12.400000000000041,0,62.74999999999857,0.25,0,38.0,112.00000000000134
J000235,2023-01-03/CTSQ,CTSQ,AMR_09,G5_14,WS_13_20,"[""107204"", ""123034""]",2,1302.749999999363,1640.5999999990556,1566.1999999991233,1302.749999999363,1475.9999999992053,1480.0499999992016,1556.0999999991325,1556.1499999991324,1566.1499999991233,1566.1999999991233,1636.5499999990593,1640.5999999990556,18.100000000000122,195.5000000000102,30.6500000000003,0,93.34999999999684,0.25,0,136.00000000000196,72.00000000000051
J000236,2023-01-03/CTSQ,CTSQ,AMR_33,G18_9,WS_13_20,"[""101219"", ""110618""]",2,1303.5999999993621,1601.0999999990916,1512.2499999991724,1303.5999999993621,1433.8499999992437,1437.89999999924,1502.1499999991815,1502.1999999991815,1512.1999999991724,1512.2499999991724,1597.0499999990952,1601.0999999990916,18.100000000000122,185.4000000000079,21.000000000000163,0,72.74999999999801,0.25,0,128.00000000000165,76.00000000000054
J000237,2023-01-03/DESA,DESA,AMR_07,G38_9,WS_19_20,"[""137523""]",1,1303.799999999362,1456.3999999992232,1392.899999999281,1303.799999999362,1303.799999999362,1307.8499999993583,1382.79999999929,1382.84999999929,1392.849999999281,1392.899999999281,1452.3499999992268,1456.3999999992232,18.100000000000122,105.79999999999613,11.450000000000028,0,17.050000000000107,0.2,0,0.0,124.00000000000036
J000238,2023-01-03/BKSD,BKSD,AMR_39,G23_15,WS_25_20,"[""101256""]",1,1308.5999999993576,1405.6499999992693,1387.9499999992854,1308.5999999993576,1308.5999999993576,1312.649999999354,1377.8499999992946,1377.8999999992946,1387.8999999992855,1387.9499999992854,1401.599999999273,1405.6499999992693,18.100000000000122,35.800000000000104,4.749999999999991,0,38.19999999999997,0.2,0,0.0,36.00000000000003
J000239,2023-01-03/CTHR,CTHR,AMR_26,G8_13,WS_8_20,"[""111261""]",1,1314.749999999352,1550.5999999991375,1512.2499999991724,1314.749999999352,1453.6499999992257,1457.699999999222,1502.1499999991815,1502.1999999991815,1512.1999999991724,1512.2499999991724,1546.5499999991412,1550.5999999991375,18.100000000000122,147.84999999999937,23.000000000000192,0,46.64999999999949,0.25,0,112.00000000000114,48.00000000000013
J000240,2023-01-03/CTHR,CTHR,AMR_11,G6_13,WS_8_20,"[""124208""]",1,1319.049999999348,1450.999999999228,1420.399999999256,1319.049999999348,1370.849999999301,1374.8999999992973,1410.299999999265,1410.349999999265,1420.349999999256,1420.399999999256,1446.9499999992317,1450.999999999228,18.100000000000122,78.79999999999767,14.350000000000069,0,20.450000000000156,0.25,0,27.99999999999997,48.00000000000013
J000241,2023-01-03/CTHR,CTHR,AMR_14,G15_10,WS_8_20,"[""110313""]",1,1325.9499999993418,1451.2499999992278,1404.4999999992704,1325.9499999993418,1351.1999999993188,1355.2499999993152,1394.3999999992795,1394.4499999992795,1404.4499999992704,1404.4999999992704,1447.1999999992315,1451.2499999992278,18.100000000000122,90.74999999999699,14.300000000000068,0,1.900000000000001,0.25,0,20.0,80.00000000000091
J000242,2023-01-03/CTHR,CTHR,AMR_21,G23_5,WS_8_20,"[""111252""]",1,1336.8499999993319,1541.149999999146,1447.3499999992314,1336.8499999993319,1373.999999999298,1378.0499999992944,1437.2499999992406,1437.2999999992405,1447.2999999992314,1447.3499999992314,1537.0999999991498,1541.149999999146,18.100000000000122,146.84999999999914,18.100000000000122,0,21.000000000000163,0.25,0,36.000000000000036,128.00000000000182
J000243,2023-01-03/KBES,KBES,AMR_08,G2_1,WS_2_20,"[""110339""]",2,1337.5999999993312,1518.7499999991664,1479.9999999992017,1337.5999999993312,1380.8999999992918,1384.9499999992881,1469.8999999992109,1469.9499999992108,1479.9499999992017,1479.9999999992017,1514.6999999991701,1518.7499999991664,18.100000000000122,112.49999999999575,11.450000000000028,0,38.84999999999993,0.25,0,48.00000000000047,92.00000000000139
J000244,2023-01-03/BKSD,BKSD,AMR_23,G35_12,WS_25_20,"[""110592""]",1,1343.0999999993262,1484.8499999991973,1420.9499999992554,1343.0999999993262,1362.4999999993086,1366.5499999993049,1410.8499999992646,1410.8999999992645,1420.8999999992554,1420.9499999992554,1480.799999999201,1484.8499999991973,18.100000000000122,93.24999999999685,13.350000000000055,0,16.800000000000104,0.25,0,16.0,84.00000000000031
J000245,2023-01-03/CTSQ,CTSQ,AMR_13,G23_12,WS_13_20,"[""101329"", ""111999""]",2,1361.2999999993096,1544.8499999991427,1454.299999999225,1361.2999999993096,1394.2499999992797,1398.299999999276,1444.1999999992343,1444.2499999992342,1454.249999999225,1454.299999999225,1540.7999999991464,1544.8499999991427,18.100000000000122,100.9999999999964,12.400000000000041,0,51.799999999999194,0.25,0,28.0,76.00000000000037
J000246,2023-01-03/CTHR,CTHR,AMR_02,G29_8,WS_8_20,"[""110569""]",1,1361.899999999309,1668.5999999990302,1474.5499999992066,1361.899999999309,1385.199999999288,1389.2499999992842,1464.4499999992158,1464.4999999992158,1474.4999999992067,1474.5499999992066,1664.5499999990338,1668.5999999990302,18.100000000000122,171.15000000000467,21.050000000000164,0,96.14999999999668,0.25,0,18.0,175.99999999999503
J000247,2023-01-03/KBES,KBES,AMR_18,G3_1,WS_2_20,"[""107290""]",1,1361.999999999309,1503.89999999918,1458.2499999992215,1361.999999999309,1405.7999999992692,1409.8499999992655,1448.1499999992307,1448.1999999992306,1458.1999999992215,1458.2499999992215,1499.8499999991836,1503.89999999918,18.100000000000122,95.09999999999674,9.55,0,18.900000000000134,0.25,0,21.999999999999968,92.00000000000139
J000248,2023-01-03/BKSD,BKSD,AMR_15,G29_7,WS_25_20,"[""110322""]",1,1366.349999999305,1498.8499999991845,1450.1499999992288,1366.349999999305,1387.8999999992855,1391.9499999992818,1440.049999999238,1440.099999999238,1450.0999999992289,1450.1499999992288,1494.7999999991882,1498.8499999991845,18.100000000000122,87.0499999999972,15.250000000000082,0,11.850000000000033,0.25,0,16.0,76.00000000000054
J000249,2023-01-03/CTSQ,CTSQ,AMR_29,G20_8,WS_13_20,"[""112323"", ""122556""]",2,1368.649999999303,1598.0499999990943,1495.3999999991877,1368.649999999303,1422.9499999992536,1426.99999999925,1485.2999999991969,1485.3499999991968,1495.3499999991877,1495.3999999991877,1593.999999999098,1598.0499999990943,18.100000000000122,130.49999999999542,17.20000000000011,0,63.34999999999854,0.25,0,60.00000000000071,80.00000000000071
J000250,2023-01-03/KBES,KBES,AMR_03,G17_8,WS_2_20,"[""110236""]",1,1371.0499999993008,1736.1499999989687,1654.0999999990433,1371.0499999993008,1524.5999999991611,1528.6499999991574,1643.9999999990525,1644.0499999990525,1654.0499999990434,1654.0999999990433,1732.0999999989724,1736.1499999989687,18.100000000000122,206.0500000000126,24.90000000000022,0,115.79999999999556,0.25,0,126.00000000000136,112.00000000000173
J000251,2023-01-03/CTHR,CTHR,AMR_22,G32_12,WS_8_20,"[""121833""]",1,1371.8499999993,1655.2499999990423,1544.1499999991433,1371.8499999993,1407.5499999992676,1411.599999999264,1534.0499999991525,1534.0999999991525,1544.0999999991434,1544.1499999991433,1651.199999999046,1655.2499999990423,18.100000000000122,158.6000000000018,18.100000000000122,0,88.34999999999712,0.25,0,29.999999999999996,143.99999999999906
J000252,2023-01-03/BKSD,BKSD,AMR_05,G14_10,WS_25_20,"[""101276""]",1,1372.7499999992992,1603.1499999990897,1499.0999999991843,1372.7499999992992,1400.7499999992738,1404.79999999927,1488.9999999991935,1489.0499999991935,1499.0499999991844,1499.0999999991843,1599.0999999990934,1603.1499999990897,18.100000000000122,106.74999999999608,14.300000000000068,0,90.99999999999697,0.25,0,20.0,92.00000000000028
J000253,2023-01-03/KBES,KBES,AMR_04,G21_9,WS_2_20,"[""107207""]",1,1373.049999999299,1671.4499999990276,1575.9999999991144,1373.049999999299,1427.7499999992492,1431.7999999992455,1565.8999999991236,1565.9499999991235,1575.9499999991144,1575.9999999991144,1667.3999999990313,1671.4499999990276,18.100000000000122,174.25000000000537,17.20000000000011,0,88.59999999999711,0.25,0,50.00000000000004,132.00000000000145
J000254,2023-01-03/BKSD,BKSD,AMR_34,G26_2,WS_25_20,"[""107317""]",1,1378.7999999992937,1595.099999999097,1541.3999999991458,1378.7999999992937,1472.6499999992084,1476.6999999992047,1531.299999999155,1531.349999999155,1541.349999999146,1541.3999999991458,1591.0499999991007,1595.099999999097,18.100000000000122,118.99999999999538,16.200000000000095,0,62.74999999999857,0.25,0,34.00000000000003,96.00000000000101
J000255,2023-01-03/KBES,KBES,AMR_24,G24_12,WS_2_20,"[""101063""]",1,1386.6999999992865,1557.4499999991313,1496.8499999991864,1386.6999999992865,1408.7499999992665,1412.7999999992628,1486.7499999991956,1486.7999999991955,1496.7999999991864,1496.8499999991864,1553.399999999135,1557.4499999991313,18.100000000000122,122.0999999999952,12.400000000000041,0,17.90000000000012,0.25,0,10.0,132.00000000000261
J000256,2023-01-03/BKSD,BKSD,AMR_30,G30_2,WS_25_20,"[""113142""]",1,1390.3999999992832,1587.5999999991038,1525.2499999991605,1390.3999999992832,1440.3499999992378,1444.399999999234,1515.1499999991697,1515.1999999991697,1525.1999999991606,1525.2499999991605,1583.5499999991075,1587.5999999991038,18.100000000000122,137.94999999999712,20.05000000000015,0,20.85000000000016,0.25,0,46.000000000000014,104.00000000000124
J000257,2023-01-03/KELS,KELS,AMR_16,G20_14,WS_30_20,"[""110540""]",1,1394.899999999279,1520.399999999165,1480.0999999992016,1394.899999999279,1394.899999999279,1398.9499999992754,1469.9999999992108,1470.0499999992107,1480.0499999992016,1480.0999999992016,1516.3499999991686,1520.399999999165,18.100000000000122,74.14999999999793,9.55,0,23.5000000000002,0.2,0,0.0,80.00000000000011
J000258,2023-01-03/DESA,DESA,AMR_36,G11_9,WS_19_20,"[""107130""]",1,1397.5499999992767,1640.7499999990555,1473.3499999992077,1397.5499999992767,1397.5499999992767,1401.599999999273,1463.249999999217,1463.2999999992169,1473.2999999992078,1473.3499999992077,1636.6999999990592,1640.7499999990555,18.100000000000122,109.69999999999591,15.300000000000082,0,99.89999999999647,0.2,0,0.0,116.00000000000125
J000259,2023-01-03/BKSD,BKSD,AMR_35,G8_7,WS_25_20,"[""107344""]",1,1403.9499999992709,1651.149999999046,1564.1499999991252,1403.9499999992709,1450.1999999992288,1454.249999999225,1554.0499999991343,1554.0999999991343,1564.0999999991252,1564.1499999991252,1647.0999999990497,1651.149999999046,18.100000000000122,178.50000000000634,19.100000000000136,0,31.25000000000031,0.25,0,48.000000000000384,163.9999999999972
J000260,2023-01-03/CTHR,CTHR,AMR_40,G28_2,WS_8_20,"[""110200""]",1,1404.5499999992703,1640.9499999990553,1528.1999999991579,1404.5499999992703,1422.6499999992539,1426.6999999992502,1518.099999999167,1518.149999999167,1528.149999999158,1528.1999999991579,1636.899999999059,1640.9499999990553,18.100000000000122,154.30000000000084,15.300000000000082,0,48.449999999999385,0.25,0,17.999999999999986,163.99999999999844
J000261,2023-01-03/CTSQ,CTSQ,AMR_37,G14_9,WS_13_20,"[""110233"", ""110606"", ""112059""]",4,1416.3499999992596,1566.399999999123,1529.2999999991569,1416.3499999992596,1462.4499999992177,1466.499999999214,1519.199999999166,1519.249999999166,1529.249999999157,1529.2999999991569,1562.3499999991268,1566.399999999123,18.100000000000122,85.39999999999729,15.300000000000082,0,31.000000000000306,0.25,0,24.0,60.0000000000005
J000262,2023-01-03/KBES,KBES,AMR_32,G26_9,WS_2_20,"[""123788""]",1,1419.299999999257,1702.2499999989996,1603.4999999990894,1419.299999999257,1422.399999999254,1426.4499999992504,1593.3999999990986,1593.4499999990985,1603.4499999990894,1603.4999999990894,1698.1999999990032,1702.2499999989996,18.100000000000122,138.2999999999972,16.150000000000095,0,110.14999999999588,0.25,0,2.0,148.0000000000006
J000263,2023-01-03/CTHR,CTHR,AMR_39,G29_2,WS_8_20,"[""127332""]",1,1420.4499999992559,1690.3499999990104,1603.899999999089,1420.4499999992559,1464.6499999992157,1468.699999999212,1593.7999999990982,1593.8499999990981,1603.849999999089,1603.899999999089,1686.299999999014,1690.3499999990104,18.100000000000122,181.95000000000712,17.20000000000011,0,52.39999999999916,0.25,0,42.0000000000002,171.9999999999957
J000264,2023-01-03/BKSD,BKSD,AMR_10,G6_10,WS_25_20,"[""101221""]",1,1421.449999999255,1714.3999999989885,1605.099999999088,1421.449999999255,1503.6499999991802,1507.6999999991765,1594.999999999097,1595.049999999097,1605.049999999088,1605.099999999088,1710.3499999989922,1714.3999999989885,18.100000000000122,157.50000000000156,14.250000000000068,0,102.8499999999963,0.25,0,66.00000000000111,124.00000000000082
J000265,2023-01-03/CTSQ,CTSQ,AMR_01,G26_15,WS_13_20,"[""101021"", ""110552""]",2,1433.6499999992438,1746.9999999989589,1693.8999999990072,1433.6499999992438,1640.8999999990554,1644.9499999990517,1683.7999999990163,1683.8499999990163,1693.8499999990072,1693.8999999990072,1742.9499999989625,1746.9999999989589,18.100000000000122,162.85000000000278,27.85000000000026,0,104.29999999999622,0.25,0,92.00000000000082,76.0000000000002
J000266,2023-01-03/CTHR,CTHR,AMR_38,G17_14,WS_8_20,"[""140079""]",1,1447.3999999992313,1537.6499999991493,1496.4499999991867,1447.3999999992313,1447.3999999992313,1451.4499999992277,1486.349999999196,1486.3999999991959,1496.3999999991868,1496.4499999991867,1533.599999999153,1537.6499999991493,18.100000000000122,61.19999999999866,9.55,0,1.2000000000000004,0.2,0,0.0,68.00000000000082
J000267,2023-01-03/BKSD,BKSD,AMR_27,G3_14,WS_25_20,"[""107116""]",1,1450.1999999992288,1699.549999999002,1579.8999999991108,1450.1999999992288,1469.5499999992112,1473.5999999992075,1569.79999999912,1569.84999999912,1579.8499999991109,1579.8999999991108,1695.4999999990057,1699.549999999002,18.100000000000122,156.90000000000143,19.150000000000137,0,54.949999999999015,0.25,0,16.0,147.9999999999992
J000268,2023-01-03/CTSQ,CTSQ,AMR_11,G3_10,WS_13_20,"[""110255"", ""110561""]",5,1454.349999999225,1789.5499999989202,1732.7999999989718,1454.349999999225,1633.1499999990624,1637.1999999990587,1722.699999998981,1722.749999998981,1732.7499999989718,1732.7999999989718,1785.4999999989238,1789.5499999989202,18.100000000000122,168.05000000000396,33.60000000000023,0,115.1999999999956,0.25,0,80.00000000000121,88.000000000001
J000269,2023-01-03/KBES,KBES,AMR_12,G29_15,WS_2_20,"[""112287""]",1,1458.2999999992214,1694.1999999990069,1620.5999999990738,1458.2999999992214,1489.8999999991927,1493.949999999189,1610.499999999083,1610.549999999083,1620.5499999990739,1620.5999999990738,1690.1499999990106,1694.1999999990069,18.100000000000122,142.54999999999816,12.450000000000042,0,62.54999999999858,0.25,0,30.0,132.0000000000017
J000270,2023-01-03/DSKD,DSKD,AMR_19,G26_8,WS_19_20,"[""101189""]",1,1473.3999999992077,1619.1499999990751,1551.149999999137,1473.3999999992077,1489.2499999991933,1493.2999999991896,1541.0499999991462,1541.0999999991461,1551.099999999137,1551.149999999137,1615.0999999990788,1619.1499999990751,18.100000000000122,91.99999999999692,17.20000000000011,0,18.200000000000124,0.25,0,10.0,80.00000000000037
J000271,2023-01-03/DSKD,DSKD,AMR_07,G33_12,WS_19_20,"[""112083""]",1,1473.3999999992077,1628.9499999990662,1568.3499999991213,1473.3999999992077,1495.5499999991875,1499.5999999991839,1558.2499999991305,1558.2999999991305,1568.2999999991214,1568.3499999991213,1624.89999999907,1628.9499999990662,18.100000000000122,106.79999999999607,14.300000000000068,0,16.100000000000094,0.25,0,16.0,100.00000000000026
J000272,2023-01-03/DSKD,DSKD,AMR_14,G35_13,WS_19_20,"[""107444""]",1,1473.3999999992077,1739.199999998966,1679.5499999990202,1473.3999999992077,1609.7999999990836,1613.84999999908,1669.4499999990294,1669.4999999990293,1679.4999999990202,1679.5499999990202,1735.1499999989696,1739.199999998966,18.100000000000122,182.90000000000734,23.900000000000205,0,40.64999999999983,0.25,0,118.00000000000178,96.0000000000001
J000273,2023-01-03/DSKD,DSKD,AMR_31,G8_5,WS_19_20,"[""112200""]",1,1473.3999999992077,1701.8999999989999,1603.0999999990897,1473.3999999992077,1487.8499999991946,1491.8999999991909,1592.999999999099,1593.0499999990989,1603.0499999990898,1603.0999999990897,1697.8499999990036,1701.8999999989999,18.100000000000122,128.1999999999949,15.300000000000082,0,66.64999999999836,0.25,0,8.0,128.0000000000015
J000274,2023-01-03/DSKD,DSKD,AMR_25,G33_7,WS_19_20,"[""107364""]",1,1473.3999999992077,1744.8999999989608,1648.0999999990488,1473.3999999992077,1573.5499999991166,1577.599999999113,1637.999999999058,1638.049999999058,1648.0499999990489,1648.0999999990488,1740.8499999989644,1744.8999999989608,18.100000000000122,184.35000000000767,17.20000000000011,0,51.599999999999206,0.25,0,98.00000000000091,120.00000000000043
J000275,2023-01-03/DSKD,DSKD,AMR_28,G35_9,WS_19_20,"[""107159""]",1,1473.3999999992077,1702.749999998999,1630.9999999990644,1473.3999999992077,1563.4999999991257,1567.549999999122,1620.8999999990735,1620.9499999990735,1630.9499999990644,1630.9999999990644,1698.6999999990028,1702.749999998999,18.100000000000122,164.55000000000317,18.150000000000123,0,28.300000000000267,0.25,0,86.00000000000055,112.0000000000003
J000276,2023-01-03/KJIN,KJIN,AMR_23,G26_10,WS_30_20,"[""107213"", ""112029""]",2,1484.8999999991972,1604.5499999990884,1567.2499999991223,1484.8999999991972,1512.699999999172,1516.7499999991683,1557.1499999991315,1557.1999999991315,1567.1999999991224,1567.2499999991223,1600.499999999092,1604.5499999990884,18.100000000000122,80.94999999999754,15.250000000000082,0,5.09999999999999,0.25,0,22.0,64.0000000000004
J000277,2023-01-03/KJIN,KJIN,AMR_20,G2_10,WS_30_20,"[""101094"", ""107287""]",2,1486.0499999991962,1824.1499999988887,1737.8499999989672,1486.0499999991962,1564.5999999991247,1568.649999999121,1727.7499999989764,1727.7999999989763,1737.7999999989672,1737.8499999989672,1820.0999999988924,1824.1499999988887,18.100000000000122,213.45000000001428,24.850000000000218,0,81.44999999999752,0.25,0,50.00000000000057,195.9999999999922
J000278,2023-01-03/KJIN,KJIN,AMR_06,G35_15,WS_30_20,"[""110283""]",1,1494.2999999991887,1636.849999999059,1601.3499999990913,1494.2999999991887,1558.2499999991305,1562.2999999991268,1591.2499999991005,1591.2999999991005,1601.2999999990914,1601.3499999990913,1632.7999999990627,1636.849999999059,18.100000000000122,89.24999999999707,13.350000000000055,0,21.600000000000172,0.25,0,48.0,44.0
J000279,2023-01-03/KJIN,KJIN,AMR_15,G33_13,WS_30_20,"[""124208""]",1,1498.8999999991845,1620.399999999074,1584.2999999991068,1498.8999999991845,1531.9499999991544,1535.9999999991508,1574.199999999116,1574.249999999116,1584.2499999991069,1584.2999999991068,1616.3499999990777,1620.399999999074,18.100000000000122,78.49999999999768,15.300000000000082,0,9.349999999999998,0.25,0,28.0,52.00000000000005
J000280,2023-01-03/CTHR,CTHR,AMR_18,G18_10,WS_8_20,"[""112087""]",1,1503.94999999918,1806.4999999989047,1742.6999999989628,1503.94999999918,1659.899999999038,1663.9499999990344,1732.599999998972,1732.649999998972,1742.6499999989628,1742.6999999989628,1802.4499999989084,1806.4999999989047,18.100000000000122,162.9500000000028,22.90000000000019,0,98.34999999999656,0.25,0,80.00000000000068,88.000000000001
J000281,2023-01-03/CTSQ,CTSQ,AMR_08,G6_6,WS_13_20,"[""107251"", ""111378""]",2,1518.7999999991664,1712.8999999989899,1628.5999999990665,1518.7999999991664,1547.0499999991407,1551.099999999137,1618.4999999990757,1618.5499999990757,1628.5499999990666,1628.5999999990665,1708.8499999989936,1712.8999999989899,18.100000000000122,130.3999999999954,19.100000000000136,0,26.250000000000238,0.25,0,25.99999999999995,120.00000000000185
J000282,2023-01-03/KBES,KBES,AMR_16,G24_2,WS_2_20,"[""138468""]",1,1520.449999999165,1800.1999999989105,1731.1499999989733,1520.449999999165,1605.5499999990875,1609.5999999990838,1721.0499999989825,1721.0999999989824,1731.0999999989733,1731.1499999989733,1796.1499999989142,1800.1999999989105,18.100000000000122,162.30000000000265,12.400000000000041,0,86.69999999999722,0.25,0,36.0,167.99999999999673
J000283,2023-01-03/CTHR,CTHR,AMR_38,G21_10,WS_8_20,"[""112386""]",1,1537.6999999991492,1735.5999999989692,1661.149999999037,1537.6999999991492,1562.5999999991266,1566.6499999991229,1651.0499999990461,1651.099999999046,1661.099999999037,1661.149999999037,1731.549999998973,1735.5999999989692,18.100000000000122,113.2999999999957,16.250000000000096,0,49.9999999999993,0.25,0,20.0,100.00000000000097
J000284,2023-01-03/BKSD,BKSD,AMR_21,G15_10,WS_25_20,"[""110313""]",1,1541.199999999146,1811.2499999989004,1732.1499999989724,1541.199999999146,1601.8499999990909,1605.8999999990872,1722.0499999989815,1722.0999999989815,1732.0999999989724,1732.1499999989724,1807.199999998904,1811.2499999989004,18.100000000000122,129.69999999999524,20.05000000000015,0,101.94999999999635,0.25,0,30.0,104.00000000000065
J000285,2023-01-03/CTHR,CTHR,AMR_13,G35_8,WS_8_20,"[""101203""]",1,1544.8999999991427,1814.3999999988976,1710.8999999989917,1544.8999999991427,1605.5499999990875,1609.5999999990838,1700.7999999990009,1700.8499999990008,1710.8499999989917,1710.8999999989917,1810.3499999989012,1814.3999999988976,18.100000000000122,172.40000000000495,15.250000000000082,0,63.49999999999853,0.25,0,32.0,163.99999999999844
J000286,2023-01-03/KJIN,KJIN,AMR_26,G35_14,WS_30_20,"[""111380""]",1,1550.6499999991374,1719.4999999989839,1686.0499999990143,1550.6499999991374,1630.299999999065,1634.3499999990613,1675.9499999990235,1675.9999999990234,1685.9999999990143,1686.0499999990143,1715.4499999989876,1719.4999999989839,18.100000000000122,104.94999999999618,15.300000000000082,0,30.250000000000295,0.25,0,68.00000000000004,48.00000000000004
J000287,2023-01-03/CTSQ,CTSQ,AMR_24,G0_11,WS_13_20,"[""107256"", ""110534""]",2,1557.4999999991312,1813.849999998898,1767.74999999894,1557.4999999991312,1664.8999999990335,1668.9499999990298,1757.6499999989492,1757.6999999989491,1767.69999999894,1767.74999999894,1809.7999999989017,1813.849999998898,18.100000000000122,150.1499999999999,16.200000000000095,0,71.64999999999807,0.25,0,74.00000000000084,96.00000000000125
J000288,2023-01-03/BKSD,BKSD,AMR_37,G8_13,WS_25_20,"[""126832""]",1,1566.449999999123,1824.0499999988888,1768.5499999989393,1566.449999999123,1671.8999999990272,1675.9499999990235,1758.4499999989484,1758.4999999989484,1768.4999999989393,1768.5499999989393,1819.9999999988925,1824.0499999988888,18.100000000000122,164.2500000000031,19.150000000000137,0,55.849999999998964,0.25,0,68.00000000000091,112.00000000000082
J000289,2023-01-03/BKSD,BKSD,AMR_17,G3_8,WS_25_20,"[""107336""]",1,1579.9999999991107,1845.2999999988695,1752.299999998954,1579.9999999991107,1618.099999999076,1622.1499999990724,1742.1999999989632,1742.2499999989632,1752.249999998954,1752.299999998954,1841.2499999988731,1845.2999999988695,18.100000000000122,176.50000000000588,18.100000000000122,0,52.34999999999916,0.25,0,23.999999999999968,175.99999999999528
J000290,2023-01-03/KJIN,KJIN,AMR_30,G36_15,WS_30_20,"[""131976""]",1,1587.6499999991038,1699.7499999990018,1669.0999999990297,1587.6499999991038,1627.099999999068,1631.1499999990642,1658.999999999039,1659.0499999990388,1669.0499999990298,1669.0999999990297,1695.6999999990055,1699.7499999990018,18.100000000000122,79.09999999999765,11.450000000000028,0,3.1999999999999966,0.25,0,42.000000000000284,48.0
J000291,2023-01-03/DSKD,DSKD,AMR_34,G9_2,WS_19_20,"[""110437""]",1,1595.149999999097,1786.8499999989226,1727.2499999989768,1595.149999999097,1647.1499999990497,1651.199999999046,1717.149999998986,1717.199999998986,1727.1999999989769,1727.2499999989768,1782.7999999989263,1786.8499999989226,18.100000000000122,142.34999999999812,16.150000000000095,0,14.850000000000076,0.25,0,46.0000000000003,120.00000000000182
J000292,2023-01-03/KBES,KBES,AMR_29,G0_15,WS_2_20,"[""101095"", ""107312"", ""110519"", ""124702""]",4,1598.0999999990943,1737.2499999989677,1714.0499999989888,1598.0999999990943,1674.4499999990248,1678.4999999990212,1703.949999998998,1703.999999998998,1713.9999999989889,1714.0499999989888,1733.1999999989714,1737.2499999989677,18.100000000000122,88.09999999999714,12.450000000000042,0,20.250000000000153,0.25,0,62.00000000000078,35.999999999999986
J000293,2023-01-03/CTHR,CTHR,AMR_33,G14_9,WS_8_20,"[""110227""]",1,1601.1499999990915,1775.8999999989326,1726.7499999989773,1601.1499999990915,1664.2499999990341,1668.2999999990304,1716.6499999989865,1716.6999999989864,1726.6999999989773,1726.7499999989773,1771.8499999989363,1775.8999999989326,18.100000000000122,113.4499999999957,19.150000000000137,0,23.800000000000203,0.25,0,48.00000000000041,76.0000000000008
J000294,2023-01-03/KJIN,KJIN,AMR_05,G27_12,WS_30_20,"[""109843""]",1,1603.1999999990896,1788.649999998921,1754.7999999989518,1603.1999999990896,1691.6499999990092,1695.6999999990055,1744.699999998961,1744.749999998961,1754.7499999989518,1754.7999999989518,1784.5999999989247,1788.649999998921,18.100000000000122,108.199999999996,18.150000000000123,0,40.74999999999982,0.25,0,62.00000000000058,56.0000000000003
J000295,2023-01-03/CTSQ,CTSQ,AMR_23,G26_2,WS_13_20,"[""101335"", ""107317"", ""110502""]",5,1604.5999999990884,1781.1999999989278,1715.6499999989874,1604.5999999990884,1629.8999999990654,1633.9499999990617,1705.5499999989966,1705.5999999989965,1715.5999999989874,1715.6499999989874,1777.1499999989314,1781.1999999989278,18.100000000000122,133.8999999999962,15.200000000000081,0,9.149999999999995,0.25,0,19.999999999999986,140.000000000001
J000296,2023-01-03/BKSD,BKSD,AMR_19,G18_9,WS_25_20,"[""107381""]",1,1619.199999999075,1863.6999999988527,1824.0999999988887,1619.199999999075,1750.8999999989553,1754.9499999989516,1813.999999998898,1814.0499999988979,1824.0499999988888,1824.0999999988887,1859.6499999988564,1863.6999999988527,18.100000000000122,159.05000000000192,24.90000000000022,0,42.19999999999974,0.25,0,90.00000000000114,80.0000000000006
J000297,2023-01-03/KBES,KBES,AMR_15,G23_12,WS_2_20,"[""111999""]",1,1620.449999999074,1822.4499999988902,1757.1499999989496,1620.449999999074,1677.3499999990222,1681.3999999990185,1747.0499999989588,1747.0999999989588,1757.0999999989497,1757.1499999989496,1818.399999998894,1822.4499999988902,18.100000000000122,126.59999999999495,13.350000000000055,0,43.699999999999655,0.25,0,30.0,120.00000000000185
J000298,2023-01-03/CTHR,CTHR,AMR_07,G38_10,WS_8_20,"[""101025""]",1,1628.9999999990662,1860.6999999988554,1758.6499999989483,1628.9999999990662,1647.1999999990496,1651.249999999046,1748.5499999989574,1748.5999999989574,1758.5999999989483,1758.6499999989483,1856.6499999988591,1860.6999999988554,18.100000000000122,157.6500000000016,13.350000000000055,0,42.34999999999973,0.25,0,14.0,175.99999999999534
J000299,2023-01-03/KJIN,KJIN,AMR_06,G20_14,WS_30_20,"[""134028""]",1,1636.899999999059,1825.3999999988876,1771.8499999989363,1636.899999999059,1692.0499999990088,1696.0999999990051,1761.7499999989454,1761.7999999989454,1771.7999999989363,1771.8499999989363,1821.3499999988912,1825.3999999988876,18.100000000000122,112.64999999999574,14.350000000000069,0,43.149999999999686,0.25,0,44.000000000000114,80.00000000000011
J000300,2023-01-03/CTSQ,CTSQ,AMR_09,G0_10,WS_13_20,"[""104429"", ""120779""]",2,1640.6499999990556,1831.8999999988816,1785.0499999989242,1640.6499999990556,1696.0999999990051,1700.1499999990015,1774.9499999989334,1774.9999999989334,1784.9999999989243,1785.0499999989242,1827.8499999988853,1831.8999999988816,18.100000000000122,116.49999999999552,15.300000000000082,0,41.0999999999998,0.25,0,25.999999999999996,100.00000000000135
J000301,2023-01-03/BKSD,BKSD,AMR_36,G2_1,WS_25_20,"[""110339""]",1,1640.7999999990554,1865.9999999988506,1784.4999999989247,1640.7999999990554,1677.8499999990217,1681.899999999018,1774.399999998934,1774.449999998934,1784.4499999989248,1784.4999999989247,1861.9499999988543,1865.9999999988506,18.100000000000122,179.1500000000065,15.250000000000082,0,12.450000000000042,0.25,0,38.000000000000014,183.9999999999941
J000302,2023-01-03/KBES,KBES,AMR_40,G30_15,WS_2_20,"[""140089""]",1,1640.9999999990553,1885.1499999988332,1808.8499999989026,1640.9999999990553,1733.2999999989713,1737.3499999989676,1798.7499999989118,1798.7999999989117,1808.7999999989026,1808.8499999989026,1881.099999998837,1885.1499999988332,18.100000000000122,184.9000000000078,17.20000000000011,0,23.700000000000202,0.25,0,86.00000000000091,136.0000000000012
J000303,2023-01-03/CTHR,CTHR,AMR_35,G11_9,WS_8_20,"[""107130"", ""110316""]",2,1651.199999999046,1823.899999998889,1774.5999999989338,1651.199999999046,1726.949999998977,1730.9999999989734,1764.499999998943,1764.549999998943,1774.5499999989338,1774.5999999989338,1819.8499999988926,1823.899999998889,18.100000000000122,106.54999999999609,21.150000000000166,0,26.650000000000244,0.25,0,46.000000000000355,64.00000000000037
J000304,2023-01-03/KBES,KBES,AMR_22,G29_10,WS_2_20,"[""110531""]",1,1655.2999999990423,1854.9499999988607,1784.4999999989247,1655.2999999990423,1676.5999999990229,1680.6499999990192,1774.399999998934,1774.449999998934,1784.4499999989248,1784.4999999989247,1850.8999999988644,1854.9499999988607,18.100000000000122,158.20000000000172,14.250000000000068,0,8.84999999999999,0.25,0,10.0,191.99999999999426
J000305,2023-01-03/KJIN,KJIN,AMR_02,G33_8,WS_30_20,"[""110176""]",1,1668.6499999990301,1853.6499999988619,1799.9999999989107,1668.6499999990301,1709.7499999989927,1713.799999998989,1789.8999999989198,1789.9499999989198,1799.9499999989107,1799.9999999989107,1849.5999999988655,1853.6499999988619,18.100000000000122,104.94999999999618,17.20000000000011,0,44.49999999999961,0.25,0,36.000000000000014,76.00000000000044
J000306,2023-01-03/CTSQ,CTSQ,AMR_04,G24_7,WS_13_20,"[""112331"", ""131216""]",3,1671.4999999990275,1879.799999998838,1802.0999999989087,1671.4999999990275,1713.0999999989897,1717.149999998986,1791.999999998918,1792.0499999989179,1802.0499999989088,1802.0999999989087,1875.7499999988418,1879.799999998838,18.100000000000122,123.19999999999514,17.20000000000011,0,49.54999999999932,0.25,0,22.00000000000003,108.00000000000077
J000307,2023-01-03/KJIN,KJIN,AMR_39,G15_15,WS_30_20,"[""110596""]",1,1690.3999999990103,1896.449999998823,1851.0499999988642,1690.3999999990103,1777.1499999989314,1781.1999999989278,1840.9499999988734,1840.9999999988734,1850.9999999988643,1851.0499999988642,1892.3999999988266,1896.449999998823,18.100000000000122,141.4499999999979,17.20000000000011,0,29.050000000000278,0.25,0,74.00000000000085,88.00000000000007
J000308,2023-01-03/CTHR,CTHR,AMR_12,G37_2,WS_8_20,"[""110158""]",1,1694.2499999990068,1933.2499999987895,1830.0999999988833,1694.2499999990068,1735.1999999989696,1739.249999998966,1819.9999999988925,1820.0499999988924,1830.0499999988833,1830.0999999988833,1929.1999999987931,1933.2499999987895,18.100000000000122,186.10000000000807,13.350000000000055,0,21.200000000000166,0.25,0,46.000000000000014,195.99999999999181
J000309,2023-01-03/KBES,KBES,AMR_27,G29_8,WS_2_20,"[""107136""]",1,1699.599999999002,2052.3499999987007,1905.4999999988147,1699.599999999002,1780.0999999989288,1784.149999998925,1895.399999998824,1895.4499999988238,1905.4499999988147,1905.4999999988147,2048.299999998686,2052.3499999987007,18.100000000000122,208.55000000001317,19.100000000000136,0,106.74999999999608,0.25,0,72.00000000000051,160.0000000000003
J000310,2023-01-03/CTSQ,CTSQ,AMR_30,G20_2,WS_13_20,"[""111238"", ""129530""]",2,1699.7999999990018,1906.9999999988133,1843.699999998871,1699.7999999990018,1761.2999999989459,1765.3499999989422,1833.59999999888,1833.64999999888,1843.649999998871,1843.699999998871,1902.949999998817,1906.9999999988133,18.100000000000122,142.7499999999982,18.100000000000122,0,28.000000000000263,0.25,0,66.00000000000115,104.00000000000131
J000311,2023-01-03/KJIN,KJIN,AMR_31,G17_10,WS_30_20,"[""101332""]",1,1701.9499999989998,1883.0499999988351,1833.9999999988797,1701.9499999989998,1738.9499999989662,1742.9999999989625,1823.899999998889,1823.9499999988889,1833.9499999988798,1833.9999999988797,1878.9999999988388,1883.0499999988351,18.100000000000122,118.79999999999539,16.250000000000096,0,27.70000000000026,0.25,0,36.0,100.00000000000065
J000312,2023-01-03/KBES,KBES,AMR_28,G30_9,WS_2_20,"[""136921""]",1,1714.0999999989888,2015.4499999987147,1888.4499999988302,1714.0999999989888,1740.4499999989648,1744.4999999989611,1878.3499999988394,1878.3999999988393,1888.3999999988303,1888.4499999988302,2011.3999999987184,2015.4499999987147,18.100000000000122,166.0000000000035,15.300000000000082,0,101.69999999999636,0.25,0,18.0,167.9999999999969
J000313,2023-01-03/CTSQ,CTSQ,AMR_32,G29_7,WS_13_20,"[""107389"", ""132280""]",2,1715.6999999989873,1933.2499999987895,1860.9499999988552,1715.6999999989873,1744.749999998961,1748.7999999989572,1850.8499999988644,1850.8999999988644,1860.8999999988553,1860.9499999988552,1929.1999999987931,1933.2499999987895,18.100000000000122,146.74999999999912,19.100000000000136,0,33.35000000000024,0.25,0,22.00000000000003,136.00000000000003
J000314,2023-01-03/KBES,KBES,AMR_26,G27_2,WS_2_20,"[""112371""]",1,1731.1999999989732,1966.2999999987594,1871.149999998846,1731.1999999989732,1769.3999999989385,1773.4499999989348,1861.0499999988551,1861.099999998855,1871.099999998846,1871.149999998846,1962.249999998763,1966.2999999987594,18.100000000000122,176.65000000000592,18.150000000000123,0,21.950000000000177,0.25,0,40.0,175.99999999999838
J000315,2023-01-03/CTSQ,CTSQ,AMR_10,G35_10,WS_13_20,"[""112284"", ""123304""]",2,1732.8499999989717,2210.199999999275,1952.7999999987717,1732.8499999989717,1867.5999999988492,1871.6499999988455,1942.6999999987809,1942.7499999987808,1952.7499999987717,1952.7999999987717,2206.14999999926,2210.199999999275,18.100000000000122,224.1000000000167,35.450000000000124,0,199.4500000000111,0.25,0,90.00000000000054,155.99999999999642
J000316,2023-01-03/BKSD,BKSD,AMR_29,G0_15,WS_25_20,"[""110519""]",1,1737.2999999989677,1882.6999999988354,1807.9999999989034,1737.2999999989677,1737.2999999989677,1741.349999998964,1797.8999999989126,1797.9499999989125,1807.9499999989034,1807.9999999989034,1878.6499999988391,1882.6999999988354,18.100000000000122,105.54999999999615,7.649999999999981,0,13.900000000000063,0.2,0,0.0,128.00000000000057
J000317,2023-01-03/KJIN,KJIN,AMR_38,G21_10,WS_30_20,"[""107254""]",1,1737.8999999989671,1866.9499999988498,1816.9499999988952,1737.8999999989671,1737.8999999989671,1741.9499999989634,1806.8499999989044,1806.8999999989044,1816.8999999988953,1816.9499999988952,1862.8999999988534,1866.9499999988498,18.100000000000122,76.09999999999782,8.549999999999986,0,26.100000000000236,0.2,0,0.0,84.00000000000048
J000318,2023-01-03/KJIN,KJIN,AMR_03,G20_7,WS_30_20,"[""107413""]",1,1754.8499999989517,1934.3999999987884,1885.1499999988332,1754.8499999989517,1792.999999998917,1797.0499999989133,1875.0499999988424,1875.0999999988423,1885.0999999988333,1885.1499999988332,1930.349999998792,1934.3999999987884,18.100000000000122,114.84999999999562,17.20000000000011,0,29.15000000000028,0.25,0,24.00000000000003,108.00000000000105
J000319,2023-01-03/KBES,KBES,AMR_14,G32_12,WS_2_20,"[""121833""]",1,1757.1999999989496,2047.2999999986857,1922.5499999987992,1757.1999999989496,1781.6999999989273,1785.7499999989236,1912.4499999988084,1912.4999999988083,1922.4999999987992,1922.5499999987992,2043.2499999986894,2047.2999999986857,18.100000000000122,154.35000000000085,14.300000000000068,0,103.09999999999629,0.25,0,12.0,159.99999999999835
J000320,2023-01-03/CTSQ,CTSQ,AMR_01,G14_15,WS_13_20,"[""107224""]",1,1767.79999999894,1904.6499999988155,1877.9999999988397,1767.79999999894,1840.0499999988742,1844.0999999988705,1867.899999998849,1867.9499999988489,1877.9499999988398,1877.9999999988397,1900.5999999988192,1904.6499999988155,18.100000000000122,71.99999999999805,12.35000000000004,0,34.1500000000002,0.25,0,36.00000000000003,32.0
J000321,2023-01-03/KJIN,KJIN,AMR_25,G30_2,WS_30_20,"[""113142""]",1,1771.8999999989362,1930.2999999987921,1868.0999999988487,1771.8999999989362,1796.6499999989137,1800.69999999891,1857.999999998858,1858.0499999988579,1868.0499999988488,1868.0999999988487,1926.2499999987958,1930.2999999987921,18.100000000000122,100.14999999999645,16.250000000000096,0,23.6500000000002,0.25,0,19.999999999999996,88.00000000000101
J000322,2023-01-03/CTHR,CTHR,AMR_23,G26_2,WS_8_20,"[""107317""]",1,1781.2499999989277,2013.7499999987162,1917.3999999988039,1781.2499999989277,1781.2499999989277,1785.299999998924,1907.299999998813,1907.349999998813,1917.349999998804,1917.3999999988039,2009.69999999872,2013.7499999987162,18.100000000000122,129.79999999999526,9.5,0,74.89999999999789,0.2,0,0.0,151.99999999999912
J000323,2023-01-03/KBES,KBES,AMR_33,G14_9,WS_2_20,"[""110233""]",1,1784.5499999989247,1898.8499999988207,1843.9499999988707,1784.5499999989247,1784.5499999989247,1788.599999998921,1833.8499999988799,1833.8999999988798,1843.8999999988707,1843.9499999988707,1894.7999999988244,1898.8499999988207,18.100000000000122,82.69999999999744,11.450000000000028,0,1.850000000000001,0.2,0,0.0,96.00000000000128
J000324,2023-01-03/CTSQ,CTSQ,AMR_08,G12_13,WS_13_20,"[""137330""]",1,1785.0999999989242,1924.6499999987973,1895.0499999988242,1785.0999999989242,1839.3499999988749,1843.3999999988712,1884.9499999988334,1884.9999999988333,1894.9999999988243,1895.0499999988242,1920.599999998801,1924.6499999987973,18.100000000000122,77.24999999999775,15.300000000000082,0,28.650000000000272,0.25,0,30.0,44.00000000000013
J000325,2023-01-03/BKSD,BKSD,AMR_11,G3_10,WS_25_20,"[""110561""]",1,1789.59999999892,1989.0499999987387,1890.1999999988286,1789.59999999892,1789.59999999892,1793.6499999989164,1880.0999999988378,1880.1499999988378,1890.1499999988287,1890.1999999988286,1984.9999999987424,1989.0499999987387,18.100000000000122,115.1499999999956,9.5,0,56.49999999999893,0.2,0,0.0,136.0000000000004
J000326,2023-01-03/KJIN,KJIN,AMR_05,G34_2,WS_30_20,"[""101273""]",1,1800.0499999989106,1965.9999999987597,1901.9999999988179,1800.0499999989106,1834.1999999988795,1838.2499999988759,1891.899999998827,1891.949999998827,1901.949999998818,1901.9999999988179,1961.9499999987634,1965.9999999987597,18.100000000000122,116.7999999999955,14.350000000000069,0,16.4500000000001,0.25,0,34.0,104.00000000000117
J000327,2023-01-03/CTSQ,CTSQ,AMR_34,G17_14,WS_13_20,"[""110572""]",1,1802.1499999989087,1955.1499999987695,1912.0999999988087,1802.1499999989087,1855.59999999886,1859.6499999988564,1901.9999999988179,1902.0499999988178,1912.0499999988087,1912.0999999988087,1951.0999999987732,1955.1499999987695,18.100000000000122,90.39999999999701,15.300000000000082,0,28.950000000000276,0.25,0,48.0000000000005,44.000000000000114
J000328,2023-01-03/KBES,KBES,AMR_18,G32_10,WS_2_20,"[""131589""]",1,1808.8999999989026,2079.4499999987993,1939.5999999987837,1808.8999999989026,1844.2999999988704,1848.3499999988667,1929.4999999987929,1929.5499999987928,1939.5499999987837,1939.5999999987837,2075.3999999987846,2079.4499999987993,18.100000000000122,173.4500000000052,13.350000000000055,0,65.39999999999843,0.25,0,32.0,163.99999999999812
J000329,2023-01-03/KJIN,KJIN,AMR_21,G15_10,WS_30_20,"[""110097""]",1,1816.9999999988952,2013.6499999987163,1936.2999999987867,1816.9999999988952,1816.9999999988952,1821.0499999988915,1926.1999999987959,1926.2499999987958,1936.2499999987867,1936.2999999987867,2009.59999999872,2013.6499999987163,18.100000000000122,100.89999999999641,10.500000000000014,0,66.94999999999834,0.2,0,0.0,108.00000000000006
J000330,2023-01-03/DSKD,DSKD,AMR_20,G2_10,WS_19_20,"[""135420""]",1,1824.1999999988886,1994.0999999987341,1912.9999999988079,1824.1999999988886,1824.1999999988886,1828.249999998885,1902.899999998817,1902.949999998817,1912.949999998808,1912.9999999988079,1990.0499999987378,1994.0999999987341,18.100000000000122,106.3499999999961,10.500000000000014,0,34.75000000000016,0.2,0,0.0,120.00000000000155
J000331,2023-01-03/KJIN,KJIN,AMR_16,G24_2,WS_30_20,"[""138468""]",1,1834.0499999988797,1980.3999999987466,1919.2499999988022,1834.0499999988797,1834.0499999988797,1838.099999998876,1909.1499999988114,1909.1999999988113,1919.1999999988022,1919.2499999988022,1976.3499999987503,1980.3999999987466,18.100000000000122,93.24999999999685,12.35000000000004,0,22.450000000000184,0.2,0,0.0,104.00000000000142
J000332,2023-01-03/CTSQ,CTSQ,AMR_06,G18_10,WS_13_20,"[""112070"", ""112087""]",3,1843.7499999988709,2012.6999999987172,1935.7499999987872,1843.7499999988709,1866.69999999885,1870.7499999988463,1925.6499999987964,1925.6999999987963,1935.6999999987872,1935.7499999987872,2008.649999998721,2012.6999999987172,18.100000000000122,78.2999999999977,13.350000000000055,0,58.94999999999879,0.25,0,12.0,68.00000000000057
J000333,2023-01-03/KBES,KBES,AMR_15,G32_7,WS_2_20,"[""107210""]",1,1843.9999999988706,2233.9999999993615,2122.199999998955,1843.9999999988706,1896.1999999988232,1900.2499999988195,2112.099999998918,2112.1499999989182,2122.1499999989546,2122.199999998955,2229.949999999347,2233.9999999993615,18.100000000000122,179.75000000000662,13.350000000000055,0,178.55000000000635,0.25,0,28.00000000000003,175.99999999999486
J000334,2023-01-03/KJIN,KJIN,AMR_35,G11_9,WS_30_20,"[""125639""]",1,1851.0999999988642,2132.8499999989936,1970.3999999987557,1851.0999999988642,1851.0999999988642,1855.1499999988605,1960.2999999987649,1960.3499999987648,1970.3499999987557,1970.3999999987557,2128.799999998979,2132.8499999989936,18.100000000000122,140.4499999999977,17.20000000000011,0,105.79999999999613,0.2,0,0.0,151.99999999999892
J000335,2023-01-03/CTSQ,CTSQ,AMR_13,G35_8,WS_13_20,"[""101203"", ""124183""]",2,1860.9999999988552,2169.749999999128,1969.8499999987562,1860.9999999988552,1860.9999999988552,1865.0499999988515,1959.7499999987654,1959.7999999987653,1969.7999999987562,1969.8499999987562,2165.699999999113,2169.749999999128,18.100000000000122,142.7499999999982,11.450000000000028,0,136.24999999999673,0.2,0,0.0,159.99999999999645
J000336,2023-01-03/KJIN,KJIN,AMR_07,G38_10,WS_30_20,"[""101155""]",1,1868.1499999988487,2003.7499999987253,1953.3499999987712,1868.1499999988487,1868.1499999988487,1872.199999998845,1943.2499999987804,1943.2999999987803,1953.2999999987712,1953.3499999987712,1999.699999998729,2003.7499999987253,18.100000000000122,75.69999999999784,9.5,0,32.100000000000314,0.2,0,0.0,84.00000000000031
J000337,2023-01-03/KBES,KBES,AMR_19,G18_9,WS_2_20,"[""110618""]",1,1871.199999998846,2089.799999998837,1972.8499999987534,1871.199999998846,1871.199999998846,1875.2499999988422,1962.7499999987626,1962.7999999987626,1972.7999999987535,1972.8499999987534,2085.749999998822,2089.799999998837,18.100000000000122,134.24999999999628,9.55,0,56.49999999999893,0.2,0,0.0,156.00000000000065
J000338,2023-01-03/CTSQ,CTSQ,AMR_24,G11_13,WS_13_20,"[""101337""]",1,1878.0499999988397,2029.6499999987018,1986.8999999987407,1878.0499999988397,1904.2499999988158,1908.2999999988122,1976.7999999987499,1976.8499999987498,1986.8499999987407,1986.8999999987407,2025.5999999987055,2029.6499999987018,18.100000000000122,78.1499999999977,15.300000000000082,0,39.799999999999876,0.25,0,26.0,52.00000000000013
J000339,2023-01-03/CTHR,CTHR,AMR_29,G0_15,WS_8_20,"[""110519""]",1,1882.7499999988354,1964.499999998761,1933.5499999987892,1882.7499999988354,1882.7499999988354,1886.7999999988317,1923.4499999987984,1923.4999999987983,1933.4999999987892,1933.5499999987892,1960.4499999987647,1964.499999998761,18.100000000000122,53.84999999999908,7.649999999999981,0,1.950000000000001,0.2,0,0.0,60.00000000000034
J000340,2023-01-03/KJIN,KJIN,AMR_37,G9_9,WS_30_20,"[""110588""]",1,1885.1999999988332,2108.5999999989053,1998.8999999987298,1885.1999999988332,1904.049999998816,1908.0999999988123,1988.799999998739,1988.849999998739,1998.8499999987298,1998.8999999987298,2104.5499999988906,2108.5999999989053,18.100000000000122,170.25000000000446,15.250000000000082,0,19.550000000000143,0.25,0,14.0,195.99999999999324
J000341,2023-01-03/KBES,KBES,AMR_22,G36_10,WS_2_20,"[""112272""]",1,1888.4999999988302,2203.099999999249,2104.899999998892,1888.4999999988302,1912.2499999988086,1916.2999999988049,2094.799999998855,2094.8499999988553,2104.8499999988917,2104.899999998892,2199.0499999992344,2203.099999999249,18.100000000000122,188.35000000000858,12.400000000000041,0,95.49999999999672,0.25,0,18.0,215.99999999998911
J000342,2023-01-03/BLOS,BLOS,AMR_02,G33_13,WS_25_20,"[""124208""]",1,1890.2499999988286,2005.5999999987237,1962.349999998763,1890.2499999988286,1908.7999999988117,1912.849999998808,1952.2499999987722,1952.2999999987721,1962.299999998763,1962.349999998763,2001.5499999987273,2005.5999999987237,18.100000000000122,81.59999999999751,13.400000000000055,0,2.000000000000001,0.25,0,14.0,76.00000000000013
J000343,2023-01-03/CTSQ,CTSQ,AMR_17,G8_14,WS_13_20,"[""111356""]",2,1895.0999999988242,2126.4999999989705,2023.7499999987072,1895.0999999988242,1924.4999999987974,1928.5499999987937,2013.6499999987163,2013.6999999987163,2023.6999999987072,2023.7499999987072,2122.4499999989557,2126.4999999989705,18.100000000000122,87.34999999999718,17.20000000000011,0,108.49999999999598,0.25,0,21.999999999999986,60.000000000000185
J000344,2023-01-03/BLOS,BLOS,AMR_33,G14_9,WS_25_20,"[""110227""]",1,1898.8999999988207,2064.9499999987465,1984.9999999987424,1898.8999999988207,1898.8999999988207,1902.949999998817,1974.8999999987516,1974.9499999987515,1984.9499999987424,1984.9999999987424,2060.899999998732,2064.9499999987465,18.100000000000122,94.79999999999676,9.55,0,43.39999999999967,0.2,0,0.0,104.0000000000006
J000345,2023-01-03/KJIN,KJIN,AMR_09,G5_14,WS_30_20,"[""107204""]",1,1902.0499999988178,2362.6499999998296,2044.4499999986883,1902.0499999988178,1930.7999999987917,1934.849999998788,2034.3499999986975,2034.3999999986975,2044.3999999986884,2044.4499999986883,2358.599999999815,2362.6499999998296,18.100000000000122,169.40000000000427,21.000000000000163,0,251.85000000002302,0.25,0,17.999999999999986,159.99999999999758
J000346,2023-01-03/KBES,KBES,AMR_40,G35_7,WS_2_20,"[""111367""]",1,1905.5499999988147,2279.8499999995283,2189.849999999201,1905.5499999988147,1966.799999998759,1970.8499999987553,2179.749999999164,2179.7999999991644,2189.7999999992007,2189.849999999201,2275.7999999995136,2279.8499999995283,18.100000000000122,205.1500000000124,21.950000000000177,0,128.84999999999505,0.25,0,30.00000000000003,211.99999999999002
J000347,2023-01-03/CTSQ,CTSQ,AMR_31,G11_12,WS_13_20,"[""110492""]",1,1912.1499999988087,2039.199999998693,2006.4999999987228,1912.1499999988087,1933.5499999987892,1937.5999999987855,1996.399999998732,1996.449999998732,2006.449999998723,2006.4999999987228,2035.1499999986968,2039.199999998693,18.100000000000122,73.39999999999797,14.300000000000068,0,21.000000000000163,0.25,0,16.0,56.00000000000034
J000348,2023-01-03/HQMW,HQMW,AMR_38,G17_10,WS_19_20,"[""110419""]",1,1916.6499999988046,2028.1499999987032,1990.5499999987373,1916.6499999988046,1932.54999999879,1936.5999999987864,1980.4499999987465,1980.4999999987465,1990.4999999987374,1990.5499999987373,2024.0999999987068,2028.1499999987032,18.100000000000122,74.7499999999979,12.35000000000004,0,6.0499999999999865,0.25,0,12.0,64.0000000000004
J000349,2023-01-03/KJIN,KJIN,AMR_01,G14_15,WS_30_20,"[""107224""]",1,1919.2999999988022,2113.699999998924,2016.0499999987142,1919.2999999988022,1919.2999999988022,1923.3499999987985,2005.9499999987233,2005.9999999987233,2015.9999999987142,2016.0499999987142,2109.649999998909,2113.699999998924,18.100000000000122,86.44999999999723,6.649999999999984,0,82.99999999999743,0.2,0,0.0,92.00000000000001
J000350,2023-01-03/KBES,KBES,AMR_04,G38_14,WS_2_20,"[""110294""]",1,1922.5999999987991,2318.0499999996673,2139.249999999017,1922.5999999987991,1968.0999999987578,1972.149999998754,2129.14999999898,2129.1999999989803,2139.1999999990167,2139.249999999017,2313.9999999996526,2318.0499999996673,18.100000000000122,191.30000000000925,15.300000000000082,0,170.50000000000452,0.25,0,42.00000000000013,171.99999999999463
J000351,2023-01-03/DMHS,DMHS,AMR_39,G6_13,WS_8_20,"[""111391"", ""124208""]",3,1933.5999999987891,2163.799999999106,2132.8999999989937,1933.5999999987891,2021.8999999987088,2025.9499999987052,2122.799999998957,2122.849999998957,2132.8499999989936,2132.8999999989937,2159.7499999990914,2163.799999999106,18.100000000000122,89.29999999999707,18.150000000000123,0,104.39999999999621,0.25,0,34.00000000000003,52.00000000000013
J000352,2023-01-03/DMHS,DMHS,AMR_08,G12_10,WS_8_20,"[""110444""]",1,1933.5999999987891,2103.7499999988877,2042.9999999986896,1933.5999999987891,1949.5999999987746,1953.649999998771,2032.8999999986988,2032.9499999986988,2042.9499999986897,2042.9999999986896,2099.699999998873,2103.7499999988877,18.100000000000122,96.94999999999663,16.300000000000097,0,38.54999999999995,0.25,0,10.0,84.00000000000045
J000353,2023-01-03/DMHS,DMHS,AMR_36,G2_1,WS_8_20,"[""110339""]",1,1933.5999999987891,2078.549999998796,2026.9499999987042,1933.5999999987891,1933.5999999987891,1937.6499999987855,2016.8499999987134,2016.8999999987134,2026.8999999987043,2026.9499999987042,2074.4999999987813,2078.549999998796,18.100000000000122,95.59999999999671,9.55,0,21.50000000000017,0.2,0,0.0,116.000000000002
J000354,2023-01-03/DMHS,DMHS,AMR_12,G38_7,WS_8_20,"[""112316""]",1,1933.5999999987891,2254.3999999994357,2113.449999998923,1933.5999999987891,1947.8499999987762,1951.8999999987725,2103.3499999988862,2103.3999999988864,2113.399999998923,2113.449999998923,2250.349999999421,2254.3999999994357,18.100000000000122,169.9500000000044,12.450000000000042,0,120.04999999999532,0.25,0,12.0,179.9999999999949
J000355,2023-01-03/CTSQ,CTSQ,AMR_03,G15_12,WS_13_20,"[""111276""]",2,1935.7999999987871,2146.2499999990423,2071.0499999987687,1935.7999999987871,1997.9999999987306,2002.049999998727,2060.949999998732,2060.999999998732,2070.9999999987685,2071.0499999987687,2142.1999999990276,2146.2499999990423,18.100000000000122,102.49999999999632,17.20000000000011,0,72.39999999999803,0.25,0,52.00000000000058,52.000000000000455
J000356,2023-01-03/KJIN,KJIN,AMR_30,G6_10,WS_30_20,"[""107293""]",1,1936.3499999987866,2374.3999999998723,2198.349999999232,1936.3499999987866,2088.699999998833,2092.7499999988477,2188.249999999195,2188.2999999991953,2198.2999999992317,2198.349999999232,2370.3499999998576,2374.3999999998723,18.100000000000122,237.6500000000198,30.5500000000003,0,151.5000000000002,0.25,0,116.00000000000202,147.9999999999986
J000357,2023-01-03/KBES,KBES,AMR_25,G38_13,WS_2_20,"[""101135""]",1,1939.6499999987836,2257.749999999448,2172.549999999138,1939.6499999987836,1976.4499999987502,1980.4999999987465,2162.4499999991012,2162.4999999991014,2172.499999999138,2172.549999999138,2253.699999999433,2257.749999999448,18.100000000000122,207.25000000001288,22.000000000000178,0,70.49999999999814,0.25,0,38.0000000000001,203.99999999999065
J000358,2023-01-03/CTSQ,CTSQ,AMR_32,G18_13,WS_13_20,"[""123306""]",1,1952.8499999987716,2142.649999999029,2054.1499999987072,1952.8499999987716,1989.5999999987382,1993.6499999987345,2044.0499999986887,2044.0999999986886,2054.099999998707,2054.1499999987072,2138.5999999990145,2142.649999999029,18.100000000000122,89.69999999999705,15.300000000000082,0,66.44999999999837,0.25,0,34.0,60.000000000000426
J000359,2023-01-03/KJIN,KJIN,AMR_34,G3_14,WS_30_20,"[""101322""]",1,1955.1999999987695,2724.450000001146,2467.7000000002117,1955.1999999987695,2120.299999998948,2124.3499999989626,2457.600000000175,2457.650000000175,2467.6500000002115,2467.7000000002117,2720.400000001131,2724.450000001146,18.100000000000122,258.5000000000245,40.199999999999854,0,452.20000000006854,0.25,0,92.00000000000107,171.9999999999971
J000360,2023-01-03/DMHS,DMHS,AMR_29,G0_15,WS_8_20,"[""110519""]",1,1964.549999998761,2109.9999999989104,2075.199999998784,1964.549999998761,1964.549999998761,1968.5999999987573,2065.099999998747,2065.1499999987473,2075.1499999987836,2075.199999998784,2105.9499999988957,2109.9999999989104,18.100000000000122,55.54999999999898,7.649999999999981,0,63.949999999998504,0.2,0,0.0,60.00000000000034
J000361,2023-01-03/DMHS,DMHS,AMR_26,G27_2,WS_8_20,"[""110569""]",1,1966.3499999987594,2378.999999999889,2306.2499999996244,1966.3499999987594,1966.3499999987594,1970.3999999987557,2296.1499999995876,2296.199999999588,2306.199999999624,2306.2499999996244,2374.9499999998743,2378.999999999889,18.100000000000122,184.25000000000765,19.100000000000136,0,191.00000000000918,0.2,0,0.0,211.99999999999127
J000362,2023-01-03/CTSQ,CTSQ,AMR_05,G14_10,WS_13_20,"[""101013""]",1,1969.8999999987561,2259.0499999994527,2186.549999999189,1969.8999999987561,2117.599999998938,2121.649999998953,2176.449999999152,2176.4999999991524,2186.4999999991887,2186.549999999189,2254.999999999438,2259.0499999994527,18.100000000000122,153.3000000000006,25.80000000000023,0,91.69999999999693,0.25,0,100.00000000000088,60.00000000000044
J000363,2023-01-03/KBES,KBES,AMR_16,G38_9,WS_2_20,"[""107407""]",1,1980.4499999987465,2602.0500000007005,2379.049999999889,1980.4499999987465,2042.64999999869,2046.6999999986863,2368.9499999998525,2368.9999999998527,2378.999999999889,2379.049999999889,2598.0000000006858,2602.0500000007005,18.100000000000122,260.600000000025,34.30000000000019,0,308.35000000003583,0.25,0,42.000000000000284,235.99999999999133
J000364,2023-01-03/BSAR,BSAR,AMR_11,G23_15,WS_25_20,"[""110157""]",1,1989.0999999987387,2475.9500000002417,2455.0500000001657,1989.0999999987387,2329.199999999708,2333.2499999997226,2444.950000000129,2445.000000000129,2455.0000000001655,2455.0500000001657,2471.900000000227,2475.9500000002417,18.100000000000122,195.70000000001025,36.40000000000007,0,236.4000000000195,0.25,0,169.99999999999775,36.00000000000003
J000365,2023-01-03/JJNG,JJNG,AMR_20,G33_7,WS_19_20,"[""107364""]",1,1994.149999998734,2304.6999999996187,2182.8499999991755,1994.149999998734,2116.3499999989335,2120.3999999989483,2172.7499999991387,2172.799999999139,2182.7999999991753,2182.8499999991755,2300.649999999604,2304.6999999996187,18.100000000000122,216.05000000001488,26.750000000000245,0,49.39999999999933,0.25,0,124.00000000000148,136.00000000000009
J000366,2023-01-03/BSAR,BSAR,AMR_07,G21_10,WS_25_20,"[""107124""]",2,2003.7999999987253,2206.5499999992617,2172.249999999137,2003.7999999987253,2095.299999998857,2099.3499999988717,2162.1499999991,2162.1999999991003,2172.1999999991367,2172.249999999137,2202.499999999247,2206.5499999992617,18.100000000000122,130.69999999999547,20.00000000000015,0,33.70000000000022,0.25,0,82.00000000000048,64.00000000000041
J000367,2023-01-03/BSAR,BSAR,AMR_02,G23_7,WS_25_20,"[""101018""]",1,2005.6499999987236,2194.599999999218,2156.4499999990794,2005.6499999987236,2084.4499999988175,2088.499999998832,2146.3499999990427,2146.399999999043,2156.3999999990792,2156.4499999990794,2190.5499999992035,2194.599999999218,18.100000000000122,130.29999999999538,21.050000000000164,0,19.25000000000014,0.25,0,68.0000000000008,76.0000000000008
J000368,2023-01-03/BSAR,BSAR,AMR_06,G23_6,WS_25_20,"[""110216""]",1,2012.7499999987172,2161.249999999097,2121.649999998953,2012.7499999987172,2038.149999998694,2042.1999999986904,2111.549999998916,2111.5999999989162,2121.5999999989526,2121.649999998953,2157.199999999082,2161.249999999097,18.100000000000122,96.09999999999668,15.250000000000082,0,18.800000000000132,0.25,0,22.00000000000003,80.0000000000008
J000369,2023-01-03/KJIN,KJIN,AMR_21,G3_12,WS_30_20,"[""127627""]",1,2013.6999999987163,2400.3499999999667,2241.9999999993906,2013.6999999987163,2088.3499999988317,2092.3999999988464,2231.899999999354,2231.949999999354,2241.9499999993905,2241.9999999993906,2396.299999999952,2400.3499999999667,18.100000000000122,189.7500000000089,17.20000000000011,0,161.35000000000244,0.25,0,68.00000000000104,147.99999999999937
J000370,2023-01-03/CTSQ,CTSQ,AMR_23,G14_8,WS_13_20,"[""112372""]",1,2013.7999999987162,2196.999999999227,2120.84999999895,2013.7999999987162,2059.549999998727,2063.5999999987416,2110.749999998913,2110.7999999989133,2120.7999999989497,2120.84999999895,2192.949999999212,2196.999999999227,18.100000000000122,97.09999999999663,14.300000000000068,0,53.4499999999991,0.25,0,40.0000000000002,64.00000000000045
J000371,2023-01-03/BSAR,BSAR,AMR_28,G24_2,WS_25_20,"[""109989""]",1,2015.4999999987147,2159.049999999089,2105.799999998895,2015.4999999987147,2046.8499999986861,2050.8999999986954,2095.6999999988584,2095.7499999988586,2105.749999998895,2105.799999998895,2154.999999999074,2159.049999999089,18.100000000000122,103.24999999999628,14.300000000000068,0,7.649999999999981,0.25,0,29.999999999999996,92.00000000000112
J000372,2023-01-03/CTSQ,CTSQ,AMR_38,G15_8,WS_13_20,"[""101282""]",1,2028.199999998703,2166.449999999116,2091.449999998843,2028.199999998703,2041.7999999986907,2045.849999998687,2081.349999998806,2081.3999999988064,2091.3999999988428,2091.449999998843,2162.399999999101,2166.449999999116,18.100000000000122,77.19999999999776,12.400000000000041,0,30.300000000000296,0.25,0,8.0,68.00000000000051
J000373,2023-01-03/DMHS,DMHS,AMR_24,G18_10,WS_8_20,"[""112087""]",1,2029.6999999987017,2466.0500000002057,2396.9999999999545,2029.6999999987017,2206.1999999992604,2210.249999999275,2386.899999999918,2386.949999999918,2396.9499999999543,2396.9999999999545,2462.000000000191,2466.0500000002057,18.100000000000122,178.85000000000642,31.700000000000315,0,207.45000000001292,0.25,0,96.00000000000182,100.00000000000134
J000374,2023-01-03/BSAR,BSAR,AMR_31,G8_12,WS_25_20,"[""112010""]",1,2039.249999998693,2307.5999999996293,2207.0999999992637,2039.249999998693,2134.899999999001,2138.9499999990157,2196.999999999227,2197.049999999227,2207.0499999992635,2207.0999999992637,2303.5499999996146,2307.5999999996293,18.100000000000122,138.64999999999728,18.100000000000122,0,93.24999999999685,0.25,0,38.00000000000004,116.00000000000125
J000375,2023-01-03/CTSQ,CTSQ,AMR_14,G23_13,WS_13_20,"[""125183""]",1,2047.3499999986857,2284.2999999995445,2203.599999999251,2047.3499999986857,2100.299999998875,2104.34999999889,2193.499999999214,2193.5499999992144,2203.5499999992508,2203.599999999251,2280.24999999953,2284.2999999995445,18.100000000000122,117.09999999999549,18.200000000000124,0,83.29999999999741,0.25,0,48.00000000000021,72.00000000000028
J000376,2023-01-03/DMHS,DMHS,AMR_27,G26_2,WS_8_20,"[""107317""]",1,2052.399999998701,2475.45000000024,2322.399999999683,2052.399999998701,2125.049999998965,2129.09999999898,2312.2999999996464,2312.3499999996466,2322.349999999683,2322.399999999683,2471.400000000225,2475.45000000024,18.100000000000122,194.60000000001,20.10000000000015,0,190.00000000000895,0.25,0,58.00000000000063,151.99999999999815
J000377,2023-01-03/KJIN,KJIN,AMR_33,G14_9,WS_30_20,"[""107412""]",1,2064.9999999987467,2487.550000000284,2292.399999999574,2064.9999999987467,2064.9999999987467,2069.0499999987615,2282.2999999995372,2282.3499999995374,2292.349999999574,2292.399999999574,2483.500000000269,2487.550000000284,18.100000000000122,162.1000000000026,21.000000000000163,0,221.15000000001604,0.2,0,0.0,183.99999999999687
J000378,2023-01-03/CTSQ,CTSQ,AMR_36,G14_7,WS_13_20,"[""110457""]",1,2078.599999998796,2332.9499999997215,2287.749999999557,2078.599999998796,2116.149999998933,2120.1999999989475,2277.6499999995203,2277.6999999995205,2287.699999999557,2287.749999999557,2328.899999999707,2332.9499999997215,18.100000000000122,127.19999999999492,17.20000000000011,0,91.59999999999694,0.25,0,40.00000000000014,100.00000000000145
J000379,2023-01-03/CTSQ,CTSQ,AMR_18,G6_9,WS_13_20,"[""111273""]",1,2079.4999999987995,2329.449999999709,2270.449999999494,2079.4999999987995,2159.7499999990914,2163.799999999106,2260.3499999994574,2260.3999999994576,2270.399999999494,2270.449999999494,2325.399999999694,2329.449999999709,18.100000000000122,153.60000000000068,18.100000000000122,0,59.899999999998734,0.25,0,90.00000000000139,80.00000000000088
J000380,2023-01-03/CTSQ,CTSQ,AMR_19,G24_12,WS_13_20,"[""101063""]",1,2091.499999998843,2364.449999999836,2220.649999999313,2091.499999998843,2115.049999998929,2119.0999999989435,2210.549999999276,2210.5999999992764,2220.599999999313,2220.649999999313,2360.3999999998214,2364.449999999836,18.100000000000122,104.99999999999618,13.350000000000055,0,136.24999999999673,0.25,0,18.0,88.00000000000048
J000381,2023-01-03/KBES,KBES,AMR_08,G38_10,WS_2_20,"[""101155""]",1,2104.949999998892,2459.9500000001835,2362.1499999998277,2104.949999998892,2183.249999999177,2187.2999999991916,2352.049999999791,2352.099999999791,2362.0999999998276,2362.1499999998277,2455.900000000169,2459.9500000001835,18.100000000000122,241.30000000002062,16.200000000000095,0,79.14999999999765,0.25,0,84.0000000000002,223.9999999999881
J000382,2023-01-03/KJIN,KJIN,AMR_29,G0_15,WS_30_20,"[""110519""]",1,2110.0499999989106,2417.75000000003,2269.24999999949,2110.0499999989106,2110.0499999989106,2114.0999999989253,2259.149999999453,2259.199999999453,2269.1999999994896,2269.24999999949,2413.7000000000153,2417.75000000003,18.100000000000122,142.84999999999823,11.450000000000028,0,135.09999999999647,0.2,0,0.0,159.9999999999962
J000383,2023-01-03/CTSQ,CTSQ,AMR_37,G9_9,WS_13_20,"[""101291""]",1,2120.89999999895,2318.9999999996708,2250.09999999942,2120.89999999895,2120.89999999895,2124.949999998965,2239.9999999993834,2240.0499999993835,2250.04999999942,2250.09999999942,2314.949999999656,2318.9999999996708,18.100000000000122,70.04999999999816,11.450000000000028,0,98.29999999999656,0.2,0,0.0,68.00000000000068
J000384,2023-01-03/KBES,KBES,AMR_01,G38_6,WS_2_20,"[""107225""]",1,2122.249999998955,2744.1500000012174,2588.0000000006494,2122.249999998955,2267.399999999483,2271.449999999498,2577.9000000006126,2577.950000000613,2587.950000000649,2588.0000000006494,2740.1000000012027,2744.1500000012174,18.100000000000122,299.5000000000338,31.600000000000314,0,272.45000000002767,0.25,0,94.00000000000111,259.99999999998613
J000385,2023-01-03/BSAR,BSAR,AMR_35,G11_9,WS_25_20,"[""125639""]",1,2132.8999999989937,2571.350000000589,2279.0999999995256,2132.8999999989937,2132.8999999989937,2136.9499999990085,2268.999999999489,2269.049999999489,2279.0499999995254,2279.0999999995256,2567.300000000574,2571.350000000589,18.100000000000122,131.79999999999572,17.20000000000011,0,271.1500000000274,0.2,0,0.0,128.00000000000048
J000386,2023-01-03/DMHS,DMHS,AMR_13,G35_8,WS_8_20,"[""101067""]",1,2169.799999999128,2441.950000000118,2363.9999999998345,2169.799999999128,2169.799999999128,2173.8499999991427,2353.8999999997977,2353.949999999798,2363.9499999998343,2363.9999999998345,2437.9000000001033,2441.950000000118,18.100000000000122,153.85000000000073,13.350000000000055,0,86.64999999999722,0.2,0,0.0,187.99999999999264
J000387,2023-01-03/KOLA,KOLA,AMR_39,G0_11,WS_19_20,"[""101198"", ""101297"", ""107256"", ""110534"", ""138355""]",6,2182.8999999991756,2419.6000000000367,2365.849999999841,2182.8999999991756,2222.7499999993206,2226.7999999993353,2355.7499999998045,2355.7999999998046,2365.799999999841,2365.849999999841,2415.550000000022,2419.6000000000367,18.100000000000122,121.34999999999525,13.400000000000055,0,83.5999999999974,0.25,0,19.999999999999932,120.00000000000166
J000388,2023-01-03/KOLA,KOLA,AMR_32,G20_12,WS_19_20,"[""110297"", ""111276"", ""112317"", ""124207""]",5,2182.8999999991756,2272.3999999995012,2241.299999999388,2182.8999999991756,2195.7999999992226,2199.8499999992373,2231.1999999993513,2231.2499999993515,2241.249999999388,2241.299999999388,2268.3499999994865,2272.3999999995012,18.100000000000122,55.39999999999899,13.400000000000055,0,2.3499999999999996,0.25,0,6.0,48.00000000000023
J000389,2023-01-03/KOLA,KOLA,AMR_03,G17_10,WS_19_20,"[""101332"", ""107232"", ""110433"", ""118518""]",5,2182.8999999991756,2333.849999999725,2258.599999999451,2182.8999999991756,2196.149999999224,2200.1999999992386,2248.4999999994143,2248.5499999994145,2258.549999999451,2258.599999999451,2329.79999999971,2333.849999999725,18.100000000000122,69.3499999999982,13.350000000000055,0,49.8999999999993,0.25,0,8.0,60.00000000000048
J000390,2023-01-03/KOLA,KOLA,AMR_28,G35_15,WS_19_20,"[""110283"", ""110342"", ""111342"", ""112084""]",5,2182.8999999991756,2465.1000000002023,2277.6999999995205,2182.8999999991756,2226.099999999333,2230.1499999993475,2267.5999999994838,2267.649999999484,2277.6499999995203,2277.6999999995205,2461.0500000001875,2465.1000000002023,18.100000000000122,119.59999999999535,12.400000000000041,0,131.84999999999573,0.25,0,48.000000000000554,87.99999999999997
J000391,2023-01-03/KOLA,KOLA,AMR_17,G11_12,WS_19_20,"[""110393"", ""110492"", ""112374""]",3,2182.8999999991756,2508.950000000362,2465.7500000002046,2182.8999999991756,2216.749999999299,2220.7999999993135,2455.650000000168,2455.700000000168,2465.7000000002045,2465.7500000002046,2504.900000000347,2508.950000000362,18.100000000000122,122.64999999999517,20.00000000000015,0,165.05000000000328,0.25,0,18.0,108.00000000000122
J000392,2023-01-03/KOLA,KOLA,AMR_06,G27_12,WS_19_20,"[""109843"", ""110595"", ""111391""]",3,2182.8999999991756,2463.4500000001963,2294.649999999582,2182.8999999991756,2230.249999999348,2234.2999999993626,2284.5499999995454,2284.5999999995456,2294.599999999582,2294.649999999582,2459.4000000001815,2463.4500000001963,18.100000000000122,110.39999999999587,15.300000000000082,0,136.4999999999968,0.25,0,40.0000000000001,76.00000000000023
J000393,2023-01-03/CTSQ,CTSQ,AMR_38,G2_12,WS_13_20,"[""110153""]",1,2186.599999999189,2392.94999999994,2326.699999999699,2186.599999999189,2250.349999999421,2254.3999999994357,2316.599999999662,2316.649999999662,2326.6499999996986,2326.699999999699,2388.899999999925,2392.94999999994,18.100000000000122,144.4999999999986,17.15000000000011,0,26.35000000000024,0.25,0,70.00000000000105,92.0000000000007
J000394,2023-01-03/CTSQ,CTSQ,AMR_23,G9_7,WS_13_20,"[""101145""]",1,2203.649999999251,2343.849999999761,2304.799999999619,2203.649999999251,2236.9499999993723,2240.999999999387,2294.6999999995824,2294.7499999995825,2304.749999999619,2304.799999999619,2339.7999999997464,2343.849999999761,18.100000000000122,95.94999999999669,15.300000000000082,0,10.600000000000016,0.25,0,28.000000000000007,76.00000000000082
J000395,2023-01-03/CTSQ,CTSQ,AMR_07,G6_8,WS_13_20,"[""110392""]",1,2220.699999999313,2433.5500000000875,2384.0499999999074,2220.699999999313,2281.4999999995343,2285.549999999549,2373.9499999998707,2373.999999999871,2383.9999999999072,2384.0499999999074,2429.5000000000728,2433.5500000000875,18.100000000000122,133.74999999999616,17.20000000000011,0,43.54999999999966,0.25,0,70.00000000000122,84.0000000000008
J000396,2023-01-03/KOLA,KOLA,AMR_02,G21_10,WS_19_20,"[""107254"", ""112036"", ""112361"", ""112386"", ""125176""]",5,2241.3499999993883,2424.7500000000555,2348.5999999997784,2241.3499999993883,2257.5999999994474,2261.649999999462,2338.4999999997417,2338.549999999742,2348.5499999997783,2348.5999999997784,2420.7000000000407,2424.7500000000555,18.100000000000122,72.59999999999802,14.300000000000068,0,78.1499999999977,0.25,0,10.0,56.00000000000023
J000397,2023-01-03/CTSQ,CTSQ,AMR_10,G21_8,WS_13_20,"[""113203""]",2,2250.1499999994203,2499.100000000326,2416.5500000000256,2250.1499999994203,2287.2999999995554,2291.34999999957,2406.449999999989,2406.499999999989,2416.5000000000255,2416.5500000000256,2495.0500000003112,2499.100000000326,18.100000000000122,122.2999999999952,16.200000000000095,0,92.09999999999691,0.25,0,36.000000000000014,92.00000000000065
J000398,2023-01-03/KOLA,KOLA,AMR_15,G30_15,WS_19_20,"[""110609"", ""125179"", ""140089""]",3,2258.649999999451,2573.550000000597,2517.1000000003914,2258.649999999451,2281.1999999995332,2285.249999999548,2507.0000000003547,2507.050000000355,2517.0500000003913,2517.1000000003914,2569.500000000582,2573.550000000597,18.100000000000122,86.59999999999722,10.500000000000014,0,199.4500000000111,0.25,0,20.0,68.0
J000399,2023-01-03/BSAR,BSAR,AMR_05,G14_10,WS_25_20,"[""107396""]",1,2259.099999999453,2453.250000000159,2324.4499999996906,2259.099999999453,2259.099999999453,2263.1499999994676,2314.349999999654,2314.399999999654,2324.3999999996904,2324.4499999996906,2449.2000000001444,2453.250000000159,18.100000000000122,81.34999999999752,10.450000000000014,0,84.04999999999737,0.2,0,0.0,92.00000000000051
J000400,2023-01-03/CTSQ,CTSQ,AMR_22,G26_13,WS_13_20,"[""107276""]",1,2270.4999999994943,2552.950000000522,2475.5500000002403,2270.4999999994943,2302.6499999996113,2306.699999999626,2465.4500000002035,2465.5000000002037,2475.50000000024,2475.5500000002403,2548.900000000507,2552.950000000522,18.100000000000122,111.24999999999582,13.350000000000055,0,139.49999999999747,0.25,0,30.0,84.00000000000045
J000401,2023-01-03/KOLA,KOLA,AMR_32,G26_8,WS_19_20,"[""101189"", ""110319"", ""111210""]",4,2277.7499999995207,2496.5500000003167,2412.0500000000093,2277.7499999995207,2335.499999999731,2339.5499999997455,2401.9499999999725,2401.9999999999727,2412.000000000009,2412.0500000000093,2492.500000000302,2496.5500000003167,18.100000000000122,133.19999999999604,22.90000000000019,0,44.34999999999962,0.25,0,48.00000000000031,88.0000000000004
J000402,2023-01-03/CTSQ,CTSQ,AMR_14,G3_9,WS_13_20,"[""110218""]",2,2287.7999999995573,2508.5500000003603,2450.5500000001493,2287.7999999995573,2357.849999999812,2361.899999999827,2440.4500000001126,2440.500000000113,2450.500000000149,2450.5500000001493,2504.5000000003456,2508.5500000003603,18.100000000000122,148.19999999999945,17.20000000000011,0,37.000000000000036,0.25,0,84.00000000000163,92.00000000000092
J000403,2023-01-03/KOLA,KOLA,AMR_40,G23_13,WS_19_20,"[""110148"", ""110398"", ""125183""]",3,2294.6999999995824,2443.000000000122,2394.7999999999465,2294.6999999995824,2340.549999999749,2344.599999999764,2384.69999999991,2384.74999999991,2394.7499999999463,2394.7999999999465,2438.950000000107,2443.000000000122,18.100000000000122,84.44999999999735,15.300000000000082,0,30.200000000000294,0.25,0,40.00000000000004,48.00000000000013
J000404,2023-01-03/CTSQ,CTSQ,AMR_20,G21_7,WS_13_20,"[""107288""]",1,2304.8499999996193,2506.9500000003545,2433.5000000000873,2304.8499999996193,2351.449999999789,2355.4999999998035,2423.4000000000506,2423.4500000000507,2433.450000000087,2433.5000000000873,2502.90000000034,2506.9500000003545,18.100000000000122,128.89999999999506,17.20000000000011,0,37.65,0.25,0,44.000000000000234,96.0000000000006
J000405,2023-01-03/CTSQ,CTSQ,AMR_25,G26_12,WS_13_20,"[""111237""]",1,2326.749999999699,2629.900000000802,2512.000000000373,2326.749999999699,2358.2499999998136,2362.2999999998283,2501.900000000336,2501.9500000003363,2511.9500000003727,2512.000000000373,2625.850000000787,2629.900000000802,18.100000000000122,119.09999999999538,17.15000000000011,0,148.54999999999953,0.25,0,30.0,92.00000000000034
J000406,2023-01-03/KOLA,KOLA,AMR_37,G9_9,WS_19_20,"[""110588"", ""110703"", ""111373"", ""131590""]",6,2348.6499999997786,2578.050000000613,2483.0000000002674,2348.6499999997786,2348.6499999997786,2352.6999999997934,2472.9000000002306,2472.950000000231,2482.950000000267,2483.0000000002674,2574.0000000005984,2578.050000000613,18.100000000000122,91.54999999999694,9.55,0,109.9999999999959,0.2,0,0.0,92.00000000000048
J000407,2023-01-03/KOLA,KOLA,AMR_19,G21_12,WS_19_20,"[""101122"", ""110543""]",2,2365.8999999998414,2486.750000000281,2429.1000000000713,2365.8999999998414,2380.599999999895,2384.6499999999096,2419.0000000000346,2419.0500000000347,2429.050000000071,2429.1000000000713,2482.7000000002663,2486.750000000281,18.100000000000122,66.74999999999835,11.400000000000027,0,24.35000000000021,0.25,0,10.0,52.00000000000013
J000408,2023-01-03/CTSQ,CTSQ,AMR_26,G24_8,WS_13_20,"[""135368""]",2,2384.0999999999076,2645.0000000008567,2546.2500000004975,2384.0999999999076,2407.799999999994,2411.8500000000085,2536.1500000004608,2536.200000000461,2546.2000000004973,2546.2500000004975,2640.950000000842,2645.0000000008567,18.100000000000122,124.0499999999951,16.250000000000096,0,102.24999999999633,0.25,0,18.0,104.0000000000004
J000409,2023-01-03/KOLA,KOLA,AMR_03,G18_9,WS_19_20,"[""110509"", ""122645""]",2,2394.8499999999467,2564.0500000005622,2500.0500000003294,2394.8499999999467,2426.9500000000635,2431.000000000078,2489.9500000002927,2490.000000000293,2500.0000000003292,2500.0500000003294,2560.0000000005475,2564.0500000005622,18.100000000000122,76.79999999999778,13.350000000000055,0,60.69999999999869,0.25,0,12.0,60.0000000000005
J000410,2023-01-03/KOLA,KOLA,AMR_31,G20_8,WS_19_20,"[""112323"", ""122556""]",2,2412.1000000000095,2578.550000000615,2533.9000000004526,2412.1000000000095,2470.800000000223,2474.8500000002377,2523.800000000416,2523.850000000416,2533.8500000004524,2533.9000000004526,2574.5000000006003,2578.550000000615,18.100000000000122,111.49999999999581,14.300000000000068,0,22.300000000000182,0.25,0,56.00000000000054,64.0000000000006
J000411,2023-01-03/CTSQ,CTSQ,AMR_38,G2_8,WS_13_20,"[""134659""]",1,2416.600000000026,2602.0000000007003,2529.2000000004355,2416.600000000026,2433.750000000088,2437.800000000103,2519.1000000003987,2519.150000000399,2529.1500000004353,2529.2000000004355,2597.9500000006856,2602.0000000007003,18.100000000000122,110.69999999999585,15.300000000000082,0,41.049999999999805,0.25,0,12.0,108.00000000000178
J000412,2023-01-03/KOLA,KOLA,AMR_29,G0_15,WS_19_20,"[""101014"", ""101181"", ""110251"", ""110519"", ""110541""]",7,2429.1500000000715,2604.8500000007107,2551.2000000005155,2429.1500000000715,2429.1500000000715,2433.200000000086,2541.1000000004788,2541.150000000479,2551.1500000005153,2551.2000000005155,2600.800000000696,2604.8500000007107,18.100000000000122,96.49999999999666,11.450000000000028,0,49.44999999999933,0.2,0,0.0,108.00000000000149
J000413,2023-01-03/CTSQ,CTSQ,AMR_02,G26_10,WS_13_20,"[""112034""]",1,2433.5500000000875,2761.5000000012806,2563.3000000005595,2433.5500000000875,2451.850000000154,2455.900000000169,2553.200000000523,2553.250000000523,2563.2500000005593,2563.3000000005595,2757.450000001266,2761.5000000012806,18.100000000000122,190.90000000000916,26.800000000000246,0,91.89999999999692,0.25,0,14.0,191.999999999995
J000414,2023-01-03/CTSQ,CTSQ,AMR_21,G3_7,WS_13_20,"[""110624""]",1,2450.6000000001495,2633.3500000008144,2580.3500000006215,2450.6000000001495,2501.050000000333,2505.100000000348,2570.250000000585,2570.300000000585,2580.3000000006214,2580.3500000006215,2629.3000000007996,2633.3500000008144,18.100000000000122,109.04999999999595,17.15000000000011,0,38.19999999999997,0.25,0,14.0,104.00000000000152
J000415,2023-01-03/DSHA,DSHA,AMR_13,G35_8,WS_25_20,"[""101067"", ""107327""]",2,2455.100000000166,2623.7000000007793,2514.6000000003824,2455.100000000166,2455.100000000166,2459.1500000001806,2504.5000000003456,2504.550000000346,2514.550000000382,2514.6000000003824,2619.6500000007645,2623.7000000007793,18.100000000000122,98.79999999999653,13.400000000000055,0,38.09999999999997,0.2,0,0.0,112.00000000000105
J000416,2023-01-03/DSHA,DSHA,AMR_40,G29_8,WS_25_20,"[""110569""]",1,2455.100000000166,2691.800000001027,2614.850000000747,2455.100000000166,2541.3500000004797,2545.4000000004944,2604.7500000007103,2604.8000000007105,2614.800000000747,2614.850000000747,2687.7500000010123,2691.800000001027,18.100000000000122,128.29999999999492,19.100000000000136,0,70.94999999999811,0.25,0,58.00000000000051,72.00000000000034
J000417,2023-01-03/DSHA,DSHA,AMR_05,G12_10,WS_25_20,"[""110444""]",1,2455.100000000166,2669.800000000947,2552.8500000005215,2455.100000000166,2460.5500000001857,2464.6000000002005,2542.7500000004848,2542.800000000485,2552.8000000005213,2552.8500000005215,2665.7500000009322,2669.800000000947,18.100000000000122,101.1499999999964,11.400000000000027,0,83.79999999999738,0.25,0,4.0,100.00000000000031
J000418,2023-01-03/DSHA,DSHA,AMR_07,G8_5,WS_25_20,"[""114748""]",1,2455.100000000166,2708.9500000010894,2574.4000000006,2455.100000000166,2471.0000000002237,2475.0500000002385,2564.300000000563,2564.3500000005633,2574.3500000005997,2574.4000000006,2704.9000000010747,2708.9500000010894,18.100000000000122,153.80000000000072,17.20000000000011,0,64.49999999999848,0.25,0,10.0,155.99999999999844
J000419,2023-01-03/DSHA,DSHA,AMR_39,G3_10,WS_25_20,"[""110561""]",1,2455.100000000166,2687.2000000010103,2591.1000000006607,2455.100000000166,2466.400000000207,2470.4500000002217,2581.000000000624,2581.050000000624,2591.0500000006605,2591.1000000006607,2683.1500000009955,2687.2000000010103,18.100000000000122,148.59999999999954,14.300000000000068,0,50.84999999999925,0.25,0,8.0,163.99999999999773
J000420,2023-01-03/KOLA,KOLA,AMR_06,G26_9,WS_19_20,"[""107131"", ""110530""]",3,2465.800000000205,2661.800000000918,2568.2500000005775,2465.800000000205,2484.7000000002736,2488.7500000002883,2558.150000000541,2558.200000000541,2568.2000000005773,2568.2500000005775,2657.750000000903,2661.800000000918,18.100000000000122,90.599999999997,15.250000000000082,0,71.79999999999806,0.25,0,12.0,76.00000000000009
J000421,2023-01-03/KPAS,KPAS,AMR_24,G20_10,WS_30_20,"[""107459"", ""110284"", ""110417"", ""110504"", ""134029""]",6,2467.750000000212,2648.7500000008704,2550.1000000005115,2467.750000000212,2473.000000000231,2477.0500000002457,2540.0000000004748,2540.050000000475,2550.0500000005113,2550.1000000005115,2644.7000000008557,2648.7500000008704,18.100000000000122,87.39999999999718,11.400000000000027,0,63.84999999999851,0.25,0,4.0,88.00000000000023
J000422,2023-01-03/KPAS,KPAS,AMR_12,G27_2,WS_30_20,"[""101177"", ""101185"", ""110501"", ""112371""]",4,2467.750000000212,2653.8000000008888,2584.2000000006356,2467.750000000212,2501.1500000003334,2505.200000000348,2574.100000000599,2574.150000000599,2584.1500000006354,2584.2000000006356,2649.750000000874,2653.8000000008888,18.100000000000122,115.2499999999956,16.250000000000096,0,36.20000000000008,0.25,0,31.999999999999996,100.00000000000138
J000423,2023-01-03/KPAS,KPAS,AMR_28,G26_14,WS_30_20,"[""107395"", ""110169"", ""110461""]",3,2467.750000000212,2619.8500000007652,2567.1500000005735,2467.750000000212,2496.7500000003174,2500.800000000332,2557.050000000537,2557.100000000537,2567.1000000005733,2567.1500000005735,2615.8000000007505,2619.8500000007652,18.100000000000122,81.34999999999752,13.350000000000055,0,39.04999999999992,0.25,0,28.0,56.00000000000003
J000424,2023-01-03/KPAS,KPAS,AMR_30,G20_14,WS_30_20,"[""110178"", ""110540"", ""121875""]",3,2467.750000000212,2661.900000000918,2601.2500000006976,2467.750000000212,2505.0000000003474,2509.050000000362,2591.150000000661,2591.200000000661,2601.2000000006974,2601.2500000006976,2657.8500000009035,2661.900000000918,18.100000000000122,111.09999999999583,13.350000000000055,0,51.34999999999922,0.25,0,36.000000000000014,80.00000000000009
J000425,2023-01-03/KPAS,KPAS,AMR_09,G3_8,WS_30_20,"[""107336"", ""110349"", ""134611""]",3,2467.750000000212,2806.3000000014435,2643.0000000008495,2467.750000000212,2487.550000000284,2491.6000000002987,2632.9000000008127,2632.950000000813,2642.9500000008493,2643.0000000008495,2802.250000001429,2806.3000000014435,18.100000000000122,178.05000000000624,21.000000000000163,0,121.14999999999526,0.25,0,16.0,191.99999999999483
J000426,2023-01-03/KPAS,KPAS,AMR_08,G33_13,WS_30_20,"[""112432"", ""124208""]",2,2467.750000000212,2573.2500000005957,2532.950000000449,2467.750000000212,2488.950000000289,2493.0000000003038,2522.8500000004124,2522.9000000004125,2532.900000000449,2532.950000000449,2569.200000000581,2573.2500000005957,18.100000000000122,67.6999999999983,13.350000000000055,0,6.099999999999986,0.25,0,16.0,52.00000000000021
J000427,2023-01-03/DSHA,DSHA,AMR_27,G26_2,WS_25_20,"[""107317""]",1,2475.50000000024,2604.70000000071,2536.800000000463,2475.50000000024,2475.50000000024,2479.550000000255,2526.7000000004264,2526.7500000004266,2536.750000000463,2536.800000000463,2600.6500000006954,2604.70000000071,18.100000000000122,86.74999999999721,12.400000000000041,0,11.750000000000032,0.2,0,0.0,96.00000000000094
J000428,2023-01-03/CTSQ,CTSQ,AMR_36,G23_6,WS_13_20,"[""110216""]",2,2475.6000000002405,2720.2000000011303,2656.2500000008977,2475.6000000002405,2513.90000000038,2517.9500000003945,2646.150000000861,2646.200000000861,2656.2000000008975,2656.2500000008977,2716.1500000011156,2720.2000000011303,18.100000000000122,122.1999999999952,15.300000000000082,0,88.7499999999971,0.25,0,36.000000000000014,100.00000000000094
J000429,2023-01-03/KOLA,KOLA,AMR_18,G8_13,WS_19_20,"[""110234"", ""126832""]",2,2483.0500000002676,2664.050000000926,2618.40000000076,2483.0500000002676,2506.3500000003523,2510.400000000367,2608.3000000007232,2608.3500000007234,2618.35000000076,2618.40000000076,2660.0000000009113,2664.050000000926,18.100000000000122,95.29999999999673,13.400000000000055,0,53.94999999999907,0.25,0,12.0,88.00000000000094
J000430,2023-01-03/DMHS,DMHS,AMR_33,G14_9,WS_8_20,"[""110227""]",1,2487.600000000284,2627.250000000792,2582.900000000631,2487.600000000284,2487.600000000284,2491.650000000299,2572.800000000594,2572.8500000005943,2582.8500000006306,2582.900000000631,2623.2000000007774,2627.250000000792,18.100000000000122,73.69999999999796,11.500000000000028,0,36.150000000000084,0.2,0,0.0,80.00000000000105
J000431,2023-01-03/KOLA,KOLA,AMR_10,G21_8,WS_19_20,"[""107176"", ""113203""]",3,2500.1000000003296,2659.900000000911,2585.3000000006396,2500.1000000003296,2500.1000000003296,2504.1500000003443,2575.200000000603,2575.250000000603,2585.2500000006394,2585.3000000006396,2655.850000000896,2659.900000000911,18.100000000000122,73.14999999999799,9.55,0,58.799999999998796,0.2,0,0.0,68.00000000000026
J000432,2023-01-03/CTSQ,CTSQ,AMR_11,G23_15,WS_13_20,"[""111277""]",2,2512.050000000373,2688.200000001014,2639.1000000008353,2512.050000000373,2512.050000000373,2516.100000000388,2629.0000000007985,2629.0500000007987,2639.050000000835,2639.1000000008353,2684.150000000999,2688.200000001014,18.100000000000122,64.74999999999847,8.599999999999987,0,84.49999999999734,0.2,0,0.0,64.00000000000014
J000433,2023-01-03/KOLA,KOLA,AMR_17,G9_10,WS_19_20,"[""101295"", ""107238""]",2,2517.1500000003916,2725.350000001149,2646.6000000008626,2517.1500000003916,2559.000000000544,2563.0500000005586,2636.500000000826,2636.550000000826,2646.5500000008624,2646.6000000008626,2721.3000000011343,2725.350000001149,18.100000000000122,113.74999999999568,14.300000000000068,0,61.799999999998626,0.25,0,20.0,100.00000000000071
J000434,2023-01-03/CTSQ,CTSQ,AMR_19,G27_9,WS_13_20,"[""110128""]",1,2529.2500000004356,2826.250000001516,2757.000000001264,2529.2500000004356,2554.5500000005277,2558.6000000005424,2746.9000000012275,2746.9500000012276,2756.950000001264,2757.000000001264,2822.2000000015014,2826.250000001516,18.100000000000122,147.5999999999993,21.050000000000164,0,109.9999999999959,0.25,0,22.0,139.99999999999957
J000435,2023-01-03/KPAS,KPAS,AMR_14,G3_12,WS_30_20,"[""112040"", ""115355"", ""127627""]",3,2533.0000000004493,2862.750000001649,2702.000000001064,2533.0000000004493,2549.100000000508,2553.1500000005226,2691.9000000010274,2691.9500000010275,2701.950000001064,2702.000000001064,2858.700000001634,2862.750000001649,18.100000000000122,149.84999999999982,16.200000000000095,0,145.3499999999988,0.25,0,10.0,155.99999999999721
J000436,2023-01-03/KOLA,KOLA,AMR_32,G29_7,WS_19_20,"[""107405"", ""121807""]",2,2533.9500000004527,2745.5000000012224,2663.9500000009257,2533.9500000004527,2570.5000000005857,2574.5500000006004,2653.850000000889,2653.900000000889,2663.9000000009255,2663.9500000009257,2741.4500000012076,2745.5000000012224,18.100000000000122,125.39999999999502,17.20000000000011,0,50.59999999999926,0.25,0,28.0,96.0000000000004
J000437,2023-01-03/CTSQ,CTSQ,AMR_04,G29_12,WS_13_20,"[""110528""]",1,2546.3000000004977,2752.6500000012484,2673.3000000009597,2546.3000000004977,2575.200000000603,2579.2500000006175,2663.200000000923,2663.250000000923,2673.2500000009595,2673.3000000009597,2748.6000000012336,2752.6500000012484,18.100000000000122,122.34999999999519,17.15000000000011,0,48.49999999999938,0.25,0,26.0,104.00000000000031
J000438,2023-01-03/KPAS,KPAS,AMR_20,G35_14,WS_30_20,"[""110262"", ""110484""]",2,2550.1500000005117,2752.4000000012475,2718.9500000011258,2550.1500000005117,2665.5000000009313,2669.550000000946,2708.850000001089,2708.900000001089,2718.9000000011256,2718.9500000011258,2748.3500000012327,2752.4000000012475,18.100000000000122,113.2999999999957,21.100000000000165,0,49.499999999999325,0.25,0,62.00000000000013,48.00000000000004
J000439,2023-01-03/KOLA,KOLA,AMR_23,G35_10,WS_19_20,"[""112284"", ""112288""]",3,2551.2500000005157,2820.8500000014965,2760.9500000012786,2551.2500000005157,2655.3500000008944,2659.400000000909,2750.850000001242,2750.900000001242,2760.9000000012784,2760.9500000012786,2816.8000000014817,2820.8500000014965,18.100000000000122,186.85000000000824,21.050000000000164,0,43.349999999999675,0.25,0,118.00000000000122,108.00000000000033
J000440,2023-01-03/CTSQ,CTSQ,AMR_22,G12_2,WS_13_20,"[""125413""]",2,2563.3500000005597,2782.3500000013564,2721.750000001136,2563.3500000005597,2652.800000000885,2656.8500000009,2711.650000001099,2711.7000000010994,2721.700000001136,2721.750000001136,2778.3000000013417,2782.3500000013564,18.100000000000122,151.9500000000003,20.10000000000015,0,28.60000000000027,0.25,0,86.00000000000105,92.00000000000121
J000441,2023-01-03/KPAS,KPAS,AMR_03,G24_12,WS_30_20,"[""101063"", ""110525""]",2,2567.2000000005737,2719.300000001127,2684.3000000009997,2567.2000000005737,2605.9000000007145,2609.9500000007292,2674.200000000963,2674.250000000963,2684.2500000009995,2684.3000000009997,2715.2500000011123,2719.300000001127,18.100000000000122,80.29999999999758,13.350000000000055,0,40.09999999999986,0.25,0,18.0,64.0000000000003
J000442,2023-01-03/KOLA,KOLA,AMR_35,G11_9,WS_19_20,"[""101146"", ""110225"", ""112086""]",3,2571.400000000589,2736.4000000011893,2691.750000001027,2571.400000000589,2571.400000000589,2575.4500000006037,2681.65000000099,2681.7000000009903,2691.7000000010266,2691.750000001027,2732.3500000011745,2736.4000000011893,18.100000000000122,79.8499999999976,11.450000000000028,0,55.39999999999899,0.2,0,0.0,92.00000000000111
J000443,2023-01-03/CTSQ,CTSQ,AMR_15,G30_15,WS_13_20,"[""140089""]",1,2580.4000000006217,2752.9500000012495,2693.150000001032,2580.4000000006217,2580.4000000006217,2584.4500000006365,2683.050000000995,2683.1000000009954,2693.1000000010317,2693.150000001032,2748.9000000012347,2752.9500000012495,18.100000000000122,84.19999999999736,7.649999999999981,0,62.39999999999859,0.2,0,0.0,92.00000000000023
J000444,2023-01-03/IPBC,IPBC,AMR_37,G6_13,WS_8_20,"[""124208""]",1,2582.950000000631,2676.950000000973,2646.1000000008607,2582.950000000631,2600.050000000693,2604.100000000708,2636.000000000824,2636.050000000824,2646.0500000008606,2646.1000000008607,2672.9000000009582,2676.950000000973,18.100000000000122,62.04999999999861,11.450000000000028,0,2.1500000000000004,0.25,0,14.0,48.00000000000013
J000445,2023-01-03/IPBC,IPBC,AMR_31,G18_13,WS_8_20,"[""110178""]",1,2582.950000000631,2708.800000001089,2662.3000000009197,2582.950000000631,2606.100000000715,2610.15000000073,2652.200000000883,2652.250000000883,2662.2500000009195,2662.3000000009197,2704.750000001074,2708.800000001089,18.100000000000122,88.34999999999712,13.400000000000055,0,5.749999999999988,0.25,0,14.0,84.000000000001
J000446,2023-01-03/KPAS,KPAS,AMR_08,G38_10,WS_30_20,"[""107250"", ""112326""]",2,2584.2500000006357,2710.9000000010965,2667.1500000009373,2584.2500000006357,2615.900000000751,2619.9500000007656,2657.0500000009006,2657.1000000009008,2667.100000000937,2667.1500000009373,2706.8500000010818,2710.9000000010965,18.100000000000122,83.14999999999742,13.350000000000055,0,11.800000000000033,0.25,0,16.0,76.00000000000041
J000447,2023-01-03/KJRH,KJRH,AMR_38,G21_10,WS_2_20,"[""107254"", ""110382"", ""110452"", ""112386""]",4,2602.0500000007005,2920.80000000186,2794.850000001402,2602.0500000007005,2699.6500000010556,2703.7000000010703,2784.750000001365,2784.8000000013653,2794.8000000014017,2794.850000001402,2916.7500000018454,2920.80000000186,18.100000000000122,181.65000000000705,22.000000000000178,0,96.74999999999665,0.25,0,86.00000000000134,120.00000000000122
J000448,2023-01-03/KJRH,KJRH,AMR_16,G26_8,WS_2_20,"[""107175"", ""110319"", ""110360"", ""135158""]",4,2602.1000000007007,3030.3000000022585,2916.2500000018435,2602.1000000007007,2756.100000001261,2760.1500000012757,2906.150000001807,2906.200000001807,2916.2000000018434,2916.2500000018435,3026.2500000022437,3030.3000000022585,18.100000000000122,244.3500000000213,32.600000000000286,0,132.89999999999597,0.25,0,118.00000000000131,151.99999999999895
J000449,2023-01-03/KJRH,KJRH,AMR_27,G29_10,WS_2_20,"[""101028"", ""110166"", ""110186"", ""134029""]",4,2604.7500000007103,3023.4500000022335,2777.7000000013395,2604.7500000007103,2630.000000000802,2634.050000000817,2767.6000000013028,2767.650000001303,2777.6500000013393,2777.7000000013395,3019.400000002219,3023.4500000022335,18.100000000000122,158.90000000000188,12.35000000000004,0,229.10000000001784,0.25,0,22.0,159.99999999999886
J000450,2023-01-03/KJRH,KJRH,AMR_29,G0_11,WS_2_20,"[""110468"", ""112203"", ""138355""]",3,2604.900000000711,2698.700000001052,2672.4500000009566,2604.900000000711,2621.400000000771,2625.4500000007856,2662.35000000092,2662.40000000092,2672.4000000009564,2672.4500000009566,2694.6500000010374,2698.700000001052,18.100000000000122,59.29999999999877,10.500000000000014,0,5.649999999999988,0.25,0,12.000000000000002,52.00000000000035
J000451,2023-01-03/IPGD,IPGD,AMR_28,G33_13,WS_25_20,"[""112432"", ""124208""]",2,2619.9000000007654,2802.300000001429,2722.250000001138,2619.9000000007654,2655.500000000895,2659.5500000009097,2712.150000001101,2712.200000001101,2722.2000000011376,2722.250000001138,2798.2500000014143,2802.300000001429,18.100000000000122,101.79999999999636,15.300000000000082,0,46.94999999999947,0.25,0,32.0,76.00000000000013
J000452,2023-01-03/IPGD,IPGD,AMR_13,G38_13,WS_25_20,"[""110178""]",1,2623.7500000007794,2799.85000000142,2706.150000001079,2623.7500000007794,2651.5500000008806,2655.6000000008953,2696.0500000010425,2696.1000000010426,2706.100000001079,2706.150000001079,2795.8000000014054,2799.85000000142,18.100000000000122,95.64999999999671,15.300000000000082,0,46.79999999999948,0.25,0,20.0,88.00000000000013
J000453,2023-01-03/IPBC,IPBC,AMR_33,G14_9,WS_8_20,"[""110227""]",1,2627.3000000007924,2747.050000001228,2688.0500000010134,2627.3000000007924,2627.3000000007924,2631.350000000807,2677.9500000009766,2678.000000000977,2688.000000001013,2688.0500000010134,2743.0000000012133,2747.050000001228,18.100000000000122,77.09999999999776,11.450000000000028,0,12.900000000000048,0.2,0,0.0,76.0000000000006
J000454,2023-01-03/KOLA,KOLA,AMR_25,G26_2,WS_19_20,"[""107317"", ""110336""]",3,2629.950000000802,2880.950000001715,2811.900000001464,2629.950000000802,2657.6500000009028,2661.7000000009175,2801.800000001427,2801.8500000014274,2811.8500000014637,2811.900000001464,2876.9000000017004,2880.950000001715,18.100000000000122,130.29999999999538,15.250000000000082,0,87.0999999999972,0.25,0,23.999999999999986,112.00000000000082
J000455,2023-01-03/KJRH,KJRH,AMR_21,G3_2,WS_2_20,"[""101192"", ""110386"", ""115591""]",3,2633.4000000008145,2756.150000001261,2709.5500000010916,2633.4000000008145,2651.5500000008806,2655.6000000008953,2699.450000001055,2699.500000001055,2709.5000000010914,2709.5500000010916,2752.1000000012464,2756.150000001261,18.100000000000122,85.54999999999728,11.500000000000028,0,7.349999999999982,0.25,0,13.999999999999975,88.00000000000126
J000456,2023-01-03/KPAS,KPAS,AMR_26,G38_9,WS_30_20,"[""110582"", ""112452"", ""130011""]",3,2645.050000000857,2839.5000000015643,2789.350000001382,2645.050000000857,2724.3000000011452,2728.35000000116,2779.250000001345,2779.3000000013453,2789.3000000013817,2789.350000001382,2835.4500000015496,2839.5000000015643,18.100000000000122,117.74999999999545,17.20000000000011,0,41.1499999999998,0.25,0,50.000000000000384,84.0000000000005
J000457,2023-01-03/KOLA,KOLA,AMR_24,G35_9,WS_19_20,"[""107159"", ""125547""]",2,2648.8000000008706,2847.8000000015945,2777.80000000134,2648.8000000008706,2683.9000000009983,2687.950000001013,2767.700000001303,2767.7500000013033,2777.7500000013397,2777.80000000134,2843.75000000158,2847.8000000015945,18.100000000000122,130.3499999999954,14.350000000000069,0,35.950000000000095,0.25,0,36.00000000000003,112.00000000000047
J000458,2023-01-03/CTSQ,CTSQ,AMR_12,G0_15,WS_13_20,"[""101014"", ""101095"", ""101181"", ""107312"", ""110519"", ""110541"", ""124702""]",9,2653.850000000889,2860.800000001642,2822.900000001504,2653.850000000889,2737.200000001192,2741.250000001207,2812.800000001467,2812.8500000014674,2822.8500000015038,2822.900000001504,2856.750000001627,2860.800000001642,18.100000000000122,139.79999999999754,13.350000000000055,0,35.450000000000124,0.25,0,92.00000000000232,80.0000000000009
J000459,2023-01-03/KJRH,KJRH,AMR_10,G18_10,WS_2_20,"[""107334"", ""110593"", ""112087""]",3,2659.950000000911,2801.700000001427,2751.0000000012424,2659.950000000911,2683.850000000998,2687.900000001013,2740.9000000012056,2740.950000001206,2750.950000001242,2751.0000000012424,2797.650000001412,2801.700000001427,18.100000000000122,105.84999999999613,14.350000000000069,0,3.1999999999999966,0.25,0,18.0,108.00000000000207
J000460,2023-01-03/KPAS,KPAS,AMR_06,G26_9,WS_30_20,"[""107131"", ""107380"", ""110479""]",3,2661.850000000918,2779.9500000013477,2735.6000000011863,2661.850000000918,2661.850000000918,2665.900000000933,2725.5000000011496,2725.55000000115,2735.550000001186,2735.6000000011863,2775.900000001333,2779.9500000013477,18.100000000000122,68.54999999999825,9.55,0,21.700000000000173,0.2,0,0.0,76.0000000000006
J000461,2023-01-03/KOLA,KOLA,AMR_30,G0_10,WS_19_20,"[""101027"", ""110311""]",4,2661.9500000009184,2950.8500000019694,2877.4500000017024,2661.9500000009184,2756.8000000012635,2760.850000001278,2867.3500000016656,2867.400000001666,2877.400000001702,2877.4500000017024,2946.8000000019547,2950.8500000019694,18.100000000000122,197.05000000001056,21.050000000000164,0,52.44999999999916,0.25,0,80.00000000000163,152.00000000000034
J000462,2023-01-03/CTSQ,CTSQ,AMR_18,G18_2,WS_13_20,"[""110146""]",1,2664.1000000009262,2840.9500000015696,2788.7000000013795,2664.1000000009262,2722.9500000011403,2727.000000001155,2778.600000001343,2778.650000001343,2788.6500000013793,2788.7000000013795,2836.900000001555,2840.9500000015696,18.100000000000122,126.29999999999497,18.100000000000122,0,14.100000000000065,0.25,0,46.000000000000384,100.00000000000155
J000463,2023-01-03/KPAS,KPAS,AMR_05,G12_10,WS_30_20,"[""101218"", ""110395"", ""110444""]",4,2669.850000000947,2857.250000001629,2752.500000001248,2669.850000000947,2669.850000000947,2673.900000000962,2742.400000001211,2742.4500000012113,2752.4500000012476,2752.500000001248,2853.200000001614,2857.250000001629,18.100000000000122,108.59999999999597,12.400000000000041,0,48.099999999999405,0.2,0,0.0,120.00000000000023
J000464,2023-01-03/KJRH,KJRH,AMR_37,G12_9,WS_2_20,"[""110192"", ""112081""]",2,2677.000000000973,2961.6500000020087,2811.900000001464,2677.000000000973,2727.800000001158,2731.8500000011727,2801.800000001427,2801.8500000014274,2811.8500000014637,2811.900000001464,2957.600000001994,2961.6500000020087,18.100000000000122,114.79999999999562,15.300000000000082,0,136.19999999999672,0.25,0,24.0,96.00000000000108
J000465,2023-01-03/KOLA,KOLA,AMR_39,G3_10,WS_19_20,"[""110386"", ""110561""]",3,2687.2500000010104,2915.050000001839,2828.950000001526,2687.2500000010104,2687.2500000010104,2691.300000001025,2818.850000001489,2818.9000000014894,2828.9000000015258,2828.950000001526,2911.0000000018244,2915.050000001839,18.100000000000122,108.24999999999599,12.35000000000004,0,88.89999999999709,0.2,0,0.0,112.00000000000144
J000466,2023-01-03/KAMP,KAMP,AMR_11,G9_15,WS_8_20,"[""112432""]",1,2688.250000001014,2842.6000000015756,2815.7000000014777,2688.250000001014,2782.200000001356,2786.2500000013706,2805.600000001441,2805.650000001441,2815.6500000014776,2815.7000000014777,2838.550000001561,2842.6000000015756,18.100000000000122,73.44999999999797,10.450000000000014,0,52.09999999999918,0.25,0,40.0,35.99999999999997
J000467,2023-01-03/CTSQ,CTSQ,AMR_40,G29_9,WS_13_20,"[""101026""]",1,2691.850000001027,2864.650000001656,2805.850000001442,2691.850000001027,2696.0500000010425,2700.100000001057,2795.750000001405,2795.8000000014054,2805.8000000014417,2805.850000001442,2860.600000001641,2864.650000001656,18.100000000000122,105.64999999999614,9.5,0,39.299999999999905,0.25,0,2.0,112.00000000000071
J000468,2023-01-03/KPAS,KPAS,AMR_29,G26_12,WS_30_20,"[""110231"", ""110499""]",2,2698.7500000010523,2918.5000000018517,2881.4000000017168,2698.7500000010523,2823.1000000015047,2827.1500000015194,2871.30000000168,2871.35000000168,2881.3500000017166,2881.4000000017168,2914.450000001837,2918.5000000018517,18.100000000000122,134.54999999999634,23.950000000000205,0,42.8999999999997,0.25,0,82.00000000000045,64.0000000000004
J000469,2023-01-03/KOLA,KOLA,AMR_31,G20_14,WS_19_20,"[""134028""]",1,2708.850000001089,2825.950000001515,2794.850000001402,2708.850000001089,2722.1500000011374,2726.200000001152,2784.750000001365,2784.8000000013653,2794.8000000014017,2794.850000001402,2821.9000000015003,2825.950000001515,18.100000000000122,55.59999999999898,13.400000000000055,0,29.750000000000288,0.25,0,6.0,40.00000000000004
J000470,2023-01-03/CTSQ,CTSQ,AMR_07,G30_9,WS_13_20,"[""110177""]",1,2709.0000000010896,2948.000000001959,2859.750000001638,2709.0000000010896,2771.750000001318,2775.8000000013326,2849.6500000016013,2849.7000000016014,2859.700000001638,2859.750000001638,2943.9500000019443,2948.000000001959,18.100000000000122,166.4500000000036,17.20000000000011,0,37.000000000000036,0.25,0,68.0000000000004,124.00000000000045
J000471,2023-01-03/KJRH,KJRH,AMR_08,G17_13,WS_2_20,"[""110342"", ""111363""]",2,2710.9500000010967,2991.400000002117,2896.350000001771,2710.9500000010967,2825.8500000015147,2829.9000000015294,2886.2500000017344,2886.3000000017346,2896.300000001771,2896.350000001771,2987.350000002102,2991.400000002117,18.100000000000122,156.25000000000128,22.90000000000019,0,82.94999999999743,0.25,0,72.00000000000014,96.00000000000082
J000472,2023-01-03/KPAS,KPAS,AMR_03,G32_6,WS_30_20,"[""110362"", ""115181""]",2,2719.3500000011272,2873.8500000016893,2814.2000000014723,2719.3500000011272,2752.4000000012475,2756.450000001262,2804.1000000014355,2804.1500000014357,2814.150000001472,2814.2000000014723,2869.8000000016746,2873.8500000016893,18.100000000000122,91.69999999999693,13.350000000000055,0,31.100000000000307,0.25,0,28.00000000000003,72.0000000000008
J000473,2023-01-03/KPAS,KPAS,AMR_36,G17_14,WS_30_20,"[""112208"", ""140079""]",2,2720.2500000011305,2909.250000001818,2847.650000001594,2720.2500000011305,2769.350000001309,2773.400000001324,2837.5500000015572,2837.6000000015574,2847.600000001594,2847.650000001594,2905.2000000018033,2909.250000001818,18.100000000000122,118.29999999999542,15.300000000000082,0,37.05000000000003,0.25,0,32.0,92.00000000000009
J000474,2023-01-03/IPMG,IPMG,AMR_34,G26_15,WS_25_20,"[""101021""]",1,2724.500000001146,2940.00000000193,2913.4500000018334,2724.500000001146,2877.300000001702,2881.3500000017166,2903.3500000017966,2903.400000001797,2913.400000001833,2913.4500000018334,2935.950000001915,2940.00000000193,18.100000000000122,110.34999999999587,20.15000000000015,0,66.64999999999836,0.25,0,84.00000000000097,36.0
J000475,2023-01-03/CTSQ,CTSQ,AMR_17,G32_12,WS_13_20,"[""121833""]",1,2725.4000000011492,3082.400000002448,3023.1000000022323,2725.4000000011492,2950.8000000019692,2954.850000001984,3013.0000000021955,3013.0500000021957,3023.050000002232,3023.1000000022323,3078.3500000024333,3082.400000002448,18.100000000000122,241.15000000002058,26.700000000000244,0,70.79999999999812,0.25,0,169.99999999999864,112.00000000000031
J000476,2023-01-03/KPAS,KPAS,AMR_35,G11_9,WS_30_20,"[""110225"", ""112086"", ""125639""]",3,2736.4500000011894,2891.650000001754,2830.7000000015323,2736.4500000011894,2736.4500000011894,2740.500000001204,2820.6000000014956,2820.6500000014958,2830.650000001532,2830.7000000015323,2887.6000000017393,2891.650000001754,18.100000000000122,112.34999999999576,11.450000000000028,0,13.100000000000051,0.2,0,0.0,136.0000000000001
J000477,2023-01-03/KAMP,KAMP,AMR_33,G14_9,WS_8_20,"[""110227""]",1,2747.100000001228,2848.4000000015967,2798.5500000014154,2747.100000001228,2747.100000001228,2751.150000001243,2788.4500000013786,2788.500000001379,2798.500000001415,2798.5500000014154,2844.350000001582,2848.4000000015967,18.100000000000122,70.09999999999816,11.450000000000028,0,1.4500000000000006,0.2,0,0.0,76.00000000000077
J000478,2023-01-03/KJRH,KJRH,AMR_32,G9_10,WS_2_20,"[""107238"", ""110285""]",2,2751.0500000012426,2992.3500000021204,2950.500000001968,2751.0500000012426,2824.7500000015107,2828.8000000015254,2940.4000000019314,2940.4500000019316,2950.450000001968,2950.500000001968,2988.3000000021057,2992.3500000021204,18.100000000000122,135.44999999999655,17.20000000000011,0,70.29999999999815,0.25,0,82.00000000000145,72.00000000000077
J000479,2023-01-03/KPAS,KPAS,AMR_20,G14_12,WS_30_20,"[""110475"", ""214618""]",2,2752.550000001248,3033.9000000022716,2976.4500000020626,2752.550000001248,2880.2500000017126,2884.3000000017273,2966.350000002026,2966.400000002026,2976.4000000020624,2976.4500000020626,3029.850000002257,3033.9000000022716,18.100000000000122,200.55000000001135,23.900000000000205,0,38.54999999999995,0.25,0,122.0000000000023,112.00000000000043
J000480,2023-01-03/CTSQ,CTSQ,AMR_21,G3_14,WS_13_20,"[""107347""]",2,2757.0500000012644,2881.0000000017153,2842.8500000015765,2757.0500000012644,2787.200000001374,2791.250000001389,2832.75000000154,2832.80000000154,2842.8000000015763,2842.8500000015765,2876.9500000017006,2881.0000000017153,18.100000000000122,89.14999999999708,13.400000000000055,0,3.049999999999997,0.25,0,27.999999999999996,72.00000000000078
J000481,2023-01-03/KOLA,KOLA,AMR_04,G21_13,WS_19_20,"[""110130""]",1,2761.0000000012787,2931.250000001898,2894.400000001764,2761.0000000012787,2818.850000001489,2822.900000001504,2884.3000000017273,2884.3500000017275,2894.350000001764,2894.400000001764,2927.2000000018834,2931.250000001898,18.100000000000122,80.14999999999759,17.20000000000011,0,54.54999999999904,0.25,0,26.0,48.00000000000013
J000482,2023-01-03/KJRH,KJRH,AMR_02,G28_2,WS_2_20,"[""111348"", ""112053""]",2,2777.7500000013397,3071.8500000024096,2984.600000002092,2777.7500000013397,2814.0500000014717,2818.1000000014865,2974.5000000020555,2974.5500000020556,2984.550000002092,2984.600000002092,3067.800000002395,3071.8500000024096,18.100000000000122,211.55000000001385,21.050000000000164,0,43.149999999999686,0.25,0,23.999999999999986,243.99999999998906
J000483,2023-01-03/KOLA,KOLA,AMR_15,G24_12,WS_19_20,"[""101063""]",2,2777.85000000134,2957.1500000019923,2911.450000001826,2777.85000000134,2834.150000001545,2838.2000000015596,2901.3500000017893,2901.4000000017895,2911.400000001826,2911.450000001826,2953.1000000019776,2957.1500000019923,18.100000000000122,94.1499999999968,17.20000000000011,0,49.59999999999932,0.25,0,30.0,64.00000000000031
J000484,2023-01-03/CTSQ,CTSQ,AMR_22,G3_2,WS_13_20,"[""111226""]",2,2788.7500000013797,2980.150000002076,2907.7500000018126,2788.7500000013797,2823.200000001505,2827.2500000015198,2897.650000001776,2897.700000001776,2907.7000000018124,2907.7500000018126,2976.1000000020613,2980.150000002076,18.100000000000122,129.79999999999526,17.15000000000011,0,26.100000000000236,0.25,0,26.000000000000004,120.00000000000206
J000485,2023-01-03/KPAS,KPAS,AMR_06,G30_15,WS_30_20,"[""110609"", ""140089""]",2,2789.400000001382,2921.1500000018614,2898.250000001778,2789.400000001382,2850.100000001603,2854.1500000016176,2888.1500000017413,2888.2000000017415,2898.200000001778,2898.250000001778,2917.1000000018466,2921.1500000018614,18.100000000000122,80.89999999999755,14.350000000000069,0,18.150000000000123,0.25,0,56.000000000000924,32.0
J000486,2023-01-03/KJRH,KJRH,AMR_01,G39_12,WS_2_20,"[""110133"", ""110328""]",2,2794.900000001402,3070.350000002404,2933.450000001906,2794.900000001402,2818.6500000014885,2822.700000001503,2923.3500000018694,2923.4000000018696,2933.400000001906,2933.450000001906,3066.3000000023894,3070.350000002404,18.100000000000122,180.40000000000677,13.350000000000055,0,63.34999999999854,0.25,0,18.0,191.9999999999939
J000487,2023-01-03/KOLA,KOLA,AMR_13,G26_10,WS_19_20,"[""110323"", ""112029""]",4,2799.9000000014203,2988.6000000021068,2928.500000001888,2799.9000000014203,2836.650000001554,2840.7000000015687,2918.4000000018514,2918.4500000018515,2928.450000001888,2928.500000001888,2984.550000002092,2988.6000000021068,18.100000000000122,101.79999999999636,14.300000000000068,0,54.249999999999055,0.25,0,30.0,72.00000000000031
J000488,2023-01-03/CTSQ,CTSQ,AMR_28,G33_14,WS_13_20,"[""131653""]",1,2805.900000001442,2962.300000002011,2876.8000000017,2805.900000001442,2809.9000000014566,2813.9500000014714,2866.7000000016633,2866.7500000016635,2876.7500000017,2876.8000000017,2958.2500000019963,2962.300000002011,18.100000000000122,105.14999999999617,9.5,0,23.400000000000198,0.25,0,2.0,116.00000000000013
J000489,2023-01-03/KJRH,KJRH,AMR_09,G3_8,WS_2_20,"[""101163"", ""107336"", ""110349"", ""134611""]",4,2811.950000001464,2953.0500000019774,2855.400000001622,2811.950000001464,2811.950000001464,2816.000000001479,2845.3000000015854,2845.3500000015856,2855.350000001622,2855.400000001622,2949.0000000019627,2953.0500000019774,18.100000000000122,56.199999999998944,7.649999999999981,0,58.94999999999879,0.2,0,0.0,64.0000000000005
J000490,2023-01-03/KOLA,KOLA,AMR_10,G26_13,WS_19_20,"[""107276""]",1,2811.950000001464,3102.3500000025206,3064.9000000023843,2811.950000001464,3006.750000002173,3010.8000000021875,3054.8000000023476,3054.8500000023478,3064.850000002384,3064.9000000023843,3098.300000002506,3102.3500000025206,18.100000000000122,150.1999999999999,29.650000000000286,0,92.1999999999969,0.25,0,98.00000000000165,60.00000000000013
J000491,2023-01-03/KTUN,KTUN,AMR_23,G20_10,WS_8_20,"[""110417"", ""110504"", ""110583"", ""132437"", ""134029""]",11,2820.9000000014967,3026.1500000022434,2973.05000000205,2820.9000000014967,2881.6500000017177,2885.7000000017324,2962.9500000020134,2963.0000000020136,2973.00000000205,2973.05000000205,3022.1000000022286,3026.1500000022434,18.100000000000122,138.54999999999725,16.200000000000095,0,32.15000000000031,0.25,0,66.00000000000097,96.000000000001
J000492,2023-01-03/KTUN,KTUN,AMR_31,G38_10,WS_8_20,"[""101155"", ""107238"", ""107250"", ""112326"", ""112369""]",8,2826.000000001515,3110.5500000025504,3020.9000000022243,2826.000000001515,2910.7500000018235,2914.8000000018383,3010.8000000021875,3010.8500000021877,3020.850000002224,3020.9000000022243,3106.5000000025357,3110.5500000025504,18.100000000000122,192.9000000000096,18.150000000000123,0,55.149999999999004,0.25,0,60.0,167.99999999999687
J000493,2023-01-03/KTUN,KTUN,AMR_19,G3_9,WS_8_20,"[""110210"", ""110349"", ""112194"", ""112367""]",6,2826.3000000015163,3036.4000000022806,2956.9500000019916,2826.3000000015163,2898.9000000017804,2902.950000001795,2946.850000001955,2946.900000001955,2956.9000000019914,2956.9500000019916,3032.350000002266,3036.4000000022806,18.100000000000122,133.34999999999607,15.300000000000082,0,43.09999999999969,0.25,0,76.00000000000149,72.00000000000027
J000494,2023-01-03/KTUN,KTUN,AMR_26,G6_13,WS_8_20,"[""101330"", ""120450"", ""124208""]",5,2839.5500000015645,3067.4500000023936,3036.8500000022823,2839.5500000015645,2988.900000002108,2992.9500000021226,3026.7500000022455,3026.8000000022457,3036.800000002282,3036.8500000022823,3063.400000002379,3067.4500000023936,18.100000000000122,151.80000000000027,23.000000000000192,0,34.75000000000016,0.25,0,124.0000000000023,48.00000000000013
J000495,2023-01-03/KPAS,KPAS,AMR_18,G15_10,WS_30_20,"[""110097"", ""110313""]",2,2841.00000000157,3080.20000000244,2993.400000002124,2841.00000000157,2877.950000001704,2882.000000001719,2983.3000000020875,2983.3500000020877,2993.350000002124,2993.400000002124,3076.1500000024253,3080.20000000244,18.100000000000122,121.44999999999524,17.20000000000011,0,82.19999999999747,0.25,0,22.0,108.00000000000026
J000496,2023-01-03/KTUN,KTUN,AMR_11,G6_10,WS_8_20,"[""107263"", ""107281"", ""124402""]",3,2842.650000001576,3053.800000002344,3004.9500000021662,2842.650000001576,2919.2000000018543,2923.250000001869,2994.8500000021295,2994.9000000021297,3004.900000002166,3004.9500000021662,3049.750000002329,3053.800000002344,18.100000000000122,102.64999999999631,18.150000000000123,0,71.99999999999805,0.25,0,40.00000000000003,60.000000000000426
J000497,2023-01-03/CTSQ,CTSQ,AMR_24,G3_1,WS_13_20,"[""107290""]",1,2847.8500000015947,3093.5500000024886,3006.0500000021702,2847.8500000015947,2919.6000000018557,2923.6500000018705,2995.9500000021335,2996.0000000021337,3006.00000000217,3006.0500000021702,3089.500000002474,3093.5500000024886,18.100000000000122,173.25000000000514,17.20000000000011,0,36.90000000000004,0.25,0,84.00000000000122,132.00000000000261
J000498,2023-01-03/KPAS,KPAS,AMR_33,G8_14,WS_30_20,"[""111356"", ""111988""]",2,2848.450000001597,3132.5000000026303,3010.4500000021862,2848.450000001597,2894.950000001766,2899.000000001781,3000.3500000021495,3000.4000000021497,3010.400000002186,3010.4500000021862,3128.4500000026155,3132.5000000026303,18.100000000000122,153.6500000000007,15.300000000000082,0,96.74999999999665,0.25,0,38.00000000000014,128.00000000000048
J000499,2023-01-03/KJRH,KJRH,AMR_05,G12_10,WS_2_20,"[""101218"", ""101302"", ""110395""]",3,2857.300000001629,3036.450000002281,2967.55000000203,2857.300000001629,2857.300000001629,2861.350000001644,2957.4500000019934,2957.5000000019936,2967.50000000203,2967.55000000203,3032.400000002266,3036.450000002281,18.100000000000122,82.04999999999748,8.599999999999987,0,70.19999999999816,0.2,0,0.0,88.00000000000091
J000500,2023-01-03/CTSQ,CTSQ,AMR_12,G2_1,WS_13_20,"[""110339""]",1,2860.850000001642,3101.4500000025173,3040.1500000022943,2860.850000001642,2954.7500000019836,2958.8000000019983,3030.0500000022575,3030.1000000022577,3040.100000002294,3040.1500000022943,3097.4000000025026,3101.4500000025173,18.100000000000122,139.99999999999758,13.300000000000054,0,68.94999999999823,0.25,0,31.99999999999995,136.000000000002
J000501,2023-01-03/KOLA,KOLA,AMR_14,G14_9,WS_19_20,"[""110227"", ""110233"", ""112045""]",3,2862.800000001649,3131.000000002625,3047.8500000023223,2862.800000001649,2947.0500000019556,2951.1000000019703,3037.7500000022856,3037.8000000022857,3047.800000002322,3047.8500000023223,3126.95000000261,3131.000000002625,18.100000000000122,108.44999999999598,16.250000000000096,0,125.14999999999503,0.25,0,28.0,80.0000000000004
J000502,2023-01-03/KTUN,KTUN,AMR_40,G35_9,WS_8_20,"[""107159"", ""111376"", ""125547"", ""126308""]",4,2864.700000001656,3088.45000000247,2989.000000002108,2864.700000001656,2894.950000001766,2899.000000001781,2978.9000000020715,2978.9500000020716,2988.950000002108,2989.000000002108,3084.4000000024553,3088.45000000247,18.100000000000122,155.5000000000011,17.20000000000011,0,32.70000000000028,0.25,0,24.0,159.9999999999981
J000503,2023-01-03/KPAS,KPAS,AMR_03,G0_15,WS_30_20,"[""101095"", ""110519"", ""124702""]",3,2873.9000000016895,3249.7000000030566,3175.350000002786,2873.9000000016895,3079.3000000024367,3083.3500000024515,3165.2500000027494,3165.3000000027496,3175.300000002786,3175.350000002786,3245.650000003042,3249.7000000030566,18.100000000000122,213.45000000001428,20.15000000000015,0,123.8499999999951,0.25,0,102.00000000000064,147.9999999999984
J000504,2023-01-03/CTSQ,CTSQ,AMR_25,G32_8,WS_13_20,"[""101075""]",2,2881.0000000017153,3068.100000002396,2989.1000000021086,2881.0000000017153,2907.900000001813,2911.950000001828,2979.000000002072,2979.050000002072,2989.0500000021084,2989.1000000021086,3064.0500000023812,3068.100000002396,18.100000000000122,131.94999999999575,13.350000000000055,0,23.4500000000002,0.25,0,24.00000000000002,128.00000000000088
J000505,2023-01-03/KOLA,KOLA,AMR_21,G3_12,WS_19_20,"[""107398"", ""112013""]",3,2881.0500000017155,3097.800000002504,3030.950000002261,2881.0500000017155,2930.350000001895,2934.4000000019096,3020.850000002224,3020.9000000022243,3030.9000000022606,3030.950000002261,3093.7500000024893,3097.800000002504,18.100000000000122,117.54999999999546,17.25000000000011,0,63.59999999999852,0.25,0,16.0,108.00000000000101
J000506,2023-01-03/KPAS,KPAS,AMR_35,G26_2,WS_30_20,"[""107120"", ""107317"", ""123094""]",3,2891.7000000017542,3089.800000002475,3027.5000000022483,2891.7000000017542,2937.30000000192,2941.350000001935,3017.4000000022115,3017.4500000022117,3027.450000002248,3027.5000000022483,3085.75000000246,3089.800000002475,18.100000000000122,129.24999999999514,15.250000000000082,0,35.250000000000135,0.25,0,48.0,100.0000000000012
J000507,2023-01-03/CTSQ,CTSQ,AMR_36,G27_2,WS_13_20,"[""101177""]",2,2909.3000000018183,3146.700000002682,3078.050000002432,2909.3000000018183,2958.0000000019954,2962.05000000201,3067.9500000023954,3068.0000000023956,3078.000000002432,3078.050000002432,3142.650000002667,3146.700000002682,18.100000000000122,154.90000000000097,18.150000000000123,0,45.999999999999524,0.25,0,48.0000000000004,136.00000000000105
J000508,2023-01-03/JLTS,JLTS,AMR_39,G30_2,WS_25_20,"[""107451""]",1,2915.1000000018394,3104.2500000025275,3044.250000002309,2915.1000000018394,2980.650000002078,2984.7000000020926,3034.1500000022725,3034.2000000022726,3044.200000002309,3044.250000002309,3100.2000000025128,3104.2500000025275,18.100000000000122,144.0499999999985,16.250000000000096,0,10.500000000000014,0.25,0,70.00000000000021,104.00000000000104
J000509,2023-01-03/KJRH,KJRH,AMR_29,G35_10,WS_2_20,"[""100949"", ""110143""]",2,2918.550000001852,3335.9500000033704,3156.350000002717,2918.550000001852,3008.150000002178,3012.2000000021926,3146.2500000026803,3146.3000000026805,3156.300000002717,3156.350000002717,3331.9000000033557,3335.9500000033704,18.100000000000122,210.60000000001364,19.050000000000136,0,169.40000000000427,0.25,0,46.00000000000048,175.99999999999642
J000510,2023-01-03/KOLA,KOLA,AMR_38,G18_10,WS_19_20,"[""112087""]",2,2920.8500000018603,3231.4500000029902,3190.700000002842,2920.8500000018603,2947.8500000019585,2951.9000000019732,3180.6000000028052,3180.6500000028054,3190.650000002842,3190.700000002842,3227.4000000029755,3231.4500000029902,18.100000000000122,127.4499999999949,18.100000000000122,0,146.6999999999991,0.25,0,14.0,124.00000000000148
J000511,2023-01-03/KPAS,KPAS,AMR_06,G6_12,WS_30_20,"[""101193"", ""113197""]",2,2921.2000000018616,3238.4000000030155,3139.7000000026565,2921.2000000018616,3040.050000002294,3044.1000000023087,3129.6000000026197,3129.65000000262,3139.6500000026563,3139.7000000026565,3234.350000003001,3238.4000000030155,18.100000000000122,173.60000000000522,16.250000000000096,0,108.99999999999595,0.25,0,66.00000000000065,135.9999999999998
J000512,2023-01-03/KOLA,KOLA,AMR_04,G11_13,WS_19_20,"[""101337""]",1,2931.3000000018983,3193.500000002852,3121.6000000025906,2931.3000000018983,3059.300000002364,3063.3500000023787,3111.500000002554,3111.550000002554,3121.5500000025904,3121.6000000025906,3189.4500000028374,3193.500000002852,18.100000000000122,134.69999999999638,22.95000000000019,0,86.19999999999725,0.25,0,60.0000000000005,84.00000000000082
J000513,2023-01-03/KJRH,KJRH,AMR_34,G6_15,WS_2_20,"[""110480""]",1,2940.05000000193,3135.0500000026395,3096.0000000024975,2940.05000000193,3058.4000000023607,3062.4500000023754,3085.9000000024607,3085.950000002461,3095.9500000024973,3096.0000000024975,3131.000000002625,3135.0500000026395,18.100000000000122,86.44999999999723,11.450000000000028,0,78.74999999999767,0.25,0,48.000000000000156,40.000000000000085
J000514,2023-01-03/CTSQ,CTSQ,AMR_07,G32_6,WS_13_20,"[""112334""]",1,2948.0500000019592,3201.15000000288,3095.1500000024944,2948.0500000019592,2981.4000000020806,2985.4500000020953,3085.0500000024576,3085.100000002458,3095.100000002494,3095.1500000024944,3197.1000000028653,3201.15000000288,18.100000000000122,134.59999999999636,13.400000000000055,0,86.74999999999721,0.25,0,10.0,136.00000000000003
J000515,2023-01-03/KJRH,KJRH,AMR_30,G5_14,WS_2_20,"[""107204""]",1,2950.9000000019696,3144.1500000026726,3113.3000000025604,2950.9000000019696,2977.2500000020655,2981.30000000208,3103.2000000025237,3103.250000002524,3113.2500000025602,3113.3000000025604,3140.100000002658,3144.1500000026726,18.100000000000122,87.14999999999719,17.20000000000011,0,70.54999999999814,0.25,0,17.999999999999986,64.00000000000014
J000516,2023-01-03/KOLA,KOLA,AMR_09,G3_8,WS_19_20,"[""101163"", ""107336""]",2,2953.1000000019776,3180.000000002803,3081.9500000024464,2953.1000000019776,2953.1000000019776,2957.1500000019923,3071.8500000024096,3071.90000000241,3081.900000002446,3081.9500000024464,3175.9500000027883,3180.000000002803,18.100000000000122,119.24999999999537,11.450000000000028,0,77.89999999999772,0.2,0,0.0,120.00000000000095
J000517,2023-01-03/KTUN,KTUN,AMR_15,G11_9,WS_8_20,"[""107280"", ""110225"", ""110316"", ""112086""]",7,2957.2000000019925,3277.4500000031576,3159.5000000027285,2957.2000000019925,3114.4500000025646,3118.5000000025793,3149.4000000026917,3149.450000002692,3159.4500000027283,3159.5000000027285,3273.400000003143,3277.4500000031576,18.100000000000122,131.94999999999575,20.10000000000015,0,149.84999999999982,0.25,0,68.0000000000006,64.00000000000023
J000518,2023-01-03/KJRH,KJRH,AMR_37,G3_13,WS_2_20,"[""110305""]",1,2961.700000002009,3086.7000000024636,3054.4500000023463,2961.700000002009,3004.2500000021637,3008.3000000021784,3044.3500000023096,3044.4000000023098,3054.400000002346,3054.4500000023463,3082.650000002449,3086.7000000024636,18.100000000000122,70.44999999999814,13.400000000000055,0,22.80000000000019,0.25,0,30.000000000000025,44.00000000000017
J000519,2023-01-03/KJRH,KJRH,AMR_28,G8_13,WS_2_20,"[""110234""]",1,2967.6000000020304,3229.3500000029826,3173.2500000027785,2967.6000000020304,3114.800000002566,3118.8500000025806,3163.1500000027418,3163.200000002742,3173.2000000027783,3173.2500000027785,3225.300000002968,3229.3500000029826,18.100000000000122,139.09999999999738,19.100000000000136,0,85.1999999999973,0.25,0,88.00000000000065,56.000000000000384
J000520,2023-01-03/KPAS,KPAS,AMR_22,G29_12,WS_30_20,"[""112056""]",1,2980.200000002076,3309.400000003274,3269.5000000031287,2980.200000002076,3211.900000002919,3215.950000002934,3259.400000003092,3259.450000003092,3269.4500000031285,3269.5000000031287,3305.350000003259,3309.400000003274,18.100000000000122,177.9500000000062,27.75000000000026,0,105.14999999999617,0.25,0,140.00000000000114,52.0000000000003
J000521,2023-01-03/KTUN,KTUN,AMR_13,G3_2,WS_8_20,"[""110343"", ""110344"", ""110386""]",5,2988.650000002107,3199.500000002874,3123.5000000025975,2988.650000002107,3042.9000000023043,3046.950000002319,3113.400000002561,3113.450000002561,3123.4500000025973,3123.5000000025975,3195.4500000028593,3199.500000002874,18.100000000000122,142.2999999999981,15.200000000000081,0,35.00000000000015,0.25,0,62.00000000000104,108.00000000000158
J000522,2023-01-03/CTSQ,CTSQ,AMR_08,G33_5,WS_13_20,"[""126834""]",1,2991.450000002117,3287.3000000031934,3126.600000002609,2991.450000002117,3048.4500000023245,3052.500000002339,3116.500000002572,3116.5500000025722,3126.5500000026086,3126.600000002609,3283.2500000031787,3287.3000000031934,18.100000000000122,178.25000000000628,19.100000000000136,0,80.14999999999759,0.25,0,56.00000000000042,159.99999999999685
J000523,2023-01-03/KJRH,KJRH,AMR_32,G2_10,WS_2_20,"[""101094""]",1,2992.4000000021206,3160.0500000027305,3130.3500000026224,2992.4000000021206,3069.4000000024007,3073.4500000024154,3120.2500000025857,3120.300000002586,3130.3000000026223,3130.3500000026224,3156.0000000027158,3160.0500000027305,18.100000000000122,115.74999999999557,20.15000000000015,0,13.400000000000055,0.25,0,74.00000000000138,56.000000000000384
J000524,2023-01-03/KTUN,KTUN,AMR_27,G9_10,WS_8_20,"[""101295"", ""110346"", ""112359""]",5,3023.5000000022337,3323.800000003326,3281.5000000031723,3023.5000000022337,3163.800000002744,3167.850000002759,3271.4000000031356,3271.4500000031358,3281.450000003172,3281.5000000031723,3319.7500000033115,3323.800000003326,18.100000000000122,146.79999999999913,20.10000000000015,0,115.0499999999956,0.25,0,96.00000000000159,64.00000000000045
J000525,2023-01-03/KPAS,KPAS,AMR_23,G27_12,WS_30_20,"[""110595""]",1,3026.2000000022435,3156.5500000027178,3122.3500000025933,3026.2000000022435,3067.9000000023952,3071.95000000241,3112.2500000025566,3112.3000000025568,3122.300000002593,3122.3500000025933,3152.500000002703,3156.5500000027178,18.100000000000122,72.44999999999803,12.35000000000004,0,27.20000000000025,0.25,0,22.0,52.0000000000003
J000526,2023-01-03/CTSQ,CTSQ,AMR_16,G36_10,WS_13_20,"[""107323""]",1,3030.3500000022586,3287.6000000031945,3143.5500000026705,3030.3500000022586,3063.100000002378,3067.1500000023925,3133.4500000026337,3133.500000002634,3143.5000000026703,3143.5500000026705,3283.55000000318,3287.6000000031945,18.100000000000122,146.99999999999918,16.250000000000096,0,75.64999999999785,0.25,0,32.0,135.9999999999999
J000527,2023-01-03/KTUN,KTUN,AMR_20,G26_10,WS_8_20,"[""107213"", ""112029"", ""124403""]",4,3033.9500000022717,3388.650000003562,3313.5000000032887,3033.9500000022717,3139.6500000026563,3143.700000002671,3303.400000003252,3303.450000003252,3313.4500000032886,3313.5000000032887,3384.6000000035474,3388.650000003562,18.100000000000122,158.6000000000018,20.10000000000015,0,157.6500000000016,0.25,0,48.0,120.00000000000159
J000528,2023-01-03/KPAS,KPAS,AMR_19,G23_15,WS_30_20,"[""110157""]",1,3036.450000002281,3282.1500000031747,3252.300000003066,3036.450000002281,3192.90000000285,3196.9500000028647,3242.2000000030293,3242.2500000030295,3252.250000003066,3252.300000003066,3278.10000000316,3282.1500000031747,18.100000000000122,118.24999999999542,20.200000000000152,0,88.89999999999709,0.25,0,72.00000000000063,56.00000000000003
J000529,2023-01-03/KOLA,KOLA,AMR_05,G12_10,WS_19_20,"[""110149"", ""114899""]",2,3036.500000002281,3413.400000003652,3364.8500000034755,3036.500000002281,3036.500000002281,3040.5500000022957,3354.750000003439,3354.800000003439,3364.8000000034754,3364.8500000034755,3409.3500000036374,3413.400000003652,18.100000000000122,170.4000000000045,22.90000000000019,0,165.30000000000334,0.2,0,0.0,179.99999999999983
J000530,2023-01-03/KIDP,KIDP,AMR_11,G24_15,WS_25_20,"[""112432""]",1,3053.850000002344,3207.700000002904,3178.850000002799,3053.850000002344,3132.750000002631,3136.800000002646,3168.750000002762,3168.8000000027623,3178.8000000027987,3178.850000002799,3203.650000002889,3207.700000002904,18.100000000000122,85.09999999999731,12.450000000000042,0,37.94999999999998,0.25,0,50.0,36.0
J000531,2023-01-03/KIDP,KIDP,AMR_26,G33_15,WS_25_20,"[""101336""]",1,3067.500000002394,3230.1500000029855,3194.7000000028565,3067.500000002394,3140.350000002659,3144.4000000026736,3184.60000000282,3184.65000000282,3194.6500000028564,3194.7000000028565,3226.100000002971,3230.1500000029855,18.100000000000122,102.8499999999963,12.450000000000042,0,29.000000000000277,0.25,0,62.0,60.0
J000532,2023-01-03/KIDP,KIDP,AMR_25,G29_10,WS_25_20,"[""110232""]",1,3068.150000002396,3184.0000000028176,3135.450000002641,3068.150000002396,3089.3500000024733,3093.400000002488,3125.3500000026042,3125.4000000026044,3135.400000002641,3135.450000002641,3179.950000002803,3184.0000000028176,18.100000000000122,77.74999999999773,15.250000000000082,0,4.499999999999992,0.25,0,14.0,64.00000000000031
J000533,2023-01-03/KIDP,KIDP,AMR_01,G38_9,WS_25_20,"[""112451""]",1,3070.4000000024043,3211.1500000029164,3155.9500000027156,3070.4000000024043,3089.1500000024726,3093.2000000024873,3145.850000002679,3145.900000002679,3155.9000000027154,3155.9500000027156,3207.1000000029017,3211.1500000029164,18.100000000000122,104.29999999999622,15.250000000000082,0,2.849999999999998,0.25,0,12.0,104.0000000000005
J000534,2023-01-03/CTSQ,CTSQ,AMR_02,G28_2,WS_13_20,"[""134599""]",1,3071.90000000241,3313.050000003287,3166.1500000027527,3071.90000000241,3071.90000000241,3075.9500000024245,3156.050000002716,3156.100000002716,3166.1000000027525,3166.1500000027527,3309.0000000032724,3313.050000003287,18.100000000000122,128.39999999999495,11.450000000000028,0,82.99999999999743,0.2,0,0.0,147.99999999999898
J000535,2023-01-03/KTUN,KTUN,AMR_18,G5_10,WS_8_20,"[""101293"", ""123094""]",3,3080.25000000244,3333.700000003362,3297.5500000032307,3080.25000000244,3149.5500000026923,3153.600000002707,3287.450000003194,3287.500000003194,3297.5000000032305,3297.5500000032307,3329.6500000033475,3333.700000003362,18.100000000000122,109.49999999999592,18.200000000000124,0,107.39999999999604,0.25,0,24.00000000000003,88.00000000000094
J000536,2023-01-03/KOLA,KOLA,AMR_17,G12_12,WS_19_20,"[""107328""]",1,3082.450000002448,3246.750000003046,3207.9000000029046,3082.450000002448,3142.300000002666,3146.3500000026806,3197.800000002868,3197.850000002868,3207.8500000029044,3207.9000000029046,3242.700000003031,3246.750000003046,18.100000000000122,117.04999999999549,15.250000000000082,0,13.650000000000059,0.25,0,64.00000000000051,68.00000000000054
J000537,2023-01-03/CTSQ,CTSQ,AMR_37,G31_2,WS_13_20,"[""110847""]",1,3086.750000002464,3355.600000003442,3279.9000000031665,3086.750000002464,3180.0500000028032,3184.100000002818,3269.8000000031298,3269.85000000313,3279.8500000031663,3279.9000000031665,3351.550000003427,3355.600000003442,18.100000000000122,201.35000000001153,20.05000000000015,0,29.10000000000028,0.25,0,90.00000000000072,147.99999999999832
J000538,2023-01-03/KOLA,KOLA,AMR_40,G26_12,WS_19_20,"[""110499""]",1,3088.50000000247,3203.7000000028893,3164.8000000027478,3088.50000000247,3116.1000000025706,3120.1500000025853,3154.700000002711,3154.750000002711,3164.7500000027476,3164.8000000027478,3199.6500000028745,3203.7000000028893,18.100000000000122,79.44999999999763,13.350000000000055,0,4.049999999999994,0.25,0,24.0,64.00000000000023
J000539,2023-01-03/KJRH,KJRH,AMR_35,G26_2,WS_2_20,"[""107317"", ""110336""]",2,3089.850000002475,3357.7000000034495,3270.5500000031325,3089.850000002475,3089.850000002475,3093.90000000249,3260.4500000030957,3260.500000003096,3270.5000000031323,3270.5500000031325,3353.650000003435,3357.7000000034495,18.100000000000122,176.35000000000585,19.000000000000135,0,54.19999999999906,0.2,0,0.0,207.99999999999184
J000540,2023-01-03/KPAS,KPAS,AMR_24,G6_10,WS_30_20,"[""111387"", ""124402""]",2,3093.6000000024887,3403.8500000036174,3286.5500000031907,3093.6000000024887,3124.0000000025993,3128.050000002614,3276.450000003154,3276.500000003154,3286.5000000031905,3286.5500000031907,3399.8000000036027,3403.8500000036174,18.100000000000122,164.15000000000308,20.950000000000163,0,106.79999999999607,0.25,0,27.999999999999993,151.9999999999977
J000541,2023-01-03/CTSQ,CTSQ,AMR_21,G38_13,WS_13_20,"[""101135""]",1,3097.850000002504,3572.550000004231,3489.6000000039294,3097.850000002504,3355.950000003443,3360.000000003458,3479.5000000038926,3479.550000003893,3489.550000003929,3489.6000000039294,3568.5000000042164,3572.550000004231,18.100000000000122,300.6500000000341,34.50000000000018,0,121.19999999999526,0.25,0,215.9999999999915,132.0000000000003
J000542,2023-01-03/KTUN,KTUN,AMR_12,G9_9,WS_8_20,"[""110588"", ""110703""]",3,3101.5000000025175,3366.950000003483,3329.4500000033468,3101.5000000025175,3136.4500000026446,3140.5000000026594,3319.35000000331,3319.40000000331,3329.4000000033466,3329.4500000033468,3362.9000000034684,3366.950000003483,18.100000000000122,120.19999999999531,18.150000000000123,0,108.74999999999596,0.25,0,33.99999999999993,88.00000000000077
J000543,2023-01-03/KOLA,KOLA,AMR_10,G15_10,WS_19_20,"[""110097""]",1,3102.4000000025208,3312.700000003286,3277.7500000031587,3102.4000000025208,3176.7500000027912,3180.800000002806,3267.650000003122,3267.700000003122,3277.7000000031585,3277.7500000031587,3308.650000003271,3312.700000003286,18.100000000000122,124.09999999999509,21.000000000000163,0,46.849999999999476,0.25,0,68.00000000000063,64.00000000000048
J000544,2023-01-03/KJRH,KJRH,AMR_39,G35_9,WS_2_20,"[""107034"", ""125547""]",2,3104.3000000025277,3435.7000000037333,3321.3500000033173,3104.3000000025277,3132.150000002629,3136.2000000026437,3311.2500000032805,3311.3000000032807,3321.300000003317,3321.3500000033173,3431.6500000037186,3435.7000000037333,18.100000000000122,200.55000000001135,22.000000000000178,0,90.499999999997,0.25,0,23.999999999999996,203.99999999999338
J000545,2023-01-03/CTSQ,CTSQ,AMR_31,G32_2,WS_13_20,"[""111315""]",1,3110.6000000025506,3350.3000000034226,3219.7500000029477,3110.6000000025506,3139.900000002657,3143.950000002672,3209.650000002911,3209.700000002911,3219.7000000029475,3219.7500000029477,3346.250000003408,3350.3000000034226,18.100000000000122,152.75000000000048,15.250000000000082,0,53.349999999999106,0.25,0,27.99999999999999,151.99999999999793
J000546,2023-01-03/KJRH,KJRH,AMR_14,G14_9,WS_2_20,"[""107412"", ""110227"", ""124210""]",3,3131.050000002625,3275.900000003152,3200.2000000028765,3131.050000002625,3131.050000002625,3135.1000000026397,3190.10000000284,3190.15000000284,3200.1500000028764,3200.2000000028765,3271.850000003137,3275.900000003152,18.100000000000122,89.04999999999708,11.450000000000028,0,26.050000000000235,0.2,0,0.0,96.0000000000012
J000547,2023-01-03/KPAS,KPAS,AMR_33,G23_14,WS_30_20,"[""110450""]",1,3132.5500000026304,3389.8000000035663,3353.450000003434,3132.5500000026304,3300.2000000032403,3304.250000003255,3343.3500000033973,3343.4000000033975,3353.400000003434,3353.450000003434,3385.7500000035516,3389.8000000035663,18.100000000000122,126.29999999999497,22.90000000000019,0,89.69999999999705,0.25,0,54.00000000000004,68.00000000000014
J000548,2023-01-03/KTUN,KTUN,AMR_34,G6_15,WS_8_20,"[""110292"", ""112377""]",3,3135.1000000026397,3246.7000000030457,3228.60000000298,3135.1000000026397,3135.1000000026397,3139.1500000026545,3218.500000002943,3218.5500000029433,3228.5500000029797,3228.60000000298,3242.650000003031,3246.7000000030457,18.100000000000122,35.050000000000146,5.749999999999988,0,52.499999999999154,0.2,0,0.0,36.000000000000014
J000549,2023-01-03/CTSQ,CTSQ,AMR_30,G33_2,WS_13_20,"[""113218""]",1,3144.200000002673,3420.1500000036767,3326.200000003335,3144.200000002673,3224.1500000029637,3228.2000000029784,3316.100000003298,3316.1500000032984,3326.1500000033348,3326.200000003335,3416.100000003662,3420.1500000036767,18.100000000000122,203.9000000000121,18.150000000000123,0,35.55000000000012,0.25,0,96.00000000000095,159.999999999997
J000550,2023-01-03/KOLA,KOLA,AMR_36,G23_10,WS_19_20,"[""110212""]",1,3146.750000002682,3302.550000003249,3260.550000003096,3146.750000002682,3207.6500000029037,3211.7000000029184,3250.4500000030594,3250.5000000030595,3260.500000003096,3260.550000003096,3298.500000003234,3302.550000003249,18.100000000000122,104.79999999999619,18.200000000000124,0,14.45000000000007,0.25,0,52.00000000000048,60.00000000000041
J000551,2023-01-03/KJRH,KJRH,AMR_23,G3_12,WS_2_20,"[""112013""]",1,3156.600000002718,3334.6500000033657,3303.5000000032524,3156.600000002718,3263.250000003106,3267.3000000031207,3293.4000000032156,3293.450000003216,3303.450000003252,3303.5000000032524,3330.600000003351,3334.6500000033657,18.100000000000122,92.3999999999969,10.500000000000014,0,56.79999999999891,0.25,0,56.000000000000625,48.0000000000004
J000552,2023-01-03/KPAS,KPAS,AMR_32,G36_13,WS_30_20,"[""112347""]",1,3160.1000000027307,3438.100000003742,3399.2500000036007,3160.1000000027307,3343.550000003398,3347.600000003413,3389.150000003564,3389.200000003564,3399.2000000036005,3399.2500000036007,3434.0500000037273,3438.100000003742,18.100000000000122,172.05000000000487,22.05000000000018,0,65.54999999999842,0.25,0,126.0000000000011,64.00000000000013
J000553,2023-01-03/CTSQ,CTSQ,AMR_09,G38_10,WS_13_20,"[""112326""]",1,3180.0500000028032,3490.300000003932,3419.7500000036753,3180.0500000028032,3315.7000000032967,3319.7500000033115,3409.6500000036385,3409.7000000036387,3419.700000003675,3419.7500000036753,3486.250000003917,3490.300000003932,18.100000000000122,239.8500000000203,23.950000000000205,0,28.100000000000264,0.25,0,145.99999999999977,151.99999999999773
J000554,2023-01-03/KJRH,KJRH,AMR_25,G6_13,WS_2_20,"[""124208""]",1,3184.050000002818,3377.10000000352,3338.250000003379,3184.050000002818,3270.950000003134,3275.0000000031487,3328.150000003342,3328.200000003342,3338.2000000033786,3338.250000003379,3373.0500000035054,3377.10000000352,18.100000000000122,127.24999999999491,15.250000000000082,0,32.20000000000031,0.25,0,84.0000000000017,56.00000000000037
J000555,2023-01-03/KOLA,KOLA,AMR_04,G14_10,WS_19_20,"[""107396""]",1,3193.5500000028524,3513.5000000040163,3474.5000000038744,3193.5500000028524,3386.3000000035536,3390.3500000035683,3464.4000000038377,3464.450000003838,3474.4500000038743,3474.5000000038744,3509.4500000040016,3513.5000000040163,18.100000000000122,147.74999999999935,25.850000000000232,0,127.99999999999487,0.25,0,96.00000000000162,68.00000000000045
J000556,2023-01-03/KJSC,KJSC,AMR_13,G33_13,WS_25_20,"[""112432"", ""124208""]",2,3199.550000002874,3410.900000003643,3350.150000003422,3199.550000002874,3290.250000003204,3294.300000003219,3340.0500000033853,3340.1000000033855,3350.100000003422,3350.150000003422,3406.8500000036283,3410.900000003643,18.100000000000122,141.3499999999979,16.200000000000095,0,35.450000000000124,0.25,0,94.00000000000078,76.00000000000013
J000557,2023-01-03/KJSC,KJSC,AMR_07,G29_15,WS_25_20,"[""112287""]",1,3201.20000000288,3347.900000003414,3307.4500000032667,3201.20000000288,3255.1000000030763,3259.150000003091,3297.35000000323,3297.40000000323,3307.4000000032665,3307.4500000032667,3343.850000003399,3347.900000003414,18.100000000000122,81.24999999999753,14.300000000000068,0,32.800000000000274,0.25,0,32.0,44.0
J000558,2023-01-03/KJSC,KJSC,AMR_40,G20_14,WS_25_20,"[""110178""]",1,3203.7500000028895,3360.2000000034586,3323.4000000033247,3203.7500000028895,3245.10000000304,3249.1500000030546,3313.300000003288,3313.350000003288,3323.3500000033246,3323.4000000033247,3356.150000003444,3360.2000000034586,18.100000000000122,82.84999999999744,13.350000000000055,0,41.89999999999976,0.25,0,24.0,60.000000000000114
J000559,2023-01-03/KJSC,KJSC,AMR_11,G21_13,WS_25_20,"[""101102""]",1,3207.750000002904,3341.4000000033902,3291.600000003209,3207.750000002904,3243.0500000030324,3247.100000003047,3281.5000000031723,3281.5500000031725,3291.550000003209,3291.600000003209,3337.3500000033755,3341.4000000033902,18.100000000000122,74.19999999999793,14.300000000000068,0,26.800000000000246,0.25,0,22.0,52.00000000000013
J000560,2023-01-03/KJRH,KJRH,AMR_01,G8_12,WS_2_20,"[""112010""]",1,3211.2000000029166,3413.0000000036507,3374.8000000035117,3211.2000000029166,3328.8000000033444,3332.850000003359,3364.700000003475,3364.750000003475,3374.7500000035116,3374.8000000035117,3408.950000003636,3413.0000000036507,18.100000000000122,136.79999999999686,17.15000000000011,0,29.500000000000284,0.25,0,90.00000000000102,64.00000000000045
J000561,2023-01-03/KTUN,KTUN,AMR_28,G5_14,WS_8_20,"[""107204"", ""123034""]",3,3229.400000002983,3398.200000003597,3361.350000003463,3229.400000002983,3260.9000000030974,3264.950000003112,3351.250000003426,3351.3000000034262,3361.3000000034626,3361.350000003463,3394.150000003582,3398.200000003597,18.100000000000122,82.19999999999747,15.300000000000082,0,52.94999999999913,0.25,0,19.999999999999986,52.000000000000114
J000562,2023-01-03/CTSQ,CTSQ,AMR_26,G38_8,WS_13_20,"[""110109""]",1,3230.2000000029857,3486.6000000039185,3400.5500000036054,3230.2000000029857,3305.300000003259,3309.3500000032736,3390.4500000035687,3390.500000003569,3400.5000000036052,3400.5500000036054,3482.5500000039037,3486.6000000039185,18.100000000000122,194.45000000000996,21.950000000000177,0,21.650000000000173,0.25,0,60.00000000000061,171.9999999999952
J000563,2023-01-03/KOLA,KOLA,AMR_38,G21_9,WS_19_20,"[""107207""]",1,3231.5000000029904,3397.7500000035952,3348.250000003415,3231.5000000029904,3284.0000000031814,3288.050000003196,3338.1500000033784,3338.2000000033786,3348.200000003415,3348.250000003415,3393.7000000035805,3397.7500000035952,18.100000000000122,106.79999999999607,15.250000000000082,0,25.850000000000232,0.25,0,48.0000000000004,64.00000000000036
J000564,2023-01-03/KJSC,KJSC,AMR_06,G17_14,WS_25_20,"[""140079""]",1,3238.4500000030157,3460.850000003825,3392.800000003577,3238.4500000030157,3309.700000003275,3313.7500000032896,3382.7000000035405,3382.7500000035407,3392.750000003577,3392.800000003577,3456.80000000381,3460.850000003825,18.100000000000122,108.44999999999598,15.250000000000082,0,80.34999999999758,0.25,0,38.00000000000004,72.00000000000011
J000565,2023-01-03/KPAS,KPAS,AMR_34,G35_12,WS_30_20,"[""110592""]",1,3246.750000003046,3582.2000000042663,3538.200000004106,3246.750000003046,3492.4500000039397,3496.5000000039545,3528.1000000040694,3528.1500000040696,3538.150000004106,3538.200000004106,3578.1500000042515,3582.2000000042663,18.100000000000122,191.00000000000918,28.60000000000027,0,97.4999999999966,0.25,0,144.0000000000001,60.00000000000031
J000566,2023-01-03/KJRH,KJRH,AMR_17,G6_12,WS_2_20,"[""110283""]",1,3246.800000003046,3453.9000000037995,3409.200000003637,3246.800000003046,3354.6500000034384,3358.700000003453,3399.1000000036,3399.1500000036003,3409.1500000036367,3409.200000003637,3449.8500000037848,3453.9000000037995,18.100000000000122,94.84999999999675,21.150000000000166,0,72.74999999999801,0.25,0,36.00000000000004,60.00000000000048
J000567,2023-01-03/KTUN,KTUN,AMR_03,G0_15,WS_8_20,"[""110519"", ""124702""]",2,3249.750000003057,3376.3500000035174,3345.400000003405,3249.750000003057,3249.750000003057,3253.8000000030715,3335.300000003368,3335.350000003368,3345.3500000034046,3345.400000003405,3372.3000000035026,3376.3500000035174,18.100000000000122,60.4999999999987,7.649999999999981,0,40.14999999999986,0.2,0,0.0,60.0000000000003
J000568,2023-01-03/KOLA,KOLA,AMR_14,G23_9,WS_19_20,"[""113093""]",1,3275.950000003152,3461.8500000038284,3413.600000003653,3275.950000003152,3319.4500000033104,3323.500000003325,3403.500000003616,3403.5500000036163,3413.5500000036527,3413.600000003653,3457.8000000038137,3461.8500000038284,18.100000000000122,124.69999999999506,17.20000000000011,0,25.65000000000023,0.25,0,38.00000000000003,96.00000000000063
J000569,2023-01-03/KPAS,KPAS,AMR_15,G32_10,WS_30_20,"[""110604""]",1,3277.5000000031578,3522.9500000040507,3481.800000003901,3277.5000000031578,3427.7500000037044,3431.800000003719,3471.7000000038643,3471.7500000038644,3481.750000003901,3481.800000003901,3518.900000004036,3522.9500000040507,18.100000000000122,158.5000000000018,21.100000000000165,0,47.49999999999944,0.25,0,124.00000000000185,56.00000000000041
J000570,2023-01-03/KOLA,KOLA,AMR_19,G9_13,WS_19_20,"[""107255""]",1,3282.200000003175,3435.650000003733,3396.30000000359,3282.200000003175,3335.7500000033697,3339.8000000033844,3386.200000003553,3386.2500000035534,3396.25000000359,3396.30000000359,3431.6000000037184,3435.650000003733,18.100000000000122,102.49999999999632,14.350000000000069,0,18.250000000000124,0.25,0,40.000000000000114,76.00000000000074
J000571,2023-01-03/KPAS,KPAS,AMR_08,G32_9,WS_30_20,"[""122814""]",1,3287.3500000031936,3418.5000000036707,3378.6500000035257,3287.3500000031936,3330.100000003349,3334.150000003364,3368.550000003489,3368.600000003489,3378.6000000035256,3378.6500000035257,3414.450000003656,3418.5000000036707,18.100000000000122,81.44999999999752,15.300000000000082,0,16.050000000000093,0.25,0,25.999999999999996,60.0000000000005
J000572,2023-01-03/KJSC,KJSC,AMR_16,G15_15,WS_25_20,"[""110513""]",1,3287.6500000031947,3462.850000003832,3428.9000000037086,3287.6500000031947,3377.950000003523,3382.000000003538,3418.800000003672,3418.850000003672,3428.8500000037084,3428.9000000037086,3458.8000000038173,3462.850000003832,18.100000000000122,119.44999999999536,19.150000000000137,0,18.250000000000124,0.25,0,68.00000000000004,68.00000000000004
J000573,2023-01-03/KTUN,KTUN,AMR_36,G17_10,WS_8_20,"[""110555"", ""118518""]",2,3302.600000003249,3496.700000003955,3395.1000000035856,3302.600000003249,3325.0000000033306,3329.0500000033453,3385.000000003549,3385.050000003549,3395.0500000035854,3395.1000000035856,3492.6500000039405,3496.700000003955,18.100000000000122,107.29999999999605,17.20000000000011,0,51.249999999999226,0.25,0,16.0,92.00000000000065
J000574,2023-01-03/KJRH,KJRH,AMR_22,G3_10,WS_2_20,"[""112231""]",1,3309.450000003274,3568.950000004218,3537.600000004104,3309.450000003274,3487.1000000039203,3491.150000003935,3527.5000000040673,3527.5500000040674,3537.550000004104,3537.600000004104,3564.9000000042033,3568.950000004218,18.100000000000122,154.65000000000092,25.850000000000232,0,60.64999999999869,0.25,0,116.00000000000173,52.0000000000004
J000575,2023-01-03/KJSC,KJSC,AMR_10,G14_9,WS_25_20,"[""110227""]",1,3312.750000003286,3612.3000000043758,3520.4000000040414,3312.750000003286,3413.7500000036534,3417.800000003668,3510.3000000040047,3510.350000004005,3520.3500000040412,3520.4000000040414,3608.250000004361,3612.3000000043758,18.100000000000122,162.0000000000026,26.850000000000247,0,92.3499999999969,0.25,0,56.00000000000054,120.00000000000088
J000576,2023-01-03/KOLA,KOLA,AMR_02,G11_10,WS_19_20,"[""110590""]",2,3313.1000000032873,3560.9000000041888,3508.750000003999,3313.1000000032873,3421.7500000036825,3425.8000000036973,3498.6500000039623,3498.7000000039625,3508.700000003999,3508.750000003999,3556.850000004174,3560.9000000041888,18.100000000000122,125.84999999999499,15.300000000000082,0,88.29999999999713,0.25,0,54.00000000000017,80.00000000000065
J000577,2023-01-03/KTUN,KTUN,AMR_27,G21_10,WS_8_20,"[""112036"", ""112361""]",3,3323.8500000033264,3580.0500000042584,3520.300000004041,3323.8500000033264,3430.8000000037155,3434.85000000373,3510.2000000040043,3510.2500000040045,3520.250000004041,3520.300000004041,3576.0000000042437,3580.0500000042584,18.100000000000122,166.15000000000353,20.05000000000015,0,51.6499999999992,0.25,0,92.000000000001,100.000000000001
J000578,2023-01-03/KJRH,KJRH,AMR_18,G5_10,WS_2_20,"[""110597""]",1,3333.7500000033624,3428.500000003707,3392.150000003575,3333.7500000033624,3333.7500000033624,3337.800000003377,3382.050000003538,3382.1000000035383,3392.1000000035747,3392.150000003575,3424.4500000036924,3428.500000003707,18.100000000000122,53.99999999999907,7.599999999999981,0,14.850000000000076,0.2,0,0.0,56.00000000000048
J000579,2023-01-03/KTUN,KTUN,AMR_23,G5_2,WS_8_20,"[""110298"", ""110492""]",3,3334.700000003366,3568.900000004218,3504.350000003983,3334.700000003366,3382.6500000035403,3386.700000003555,3494.2500000039463,3494.3000000039465,3504.300000003983,3504.350000003983,3564.850000004203,3568.900000004218,18.100000000000122,124.29999999999508,16.250000000000096,0,75.29999999999787,0.25,0,31.999999999999968,96.0000000000012
J000580,2023-01-03/KPAS,KPAS,AMR_29,G9_10,WS_30_20,"[""110346"", ""125583""]",2,3336.0000000033706,3860.6500000052793,3572.550000004231,3336.0000000033706,3420.250000003677,3424.300000003692,3562.4500000041944,3562.5000000041946,3572.500000004231,3572.550000004231,3856.6000000052645,3860.6500000052793,18.100000000000122,237.90000000001984,23.800000000000203,0,244.60000000002137,0.25,0,56.0000000000003,191.99999999999432
J000581,2023-01-03/KJRH,KJRH,AMR_11,G11_12,WS_2_20,"[""110231""]",1,3341.4500000033904,3497.3500000039576,3443.2500000037608,3341.4500000033904,3386.3500000035538,3390.4000000035685,3433.150000003724,3433.200000003724,3443.2000000037606,3443.2500000037608,3493.300000003943,3497.3500000039576,18.100000000000122,95.59999999999671,13.350000000000055,0,28.60000000000027,0.25,0,30.0,72.0000000000008
J000582,2023-01-03/KTUN,KTUN,AMR_07,G32_12,WS_8_20,"[""110161"", ""121833""]",3,3347.950000003414,3645.900000004498,3488.2500000039245,3347.950000003414,3370.5500000034963,3374.600000003511,3478.1500000038877,3478.200000003888,3488.2000000039243,3488.2500000039245,3641.8500000044833,3645.900000004498,18.100000000000122,145.24999999999878,15.300000000000082,0,119.04999999999538,0.25,0,16.0,140.00000000000017
J000583,2023-01-03/KOLA,KOLA,AMR_31,G29_12,WS_19_20,"[""110528""]",1,3350.350000003423,3526.050000004062,3450.950000003789,3350.350000003423,3381.800000003537,3385.850000003552,3440.850000003752,3440.900000003752,3450.9000000037886,3450.950000003789,3522.0000000040473,3526.050000004062,18.100000000000122,96.34999999999667,14.300000000000068,0,46.699999999999484,0.25,0,26.0,76.00000000000023
J000584,2023-01-03/KPAS,KPAS,AMR_37,G35_10,WS_30_20,"[""110143""]",1,3355.650000003442,3503.50000000398,3464.750000003839,3355.650000003442,3395.150000003586,3399.2000000036005,3454.6500000038022,3454.7000000038024,3464.700000003839,3464.750000003839,3499.450000003965,3503.50000000398,18.100000000000122,89.14999999999708,14.300000000000068,0,26.050000000000235,0.25,0,23.999999999999996,72.00000000000041
J000585,2023-01-03/KJRH,KJRH,AMR_35,G5_7,WS_2_20,"[""110239""]",1,3357.7500000034497,3506.9500000039925,3461.400000003827,3357.7500000034497,3408.900000003636,3412.9500000036505,3451.30000000379,3451.3500000037902,3461.3500000038266,3461.400000003827,3502.9000000039778,3506.9500000039925,18.100000000000122,108.84999999999596,13.400000000000055,0,8.599999999999987,0.25,0,56.000000000000796,68.00000000000051
J000586,2023-01-03/KTUN,KTUN,AMR_40,G20_14,WS_8_20,"[""110178"", ""110540""]",4,3360.250000003459,3494.400000003947,3422.700000003686,3360.250000003459,3360.250000003459,3364.3000000034735,3412.6000000036493,3412.6500000036494,3422.650000003686,3422.700000003686,3490.350000003932,3494.400000003947,18.100000000000122,76.3499999999978,9.55,0,29.95000000000029,0.2,0,0.0,80.00000000000057
J000587,2023-01-03/KOLA,KOLA,AMR_12,G29_15,WS_19_20,"[""110401""]",1,3367.0000000034834,3537.600000004104,3491.700000003937,3367.0000000034834,3434.85000000373,3438.900000003745,3481.6000000039003,3481.6500000039005,3491.650000003937,3491.700000003937,3533.5500000040893,3537.600000004104,18.100000000000122,122.1499999999952,14.300000000000068,0,15.80000000000009,0.25,0,72.0000000000004,64.0
J000588,2023-01-03/KJSC,KJSC,AMR_03,G0_15,WS_25_20,"[""110519""]",1,3376.4000000035176,3529.5500000040747,3473.1000000038694,3376.4000000035176,3376.4000000035176,3380.4500000035323,3463.0000000038326,3463.050000003833,3473.050000003869,3473.1000000038694,3525.50000000406,3529.5500000040747,18.100000000000122,111.99999999999578,7.649999999999981,0,15.200000000000081,0.2,0,0.0,128.00000000000108
J000589,2023-01-03/KJRH,KJRH,AMR_25,G9_9,WS_2_20,"[""110588""]",1,3377.1500000035203,3531.3500000040813,3478.500000003889,3377.1500000035203,3411.0500000036436,3415.1000000036584,3468.4000000038523,3468.4500000038524,3478.450000003889,3478.500000003889,3527.3000000040665,3531.3500000040813,18.100000000000122,83.99999999999737,13.400000000000055,0,38.44999999999995,0.25,0,14.0,76.00000000000074
J000590,2023-01-03/KPAS,KPAS,AMR_20,G26_10,WS_30_20,"[""107213""]",1,3388.7000000035623,3491.5000000039363,3447.750000003777,3388.7000000035623,3388.7000000035623,3392.750000003577,3437.6500000037404,3437.7000000037406,3447.700000003777,3447.750000003777,3487.4500000039216,3491.5000000039363,18.100000000000122,64.79999999999846,9.5,0,10.20000000000001,0.2,0,0.0,68.00000000000051
J000591,2023-01-03/KTUN,KTUN,AMR_33,G38_9,WS_8_20,"[""112068"", ""137523""]",3,3389.8500000035665,3716.550000004755,3572.000000004229,3389.8500000035665,3458.6000000038166,3462.6500000038313,3561.9000000041924,3561.9500000041926,3571.950000004229,3572.000000004229,3712.5000000047403,3716.550000004755,18.100000000000122,202.35000000001176,21.050000000000164,0,84.94999999999732,0.25,0,60.000000000000355,171.99999999999645
J000592,2023-01-03/KOLA,KOLA,AMR_38,G14_8,WS_19_20,"[""149347""]",1,3397.8000000035954,3578.300000004252,3529.2000000040734,3397.8000000035954,3433.450000003725,3437.50000000374,3519.1000000040367,3519.150000004037,3529.1500000040733,3529.2000000040734,3574.2500000042373,3578.300000004252,18.100000000000122,103.89999999999624,15.300000000000082,0,42.9499999999997,0.25,0,32.0,84.00000000000077
J000593,2023-01-03/KJRH,KJRH,AMR_28,G11_9,WS_2_20,"[""110225""]",1,3398.250000003597,3600.7000000043336,3554.950000004167,3398.250000003597,3476.2000000038806,3480.2500000038954,3544.8500000041304,3544.9000000041306,3554.900000004167,3554.950000004167,3596.650000004319,3600.7000000043336,18.100000000000122,138.54999999999725,19.150000000000137,0,26.40000000000024,0.25,0,70.0000000000012,84.00000000000114
J000594,2023-01-03/KPAS,KPAS,AMR_24,G36_10,WS_30_20,"[""107323""]",1,3403.9000000036176,3632.2500000044483,3589.600000004293,3403.9000000036176,3534.1500000040915,3538.200000004106,3579.5000000042564,3579.5500000042566,3589.550000004293,3589.600000004293,3628.2000000044336,3632.2500000044483,18.100000000000122,125.39999999999502,17.25000000000011,0,67.34999999999832,0.25,0,68.0,76.00000000000041
J000595,2023-01-03/KTUN,KTUN,AMR_13,G8_15,WS_8_20,"[""115951""]",1,3410.9500000036433,3637.600000004468,3612.050000004375,3410.9500000036433,3566.9000000042106,3570.9500000042253,3601.950000004338,3602.0000000043383,3612.0000000043747,3612.050000004375,3633.550000004453,3637.600000004468,18.100000000000122,113.4499999999957,20.05000000000015,0,74.7999999999979,0.25,0,78.00000000000055,36.0
J000596,2023-01-03/KJRH,KJRH,AMR_01,G8_7,WS_2_20,"[""101328""]",1,3413.050000003651,3633.550000004453,3589.050000004291,3413.050000003651,3495.1000000039494,3499.150000003964,3578.9500000042544,3579.0000000042546,3589.000000004291,3589.050000004291,3629.5000000044383,3633.550000004453,18.100000000000122,134.89999999999642,21.050000000000164,0,46.19999999999951,0.25,0,62.00000000000088,80.000000000001
J000597,2023-01-03/KOLA,KOLA,AMR_05,G24_8,WS_19_20,"[""101076""]",1,3413.650000003653,3653.100000004524,3546.150000004135,3413.650000003653,3474.600000003875,3478.6500000038895,3536.0500000040984,3536.1000000040985,3546.100000004135,3546.150000004135,3649.0500000045095,3653.100000004524,18.100000000000122,115.2499999999956,14.350000000000069,0,91.49999999999694,0.25,0,36.000000000000014,80.00000000000048
J000598,2023-01-03/KTUN,KTUN,AMR_08,G5_15,WS_8_20,"[""111229""]",1,3422.750000003686,3584.4000000042743,3555.80000000417,3422.750000003686,3509.9000000040032,3513.950000004018,3545.7000000041335,3545.7500000041337,3555.75000000417,3555.80000000417,3580.3500000042595,3584.4000000042743,18.100000000000122,106.59999999999609,14.350000000000069,0,22.350000000000183,0.25,0,78.00000000000088,40.00000000000003
J000599,2023-01-03/KJRH,KJRH,AMR_18,G6_10,WS_2_20,"[""101221""]",1,3443.300000003761,3536.9000000041015,3495.550000003951,3443.300000003761,3446.400000003772,3450.450000003787,3485.4500000039143,3485.5000000039145,3495.500000003951,3495.550000003951,3532.8500000040867,3536.9000000041015,18.100000000000122,57.949999999998845,6.649999999999984,0,10.650000000000016,0.25,0,2.0,60.000000000000526
J000600,2023-01-03/KPAS,KPAS,AMR_39,G35_9,WS_30_20,"[""107159""]",1,3447.8000000037773,3554.7500000041664,3498.4500000039616,3447.8000000037773,3447.8000000037773,3451.850000003792,3488.350000003925,3488.400000003925,3498.4000000039614,3498.4500000039616,3550.7000000041517,3554.7500000041664,18.100000000000122,62.59999999999858,9.55,0,16.5000000000001,0.2,0,0.0,68.0000000000005
J000601,2023-01-03/KOLA,KOLA,AMR_19,G17_7,WS_19_20,"[""107266""]",1,3451.000000003789,3619.1000000044005,3580.250000004259,3451.000000003789,3485.050000003913,3489.1000000039276,3570.1500000042224,3570.2000000042226,3580.200000004259,3580.250000004259,3615.0500000043858,3619.1000000044005,18.100000000000122,109.09999999999594,17.20000000000011,0,23.4500000000002,0.25,0,28.00000000000003,92.00000000000111
J000602,2023-01-03/KJRH,KJRH,AMR_17,G6_6,WS_2_20,"[""124795""]",1,3461.450000003827,3625.600000004424,3572.000000004229,3461.450000003827,3481.4000000038995,3485.4500000039143,3561.9000000041924,3561.9500000041926,3571.950000004229,3572.000000004229,3621.5500000044094,3625.600000004424,18.100000000000122,102.39999999999633,13.400000000000055,0,30.00000000000029,0.25,0,16.0,96.00000000000165
J000603,2023-01-03/KPAS,KPAS,AMR_30,G33_8,WS_30_20,"[""110522""]",1,3464.800000003839,3596.9000000043197,3555.500000004169,3464.800000003839,3487.2000000039206,3491.2500000039354,3545.4000000041324,3545.4500000041326,3555.450000004169,3555.500000004169,3592.850000004305,3596.9000000043197,18.100000000000122,84.79999999999733,14.350000000000069,0,14.600000000000072,0.25,0,16.0,72.00000000000061
J000604,2023-01-03/KOLA,KOLA,AMR_14,G21_6,WS_19_20,"[""101032""]",1,3474.5500000038746,3630.8500000044432,3563.200000004197,3474.5500000038746,3488.7500000039263,3492.800000003941,3553.1000000041604,3553.1500000041606,3563.150000004197,3563.200000004197,3626.8000000044285,3630.8500000044432,18.100000000000122,82.09999999999748,11.450000000000028,0,44.399999999999615,0.25,0,10.0,76.0000000000008
J000605,2023-01-03/KJRH,KJRH,AMR_06,G15_10,WS_2_20,"[""110097""]",1,3478.550000003889,3679.5000000046202,3606.100000004353,3478.550000003889,3499.650000003966,3503.7000000039807,3596.0000000043165,3596.0500000043166,3606.050000004353,3606.100000004353,3675.4500000046055,3679.5000000046202,18.100000000000122,109.64999999999591,14.300000000000068,0,58.649999999998805,0.25,0,12.0,96.00000000000091
J000606,2023-01-03/KPAS,KPAS,AMR_16,G26_8,WS_30_20,"[""110215""]",1,3481.850000003901,3704.20000000471,3647.7000000045045,3481.850000003901,3584.7000000042754,3588.75000000429,3637.600000004468,3637.650000004468,3647.6500000045044,3647.7000000045045,3700.1500000046954,3704.20000000471,18.100000000000122,125.649999999995,18.100000000000122,0,60.249999999998714,0.25,0,56.0000000000006,80.00000000000068
J000607,2023-01-03/KTUN,KTUN,AMR_32,G6_12,WS_8_20,"[""101193"", ""113197""]",4,3488.3000000039247,3753.2500000048885,3718.700000004763,3488.3000000039247,3663.550000004562,3667.600000004577,3708.600000004726,3708.6500000047263,3718.6500000047627,3718.700000004763,3749.200000004874,3753.2500000048885,18.100000000000122,145.44999999999882,24.850000000000218,0,76.29999999999781,0.25,0,98.00000000000088,52.00000000000023
J000608,2023-01-03/DEPE,DEPE,AMR_26,G18_9,WS_13_20,"[""110509""]",1,3489.6500000039296,3838.050000005197,3644.4000000044925,3489.6500000039296,3544.70000000413,3548.7500000041446,3634.300000004456,3634.350000004456,3644.3500000044924,3644.4000000044925,3834.0000000051823,3838.050000005197,18.100000000000122,150.1499999999999,21.050000000000164,0,158.85000000000187,0.25,0,62.000000000000384,104.00000000000134
J000609,2023-01-03/DEPE,DEPE,AMR_09,G20_10,WS_13_20,"[""110583""]",1,3490.350000003932,3768.750000004945,3661.6500000045553,3490.350000003932,3590.950000004298,3595.000000004313,3651.5500000045186,3651.6000000045187,3661.600000004555,3661.6500000045553,3764.70000000493,3768.750000004945,18.100000000000122,137.0499999999969,19.100000000000136,0,103.89999999999624,0.25,0,68.00000000000031,72.00000000000017
J000610,2023-01-03/DEPE,DEPE,AMR_20,G21_9,WS_13_20,"[""101299""]",1,3491.5500000039365,3688.3000000046522,3603.800000004345,3491.5500000039365,3520.3500000040412,3524.400000004056,3593.700000004308,3593.7500000043083,3603.7500000043447,3603.800000004345,3684.2500000046375,3688.3000000046522,18.100000000000122,102.8999999999963,15.300000000000082,0,60.19999999999872,0.25,0,16.0,88.00000000000082
J000611,2023-01-03/DEPE,DEPE,AMR_40,G29_10,WS_13_20,"[""101028""]",1,3494.450000003947,3757.1500000049027,3678.7000000046173,3494.450000003947,3530.2500000040773,3534.300000004092,3668.6000000045806,3668.6500000045808,3678.650000004617,3678.7000000046173,3753.100000004888,3757.1500000049027,18.100000000000122,135.39999999999654,18.100000000000122,0,90.84999999999698,0.25,0,30.0,112.00000000000034
J000612,2023-01-03/KOLA,KOLA,AMR_36,G23_6,WS_19_20,"[""101065""]",1,3496.7500000039554,3750.4500000048783,3608.6500000043625,3496.7500000039554,3534.550000004093,3538.6000000041076,3598.5500000043257,3598.600000004326,3608.6000000043623,3608.6500000043625,3746.4000000048636,3750.4500000048783,18.100000000000122,104.04999999999623,15.250000000000082,0,116.04999999999555,0.25,0,24.00000000000003,76.00000000000057
J000613,2023-01-03/KJRH,KJRH,AMR_11,G12_6,WS_2_20,"[""129517""]",1,3497.4000000039578,3694.1000000046733,3623.1500000044152,3497.4000000039578,3520.2000000040407,3524.2500000040554,3613.0500000043785,3613.1000000043787,3623.100000004415,3623.1500000044152,3690.0500000046586,3694.1000000046733,18.100000000000122,120.3499999999953,13.350000000000055,0,44.6499999999996,0.25,0,18.0,120.00000000000244
J000614,2023-01-03/KPAS,KPAS,AMR_37,G20_12,WS_30_20,"[""111276""]",1,3503.55000000398,3740.200000004841,3666.4500000045728,3503.55000000398,3584.050000004273,3588.1000000042877,3656.350000004536,3656.400000004536,3666.4000000045726,3666.4500000045728,3736.1500000048263,3740.200000004841,18.100000000000122,145.69999999999888,18.100000000000122,0,54.49999999999904,0.25,0,66.0000000000006,88.00000000000017
J000615,2023-01-03/KTUN,KTUN,AMR_35,G8_13,WS_8_20,"[""125535""]",1,3507.0000000039927,3658.7000000045446,3628.1000000044332,3507.0000000039927,3565.4500000042053,3569.50000000422,3618.0000000043965,3618.0500000043967,3628.050000004433,3628.1000000044332,3654.65000000453,3658.7000000045446,18.100000000000122,93.84999999999681,17.25000000000011,0,22.25000000000018,0.25,0,50.00000000000064,48.00000000000013
J000616,2023-01-03/KOLA,KOLA,AMR_04,G29_9,WS_19_20,"[""101026""]",1,3513.5500000040165,3821.300000005136,3726.750000004792,3513.5500000040165,3650.000000004513,3654.0500000045276,3716.6500000047554,3716.7000000047556,3726.700000004792,3726.750000004792,3817.2500000051214,3821.300000005136,18.100000000000122,167.65000000000387,25.900000000000233,0,95.8499999999967,0.25,0,96.00000000000122,88.00000000000045
J000617,2023-01-03/KOMA,KOMA,AMR_15,G21_13,WS_25_20,"[""101102"", ""123305"", ""132437""]",4,3523.000000004051,3668.3500000045797,3622.800000004414,3523.000000004051,3574.2500000042373,3578.300000004252,3612.700000004377,3612.7500000043774,3622.750000004414,3622.800000004414,3664.300000004565,3668.3500000045797,18.100000000000122,77.19999999999776,15.300000000000082,0,34.50000000000018,0.25,0,28.0,52.00000000000021
J000618,2023-01-03/KOMA,KOMA,AMR_31,G27_12,WS_25_20,"[""109843"", ""111391""]",2,3526.100000004062,3626.100000004426,3577.0000000042473,3526.100000004062,3532.7500000040864,3536.800000004101,3566.9000000042106,3566.950000004211,3576.950000004247,3577.0000000042473,3622.0500000044112,3626.100000004426,18.100000000000122,61.04999999999867,12.450000000000042,0,8.14999999999998,0.25,0,4.0,56.00000000000031
J000619,2023-01-03/KOMA,KOMA,AMR_03,G3_2,WS_25_20,"[""101192"", ""110386""]",2,3529.600000004075,3777.6500000049773,3683.1500000046335,3529.600000004075,3561.4500000041908,3565.5000000042055,3673.0500000045968,3673.100000004597,3683.1000000046333,3683.1500000046335,3773.6000000049626,3777.6500000049773,18.100000000000122,174.45000000000542,15.200000000000081,0,40.04999999999986,0.25,0,31.99999999999999,175.99999999999523
J000620,2023-01-03/KOMA,KOMA,AMR_25,G20_14,WS_25_20,"[""110178""]",1,3531.4000000040814,3784.8000000050033,3746.750000004865,3531.4000000040814,3631.1500000044443,3635.200000004459,3736.650000004828,3736.7000000048283,3746.7000000048647,3746.750000004865,3780.7500000049886,3784.8000000050033,18.100000000000122,138.6999999999973,22.90000000000019,0,73.44999999999797,0.25,0,68.00000000000054,76.00000000000014
J000621,2023-01-03/KOMA,KOMA,AMR_18,G21_12,WS_25_20,"[""110543""]",1,3536.9500000041016,3873.800000005327,3841.950000005211,3536.9500000041016,3761.300000004918,3765.3500000049326,3831.8500000051745,3831.9000000051747,3841.900000005211,3841.950000005211,3869.7500000053124,3873.800000005327,18.100000000000122,173.0500000000051,25.850000000000232,0,119.59999999999535,0.25,0,138.0000000000021,56.0000000000003
J000622,2023-01-03/KJRH,KJRH,AMR_12,G0_15,WS_2_20,"[""110519""]",1,3537.650000004104,3936.6500000055557,3913.0000000054697,3537.650000004104,3868.7500000053087,3872.8000000053235,3902.900000005433,3902.950000005433,3912.9500000054695,3913.0000000054697,3932.600000005541,3936.6500000055557,18.100000000000122,244.55000000002136,38.29999999999996,0,97.79999999999659,0.25,0,225.9999999999926,36.0
J000623,2023-01-03/KOLA,KOLA,AMR_39,G5_14,WS_19_20,"[""107204""]",1,3554.8000000041666,3816.000000005117,3743.6000000048534,3554.8000000041666,3649.0000000045093,3653.050000004524,3733.5000000048167,3733.550000004817,3743.5500000048532,3743.6000000048534,3811.950000005102,3816.000000005117,18.100000000000122,170.95000000000462,17.20000000000011,0,54.69999999999903,0.25,0,98.00000000000139,96.00000000000117
J000624,2023-01-03/KPAS,KPAS,AMR_02,G18_15,WS_30_20,"[""111247""]",1,3560.950000004189,3740.200000004841,3703.900000004709,3560.950000004189,3605.25000000435,3609.300000004365,3693.8000000046723,3693.8500000046724,3703.850000004709,3703.900000004709,3736.1500000048263,3740.200000004841,18.100000000000122,95.94999999999669,13.350000000000055,0,51.599999999999206,0.25,0,28.0,76.00000000000001
J000625,2023-01-03/KTUN,KTUN,AMR_23,G8_12,WS_8_20,"[""112010""]",1,3568.950000004218,3675.900000004607,3644.0500000044913,3568.950000004218,3597.00000000432,3601.050000004335,3633.9500000044545,3634.0000000044547,3644.000000004491,3644.0500000044913,3671.8500000045924,3675.900000004607,18.100000000000122,73.44999999999797,11.400000000000027,0,3.7499999999999947,0.25,0,25.999999999999986,52.00000000000023
J000626,2023-01-03/KOLA,KOLA,AMR_22,G5_13,WS_19_20,"[""101109""]",1,3569.0000000042182,3748.700000004872,3699.7000000046937,3569.0000000042182,3584.300000004274,3588.3500000042886,3689.600000004657,3689.650000004657,3699.6500000046935,3699.7000000046937,3744.6500000048572,3748.700000004872,18.100000000000122,101.29999999999639,12.400000000000041,0,47.64999999999943,0.25,0,10.0,100.0000000000012
J000627,2023-01-03/KJRH,KJRH,AMR_21,G14_10,WS_2_20,"[""132279""]",1,3572.6000000042313,3811.5000000051004,3750.2000000048774,3572.6000000042313,3693.3500000046706,3697.4000000046854,3740.1000000048407,3740.150000004841,3750.1500000048773,3750.2000000048774,3807.4500000050857,3811.5000000051004,18.100000000000122,160.85000000000232,20.05000000000015,0,39.649999999999885,0.25,0,82.00000000000045,92.00000000000071
J000628,2023-01-03/KOMA,KOMA,AMR_38,G33_13,WS_25_20,"[""124208""]",1,3578.3500000042523,3874.100000005328,3805.2000000050775,3578.3500000042523,3749.750000004876,3753.8000000048905,3795.100000005041,3795.150000005041,3805.1500000050773,3805.2000000050775,3870.0500000053134,3874.100000005328,18.100000000000122,168.85000000000414,26.850000000000247,0,81.6999999999975,0.25,0,100.00000000000058,84.00000000000036
J000629,2023-01-03/KPAS,KPAS,AMR_27,G35_8,WS_30_20,"[""110486""]",1,3580.1000000042586,3725.050000004786,3683.6500000046353,3580.1000000042586,3617.1500000043934,3621.200000004408,3673.5500000045986,3673.6000000045988,3683.600000004635,3683.6500000046353,3721.000000004771,3725.050000004786,18.100000000000122,97.24999999999662,14.300000000000068,0,15.050000000000079,0.25,0,36.000000000000014,72.00000000000061
J000630,2023-01-03/KTUN,KTUN,AMR_34,G15_15,WS_8_20,"[""101207""]",2,3582.2500000042664,3806.8500000050835,3766.7000000049375,3582.2500000042664,3710.250000004732,3714.300000004747,3756.6000000049007,3756.650000004901,3766.6500000049373,3766.7000000049375,3802.800000005069,3806.8500000050835,18.100000000000122,116.09999999999555,19.150000000000137,0,70.99999999999811,0.25,0,62.00000000000006,56.0000000000005
J000631,2023-01-03/KOLA,KOLA,AMR_08,G6_10,WS_19_20,"[""107263""]",1,3584.4500000042744,3863.850000005291,3815.250000005114,3584.4500000042744,3632.75000000445,3636.800000004465,3805.1500000050773,3805.2000000050775,3815.200000005114,3815.250000005114,3859.800000005276,3863.850000005291,18.100000000000122,116.9999999999955,18.100000000000122,0,125.94999999999499,0.25,0,19.999999999999986,100.00000000000117
J000632,2023-01-03/KJRH,KJRH,AMR_30,G14_7,WS_2_20,"[""112330""]",1,3596.95000000432,3832.1500000051756,3733.1000000048152,3596.95000000432,3661.050000004553,3665.100000004568,3723.0000000047785,3723.0500000047787,3733.050000004815,3733.1000000048152,3828.100000005161,3832.1500000051756,18.100000000000122,147.29999999999924,15.300000000000082,0,54.249999999999055,0.25,0,64.00000000000031,104.00000000000131
J000633,2023-01-03/KPAS,KPAS,AMR_28,G33_7,WS_30_20,"[""101117""]",1,3600.7500000043337,3859.750000005276,3788.800000005018,3600.7500000043337,3730.350000004805,3734.40000000482,3778.700000004981,3778.7500000049813,3788.7500000050177,3788.800000005018,3855.7000000052612,3859.750000005276,18.100000000000122,151.35000000000016,21.000000000000163,0,68.29999999999826,0.25,0,92.00000000000051,76.00000000000054
J000634,2023-01-03/DEPE,DEPE,AMR_10,G14_9,WS_13_20,"[""110227""]",1,3612.350000004376,3766.900000004938,3695.7500000046794,3612.350000004376,3612.350000004376,3616.4000000043907,3685.6500000046426,3685.700000004643,3695.700000004679,3695.7500000046794,3762.8500000049235,3766.900000004938,18.100000000000122,59.79999999999874,9.55,0,66.89999999999834,0.2,0,0.0,60.0000000000005
J000635,2023-01-03/KTUN,KTUN,AMR_19,G12_12,WS_8_20,"[""107328""]",1,3619.1500000044007,3776.6000000049735,3734.8000000048214,3619.1500000044007,3679.3000000046195,3683.3500000046342,3724.7000000047847,3724.750000004785,3734.7500000048212,3734.8000000048214,3772.5500000049587,3776.6000000049735,18.100000000000122,106.89999999999607,19.150000000000137,0,13.05000000000005,0.25,0,44.00000000000024,64.00000000000043
J000636,2023-01-03/KJRH,KJRH,AMR_17,G5_2,WS_2_20,"[""111380""]",1,3625.6500000044243,3760.4000000049145,3713.800000004745,3625.6500000044243,3647.250000004503,3651.3000000045176,3703.7000000047083,3703.7500000047085,3713.750000004745,3713.800000004745,3756.3500000049,3760.4000000049145,18.100000000000122,87.39999999999718,11.450000000000028,0,17.550000000000114,0.25,0,14.0,88.00000000000131
J000637,2023-01-03/KOMA,KOMA,AMR_31,G17_12,WS_25_20,"[""136998""]",1,3626.150000004426,3899.2500000054197,3859.4000000052747,3626.150000004426,3754.0500000048914,3758.100000004906,3849.300000005238,3849.350000005238,3859.3500000052745,3859.4000000052747,3895.200000005405,3899.2500000054197,18.100000000000122,143.24999999999832,20.00000000000015,0,91.49999999999694,0.25,0,76.00000000000085,84.00000000000031
J000638,2023-01-03/KOLA,KOLA,AMR_14,G9_7,WS_19_20,"[""112277""]",1,3630.9000000044434,3908.5000000054533,3849.2000000052376,3630.9000000044434,3692.5000000046675,3696.5500000046823,3839.100000005201,3839.150000005201,3849.1500000052374,3849.2000000052376,3904.4500000054386,3908.5000000054533,18.100000000000122,144.19999999999854,19.100000000000136,0,95.94999999999669,0.25,0,54.00000000000051,100.00000000000088
J000639,2023-01-03/KTUN,KTUN,AMR_24,G2_12,WS_8_20,"[""107144""]",1,3632.3000000044485,3934.850000005549,3888.900000005382,3632.3000000044485,3833.7500000051814,3837.800000005196,3878.8000000053453,3878.8500000053455,3888.850000005382,3888.900000005382,3930.8000000055345,3934.850000005549,18.100000000000122,204.2500000000122,24.850000000000218,0,55.09999999999901,0.25,0,159.99999999999864,72.00000000000055
J000640,2023-01-03/KJRH,KJRH,AMR_01,G20_15,WS_2_20,"[""107094""]",1,3633.6000000044532,3854.6000000052572,3801.9000000050655,3633.6000000044532,3732.0500000048114,3736.100000004826,3791.800000005029,3791.850000005029,3801.8500000050653,3801.9000000050655,3850.5500000052425,3854.6000000052572,18.100000000000122,136.74999999999685,16.250000000000096,0,49.64999999999932,0.25,0,56.000000000000156,96.00000000000134
J000641,2023-01-03/KPAS,KPAS,AMR_13,G23_8,WS_30_20,"[""110390""]",1,3637.650000004468,3855.4500000052603,3808.350000005089,3637.650000004468,3732.6000000048134,3736.650000004828,3798.2500000050522,3798.3000000050524,3808.300000005089,3808.350000005089,3851.4000000052456,3855.4500000052603,18.100000000000122,143.74999999999844,20.10000000000015,0,35.600000000000115,0.25,0,72.00000000000105,92.00000000000068
J000642,2023-01-03/KTUN,KTUN,AMR_07,G11_10,WS_8_20,"[""110590""]",1,3645.950000004498,3800.3000000050597,3750.7500000048794,3645.950000004498,3692.350000004667,3696.4000000046817,3740.6500000048427,3740.700000004843,3750.7000000048793,3750.7500000048794,3796.250000005045,3800.3000000050597,18.100000000000122,100.29999999999644,11.400000000000027,0,24.30000000000021,0.25,0,46.0000000000002,60.00000000000033
J000643,2023-01-03/KOMA,KOMA,AMR_05,G29_8,WS_25_20,"[""110569""]",1,3653.1500000045244,3812.5500000051043,3762.3500000049216,3653.1500000045244,3684.90000000464,3688.9500000046546,3752.250000004885,3752.300000004885,3762.3000000049215,3762.3500000049216,3808.5000000050895,3812.5500000051043,18.100000000000122,97.39999999999661,17.20000000000011,0,26.45000000000024,0.25,0,22.0,72.00000000000045
J000644,2023-01-03/KOLA,KOLA,AMR_35,G3_15,WS_19_20,"[""111264""]",2,3658.7500000045447,3873.8500000053273,3832.1500000051756,3658.7500000045447,3694.250000004674,3698.3000000046886,3822.050000005139,3822.100000005139,3832.1000000051754,3832.1500000051756,3869.8000000053125,3873.8500000053273,18.100000000000122,102.04999999999634,12.400000000000041,0,82.29999999999747,0.25,0,17.999999999999996,92.00000000000115
J000645,2023-01-03/KPAS,KPAS,AMR_15,G35_7,WS_30_20,"[""117025""]",1,3668.40000000458,3870.0000000053133,3827.350000005158,3668.40000000458,3775.400000004969,3779.450000004984,3817.2500000051214,3817.3000000051215,3827.300000005158,3827.350000005158,3865.9500000052985,3870.0000000053133,18.100000000000122,135.1999999999965,21.050000000000164,0,27.00000000000025,0.25,0,80.00000000000102,76.00000000000071
J000646,2023-01-03/KJRH,KJRH,AMR_23,G2_1,WS_2_20,"[""110339""]",1,3675.9500000046073,3836.900000005193,3784.750000005003,3675.9500000046073,3720.8500000047707,3724.9000000047854,3774.6500000049664,3774.7000000049666,3784.700000005003,3784.750000005003,3832.850000005178,3836.900000005193,18.100000000000122,111.09999999999583,11.450000000000028,0,20.05000000000015,0.25,0,37.99999999999997,92.0000000000011
J000647,2023-01-03/DEPE,DEPE,AMR_06,G15_10,WS_13_20,"[""110313""]",1,3679.5500000046204,3814.0500000051097,3768.0500000049424,3679.5500000046204,3679.5500000046204,3683.600000004635,3757.9500000049056,3758.000000004906,3768.000000004942,3768.0500000049424,3810.000000005095,3814.0500000051097,18.100000000000122,84.59999999999734,10.450000000000014,0,21.150000000000166,0.2,0,0.0,96.00000000000128
J000648,2023-01-03/KPAS,KPAS,AMR_20,G35_6,WS_30_20,"[""134660""]",1,3688.3500000046524,3902.950000005433,3844.2500000052196,3688.3500000046524,3782.000000004993,3786.050000005008,3834.150000005183,3834.200000005183,3844.2000000052194,3844.2500000052196,3898.9000000054184,3902.950000005433,18.100000000000122,132.1499999999958,21.050000000000164,0,43.04999999999969,0.25,0,62.000000000000114,80.00000000000063
J000649,2023-01-03/KTUN,KTUN,AMR_11,G5_9,WS_8_20,"[""111218""]",1,3694.1500000046735,3829.1500000051647,3791.600000005028,3694.1500000046735,3735.9500000048256,3740.0000000048403,3781.5000000049913,3781.5500000049915,3791.550000005028,3791.600000005028,3825.10000000515,3829.1500000051647,18.100000000000122,99.14999999999651,15.300000000000082,0,2.2,0.25,0,36.00000000000006,72.00000000000054
J000650,2023-01-03/KPAS,KPAS,AMR_16,G18_10,WS_30_20,"[""112087""]",1,3704.2500000047103,3971.7500000056834,3898.550000005417,3704.2500000047103,3803.650000005072,3807.7000000050866,3888.4500000053804,3888.5000000053806,3898.500000005417,3898.550000005417,3967.7000000056687,3971.7500000056834,18.100000000000122,137.0499999999969,21.000000000000163,0,91.09999999999697,0.25,0,56.0000000000004,96.00000000000011
J000651,2023-01-03/KOMA,KOMA,AMR_33,G38_12,WS_25_20,"[""107172""]",1,3716.600000004755,3848.200000005234,3789.050000005019,3716.600000004755,3732.700000004814,3736.7500000048285,3778.950000004982,3779.000000004982,3789.0000000050186,3789.050000005019,3844.150000005219,3848.200000005234,18.100000000000122,90.19999999999702,13.400000000000055,0,9.650000000000002,0.25,0,10.0,92.00000000000021
J000652,2023-01-03/KOLA,KOLA,AMR_27,G32_9,WS_19_20,"[""131990""]",1,3725.100000004786,3929.050000005528,3866.2500000052996,3725.100000004786,3761.4500000049184,3765.500000004933,3856.150000005263,3856.200000005263,3866.2000000052994,3866.2500000052996,3925.0000000055134,3929.050000005528,18.100000000000122,109.7999999999959,15.300000000000082,0,60.4999999999987,0.25,0,20.0,100.00000000000037
J000653,2023-01-03/KJRH,KJRH,AMR_37,G14_2,WS_2_20,"[""109843""]",2,3740.2500000048412,3937.3500000055583,3873.4000000053256,3740.2500000048412,3772.600000004959,3776.6500000049737,3863.300000005289,3863.350000005289,3873.3500000053255,3873.4000000053256,3933.3000000055436,3937.3500000055583,18.100000000000122,130.54999999999544,12.35000000000004,0,35.8500000000001,0.25,0,31.999999999999996,124.0000000000025
J000654,2023-01-03/KTUN,KTUN,AMR_02,G2_10,WS_8_20,"[""101280""]",1,3740.2500000048412,4049.450000005966,3992.200000005758,3740.2500000048412,3928.1000000055246,3932.1500000055394,3982.100000005721,3982.1500000057213,3992.1500000057576,3992.200000005758,4045.4000000059514,4049.450000005966,18.100000000000122,186.15000000000808,27.75000000000026,0,76.94999999999777,0.25,0,130.0000000000033,76.00000000000075
J000655,2023-01-03/KOLA,KOLA,AMR_22,G6_9,WS_19_20,"[""112333""]",1,3748.750000004872,3961.750000005647,3883.3000000053617,3748.750000004872,3786.7500000050104,3790.800000005025,3873.200000005325,3873.250000005325,3883.2500000053615,3883.3000000053617,3957.7000000056323,3961.750000005647,18.100000000000122,112.59999999999575,15.300000000000082,0,66.74999999999835,0.25,0,17.999999999999986,104.0000000000012
J000656,2023-01-03/KJRH,KJRH,AMR_36,G23_14,WS_2_20,"[""110450""]",1,3750.5000000048785,3940.7500000055707,3856.3000000052634,3750.5000000048785,3773.3500000049617,3777.4000000049764,3846.2000000052267,3846.250000005227,3856.2500000052632,3856.3000000052634,3936.700000005556,3940.7500000055707,18.100000000000122,113.79999999999568,13.400000000000055,0,44.6999999999996,0.25,0,20.0,112.00000000000148
J000657,2023-01-03/KTUN,KTUN,AMR_32,G12_9,WS_8_20,"[""117431""]",1,3753.3000000048887,3959.0500000056372,3904.7500000054397,3753.3000000048887,3795.3500000050417,3799.4000000050564,3894.650000005403,3894.700000005403,3904.7000000054395,3904.7500000054397,3955.0000000056225,3959.0500000056372,18.100000000000122,118.04999999999544,13.350000000000055,0,55.999999999998956,0.25,0,22.0,100.0000000000012
J000658,2023-01-03/KPAS,KPAS,AMR_40,G32_4,WS_30_20,"[""101200""]",1,3757.200000004903,3909.8500000054582,3861.3000000052816,3757.200000004903,3783.8000000049997,3787.8500000050144,3851.200000005245,3851.250000005245,3861.2500000052814,3861.3000000052816,3905.8000000054435,3909.8500000054582,18.100000000000122,91.99999999999692,14.350000000000069,0,27.950000000000262,0.25,0,22.00000000000003,80.000000000001
J000659,2023-01-03/KOMA,KOMA,AMR_17,G35_8,WS_25_20,"[""101202""]",1,3760.4500000049147,3967.9500000056696,3918.050000005488,3760.4500000049147,3831.500000005173,3835.550000005188,3907.9500000054513,3908.0000000054515,3918.000000005488,3918.050000005488,3963.900000005655,3967.9500000056696,18.100000000000122,136.24999999999673,15.300000000000082,0,37.6,0.25,0,76.00000000000031,96.00000000000058
J000660,2023-01-03/KTUN,KTUN,AMR_10,G9_8,WS_8_20,"[""133910""]",1,3766.9500000049384,4010.8500000058257,3939.6500000055667,3766.9500000049384,3889.400000005384,3893.4500000053986,3929.55000000553,3929.60000000553,3939.6000000055665,3939.6500000055667,4006.800000005811,4010.8500000058257,18.100000000000122,134.54999999999634,23.000000000000192,0,67.99999999999828,0.25,0,72.00000000000117,68.00000000000057
J000661,2023-01-03/MMJJ,MMJJ,AMR_09,G3_12,WS_13_20,"[""110305"", ""127627""]",2,3768.800000004945,4032.8000000059055,3971.850000005684,3768.800000004945,3911.0500000054626,3915.1000000054773,3961.750000005647,3961.8000000056472,3971.8000000056836,3971.850000005684,4028.750000005891,4032.8000000059055,18.100000000000122,128.89999999999506,18.150000000000123,0,98.59999999999654,0.25,0,58.000000000000725,80.0000000000009
J000662,2023-01-03/MMJJ,MMJJ,AMR_19,G15_12,WS_13_20,"[""110448""]",1,3776.6500000049737,3920.3500000054964,3876.750000005338,3776.6500000049737,3823.9500000051457,3828.0000000051605,3866.650000005301,3866.7000000053013,3876.7000000053376,3876.750000005338,3916.3000000054817,3920.3500000054964,18.100000000000122,79.49999999999763,16.250000000000096,0,29.600000000000286,0.25,0,18.0,52.00000000000027
J000663,2023-01-03/MMJJ,MMJJ,AMR_03,G14_9,WS_13_20,"[""124210""]",1,3777.7000000049775,4057.8500000059967,4022.800000005869,3777.7000000049775,3965.4000000056603,3969.450000005675,4012.7000000058324,4012.7500000058326,4022.750000005869,4022.800000005869,4053.800000005982,4057.8500000059967,18.100000000000122,202.1000000000117,29.650000000000286,0,30.050000000000292,0.25,0,163.99999999999983,60.00000000000058
J000664,2023-01-03/MMJJ,MMJJ,AMR_25,G29_7,WS_13_20,"[""121807""]",1,3784.8500000050035,4023.6500000058722,3897.650000005414,3784.8500000050035,3828.9000000051637,3832.9500000051785,3887.550000005377,3887.6000000053773,3897.6000000054137,3897.650000005414,4019.6000000058575,4023.6500000058722,18.100000000000122,144.24999999999855,21.000000000000163,0,55.199999999999,0.25,0,36.00000000000002,124.00000000000085
J000665,2023-01-03/KJRH,KJRH,AMR_07,G20_10,WS_2_20,"[""110583""]",1,3800.35000000506,4121.550000006228,4057.650000005996,3800.35000000506,3871.4500000053185,3875.5000000053333,4047.550000005959,4047.6000000059594,4057.6000000059958,4057.650000005996,4117.500000006214,4121.550000006228,18.100000000000122,178.50000000000634,22.95000000000019,0,101.39999999999638,0.25,0,42.0000000000002,148.00000000000017
J000666,2023-01-03/KOMA,KOMA,AMR_34,G38_10,WS_25_20,"[""107238""]",1,3806.9000000050837,4024.2500000058744,3960.400000005642,3806.9000000050837,3900.9000000054257,3904.9500000054404,3950.3000000056054,3950.3500000056056,3960.350000005642,3960.400000005642,4020.2000000058597,4024.2500000058744,18.100000000000122,141.89999999999802,15.250000000000082,0,41.84999999999976,0.25,0,60.0,100.00000000000028
J000667,2023-01-03/KPAS,KPAS,AMR_21,G17_10,WS_30_20,"[""118518""]",1,3811.5500000051006,4169.200000006402,4053.9500000059825,3811.5500000051006,3930.0000000055315,3934.0500000055463,4043.8500000059457,4043.900000005946,4053.9000000059823,4053.9500000059825,4165.150000006387,4169.200000006402,18.100000000000122,167.10000000000375,22.90000000000019,0,149.2999999999997,0.25,0,74.000000000001,100.00000000000026
J000668,2023-01-03/KTUN,KTUN,AMR_05,G0_10,WS_8_20,"[""110394""]",1,3812.6000000051044,4000.550000005788,3955.9000000056258,3812.6000000051044,3893.9500000054004,3898.000000005415,3945.800000005589,3945.850000005589,3955.8500000056256,3955.9000000056258,3996.5000000057735,4000.550000005788,18.100000000000122,144.8499999999987,17.20000000000011,0,7.549999999999981,0.25,0,94.00000000000195,80.0000000000007
J000669,2023-01-03/MMJJ,MMJJ,AMR_06,G32_8,WS_13_20,"[""110455""]",1,3814.10000000511,4236.800000006648,4144.600000006312,3814.10000000511,4066.3500000060276,4070.4000000060423,4134.5000000062755,4134.550000006276,4144.550000006312,4144.600000006312,4232.750000006633,4236.800000006648,18.100000000000122,216.45000000001497,28.750000000000274,0,159.15000000000194,0.25,0,114.00000000000148,128.00000000000088
J000670,2023-01-03/KOLA,KOLA,AMR_39,G29_10,WS_19_20,"[""101028""]",1,3816.050000005117,4065.150000006023,4008.9500000058188,3816.050000005117,3952.7500000056143,3956.800000005629,3998.850000005782,3998.900000005782,4008.9000000058186,4008.9500000058188,4061.1000000060085,4065.150000006023,18.100000000000122,178.3000000000063,25.80000000000023,0,26.650000000000244,0.25,0,116.00000000000142,84.00000000000023
J000671,2023-01-03/KJRH,KJRH,AMR_04,G23_10,WS_2_20,"[""107333""]",1,3821.3500000051363,4092.7000000061234,3992.200000005758,3821.3500000051363,3849.2000000052376,3853.2500000052523,3982.100000005721,3982.1500000057213,3992.1500000057576,3992.200000005758,4088.6500000061087,4092.7000000061234,18.100000000000122,133.99999999999622,14.300000000000068,0,104.6999999999962,0.25,0,18.0,128.00000000000173
J000672,2023-01-03/KOMA,KOMA,AMR_11,G9_13,WS_25_20,"[""112308""]",1,3829.200000005165,3996.950000005775,3937.85000000556,3829.200000005165,3864.8500000052945,3868.9000000053093,3927.7500000055234,3927.8000000055235,3937.80000000556,3937.85000000556,3992.9000000057604,3996.950000005775,18.100000000000122,110.64999999999586,15.300000000000082,0,23.4500000000002,0.25,0,24.0,100.00000000000043
J000673,2023-01-03/KPAS,KPAS,AMR_30,G15_15,WS_30_20,"[""101207""]",1,3832.2000000051758,3973.1500000056885,3919.350000005493,3832.2000000051758,3862.3500000052854,3866.4000000053,3909.250000005456,3909.3000000054562,3919.3000000054926,3919.350000005493,3969.100000005674,3973.1500000056885,18.100000000000122,96.34999999999667,12.450000000000042,0,13.800000000000061,0.25,0,26.0,88.00000000000004
J000674,2023-01-03/KOLA,KOLA,AMR_23,G6_12,WS_19_20,"[""101193""]",1,3836.950000005193,4015.850000005844,3953.8500000056183,3836.950000005193,3876.500000005337,3880.5500000053516,3943.7500000055816,3943.8000000055818,3953.800000005618,3953.8500000056183,4011.800000005829,4015.850000005844,18.100000000000122,122.54999999999518,16.200000000000095,0,21.800000000000175,0.25,0,33.99999999999997,96.00000000000094
J000675,2023-01-03/KTUN,KTUN,AMR_26,G14_10,WS_8_20,"[""101013""]",2,3838.100000005197,4028.000000005888,3976.3500000057,3838.100000005197,3907.000000005448,3911.0500000054626,3966.2500000056634,3966.3000000056636,3976.3000000057,3976.3500000057,4023.9500000058733,4028.000000005888,18.100000000000122,112.29999999999576,17.25000000000011,0,41.99999999999975,0.25,0,46.00000000000023,72.00000000000085
J000676,2023-01-03/KOMA,KOMA,AMR_33,G8_12,WS_25_20,"[""112010""]",1,3848.250000005234,4157.000000006357,4097.900000006142,3848.250000005234,3987.2000000057396,3991.2500000057544,4087.8000000061056,4087.850000006106,4097.850000006142,4097.900000006142,4152.950000006343,4157.000000006357,18.100000000000122,213.65000000001433,19.100000000000136,0,57.64999999999886,0.25,0,136.00000000000233,116.00000000000094
J000677,2023-01-03/KPAS,KPAS,AMR_01,G20_7,WS_30_20,"[""110422""]",1,3854.6500000052574,4023.300000005871,3973.800000005691,3854.6500000052574,3892.450000005395,3896.5000000054097,3963.700000005654,3963.7500000056543,3973.7500000056907,3973.800000005691,4019.2500000058562,4023.300000005871,18.100000000000122,107.59999999999603,12.400000000000041,0,30.300000000000296,0.25,0,20.00000000000003,108.00000000000074
J000678,2023-01-03/KOLA,KOLA,AMR_13,G3_14,WS_19_20,"[""107347""]",1,3855.5000000052605,4114.250000006202,4059.300000006002,3855.5000000052605,3969.150000005674,3973.2000000056887,4049.200000005965,4049.2500000059654,4059.2500000060018,4059.300000006002,4110.200000006187,4114.250000006202,18.100000000000122,156.3500000000013,17.25000000000011,0,66.79999999999835,0.25,0,80.00000000000166,96.00000000000118
J000679,2023-01-03/KJRH,KJRH,AMR_28,G24_12,WS_2_20,"[""111285""]",1,3859.800000005276,4104.300000006166,4023.5000000058717,3859.800000005276,3931.3000000055363,3935.350000005551,4013.400000005835,4013.450000005835,4023.4500000058715,4023.5000000058717,4100.250000006151,4104.300000006166,18.100000000000122,168.6000000000041,18.200000000000124,0,39.3499999999999,0.25,0,60.00000000000051,132.00000000000153
J000680,2023-01-03/KOMA,KOMA,AMR_29,G24_1,WS_25_20,"[""110357""]",5,3860.7000000052794,4125.200000006242,4046.100000005954,3860.7000000052794,3936.200000005554,3940.250000005569,4036.000000005917,4036.0500000059174,4046.0500000059537,4046.100000005954,4121.150000006227,4125.200000006242,18.100000000000122,161.1500000000024,20.05000000000015,0,64.94999999999845,0.25,0,68.0000000000006,112.0000000000012
J000681,2023-01-03/KPAS,KPAS,AMR_08,G14_15,WS_30_20,"[""107224""]",1,3863.900000005291,4032.8000000059055,3991.100000005754,3863.900000005291,3909.1500000054557,3913.2000000054704,3981.000000005717,3981.0500000057173,3991.0500000057536,3991.100000005754,4028.750000005891,4032.8000000059055,18.100000000000122,109.39999999999593,12.450000000000042,0,28.700000000000273,0.25,0,30.0,92.00000000000016
J000682,2023-01-03/KOLA,KOLA,AMR_15,G5_10,WS_19_20,"[""112324""]",1,3870.0500000053134,4191.000000006481,4101.100000006154,3870.0500000053134,4016.8500000058475,4020.9000000058622,4091.0000000061173,4091.0500000061174,4101.050000006154,4101.100000006154,4186.950000006466,4191.000000006481,18.100000000000122,215.65000000001478,21.950000000000177,0,64.99999999999845,0.25,0,134.00000000000236,120.00000000000125
J000683,2023-01-03/KJRH,KJRH,AMR_18,G21_12,WS_2_20,"[""110543""]",1,3873.8500000053273,4146.100000006318,4040.600000005934,3873.8500000053273,3873.8500000053273,3877.900000005342,4030.500000005897,4030.5500000058973,4040.5500000059337,4040.600000005934,4142.050000006303,4146.100000006318,18.100000000000122,123.49999999999513,12.500000000000043,0,117.94999999999544,0.2,0,0.0,132.00000000000193
J000684,2023-01-03/KOMA,KOMA,AMR_35,G6_10,WS_25_20,"[""107293""]",1,3873.9000000053275,4084.5000000060936,4030.2500000058963,3873.9000000053275,3895.550000005406,3899.600000005421,4020.1500000058595,4020.2000000058597,4030.200000005896,4030.2500000058963,4080.450000006079,4084.5000000060936,18.100000000000122,117.49999999999547,14.300000000000068,0,60.4499999999987,0.25,0,16.0,124.0000000000012
J000685,2023-01-03/KPAS,KPAS,AMR_38,G14_14,WS_30_20,"[""110603""]",1,3874.1500000053284,4129.200000006256,4070.850000006044,3874.1500000053284,3988.2000000057433,3992.250000005758,4060.750000006007,4060.8000000060074,4070.800000006044,4070.850000006044,4125.1500000062415,4129.200000006256,18.100000000000122,158.5500000000018,17.20000000000011,0,60.949999999998674,0.25,0,64.00000000000018,104.00000000000026
J000686,2023-01-03/KOLA,KOLA,AMR_31,G33_8,WS_19_20,"[""110522""]",2,3899.30000000542,4196.1500000065,4118.150000006216,3899.30000000542,4040.850000005935,4044.9000000059496,4108.050000006179,4108.1000000061795,4118.100000006216,4118.150000006216,4192.100000006485,4196.1500000065,18.100000000000122,182.80000000000732,21.000000000000163,0,74.6999999999979,0.25,0,84.00000000000061,116.0000000000003
J000687,2023-01-03/KTUN,KTUN,AMR_20,G15_10,WS_8_20,"[""110097""]",1,3903.0000000054333,4253.550000006709,4198.600000006509,3903.0000000054333,4066.150000006027,4070.2000000060416,4188.500000006472,4188.550000006472,4198.5500000065085,4198.600000006509,4249.500000006694,4253.550000006709,18.100000000000122,178.50000000000634,22.000000000000178,0,131.6999999999957,0.25,0,100.00000000000105,108.00000000000165
J000688,2023-01-03/KJRH,KJRH,AMR_14,G23_7,WS_2_20,"[""101303""]",1,3908.5500000054535,4255.250000006715,4169.100000006401,3908.5500000054535,4051.4500000059734,4055.500000005988,4159.000000006365,4159.050000006365,4169.050000006401,4169.100000006401,4251.2000000067,4255.250000006715,18.100000000000122,229.4000000000179,28.750000000000274,0,70.19999999999816,0.25,0,116.00000000000122,155.99999999999974
J000689,2023-01-03/KPAS,KPAS,AMR_40,G31_2,WS_30_20,"[""110847""]",1,3909.9000000054584,4065.100000006023,4015.850000005844,3909.9000000054584,3962.60000000565,3966.650000005665,4005.750000005807,4005.8000000058073,4015.8000000058437,4015.850000005844,4061.0500000060083,4065.100000006023,18.100000000000122,108.69999999999597,14.350000000000069,0,13.800000000000061,0.25,0,46.00000000000021,84.00000000000114
J000690,2023-01-03/KOMA,KOMA,AMR_19,G9_7,WS_25_20,"[""107879""]",1,3920.4000000054966,4218.400000006581,4071.5000000060463,3920.4000000054966,3960.950000005644,3965.000000005659,4061.4000000060096,4061.4500000060098,4071.450000006046,4071.5000000060463,4214.350000006566,4218.400000006581,18.100000000000122,138.2999999999972,16.250000000000096,0,125.09999999999503,0.25,0,22.00000000000003,124.00000000000063
J000691,2023-01-03/KOLA,KOLA,AMR_27,G24_2,WS_19_20,"[""138468""]",1,3929.1000000055283,4094.9000000061314,4042.1000000059394,3929.1000000055283,3963.8500000056547,3967.9000000056694,4032.0000000059026,4032.050000005903,4042.050000005939,4042.1000000059394,4090.8500000061167,4094.9000000061314,18.100000000000122,113.04999999999572,16.200000000000095,0,18.200000000000124,0.25,0,29.999999999999996,96.00000000000107
J000692,2023-01-03/KTUN,KTUN,AMR_24,G3_8,WS_8_20,"[""110494""]",1,3934.9000000055494,4128.500000006254,4084.900000006095,3934.9000000055494,4020.4000000058604,4024.450000005875,4074.8000000060583,4074.8500000060585,4084.850000006095,4084.900000006095,4124.450000006239,4128.500000006254,18.100000000000122,120.74999999999528,17.20000000000011,0,37.30000000000002,0.25,0,54.00000000000037,76.00000000000067
J000693,2023-01-03/MMJJ,MMJJ,AMR_12,G0_15,WS_13_20,"[""110519""]",1,3936.700000005556,4034.4000000059114,3995.300000005769,3936.700000005556,3936.700000005556,3940.7500000055707,3985.2000000057324,3985.2500000057325,3995.250000005769,3995.300000005769,4030.3500000058966,4034.4000000059114,18.100000000000122,68.09999999999827,7.649999999999981,0,3.649999999999995,0.2,0,0.0,80.00000000000081
J000694,2023-01-03/KJRH,KJRH,AMR_37,G24_8,WS_2_20,"[""101076""]",1,3937.4000000055585,4216.9500000065755,4133.10000000627,3937.4000000055585,4042.800000005942,4046.8500000059566,4123.000000006234,4123.050000006234,4133.05000000627,4133.10000000627,4212.900000006561,4216.9500000065755,18.100000000000122,192.10000000000943,19.100000000000136,0,49.9999999999993,0.25,0,76.0000000000012,148.0000000000002
J000695,2023-01-03/KPAS,KPAS,AMR_36,G34_2,WS_30_20,"[""101273""]",1,3940.800000005571,4146.300000006318,4087.900000006106,3940.800000005571,4029.8000000058946,4033.8500000059094,4077.8000000060692,4077.8500000060694,4087.850000006106,4087.900000006106,4142.250000006304,4146.300000006318,18.100000000000122,146.84999999999914,20.10000000000015,0,20.200000000000152,0.25,0,66.00000000000108,104.0000000000011
J000696,2023-01-03/KTUN,KTUN,AMR_32,G15_9,WS_8_20,"[""112008""]",1,3959.1000000056374,4195.350000006497,4133.00000000627,3959.1000000056374,3991.3500000057547,3995.4000000057695,4122.900000006233,4122.9500000062335,4132.95000000627,4133.00000000627,4191.300000006482,4195.350000006497,18.100000000000122,105.84999999999613,15.300000000000082,0,96.74999999999665,0.25,0,18.0,88.000000000001
J000697,2023-01-03/KOMA,KOMA,AMR_22,G0_11,WS_25_20,"[""138355""]",1,3961.8000000056472,4232.3500000066315,4155.350000006351,3961.8000000056472,4029.900000005895,4033.9500000059097,4145.250000006315,4145.300000006315,4155.300000006351,4155.350000006351,4228.300000006617,4232.3500000066315,18.100000000000122,154.40000000000086,21.150000000000166,0,76.64999999999779,0.25,0,31.999999999999897,155.99999999999878
J000698,2023-01-03/KOLA,KOLA,AMR_17,G27_2,WS_19_20,"[""110501""]",1,3968.00000000567,4193.950000006492,4083.9000000060914,3968.00000000567,4001.2500000057908,4005.3000000058055,4073.8000000060547,4073.850000006055,4083.8500000060912,4083.9000000060914,4189.900000006477,4193.950000006492,18.100000000000122,123.8499999999951,16.250000000000096,0,67.49999999999831,0.25,0,27.99999999999999,108.0000000000011
J000699,2023-01-03/KTUN,KTUN,AMR_16,G3_7,WS_8_20,"[""121937""]",1,3971.8000000056836,4176.0000000064265,4117.050000006212,3971.8000000056836,4025.1500000058777,4029.2000000058924,4106.950000006175,4107.0000000061755,4117.000000006212,4117.050000006212,4171.950000006412,4176.0000000064265,18.100000000000122,124.29999999999508,15.300000000000082,0,46.24999999999951,0.25,0,56.00000000000071,80.00000000000064
J000700,2023-01-03/KPAS,KPAS,AMR_30,G15_8,WS_30_20,"[""214619""]",1,3973.850000005691,4216.500000006574,4153.250000006344,3973.850000005691,4002.2500000057944,4006.300000005809,4143.150000006307,4143.200000006307,4153.2000000063435,4153.250000006344,4212.450000006559,4216.500000006574,18.100000000000122,127.14999999999492,18.100000000000122,0,79.04999999999765,0.25,0,18.0,116.00000000000054
J000701,2023-01-03/KTUN,KTUN,AMR_11,G18_10,WS_8_20,"[""112087""]",1,3997.0000000057753,4152.25000000634,4101.100000006154,3997.0000000057753,4024.8500000058766,4028.9000000058913,4091.0000000061173,4091.0500000061174,4101.050000006154,4101.100000006154,4148.200000006325,4152.25000000634,18.100000000000122,102.99999999999629,16.250000000000096,0,17.650000000000116,0.25,0,24.0,88.00000000000074
J000702,2023-01-03/KJRH,KJRH,AMR_05,G26_10,WS_2_20,"[""110323""]",1,4000.6000000057884,4229.950000006623,4150.050000006332,4000.6000000057884,4048.850000005964,4052.9000000059787,4139.950000006295,4140.0000000062955,4150.000000006332,4150.050000006332,4225.900000006608,4229.950000006623,18.100000000000122,172.00000000000486,14.300000000000068,0,24.700000000000216,0.25,0,56.00000000000007,140.00000000000057
J000703,2023-01-03/KOLA,KOLA,AMR_10,G35_8,WS_19_20,"[""110486""]",1,4010.900000005826,4374.550000007149,4252.550000006705,4010.900000005826,4173.950000006419,4178.000000006434,4242.450000006668,4242.500000006668,4252.500000006705,4252.550000006705,4370.500000007134,4374.550000007149,18.100000000000122,186.15000000000808,22.95000000000019,0,136.19999999999672,0.25,0,92.00000000000072,116.00000000000038
J000704,2023-01-03/KPAS,KPAS,AMR_23,G12_12,WS_30_20,"[""107328""]",1,4015.900000005844,4229.900000006623,4178.500000006436,4015.900000005844,4037.9500000059243,4042.000000005939,4168.400000006399,4168.450000006399,4178.450000006435,4178.500000006436,4225.850000006608,4229.900000006623,18.100000000000122,128.649999999995,16.200000000000095,0,50.79999999999925,0.25,0,16.0,128.00000000000074
J000705,2023-01-03/KTUN,KTUN,AMR_01,G17_9,WS_8_20,"[""111998""]",1,4023.350000005871,4256.100000006718,4148.950000006328,4023.350000005871,4075.20000000606,4079.2500000060745,4138.850000006291,4138.9000000062915,4148.900000006328,4148.950000006328,4252.050000006703,4256.100000006718,18.100000000000122,137.64999999999705,21.050000000000164,0,55.69999999999897,0.25,0,29.99999999999998,120.0000000000021
J000706,2023-01-03/KJRH,KJRH,AMR_25,G26_9,WS_2_20,"[""110479""]",1,4023.7000000058724,4307.350000006904,4186.350000006464,4023.7000000058724,4079.5500000060756,4083.6000000060903,4176.250000006427,4176.300000006428,4186.300000006464,4186.350000006464,4303.30000000689,4307.350000006904,18.100000000000122,171.55000000000476,19.150000000000137,0,74.5999999999979,0.25,0,46.0000000000004,144.0000000000002
J000707,2023-01-03/KPAS,KPAS,AMR_34,G11_13,WS_30_20,"[""101337""]",1,4024.3000000058746,4270.100000006769,4212.75000000656,4024.3000000058746,4104.100000006165,4108.15000000618,4202.650000006523,4202.700000006524,4212.70000000656,4212.75000000656,4266.050000006754,4270.100000006769,18.100000000000122,175.60000000000568,14.300000000000068,0,37.550000000000004,0.25,0,80.00000000000045,120.00000000000068
J000708,2023-01-03/KJRH,KJRH,AMR_08,G29_14,WS_2_20,"[""111228""]",1,4040.650000005934,4421.65000000732,4203.400000006526,4040.650000005934,4111.600000006192,4115.650000006207,4193.300000006489,4193.35000000649,4203.350000006526,4203.400000006526,4417.600000007305,4421.65000000732,18.100000000000122,154.00000000000077,14.350000000000069,0,194.30000000000993,0.25,0,36.00000000000003,136.0000000000019
J000709,2023-01-03/KOLA,KOLA,AMR_26,G33_5,WS_19_20,"[""126834""]",1,4042.1500000059395,4250.950000006699,4174.800000006422,4042.1500000059395,4100.00000000615,4104.050000006165,4164.700000006385,4164.750000006386,4174.750000006422,4174.800000006422,4246.900000006684,4250.950000006699,18.100000000000122,157.80000000000163,15.250000000000082,0,17.400000000000112,0.25,0,64.00000000000003,128.00000000000082
J000710,2023-01-03/KPAS,KPAS,AMR_09,G14_10,WS_30_20,"[""112292""]",1,4054.0000000059827,4310.400000006915,4240.350000006661,4054.0000000059827,4120.400000006224,4124.450000006239,4230.250000006624,4230.300000006624,4240.30000000666,4240.350000006661,4306.350000006901,4310.400000006915,18.100000000000122,128.99999999999508,15.300000000000082,0,93.74999999999682,0.25,0,26.0,120.00000000000051
J000711,2023-01-03/KJRH,KJRH,AMR_02,G29_9,WS_2_20,"[""110205""]",1,4057.700000005996,4392.300000007213,4298.500000006872,4057.700000005996,4197.200000006504,4201.250000006518,4288.400000006835,4288.450000006836,4298.450000006872,4298.500000006872,4388.250000007199,4392.300000007213,18.100000000000122,209.1500000000133,15.250000000000082,0,91.84999999999692,0.25,0,84.00000000000094,155.99999999999952
J000712,2023-01-03/KOLA,KOLA,AMR_12,G0_12,WS_19_20,"[""112215""]",1,4059.350000006002,4217.550000006578,4143.800000006309,4059.350000006002,4074.3500000060567,4078.4000000060714,4133.700000006273,4133.750000006273,4143.750000006309,4143.800000006309,4213.500000006563,4217.550000006578,18.100000000000122,106.2999999999961,12.400000000000041,0,21.150000000000166,0.25,0,10.000000000000002,116.00000000000178
J000713,2023-01-03/KPAS,KPAS,AMR_03,G9_13,WS_30_20,"[""107255""]",1,4070.900000006044,4254.00000000671,4195.700000006498,4070.900000006044,4097.500000006141,4101.550000006156,4185.600000006461,4185.650000006462,4195.650000006498,4195.700000006498,4249.9500000066955,4254.00000000671,18.100000000000122,122.54999999999518,15.300000000000082,0,26.900000000000247,0.25,0,18.0,120.00000000000065
J000714,2023-01-03/KOLA,KOLA,AMR_39,G38_12,WS_19_20,"[""107172""]",2,4083.9500000060916,4271.700000006775,4191.850000006484,4083.9500000060916,4112.000000006194,4116.050000006208,4181.750000006447,4181.800000006448,4191.800000006484,4191.850000006484,4267.65000000676,4271.700000006775,18.100000000000122,119.29999999999536,12.400000000000041,0,37.699999999999996,0.25,0,22.0,112.00000000000013
J000715,2023-01-03/KTUN,KTUN,AMR_35,G14_9,WS_8_20,"[""110233""]",1,4084.9500000060953,4381.700000007175,4302.500000006887,4084.9500000060953,4132.95000000627,4137.000000006285,4292.40000000685,4292.45000000685,4302.4500000068865,4302.500000006887,4377.65000000716,4381.700000007175,18.100000000000122,120.99999999999527,15.300000000000082,0,142.09999999999806,0.25,0,22.0,104.00000000000108
J000716,2023-01-03/KPAS,KPAS,AMR_40,G9_9,WS_30_20,"[""112017""]",1,4087.950000006106,4396.80000000723,4266.000000006754,4087.950000006106,4155.150000006351,4159.200000006365,4255.900000006717,4255.950000006717,4265.950000006754,4266.000000006754,4392.750000007215,4396.80000000723,18.100000000000122,178.15000000000626,16.250000000000096,0,96.09999999999668,0.25,0,70.00000000000105,136.00000000000006
J000717,2023-01-03/KOLA,KOLA,AMR_27,G35_6,WS_19_20,"[""122643""]",1,4101.150000006154,4315.6500000069345,4212.950000006561,4101.150000006154,4134.100000006274,4138.150000006289,4202.850000006524,4202.900000006524,4212.900000006561,4212.950000006561,4311.60000000692,4315.6500000069345,18.100000000000122,136.74999999999685,16.200000000000095,0,43.19999999999968,0.25,0,30.000000000000007,124.00000000000048
J000718,2023-01-03/KTUN,KTUN,AMR_04,G0_8,WS_8_20,"[""131980""]",1,4101.150000006154,4284.450000006821,4241.900000006666,4101.150000006154,4174.15000000642,4178.2000000064345,4231.8000000066295,4231.85000000663,4241.850000006666,4241.900000006666,4280.400000006806,4284.450000006821,18.100000000000122,141.04999999999782,16.200000000000095,0,7.699999999999981,0.25,0,82.00000000000153,88.00000000000098
J000719,2023-01-03/KTUN,KTUN,AMR_28,G17_8,WS_8_20,"[""111390""]",1,4117.100000006212,4307.150000006904,4257.850000006724,4117.100000006212,4171.750000006411,4175.800000006426,4247.7500000066875,4247.800000006688,4257.800000006724,4257.850000006724,4303.100000006889,4307.150000006904,18.100000000000122,124.79999999999505,18.200000000000124,0,28.700000000000273,0.25,0,50.00000000000031,92.00000000000139
J000720,2023-01-03/KOLA,KOLA,AMR_13,G38_10,WS_19_20,"[""101155""]",1,4118.200000006216,4457.800000007452,4305.250000006897,4118.200000006216,4229.000000006619,4233.050000006634,4295.15000000686,4295.20000000686,4305.2000000068965,4305.250000006897,4453.750000007437,4457.800000007452,18.100000000000122,218.3000000000154,22.000000000000178,0,80.94999999999754,0.25,0,118.00000000000118,135.99999999999994
J000721,2023-01-03/KTUN,KTUN,AMR_07,G21_8,WS_8_20,"[""113203""]",1,4133.05000000627,4309.850000006913,4225.950000006608,4133.05000000627,4159.100000006365,4163.15000000638,4215.8500000065715,4215.900000006572,4225.900000006608,4225.950000006608,4305.800000006899,4309.850000006913,18.100000000000122,114.54999999999563,16.250000000000096,0,27.650000000000258,0.25,0,14.0,116.00000000000165
J000722,2023-01-03/KJRH,KJRH,AMR_29,G24_2,WS_2_20,"[""138468""]",1,4133.150000006271,4346.000000007045,4258.900000006728,4133.150000006271,4136.100000006281,4140.150000006296,4248.800000006691,4248.8500000066915,4258.850000006728,4258.900000006728,4341.95000000703,4346.000000007045,18.100000000000122,146.84999999999914,11.400000000000027,0,36.25000000000008,0.25,0,2.0,179.9999999999961
J000723,2023-01-03/KOLA,KOLA,AMR_38,G24_1,WS_19_20,"[""110357""]",4,4143.8500000063095,4591.650000007939,4478.400000007527,4143.8500000063095,4238.250000006653,4242.300000006668,4468.30000000749,4468.35000000749,4478.350000007526,4478.400000007527,4587.600000007924,4591.650000007939,18.100000000000122,230.00000000001805,29.700000000000287,0,169.75000000000435,0.25,0,66.00000000000051,187.9999999999969
J000724,2023-01-03/MMNB,MMNB,AMR_24,G27_14,WS_13_20,"[""110439""]",1,4144.650000006312,4614.550000008022,4424.25000000733,4144.650000006312,4294.800000006859,4298.850000006873,4414.150000007293,4414.200000007293,4424.200000007329,4424.25000000733,4610.500000008007,4614.550000008022,18.100000000000122,206.75000000001276,24.90000000000022,0,219.90000000001575,0.25,0,116.00000000000091,112.00000000000051
J000725,2023-01-03/MMNB,MMNB,AMR_18,G33_7,WS_13_20,"[""107364""]",1,4146.150000006318,4382.450000007178,4294.500000006858,4146.150000006318,4186.500000006465,4190.550000006479,4284.400000006821,4284.450000006821,4294.450000006857,4294.500000006858,4378.400000007163,4382.450000007178,18.100000000000122,167.65000000000387,18.150000000000123,0,32.15000000000031,0.25,0,38.00000000000012,155.999999999999
J000726,2023-01-03/KTUN,KTUN,AMR_36,G23_10,WS_8_20,"[""110604""]",1,4149.000000006328,4358.650000007091,4284.10000000682,4149.000000006328,4223.850000006601,4227.900000006615,4274.000000006783,4274.050000006783,4284.05000000682,4284.10000000682,4354.600000007076,4358.650000007091,18.100000000000122,135.14999999999648,16.250000000000096,0,39.89999999999987,0.25,0,45.999999999999986,108.00000000000142
J000727,2023-01-03/KJRH,KJRH,AMR_11,G29_8,WS_2_20,"[""110569""]",1,4152.30000000634,4546.150000007773,4330.450000006988,4152.30000000634,4234.0000000066375,4238.050000006652,4320.350000006952,4320.400000006952,4330.400000006988,4330.450000006988,4542.100000007758,4546.150000007773,18.100000000000122,211.95000000001394,18.100000000000122,0,145.44999999999882,0.25,0,62.00000000000078,191.99999999999656
J000728,2023-01-03/SEBR,SEBR,AMR_33,G29_10,WS_25_20,"[""110166"", ""110186"", ""132437"", ""134029""]",4,4157.050000006358,4408.450000007272,4291.000000006845,4157.050000006358,4239.650000006658,4243.700000006673,4280.900000006808,4280.950000006808,4290.950000006845,4291.000000006845,4404.400000007257,4408.450000007272,18.100000000000122,133.29999999999606,18.05000000000012,0,81.6999999999975,0.25,0,66.00000000000031,72.0000000000004
J000729,2023-01-03/SEBR,SEBR,AMR_21,G21_10,WS_25_20,"[""107254"", ""110382"", ""121904""]",3,4169.250000006402,4287.900000006834,4246.950000006685,4169.250000006402,4186.350000006464,4190.400000006479,4236.850000006648,4236.900000006648,4246.900000006684,4246.950000006685,4283.850000006819,4287.900000006834,18.100000000000122,74.6999999999979,14.350000000000069,0,11.250000000000025,0.25,0,12.0,64.00000000000027
J000730,2023-01-03/SEBR,SEBR,AMR_16,G29_15,WS_25_20,"[""110401"", ""112287""]",2,4176.050000006427,4674.50000000824,4603.750000007983,4176.050000006427,4548.15000000778,4552.200000007795,4593.650000007946,4593.700000007946,4603.700000007982,4603.750000007983,4670.450000008225,4674.50000000824,18.100000000000122,156.10000000000124,20.05000000000015,0,303.95000000003483,0.25,0,116.0000000000012,44.0
J000731,2023-01-03/SEBR,SEBR,AMR_15,G33_14,WS_25_20,"[""110363"", ""110609""]",2,4191.050000006481,4752.750000008525,4537.900000007743,4191.050000006481,4330.90000000699,4334.950000007005,4527.800000007706,4527.8500000077065,4537.850000007743,4537.900000007743,4748.70000000851,4752.750000008525,18.100000000000122,179.2000000000065,29.650000000000286,0,334.5000000000418,0.25,0,72.00000000000013,112.00000000000016
J000732,2023-01-03/KPAS,KPAS,AMR_17,G8_12,WS_30_20,"[""112010""]",1,4194.000000006492,4911.100000009101,4688.600000008291,4194.000000006492,4426.350000007337,4430.400000007352,4678.500000008255,4678.550000008255,4688.550000008291,4688.600000008291,4907.050000009086,4911.100000009101,18.100000000000122,245.25000000002152,27.75000000000026,0,425.7500000000625,0.25,0,122.0000000000019,135.99999999999963
J000733,2023-01-03/KOLA,KOLA,AMR_32,G31_2,WS_19_20,"[""110847""]",1,4195.400000006497,4401.150000007246,4339.25000000702,4195.400000006497,4246.700000006684,4250.750000006698,4329.150000006984,4329.200000006984,4339.20000000702,4339.25000000702,4397.100000007231,4401.150000007246,18.100000000000122,142.49999999999815,16.250000000000096,0,28.650000000000272,0.25,0,46.0,124.00000000000092
J000734,2023-01-03/KJRH,KJRH,AMR_31,G30_8,WS_2_20,"[""110598""]",1,4196.2000000065,4574.650000007877,4417.500000007305,4196.2000000065,4239.250000006657,4243.300000006671,4407.400000007268,4407.4500000072685,4417.450000007305,4417.500000007305,4570.600000007862,4574.650000007877,18.100000000000122,177.4500000000061,15.300000000000082,0,167.3500000000038,0.25,0,22.0,171.99999999999866
J000735,2023-01-03/KPAS,KPAS,AMR_30,G15_9,WS_30_20,"[""111243""]",1,4216.550000006574,4432.850000007361,4357.250000007086,4216.550000006574,4220.650000006589,4224.700000006604,4347.150000007049,4347.200000007049,4357.200000007086,4357.250000007086,4428.800000007346,4432.850000007361,18.100000000000122,118.14999999999543,15.250000000000082,0,64.54999999999848,0.25,0,2.0,124.00000000000071
J000736,2023-01-03/SEBR,SEBR,AMR_37,G18_12,WS_25_20,"[""110297"", ""111330""]",2,4217.000000006576,4823.650000008783,4774.850000008605,4217.000000006576,4494.550000007585,4498.6000000076,4764.750000008568,4764.8000000085685,4774.800000008605,4774.850000008605,4819.600000008768,4823.650000008783,18.100000000000122,237.7000000000198,40.29999999999985,0,310.3000000000363,0.25,0,112.00000000000117,136.00000000000088
J000737,2023-01-03/KOLA,KOLA,AMR_12,G38_9,WS_19_20,"[""112452""]",1,4217.600000006578,4611.750000008012,4424.100000007329,4217.600000006578,4344.400000007039,4348.450000007054,4414.000000007292,4414.0500000072925,4424.050000007329,4424.100000007329,4607.700000007997,4611.750000008012,18.100000000000122,182.95000000000735,17.20000000000011,0,175.6500000000057,0.25,0,82.00000000000004,124.00000000000004
J000738,2023-01-03/KJRH,KJRH,AMR_19,G30_2,WS_2_20,"[""113142""]",1,4218.450000006581,4661.050000008191,4569.300000007857,4218.450000006581,4290.450000006843,4294.500000006858,4559.200000007821,4559.250000007821,4569.250000007857,4569.300000007857,4657.000000008176,4661.050000008191,18.100000000000122,219.45000000001565,23.950000000000205,0,180.85000000000687,0.25,0,64.00000000000003,199.9999999999931
J000739,2023-01-03/KTUN,KTUN,AMR_23,G12_2,WS_8_20,"[""125413""]",2,4229.950000006623,4382.000000007176,4328.900000006983,4229.950000006623,4254.850000006713,4258.900000006728,4318.800000006946,4318.850000006946,4328.850000006983,4328.900000006983,4377.950000007161,4382.000000007176,18.100000000000122,103.44999999999627,12.400000000000041,0,17.85000000000012,0.25,0,23.999999999999986,96.00000000000146
J000740,2023-01-03/KPAS,KPAS,AMR_05,G6_15,WS_30_20,"[""110480""]",1,4230.000000006623,4518.550000007673,4452.100000007431,4230.000000006623,4350.350000007061,4354.4000000070755,4442.000000007394,4442.050000007394,4452.050000007431,4452.100000007431,4514.500000007658,4518.550000007673,18.100000000000122,162.4500000000027,17.20000000000011,0,90.549999999997,0.25,0,66.00000000000044,124.00000000000081
J000741,2023-01-03/SEBR,SEBR,AMR_22,G33_13,WS_25_20,"[""112432"", ""124208""]",2,4232.400000006632,4760.500000008553,4619.750000008041,4232.400000006632,4562.7500000078335,4566.800000007848,4609.650000008004,4609.700000008004,4619.700000008041,4619.750000008041,4756.450000008538,4760.500000008553,18.100000000000122,199.4500000000111,28.700000000000273,0,281.60000000002975,0.25,0,122.00000000000067,80.00000000000013
J000742,2023-01-03/KOLA,KOLA,AMR_06,G32_8,WS_19_20,"[""107174""]",1,4236.850000006648,4416.2000000073,4322.200000006958,4236.850000006648,4236.850000006648,4240.900000006663,4312.100000006922,4312.150000006922,4322.150000006958,4322.200000006958,4412.150000007286,4416.2000000073,18.100000000000122,102.54999999999632,11.450000000000028,0,47.049999999999464,0.2,0,0.0,104.00000000000045
J000743,2023-01-03/KTUN,KTUN,AMR_26,G23_9,WS_8_20,"[""110256""]",1,4251.000000006699,4629.350000008076,4548.700000007782,4251.000000006699,4389.450000007203,4393.500000007218,4538.600000007746,4538.650000007746,4548.650000007782,4548.700000007782,4625.300000008061,4629.350000008076,18.100000000000122,200.60000000001136,26.800000000000246,0,132.5999999999959,0.25,0,80.00000000000077,140.00000000000156
J000744,2023-01-03/KPAS,KPAS,AMR_20,G8_7,WS_30_20,"[""107344""]",1,4253.600000006709,4898.550000009055,4610.000000008005,4253.600000006709,4309.550000006912,4313.600000006927,4599.900000007969,4599.950000007969,4609.950000008005,4610.000000008005,4894.50000000904,4898.550000009055,18.100000000000122,250.4500000000227,29.550000000000285,0,346.60000000004453,0.25,0,48.00000000000044,215.9999999999957
J000745,2023-01-03/KJRH,KJRH,AMR_03,G33_2,WS_2_20,"[""115130""]",1,4254.05000000671,4948.100000009235,4767.150000008577,4254.05000000671,4332.350000006995,4336.40000000701,4757.05000000854,4757.1000000085405,4767.100000008577,4767.150000008577,4944.050000009221,4948.100000009235,18.100000000000122,316.30000000003764,39.299999999999905,0,320.1000000000385,0.25,0,70.00000000000013,279.9999999999868
J000746,2023-01-03/SEBR,SEBR,AMR_14,G26_10,WS_25_20,"[""107213"", ""110274""]",2,4255.300000006715,4597.700000007961,4455.400000007443,4255.300000006715,4283.950000006819,4288.000000006834,4445.300000007406,4445.350000007406,4455.350000007443,4455.400000007443,4593.650000007946,4597.700000007961,18.100000000000122,86.24999999999724,14.300000000000068,0,223.50000000001657,0.25,0,20.0,60.0
J000747,2023-01-03/KOLA,KOLA,AMR_01,G32_2,WS_19_20,"[""111315""]",1,4256.150000006718,4916.900000009122,4733.050000008453,4256.150000006718,4299.400000006875,4303.45000000689,4722.950000008416,4723.0000000084165,4733.000000008453,4733.050000008453,4912.850000009107,4916.900000009122,18.100000000000122,293.7000000000325,37.25000000000002,0,311.45000000003654,0.25,0,48.0,267.99999999999307
J000748,2023-01-03/KTUN,KTUN,AMR_34,G14_2,WS_8_20,"[""109843""]",1,4270.150000006769,4457.100000007449,4393.7000000072185,4270.150000006769,4324.650000006967,4328.700000006982,4383.600000007182,4383.650000007182,4393.650000007218,4393.7000000072185,4453.050000007434,4457.100000007449,18.100000000000122,125.09999999999503,17.20000000000011,0,26.30000000000024,0.25,0,31.999999999999986,112.00000000000185
J000749,2023-01-03/KPAS,KPAS,AMR_39,G5_14,WS_30_20,"[""107204""]",1,4271.750000006775,4786.400000008647,4531.400000007719,4271.750000006775,4412.750000007288,4416.8000000073025,4521.300000007683,4521.350000007683,4531.350000007719,4531.400000007719,4782.350000008632,4786.400000008647,18.100000000000122,228.15000000001763,22.95000000000019,0,245.2000000000215,0.25,0,86.00000000000048,163.99999999999685
J000750,2023-01-03/KTUN,KTUN,AMR_04,G3_1,WS_8_20,"[""110496""]",2,4284.500000006821,4425.500000007334,4377.950000007161,4284.500000006821,4311.900000006921,4315.950000006936,4367.850000007124,4367.900000007125,4377.900000007161,4377.950000007161,4421.450000007319,4425.500000007334,18.100000000000122,107.64999999999603,13.400000000000055,0,1.6000000000000008,0.25,0,23.999999999999922,108.00000000000195
J000751,2023-01-03/KJRH,KJRH,AMR_21,G34_2,WS_2_20,"[""101273""]",1,4287.950000006834,4870.550000008953,4750.300000008516,4287.950000006834,4404.750000007259,4408.800000007273,4740.200000008479,4740.250000008479,4750.250000008516,4750.300000008516,4866.5000000089385,4870.550000008953,18.100000000000122,260.750000000025,23.900000000000205,0,279.6000000000293,0.25,0,74.00000000000111,223.99999999998994
J000752,2023-01-03/KTUN,KTUN,AMR_28,G18_2,WS_8_20,"[""110146""]",1,4307.200000006904,4488.900000007565,4427.850000007343,4307.200000006904,4331.150000006991,4335.200000007006,4417.750000007306,4417.800000007306,4427.8000000073425,4427.850000007343,4484.85000000755,4488.900000007565,18.100000000000122,116.29999999999553,14.350000000000069,0,32.70000000000028,0.25,0,17.999999999999996,120.00000000000234
J000753,2023-01-03/SEBR,SEBR,AMR_25,G15_15,WS_25_20,"[""110513"", ""110596""]",2,4307.4000000069045,4510.350000007643,4476.4500000075195,4307.4000000069045,4394.15000000722,4398.200000007235,4466.350000007483,4466.400000007483,4476.400000007519,4476.4500000075195,4506.300000007628,4510.350000007643,18.100000000000122,120.29999999999531,16.250000000000096,0,48.04999999999941,0.25,0,74.00000000000125,68.00000000000004
J000754,2023-01-03/KOLA,KOLA,AMR_07,G38_8,WS_19_20,"[""112069""]",1,4309.900000006914,4674.000000008238,4461.0500000074635,4309.900000006914,4392.0500000072125,4396.100000007227,4450.950000007427,4451.000000007427,4461.000000007463,4461.0500000074635,4669.9500000082235,4674.000000008238,18.100000000000122,163.50000000000293,21.050000000000164,0,161.2000000000024,0.25,0,62.0000000000003,132.00000000000026
J000755,2023-01-03/KPAS,KPAS,AMR_09,G6_9,WS_30_20,"[""111281""]",1,4310.450000006916,4794.000000008675,4589.850000007932,4310.450000006916,4369.40000000713,4373.450000007145,4579.750000007895,4579.8000000078955,4589.800000007932,4589.850000007932,4789.95000000866,4794.000000008675,18.100000000000122,191.35000000000926,26.750000000000245,0,247.10000000002194,0.25,0,46.00000000000037,155.9999999999974
J000756,2023-01-03/KJRH,KJRH,AMR_27,G35_6,WS_2_20,"[""121570""]",1,4315.700000006935,4656.050000008173,4472.700000007506,4315.700000006935,4315.700000006935,4319.750000006949,4462.600000007469,4462.650000007469,4472.650000007506,4472.700000007506,4652.000000008158,4656.050000008173,18.100000000000122,205.25000000001242,22.90000000000019,0,93.89999999999681,0.2,0,0.0,235.9999999999898
J000757,2023-01-03/KTUN,KTUN,AMR_29,G30_15,WS_8_20,"[""140089""]",1,4346.050000007045,4867.250000008941,4778.95000000862,4346.050000007045,4596.150000007955,4600.20000000797,4768.850000008583,4768.900000008583,4778.90000000862,4778.95000000862,4863.2000000089265,4867.250000008941,18.100000000000122,218.95000000001554,26.800000000000246,0,257.1000000000242,0.25,0,86.00000000000045,139.99999999999983
J000758,2023-01-03/KOLA,KOLA,AMR_36,G38_7,WS_19_20,"[""127570""]",1,4358.700000007091,4904.300000009076,4776.350000008611,4358.700000007091,4499.450000007603,4503.500000007618,4766.250000008574,4766.300000008574,4776.30000000861,4776.350000008611,4900.250000009061,4904.300000009076,18.100000000000122,208.50000000001316,22.85000000000019,0,295.900000000033,0.25,0,40.00000000000022,199.99999999999366
J000759,2023-01-03/KPAS,KPAS,AMR_10,G24_2,WS_30_20,"[""138468""]",1,4374.600000007149,4806.40000000872,4626.900000008067,4374.600000007149,4413.000000007289,4417.050000007303,4616.80000000803,4616.85000000803,4626.850000008067,4626.900000008067,4802.350000008705,4806.40000000872,18.100000000000122,165.95000000000348,21.000000000000163,0,226.50000000001725,0.25,0,34.0,143.99999999999935
J000760,2023-01-03/KTUN,KTUN,AMR_35,G26_2,WS_8_20,"[""107120""]",2,4381.750000007175,5045.750000009591,4830.700000008808,4381.750000007175,4756.85000000854,4760.900000008554,4820.6000000087715,4820.650000008772,4830.650000008808,4830.700000008808,5041.700000009576,5045.750000009591,18.100000000000122,364.80000000004867,45.999999999999524,0,234.85000000001915,0.25,0,237.99999999999395,167.9999999999994
J000761,2023-01-03/KJRH,KJRH,AMR_23,G38_2,WS_2_20,"[""112404""]",1,4382.050000007176,4846.850000008867,4701.700000008339,4382.050000007176,4564.050000007838,4568.100000007853,4691.600000008302,4691.650000008302,4701.650000008339,4701.700000008339,4842.800000008852,4846.850000008867,18.100000000000122,279.00000000002916,26.700000000000244,0,140.74999999999775,0.25,0,96.00000000000092,243.99999999998818
J000762,2023-01-03/KOLA,KOLA,AMR_18,G3_2,WS_19_20,"[""111226""]",1,4382.500000007178,4873.6500000089645,4715.75000000839,4382.500000007178,4618.950000008038,4623.000000008053,4705.650000008353,4705.7000000083535,4715.70000000839,4715.75000000839,4869.60000000895,4873.6500000089645,18.100000000000122,253.85000000002347,26.850000000000247,0,192.10000000000943,0.25,0,126.0000000000024,179.99999999999585
J000763,2023-01-03/KTUN,KTUN,AMR_02,G29_9,WS_8_20,"[""110205""]",1,4392.350000007214,4654.650000008168,4574.500000007876,4392.350000007214,4392.350000007214,4396.400000007228,4564.4000000078395,4564.45000000784,4574.450000007876,4574.500000007876,4650.600000008153,4654.650000008168,18.100000000000122,122.89999999999516,11.450000000000028,0,109.64999999999591,0.2,0,0.0,136.0000000000011
J000764,2023-01-03/KTUN,KTUN,AMR_40,G27_2,WS_8_20,"[""110501""]",1,4396.85000000723,4710.000000008369,4627.000000008067,4396.85000000723,4534.050000007729,4538.100000007744,4616.9000000080305,4616.950000008031,4626.950000008067,4627.000000008067,4705.950000008354,4710.000000008369,18.100000000000122,211.05000000001374,25.900000000000233,0,57.84999999999885,0.25,0,98.00000000000126,155.9999999999994
J000765,2023-01-03/KOLA,KOLA,AMR_32,G2_1,WS_19_20,"[""110339""]",2,4424.150000007329,4934.150000009185,4793.550000008673,4424.150000007329,4659.650000008186,4663.700000008201,4783.450000008636,4783.500000008637,4793.500000008673,4793.550000008673,4930.10000000917,4934.150000009185,18.100000000000122,267.8000000000266,31.550000000000313,0,192.30000000000948,0.25,0,151.9999999999988,159.9999999999983
J000766,2023-01-03/MMPL,MMPL,AMR_33,G11_9,WS_13_20,"[""107130"", ""107280"", ""110316"", ""111376"", ""112086""]",5,4424.30000000733,4688.050000008289,4651.650000008157,4424.30000000733,4597.250000007959,4601.300000007974,4641.55000000812,4641.60000000812,4651.600000008157,4651.650000008157,4684.000000008275,4688.050000008289,18.100000000000122,130.94999999999553,18.150000000000123,0,96.29999999999667,0.25,0,70.0000000000006,68.00000000000068
J000767,2023-01-03/MMPL,MMPL,AMR_08,G20_10,WS_13_20,"[""107459"", ""110284"", ""110583"", ""112279"", ""124211""]",7,4424.30000000733,4605.600000007989,4561.250000007828,4424.30000000733,4507.950000007634,4512.000000007649,4551.150000007791,4551.2000000077915,4561.200000007828,4561.250000007828,4601.550000007975,4605.600000007989,18.100000000000122,107.54999999999603,16.200000000000095,0,39.19999999999991,0.25,0,38.0,72.00000000000057
J000768,2023-01-03/MMPL,MMPL,AMR_06,G12_12,WS_13_20,"[""107328"", ""110189"", ""110231"", ""111391""]",4,4424.30000000733,4652.850000008161,4616.050000008027,4424.30000000733,4569.9000000078595,4573.950000007874,4605.950000007991,4606.000000007991,4616.000000008027,4616.050000008027,4648.8000000081465,4652.850000008161,18.100000000000122,115.69999999999557,17.20000000000011,0,77.29999999999775,0.25,0,68.00000000000054,48.00000000000023
J000769,2023-01-03/MMPL,MMPL,AMR_04,G5_10,WS_13_20,"[""101296"", ""110166"", ""110597"", ""123094""]",4,4425.550000007334,4553.4000000077995,4510.2500000076425,4425.550000007334,4449.550000007422,4453.600000007436,4500.150000007606,4500.200000007606,4510.200000007642,4510.2500000076425,4549.350000007785,4553.4000000077995,18.100000000000122,92.59999999999688,14.350000000000069,0,2.549999999999999,0.25,0,21.999999999999986,84.00000000000091
J000770,2023-01-03/MMPL,MMPL,AMR_30,G26_9,WS_13_20,"[""107380"", ""110479"", ""110530"", ""123035""]",5,4432.900000007361,4862.200000008923,4755.050000008533,4432.900000007361,4572.250000007868,4576.300000007883,4744.950000008496,4745.0000000084965,4755.000000008533,4755.050000008533,4858.150000008908,4862.200000008923,18.100000000000122,179.50000000000657,24.800000000000217,0,206.65000000001274,0.25,0,50.00000000000004,120.00000000000026
J000771,2023-01-03/SEBR,SEBR,AMR_34,G9_9,WS_25_20,"[""110588"", ""112017"", ""131590""]",3,4457.150000007449,4882.550000008997,4733.600000008455,4457.150000007449,4487.350000007559,4491.400000007574,4723.500000008418,4723.5500000084185,4733.550000008455,4733.600000008455,4878.500000008982,4882.550000008997,18.100000000000122,170.4000000000045,26.800000000000246,0,209.85000000001347,0.25,0,23.999999999999996,147.99999999999937
J000772,2023-01-03/KPAS,KPAS,AMR_13,G5_8,WS_30_20,"[""112004""]",1,4457.850000007452,4951.000000009246,4781.050000008628,4457.850000007452,4554.850000007805,4558.9000000078195,4770.950000008591,4771.000000008591,4781.0000000086275,4781.050000008628,4946.950000009231,4951.000000009246,18.100000000000122,270.10000000002714,25.75000000000023,0,178.95000000000644,0.25,0,114.00000000000193,195.99999999999537
J000773,2023-01-03/KTUN,KTUN,AMR_28,G33_12,WS_8_20,"[""112083""]",1,4488.950000007565,5029.600000009532,4897.650000009052,4488.950000007565,4719.1500000084025,4723.200000008417,4887.550000009015,4887.600000009015,4897.600000009052,4897.650000009052,5025.550000009517,5029.600000009532,18.100000000000122,293.05000000003236,39.099999999999916,0,190.150000000009,0.25,0,157.99999999999767,155.99999999999736
J000774,2023-01-03/MMPL,MMPL,AMR_25,G14_10,WS_13_20,"[""110353"", ""112292"", ""122632""]",3,4510.400000007643,4617.800000008034,4581.500000007902,4510.400000007643,4531.900000007721,4535.950000007736,4571.400000007865,4571.450000007865,4581.4500000079015,4581.500000007902,4613.750000008019,4617.800000008034,18.100000000000122,71.1999999999981,13.300000000000054,0,4.549999999999992,0.25,0,16.0,56.00000000000031
J000775,2023-01-03/SEBR,SEBR,AMR_05,G15_10,WS_25_20,"[""110097"", ""110313""]",2,4518.600000007673,4751.150000008519,4698.450000008327,4518.600000007673,4548.10000000778,4552.150000007795,4688.35000000829,4688.400000008291,4698.400000008327,4698.450000008327,4747.100000008504,4751.150000008519,18.100000000000122,123.19999999999514,16.150000000000095,0,74.84999999999789,0.25,0,28.0,108.00000000000074
J000776,2023-01-03/KPAS,KPAS,AMR_11,G3_10,WS_30_20,"[""110561""]",1,4546.200000007773,4903.450000009073,4719.200000008403,4546.200000007773,4611.050000008009,4615.100000008024,4709.100000008366,4709.150000008366,4719.1500000084025,4719.200000008403,4899.400000009058,4903.450000009073,18.100000000000122,196.8000000000105,18.100000000000122,0,123.9999999999951,0.25,0,76.00000000000155,155.999999999997
J000777,2023-01-03/KTUN,KTUN,AMR_04,G32_8,WS_8_20,"[""101075""]",1,4553.4500000078,5055.500000009626,4931.200000009174,4553.4500000078,4762.000000008558,4766.050000008573,4921.100000009137,4921.150000009137,4931.150000009174,4931.200000009174,5051.450000009611,5055.500000009626,18.100000000000122,249.30000000002244,27.70000000000026,0,206.70000000001275,0.25,0,102.00000000000063,155.9999999999989
J000778,2023-01-03/MMPL,MMPL,AMR_31,G14_9,WS_13_20,"[""110233"", ""112045"", ""124210""]",3,4574.700000007877,4721.20000000841,4686.000000008282,4574.700000007877,4630.1000000080785,4634.150000008093,4675.900000008245,4675.950000008245,4685.950000008282,4686.000000008282,4717.150000008395,4721.20000000841,18.100000000000122,107.29999999999605,15.300000000000082,0,5.549999999999988,0.25,0,62.00000000000058,60.0000000000005
J000779,2023-01-03/KJRH,KJRH,AMR_38,G24_1,WS_2_20,"[""110357""]",2,4591.700000007939,4776.15000000861,4684.400000008276,4591.700000007939,4591.700000007939,4595.7500000079535,4674.300000008239,4674.3500000082395,4684.350000008276,4684.400000008276,4772.100000008595,4776.15000000861,18.100000000000122,144.59999999999863,15.250000000000082,0,6.299999999999986,0.2,0,0.0,175.99999999999724
J000780,2023-01-03/MMPL,MMPL,AMR_14,G6_10,WS_13_20,"[""101221"", ""107281"", ""124402""]",3,4597.750000007961,4777.200000008614,4737.75000000847,4597.750000007961,4675.400000008243,4679.450000008258,4727.650000008433,4727.700000008434,4737.70000000847,4737.75000000847,4773.150000008599,4777.200000008614,18.100000000000122,132.0999999999958,16.200000000000095,0,12.800000000000047,0.25,0,80.00000000000134,76.00000000000088
J000781,2023-01-03/SEBR,SEBR,AMR_08,G38_10,WS_25_20,"[""107238"", ""112369""]",2,4605.65000000799,4873.750000008965,4812.3500000087415,4605.65000000799,4646.450000008138,4650.500000008153,4802.250000008705,4802.300000008705,4812.300000008741,4812.3500000087415,4869.70000000895,4873.750000008965,18.100000000000122,155.70000000000115,22.95000000000019,0,71.0999999999981,0.25,0,40.0,135.99999999999937
J000782,2023-01-03/KPAS,KPAS,AMR_12,G5_10,WS_30_20,"[""101296""]",1,4611.800000008012,5043.350000009582,4955.300000009262,4611.800000008012,4836.850000008831,4840.900000008845,4945.200000009225,4945.250000009225,4955.250000009261,4955.300000009262,5039.300000009567,5043.350000009582,18.100000000000122,277.4500000000288,29.700000000000287,0,106.04999999999612,0.25,0,179.99999999999594,151.99999999999824
J000783,2023-01-03/KTUN,KTUN,AMR_24,G32_6,WS_8_20,"[""112334""]",1,4614.600000008022,4974.950000009333,4846.900000008867,4614.600000008022,4749.200000008512,4753.2500000085265,4836.8000000088305,4836.850000008831,4846.850000008867,4846.900000008867,4970.900000009318,4974.950000009333,18.100000000000122,186.95000000000826,24.95000000000022,0,130.09999999999533,0.25,0,42.000000000000306,171.99999999999736
J000784,2023-01-03/MMPL,MMPL,AMR_25,G21_10,WS_13_20,"[""107254"", ""107272"", ""112036""]",3,4617.850000008034,4856.300000008901,4772.100000008595,4617.850000008034,4642.950000008125,4647.00000000814,4762.000000008558,4762.0500000085585,4772.050000008595,4772.100000008595,4852.250000008887,4856.300000008901,18.100000000000122,101.0499999999964,13.350000000000055,0,105.69999999999614,0.25,0,18.0,80.00000000000003
J000785,2023-01-03/SEBR,SEBR,AMR_26,G3_12,WS_25_20,"[""110601"", ""115591""]",2,4629.400000008076,4988.400000009382,4871.950000008958,4629.400000008076,4718.5000000084,4722.550000008415,4861.850000008922,4861.900000008922,4871.900000008958,4871.950000008958,4984.350000009367,4988.400000009382,18.100000000000122,192.10000000000943,20.10000000000015,0,128.44999999999496,0.25,0,90.00000000000163,132.00000000000074
J000786,2023-01-03/KPAS,KPAS,AMR_06,G2_12,WS_30_20,"[""110153""]",1,4652.900000008161,5092.25000000976,4972.0500000093225,4652.900000008161,4676.800000008248,4680.850000008263,4961.950000009286,4962.000000009286,4972.000000009322,4972.0500000093225,5088.200000009745,5092.25000000976,18.100000000000122,200.10000000001125,23.850000000000204,0,197.05000000001056,0.25,0,23.999999999999986,199.99999999999358
J000787,2023-01-03/MMPL,MMPL,AMR_02,G0_15,WS_13_20,"[""101014"", ""101181"", ""124702""]",3,4654.700000008168,4862.800000008925,4824.700000008786,4654.700000008168,4752.550000008524,4756.600000008539,4814.60000000875,4814.65000000875,4824.650000008786,4824.700000008786,4858.75000000891,4862.800000008925,18.100000000000122,142.79999999999822,12.400000000000041,0,34.550000000000175,0.25,0,94.00000000000223,80.00000000000095
J000788,2023-01-03/KTUN,KTUN,AMR_27,G32_4,WS_8_20,"[""101200""]",3,4656.100000008173,4990.65000000939,4812.3500000087415,4656.100000008173,4677.20000000825,4681.250000008265,4802.250000008705,4802.300000008705,4812.300000008741,4812.3500000087415,4986.600000009375,4990.65000000939,18.100000000000122,184.85000000000778,18.100000000000122,0,113.24999999999571,0.25,0,14.0,187.99999999999707
J000789,2023-01-03/SEBR,SEBR,AMR_19,G23_14,WS_25_20,"[""110450""]",1,4661.100000008191,4788.000000008653,4759.050000008548,4661.100000008191,4700.550000008335,4704.6000000083495,4748.950000008511,4749.000000008511,4759.000000008547,4759.050000008548,4783.950000008638,4788.000000008653,18.100000000000122,82.54999999999745,14.350000000000069,0,11.65000000000003,0.25,0,42.00000000000027,48.000000000000114
J000790,2023-01-03/KPAS,KPAS,AMR_07,G2_10,WS_30_20,"[""101280""]",2,4674.050000008238,5151.500000009975,4999.200000009421,4674.050000008238,4782.850000008634,4786.900000008649,4989.1000000093845,4989.150000009385,4999.150000009421,4999.200000009421,5147.450000009961,5151.500000009975,18.100000000000122,271.8000000000275,25.70000000000023,0,161.6000000000025,0.25,0,100.00000000000148,207.99999999999352
J000791,2023-01-03/MMPL,MMPL,AMR_16,G27_12,WS_13_20,"[""101180"", ""110595"", ""112394""]",3,4674.55000000824,4993.650000009401,4860.700000008917,4674.55000000824,4707.3500000083595,4711.400000008374,4850.600000008881,4850.650000008881,4860.650000008917,4860.700000008917,4989.600000009386,4993.650000009401,18.100000000000122,136.4999999999968,19.150000000000137,0,145.09999999999874,0.25,0,14.0,116.00000000000034
J000792,2023-01-03/MMPL,MMPL,AMR_33,G24_8,WS_13_20,"[""101076"", ""101191"", ""110219""]",3,4688.1000000082895,5120.800000009864,5040.350000009571,4688.1000000082895,4941.400000009211,4945.450000009226,5030.250000009534,5030.300000009534,5040.300000009571,5040.350000009571,5116.750000009849,5120.800000009864,18.100000000000122,224.65000000001683,40.24999999999985,0,149.44999999999973,0.25,0,116.00000000000122,108.00000000000051
J000793,2023-01-03/SEBR,SEBR,AMR_40,G29_14,WS_25_20,"[""111228""]",1,4710.050000008369,4900.700000009063,4843.600000008855,4710.050000008369,4792.850000008671,4796.900000008685,4833.5000000088185,4833.550000008819,4843.550000008855,4843.600000008855,4896.650000009048,4900.700000009063,18.100000000000122,113.09999999999572,20.10000000000015,0,39.099999999999916,0.25,0,72.00000000000074,48.00000000000004
J000794,2023-01-03/KPAS,KPAS,AMR_31,G0_11,WS_30_20,"[""117432""]",1,4721.25000000841,4971.25000000932,4892.0500000090315,4721.25000000841,4752.200000008523,4756.250000008537,4881.950000008995,4882.000000008995,4892.000000009031,4892.0500000090315,4967.200000009305,4971.25000000932,18.100000000000122,170.9000000000046,13.400000000000055,0,47.34999999999945,0.25,0,31.999999999999932,163.99999999999642
J000795,2023-01-03/MMPL,MMPL,AMR_05,G29_15,WS_13_20,"[""110193"", ""110223"", ""112287""]",3,4751.200000008519,5106.650000009812,4973.7000000093285,4751.200000008519,4899.100000009057,4903.150000009072,4963.600000009292,4963.650000009292,4973.650000009328,4973.7000000093285,5102.600000009797,5106.650000009812,18.100000000000122,167.25000000000378,25.80000000000023,0,144.0499999999985,0.25,0,78.00000000000028,92.0000000000002
J000796,2023-01-03/SEBR,SEBR,AMR_15,G30_13,WS_25_20,"[""112330""]",1,4752.800000008525,4899.650000009059,4827.7500000087975,4752.800000008525,4780.600000008626,4784.650000008641,4817.650000008761,4817.700000008761,4827.700000008797,4827.7500000087975,4895.600000009044,4899.650000009059,18.100000000000122,80.39999999999758,15.300000000000082,0,32.800000000000274,0.25,0,20.0,64.00000000000013
J000797,2023-01-03/MMPL,MMPL,AMR_22,G35_10,WS_13_20,"[""100949"", ""112284"", ""123304""]",3,4760.550000008553,5039.100000009566,4930.10000000917,4760.550000008553,4780.600000008626,4784.650000008641,4920.000000009133,4920.050000009133,4930.05000000917,4930.10000000917,5035.050000009552,5039.100000009566,18.100000000000122,149.84999999999982,21.050000000000164,0,89.29999999999707,0.25,0,10.0,155.99999999999747
J000798,2023-01-03/KLGU,KLGU,AMR_38,G6_13,WS_2_20,"[""124208""]",1,4776.20000000861,4950.400000009244,4910.700000009099,4776.20000000861,4846.950000008867,4851.000000008882,4900.600000009063,4900.650000009063,4910.650000009099,4910.700000009099,4946.350000009229,4950.400000009244,18.100000000000122,113.09999999999572,16.250000000000096,0,26.50000000000024,0.25,0,64.00000000000058,56.00000000000033
J000799,2023-01-03/KLGU,KLGU,AMR_14,G9_14,WS_2_20,"[""123034""]",1,4777.250000008614,4903.550000009073,4862.800000008925,4777.250000008614,4802.900000008707,4806.950000008722,4852.700000008888,4852.7500000088885,4862.750000008925,4862.800000008925,4899.500000009059,4903.550000009073,18.100000000000122,77.99999999999771,13.350000000000055,0,16.6000000000001,0.25,0,18.0,64.00000000000067
J000800,2023-01-03/KLGU,KLGU,AMR_39,G11_10,WS_2_20,"[""107457""]",1,4786.450000008647,4998.75000000942,4935.900000009191,4786.450000008647,4867.00000000894,4871.050000008955,4925.800000009154,4925.850000009154,4935.850000009191,4935.900000009191,4994.700000009405,4998.75000000942,18.100000000000122,123.09999999999515,17.20000000000011,0,53.64999999999909,0.25,0,60.00000000000081,80.00000000000097
J000801,2023-01-03/KLGU,KLGU,AMR_19,G14_12,WS_2_20,"[""214618""]",1,4788.050000008653,4957.900000009271,4893.800000009038,4788.050000008653,4817.900000008762,4821.950000008776,4883.700000009001,4883.750000009001,4893.750000009038,4893.800000009038,4953.850000009256,4957.900000009271,18.100000000000122,104.6999999999962,15.300000000000082,0,31.500000000000313,0.25,0,26.0,88.00000000000111
J000802,2023-01-03/KULA,KULA,AMR_09,G20_14,WS_19_20,"[""110178""]",1,4794.050000008675,5010.400000009462,4955.100000009261,4794.050000008675,4912.050000009104,4916.100000009119,4945.000000009224,4945.050000009224,4955.050000009261,4955.100000009261,5006.350000009447,5010.400000009462,18.100000000000122,99.99999999999646,19.150000000000137,0,78.84999999999766,0.25,0,50.00000000000003,40.00000000000004
J000803,2023-01-03/KULA,KULA,AMR_10,G8_14,WS_19_20,"[""111356""]",1,4806.45000000872,5050.100000009606,5002.100000009432,4806.45000000872,4862.300000008923,4866.350000008938,4992.000000009395,4992.050000009395,5002.050000009432,5002.100000009432,5046.050000009592,5050.100000009606,18.100000000000122,132.74999999999594,15.250000000000082,0,77.29999999999775,0.25,0,60.00000000000074,84.00000000000088
J000804,2023-01-03/KULA,KULA,AMR_37,G29_10,WS_19_20,"[""123272""]",1,4823.700000008783,4988.0000000093805,4907.700000009088,4823.700000008783,4854.000000008893,4858.050000008908,4897.600000009052,4897.650000009052,4907.650000009088,4907.700000009088,4983.950000009366,4988.0000000093805,18.100000000000122,96.69999999999665,13.300000000000054,0,35.950000000000095,0.25,0,26.0,84.00000000000043
J000805,2023-01-03/SEBR,SEBR,AMR_23,G21_12,WS_25_20,"[""101122""]",1,4846.900000008867,5012.900000009471,4976.600000009339,4846.900000008867,4919.500000009131,4923.550000009146,4966.500000009302,4966.5500000093025,4976.550000009339,4976.600000009339,5008.850000009456,5012.900000009471,18.100000000000122,106.99999999999606,16.250000000000096,0,24.40000000000021,0.25,0,62.000000000000384,56.00000000000021
J000806,2023-01-03/KTUN,KTUN,AMR_25,G24_2,WS_8_20,"[""138468""]",1,4856.350000008902,5220.400000010226,5072.700000009689,4856.350000008902,4888.500000009019,4892.550000009033,5062.600000009652,5062.650000009652,5072.6500000096885,5072.700000009689,5216.350000010211,5220.400000010226,18.100000000000122,181.0000000000069,22.95000000000019,0,141.74999999999798,0.25,0,21.99999999999999,191.99999999999633
J000807,2023-01-03/SEBR,SEBR,AMR_30,G23_10,WS_25_20,"[""110604""]",1,4862.250000008923,4968.900000009311,4931.150000009174,4862.250000008923,4877.000000008977,4881.050000008991,4921.050000009137,4921.100000009137,4931.1000000091735,4931.150000009174,4964.850000009296,4968.900000009311,18.100000000000122,66.04999999999839,13.400000000000055,0,8.84999999999999,0.25,0,8.0,60.00000000000037
J000808,2023-01-03/MMPL,MMPL,AMR_02,G38_9,WS_13_20,"[""101085"", ""112452"", ""137523""]",3,4862.850000008925,5247.800000010326,5152.250000009978,4862.850000008925,5021.400000009502,5025.450000009517,5142.150000009941,5142.2000000099415,5152.200000009978,5152.250000009978,5243.750000010311,5247.800000010326,18.100000000000122,225.15000000001695,23.850000000000204,0,117.59999999999546,0.25,0,100.00000000000061,151.99999999999838
J000809,2023-01-03/KLGU,KLGU,AMR_29,G15_12,WS_2_20,"[""110155""]",1,4867.300000008941,5278.700000010438,5196.150000010138,4867.300000008941,4942.850000009216,4946.900000009231,5186.050000010101,5186.100000010101,5196.100000010138,5196.150000010138,5274.650000010423,5278.700000010438,18.100000000000122,149.7499999999998,23.050000000000193,0,220.25000000001583,0.25,0,48.00000000000023,116.00000000000193
J000810,2023-01-03/KULA,KULA,AMR_21,G9_10,WS_19_20,"[""125583""]",1,4870.600000008953,5143.700000009947,5100.250000009789,4870.600000008953,4939.050000009202,4943.100000009217,5090.150000009752,5090.200000009752,5100.200000009789,5100.250000009789,5139.650000009932,5143.700000009947,18.100000000000122,153.05000000000055,21.900000000000176,0,79.79999999999761,0.25,0,78.00000000000114,96.00000000000094
J000811,2023-01-03/SEBR,SEBR,AMR_18,G17_13,WS_25_20,"[""111363""]",1,4873.700000008965,5400.3000000108805,5323.3000000106,4873.700000008965,5249.500000010332,5253.550000010347,5313.200000010564,5313.250000010564,5323.2500000106,5323.3000000106,5396.250000010866,5400.3000000108805,18.100000000000122,228.75000000001776,38.399999999999956,0,241.10000000002057,0.25,0,157.99999999999912,76.00000000000023
J000812,2023-01-03/KTUN,KTUN,AMR_08,G31_2,WS_8_20,"[""110847""]",1,4873.800000008965,5239.650000010296,4997.250000009414,4873.800000008965,4904.500000009077,4908.5500000090915,4987.150000009377,4987.200000009378,4997.200000009414,4997.250000009414,5235.600000010281,5239.650000010296,18.100000000000122,183.35000000000744,15.300000000000082,0,148.8499999999996,0.25,0,29.99999999999999,183.99999999999721
J000813,2023-01-03/SEBR,SEBR,AMR_34,G32_12,WS_25_20,"[""121833""]",1,4882.600000008997,5084.05000000973,5042.95000000958,4882.600000008997,4994.550000009404,4998.600000009419,5032.850000009544,5032.900000009544,5042.90000000958,5042.95000000958,5080.000000009715,5084.05000000973,18.100000000000122,111.84999999999579,15.300000000000082,0,55.94999999999896,0.25,0,52.0,68.00000000000026
J000814,2023-01-03/KLGU,KLGU,AMR_20,G8_7,WS_2_20,"[""112356""]",1,4898.600000009055,5000.700000009427,4956.250000009265,4898.600000009055,4898.600000009055,4902.65000000907,4946.150000009228,4946.2000000092285,4956.200000009265,4956.250000009265,4996.650000009412,5000.700000009427,18.100000000000122,70.39999999999814,9.55,0,3.8499999999999943,0.2,0,0.0,80.00000000000108
J000815,2023-01-03/KTUN,KTUN,AMR_15,G36_9,WS_8_20,"[""110263""]",1,4899.700000009059,5285.750000010464,5151.650000009976,4899.700000009059,4929.950000009169,4934.000000009184,5141.550000009939,5141.600000009939,5151.600000009976,5151.650000009976,5281.700000010449,5285.750000010464,18.100000000000122,214.15000000001444,26.700000000000244,0,126.84999999999494,0.25,0,24.0,207.99999999999235
J000816,2023-01-03/MMPL,MMPL,AMR_40,G30_15,WS_13_20,"[""101015"", ""110609"", ""140089""]",3,4900.750000009063,5210.800000010191,4991.000000009391,4900.750000009063,4920.550000009135,4924.60000000915,4980.900000009355,4980.950000009355,4990.950000009391,4991.000000009391,5206.750000010176,5210.800000010191,18.100000000000122,141.3999999999979,19.100000000000136,0,131.19999999999558,0.25,0,12.0,132.00000000000054
J000817,2023-01-03/KULA,KULA,AMR_11,G36_15,WS_19_20,"[""110298""]",1,4903.500000009073,5258.600000010365,5195.600000010136,4903.500000009073,5091.650000009758,5095.700000009772,5185.500000010099,5185.550000010099,5195.550000010136,5195.600000010136,5254.55000001035,5258.600000010365,18.100000000000122,193.40000000000973,22.90000000000019,0,120.4499999999953,0.25,0,112.0000000000006,95.99999999999991
J000818,2023-01-03/SEBR,SEBR,AMR_14,G26_9,WS_25_20,"[""111220""]",1,4903.6000000090735,5160.050000010006,5123.150000009872,4903.6000000090735,5020.200000009498,5024.250000009512,5113.0500000098355,5113.100000009836,5123.100000009872,5123.150000009872,5156.000000009992,5160.050000010006,18.100000000000122,131.44999999999564,23.100000000000193,0,83.5499999999974,0.25,0,48.00000000000004,88.00000000000065
J000819,2023-01-03/KLGU,KLGU,AMR_36,G29_9,WS_2_20,"[""110599""]",1,4904.350000009076,5273.400000010419,5179.000000010075,4904.350000009076,4985.500000009371,4989.550000009386,5168.900000010039,5168.950000010039,5178.950000010075,5179.000000010075,5269.350000010404,5273.400000010419,18.100000000000122,227.35000000001745,28.700000000000273,0,94.64999999999677,0.25,0,78.00000000000111,175.99999999999588
J000820,2023-01-03/KTUN,KTUN,AMR_17,G38_15,WS_8_20,"[""110131""]",3,4911.150000009101,5392.3500000108515,5275.500000010426,4911.150000009101,5096.3000000097745,5100.350000009789,5265.40000001039,5265.45000001039,5275.450000010426,5275.500000010426,5388.300000010837,5392.3500000108515,18.100000000000122,255.90000000002394,22.000000000000178,0,184.9500000000078,0.25,0,130.0000000000022,151.99999999999727
J000821,2023-01-03/KULA,KULA,AMR_01,G35_9,WS_19_20,"[""110165""]",1,4916.950000009122,5158.25000001,5035.500000009553,4916.950000009122,4951.600000009248,4955.650000009263,5025.400000009517,5025.450000009517,5035.450000009553,5035.500000009553,5154.200000009985,5158.25000001,18.100000000000122,125.799999999995,16.250000000000096,0,80.89999999999755,0.25,0,20.0,112.00000000000047
J000822,2023-01-03/KPAS,KPAS,AMR_32,G2_1,WS_30_20,"[""110339""]",1,4934.200000009185,5263.7000000103835,5099.000000009784,4934.200000009185,4934.200000009185,4938.2500000091995,5088.900000009748,5088.950000009748,5098.950000009784,5099.000000009784,5259.650000010369,5263.7000000103835,18.100000000000122,177.4500000000061,15.200000000000081,0,118.5499999999954,0.2,0,0.0,203.99999999999147
J000823,2023-01-03/KLGU,KLGU,AMR_03,G29_8,WS_2_20,"[""110569""]",1,4948.150000009236,5200.000000010152,5081.550000009721,4948.150000009236,4975.800000009336,4979.850000009351,5071.450000009684,5071.500000009684,5081.500000009721,5081.550000009721,5195.950000010137,5200.000000010152,18.100000000000122,172.05000000000487,16.250000000000096,0,45.19999999999957,0.25,0,24.00000000000002,179.99999999999793
J000824,2023-01-03/MMPL,MMPL,AMR_38,G11_12,WS_13_20,"[""110492"", ""112374""]",2,4950.450000009244,5090.050000009752,5057.350000009633,4950.450000009244,4979.050000009348,4983.100000009363,5047.250000009596,5047.300000009596,5057.300000009633,5057.350000009633,5086.000000009737,5090.050000009752,18.100000000000122,73.99999999999794,13.350000000000055,0,33.90000000000021,0.25,0,16.0,56.00000000000034
J000825,2023-01-03/SEBR,SEBR,AMR_13,G30_10,WS_25_20,"[""124794""]",1,4951.050000009246,5343.200000010673,5294.600000010496,4951.050000009246,5233.900000010275,5237.95000001029,5284.500000010459,5284.550000010459,5294.550000010496,5294.600000010496,5339.150000010658,5343.200000010673,18.100000000000122,210.30000000001357,39.14999999999991,0,124.34999999999508,0.25,0,134.00000000000085,72.00000000000031
J000826,2023-01-03/KLGU,KLGU,AMR_19,G33_8,WS_2_20,"[""107230""]",1,4957.950000009271,5354.250000010713,5213.2000000102,4957.950000009271,5068.700000009674,5072.750000009689,5203.100000010163,5203.150000010163,5213.1500000102,5213.2000000102,5350.200000010698,5354.250000010713,18.100000000000122,241.2500000000206,20.950000000000163,0,115.74999999999557,0.25,0,50.00000000000004,219.99999999999486
J000827,2023-01-03/KTUN,KTUN,AMR_30,G38_8,WS_8_20,"[""101327""]",1,4968.950000009311,5512.650000011289,5291.300000010484,4968.950000009311,5029.10000000953,5033.150000009545,5281.200000010447,5281.250000010447,5291.250000010484,5291.300000010484,5508.6000000112745,5512.650000011289,18.100000000000122,241.40000000002064,28.700000000000273,0,255.2500000000238,0.25,0,38.000000000000085,231.99999999999025
J000828,2023-01-03/KULA,KULA,AMR_31,G0_9,WS_19_20,"[""111224""]",1,4971.30000000932,5188.50000001011,5129.450000009895,4971.30000000932,4985.850000009373,4989.900000009387,5119.350000009858,5119.400000009859,5129.400000009895,5129.450000009895,5184.450000010095,5188.50000001011,18.100000000000122,121.64999999999523,13.400000000000055,0,63.79999999999851,0.25,0,8.000000000000004,128.00000000000173
J000829,2023-01-03/MMPL,MMPL,AMR_24,G18_13,WS_13_20,"[""110162"", ""123306""]",2,4975.000000009333,5281.95000001045,5186.250000010102,4975.000000009333,5032.700000009543,5036.750000009558,5176.150000010065,5176.200000010065,5186.200000010102,5186.250000010102,5277.900000010435,5281.95000001045,18.100000000000122,128.649999999995,19.150000000000137,0,140.79999999999777,0.25,0,54.0000000000006,76.00000000000043
J000830,2023-01-03/SEBR,SEBR,AMR_37,G35_15,WS_25_20,"[""110283""]",1,4988.050000009381,5153.950000009984,5064.100000009657,4988.050000009381,5013.5500000094735,5017.600000009488,5054.000000009621,5054.050000009621,5064.050000009657,5064.100000009657,5149.9000000099695,5153.950000009984,18.100000000000122,85.2499999999973,10.450000000000014,0,51.84999999999919,0.25,0,22.0,68.0
J000831,2023-01-03/KLGU,KLGU,AMR_26,G38_10,WS_2_20,"[""101134""]",1,4988.450000009382,5537.850000011381,5324.850000010606,4988.450000009382,5079.2500000097125,5083.300000009727,5314.750000010569,5314.800000010569,5324.800000010606,5324.850000010606,5533.800000011366,5537.850000011381,18.100000000000122,336.05000000004213,34.40000000000018,0,160.60000000000227,0.25,0,74.0,315.9999999999807
J000832,2023-01-03/KULA,KULA,AMR_27,G3_2,WS_19_20,"[""110344""]",1,4990.70000000939,5312.600000010561,5229.70000001026,4990.70000000939,5053.100000009617,5057.150000009632,5219.600000010223,5219.650000010223,5229.65000001026,5229.70000001026,5308.550000010547,5312.600000010561,18.100000000000122,188.75000000000867,16.150000000000095,0,98.64999999999654,0.25,0,62.000000000000725,152.00000000000017
J000833,2023-01-03/MMPL,MMPL,AMR_16,G9_12,WS_13_20,"[""101183"", ""101329""]",2,4993.700000009401,5243.300000010309,5169.20000001004,4993.700000009401,5094.300000009767,5098.350000009782,5159.100000010003,5159.150000010003,5169.15000001004,5169.20000001004,5239.250000010295,5243.300000010309,18.100000000000122,137.64999999999705,21.950000000000177,0,71.64999999999807,0.25,0,96.0000000000015,56.00000000000034
J000834,2023-01-03/SEBR,SEBR,AMR_39,G35_14,WS_25_20,"[""110466""]",1,4998.80000000942,5245.450000010317,5186.600000010103,4998.80000000942,5110.800000009827,5114.850000009842,5176.500000010066,5176.5500000100665,5186.550000010103,5186.600000010103,5241.400000010302,5245.450000010317,18.100000000000122,147.5499999999993,21.000000000000163,0,59.74999999999874,0.25,0,72.00000000000036,76.00000000000004
J000835,2023-01-03/KLGU,KLGU,AMR_20,G29_10,WS_2_20,"[""101028""]",1,5000.750000009427,5348.3500000106915,5230.250000010262,5000.750000009427,5075.7000000097,5079.750000009714,5220.150000010225,5220.200000010225,5230.200000010262,5230.250000010262,5344.300000010677,5348.3500000106915,18.100000000000122,210.60000000001364,18.100000000000122,0,100.54999999999643,0.25,0,56.0,163.9999999999995
J000836,2023-01-03/MMPL,MMPL,AMR_09,G3_12,WS_13_20,"[""110305"", ""112040"", ""115591""]",3,5010.450000009462,5387.100000010832,5341.500000010667,5010.450000009462,5281.350000010448,5285.4000000104625,5331.40000001063,5331.45000001063,5341.450000010666,5341.500000010667,5383.050000010818,5387.100000010832,18.100000000000122,202.40000000001177,27.75000000000026,0,128.1499999999949,0.25,0,146.00000000000063,84.00000000000102
J000837,2023-01-03/MMPL,MMPL,AMR_23,G15_10,WS_13_20,"[""110214"", ""111222""]",2,5040.400000009571,5298.200000010509,5242.650000010307,5040.400000009571,5099.850000009787,5103.900000009802,5232.55000001027,5232.60000001027,5242.600000010307,5242.650000010307,5294.150000010494,5298.200000010509,18.100000000000122,133.64999999999614,20.00000000000015,0,85.79999999999727,0.25,0,60.000000000000824,76.00000000000043
J000838,2023-01-03/SEBR,SEBR,AMR_28,G14_15,WS_25_20,"[""107224""]",1,5043.000000009581,5402.95000001089,5340.900000010664,5043.000000009581,5265.60000001039,5269.650000010405,5330.800000010628,5330.850000010628,5340.850000010664,5340.900000010664,5398.900000010875,5402.95000001089,18.100000000000122,152.20000000000036,14.300000000000068,0,175.10000000000556,0.25,0,88.0000000000008,72.00000000000016
J000839,2023-01-03/KULA,KULA,AMR_35,G26_2,WS_19_20,"[""107317""]",1,5045.800000009591,5276.150000010429,5212.650000010198,5045.800000009591,5045.800000009591,5049.8500000096055,5202.550000010161,5202.600000010161,5212.600000010198,5212.650000010198,5272.100000010414,5276.150000010429,18.100000000000122,121.14999999999526,13.350000000000055,0,77.54999999999774,0.2,0,0.0,136.00000000000082
J000840,2023-01-03/KULA,KULA,AMR_04,G32_8,WS_19_20,"[""110355""]",1,5055.550000009626,5288.000000010472,5178.250000010073,5055.550000009626,5055.550000009626,5059.600000009641,5168.150000010036,5168.200000010036,5178.2000000100725,5178.250000010073,5283.950000010457,5288.000000010472,18.100000000000122,106.99999999999606,13.400000000000055,0,93.74999999999682,0.2,0,0.0,120.00000000000077
J000841,2023-01-03/MMPL,MMPL,AMR_22,G20_12,WS_13_20,"[""111276"", ""124207""]",2,5057.400000009633,5301.15000001052,5203.300000010164,5057.400000009633,5149.9000000099695,5153.950000009984,5193.200000010127,5193.250000010127,5203.250000010164,5203.300000010164,5297.100000010505,5301.15000001052,18.100000000000122,113.84999999999567,17.20000000000011,0,94.34999999999678,0.25,0,50.000000000000114,64.00000000000038
J000842,2023-01-03/SEBR,SEBR,AMR_12,G5_10,WS_25_20,"[""101296"", ""110597""]",2,5064.150000009658,5883.90000001264,5375.45000001079,5064.150000009658,5064.150000009658,5068.200000009672,5365.350000010753,5365.4000000107535,5375.40000001079,5375.45000001079,5879.850000012625,5883.90000001264,18.100000000000122,197.80000000001073,23.000000000000192,0,580.6500000000196,0.2,0,0.0,207.99999999999818
J000843,2023-01-03/LARK,LARK,AMR_38,G21_10,WS_30_20,"[""107124"", ""107272"", ""110138"", ""112036"", ""112361""]",6,5099.0500000097845,5363.150000010745,5301.750000010522,5099.0500000097845,5225.850000010246,5229.900000010261,5291.650000010485,5291.700000010485,5301.700000010522,5301.750000010522,5359.100000010731,5363.150000010745,18.100000000000122,168.40000000000404,22.95000000000019,0,54.39999999999905,0.25,0,108.00000000000225,84.00000000000048
J000844,2023-01-03/LARK,LARK,AMR_34,G26_12,WS_30_20,"[""101329"", ""110191"", ""110499"", ""111391""]",5,5099.0500000097845,5252.500000010343,5217.450000010215,5099.0500000097845,5117.4500000098515,5121.500000009866,5207.3500000101785,5207.400000010179,5217.400000010215,5217.450000010215,5248.450000010328,5252.500000010343,18.100000000000122,76.09999999999782,11.400000000000027,0,47.59999999999943,0.25,0,16.0,64.0000000000003
J000845,2023-01-03/LARK,LARK,AMR_06,G0_15,WS_30_20,"[""101181"", ""107312"", ""110465"", ""124702""]",4,5099.0500000097845,5360.900000010737,5284.70000001046,5099.0500000097845,5113.850000009838,5117.900000009853,5274.600000010423,5274.650000010423,5284.65000001046,5284.70000001046,5356.850000010722,5360.900000010737,18.100000000000122,145.54999999999885,9.5,0,88.44999999999712,0.25,0,10.000000000000002,147.99999999999898
J000846,2023-01-03/LARK,LARK,AMR_10,G29_7,WS_30_20,"[""107389"", ""110199"", ""132280""]",4,5099.0500000097845,5291.650000010485,5250.750000010336,5099.0500000097845,5190.750000010118,5194.800000010133,5240.6500000103,5240.7000000103,5250.700000010336,5250.750000010336,5287.6000000104705,5291.650000010485,18.100000000000122,120.04999999999532,17.20000000000011,0,37.000000000000036,0.25,0,60.000000000000234,72.0000000000008
J000847,2023-01-03/LARK,LARK,AMR_05,G20_10,WS_30_20,"[""107459"", ""112279"", ""124211""]",3,5106.700000009812,5333.550000010638,5267.650000010398,5106.700000009812,5165.550000010026,5169.600000010041,5257.550000010361,5257.600000010361,5267.600000010398,5267.650000010398,5329.500000010623,5333.550000010638,18.100000000000122,112.54999999999575,15.250000000000082,0,80.69999999999756,0.25,0,28.0,88.00000000000031
J000848,2023-01-03/KLGU,KLGU,AMR_33,G29_15,WS_2_20,"[""112287""]",1,5120.850000009864,5393.200000010855,5307.650000010543,5120.850000009864,5200.550000010154,5204.6000000101685,5297.550000010507,5297.600000010507,5307.600000010543,5307.650000010543,5389.15000001084,5393.200000010855,18.100000000000122,173.85000000000528,18.200000000000124,0,61.94999999999862,0.25,0,68.00000000000078,132.000000000002
J000849,2023-01-03/KULA,KULA,AMR_21,G24_8,WS_19_20,"[""101191""]",1,5143.750000009947,5395.500000010863,5327.250000010615,5143.750000009947,5270.750000010409,5274.800000010424,5317.150000010578,5317.200000010578,5327.2000000106145,5327.250000010615,5391.450000010848,5395.500000010863,18.100000000000122,138.2999999999972,21.050000000000164,0,74.04999999999794,0.25,0,66.00000000000034,80.00000000000048
J000850,2023-01-03/SEBR,SEBR,AMR_07,G18_10,WS_25_20,"[""112087""]",1,5151.5500000099755,5400.20000001088,5359.650000010733,5151.5500000099755,5270.400000010408,5274.450000010423,5349.550000010696,5349.600000010696,5359.600000010732,5359.650000010733,5396.150000010865,5400.20000001088,18.100000000000122,133.14999999999603,19.050000000000136,0,78.0999999999977,0.25,0,60.0000000000004,76.0000000000004
J000851,2023-01-03/MMPL,MMPL,AMR_37,G17_10,WS_13_20,"[""101290"", ""107232""]",2,5154.000000009984,5599.700000011606,5531.100000011356,5154.000000009984,5382.300000010815,5386.35000001083,5521.00000001132,5521.05000001132,5531.050000011356,5531.100000011356,5595.650000011591,5599.700000011606,18.100000000000122,228.70000000001775,32.50000000000029,0,166.15000000000353,0.25,0,169.99999999999807,80.00000000000054
J000852,2023-01-03/LARK,LARK,AMR_01,G9_10,WS_30_20,"[""110346"", ""110418"", ""125583""]",6,5158.30000001,5455.10000001108,5383.0000000108175,5158.30000001,5237.050000010287,5241.100000010301,5372.900000010781,5372.950000010781,5382.950000010817,5383.0000000108175,5451.050000011065,5455.10000001108,18.100000000000122,191.30000000000925,20.00000000000015,0,67.14999999999833,0.25,0,90.00000000000128,132.00000000000063
J000853,2023-01-03/MMPL,MMPL,AMR_14,G2_10,WS_13_20,"[""107287"", ""125462""]",2,5169.25000001004,5375.150000010789,5321.600000010594,5169.25000001004,5258.100000010363,5262.150000010378,5311.500000010557,5311.550000010558,5321.550000010594,5321.600000010594,5371.100000010774,5375.150000010789,18.100000000000122,150.90000000000006,18.150000000000123,0,18.500000000000128,0.25,0,82.00000000000148,96.00000000000136
J000854,2023-01-03/KLGU,KLGU,AMR_31,G26_9,WS_2_20,"[""123788""]",1,5188.55000001011,5460.100000011098,5343.500000010674,5188.55000001011,5242.750000010307,5246.800000010322,5333.400000010637,5333.450000010637,5343.450000010674,5343.500000010674,5456.050000011083,5460.100000011098,18.100000000000122,169.90000000000438,15.300000000000082,0,67.99999999999828,0.25,0,60.000000000000185,144.00000000000043
J000855,2023-01-03/SEBR,SEBR,AMR_03,G29_8,WS_25_20,"[""110569""]",1,5200.050000010152,5328.900000010621,5278.350000010437,5200.050000010152,5200.050000010152,5204.100000010167,5268.2500000104,5268.3000000104,5278.300000010437,5278.350000010437,5324.850000010606,5328.900000010621,18.100000000000122,80.94999999999754,11.450000000000028,0,18.150000000000123,0.2,0,0.0,84.0000000000006
J000856,2023-01-03/MMPL,MMPL,AMR_40,G23_8,WS_13_20,"[""110132"", ""110390""]",2,5210.850000010191,5559.150000011458,5370.600000010772,5210.850000010191,5287.40000001047,5291.4500000104845,5360.500000010736,5360.550000010736,5370.550000010772,5370.600000010772,5555.100000011444,5559.150000011458,18.100000000000122,156.4000000000013,24.90000000000022,0,148.64999999999955,0.25,0,72.00000000000082,100.00000000000063
J000857,2023-01-03/KLGU,KLGU,AMR_25,G35_15,WS_2_20,"[""112084""]",1,5220.450000010226,5777.400000012252,5523.350000011328,5220.450000010226,5328.950000010621,5333.000000010636,5513.250000011291,5513.300000011292,5523.300000011328,5523.350000011328,5773.350000012238,5777.400000012252,18.100000000000122,242.75000000002095,29.650000000000286,0,266.20000000002625,0.25,0,56.00000000000031,191.99999999999537
J000858,2023-01-03/KLGU,KLGU,AMR_08,G35_9,WS_2_20,"[""107259""]",1,5239.700000010296,5641.1000000117565,5480.8500000111735,5239.700000010296,5265.950000010392,5270.000000010406,5470.750000011137,5470.800000011137,5480.800000011173,5480.8500000111735,5637.050000011742,5641.1000000117565,18.100000000000122,215.00000000001464,27.650000000000258,0,140.39999999999768,0.25,0,21.999999999999996,207.99999999999218
J000859,2023-01-03/MMPL,MMPL,AMR_16,G24_2,WS_13_20,"[""109989"", ""110475"", ""138468""]",3,5243.3500000103095,5585.8500000115555,5497.150000011233,5243.3500000103095,5382.4500000108155,5386.50000001083,5487.050000011196,5487.100000011196,5497.100000011233,5497.150000011233,5581.800000011541,5585.8500000115555,18.100000000000122,159.8500000000021,22.000000000000178,0,142.2999999999981,0.25,0,62.0000000000006,120.00000000000152
J000860,2023-01-03/LARK,LARK,AMR_39,G27_10,WS_30_20,"[""107343"", ""112032""]",2,5245.500000010317,5455.950000011083,5420.1000000109525,5245.500000010317,5355.250000010717,5359.300000010731,5410.000000010916,5410.050000010916,5420.050000010952,5420.1000000109525,5451.900000011068,5455.950000011083,18.100000000000122,114.99999999999561,20.10000000000015,0,56.9999999999989,0.25,0,56.000000000000185,60.0000000000004
J000861,2023-01-03/KLGU,KLGU,AMR_02,G38_9,WS_2_20,"[""130011""]",1,5247.850000010326,5586.050000011556,5361.60000001074,5247.850000010326,5247.850000010326,5251.900000010341,5351.500000010703,5351.550000010703,5361.5500000107395,5361.60000001074,5582.0000000115415,5586.050000011556,18.100000000000122,193.65000000000978,15.250000000000082,0,110.99999999999584,0.2,0,0.0,227.9999999999928
J000862,2023-01-03/MMPL,MMPL,AMR_34,G3_8,WS_13_20,"[""107301"", ""134611""]",2,5252.550000010343,5517.500000011307,5404.900000010897,5252.550000010343,5329.600000010623,5333.650000010638,5394.8000000108605,5394.850000010861,5404.850000010897,5404.900000010897,5513.450000011292,5517.500000011307,18.100000000000122,156.00000000000122,19.100000000000136,0,71.49999999999808,0.25,0,82.00000000000126,100.00000000000118
J000863,2023-01-03/LARK,LARK,AMR_11,G35_10,WS_30_20,"[""112288"", ""123304""]",3,5258.650000010365,5379.850000010806,5338.4500000106555,5258.650000010365,5291.250000010484,5295.3000000104985,5328.350000010619,5328.400000010619,5338.400000010655,5338.4500000106555,5375.800000010791,5379.850000010806,18.100000000000122,75.94999999999783,13.300000000000054,0,13.600000000000058,0.25,0,16.0,64.00000000000031
J000864,2023-01-03/LARK,LARK,AMR_32,G27_2,WS_30_20,"[""101185"", ""110501""]",3,5267.700000010398,5486.3500000111935,5438.900000011021,5267.700000010398,5348.750000010693,5352.800000010708,5428.800000010984,5428.850000010984,5438.850000011021,5438.900000011021,5482.300000011179,5486.3500000111935,18.100000000000122,164.15000000000308,25.80000000000023,0,10.350000000000012,0.25,0,76.00000000000047,108.0000000000018
J000865,2023-01-03/SEBR,SEBR,AMR_36,G12_12,WS_25_20,"[""107328""]",1,5278.400000010437,5683.1500000119095,5507.750000011271,5278.400000010437,5374.150000010785,5378.2000000108,5497.650000011235,5497.700000011235,5507.700000011271,5507.750000011271,5679.100000011895,5683.1500000119095,18.100000000000122,151.9000000000003,22.000000000000178,0,212.50000000001407,0.25,0,60.00000000000064,108.00000000000057
J000866,2023-01-03/LARK,LARK,AMR_29,G15_12,WS_30_20,"[""110448"", ""111276""]",2,5284.75000001046,5492.000000011214,5362.150000010742,5284.75000001046,5284.75000001046,5288.800000010475,5352.050000010705,5352.100000010705,5362.1000000107415,5362.150000010742,5487.950000011199,5492.000000011214,18.100000000000122,100.79999999999642,10.450000000000014,0,77.69999999999773,0.2,0,0.0,104.0000000000002
J000867,2023-01-03/MMMR,MMMR,AMR_35,G27_9,WS_8_20,"[""107265""]",1,5291.350000010484,5666.75000001185,5519.000000011312,5291.350000010484,5315.350000010571,5319.400000010586,5508.900000011276,5508.950000011276,5518.950000011312,5519.000000011312,5662.700000011835,5666.75000001185,18.100000000000122,185.05000000000783,26.700000000000244,0,145.2999999999988,0.25,0,20.0,159.9999999999973
J000868,2023-01-03/MMMR,MMMR,AMR_15,G35_8,WS_8_20,"[""101202""]",1,5291.350000010484,5660.050000011825,5503.150000011255,5291.350000010484,5319.050000010585,5323.1000000106,5493.050000011218,5493.100000011218,5503.100000011254,5503.150000011255,5656.000000011811,5660.050000011825,18.100000000000122,187.45000000000837,22.90000000000019,0,139.99999999999758,0.25,0,20.0,167.99999999999656
J000869,2023-01-03/SEBR,SEBR,AMR_10,G29_7,WS_25_20,"[""110322""]",1,5294.650000010496,5482.400000011179,5391.400000010848,5294.650000010496,5294.650000010496,5298.700000010511,5381.300000010811,5381.3500000108115,5391.350000010848,5391.400000010848,5478.350000011164,5482.400000011179,18.100000000000122,78.54999999999768,9.55,0,81.34999999999752,0.2,0,0.0,76.00000000000071
J000870,2023-01-03/LARK,LARK,AMR_04,G26_2,WS_30_20,"[""107317"", ""110502""]",2,5301.800000010522,5575.500000011518,5527.550000011343,5301.800000010522,5439.700000011024,5443.7500000110385,5517.450000011307,5517.500000011307,5527.500000011343,5527.550000011343,5571.450000011503,5575.500000011518,18.100000000000122,171.15000000000467,23.900000000000205,0,60.29999999999871,0.25,0,96.00000000000139,96.0000000000013
J000871,2023-01-03/MMPL,MMPL,AMR_23,G0_11,WS_13_20,"[""107256"", ""112203""]",2,5321.650000010594,5632.950000011727,5577.400000011525,5321.650000010594,5361.850000010741,5365.900000010755,5567.300000011488,5567.350000011488,5577.350000011525,5577.400000011525,5628.900000011712,5632.950000011727,18.100000000000122,167.70000000000388,23.950000000000205,0,101.29999999999639,0.25,0,31.999999999999932,151.99999999999875
J000872,2023-01-03/SEBR,SEBR,AMR_22,G14_9,WS_25_20,"[""110227""]",1,5323.3500000106005,5766.650000012213,5576.250000011521,5323.3500000106005,5357.450000010725,5361.500000010739,5566.150000011484,5566.200000011484,5576.20000001152,5576.250000011521,5762.6000000121985,5766.650000012213,18.100000000000122,144.4999999999986,24.800000000000217,0,255.65000000002388,0.25,0,22.0,116.0000000000006
J000873,2023-01-03/MMTU,MMTU,AMR_27,G3_10,WS_19_20,"[""101024"", ""110255"", ""112392"", ""127627""]",4,5327.300000010615,5774.800000012243,5708.750000012003,5327.300000010615,5352.150000010705,5356.20000001072,5698.650000011966,5698.700000011966,5708.700000012002,5708.750000012003,5770.750000012228,5774.800000012243,18.100000000000122,159.30000000000197,21.950000000000177,0,247.90000000002212,0.25,0,19.999999999999996,140.0
J000874,2023-01-03/MMTU,MMTU,AMR_24,G6_13,WS_19_20,"[""110148"", ""110587"", ""120450""]",4,5327.300000010615,5739.850000012116,5547.700000011417,5327.300000010615,5465.550000011118,5469.600000011133,5537.60000001138,5537.65000001138,5547.6500000114165,5547.700000011417,5735.800000012101,5739.850000012116,18.100000000000122,130.09999999999533,19.150000000000137,0,244.95000000002145,0.25,0,56.00000000000077,88.00000000000102
J000875,2023-01-03/MMMR,MMMR,AMR_03,G29_8,WS_8_20,"[""110569""]",1,5328.950000010621,5674.600000011878,5483.400000011183,5328.950000010621,5328.950000010621,5333.000000010636,5473.300000011146,5473.350000011146,5483.350000011183,5483.400000011183,5670.550000011864,5674.600000011878,18.100000000000122,156.60000000000136,17.25000000000011,0,153.50000000000065,0.2,0,0.0,171.9999999999986
J000876,2023-01-03/MMTU,MMTU,AMR_05,G20_10,WS_19_20,"[""110284"", ""110504"", ""110583""]",3,5333.600000010638,5457.90000001109,5424.5000000109685,5333.600000010638,5333.600000010638,5337.650000010653,5414.400000010932,5414.450000010932,5424.450000010968,5424.5000000109685,5453.850000011075,5457.90000001109,18.100000000000122,55.249999999999,8.549999999999986,0,42.19999999999974,0.2,0,0.0,56.00000000000041
J000877,2023-01-03/MMTU,MMTU,AMR_13,G15_15,WS_19_20,"[""110596"", ""115988""]",2,5343.250000010673,5694.30000001195,5471.200000011138,5343.250000010673,5381.00000001081,5385.050000010825,5461.100000011102,5461.150000011102,5471.150000011138,5471.200000011138,5690.250000011935,5694.30000001195,18.100000000000122,80.94999999999754,12.400000000000041,0,239.35000000002017,0.25,0,40.00000000000021,44.00000000000003
J000878,2023-01-03/MMTU,MMTU,AMR_20,G29_10,WS_19_20,"[""101028"", ""110141"", ""110166""]",3,5348.400000010692,5788.850000012294,5441.45000001103,5348.400000010692,5348.400000010692,5352.450000010706,5431.350000010993,5431.400000010994,5441.40000001103,5441.45000001103,5784.800000012279,5788.850000012294,18.100000000000122,107.09999999999606,13.350000000000055,0,301.7000000000343,0.2,0,0.0,112.00000000000063
J000879,2023-01-03/LARK,LARK,AMR_19,G11_10,WS_30_20,"[""110526"", ""110590""]",2,5354.300000010713,5677.90000001189,5552.550000011434,5354.300000010713,5436.950000011014,5441.0000000110285,5542.450000011398,5542.500000011398,5552.500000011434,5552.550000011434,5673.850000011876,5677.90000001189,18.100000000000122,183.80000000000754,22.000000000000178,0,99.44999999999649,0.25,0,84.00000000000074,124.00000000000065
J000880,2023-01-03/SEBR,SEBR,AMR_06,G32_6,WS_25_20,"[""107168""]",1,5360.950000010737,5597.250000011597,5543.2000000114,5360.950000010737,5477.600000011162,5481.650000011176,5533.100000011364,5533.150000011364,5543.1500000114,5543.2000000114,5593.200000011582,5597.250000011597,18.100000000000122,185.60000000000795,21.950000000000177,0,10.400000000000013,0.25,0,130.00000000000213,92.00000000000063
J000881,2023-01-03/MMPL,MMPL,AMR_38,G26_10,WS_13_20,"[""110274"", ""112034""]",2,5363.2000000107455,5615.150000011662,5514.050000011294,5363.2000000107455,5384.150000010822,5388.200000010836,5503.9500000112575,5504.000000011258,5514.000000011294,5514.050000011294,5611.100000011647,5615.150000011662,18.100000000000122,121.44999999999524,21.900000000000176,0,90.24999999999702,0.25,0,14.0,104.00000000000043
J000882,2023-01-03/MMTU,MMTU,AMR_14,G0_15,WS_19_20,"[""101095"", ""110254"", ""110519""]",5,5375.200000010789,5763.950000012203,5691.700000011941,5375.200000010789,5398.350000010873,5402.400000010888,5681.600000011904,5681.650000011904,5691.65000001194,5691.700000011941,5759.900000012189,5763.950000012203,18.100000000000122,136.9499999999969,17.20000000000011,0,216.25000000001492,0.25,0,14.000000000000002,128.0000000000014
J000883,2023-01-03/SEBR,SEBR,AMR_11,G11_9,WS_25_20,"[""110316""]",1,5379.900000010806,5876.750000012614,5595.000000011589,5379.900000010806,5431.350000010993,5435.400000011008,5584.900000011552,5584.950000011552,5594.950000011589,5595.000000011589,5872.700000012599,5876.750000012614,18.100000000000122,192.50000000000952,20.05000000000015,0,265.9500000000262,0.25,0,58.000000000000526,155.99999999999943
J000884,2023-01-03/LARK,LARK,AMR_09,G14_2,WS_30_20,"[""109843"", ""109989""]",2,5387.150000010833,5740.90000001212,5586.650000011558,5387.150000010833,5440.850000011028,5444.900000011043,5576.550000011522,5576.600000011522,5586.600000011558,5586.650000011558,5736.850000012105,5740.90000001212,18.100000000000122,183.6000000000075,19.050000000000136,0,132.74999999999594,0.25,0,50.000000000000384,143.9999999999992
J000885,2023-01-03/SEBR,SEBR,AMR_17,G28_2,WS_25_20,"[""101333""]",1,5392.400000010852,5595.35000001159,5527.250000011342,5392.400000010852,5454.900000011079,5458.950000011094,5517.150000011306,5517.200000011306,5527.200000011342,5527.250000011342,5591.300000011575,5595.35000001159,18.100000000000122,127.89999999999488,15.300000000000082,0,41.399999999999785,0.25,0,58.0,92.0000000000011
J000886,2023-01-03/MMPL,MMPL,AMR_33,G6_2,WS_13_20,"[""111212"", ""134027""]",2,5393.250000010855,5643.8500000117665,5594.350000011586,5393.250000010855,5499.700000011242,5503.750000011257,5584.25000001155,5584.30000001155,5594.300000011586,5594.350000011586,5639.800000011752,5643.8500000117665,18.100000000000122,159.25000000000196,18.200000000000124,0,54.799999999999024,0.25,0,84.00000000000135,108.00000000000182
J000887,2023-01-03/LARK,LARK,AMR_21,G3_13,WS_30_20,"[""110291"", ""127405""]",2,5395.550000010863,5797.350000012325,5603.70000001162,5395.550000010863,5464.950000011116,5469.00000001113,5593.600000011584,5593.650000011584,5603.65000001162,5603.70000001162,5793.30000001231,5797.350000012325,18.100000000000122,199.20000000001104,19.100000000000136,0,165.1500000000033,0.25,0,56.00000000000051,147.99999999999886
J000888,2023-01-03/SEBR,SEBR,AMR_07,G8_12,WS_25_20,"[""112010""]",1,5400.25000001088,5788.200000012292,5610.850000011646,5400.25000001088,5437.050000011014,5441.100000011029,5600.75000001161,5600.80000001161,5610.800000011646,5610.850000011646,5784.150000012277,5788.200000012292,18.100000000000122,136.29999999999674,14.300000000000068,0,219.00000000001555,0.25,0,24.0,120.00000000000068
J000889,2023-01-03/MMPL,MMPL,AMR_28,G3_1,WS_13_20,"[""107290"", ""110198""]",2,5404.950000010897,5685.800000011919,5620.700000011682,5404.950000010897,5492.250000011215,5496.30000001123,5610.6000000116455,5610.650000011646,5620.650000011682,5620.700000011682,5681.750000011904,5685.800000011919,18.100000000000122,162.30000000000265,19.050000000000136,0,81.14999999999753,0.25,0,50.00000000000051,136.0000000000025
J000890,2023-01-03/LARK,LARK,AMR_18,G3_12,WS_30_20,"[""112013"", ""112040""]",4,5420.150000010953,5914.900000012753,5778.250000012255,5420.150000010953,5571.150000011502,5575.200000011517,5768.150000012219,5768.200000012219,5778.200000012255,5778.250000012255,5910.850000012738,5914.900000012753,18.100000000000122,240.4000000000204,30.6000000000003,0,205.40000000001245,0.25,0,98.00000000000223,175.999999999995
J000891,2023-01-03/MMTU,MMTU,AMR_01,G24_14,WS_19_20,"[""110362"", ""112432""]",2,5455.15000001108,5893.000000012673,5855.050000012535,5455.15000001108,5579.8000000115335,5583.850000011548,5844.950000012498,5845.000000012498,5855.000000012535,5855.050000012535,5888.950000012658,5893.000000012673,18.100000000000122,143.6499999999984,25.80000000000023,0,250.0500000000226,0.25,0,54.00000000000004,88.00000000000034
J000892,2023-01-03/LARK,LARK,AMR_39,G30_15,WS_30_20,"[""140089""]",1,5456.000000011083,5592.50000001158,5569.600000011496,5456.000000011083,5519.150000011313,5523.200000011328,5559.50000001146,5559.55000001146,5569.550000011496,5569.600000011496,5588.450000011565,5592.50000001158,18.100000000000122,66.09999999999839,13.350000000000055,0,38.69999999999994,0.25,0,28.0,32.0
J000893,2023-01-03/MMTU,MMTU,AMR_05,G18_10,WS_19_20,"[""110593"", ""112087""]",3,5457.95000001109,5756.950000012178,5514.450000011296,5457.95000001109,5464.3500000111135,5468.400000011128,5504.350000011259,5504.400000011259,5514.400000011296,5514.450000011296,5752.900000012163,5756.950000012178,18.100000000000122,80.29999999999758,16.300000000000097,0,184.0500000000076,0.25,0,4.0,76.00000000000057
J000894,2023-01-03/MMTU,MMTU,AMR_31,G17_13,WS_19_20,"[""110342"", ""110475""]",3,5471.250000011139,5799.500000012333,5748.350000012147,5471.250000011139,5519.6000000113145,5523.650000011329,5738.25000001211,5738.30000001211,5748.3000000121465,5748.350000012147,5795.450000012318,5799.500000012333,18.100000000000122,121.39999999999525,21.000000000000163,0,167.50000000000384,0.25,0,30.0,80.00000000000045
J000895,2023-01-03/MMPL,MMPL,AMR_32,G35_7,WS_13_20,"[""101281"", ""107274""]",3,5497.200000011233,5875.80000001261,5753.2500000121645,5497.200000011233,5529.200000011349,5533.250000011364,5743.150000012128,5743.200000012128,5753.200000012164,5753.2500000121645,5871.750000012596,5875.80000001261,18.100000000000122,166.75000000000367,21.950000000000177,0,171.55000000000476,0.25,0,26.000000000000007,155.99999999999685
J000896,2023-01-03/SEBR,SEBR,AMR_29,G24_8,WS_25_20,"[""101076""]",1,5507.800000011272,5868.050000012582,5781.450000012267,5507.800000011272,5723.550000012056,5727.600000012071,5771.35000001223,5771.4000000122305,5781.400000012267,5781.450000012267,5864.000000012567,5868.050000012582,18.100000000000122,169.65000000000433,32.600000000000286,0,139.6499999999975,0.25,0,98.00000000000097,72.0000000000002
J000897,2023-01-03/KLGU,KLGU,AMR_30,G38_8,WS_2_20,"[""110374""]",1,5512.700000011289,5817.050000012397,5708.500000012002,5512.700000011289,5512.700000011289,5516.750000011304,5698.400000011965,5698.450000011965,5708.4500000120015,5708.500000012002,5813.000000012382,5817.050000012397,18.100000000000122,180.75000000000685,15.250000000000082,0,90.04999999999703,0.2,0,0.0,231.99999999998832
J000898,2023-01-03/MMPL,MMPL,AMR_10,G14_15,WS_13_20,"[""110179""]",1,5514.1000000112945,5857.300000012543,5831.950000012451,5514.1000000112945,5792.700000012308,5796.750000012323,5821.850000012414,5821.900000012414,5831.900000012451,5831.950000012451,5853.250000012528,5857.300000012543,18.100000000000122,131.99999999999577,45.39999999999956,0,147.44999999999928,0.25,0,90.00000000000001,32.0
J000899,2023-01-03/MMTU,MMTU,AMR_34,G11_12,WS_19_20,"[""110492"", ""111362""]",2,5517.550000011307,5780.950000012265,5731.400000012085,5517.550000011307,5545.400000011408,5549.450000011423,5721.300000012048,5721.350000012048,5731.350000012085,5731.400000012085,5776.9000000122505,5780.950000012265,18.100000000000122,98.34999999999656,15.300000000000082,0,131.39999999999563,0.25,0,24.0,80.00000000000063
J000900,2023-01-03/MMST,MMST,AMR_26,G12_2,WS_8_20,"[""110231"", ""110390"", ""125413""]",3,5537.900000011381,5964.000000012931,5887.100000012651,5537.900000011381,5832.650000012453,5836.700000012468,5877.000000012615,5877.050000012615,5887.050000012651,5887.100000012651,5959.9500000129165,5964.000000012931,18.100000000000122,257.7000000000243,33.40000000000024,0,116.64999999999552,0.25,0,163.99999999999756,128.00000000000261
J000901,2023-01-03/MMST,MMST,AMR_40,G12_10,WS_8_20,"[""101302"", ""110395""]",2,5559.2000000114585,5722.350000012052,5679.600000011897,5559.2000000114585,5630.600000011718,5634.650000011733,5669.50000001186,5669.55000001186,5679.550000011896,5679.600000011897,5718.300000012037,5722.350000012052,18.100000000000122,110.49999999999586,18.100000000000122,0,16.200000000000095,0.25,0,50.00000000000044,68.0000000000006
J000902,2023-01-03/MMST,MMST,AMR_04,G20_10,WS_8_20,"[""110284"", ""110417""]",2,5575.550000011518,5864.150000012568,5777.4500000122525,5575.550000011518,5610.0500000116435,5614.100000011658,5767.350000012216,5767.400000012216,5777.400000012252,5777.4500000122525,5860.100000012553,5864.150000012568,18.100000000000122,131.64999999999569,20.00000000000015,0,118.5999999999954,0.25,0,31.999999999999982,104.00000000000097
J000903,2023-01-03/LARK,LARK,AMR_16,G35_14,WS_30_20,"[""110262""]",2,5585.900000011556,5730.200000012081,5696.650000011959,5585.900000011556,5645.700000011773,5649.750000011788,5686.550000011922,5686.600000011922,5696.600000011958,5696.650000011959,5726.150000012066,5730.200000012081,18.100000000000122,96.59999999999665,18.150000000000123,0,11.200000000000024,0.25,0,54.00000000000041,48.000000000000114
J000904,2023-01-03/SEBR,SEBR,AMR_02,G26_2,WS_25_20,"[""107317""]",1,5586.100000011556,5755.650000012173,5701.050000011975,5586.100000011556,5631.950000011723,5636.000000011738,5690.950000011938,5691.000000011938,5701.000000011974,5701.050000011975,5751.6000000121585,5755.650000012173,18.100000000000122,122.89999999999516,15.300000000000082,0,13.00000000000005,0.25,0,38.0,104.00000000000122
J000905,2023-01-03/MMST,MMST,AMR_39,G5_2,WS_8_20,"[""110475"", ""110492""]",2,5592.55000001158,5796.4000000123215,5747.250000012143,5592.55000001158,5681.350000011903,5685.400000011918,5737.150000012106,5737.200000012106,5747.2000000121425,5747.250000012143,5792.350000012307,5796.4000000123215,18.100000000000122,149.6999999999998,15.250000000000082,0,20.550000000000157,0.25,0,84.00000000000138,100.00000000000149
J000906,2023-01-03/MMPL,MMPL,AMR_17,G28_2,WS_13_20,"[""110200"", ""112053""]",2,5595.40000001159,5942.800000012854,5770.350000012227,5595.40000001159,5595.40000001159,5599.450000011605,5760.25000001219,5760.30000001219,5770.3000000122265,5770.350000012227,5938.750000012839,5942.800000012854,18.100000000000122,132.24999999999582,11.450000000000028,0,185.4000000000079,0.2,0,0.0,136.00000000000014
J000907,2023-01-03/LARK,LARK,AMR_06,G36_13,WS_30_20,"[""112059""]",1,5597.300000011597,5718.3500000120375,5679.550000011896,5597.300000011597,5631.400000011721,5635.450000011736,5669.45000001186,5669.50000001186,5679.500000011896,5679.550000011896,5714.300000012023,5718.3500000120375,18.100000000000122,84.99999999999731,15.300000000000082,0,2.3999999999999995,0.25,0,30.0,64.00000000000013
J000908,2023-01-03/SEBR,SEBR,AMR_37,G17_10,WS_25_20,"[""118518""]",1,5599.750000011606,5847.350000012507,5732.950000012091,5599.750000011606,5599.750000011606,5603.800000011621,5722.850000012054,5722.900000012054,5732.9000000120905,5732.950000012091,5843.300000012492,5847.350000012507,18.100000000000122,91.59999999999694,13.350000000000055,0,124.34999999999508,0.2,0,0.0,87.99999999999997
J000909,2023-01-03/LARK,LARK,AMR_38,G35_12,WS_30_20,"[""110592""]",1,5615.200000011662,5749.800000012152,5713.700000012021,5615.200000011662,5646.550000011776,5650.600000011791,5703.600000011984,5703.650000011984,5713.65000001202,5713.700000012021,5745.750000012137,5749.800000012152,18.100000000000122,78.94999999999766,12.400000000000041,0,24.90000000000022,0.25,0,22.0,56.00000000000023
J000910,2023-01-03/MMPL,MMPL,AMR_23,G11_15,WS_13_20,"[""110542""]",1,5633.000000011727,5738.25000001211,5715.150000012026,5633.000000011727,5669.300000011859,5673.350000011874,5705.050000011989,5705.100000011989,5715.100000012026,5715.150000012026,5734.200000012095,5738.25000001211,18.100000000000122,67.99999999999828,12.400000000000041,0,6.499999999999985,0.25,0,33.99999999999997,36.0
J000911,2023-01-03/SEBR,SEBR,AMR_08,G35_9,WS_25_20,"[""125547""]",1,5641.150000011757,5774.450000012242,5717.000000012033,5641.150000011757,5641.150000011757,5645.200000011771,5706.900000011996,5706.950000011996,5716.950000012032,5717.000000012033,5770.400000012227,5774.450000012242,18.100000000000122,85.39999999999729,11.450000000000028,0,18.150000000000123,0.2,0,0.0,92.00000000000047
J000912,2023-01-03/MMST,MMST,AMR_33,G0_11,WS_8_20,"[""101297"", ""112203""]",2,5643.900000011767,5769.850000012225,5731.100000012084,5643.900000011767,5674.9000000118795,5678.950000011894,5721.000000012047,5721.050000012047,5731.050000012084,5731.100000012084,5765.80000001221,5769.850000012225,18.100000000000122,92.69999999999688,13.350000000000055,0,1.5500000000000007,0.25,0,29.999999999999932,76.00000000000058
J000913,2023-01-03/LARK,LARK,AMR_15,G23_12,WS_30_20,"[""111999""]",1,5660.100000011826,5836.250000012466,5760.500000012191,5660.100000011826,5694.35000001195,5698.400000011965,5750.400000012154,5750.450000012154,5760.450000012191,5760.500000012191,5832.200000012452,5836.250000012466,18.100000000000122,101.39999999999638,15.300000000000082,0,41.0999999999998,0.25,0,32.0,76.0
J000914,2023-01-03/MMPL,MMPL,AMR_35,G14_14,WS_13_20,"[""110603""]",1,5666.80000001185,5841.050000012484,5792.600000012308,5666.80000001185,5749.15000001215,5753.200000012164,5782.500000012271,5782.550000012271,5792.5500000123075,5792.600000012308,5837.000000012469,5841.050000012484,18.100000000000122,109.9999999999959,19.150000000000137,0,26.750000000000245,0.25,0,80.00000000000128,40.00000000000004
J000915,2023-01-03/SEBR,SEBR,AMR_03,G35_8,WS_25_20,"[""101067""]",1,5674.650000011879,5899.850000012698,5801.40000001234,5674.650000011879,5713.000000012018,5717.050000012033,5791.300000012303,5791.350000012303,5801.3500000123395,5801.40000001234,5895.800000012683,5899.850000012698,18.100000000000122,119.84999999999533,15.300000000000082,0,71.69999999999807,0.25,0,36.0,96.00000000000058
J000916,2023-01-03/MMTU,MMTU,AMR_19,G26_10,WS_19_20,"[""110274"", ""124403""]",2,5677.950000011891,5886.8500000126505,5818.450000012402,5677.950000011891,5768.50000001222,5772.550000012235,5808.350000012365,5808.400000012365,5818.4000000124015,5818.450000012402,5882.800000012636,5886.8500000126505,18.100000000000122,133.24999999999605,17.15000000000011,0,40.14999999999986,0.25,0,74.00000000000057,72.00000000000023
J000917,2023-01-03/MMST,MMST,AMR_36,G9_15,WS_8_20,"[""110306""]",1,5683.20000001191,5820.300000012408,5793.450000012311,5683.20000001191,5739.450000012114,5743.500000012129,5783.350000012274,5783.400000012274,5793.400000012311,5793.450000012311,5816.250000012394,5820.300000012408,18.100000000000122,65.9999999999984,13.300000000000054,0,39.449999999999896,0.25,0,24.0,35.99999999999997
J000918,2023-01-03/LARK,LARK,AMR_28,G38_13,WS_30_20,"[""101135""]",1,5685.850000011919,5877.200000012615,5828.600000012439,5685.850000011919,5780.450000012263,5784.500000012278,5818.500000012402,5818.550000012402,5828.550000012438,5828.600000012439,5873.150000012601,5877.200000012615,18.100000000000122,140.19999999999763,18.150000000000123,0,14.650000000000073,0.25,0,98.00000000000064,64.00000000000013
J000919,2023-01-03/MMPL,MMPL,AMR_13,G29_8,WS_13_20,"[""110511"", ""113201""]",2,5694.35000001195,5988.850000013022,5926.950000012796,5694.35000001195,5786.950000012287,5791.000000012302,5916.85000001276,5916.90000001276,5926.900000012796,5926.950000012796,5984.800000013007,5988.850000013022,18.100000000000122,176.50000000000588,24.850000000000218,0,74.7999999999979,0.25,0,70.0000000000008,120.00000000000082
J000920,2023-01-03/KPBR,KPBR,AMR_06,G33_13,WS_2_20,"[""112432"", ""124208""]",2,5718.400000012038,6142.900000013582,5963.350000012929,5718.400000012038,5750.900000012156,5754.950000012171,5953.250000012892,5953.300000012892,5963.300000012929,5963.350000012929,6138.850000013567,6142.900000013582,18.100000000000122,221.95000000001622,28.650000000000272,0,155.55000000000112,0.25,0,22.0,215.99999999999218
J000921,2023-01-03/KPBR,KPBR,AMR_40,G5_8,WS_2_20,"[""112004""]",1,5722.400000012052,5836.350000012467,5797.250000012325,5722.400000012052,5751.800000012159,5755.850000012174,5787.150000012288,5787.200000012288,5797.200000012324,5797.250000012325,5832.300000012452,5836.350000012467,18.100000000000122,79.9999999999976,12.450000000000042,0,3.149999999999997,0.25,0,26.000000000000014,64.0000000000006
J000922,2023-01-03/KPBR,KPBR,AMR_16,G6_7,WS_2_20,"[""125181""]",1,5730.250000012081,6149.000000013604,6098.150000013419,5730.250000012081,5974.65000001297,5978.700000012985,6088.0500000133825,6088.100000013383,6098.100000013419,6098.150000013419,6144.9500000135895,6149.000000013604,18.100000000000122,216.40000000001496,34.50000000000018,0,149.49999999999974,0.25,0,144.00000000000162,92.00000000000114
J000923,2023-01-03/SEBR,SEBR,AMR_23,G24_2,WS_25_20,"[""138468""]",1,5738.30000001211,5964.600000012933,5872.300000012598,5738.30000001211,5810.000000012371,5814.050000012386,5862.200000012561,5862.250000012561,5872.250000012597,5872.300000012598,5960.550000012919,5964.600000012933,18.100000000000122,139.44999999999746,15.200000000000081,0,53.29999999999911,0.25,0,68.0000000000005,92.00000000000107
J000924,2023-01-03/MMTU,MMTU,AMR_24,G6_12,WS_19_20,"[""110283"", ""113197""]",2,5739.900000012116,5921.800000012778,5872.100000012597,5739.900000012116,5744.150000012131,5748.200000012146,5862.00000001256,5862.05000001256,5872.050000012597,5872.100000012597,5917.750000012763,5921.800000012778,18.100000000000122,95.14999999999674,10.450000000000014,0,57.949999999998845,0.25,0,2.0,96.00000000000114
J000925,2023-01-03/LARK,LARK,AMR_09,G29_9,WS_30_20,"[""110520""]",2,5740.95000001212,5907.550000012726,5845.700000012501,5740.95000001212,5781.900000012269,5785.950000012283,5835.600000012464,5835.650000012464,5845.650000012501,5845.700000012501,5903.500000012711,5907.550000012726,18.100000000000122,101.64999999999637,16.250000000000096,0,30.350000000000296,0.25,0,44.00000000000037,64.0000000000005
J000926,2023-01-03/MMST,MMST,AMR_38,G8_14,WS_8_20,"[""110193""]",1,5749.850000012152,6118.500000013493,5970.550000012955,5749.850000012152,5908.300000012729,5912.350000012743,5960.450000012918,5960.5000000129185,5970.500000012955,5970.550000012955,6114.4500000134785,6118.500000013493,18.100000000000122,148.94999999999962,20.950000000000163,0,180.40000000000677,0.25,0,90.00000000000074,64.00000000000047
J000927,2023-01-03/KPBR,KPBR,AMR_02,G12_10,WS_2_20,"[""110444""]",1,5755.700000012173,6065.950000013302,5946.000000012866,5755.700000012173,5878.300000012619,5882.350000012634,5935.900000012829,5935.950000012829,5945.9500000128655,5946.000000012866,6061.900000013287,6065.950000013302,18.100000000000122,135.39999999999654,16.250000000000096,0,140.24999999999764,0.25,0,68.00000000000048,84.00000000000091
J000928,2023-01-03/SEBR,SEBR,AMR_05,G34_2,WS_25_20,"[""101273""]",1,5757.000000012178,5985.400000013009,5888.050000012655,5757.000000012178,5805.800000012356,5809.85000001237,5877.950000012618,5878.000000012618,5888.000000012655,5888.050000012655,5981.350000012994,5985.400000013009,18.100000000000122,142.04999999999805,13.350000000000055,0,54.64999999999903,0.25,0,48.0,116.00000000000102
J000929,2023-01-03/MMTU,MMTU,AMR_14,G3_9,WS_19_20,"[""110218"", ""112367""]",2,5764.000000012204,5976.250000012976,5906.200000012721,5764.000000012204,5791.750000012305,5795.800000012319,5896.100000012684,5896.150000012684,5906.150000012721,5906.200000012721,5972.200000012961,5976.250000012976,18.100000000000122,130.69999999999547,16.200000000000095,0,46.99999999999947,0.25,0,21.999999999999968,116.0000000000016
J000930,2023-01-03/LARK,LARK,AMR_22,G32_9,WS_30_20,"[""110462""]",1,5766.700000012213,5941.350000012849,5905.050000012717,5766.700000012213,5855.750000012537,5859.800000012552,5894.95000001268,5895.00000001268,5905.000000012717,5905.050000012717,5937.300000012834,5941.350000012849,18.100000000000122,97.24999999999662,15.300000000000082,0,43.74999999999965,0.25,0,48.00000000000004,60.0000000000005
J000931,2023-01-03/MMPL,MMPL,AMR_33,G26_2,WS_13_20,"[""107310"", ""107317"", ""110336"", ""110502""]",4,5769.900000012225,6104.5500000134425,5978.250000012983,5769.900000012225,5866.700000012577,5870.750000012592,5968.150000012946,5968.2000000129465,5978.200000012983,5978.250000012983,6100.500000013428,6104.5500000134425,18.100000000000122,186.15000000000808,21.000000000000163,0,109.14999999999594,0.25,0,82.00000000000074,128.00000000000122
J000932,2023-01-03/MMST,MMST,AMR_08,G14_9,WS_8_20,"[""107412"", ""112045"", ""124210""]",3,5774.500000012242,6132.050000013543,5994.750000013043,5774.500000012242,5943.400000012856,5947.450000012871,5984.650000013006,5984.7000000130065,5994.700000013043,5994.750000013043,6128.000000013528,6132.050000013543,18.100000000000122,197.85000000001074,24.850000000000218,0,116.49999999999552,0.25,0,149.9999999999999,76.00000000000097
J000933,2023-01-03/KPBR,KPBR,AMR_27,G18_10,WS_2_20,"[""107334"", ""112087""]",2,5774.850000012243,5963.950000012931,5890.800000012665,5774.850000012243,5813.550000012384,5817.600000012399,5880.700000012628,5880.750000012628,5890.750000012665,5890.800000012665,5959.900000012916,5963.950000012931,18.100000000000122,117.99999999999544,13.400000000000055,0,39.3499999999999,0.25,0,34.0,108.00000000000176
J000934,2023-01-03/SEBR,SEBR,AMR_25,G8_7,WS_25_20,"[""107344""]",1,5777.4500000122525,6449.050000014696,6276.450000014068,5777.4500000122525,5967.950000012946,5972.00000001296,6266.350000014031,6266.400000014031,6276.400000014068,6276.450000014068,6445.000000014681,6449.050000014696,18.100000000000122,296.10000000003305,40.29999999999985,0,316.85000000003777,0.25,0,134.00000000000173,187.99999999999736
J000935,2023-01-03/LARK,LARK,AMR_34,G26_9,WS_30_20,"[""107380""]",3,5781.000000012265,5960.95000001292,5922.150000012779,5781.000000012265,5851.500000012522,5855.550000012537,5912.050000012742,5912.100000012742,5922.100000012779,5922.150000012779,5956.900000012905,5960.95000001292,18.100000000000122,101.24999999999639,15.250000000000082,0,45.099999999999575,0.25,0,36.00000000000003,76.0000000000006
J000936,2023-01-03/MMTU,MMTU,AMR_07,G20_14,WS_19_20,"[""110328""]",1,5788.250000012292,5936.550000012831,5889.150000012659,5788.250000012292,5829.300000012441,5833.350000012456,5879.050000012622,5879.100000012622,5889.100000012659,5889.150000012659,5932.500000012817,5936.550000012831,18.100000000000122,72.59999999999802,13.350000000000055,0,43.99999999999964,0.25,0,32.0,40.00000000000004
J000937,2023-01-03/MMPL,MMPL,AMR_20,G29_10,WS_13_20,"[""101028"", ""110186""]",2,5788.900000012294,5999.850000013062,5944.150000012859,5788.900000012294,5788.900000012294,5792.950000012309,5934.050000012822,5934.100000012822,5944.100000012859,5944.150000012859,5995.800000013047,5999.850000013062,18.100000000000122,100.39999999999644,9.5,0,82.74999999999744,0.2,0,0.0,108.0000000000006
J000938,2023-01-03/MMST,MMST,AMR_39,G11_14,WS_8_20,"[""110151""]",1,5796.450000012322,5936.30000001283,5902.900000012709,5796.450000012322,5847.2500000125065,5851.300000012521,5892.800000012672,5892.850000012672,5902.850000012709,5902.900000012709,5932.250000012816,5936.30000001283,18.100000000000122,82.89999999999743,12.400000000000041,0,26.200000000000237,0.25,0,48.0000000000005,44.00000000000021
J000939,2023-01-03/KPBR,KPBR,AMR_21,G0_15,WS_2_20,"[""110519""]",1,5797.400000012325,5896.900000012687,5873.6500000126025,5797.400000012325,5833.350000012456,5837.400000012471,5863.550000012566,5863.600000012566,5873.600000012602,5873.6500000126025,5892.850000012672,5896.900000012687,18.100000000000122,54.14999999999906,12.450000000000042,0,14.550000000000072,0.25,0,17.99999999999995,36.0
J000940,2023-01-03/SEBR,SEBR,AMR_31,G6_10,WS_25_20,"[""107293""]",1,5799.550000012333,6089.350000013387,5993.550000013039,5799.550000012333,5882.650000012635,5886.70000001265,5983.450000013002,5983.500000013002,5993.5000000130385,5993.550000013039,6085.3000000133725,6089.350000013387,18.100000000000122,139.2499999999974,14.300000000000068,0,117.89999999999544,0.25,0,28.000000000000032,124.00000000000094
J000941,2023-01-03/LARK,LARK,AMR_30,G0_11,WS_30_20,"[""110534"", ""138355""]",3,5817.100000012397,6505.3000000149,6416.600000014578,5817.100000012397,6172.050000013688,6176.100000013703,6406.500000014541,6406.550000014541,6416.550000014578,6416.600000014578,6501.250000014886,6505.3000000149,18.100000000000122,312.1500000000367,32.450000000000294,0,325.2500000000397,0.25,0,137.99999999999991,195.99999999999312
J000942,2023-01-03/MMTU,MMTU,AMR_36,G24_12,WS_19_20,"[""111285""]",1,5820.350000012409,6001.100000013066,5962.1500000129245,5820.350000012409,5898.4000000126925,5902.450000012707,5952.050000012888,5952.100000012888,5962.100000012924,5962.1500000129245,5997.050000013051,6001.100000013066,18.100000000000122,104.94999999999618,14.300000000000068,0,43.149999999999686,0.25,0,44.000000000000114,64.0000000000003
J000943,2023-01-03/MMPL,MMPL,AMR_15,G35_9,WS_13_20,"[""101318"", ""107159""]",2,5836.300000012467,6136.90000001356,6063.800000013294,5836.300000012467,5969.25000001295,5973.300000012965,6053.7000000132575,6053.750000013258,6063.750000013294,6063.800000013294,6132.8500000135455,6136.90000001356,18.100000000000122,166.30000000000356,19.100000000000136,0,96.84999999999664,0.25,0,58.00000000000037,136.00000000000077
J000944,2023-01-03/MMST,MMST,AMR_40,G5_14,WS_8_20,"[""107204""]",1,5836.400000012467,5949.700000012879,5918.850000012767,5836.400000012467,5856.300000012539,5860.350000012554,5908.75000001273,5908.80000001273,5918.800000012767,5918.850000012767,5945.650000012864,5949.700000012879,18.100000000000122,67.09999999999833,13.400000000000055,0,14.45000000000007,0.25,0,16.0,52.00000000000013
J000945,2023-01-03/SEBR,SEBR,AMR_35,G38_8,WS_25_20,"[""110374""]",1,5841.100000012484,6115.350000013482,6050.850000013247,5841.100000012484,5978.000000012982,5982.050000012997,6040.75000001321,6040.800000013211,6050.800000013247,6050.850000013247,6111.300000013467,6115.350000013482,18.100000000000122,193.80000000000982,26.750000000000245,0,35.35000000000013,0.25,0,108.00000000000074,108.00000000000044
J000946,2023-01-03/LARK,LARK,AMR_37,G17_10,WS_30_20,"[""107232"", ""110419"", ""110555""]",3,5847.400000012507,6026.400000013158,5970.000000012953,5847.400000012507,5847.400000012507,5851.450000012522,5959.900000012916,5959.9500000129165,5969.950000012953,5970.000000012953,6022.3500000131435,6026.400000013158,18.100000000000122,90.14999999999702,10.500000000000014,0,60.049999999998725,0.2,0,0.0,104.00000000000043
J000947,2023-01-03/MMTU,MMTU,AMR_10,G14_15,WS_19_20,"[""107224""]",1,5857.350000012543,5950.650000012883,5923.250000012783,5857.350000012543,5857.350000012543,5861.400000012558,5913.150000012746,5913.200000012746,5923.200000012783,5923.250000012783,5946.600000012868,5950.650000012883,18.100000000000122,45.89999999999953,7.649999999999981,0,21.45000000000017,0.2,0,0.0,48.00000000000014
J000948,2023-01-03/MMPL,MMPL,AMR_04,G15_15,WS_13_20,"[""110513""]",1,5864.200000012568,6010.5000000131,5961.200000012921,5864.200000012568,5909.200000012732,5913.250000012747,5951.100000012884,5951.150000012884,5961.150000012921,5961.200000012921,6006.450000013086,6010.5000000131,18.100000000000122,65.9999999999984,12.400000000000041,0,49.54999999999932,0.25,0,28.0,32.0
J000949,2023-01-03/LARK,LARK,AMR_29,G35_15,WS_30_20,"[""107285""]",1,5868.100000012582,5982.650000012999,5952.70000001289,5868.100000012582,5914.450000012751,5918.500000012766,5942.600000012853,5942.6500000128535,5952.65000001289,5952.70000001289,5978.600000012984,5982.650000012999,18.100000000000122,77.14999999999776,12.450000000000042,0,6.5999999999999845,0.25,0,40.0,44.00000000000003
J000950,2023-01-03/KPBR,KPBR,AMR_32,G3_10,WS_2_20,"[""110561""]",1,5875.8500000126105,6065.950000013302,6034.900000013189,5875.8500000126105,5963.050000012928,5967.1000000129425,6024.800000013152,6024.850000013153,6034.850000013189,6034.900000013189,6061.900000013287,6065.950000013302,18.100000000000122,116.04999999999555,12.400000000000041,0,43.29999999999968,0.25,0,86.00000000000138,52.0000000000004
J000951,2023-01-03/SEBR,SEBR,AMR_11,G38_2,WS_25_20,"[""112404""]",1,5876.800000012614,6104.500000013442,6035.0000000131895,5876.800000012614,5958.05000001291,5962.100000012924,6024.900000013153,6024.950000013153,6034.950000013189,6035.0000000131895,6100.450000013428,6104.500000013442,18.100000000000122,181.55000000000703,18.150000000000123,0,9.650000000000002,0.25,0,83.99999999999999,147.99999999999835
J000952,2023-01-03/MMTU,MMTU,AMR_28,G11_13,WS_19_20,"[""110289""]",1,5877.250000012616,6230.600000013901,6113.550000013475,5877.250000012616,6008.000000013091,6012.050000013106,6103.4500000134385,6103.500000013439,6113.500000013475,6113.550000013475,6226.550000013886,6230.600000013901,18.100000000000122,155.9000000000012,19.100000000000136,0,160.00000000000213,0.25,0,86.0000000000006,76.00000000000051
J000953,2023-01-03/MMST,MMST,AMR_12,G5_10,WS_8_20,"[""101296"", ""110166"", ""110194"", ""110597""]",4,5883.95000001264,6009.400000013096,5954.350000012896,5883.95000001264,5883.95000001264,5888.000000012655,5944.250000012859,5944.3000000128595,5954.300000012896,5954.350000012896,6005.350000013082,6009.400000013096,18.100000000000122,65.8499999999984,8.549999999999986,0,32.75000000000028,0.2,0,0.0,68.00000000000037
J000954,2023-01-03/MMPL,MMPL,AMR_19,G9_14,WS_13_20,"[""111238""]",1,5886.900000012651,6610.550000015283,6572.250000015144,5886.900000012651,6486.500000014832,6490.550000014847,6562.150000015107,6562.200000015107,6572.200000015144,6572.250000015144,6606.500000015269,6610.550000015283,18.100000000000122,292.50000000003223,44.89999999999959,0,367.9000000000494,0.25,0,233.9999999999942,48.000000000000156
J000955,2023-01-03/KPBR,KPBR,AMR_01,G15_10,WS_2_20,"[""110313""]",1,5893.050000012673,6168.700000013676,6115.200000013481,5893.050000012673,5962.450000012926,5966.50000001294,6105.1000000134445,6105.150000013445,6115.150000013481,6115.200000013481,6164.650000013661,6168.700000013676,18.100000000000122,138.2999999999972,16.200000000000095,0,102.7999999999963,0.25,0,50.00000000000027,96.00000000000142
J000956,2023-01-03/SEBR,SEBR,AMR_21,G6_6,WS_25_20,"[""124795""]",1,5896.950000012687,6311.100000014194,6160.400000013646,5896.950000012687,5946.600000012868,5950.650000012883,6150.300000013609,6150.350000013609,6160.3500000136455,6160.400000013646,6307.050000014179,6311.100000014194,18.100000000000122,159.95000000000212,16.200000000000095,0,219.6500000000157,0.25,0,34.00000000000003,143.9999999999993
J000957,2023-01-03/MMTU,MMTU,AMR_03,G18_9,WS_19_20,"[""122645""]",1,5899.900000012698,6074.700000013334,6015.300000013118,5899.900000012698,5947.500000012871,5951.550000012886,6005.200000013081,6005.250000013081,6015.250000013118,6015.300000013118,6070.650000013319,6074.700000013334,18.100000000000122,97.94999999999658,15.300000000000082,0,43.19999999999968,0.25,0,44.00000000000004,60.0000000000005
J000958,2023-01-03/LARK,LARK,AMR_09,G11_9,WS_30_20,"[""107130"", ""112086""]",3,5907.600000012726,6206.550000013814,6114.050000013477,5907.600000012726,5995.900000013047,5999.950000013062,6103.95000001344,6104.0000000134405,6114.000000013477,6114.050000013477,6202.500000013799,6206.550000013814,18.100000000000122,173.70000000000525,17.20000000000011,0,89.69999999999705,0.25,0,48.0000000000002,136.00000000000034
J000959,2023-01-03/MMST,MMST,AMR_18,G8_13,WS_8_20,"[""110234""]",1,5914.950000012753,6175.3500000137,6116.850000013487,5914.950000012753,5944.150000012859,5948.200000012874,6106.7500000134505,6106.800000013451,6116.800000013487,6116.850000013487,6171.300000013685,6175.3500000137,18.100000000000122,73.29999999999798,13.350000000000055,0,155.40000000000109,0.25,0,16.0,48.0000000000001
J000960,2023-01-03/MMTU,MMTU,AMR_24,G14_10,WS_19_20,"[""112292""]",2,5921.850000012778,6121.000000013502,6079.550000013352,5921.850000012778,6008.100000013092,6012.150000013106,6069.450000013315,6069.500000013315,6079.500000013351,6079.550000013352,6116.950000013488,6121.000000013502,18.100000000000122,108.79999999999596,15.200000000000081,0,56.79999999999891,0.25,0,36.00000000000003,72.00000000000045
J000961,2023-01-03/LARK,LARK,AMR_39,G33_8,WS_30_20,"[""110522""]",1,5936.350000012831,6262.250000014016,6219.35000001386,5936.350000012831,6168.450000013675,6172.50000001369,6209.250000013823,6209.300000013824,6219.30000001386,6219.35000001386,6258.2000000140015,6262.250000014016,18.100000000000122,152.70000000000047,22.90000000000019,0,131.94999999999575,0.25,0,92.00000000000053,72.00000000000067
J000962,2023-01-03/MMST,MMST,AMR_07,G14_14,WS_8_20,"[""110603""]",2,5936.6000000128315,6229.200000013896,6057.15000001327,5936.6000000128315,5978.400000012984,5982.450000012998,6047.050000013233,6047.1000000132335,6057.10000001327,6057.15000001327,6225.150000013881,6229.200000013896,18.100000000000122,101.0999999999964,19.100000000000136,0,154.05000000000078,0.25,0,28.0,60.00000000000013
J000963,2023-01-03/MMTU,MMTU,AMR_22,G3_12,WS_19_20,"[""110305"", ""115591""]",2,5941.400000012849,6305.600000014174,6165.250000013663,5941.400000012849,6030.400000013173,6034.4500000131875,6155.150000013627,6155.200000013627,6165.200000013663,6165.250000013663,6301.550000014159,6305.600000014174,18.100000000000122,172.35000000000494,17.20000000000011,0,156.3000000000013,0.25,0,96.00000000000203,104.00000000000115
J000964,2023-01-03/MMPL,MMPL,AMR_17,G20_15,WS_13_20,"[""107094""]",1,5942.850000012854,6089.000000013386,6036.6500000131955,5942.850000012854,5996.300000013049,6000.350000013063,6026.550000013159,6026.600000013159,6036.600000013195,6036.6500000131955,6084.950000013371,6089.000000013386,18.100000000000122,87.89999999999715,11.450000000000028,0,28.45000000000027,0.25,0,46.0000000000004,52.00000000000007
J000965,2023-01-03/KPBR,KPBR,AMR_40,G18_13,WS_2_20,"[""110178""]",1,5949.750000012879,6280.650000014083,6166.550000013668,5949.750000012879,6091.200000013394,6095.250000013409,6156.450000013631,6156.5000000136315,6166.500000013668,6166.550000013668,6276.600000014068,6280.650000014083,18.100000000000122,179.6500000000066,23.050000000000193,0,109.8499999999959,0.25,0,100.00000000000227,104.00000000000082
J000966,2023-01-03/SEBR,SEBR,AMR_10,G0_15,WS_25_20,"[""110519""]",1,5950.700000012883,6445.600000014683,6308.250000014184,5950.700000012883,6165.750000013665,6169.80000001368,6298.150000014147,6298.200000014147,6308.200000014183,6308.250000014184,6441.5500000146685,6445.600000014683,18.100000000000122,218.55000000001544,24.850000000000218,0,233.15000000001876,0.25,0,84.00000000000081,143.99999999999926
J000967,2023-01-03/LARK,LARK,AMR_34,G38_10,WS_30_20,"[""112326""]",1,5961.00000001292,6103.90000001344,6054.050000013259,5961.00000001292,6002.950000013073,6007.000000013088,6043.950000013222,6044.000000013222,6054.000000013259,6054.050000013259,6099.850000013425,6103.90000001344,18.100000000000122,99.99999999999646,14.300000000000068,0,10.25000000000001,0.25,0,34.0,76.00000000000043
J000968,2023-01-03/MMST,MMST,AMR_27,G18_10,WS_8_20,"[""110593"", ""112087""]",3,5964.000000012931,6164.550000013661,6022.250000013143,5964.000000012931,5964.000000012931,5968.050000012946,6012.150000013106,6012.200000013107,6022.200000013143,6022.250000013143,6160.500000013646,6164.550000013661,18.100000000000122,84.89999999999732,9.55,0,87.79999999999715,0.2,0,0.0,88.00000000000068
J000969,2023-01-03/MMTU,MMTU,AMR_26,G21_9,WS_19_20,"[""101299""]",1,5964.050000012931,6135.300000013554,6096.500000013413,5964.050000012931,6007.350000013089,6011.400000013104,6086.4000000133765,6086.450000013377,6096.450000013413,6096.500000013413,6131.25000001354,6135.300000013554,18.100000000000122,97.29999999999661,15.300000000000082,0,40.29999999999985,0.25,0,44.00000000000031,64.00000000000058
J000970,2023-01-03/MMPL,MMPL,AMR_23,G6_15,WS_13_20,"[""107294""]",1,5964.650000012934,6220.450000013864,6134.15000001355,5964.650000012934,6080.700000013356,6084.7500000133705,6124.050000013513,6124.100000013514,6134.10000001355,6134.15000001355,6216.400000013849,6220.450000013864,18.100000000000122,123.19999999999514,18.200000000000124,0,96.04999999999669,0.25,0,82.00000000000134,56.000000000000256
J000971,2023-01-03/KPBR,KPBR,AMR_14,G21_10,WS_2_20,"[""112386""]",1,5976.300000012976,6431.450000014632,6345.500000014319,5976.300000012976,6224.4000000138785,6228.450000013893,6335.400000014282,6335.4500000142825,6345.450000014319,6345.500000014319,6427.400000014617,6431.450000014632,18.100000000000122,258.20000000002443,31.600000000000314,0,146.99999999999918,0.25,0,158.00000000000017,128.0000000000014
J000972,2023-01-03/LARK,LARK,AMR_29,G24_8,WS_30_20,"[""110219""]",1,5982.700000012999,6144.250000013587,6090.700000013392,5982.700000012999,6023.050000013146,6027.100000013161,6080.600000013355,6080.650000013356,6090.650000013392,6090.700000013392,6140.200000013572,6144.250000013587,18.100000000000122,104.29999999999622,14.300000000000068,0,24.600000000000215,0.25,0,36.000000000000014,80.0000000000006
J000973,2023-01-03/MMST,MMST,AMR_05,G3_13,WS_8_20,"[""110305""]",1,5985.450000013009,6262.0500000140155,6187.250000013743,5985.450000013009,6107.500000013453,6111.550000013468,6177.150000013707,6177.200000013707,6187.200000013743,6187.250000013743,6258.000000014001,6262.0500000140155,18.100000000000122,158.90000000000188,20.10000000000015,0,79.24999999999764,0.25,0,124.00000000000283,56.00000000000017
J000974,2023-01-03/MMPL,MMPL,AMR_13,G5_15,WS_13_20,"[""111229""]",1,5988.900000013022,6369.600000014407,6335.350000014282,5988.900000013022,6282.50000001409,6286.550000014105,6325.250000014245,6325.300000014246,6335.300000014282,6335.350000014282,6365.550000014392,6369.600000014407,18.100000000000122,204.50000000001225,31.550000000000313,0,126.29999999999497,0.25,0,157.9999999999998,60.00000000000054
J000975,2023-01-03/MMST,MMST,AMR_20,G9_10,WS_8_20,"[""110346""]",1,5999.900000013062,6188.250000013747,6137.200000013561,5999.900000013062,6091.9000000133965,6095.950000013411,6127.100000013525,6127.150000013525,6137.150000013561,6137.200000013561,6184.200000013732,6188.250000013747,18.100000000000122,94.19999999999679,12.400000000000041,0,63.399999999998535,0.25,0,44.000000000000156,56.00000000000041
J000976,2023-01-03/SEBR,SEBR,AMR_36,G0_10,WS_25_20,"[""101092""]",1,6001.150000013066,6343.350000014311,6216.250000013849,6001.150000013066,6102.700000013436,6106.7500000134505,6206.150000013812,6206.200000013812,6216.200000013849,6216.250000013849,6339.3000000142965,6343.350000014311,18.100000000000122,178.40000000000632,17.15000000000011,0,128.29999999999492,0.25,0,52.00000000000036,147.99999999999875
J000977,2023-01-03/MMTU,MMTU,AMR_12,G29_15,WS_19_20,"[""110193""]",1,6009.4500000130965,6193.450000013766,6147.9500000136,6009.4500000130965,6104.200000013441,6108.250000013456,6137.850000013564,6137.900000013564,6147.9000000136,6147.9500000136,6189.400000013751,6193.450000013766,18.100000000000122,136.4999999999968,14.250000000000068,0,14.900000000000077,0.25,0,102.00000000000156,64.0
J000978,2023-01-03/KPBR,KPBR,AMR_04,G33_7,WS_2_20,"[""107364""]",1,6010.5500000131005,6345.150000014318,6201.350000013795,6010.5500000131005,6097.300000013416,6101.350000013431,6191.250000013758,6191.300000013758,6201.3000000137945,6201.350000013795,6341.100000014303,6345.150000014318,18.100000000000122,236.60000000001955,21.950000000000177,0,57.69999999999886,0.25,0,64.0000000000007,231.99999999998894
J000979,2023-01-03/MMST,MMST,AMR_37,G15_15,WS_8_20,"[""110513""]",1,6026.450000013158,6233.00000001391,6153.700000013621,6026.450000013158,6045.350000013227,6049.400000013242,6143.600000013585,6143.650000013585,6153.650000013621,6153.700000013621,6228.950000013895,6233.00000001391,18.100000000000122,81.99999999999748,12.450000000000042,0,93.74999999999682,0.25,0,14.0,60.00000000000023
J000980,2023-01-03/MMPL,MMPL,AMR_32,G5_14,WS_13_20,"[""107204""]",1,6066.000000013302,6295.800000014138,6151.500000013613,6066.000000013302,6083.750000013367,6087.800000013382,6141.400000013577,6141.450000013577,6151.450000013613,6151.500000013613,6291.7500000141235,6295.800000014138,18.100000000000122,83.5999999999974,12.400000000000041,0,115.44999999999558,0.25,0,12.0,72.00000000000057
J000981,2023-01-03/LARK,LARK,AMR_02,G29_10,WS_30_20,"[""110531""]",1,6066.000000013302,6196.650000013778,6162.750000013654,6066.000000013302,6112.2500000134705,6116.300000013485,6152.6500000136175,6152.700000013618,6162.700000013654,6162.750000013654,6192.600000013763,6196.650000013778,18.100000000000122,84.49999999999734,14.300000000000068,0,13.500000000000057,0.25,0,38.0,56.00000000000048
J000982,2023-01-03/SEBR,SEBR,AMR_03,G0_8,WS_25_20,"[""131980""]",1,6074.750000013334,6385.7500000144655,6292.3000000141255,6074.750000013334,6141.350000013576,6145.400000013591,6282.200000014089,6282.250000014089,6292.250000014125,6292.3000000141255,6381.700000014451,6385.7500000144655,18.100000000000122,205.2000000000124,21.000000000000163,0,66.44999999999837,0.25,0,62.00000000000099,187.99999999999346
J000983,2023-01-03/MMTU,MMTU,AMR_17,G17_10,WS_19_20,"[""112066""]",1,6089.050000013386,6219.4500000138605,6182.300000013725,6089.050000013386,6120.100000013499,6124.150000013514,6172.200000013689,6172.250000013689,6182.250000013725,6182.300000013725,6215.400000013846,6219.4500000138605,18.100000000000122,74.5999999999979,14.300000000000068,0,23.150000000000194,0.25,0,16.0,60.00000000000048
J000984,2023-01-03/MMST,MMST,AMR_31,G11_10,WS_8_20,"[""134598""]",1,6089.400000013387,6245.950000013957,6171.300000013685,6089.400000013387,6109.40000001346,6113.450000013475,6161.200000013649,6161.250000013649,6171.250000013685,6171.300000013685,6241.900000013942,6245.950000013957,18.100000000000122,101.1499999999964,16.200000000000095,0,20.85000000000016,0.25,0,14.0,92.00000000000153
J000985,2023-01-03/KPBR,KPBR,AMR_34,G35_8,WS_2_20,"[""107327""]",1,6103.95000001344,6425.6000000146105,6279.050000014077,6103.95000001344,6127.950000013528,6132.000000013542,6268.950000014041,6269.000000014041,6279.000000014077,6279.050000014077,6421.550000014596,6425.6000000146105,18.100000000000122,198.90000000001098,20.05000000000015,0,84.34999999999735,0.25,0,18.0,207.99999999999417
J000986,2023-01-03/MMPL,MMPL,AMR_11,G6_12,WS_13_20,"[""101193""]",1,6104.5500000134425,6359.250000014369,6318.650000014221,6104.5500000134425,6224.250000013878,6228.300000013893,6308.550000014185,6308.600000014185,6318.600000014221,6318.650000014221,6355.200000014354,6359.250000014369,18.100000000000122,142.14999999999807,14.300000000000068,0,79.8999999999976,0.25,0,84.00000000000031,68.00000000000068
J000987,2023-01-03/LARK,LARK,AMR_33,G35_6,WS_30_20,"[""112216""]",1,6104.600000013443,6353.700000014349,6305.850000014175,6104.600000013443,6230.4500000139005,6234.500000013915,6295.750000014138,6295.800000014138,6305.800000014175,6305.850000014175,6349.650000014334,6353.700000014349,18.100000000000122,154.70000000000093,21.050000000000164,0,54.99999999999901,0.25,0,90.00000000000065,80.00000000000071
J000988,2023-01-03/MMTU,MMTU,AMR_35,G38_8,WS_19_20,"[""110374"", ""129719""]",2,6115.400000013482,6263.900000014022,6199.350000013787,6115.400000013482,6115.400000013482,6119.450000013497,6189.250000013751,6189.300000013751,6199.300000013787,6199.350000013787,6259.8500000140075,6263.900000014022,18.100000000000122,103.84999999999624,11.450000000000028,0,14.900000000000077,0.2,0,0.0,128.0000000000005
J000989,2023-01-03/MMST,MMST,AMR_38,G3_10,WS_8_20,"[""101024""]",2,6118.550000013493,6315.50000001421,6266.800000014033,6118.550000013493,6165.550000013664,6169.600000013679,6256.700000013996,6256.750000013996,6266.750000014033,6266.800000014033,6311.450000014195,6315.50000001421,18.100000000000122,90.29999999999701,13.350000000000055,0,74.94999999999789,0.25,0,17.999999999999996,68.00000000000036
J000990,2023-01-03/KPBR,KPBR,AMR_24,G26_2,WS_2_20,"[""107317""]",1,6121.0500000135025,6521.850000014961,6434.900000014644,6121.0500000135025,6269.850000014044,6273.900000014059,6424.800000014608,6424.850000014608,6434.850000014644,6434.900000014644,6517.800000014946,6521.850000014961,18.100000000000122,277.4000000000288,35.35000000000013,0,69.69999999999818,0.25,0,128.0000000000022,199.99999999999343
J000991,2023-01-03/LARK,LARK,AMR_08,G21_8,WS_30_20,"[""113203""]",1,6132.100000013543,6347.300000014326,6288.750000014113,6132.100000013543,6212.8500000138365,6216.900000013851,6278.650000014076,6278.700000014076,6288.700000014112,6288.750000014113,6343.250000014311,6347.300000014326,18.100000000000122,136.89999999999688,21.050000000000164,0,38.89999999999993,0.25,0,56.0000000000006,92.00000000000051
J000992,2023-01-03/MMPL,MMPL,AMR_26,G3_14,WS_13_20,"[""110548""]",1,6135.350000013555,6491.35000001485,6423.550000014603,6135.350000013555,6323.65000001424,6327.700000014254,6413.450000014566,6413.5000000145665,6423.500000014603,6423.550000014603,6487.300000014835,6491.35000001485,18.100000000000122,149.54999999999976,19.150000000000137,0,168.95000000000417,0.25,0,70.00000000000095,72.00000000000053
J000993,2023-01-03/MMTU,MMTU,AMR_15,G18_8,WS_19_20,"[""125180""]",1,6136.95000001356,6352.700000014345,6286.050000014103,6136.95000001356,6233.250000013911,6237.3000000139255,6275.950000014066,6276.000000014066,6286.000000014103,6286.050000014103,6348.6500000143305,6352.700000014345,18.100000000000122,128.84999999999505,19.150000000000137,0,49.39999999999933,0.25,0,76.00000000000091,68.00000000000068
J000994,2023-01-03/MMST,MMST,AMR_06,G6_9,WS_8_20,"[""110174""]",1,6142.950000013582,6428.25000001462,6387.350000014471,6142.950000013582,6326.850000014251,6330.900000014266,6377.250000014435,6377.300000014435,6387.300000014471,6387.350000014471,6424.200000014605,6428.25000001462,18.100000000000122,146.54999999999907,19.100000000000136,0,101.29999999999639,0.25,0,94.00000000000134,64.00000000000041
J000995,2023-01-03/SEBR,SEBR,AMR_29,G2_1,WS_25_20,"[""110339""]",1,6144.300000013587,6479.900000014808,6389.350000014479,6144.300000013587,6291.450000014122,6295.500000014137,6379.250000014442,6379.300000014442,6389.300000014478,6389.350000014479,6475.850000014793,6479.900000014808,18.100000000000122,265.9000000000262,28.700000000000273,0,22.650000000000187,0.25,0,142.0000000000017,191.9999999999937
J000996,2023-01-03/MMTU,MMTU,AMR_16,G14_9,WS_19_20,"[""110227"", ""124210""]",2,6149.050000013604,6321.550000014232,6243.450000013948,6149.050000013604,6185.800000013738,6189.850000013753,6233.350000013911,6233.400000013911,6243.400000013948,6243.450000013948,6317.500000014217,6321.550000014232,18.100000000000122,100.09999999999646,15.300000000000082,0,38.749999999999936,0.25,0,28.0,80.00000000000054
J000997,2023-01-03/LARK,LARK,AMR_27,G18_10,WS_30_20,"[""112070""]",2,6164.600000013661,6304.750000014171,6249.4000000139695,6164.600000013661,6164.600000013661,6168.650000013676,6239.300000013933,6239.350000013933,6249.350000013969,6249.4000000139695,6300.700000014156,6304.750000014171,18.100000000000122,87.39999999999718,10.450000000000014,0,24.000000000000206,0.2,0,0.0,96.0000000000004
J000998,2023-01-03/KPBR,KPBR,AMR_01,G36_10,WS_2_20,"[""107323""]",1,6168.750000013676,6566.150000015122,6451.800000014706,6168.750000013676,6251.350000013977,6255.400000013991,6441.700000014669,6441.750000014669,6451.750000014706,6451.800000014706,6562.100000015107,6566.150000015122,18.100000000000122,240.50000000002044,30.5500000000003,0,107.999999999996,0.25,0,74.00000000000031,195.99999999999432
J000999,2023-01-03/MMST,MMST,AMR_18,G3_8,WS_8_20,"[""107301""]",2,6175.4000000137,6360.150000014372,6321.350000014231,6175.4000000137,6203.200000013801,6207.250000013816,6311.2500000141945,6311.300000014195,6321.300000014231,6321.350000014231,6356.100000014358,6360.150000014372,18.100000000000122,106.2999999999961,17.25000000000011,0,42.8499999999997,0.25,0,19.999999999999996,92.00000000000081
J001000,2023-01-03/MMTU,MMTU,AMR_20,G15_10,WS_19_20,"[""110296""]",1,6188.300000013747,6486.200000014831,6445.750000014684,6188.300000013747,6357.550000014363,6361.600000014378,6435.650000014647,6435.700000014647,6445.700000014684,6445.750000014684,6482.150000014816,6486.200000014831,18.100000000000122,163.25000000000287,24.850000000000218,0,91.44999999999695,0.25,0,112.00000000000216,64.00000000000048
J001001,2023-01-03/MMST,MMST,AMR_12,G18_9,WS_8_20,"[""122645""]",1,6193.500000013766,6456.300000014722,6353.350000014348,6193.500000013766,6274.7000000140615,6278.750000014076,6343.250000014311,6343.300000014311,6353.3000000143475,6353.350000014348,6452.250000014707,6456.300000014722,18.100000000000122,148.8999999999996,16.200000000000095,0,79.34999999999764,0.25,0,58.0000000000006,100.00000000000057
J001002,2023-01-03/MMPL,MMPL,AMR_02,G9_10,WS_13_20,"[""112359""]",1,6196.700000013778,6445.000000014681,6369.650000014407,6196.700000013778,6309.200000014187,6313.250000014202,6359.55000001437,6359.60000001437,6369.600000014407,6369.650000014407,6440.950000014666,6445.000000014681,18.100000000000122,134.8499999999964,19.150000000000137,0,75.94999999999783,0.25,0,80.00000000000102,64.00000000000013
J001003,2023-01-03/MMTU,MMTU,AMR_09,G30_15,WS_19_20,"[""101015""]",1,6206.600000013814,6519.800000014953,6462.800000014746,6206.600000013814,6393.4500000144935,6397.500000014508,6452.700000014709,6452.750000014709,6462.750000014746,6462.800000014746,6515.750000014938,6519.800000014953,18.100000000000122,126.94999999999493,20.200000000000152,0,147.69999999999933,0.25,0,66.00000000000031,68.0
J001004,2023-01-03/LARK,LARK,AMR_17,G23_6,WS_30_20,"[""101065""]",1,6219.500000013861,6383.0000000144555,6324.150000014241,6219.500000013861,6260.100000014008,6264.150000014023,6314.050000014205,6314.100000014205,6324.100000014241,6324.150000014241,6378.950000014441,6383.0000000144555,18.100000000000122,110.19999999999588,15.250000000000082,0,19.700000000000145,0.25,0,24.00000000000003,100.00000000000068
J001005,2023-01-03/MMST,MMST,AMR_23,G23_10,WS_8_20,"[""110604""]",1,6220.500000013864,6494.350000014861,6437.650000014654,6220.500000013864,6314.250000014205,6318.30000001422,6427.550000014618,6427.600000014618,6437.600000014654,6437.650000014654,6490.300000014846,6494.350000014861,18.100000000000122,141.3499999999979,14.300000000000068,0,99.84999999999647,0.25,0,44.0,108.00000000000122
J001006,2023-01-03/MMTU,MMTU,AMR_07,G12_10,WS_19_20,"[""101302""]",1,6229.250000013896,6441.100000014667,6391.400000014486,6229.250000013896,6246.350000013958,6250.400000013973,6381.300000014449,6381.3500000144495,6391.350000014486,6391.400000014486,6437.050000014652,6441.100000014667,18.100000000000122,92.69999999999688,13.350000000000055,0,87.44999999999717,0.25,0,12.0,76.0000000000006
J001007,2023-01-03/MMPL,MMPL,AMR_28,G14_8,WS_13_20,"[""112372""]",1,6230.650000013901,6438.700000014658,6393.650000014494,6230.650000013901,6326.000000014248,6330.050000014263,6383.5500000144575,6383.600000014458,6393.600000014494,6393.650000014494,6434.650000014643,6438.700000014658,18.100000000000122,103.54999999999626,17.25000000000011,0,68.89999999999823,0.25,0,36.00000000000003,64.00000000000058
J001008,2023-01-03/LARK,LARK,AMR_37,G31_2,WS_30_20,"[""110847""]",1,6233.05000001391,6411.900000014561,6370.40000001441,6233.05000001391,6298.800000014149,6302.850000014164,6360.300000014373,6360.350000014373,6370.3500000144095,6370.40000001441,6407.850000014546,6411.900000014561,18.100000000000122,117.84999999999545,11.500000000000028,0,31.150000000000308,0.25,0,62.000000000001116,84.00000000000114
J001009,2023-01-03/MMTU,MMTU,AMR_31,G15_8,WS_19_20,"[""214619""]",1,6246.000000013957,6466.300000014759,6428.700000014622,6246.000000013957,6330.5000000142645,6334.550000014279,6418.600000014585,6418.650000014585,6428.650000014622,6428.700000014622,6462.250000014744,6466.300000014759,18.100000000000122,116.09999999999555,17.20000000000011,0,68.64999999999824,0.25,0,52.000000000000455,72.00000000000068
J001010,2023-01-03/MMST,MMST,AMR_05,G11_13,WS_8_20,"[""124184""]",1,6262.100000014016,6385.250000014464,6337.250000014289,6262.100000014016,6299.650000014152,6303.700000014167,6327.150000014252,6327.2000000142525,6337.200000014289,6337.250000014289,6381.200000014449,6385.250000014464,18.100000000000122,73.24999999999798,13.400000000000055,0,18.150000000000123,0.25,0,24.0,48.00000000000023
J001011,2023-01-03/LARK,LARK,AMR_39,G28_2,WS_30_20,"[""111223""]",1,6262.300000014016,6393.500000014494,6353.050000014347,6262.300000014016,6291.050000014121,6295.100000014136,6342.95000001431,6343.00000001431,6353.000000014346,6353.050000014347,6389.450000014479,6393.500000014494,18.100000000000122,96.64999999999665,14.350000000000069,0,1.850000000000001,0.25,0,25.99999999999999,88.00000000000131
J001012,2023-01-03/MMTU,MMTU,AMR_35,G23_8,WS_19_20,"[""110390""]",1,6263.950000014022,6434.450000014643,6368.550000014403,6263.950000014022,6313.200000014202,6317.250000014216,6358.450000014366,6358.500000014366,6368.500000014403,6368.550000014403,6430.400000014628,6434.450000014643,18.100000000000122,107.999999999996,17.20000000000011,0,26.950000000000248,0.25,0,46.00000000000013,68.00000000000045
J001013,2023-01-03/MMST,MMST,AMR_40,G18_13,WS_8_20,"[""123306""]",1,6280.700000014083,6439.400000014661,6369.300000014406,6280.700000014083,6280.700000014083,6284.750000014098,6359.200000014369,6359.250000014369,6369.2500000144055,6369.300000014406,6435.350000014646,6439.400000014661,18.100000000000122,88.34999999999712,9.55,0,42.49999999999972,0.2,0,0.0,84.00000000000026
J001014,2023-01-03/LARK,LARK,AMR_32,G12_13,WS_30_20,"[""110412""]",1,6295.8500000141385,6541.250000015031,6450.3000000147,6295.8500000141385,6361.600000014378,6365.650000014392,6440.200000014664,6440.250000014664,6450.2500000147,6450.3000000147,6537.2000000150165,6541.250000015031,18.100000000000122,129.64999999999523,15.300000000000082,0,82.09999999999748,0.25,0,32.0,108.00000000000034
J001015,2023-01-03/MMTU,MMTU,AMR_27,G26_9,WS_19_20,"[""123788""]",1,6304.800000014171,6460.8000000147385,6411.350000014559,6304.800000014171,6354.350000014351,6358.400000014366,6401.250000014522,6401.300000014522,6411.3000000145585,6411.350000014559,6456.750000014724,6460.8000000147385,18.100000000000122,108.199999999996,17.15000000000011,0,12.30000000000004,0.25,0,42.0000000000003,76.0000000000004
J001016,2023-01-03/LARK,LARK,AMR_22,G12_12,WS_30_20,"[""107328""]",1,6305.900000014175,6508.300000014911,6433.65000001464,6305.900000014175,6334.600000014279,6338.650000014294,6423.550000014603,6423.600000014603,6433.60000001464,6433.65000001464,6504.250000014897,6508.300000014911,18.100000000000122,124.79999999999505,11.400000000000027,0,47.84999999999942,0.25,0,22.0,112.0000000000004
J001017,2023-01-03/MMPL,MMPL,AMR_38,G38_8,WS_13_20,"[""101073"", ""136197""]",3,6318.700000014222,6749.550000015789,6606.350000015268,6318.700000014222,6496.90000001487,6500.950000014885,6596.250000015231,6596.3000000152315,6606.300000015268,6606.350000015268,6745.500000015774,6749.550000015789,18.100000000000122,231.0500000000183,19.150000000000137,0,162.30000000000265,0.25,0,102.00000000000033,151.99999999999736
J001018,2023-01-03/MMST,MMST,AMR_21,G17_10,WS_8_20,"[""101290""]",1,6321.400000014231,6525.1000000149725,6469.40000001477,6321.400000014231,6400.150000014518,6404.200000014533,6459.300000014733,6459.350000014733,6469.35000001477,6469.40000001477,6521.050000014958,6525.1000000149725,18.100000000000122,135.6999999999966,18.150000000000123,0,31.500000000000313,0.25,0,62.000000000000895,84.00000000000094
J001019,2023-01-03/KPBR,KPBR,AMR_16,G14_9,WS_2_20,"[""110227""]",1,6321.600000014232,6610.800000015284,6480.000000014808,6321.600000014232,6321.600000014232,6325.650000014247,6469.900000014772,6469.950000014772,6479.950000014808,6480.000000014808,6606.7500000152695,6610.800000015284,18.100000000000122,164.00000000000304,21.000000000000163,0,85.89999999999726,0.2,0,0.0,179.99999999999915
J001020,2023-01-03/LARK,LARK,AMR_36,G17_2,WS_30_20,"[""111212""]",1,6343.400000014311,6585.3000000151915,6504.050000014896,6343.400000014311,6396.300000014504,6400.350000014519,6493.950000014859,6494.000000014859,6504.000000014896,6504.050000014896,6581.250000015177,6585.3000000151915,18.100000000000122,164.10000000000306,18.100000000000122,0,41.34999999999979,0.25,0,58.000000000000746,139.99999999999997
J001021,2023-01-03/MMPL,MMPL,AMR_04,G11_10,WS_13_20,"[""110526""]",1,6345.200000014318,6552.750000015073,6477.450000014799,6345.200000014318,6414.55000001457,6418.600000014585,6467.350000014762,6467.400000014763,6477.400000014799,6477.450000014799,6548.700000015058,6552.750000015073,18.100000000000122,118.04999999999544,15.250000000000082,0,55.89999999999896,0.25,0,74.00000000000097,60.000000000000526
J001022,2023-01-03/MMST,MMST,AMR_08,G23_7,WS_8_20,"[""101018""]",1,6347.350000014326,6522.3500000149625,6453.400000014712,6347.350000014326,6360.400000014373,6364.450000014388,6443.300000014675,6443.350000014675,6453.350000014711,6453.400000014712,6518.300000014948,6522.3500000149625,18.100000000000122,113.69999999999568,15.300000000000082,0,27.650000000000258,0.25,0,6.0,120.00000000000162
J001023,2023-01-03/LARK,LARK,AMR_15,G9_12,WS_30_20,"[""101183""]",1,6353.100000014347,6657.0500000154525,6538.15000001502,6353.100000014347,6391.950000014488,6396.000000014503,6528.050000014983,6528.100000014983,6538.10000001502,6538.15000001502,6653.000000015438,6657.0500000154525,18.100000000000122,144.14999999999853,17.15000000000011,0,124.29999999999508,0.25,0,30.0,128.00000000000057
J001024,2023-01-03/MMST,MMST,AMR_33,G24_8,WS_8_20,"[""101076""]",1,6353.750000014349,6659.2500000154605,6560.8500000151025,6353.750000014349,6395.600000014501,6399.650000014516,6550.750000015066,6550.800000015066,6560.800000015102,6560.8500000151025,6655.200000015446,6659.2500000154605,18.100000000000122,160.15000000000217,19.100000000000136,0,107.89999999999601,0.25,0,38.000000000000114,128.00000000000102
J001025,2023-01-03/MMTU,MMTU,AMR_11,G11_9,WS_19_20,"[""110316""]",1,6368.600000014403,6692.250000015581,6611.950000015288,6368.600000014403,6453.500000014712,6457.550000014727,6601.850000015252,6601.900000015252,6611.900000015288,6611.950000015288,6688.200000015566,6692.250000015581,18.100000000000122,113.14999999999571,17.25000000000011,0,174.90000000000552,0.25,0,20.0,92.00000000000057
J001026,2023-01-03/MMST,MMST,AMR_18,G26_10,WS_8_20,"[""110274""]",1,6369.350000014406,7025.800000016794,6892.9000000163105,6369.350000014406,6534.350000015006,6538.400000015021,6882.800000016274,6882.850000016274,6892.85000001631,6892.9000000163105,7021.750000016779,7025.800000016794,18.100000000000122,216.550000000015,30.6500000000003,0,390.9000000000546,0.25,0,106.00000000000114,124.00000000000128
J001027,2023-01-03/MMPL,MMPL,AMR_13,G23_13,WS_13_20,"[""120448""]",1,6369.700000014407,6586.000000015194,6495.850000014866,6369.700000014407,6435.200000014645,6439.25000001466,6485.750000014829,6485.8000000148295,6495.800000014866,6495.850000014866,6581.950000015179,6586.000000015194,18.100000000000122,116.74999999999551,14.350000000000069,0,66.84999999999835,0.25,0,44.00000000000013,72.00000000000031
J001028,2023-01-03/LARK,LARK,AMR_17,G15_1,WS_30_20,"[""110168""]",1,6383.050000014456,6603.4500000152575,6521.100000014958,6383.050000014456,6414.50000001457,6418.550000014585,6511.000000014921,6511.050000014921,6521.050000014958,6521.100000014958,6599.400000015243,6603.4500000152575,18.100000000000122,149.7499999999998,19.100000000000136,0,33.20000000000025,0.25,0,25.99999999999998,143.99999999999972
J001029,2023-01-03/MMST,MMST,AMR_05,G29_10,WS_8_20,"[""110186""]",1,6387.4000000144715,6741.800000015761,6576.65000001516,6387.4000000144715,6444.900000014681,6448.950000014695,6566.550000015123,6566.600000015123,6576.60000001516,6576.65000001516,6737.750000015746,6741.800000015761,18.100000000000122,188.35000000000858,18.100000000000122,0,129.59999999999522,0.25,0,46.0,151.9999999999995
J001030,2023-01-03/MMTU,MMTU,AMR_03,G29_9,WS_19_20,"[""110205""]",1,6391.450000014486,6739.350000015752,6540.90000001503,6391.450000014486,6480.800000014811,6484.850000014826,6530.800000014993,6530.850000014993,6540.85000001503,6540.90000001503,6735.300000015737,6739.350000015752,18.100000000000122,199.75000000001117,26.700000000000244,0,103.09999999999629,0.25,0,92.00000000000111,124.00000000000026
J001031,2023-01-03/MMPL,MMPL,AMR_39,G5_9,WS_13_20,"[""110152""]",1,6393.700000014494,6611.200000015286,6537.900000015019,6393.700000014494,6447.700000014691,6451.750000014706,6527.800000014982,6527.8500000149825,6537.850000015019,6537.900000015019,6607.150000015271,6611.200000015286,18.100000000000122,136.24999999999673,14.350000000000069,0,48.54999999999938,0.25,0,64.00000000000115,92.00000000000128
J001032,2023-01-03/MMTU,MMTU,AMR_37,G33_15,WS_19_20,"[""110317""]",1,6411.950000014561,6556.750000015088,6496.400000014868,6411.950000014561,6446.150000014685,6450.2000000147,6486.300000014831,6486.3500000148315,6496.350000014868,6496.400000014868,6552.700000015073,6556.750000015088,18.100000000000122,98.94999999999652,11.450000000000028,0,16.050000000000093,0.25,0,34.0,80.0
J001033,2023-01-03/LARK,LARK,AMR_34,G6_15,WS_30_20,"[""112377""]",1,6425.650000014611,7088.300000017021,6855.000000016173,6425.650000014611,6676.600000015524,6680.650000015538,6844.900000016136,6844.950000016136,6854.950000016172,6855.000000016173,7084.250000017007,7088.300000017021,18.100000000000122,293.85000000003254,37.200000000000024,0,313.25000000003695,0.25,0,144.0000000000006,159.99999999999864
J001034,2023-01-03/MMPL,MMPL,AMR_06,G6_9,WS_13_20,"[""111281""]",2,6428.30000001462,6615.2500000153,6512.850000014928,6428.30000001462,6428.30000001462,6432.350000014635,6502.750000014891,6502.800000014891,6512.800000014928,6512.850000014928,6611.200000015286,6615.2500000153,18.100000000000122,81.99999999999748,11.450000000000028,0,75.19999999999787,0.2,0,0.0,80.00000000000051
J001035,2023-01-03/MMTU,MMTU,AMR_14,G5_15,WS_19_20,"[""111229""]",1,6431.500000014632,6708.950000015641,6668.6000000154945,6431.500000014632,6504.600000014898,6508.650000014913,6658.500000015458,6658.550000015458,6668.550000015494,6668.6000000154945,6704.900000015627,6708.950000015641,18.100000000000122,134.7999999999964,19.100000000000136,0,105.19999999999617,0.25,0,58.000000000000696,88.00000000000095
J001036,2023-01-03/LARK,LARK,AMR_35,G5_14,WS_30_20,"[""123034""]",1,6434.500000014643,6790.000000015936,6653.850000015441,6434.500000014643,6512.050000014925,6516.10000001494,6643.750000015404,6643.800000015404,6653.800000015441,6653.850000015441,6785.950000015921,6790.000000015936,18.100000000000122,189.70000000000888,21.050000000000164,0,126.39999999999496,0.25,0,80.0000000000019,143.99999999999974
J001037,2023-01-03/MMST,MMST,AMR_28,G21_10,WS_8_20,"[""107254""]",1,6438.750000014658,6714.700000015662,6630.500000015356,6438.750000014658,6471.200000014776,6475.250000014791,6620.400000015319,6620.450000015319,6630.450000015356,6630.500000015356,6710.6500000156475,6714.700000015662,18.100000000000122,124.84999999999505,14.300000000000068,0,118.44999999999541,0.25,0,26.0,104.000000000001
J001038,2023-01-03/MMTU,MMTU,AMR_02,G9_10,WS_19_20,"[""101295""]",1,6445.800000014684,6598.350000015239,6523.950000014968,6445.800000014684,6445.800000014684,6449.850000014699,6513.8500000149315,6513.900000014932,6523.900000014968,6523.950000014968,6594.300000015224,6598.350000015239,18.100000000000122,80.29999999999758,9.5,0,44.44999999999961,0.2,0,0.0,88.00000000000065
J001039,2023-01-03/KPBR,KPBR,AMR_25,G8_7,WS_2_20,"[""107344""]",1,6449.100000014696,6557.850000015092,6513.200000014929,6449.100000014696,6449.100000014696,6453.150000014711,6503.100000014892,6503.150000014893,6513.150000014929,6513.200000014929,6553.800000015077,6557.850000015092,18.100000000000122,70.49999999999814,9.55,0,10.400000000000013,0.2,0,0.0,80.00000000000102
J001040,2023-01-03/LARK,LARK,AMR_07,G12_10,WS_30_20,"[""110444""]",2,6450.3500000147005,6673.200000015511,6560.1500000151,6450.3500000147005,6450.3500000147005,6454.400000014715,6550.050000015063,6550.100000015063,6560.1000000151,6560.1500000151,6669.1500000154965,6673.200000015511,18.100000000000122,109.09999999999594,9.55,0,85.89999999999726,0.2,0,0.0,120.00000000000051
J001041,2023-01-03/MMST,MMST,AMR_40,G24_2,WS_8_20,"[""138468""]",1,6453.450000014712,6694.80000001559,6592.600000015218,6453.450000014712,6497.100000014871,6501.150000014885,6582.500000015181,6582.5500000151815,6592.550000015218,6592.600000015218,6690.750000015575,6694.80000001559,18.100000000000122,177.5000000000061,16.200000000000095,0,29.30000000000028,0.25,0,38.00000000000008,175.99999999999838
J001042,2023-01-03/MMTU,MMTU,AMR_10,G9_9,WS_19_20,"[""110588""]",3,6462.850000014746,6728.900000015714,6628.90000001535,6462.850000014746,6496.550000014869,6500.600000014883,6618.800000015313,6618.8500000153135,6628.85000001535,6628.90000001535,6724.850000015699,6728.900000015714,18.100000000000122,135.84999999999664,16.200000000000095,0,95.64999999999671,0.25,0,29.999999999999943,108.00000000000068
J001043,2023-01-03/MMST,MMST,AMR_27,G26_9,WS_8_20,"[""123035""]",1,6469.45000001477,6798.100000015966,6707.500000015636,6469.45000001477,6469.45000001477,6473.500000014785,6697.400000015599,6697.4500000155995,6707.450000015636,6707.500000015636,6794.050000015951,6798.100000015966,18.100000000000122,147.9999999999994,19.050000000000136,0,143.29999999999833,0.2,0,0.0,148.00000000000009
J001044,2023-01-03/MMPL,MMPL,AMR_12,G18_9,WS_13_20,"[""110618""]",1,6477.500000014799,6641.850000015397,6589.300000015206,6477.500000014799,6477.500000014799,6481.550000014814,6579.200000015169,6579.2500000151695,6589.250000015206,6589.300000015206,6637.8000000153825,6641.850000015397,18.100000000000122,74.5999999999979,9.55,0,61.89999999999862,0.2,0,0.0,76.00000000000077
J001045,2023-01-03/MMPL,MMPL,AMR_31,G15_8,WS_13_20,"[""214619""]",1,6495.900000014866,6620.950000015321,6555.200000015082,6495.900000014866,6495.900000014866,6499.950000014881,6545.100000015045,6545.150000015045,6555.150000015082,6555.200000015082,6616.900000015306,6620.950000015321,18.100000000000122,67.09999999999833,9.55,0,30.100000000000293,0.2,0,0.0,68.00000000000074
J001046,2023-01-03/MMTU,MMTU,AMR_23,G33_14,WS_19_20,"[""110286""]",1,6496.450000014868,6843.750000016132,6724.000000015696,6496.450000014868,6585.700000015193,6589.750000015208,6713.900000015659,6713.9500000156595,6723.950000015696,6724.000000015696,6839.700000016117,6843.750000016132,18.100000000000122,124.74999999999505,18.150000000000123,0,186.05000000000805,0.25,0,32.0,96.00000000000004
J001047,2023-01-03/LARK,LARK,AMR_20,G15_10,WS_30_20,"[""110313""]",2,6504.100000014896,6792.600000015946,6594.000000015223,6504.100000014896,6504.100000014896,6508.150000014911,6583.900000015186,6583.950000015187,6593.950000015223,6594.000000015223,6788.550000015931,6792.600000015946,18.100000000000122,101.64999999999637,11.400000000000027,0,157.15000000000148,0.2,0,0.0,108.00000000000043
J001048,2023-01-03/SEBR,SEBR,AMR_30,G0_11,WS_25_20,"[""138355""]",1,6505.350000014901,6706.2500000156315,6597.650000015236,6505.350000014901,6505.350000014901,6509.400000014915,6587.5500000152,6587.6000000152,6597.600000015236,6597.650000015236,6702.200000015617,6706.2500000156315,18.100000000000122,125.599999999995,9.55,0,47.44999999999944,0.2,0,0.0,143.99999999999923
J001049,2023-01-03/MMPL,MMPL,AMR_22,G9_7,WS_13_20,"[""110463""]",1,6512.900000014928,6702.150000015617,6623.40000001533,6512.900000014928,6534.4500000150065,6538.500000015021,6613.300000015293,6613.3500000152935,6623.35000001533,6623.40000001533,6698.100000015602,6702.150000015617,18.100000000000122,97.24999999999662,15.250000000000082,0,58.39999999999882,0.25,0,16.0,76.00000000000045
J001050,2023-01-03/MMIM,MMIM,AMR_29,G28_2,WS_2_20,"[""101333"", ""111348"", ""112053""]",3,6513.250000014929,6903.000000016347,6790.600000015938,6513.250000014929,6590.8000000152115,6594.850000015226,6780.500000015902,6780.550000015902,6790.550000015938,6790.600000015938,6898.9500000163325,6903.000000016347,18.100000000000122,243.000000000021,21.950000000000177,0,106.4499999999961,0.25,0,94.00000000000131,207.99999999999287
J001051,2023-01-03/MMIM,MMIM,AMR_26,G9_15,WS_2_20,"[""110306"", ""112432""]",2,6513.250000014929,6716.350000015668,6678.950000015532,6513.250000014929,6614.750000015299,6618.800000015313,6668.850000015495,6668.900000015496,6678.900000015532,6678.950000015532,6712.3000000156535,6716.350000015668,18.100000000000122,102.49999999999632,16.200000000000095,0,66.04999999999839,0.25,0,46.0000000000001,52.00000000000033
J001052,2023-01-03/MMIM,MMIM,AMR_09,G11_12,WS_2_20,"[""110492"", ""111362""]",2,6519.850000014953,6722.850000015692,6661.90000001547,6519.850000014953,6597.850000015237,6601.900000015252,6651.800000015433,6651.850000015434,6661.85000001547,6661.90000001547,6718.800000015677,6722.850000015692,18.100000000000122,120.3499999999953,16.250000000000096,0,48.04999999999941,0.25,0,56.00000000000031,72.00000000000063
J001053,2023-01-03/MMIM,MMIM,AMR_24,G18_10,WS_2_20,"[""110593"", ""112087""]",2,6521.900000014961,6743.200000015766,6644.800000015408,6521.900000014961,6553.600000015076,6557.650000015091,6634.700000015371,6634.750000015371,6644.750000015408,6644.800000015408,6739.150000015751,6743.200000015766,18.100000000000122,128.599999999995,14.250000000000068,0,60.09999999999872,0.25,0,31.999999999999982,108.00000000000159
J001054,2023-01-03/MMIM,MMIM,AMR_08,G35_7,WS_2_20,"[""112195"", ""120778""]",2,6522.400000014963,6931.35000001645,6756.500000015814,6522.400000014963,6607.700000015273,6611.750000015288,6746.400000015778,6746.450000015778,6756.450000015814,6756.500000015814,6927.300000016436,6931.35000001645,18.100000000000122,219.55000000001567,21.050000000000164,0,149.99999999999986,0.25,0,64.00000000000023,187.9999999999973
J001055,2023-01-03/MMTU,MMTU,AMR_21,G32_12,WS_19_20,"[""121833""]",2,6525.150000014973,6756.300000015814,6645.950000015412,6525.150000014973,6569.500000015134,6573.550000015149,6635.850000015375,6635.900000015376,6645.900000015412,6645.950000015412,6752.250000015799,6756.300000015814,18.100000000000122,130.09999999999533,16.200000000000095,0,66.49999999999837,0.25,0,34.0,104.0000000000002
J001056,2023-01-03/LARK,LARK,AMR_32,G5_12,WS_30_20,"[""101149""]",1,6541.300000015031,7042.300000016854,6872.0000000162345,6541.300000015031,6569.350000015133,6573.400000015148,6861.900000016198,6861.950000016198,6871.950000016234,6872.0000000162345,7038.250000016839,7042.300000016854,18.100000000000122,207.70000000001298,25.75000000000023,0,249.2000000000224,0.25,0,24.00000000000003,187.99999999999613
J001057,2023-01-03/MMPL,MMPL,AMR_04,G6_8,WS_13_20,"[""101182""]",1,6552.800000015073,6748.350000015785,6675.60000001552,6552.800000015073,6582.15000001518,6586.200000015195,6665.500000015483,6665.550000015483,6675.55000001552,6675.60000001552,6744.30000001577,6748.350000015785,18.100000000000122,111.29999999999582,19.050000000000136,0,46.849999999999476,0.25,0,17.999999999999986,88.00000000000051
J001058,2023-01-03/MMIM,MMIM,AMR_37,G6_12,WS_2_20,"[""110283""]",1,6556.800000015088,6774.7000000158805,6739.200000015751,6556.800000015088,6687.800000015564,6691.850000015579,6729.100000015715,6729.150000015715,6739.150000015751,6739.200000015751,6770.650000015866,6774.7000000158805,18.100000000000122,127.4499999999949,17.20000000000011,0,54.89999999999902,0.25,0,80.00000000000068,60.000000000000654
J001059,2023-01-03/MMTU,MMTU,AMR_25,G29_8,WS_19_20,"[""110514""]",1,6557.900000015092,6811.8000000160155,6741.100000015758,6557.900000015092,6636.400000015377,6640.450000015392,6731.0000000157215,6731.050000015722,6741.050000015758,6741.100000015758,6807.750000016001,6811.8000000160155,18.100000000000122,151.60000000000022,19.100000000000136,0,64.84999999999846,0.25,0,76.00000000000034,92.00000000000045
J001060,2023-01-03/LARK,LARK,AMR_01,G5_10,WS_30_20,"[""112324""]",1,6566.200000015122,7223.600000017514,7105.750000017085,6566.200000015122,6956.800000016543,6960.850000016558,7095.650000017048,7095.700000017048,7105.700000017085,7105.750000017085,7219.550000017499,7223.600000017514,18.100000000000122,344.55000000004407,36.25000000000008,0,258.25000000002444,0.25,0,229.9999999999914,147.99999999999994
J001061,2023-01-03/MMST,MMST,AMR_36,G26_2,WS_8_20,"[""110336""]",1,6585.350000015192,6848.300000016148,6723.000000015692,6585.350000015192,6620.250000015319,6624.300000015333,6712.900000015656,6712.950000015656,6722.950000015692,6723.000000015692,6844.2500000161335,6848.300000016148,18.100000000000122,175.2500000000056,18.100000000000122,0,51.249999999999226,0.25,0,21.999999999999996,183.99999999999628
J001062,2023-01-03/MMPL,MMPL,AMR_13,G18_7,WS_13_20,"[""112006""]",1,6586.050000015194,6767.650000015855,6692.700000015582,6586.050000015194,6615.0000000152995,6619.050000015314,6682.600000015545,6682.650000015546,6692.650000015582,6692.700000015582,6763.60000001584,6767.650000015855,18.100000000000122,110.09999999999589,17.20000000000011,0,35.950000000000095,0.25,0,22.00000000000003,84.00000000000068
J001063,2023-01-03/SPRG,SPRG,AMR_02,G17_9,WS_25_20,"[""111998""]",1,6598.400000015239,6759.900000015827,6707.000000015634,6598.400000015239,6639.95000001539,6644.000000015405,6696.9000000155975,6696.950000015598,6706.950000015634,6707.000000015634,6755.850000015812,6759.900000015827,18.100000000000122,105.94999999999612,17.20000000000011,0,20.00000000000015,0.25,0,22.0,92.00000000000037
J001064,2023-01-03/SPRG,SPRG,AMR_17,G0_10,WS_25_20,"[""115794""]",1,6603.500000015258,6931.850000016452,6840.250000016119,6603.500000015258,6676.600000015524,6680.650000015538,6830.150000016082,6830.200000016082,6840.200000016119,6840.250000016119,6927.8000000164375,6931.850000016452,18.100000000000122,210.4000000000136,24.800000000000217,0,74.7999999999979,0.25,0,56.00000000000045,187.99999999999568
J001065,2023-01-03/MMPL,MMPL,AMR_19,G8_7,WS_13_20,"[""101328""]",2,6610.6000000152835,6797.850000015965,6742.500000015763,6610.6000000152835,6666.800000015488,6670.850000015503,6732.400000015727,6732.450000015727,6742.450000015763,6742.500000015763,6793.80000001595,6797.850000015965,18.100000000000122,109.49999999999592,17.20000000000011,0,42.19999999999974,0.25,0,24.000000000000014,88.00000000000077
J001066,2023-01-03/LARK,LARK,AMR_16,G8_2,WS_30_20,"[""117429""]",1,6610.850000015284,6877.350000016254,6738.85000001575,6610.850000015284,6639.85000001539,6643.900000015405,6728.750000015713,6728.8000000157135,6738.80000001575,6738.85000001575,6873.300000016239,6877.350000016254,18.100000000000122,180.0500000000067,21.950000000000177,0,46.149999999999515,0.25,0,25.999999999999996,187.99999999999437
J001067,2023-01-03/MMST,MMST,AMR_39,G32_9,WS_8_20,"[""121833""]",2,6611.250000015286,7486.300000018469,7079.350000016989,6611.250000015286,6791.400000015941,6795.450000015956,7069.250000016952,7069.300000016952,7079.300000016989,7079.350000016989,7482.250000018455,7486.300000018469,18.100000000000122,296.2500000000331,36.300000000000075,0,524.150000000071,0.25,0,114.00000000000085,175.99999999999798
J001068,2023-01-03/MMPL,MMPL,AMR_06,G23_10,WS_13_20,"[""110604""]",1,6615.300000015301,6861.450000016196,6759.600000015826,6615.300000015301,6701.000000015612,6705.050000015627,6749.500000015789,6749.550000015789,6759.550000015825,6759.600000015826,6857.400000016181,6861.450000016196,18.100000000000122,147.29999999999924,20.05000000000015,0,60.4499999999987,0.25,0,76.00000000000077,84.00000000000051
J001069,2023-01-03/MMTU,MMTU,AMR_31,G29_7,WS_19_20,"[""112072""]",1,6621.000000015321,6861.800000016197,6773.850000015877,6621.000000015321,6699.900000015608,6703.950000015623,6763.750000015841,6763.800000015841,6773.800000015877,6773.850000015877,6857.750000016183,6861.800000016197,18.100000000000122,145.64999999999887,21.050000000000164,0,55.74999999999897,0.25,0,66.00000000000026,96.00000000000065
J001070,2023-01-03/MMST,MMST,AMR_12,G34_2,WS_8_20,"[""101273""]",1,6641.900000015397,7064.800000016936,6860.850000016194,6641.900000015397,6683.85000001555,6687.900000015565,6850.750000016157,6850.800000016157,6860.800000016194,6860.850000016194,7060.750000016921,7064.800000016936,18.100000000000122,198.50000000001089,14.350000000000069,0,191.70000000000934,0.25,0,46.0,183.99999999999545
J001071,2023-01-03/LARK,LARK,AMR_15,G15_8,WS_30_20,"[""110500""]",1,6657.100000015453,6916.200000016395,6785.750000015921,6657.100000015453,6692.5000000155815,6696.550000015596,6775.650000015884,6775.700000015884,6785.7000000159205,6785.750000015921,6912.150000016381,6916.200000016395,18.100000000000122,167.90000000000393,22.90000000000019,0,49.9499999999993,0.25,0,24.0,151.99999999999847
J001072,2023-01-03/MMPL,MMPL,AMR_33,G3_10,WS_13_20,"[""101024""]",1,6659.300000015461,7119.150000017134,7042.800000016856,6659.300000015461,6825.700000016066,6829.750000016081,7032.700000016819,7032.750000016819,7042.750000016856,7042.800000016856,7115.100000017119,7119.150000017134,18.100000000000122,206.20000000001264,33.500000000000234,0,201.80000000001164,0.25,0,114.00000000000145,104.00000000000128
J001073,2023-01-03/MMTU,MMTU,AMR_07,G35_14,WS_19_20,"[""110466""]",1,6673.250000015511,6920.6500000164115,6847.350000016145,6673.250000015511,6740.550000015756,6744.600000015771,6837.250000016108,6837.300000016108,6847.300000016145,6847.350000016145,6916.600000016397,6920.6500000164115,18.100000000000122,131.7499999999957,13.350000000000055,0,83.94999999999737,0.25,0,54.00000000000013,92.00000000000004
J001074,2023-01-03/MMIM,MMIM,AMR_11,G9_10,WS_2_20,"[""110285"", ""112359""]",2,6692.300000015581,6830.5000000160835,6773.550000015876,6692.300000015581,6705.250000015628,6709.300000015643,6763.45000001584,6763.50000001584,6773.500000015876,6773.550000015876,6826.450000016069,6830.5000000160835,18.100000000000122,75.94999999999783,11.450000000000028,0,32.450000000000294,0.25,0,6.0,72.00000000000065
J001075,2023-01-03/MMPL,MMPL,AMR_40,G26_14,WS_13_20,"[""110461""]",1,6694.85000001559,6894.5500000163165,6796.750000015961,6694.85000001559,6722.050000015689,6726.100000015704,6786.650000015924,6786.700000015924,6796.7000000159605,6796.750000015961,6890.500000016302,6894.5500000163165,18.100000000000122,98.69999999999654,12.400000000000041,0,70.24999999999815,0.25,0,28.0,80.00000000000031
J001076,2023-01-03/MMTU,MMTU,AMR_22,G36_15,WS_19_20,"[""131976""]",1,6702.200000015617,6923.500000016422,6876.25000001625,6702.200000015617,6798.600000015967,6802.650000015982,6866.150000016213,6866.200000016213,6876.20000001625,6876.25000001625,6919.450000016407,6923.500000016422,18.100000000000122,161.85000000000255,20.05000000000015,0,21.050000000000164,0.25,0,98.00000000000053,96.0
J001077,2023-01-03/MMIM,MMIM,AMR_30,G12_10,WS_2_20,"[""107101"", ""110309""]",2,6706.300000015632,6871.050000016231,6807.650000016,6706.300000015632,6730.050000015718,6734.100000015733,6797.550000015964,6797.600000015964,6807.600000016,6807.650000016,6867.000000016216,6871.050000016231,18.100000000000122,101.69999999999636,14.350000000000069,0,30.350000000000296,0.25,0,26.0,84.00000000000071
J001078,2023-01-03/MMPL,MMPL,AMR_14,G21_8,WS_13_20,"[""113203""]",1,6709.0000000156415,7025.800000016794,6875.250000016246,6709.0000000156415,6817.350000016036,6821.40000001605,6865.15000001621,6865.20000001621,6875.200000016246,6875.250000016246,7021.750000016779,7025.800000016794,18.100000000000122,164.2500000000031,23.900000000000205,0,110.29999999999588,0.25,0,66.00000000000048,104.00000000000071
J001079,2023-01-03/LARK,LARK,AMR_28,G6_9,WS_30_20,"[""111281""]",1,6714.750000015662,7104.900000017082,7033.400000016822,6714.750000015662,6784.250000015915,6788.30000001593,7023.300000016785,7023.350000016785,7033.3500000168215,7033.400000016822,7100.850000017067,7104.900000017082,18.100000000000122,203.65000000001206,21.950000000000177,0,146.199999999999,0.25,0,60.00000000000098,175.99999999999594
J001080,2023-01-03/MMTU,MMTU,AMR_26,G20_2,WS_19_20,"[""129530""]",1,6716.400000015668,6975.000000016609,6893.4500000163125,6716.400000015668,6794.000000015951,6798.050000015965,6883.350000016276,6883.400000016276,6893.400000016312,6893.4500000163125,6970.9500000165945,6975.000000016609,18.100000000000122,136.34999999999675,18.150000000000123,0,85.74999999999727,0.25,0,56.0000000000005,88.00000000000077
J001081,2023-01-03/MMIM,MMIM,AMR_09,G5_15,WS_2_20,"[""111229""]",1,6722.900000015692,6851.750000016161,6824.700000016062,6722.900000015692,6768.850000015859,6772.900000015874,6814.600000016026,6814.650000016026,6824.650000016062,6824.700000016062,6847.700000016146,6851.750000016161,18.100000000000122,61.24999999999866,12.450000000000042,0,36.80000000000005,0.25,0,22.00000000000003,35.99999999999997
J001082,2023-01-03/MMPL,MMPL,AMR_10,G23_9,WS_13_20,"[""110256""]",1,6728.950000015714,7004.400000016716,6847.650000016146,6728.950000015714,6783.750000015913,6787.800000015928,6837.550000016109,6837.600000016109,6847.600000016146,6847.650000016146,7000.350000016701,7004.400000016716,18.100000000000122,130.3499999999954,19.100000000000136,0,107.64999999999603,0.25,0,36.00000000000003,88.00000000000023
J001083,2023-01-03/LARK,LARK,AMR_03,G3_9,WS_30_20,"[""111268""]",2,6739.400000015752,7334.500000017917,7146.100000017232,6739.400000015752,6908.450000016367,6912.500000016382,7136.000000017195,7136.050000017195,7146.0500000172315,7146.100000017232,7330.450000017902,7334.500000017917,18.100000000000122,288.9500000000314,38.29999999999996,0,249.50000000002248,0.25,0,108.00000000000095,203.99999999999426
J001084,2023-01-03/MMTU,MMTU,AMR_05,G33_8,WS_19_20,"[""110176""]",2,6741.850000015761,6999.750000016699,6916.8000000163975,6741.850000015761,6813.05000001602,6817.100000016035,6906.700000016361,6906.750000016361,6916.750000016397,6916.8000000163975,6995.7000000166845,6999.750000016699,18.100000000000122,168.10000000000397,22.000000000000178,0,49.44999999999933,0.25,0,60.000000000000696,128.00000000000045
J001085,2023-01-03/MMIM,MMIM,AMR_24,G0_11,WS_2_20,"[""101297""]",1,6743.250000015766,7257.6500000176375,7231.400000017542,6743.250000015766,7182.800000017365,7186.85000001738,7221.300000017505,7221.350000017505,7231.350000017542,7231.400000017542,7253.600000017623,7257.6500000176375,18.100000000000122,184.25000000000765,31.550000000000313,0,280.25000000002944,0.25,0,134.0000000000012,52.00000000000035
J001086,2023-01-03/MMPL,MMPL,AMR_04,G27_15,WS_13_20,"[""110341""]",1,6748.400000015785,7057.250000016908,6983.250000016639,6748.400000015785,6879.300000016261,6883.350000016276,6973.1500000166025,6973.200000016603,6983.200000016639,6983.250000016639,7053.200000016894,7057.250000016908,18.100000000000122,135.04999999999646,16.250000000000096,0,139.1999999999974,0.25,0,64.00000000000009,80.00000000000014
J001087,2023-01-03/MMST,MMST,AMR_38,G38_8,WS_8_20,"[""125185""]",1,6749.600000015789,7058.000000016911,6876.9500000162525,6749.600000015789,6749.600000015789,6753.650000015804,6866.850000016216,6866.900000016216,6876.900000016252,6876.9500000162525,7053.950000016896,7058.000000016911,18.100000000000122,166.30000000000356,13.350000000000055,0,110.44999999999587,0.2,0,0.0,183.9999999999964
J001088,2023-01-03/MMTU,MMTU,AMR_21,G8_5,WS_19_20,"[""101056""]",1,6756.350000015814,7137.900000017202,7043.8000000168595,6756.350000015814,6917.4500000164,6921.500000016415,7033.700000016823,7033.750000016823,7043.750000016859,7043.8000000168595,7133.850000017187,7137.900000017202,18.100000000000122,233.7000000000189,24.90000000000022,0,104.5999999999962,0.25,0,134.0000000000014,132.00000000000156
J001089,2023-01-03/MMIM,MMIM,AMR_02,G29_10,WS_2_20,"[""110186"", ""110232""]",2,6759.950000015827,7111.1500000171045,6987.000000016653,6759.950000015827,6904.050000016351,6908.100000016366,6976.900000016616,6976.950000016616,6986.950000016653,6987.000000016653,7107.10000001709,7111.1500000171045,18.100000000000122,191.45000000000928,21.000000000000163,0,120.3999999999953,0.25,0,62.00000000000061,152.0000000000003
J001090,2023-01-03/MMPL,MMPL,AMR_13,G21_7,WS_13_20,"[""111345""]",1,6767.700000015855,7070.500000016957,6944.650000016499,6767.700000015855,6823.700000016059,6827.7500000160735,6934.550000016462,6934.600000016462,6944.600000016499,6944.650000016499,7066.450000016942,7070.500000016957,18.100000000000122,133.4499999999961,19.150000000000137,0,131.84999999999573,0.25,0,38.00000000000011,96.00000000000054
J001091,2023-01-03/MMTU,MMTU,AMR_37,G24_2,WS_19_20,"[""138468""]",1,6774.750000015881,7044.9000000168635,6992.9500000166745,6774.750000015881,6926.650000016433,6930.700000016448,6982.850000016638,6982.900000016638,6992.900000016674,6992.9500000166745,7040.850000016849,7044.9000000168635,18.100000000000122,162.1000000000026,21.050000000000164,0,68.64999999999824,0.25,0,80.0000000000009,100.00000000000107
J001092,2023-01-03/LARK,LARK,AMR_35,G3_8,WS_30_20,"[""107103""]",1,6790.050000015936,7057.250000016908,6931.450000016451,6790.050000015936,6810.000000016009,6814.050000016024,6921.350000016414,6921.400000016414,6931.400000016451,6931.450000016451,7053.200000016894,7057.250000016908,18.100000000000122,181.70000000000707,19.100000000000136,0,48.04999999999941,0.25,0,16.0,203.99999999999432
J001093,2023-01-03/MMIM,MMIM,AMR_20,G8_13,WS_2_20,"[""110234""]",1,6792.650000015946,6954.050000016533,6917.650000016401,6792.650000015946,6866.650000016215,6870.70000001623,6907.550000016364,6907.600000016364,6917.6000000164,6917.650000016401,6950.000000016518,6954.050000016533,18.100000000000122,100.54999999999643,15.250000000000082,0,27.250000000000252,0.25,0,56.000000000000796,56.00000000000047
J001094,2023-01-03/MMPL,MMPL,AMR_19,G26_12,WS_13_20,"[""110499""]",1,6797.900000015965,7100.900000017067,7019.950000016773,6797.900000015965,6938.500000016476,6942.550000016491,7009.850000016736,7009.900000016736,7019.9000000167725,7019.950000016773,7096.8500000170525,7100.900000017067,18.100000000000122,169.40000000000427,21.000000000000163,0,94.24999999999679,0.25,0,98.00000000000159,88.00000000000051
J001095,2023-01-03/MMIM,MMIM,AMR_27,G5_14,WS_2_20,"[""107204""]",1,6798.150000015966,7106.000000017086,7063.850000016932,6798.150000015966,7020.350000016774,7024.400000016789,7053.750000016896,7053.800000016896,7063.800000016932,7063.850000016932,7101.950000017071,7106.000000017086,18.100000000000122,127.4999999999949,21.050000000000164,0,140.9499999999978,0.25,0,88.00000000000088,40.00000000000003
J001096,2023-01-03/MMST,MMST,AMR_25,G29_8,WS_8_20,"[""110514""]",1,6811.850000016016,7169.800000017318,7063.10000001693,6811.850000016016,6811.850000016016,6815.90000001603,7053.000000016893,7053.050000016893,7063.0500000169295,7063.10000001693,7165.750000017303,7169.800000017318,18.100000000000122,147.0499999999992,21.050000000000164,0,171.55000000000476,0.2,0,0.0,155.99999999999793
J001097,2023-01-03/MMIM,MMIM,AMR_11,G11_13,WS_2_20,"[""124184""]",1,6830.550000016084,6998.950000016696,6941.650000016488,6830.550000016084,6888.100000016293,6892.150000016308,6931.550000016451,6931.600000016451,6941.600000016488,6941.650000016488,6994.900000016682,6998.950000016696,18.100000000000122,114.69999999999563,17.15000000000011,0,18.200000000000124,0.25,0,50.000000000000355,68.00000000000031
J001098,2023-01-03/TGKK,TGKK,AMR_23,G6_10,WS_25_20,"[""107263""]",1,6843.800000016132,7237.250000017563,7133.950000017187,6843.800000016132,6962.300000016563,6966.350000016578,7123.850000017151,7123.900000017151,7133.900000017187,7133.950000017187,7233.2000000175485,7237.250000017563,18.100000000000122,231.5500000000184,28.700000000000273,0,114.84999999999562,0.25,0,106.00000000000156,155.99999999999793
J001099,2023-01-03/MMTU,MMTU,AMR_36,G35_10,WS_19_20,"[""100949""]",1,6848.350000016148,7038.050000016839,6952.800000016528,6848.350000016148,6886.650000016288,6890.7000000163025,6942.700000016492,6942.750000016492,6952.750000016528,6952.800000016528,7034.000000016824,7038.050000016839,18.100000000000122,125.49999999999501,15.250000000000082,0,30.6000000000003,0.25,0,38.0,108.00000000000036
J001100,2023-01-03/MMPL,MMPL,AMR_09,G18_5,WS_13_20,"[""107113""]",1,6851.800000016161,7145.200000017228,7086.500000017015,6851.800000016161,6919.100000016406,6923.150000016421,7076.400000016978,7076.450000016978,7086.450000017015,7086.500000017015,7141.150000017214,7145.200000017228,18.100000000000122,170.65000000000455,21.950000000000177,0,82.44999999999746,0.25,0,74.00000000000102,120.00000000000185
J001101,2023-01-03/LARK,LARK,AMR_06,G2_10,WS_30_20,"[""125462""]",1,6861.500000016196,7179.900000017355,7088.700000017023,6861.500000016196,6912.300000016381,6916.350000016396,7078.600000016986,7078.650000016986,7088.650000017023,7088.700000017023,7175.85000001734,7179.900000017355,18.100000000000122,196.3500000000104,17.100000000000108,0,86.59999999999722,0.25,0,46.0000000000002,167.99999999999653
J001102,2023-01-03/MMIM,MMIM,AMR_31,G9_9,WS_2_20,"[""110588""]",1,6861.850000016198,7064.900000016936,7021.300000016778,6861.850000016198,6945.0500000165,6949.100000016515,7011.200000016741,7011.250000016741,7021.250000016777,7021.300000016778,7060.8500000169215,7064.900000016936,18.100000000000122,134.59999999999636,19.100000000000136,0,31.000000000000306,0.25,0,76.000000000001,76.00000000000088
J001103,2023-01-03/LARK,LARK,AMR_30,G3_2,WS_30_20,"[""111226""]",1,6872.050000016235,7182.600000017364,7071.650000016961,6872.050000016235,6952.450000016527,6956.500000016542,7061.550000016924,7061.600000016924,7071.600000016961,7071.650000016961,7178.55000001735,7182.600000017364,18.100000000000122,214.15000000001444,19.100000000000136,0,58.94999999999879,0.25,0,66.00000000000101,187.99999999999514
J001104,2023-01-03/MMTU,MMTU,AMR_16,G35_9,WS_19_20,"[""110165""]",1,6877.400000016254,7078.050000016984,7010.050000016737,6877.400000016254,6939.650000016481,6943.700000016495,6999.9500000167,7000.0000000167,7010.0000000167365,7010.050000016737,7074.000000016969,7078.050000016984,18.100000000000122,153.35000000000062,16.250000000000096,0,12.700000000000045,0.25,0,68.00000000000038,112.00000000000087
J001105,2023-01-03/MMPL,MMPL,AMR_40,G23_7,WS_13_20,"[""101018""]",1,6894.600000016317,7126.0000000171585,7000.150000016701,6894.600000016317,6926.050000016431,6930.100000016446,6990.050000016664,6990.100000016664,7000.1000000167005,7000.150000016701,7121.950000017144,7126.0000000171585,18.100000000000122,142.2999999999981,17.20000000000011,0,53.549999999999095,0.25,0,24.00000000000003,132.00000000000196
J001106,2023-01-03/MMTU,MMTU,AMR_29,G32_5,WS_19_20,"[""110164""]",1,6903.050000016347,7091.200000017032,7027.100000016799,6903.050000016347,6938.700000016477,6942.750000016492,7017.000000016762,7017.050000016762,7027.050000016799,7027.100000016799,7087.150000017017,7091.200000017032,18.100000000000122,118.79999999999539,18.150000000000123,0,32.85000000000027,0.25,0,13.999999999999996,116.00000000000108
J001107,2023-01-03/MMTU,MMTU,AMR_15,G33_5,WS_19_20,"[""126834""]",1,6916.850000016398,7172.4500000173275,7066.400000016942,6916.850000016398,6967.00000001658,6971.050000016595,7056.300000016905,7056.350000016905,7066.3500000169415,7066.400000016942,7168.400000017313,7172.4500000173275,18.100000000000122,178.3500000000063,24.850000000000218,0,34.0500000000002,0.25,0,54.00000000000002,147.99999999999878
J001108,2023-01-03/MMIM,MMIM,AMR_07,G11_10,WS_2_20,"[""107457""]",1,6920.700000016412,7152.850000017256,7098.050000017057,6920.700000016412,7038.45000001684,7042.500000016855,7087.95000001702,7088.00000001702,7098.000000017057,7098.050000017057,7148.8000000172415,7152.850000017256,18.100000000000122,149.64999999999978,21.050000000000164,0,43.09999999999969,0.25,0,84.00000000000082,80.00000000000091
J001109,2023-01-03/MMST,MMST,AMR_08,G35_7,WS_8_20,"[""120778""]",1,6931.400000016451,7260.300000017647,7095.300000017047,6931.400000016451,6931.400000016451,6935.450000016465,7085.20000001701,7085.25000001701,7095.250000017047,7095.300000017047,7256.250000017632,7260.300000017647,18.100000000000122,171.3000000000047,15.300000000000082,0,123.9999999999951,0.2,0,0.0,207.99999999999145
J001110,2023-01-03/LARK,LARK,AMR_17,G0_10,WS_30_20,"[""107303""]",2,6931.900000016452,7125.250000017156,7054.550000016899,6931.900000016452,6931.900000016452,6935.950000016467,7044.450000016862,7044.500000016862,7054.500000016898,7054.550000016899,7121.200000017141,7125.250000017156,18.100000000000122,160.15000000000217,13.350000000000055,0,1.5500000000000007,0.2,0,0.0,207.99999999999204
J001111,2023-01-03/MMIM,MMIM,AMR_22,G15_15,WS_2_20,"[""110596""]",1,6941.700000016488,7155.4000000172655,7115.100000017119,6941.700000016488,6999.050000016697,7003.100000016711,7105.000000017082,7105.050000017082,7115.050000017119,7115.100000017119,7151.350000017251,7155.4000000172655,18.100000000000122,121.19999999999526,13.400000000000055,0,60.749999999998685,0.25,0,50.00000000000003,80.00000000000108
J001112,2023-01-03/MMPL,MMPL,AMR_20,G27_10,WS_13_20,"[""112032""]",1,6954.100000016533,7200.50000001743,7103.550000017077,6954.100000016533,7008.050000016729,7012.100000016744,7093.45000001704,7093.50000001704,7103.500000017077,7103.550000017077,7196.450000017415,7200.50000001743,18.100000000000122,136.89999999999688,16.250000000000096,0,74.89999999999789,0.25,0,48.0,100.00000000000057
J001113,2023-01-03/MMTU,MMTU,AMR_26,G38_9,WS_19_20,"[""110582""]",1,6975.050000016609,7185.000000017373,7126.50000001716,6975.050000016609,7036.450000016833,7040.5000000168475,7116.400000017124,7116.450000017124,7126.45000001716,7126.50000001716,7180.950000017358,7185.000000017373,18.100000000000122,142.09999999999806,13.350000000000055,0,36.150000000000084,0.25,0,50.000000000000384,124.0000000000005
J001114,2023-01-03/MMIM,MMIM,AMR_11,G14_10,WS_2_20,"[""112292""]",1,6999.0000000166965,7144.9500000172275,7080.750000016994,6999.0000000166965,7024.150000016788,7028.200000016803,7070.650000016957,7070.700000016957,7080.700000016994,7080.750000016994,7140.900000017213,7144.9500000172275,18.100000000000122,97.09999999999663,13.350000000000055,0,17.15000000000011,0.25,0,16.0,92.00000000000102
J001115,2023-01-03/MMPL,MMPL,AMR_05,G26_8,WS_13_20,"[""110360""]",1,6999.800000016699,7263.200000017658,7195.750000017412,6999.800000016699,7099.900000017064,7103.950000017078,7185.6500000173755,7185.700000017376,7195.700000017412,7195.750000017412,7259.150000017643,7263.200000017658,18.100000000000122,157.35000000000153,24.850000000000218,0,62.849999999998566,0.25,0,66.00000000000037,104.00000000000068
J001116,2023-01-03/MMTU,MMTU,AMR_10,G2_1,WS_19_20,"[""110339""]",1,7004.450000016716,7311.200000017832,7160.750000017285,7004.450000016716,7059.500000016917,7063.550000016931,7150.650000017248,7150.700000017248,7160.700000017285,7160.750000017285,7307.150000017818,7311.200000017832,18.100000000000122,185.60000000000795,17.15000000000011,0,85.64999999999728,0.25,0,62.000000000000995,163.99999999999778
J001117,2023-01-03/MMPL,MMPL,AMR_18,G27_9,WS_13_20,"[""110128""]",1,7025.850000016794,7242.700000017583,7138.200000017203,7025.850000016794,7057.400000016909,7061.450000016924,7128.100000017166,7128.150000017166,7138.150000017203,7138.200000017203,7238.650000017568,7242.700000017583,18.100000000000122,119.24999999999537,17.20000000000011,0,62.04999999999861,0.25,0,16.0,112.0000000000008
J001118,2023-01-03/MMIM,MMIM,AMR_14,G14_9,WS_2_20,"[""124210""]",1,7025.850000016794,7224.650000017517,7169.750000017318,7025.850000016794,7061.800000016925,7065.85000001694,7159.650000017281,7159.700000017281,7169.7000000173175,7169.750000017318,7220.600000017503,7224.650000017517,18.100000000000122,138.7999999999973,22.90000000000019,0,18.75000000000013,0.25,0,32.0,120.00000000000153
J001119,2023-01-03/MMPL,MMPL,AMR_36,G29_12,WS_13_20,"[""110528""]",1,7038.100000016839,7173.10000001733,7120.95000001714,7038.100000016839,7059.500000016917,7063.550000016931,7110.850000017103,7110.900000017104,7120.90000001714,7120.95000001714,7169.050000017315,7173.10000001733,18.100000000000122,97.84999999999658,11.400000000000027,0,7.399999999999982,0.25,0,16.0,100.0000000000006
J001120,2023-01-03/MMPL,MMPL,AMR_32,G27_8,WS_13_20,"[""101053""]",1,7042.850000016856,7572.9500000187845,7453.900000018351,7042.850000016856,7314.100000017843,7318.150000017858,7443.800000018315,7443.850000018315,7453.850000018351,7453.900000018351,7568.90000001877,7572.9500000187845,18.100000000000122,281.65000000002976,43.09999999999969,0,187.00000000000827,0.25,0,155.99999999999952,139.99999999999986
J001121,2023-01-03/MMTU,MMTU,AMR_35,G3_8,WS_19_20,"[""107301""]",1,7057.300000016909,7227.450000017528,7143.700000017223,7057.300000016909,7057.300000016909,7061.350000016923,7133.600000017186,7133.650000017186,7143.650000017223,7143.700000017223,7223.400000017513,7227.450000017528,18.100000000000122,109.49999999999592,11.450000000000028,0,30.900000000000304,0.2,0,0.0,120.00000000000107
J001122,2023-01-03/MMIM,MMIM,AMR_37,G26_10,WS_2_20,"[""110274"", ""110323""]",2,7063.900000016933,7274.050000017697,7196.450000017415,7063.900000016933,7085.600000017012,7089.650000017026,7186.350000017378,7186.400000017378,7196.400000017415,7196.450000017415,7270.000000017682,7274.050000017697,18.100000000000122,141.54999999999794,13.300000000000054,0,36.95000000000004,0.25,0,20.0,140.00000000000034
J001123,2023-01-03/MMIM,MMIM,AMR_04,G18_13,WS_2_20,"[""110162""]",1,7080.800000016994,7455.900000018359,7396.150000018141,7080.800000016994,7299.100000017788,7303.150000017803,7386.050000018105,7386.100000018105,7396.100000018141,7396.150000018141,7451.850000018344,7455.900000018359,18.100000000000122,184.5500000000077,25.80000000000023,0,146.39999999999904,0.25,0,82.00000000000028,104.00000000000117
J001124,2023-01-03/MMPL,MMPL,AMR_12,G29_9,WS_13_20,"[""111239""]",1,7086.550000017015,7429.850000018264,7293.900000017769,7086.550000017015,7121.700000017143,7125.750000017158,7283.800000017733,7283.850000017733,7293.850000017769,7293.900000017769,7425.800000018249,7429.850000018264,18.100000000000122,147.44999999999928,18.150000000000123,0,159.35000000000198,0.25,0,36.00000000000003,112.00000000000045
J001125,2023-01-03/PJOT,PJOT,AMR_34,G6_13,WS_8_20,"[""111391"", ""124208""]",2,7095.350000017047,7216.7000000174885,7179.250000017352,7095.350000017047,7128.2000000171665,7132.250000017181,7169.1500000173155,7169.200000017316,7179.200000017352,7179.250000017352,7212.650000017474,7216.7000000174885,18.100000000000122,60.69999999999869,12.400000000000041,0,29.90000000000029,0.25,0,8.0,48.00000000000013
J001126,2023-01-03/PJOT,PJOT,AMR_13,G20_13,WS_8_20,"[""110157""]",1,7095.350000017047,7394.950000018137,7313.35000001784,7095.350000017047,7243.850000017587,7247.900000017602,7303.250000017803,7303.3000000178035,7313.30000001784,7313.35000001784,7390.900000018122,7394.950000018137,18.100000000000122,144.8499999999987,21.050000000000164,0,115.34999999999559,0.25,0,62.000000000000355,84.00000000000065
J001127,2023-01-03/PJOT,PJOT,AMR_31,G20_10,WS_8_20,"[""124211""]",1,7095.350000017047,7278.150000017712,7209.950000017464,7095.350000017047,7123.65000001715,7127.700000017165,7199.850000017427,7199.900000017427,7209.900000017464,7209.950000017464,7274.100000017697,7278.150000017712,18.100000000000122,114.29999999999565,14.250000000000068,0,35.9000000000001,0.25,0,28.0,96.00000000000097
J001128,2023-01-03/PJOT,PJOT,AMR_16,G23_12,WS_8_20,"[""113194""]",1,7095.350000017047,7845.200000019775,7732.700000019366,7095.350000017047,7632.700000019002,7636.750000019017,7722.600000019329,7722.650000019329,7732.6500000193655,7732.700000019366,7841.15000001976,7845.200000019775,18.100000000000122,305.6000000000352,42.999999999999694,0,382.9000000000528,0.25,0,197.9999999999952,108.00000000000054
J001129,2023-01-03/PJOT,PJOT,AMR_29,G6_2,WS_8_20,"[""111212""]",1,7095.350000017047,7271.100000017686,7226.200000017523,7095.350000017047,7161.050000017286,7165.100000017301,7216.100000017486,7216.1500000174865,7226.150000017523,7226.200000017523,7267.050000017672,7271.100000017686,18.100000000000122,135.54999999999657,17.20000000000011,0,4.6499999999999915,0.25,0,66.00000000000085,92.00000000000131
J001130,2023-01-03/PJOT,PJOT,AMR_38,G23_9,WS_8_20,"[""110595""]",1,7095.350000017047,7702.600000019256,7580.800000018813,7095.350000017047,7167.900000017311,7171.950000017326,7570.700000018776,7570.7500000187765,7580.750000018813,7580.800000018813,7698.550000019241,7702.600000019256,18.100000000000122,203.8000000000121,21.000000000000163,0,364.1000000000485,0.25,0,40.00000000000004,163.9999999999989
J001131,2023-01-03/MMIM,MMIM,AMR_19,G17_10,WS_2_20,"[""101332""]",1,7100.950000017067,7396.250000018142,7341.000000017941,7100.950000017067,7220.600000017503,7224.650000017517,7330.900000017904,7330.950000017904,7340.9500000179405,7341.000000017941,7392.200000018127,7396.250000018142,18.100000000000122,143.79999999999845,18.150000000000123,0,114.99999999999561,0.25,0,62.00000000000048,104.00000000000173
J001132,2023-01-03/MMPL,MMPL,AMR_28,G9_1,WS_13_20,"[""126347""]",1,7104.950000017082,7266.350000017669,7219.8000000175,7104.950000017082,7129.15000001717,7133.200000017185,7209.700000017463,7209.750000017463,7219.7500000175,7219.8000000175,7262.300000017654,7266.350000017669,18.100000000000122,122.39999999999519,17.20000000000011,0,3.4499999999999957,0.25,0,21.999999999999922,120.00000000000219
J001133,2023-01-03/MMTU,MMTU,AMR_27,G5_14,WS_19_20,"[""107204""]",1,7106.050000017086,7248.400000017604,7190.000000017391,7106.050000017086,7106.050000017086,7110.100000017101,7179.900000017355,7179.950000017355,7189.950000017391,7190.000000017391,7244.350000017589,7248.400000017604,18.100000000000122,88.39999999999712,9.55,0,26.100000000000236,0.2,0,0.0,96.00000000000068
J001134,2023-01-03/MMIM,MMIM,AMR_02,G11_2,WS_2_20,"[""110286""]",1,7115.150000017119,7317.8500000178565,7248.750000017605,7115.150000017119,7163.550000017295,7167.60000001731,7238.650000017568,7238.7000000175685,7248.700000017605,7248.750000017605,7313.800000017842,7317.8500000178565,18.100000000000122,141.94999999999803,14.300000000000068,0,28.100000000000264,0.25,0,52.000000000000384,112.00000000000172
J001135,2023-01-03/MMPL,MMPL,AMR_33,G32_12,WS_13_20,"[""121833""]",2,7121.00000001714,7679.00000001917,7402.150000018163,7121.00000001714,7284.450000017735,7288.50000001775,7392.050000018126,7392.100000018127,7402.100000018163,7402.150000018163,7674.950000019156,7679.00000001917,18.100000000000122,231.9500000000185,26.800000000000246,0,280.9000000000296,0.25,0,118.00000000000145,135.9999999999999
J001136,2023-01-03/MMTU,MMTU,AMR_17,G0_10,WS_19_20,"[""101027""]",1,7125.300000017156,7349.300000017971,7282.900000017729,7125.300000017156,7125.300000017156,7129.350000017171,7272.800000017693,7272.850000017693,7282.850000017729,7282.900000017729,7345.250000017956,7349.300000017971,18.100000000000122,115.74999999999557,11.450000000000028,0,78.49999999999768,0.2,0,0.0,124.00000000000126
J001137,2023-01-03/TMAB,TMAB,AMR_40,G26_2,WS_25_20,"[""107120"", ""107317"", ""123094""]",3,7134.000000017188,7305.700000017812,7248.750000017605,7134.000000017188,7162.900000017293,7166.9500000173075,7238.650000017568,7238.7000000175685,7248.700000017605,7248.750000017605,7301.6500000177975,7305.700000017812,18.100000000000122,106.3999999999961,15.250000000000082,0,31.700000000000315,0.25,0,19.999999999999996,92.00000000000085
J001138,2023-01-03/TMAB,TMAB,AMR_21,G3_1,WS_25_20,"[""110195"", ""110198"", ""113097""]",4,7137.950000017202,7519.000000018588,7341.700000017943,7137.950000017202,7164.450000017298,7168.500000017313,7331.6000000179065,7331.650000017907,7341.650000017943,7341.700000017943,7514.9500000185735,7519.000000018588,18.100000000000122,204.7500000000123,26.750000000000245,0,131.19999999999558,0.25,0,17.99999999999999,199.99999999999477
J001139,2023-01-03/TMAB,TMAB,AMR_11,G30_15,WS_25_20,"[""110609"", ""140089""]",2,7145.000000017228,7557.800000018729,7508.40000001855,7145.000000017228,7447.0500000183265,7451.100000018341,7498.300000018513,7498.350000018513,7508.3500000185495,7508.40000001855,7553.750000018715,7557.800000018729,18.100000000000122,170.15000000000444,31.40000000000031,0,192.9000000000096,0.25,0,110.00000000000048,48.0
J001140,2023-01-03/TMAB,TMAB,AMR_09,G23_13,WS_25_20,"[""120448"", ""125183""]",2,7145.250000017229,7780.050000019538,7742.750000019402,7145.250000017229,7617.400000018946,7621.450000018961,7732.6500000193655,7732.700000019366,7742.700000019402,7742.750000019402,7776.000000019523,7780.050000019538,18.100000000000122,192.70000000000957,32.55000000000029,0,391.2000000000547,0.25,0,134.00000000000105,52.00000000000021
J001141,2023-01-03/MSAI,MSAI,AMR_07,G38_12,WS_30_20,"[""113162"", ""132437"", ""135075""]",3,7152.900000017256,7590.700000018849,7550.600000018703,7152.900000017256,7493.750000018496,7497.800000018511,7540.5000000186665,7540.550000018667,7550.550000018703,7550.600000018703,7586.650000018834,7590.700000018849,18.100000000000122,160.00000000000213,21.000000000000163,0,238.45000000001997,0.25,0,102.0000000000007,68.00000000000024
J001142,2023-01-03/MSAI,MSAI,AMR_22,G35_8,WS_30_20,"[""101067"", ""101202""]",2,7155.450000017266,7433.150000018276,7391.950000018126,7155.450000017266,7337.200000017927,7341.250000017942,7381.850000018089,7381.9000000180895,7391.900000018126,7391.950000018126,7429.100000018261,7433.150000018276,18.100000000000122,139.79999999999754,22.000000000000178,0,97.5499999999966,0.25,0,74.00000000000013,72.00000000000061
J001143,2023-01-03/MSAI,MSAI,AMR_25,G33_13,WS_30_20,"[""124208""]",1,7169.850000017318,7311.100000017832,7276.150000017705,7169.850000017318,7231.800000017543,7235.850000017558,7266.050000017668,7266.100000017668,7276.100000017705,7276.150000017705,7307.050000017817,7311.100000017832,18.100000000000122,85.89999999999726,17.20000000000011,0,19.800000000000146,0.25,0,38.000000000000114,52.00000000000013
J001144,2023-01-03/MSAI,MSAI,AMR_15,G23_15,WS_30_20,"[""101256""]",1,7172.500000017328,7411.300000018196,7375.3000000180655,7172.500000017328,7294.10000001777,7298.150000017785,7365.200000018029,7365.250000018029,7375.250000018065,7375.3000000180655,7407.250000018182,7411.300000018196,18.100000000000122,119.14999999999537,16.250000000000096,0,85.04999999999731,0.25,0,75.99999999999999,56.00000000000003
J001145,2023-01-03/TMAB,TMAB,AMR_36,G26_12,WS_25_20,"[""101329"", ""110191""]",3,7173.15000001733,7277.60000001771,7232.6500000175465,7173.15000001733,7188.150000017385,7192.200000017399,7222.55000001751,7222.60000001751,7232.600000017546,7232.6500000175465,7273.550000017695,7277.60000001771,18.100000000000122,62.2499999999986,11.400000000000027,0,12.450000000000042,0.25,0,10.0,52.00000000000023
J001146,2023-01-03/MSAI,MSAI,AMR_06,G38_13,WS_30_20,"[""110178""]",1,7179.950000017355,7513.450000018568,7443.950000018315,7179.950000017355,7396.150000018141,7400.200000018156,7433.8500000182785,7433.900000018279,7443.900000018315,7443.950000018315,7509.400000018553,7513.450000018568,18.100000000000122,169.25000000000423,27.75000000000026,0,118.14999999999543,0.25,0,106.00000000000064,76.00000000000044
J001147,2023-01-03/MMIM,MMIM,AMR_30,G21_12,WS_2_20,"[""101122""]",1,7182.650000017365,7687.500000019201,7574.900000018792,7182.650000017365,7271.450000017688,7275.500000017702,7564.800000018755,7564.850000018755,7574.850000018791,7574.900000018792,7683.4500000191865,7687.500000019201,18.100000000000122,175.60000000000568,20.10000000000015,0,290.80000000003184,0.25,0,60.000000000000455,136.00000000000162
J001148,2023-01-03/MMPL,MMPL,AMR_26,G32_8,WS_13_20,"[""101075""]",1,7185.050000017373,7441.350000018306,7314.5500000178445,7185.050000017373,7222.150000017508,7226.200000017523,7304.450000017808,7304.500000017808,7314.500000017844,7314.5500000178445,7437.300000018291,7441.350000018306,18.100000000000122,146.6999999999991,17.20000000000011,0,74.04999999999794,0.25,0,26.0,136.00000000000043
J001149,2023-01-03/TMAB,TMAB,AMR_20,G29_12,WS_25_20,"[""110161"", ""112056""]",3,7200.55000001743,7319.300000017862,7269.900000017682,7200.55000001743,7214.800000017482,7218.850000017496,7259.800000017645,7259.8500000176455,7269.850000017682,7269.900000017682,7315.250000017847,7319.300000017862,18.100000000000122,63.59999999999852,12.400000000000041,0,24.40000000000021,0.25,0,8.0,56.00000000000023
J001150,2023-01-03/MSAI,MSAI,AMR_34,G27_10,WS_30_20,"[""110310""]",1,7216.750000017489,7386.200000018105,7352.5000000179825,7216.750000017489,7296.200000017778,7300.250000017792,7342.400000017946,7342.450000017946,7352.450000017982,7352.5000000179825,7382.15000001809,7386.200000018105,18.100000000000122,99.3999999999965,15.300000000000082,0,36.40000000000007,0.25,0,48.0,60.00000000000041
J001151,2023-01-03/MMTU,MMTU,AMR_01,G5_10,WS_19_20,"[""110512""]",1,7223.650000017514,7376.050000018068,7317.350000017855,7223.650000017514,7223.650000017514,7227.7000000175285,7307.250000017818,7307.300000017818,7317.3000000178545,7317.350000017855,7372.0000000180535,7376.050000018068,18.100000000000122,100.74999999999642,9.5,0,23.850000000000204,0.2,0,0.0,108.000000000001
J001152,2023-01-03/MMPL,MMPL,AMR_14,G35_15,WS_13_20,"[""107285""]",1,7224.700000017518,7555.25000001872,7470.950000018413,7224.700000017518,7293.800000017769,7297.850000017784,7460.850000018377,7460.900000018377,7470.900000018413,7470.950000018413,7551.200000018705,7555.25000001872,18.100000000000122,181.65000000000705,18.100000000000122,0,112.44999999999575,0.25,0,58.00000000000023,139.99999999999977
J001153,2023-01-03/MMIM,MMIM,AMR_35,G21_10,WS_2_20,"[""107254""]",1,7227.500000017528,7482.950000018457,7378.850000018078,7227.500000017528,7303.000000017802,7307.050000017817,7368.750000018042,7368.800000018042,7378.800000018078,7378.850000018078,7478.900000018442,7482.950000018457,18.100000000000122,168.05000000000396,18.150000000000123,0,50.899999999999245,0.25,0,76.00000000000091,120.00000000000182
J001154,2023-01-03/TMAB,TMAB,AMR_23,G35_13,WS_25_20,"[""107444"", ""111897""]",2,7237.300000017563,7473.050000018421,7406.400000018179,7237.300000017563,7342.300000017945,7346.35000001796,7396.300000018142,7396.350000018142,7406.350000018178,7406.400000018179,7469.000000018406,7473.050000018421,18.100000000000122,128.79999999999504,13.350000000000055,0,75.24999999999787,0.25,0,64.00000000000004,76.00000000000013
J001155,2023-01-03/MMPL,MMPL,AMR_18,G35_14,WS_13_20,"[""110262""]",1,7242.750000017583,7546.250000018687,7419.5500000182265,7242.750000017583,7274.350000017698,7278.400000017713,7409.45000001819,7409.50000001819,7419.500000018226,7419.5500000182265,7542.200000018673,7546.250000018687,18.100000000000122,151.80000000000027,21.050000000000164,0,112.29999999999576,0.25,0,26.0,136.00000000000009
J001156,2023-01-03/MMIM,MMIM,AMR_27,G24_12,WS_2_20,"[""111285""]",1,7248.450000017604,7772.5000000195105,7591.950000018854,7248.450000017604,7423.35000001824,7427.400000018255,7581.850000018817,7581.900000018817,7591.9000000188535,7591.950000018854,7768.450000019496,7772.5000000195105,18.100000000000122,246.25000000002174,34.350000000000186,0,225.10000000001693,0.25,0,114.00000000000122,156.00000000000105
J001157,2023-01-03/MMTU,MMTU,AMR_24,G0_11,WS_19_20,"[""101297""]",1,7257.700000017638,7412.1500000181995,7353.350000017986,7257.700000017638,7257.700000017638,7261.750000017652,7343.250000017949,7343.300000017949,7353.300000017985,7353.350000017986,7408.100000018185,7412.1500000181995,18.100000000000122,100.94999999999641,9.55,0,25.65000000000023,0.2,0,0.0,120.00000000000198
J001158,2023-01-03/MMTU,MMTU,AMR_08,G35_7,WS_19_20,"[""111367""]",1,7260.350000017647,7478.20000001844,7334.550000017917,7260.350000017647,7260.350000017647,7264.400000017662,7324.4500000178805,7324.500000017881,7334.500000017917,7334.550000017917,7474.150000018425,7478.20000001844,18.100000000000122,113.69999999999568,11.450000000000028,0,74.39999999999792,0.2,0,0.0,136.00000000000003
J001159,2023-01-03/TMAB,TMAB,AMR_05,G26_8,WS_25_20,"[""101189"", ""124483""]",2,7263.250000017658,7474.350000018426,7325.600000017885,7263.250000017658,7263.250000017658,7267.300000017673,7315.500000017848,7315.550000017848,7325.5500000178845,7325.600000017885,7470.300000018411,7474.350000018426,18.100000000000122,99.54999999999649,15.300000000000082,0,77.94999999999771,0.2,0,0.0,96.00000000000014
J001160,2023-01-03/MMIM,MMIM,AMR_28,G21_6,WS_2_20,"[""101077""]",1,7266.400000017669,7634.450000019008,7430.250000018265,7266.400000017669,7304.850000017809,7308.900000017824,7420.150000018229,7420.200000018229,7430.200000018265,7430.250000018265,7630.4000000189935,7634.450000019008,18.100000000000122,193.85000000000983,21.000000000000163,0,134.8499999999964,0.25,0,42.00000000000021,176.00000000000048
J001161,2023-01-03/TMAB,TMAB,AMR_29,G18_9,WS_25_20,"[""110509"", ""110618""]",2,7271.150000017687,7485.8000000184675,7446.200000018323,7271.150000017687,7318.80000001786,7322.850000017875,7436.100000018287,7436.150000018287,7446.150000018323,7446.200000018323,7481.750000018453,7485.8000000184675,18.100000000000122,128.04999999999487,21.050000000000164,0,47.199999999999456,0.25,0,50.000000000000284,92.00000000000094
J001162,2023-01-03/PJOT,PJOT,AMR_37,G26_10,WS_8_20,"[""110323""]",1,7274.100000017697,7450.65000001834,7358.350000018004,7274.100000017697,7274.100000017697,7278.150000017712,7348.250000017967,7348.300000017967,7358.300000018004,7358.350000018004,7446.600000018325,7450.65000001834,18.100000000000122,110.89999999999584,12.400000000000041,0,34.95000000000015,0.2,0,0.0,124.00000000000153
J001163,2023-01-03/MSAI,MSAI,AMR_36,G21_13,WS_30_20,"[""123305""]",1,7277.65000001771,7664.450000019117,7489.6500000184815,7277.65000001771,7383.650000018096,7387.700000018111,7479.550000018445,7479.600000018445,7489.600000018481,7489.6500000184815,7660.400000019103,7664.450000019117,18.100000000000122,113.24999999999571,19.100000000000136,0,236.10000000001943,0.25,0,32.0,72.00000000000014
J001164,2023-01-03/MMPL,MMPL,AMR_31,G33_8,WS_13_20,"[""110522""]",1,7293.9500000177695,7612.650000018929,7488.0000000184755,7293.9500000177695,7345.550000017957,7349.600000017972,7477.900000018439,7477.950000018439,7487.950000018475,7488.0000000184755,7608.600000018914,7612.650000018929,18.100000000000122,183.30000000000743,18.100000000000122,0,98.94999999999652,0.25,0,58.0000000000003,139.99999999999946
J001165,2023-01-03/MMPL,MMPL,AMR_25,G33_13,WS_13_20,"[""111303""]",1,7314.600000017845,7553.950000018715,7436.850000018289,7314.600000017845,7314.600000017845,7318.650000017859,7426.750000018253,7426.800000018253,7436.800000018289,7436.850000018289,7549.900000018701,7553.950000018715,18.100000000000122,116.04999999999555,9.55,0,95.44999999999672,0.2,0,0.0,120.0000000000003
J001166,2023-01-03/TMAB,TMAB,AMR_20,G20_10,WS_25_20,"[""107459"", ""124211"", ""134029""]",3,7325.650000017885,7785.250000019557,7530.40000001863,7325.650000017885,7428.300000018258,7432.350000018273,7520.300000018593,7520.350000018593,7530.3500000186295,7530.40000001863,7781.200000019542,7785.250000019557,18.100000000000122,167.25000000000378,25.70000000000023,0,248.3000000000222,0.25,0,82.00000000000145,88.00000000000026
J001167,2023-01-03/MMIM,MMIM,AMR_03,G3_9,WS_2_20,"[""112367""]",1,7341.050000017941,7463.500000018386,7413.200000018203,7341.050000017941,7341.050000017941,7345.100000017956,7403.100000018167,7403.150000018167,7413.150000018203,7413.200000018203,7459.450000018372,7463.500000018386,18.100000000000122,58.54999999999881,7.649999999999981,0,37.94999999999998,0.2,0,0.0,60.000000000000455
J001168,2023-01-03/TMAB,TMAB,AMR_40,G24_7,WS_25_20,"[""112071"", ""131216""]",2,7341.750000017943,7546.300000018688,7430.150000018265,7341.750000017943,7360.300000018011,7364.350000018026,7420.050000018228,7420.1000000182285,7430.100000018265,7430.150000018265,7542.250000018673,7546.300000018688,18.100000000000122,94.44999999999678,17.25000000000011,0,74.49999999999791,0.25,0,14.0,80.00000000000045
J001169,2023-01-03/MSAI,MSAI,AMR_02,G29_8,WS_30_20,"[""110569""]",1,7352.550000017983,7510.650000018558,7472.450000018419,7352.550000017983,7410.650000018194,7414.700000018209,7462.350000018382,7462.400000018382,7472.400000018419,7472.450000018419,7506.600000018543,7510.650000018558,18.100000000000122,113.89999999999567,16.200000000000095,0,9.650000000000002,0.25,0,60.00000000000037,68.00000000000063
J001170,2023-01-03/PUPT,PUPT,AMR_10,G8_7,WS_19_20,"[""107344""]",1,7353.400000017986,7516.150000018578,7462.800000018384,7353.400000017986,7382.700000018092,7386.750000018107,7452.700000018347,7452.750000018347,7462.750000018384,7462.800000018384,7512.100000018563,7516.150000018578,18.100000000000122,121.04999999999526,13.350000000000055,0,10.000000000000007,0.25,0,27.99999999999995,112.0000000000015
J001171,2023-01-03/MSAI,MSAI,AMR_17,G35_9,WS_30_20,"[""125547""]",1,7375.350000018066,7782.500000019547,7737.700000019384,7375.350000018066,7677.200000019164,7681.2500000191785,7727.600000019347,7727.650000019347,7737.650000019384,7737.700000019384,7778.450000019532,7782.500000019547,18.100000000000122,153.85000000000073,25.00000000000022,0,209.9500000000135,0.25,0,100.00000000000024,68.0000000000005
J001172,2023-01-03/MMIM,MMIM,AMR_01,G2_1,WS_2_20,"[""110339""]",1,7378.900000018079,7512.650000018565,7473.700000018423,7378.900000018079,7410.950000018195,7415.00000001821,7463.600000018387,7463.650000018387,7473.650000018423,7473.700000018423,7508.60000001855,7512.650000018565,18.100000000000122,98.89999999999652,12.400000000000041,0,4.099999999999993,0.25,0,27.99999999999993,92.00000000000153
J001173,2023-01-03/MSAI,MSAI,AMR_34,G38_10,WS_30_20,"[""107238""]",1,7392.000000018126,7559.000000018734,7506.7000000185435,7392.000000018126,7438.500000018295,7442.55000001831,7496.600000018507,7496.650000018507,7506.650000018543,7506.7000000185435,7554.950000018719,7559.000000018734,18.100000000000122,99.94999999999646,12.35000000000004,0,36.35000000000007,0.25,0,26.0,84.00000000000031
J001174,2023-01-03/MMIM,MMIM,AMR_13,G0_10,WS_2_20,"[""101027""]",1,7396.2000000181415,7585.200000018829,7557.700000018729,7396.2000000181415,7508.150000018549,7512.2000000185635,7547.600000018692,7547.6500000186925,7557.650000018729,7557.700000018729,7581.150000018814,7585.200000018829,18.100000000000122,116.29999999999553,15.300000000000082,0,39.04999999999992,0.25,0,78.00000000000139,56.00000000000045
J001175,2023-01-03/MMPL,MMPL,AMR_19,G35_12,WS_13_20,"[""110592""]",1,7402.200000018163,8107.550000020729,7845.650000019777,7402.200000018163,7688.850000019206,7692.900000019221,7835.55000001974,7835.60000001974,7845.600000019776,7845.650000019777,8103.500000020715,8107.550000020729,18.100000000000122,237.6500000000198,38.49999999999995,0,410.85000000005914,0.25,0,92.00000000000067,155.99999999999642
J001176,2023-01-03/TMAB,TMAB,AMR_15,G23_7,WS_25_20,"[""101066"", ""101164""]",2,7411.350000018197,7712.500000019292,7654.750000019082,7411.350000018197,7525.750000018613,7529.8000000186275,7644.650000019045,7644.700000019046,7654.700000019082,7654.750000019082,7708.4500000192775,7712.500000019292,18.100000000000122,140.9499999999978,23.950000000000205,0,117.89999999999544,0.25,0,48.00000000000036,104.00000000000131
J001177,2023-01-03/MMIM,MMIM,AMR_24,G23_8,WS_2_20,"[""110132""]",1,7413.2500000182035,7841.10000001976,7668.200000019131,7413.2500000182035,7489.35000001848,7493.400000018495,7658.100000019094,7658.1500000190945,7668.150000019131,7668.200000019131,7837.050000019745,7841.10000001976,18.100000000000122,214.4000000000145,21.050000000000164,0,174.05000000000533,0.25,0,84.00000000000134,175.99999999999946
J001178,2023-01-03/PJOT,PJOT,AMR_12,G29_9,WS_8_20,"[""110599""]",1,7429.900000018264,8042.900000020494,7868.60000001986,7429.900000018264,7429.900000018264,7433.950000018279,7858.500000019823,7858.5500000198235,7868.55000001986,7868.60000001986,8038.8500000204795,8042.900000020494,18.100000000000122,140.79999999999777,19.100000000000136,0,434.8000000000646,0.2,0,0.0,143.99999999999946
J001179,2023-01-03/MMPL,MMPL,AMR_22,G36_15,WS_13_20,"[""122631""]",1,7433.200000018276,7949.400000020154,7753.400000019441,7433.200000018276,7463.400000018386,7467.450000018401,7743.300000019404,7743.350000019404,7753.350000019441,7753.400000019441,7945.350000020139,7949.400000020154,18.100000000000122,175.40000000000563,21.950000000000177,0,300.50000000003405,0.25,0,24.0,151.99999999999704
J001180,2023-01-03/TMAB,TMAB,AMR_26,G17_10,WS_25_20,"[""107232"", ""110419"", ""110433"", ""110555""]",6,7441.400000018306,7926.450000020071,7868.70000001986,7441.400000018306,7670.350000019139,7674.400000019154,7858.600000019824,7858.650000019824,7868.65000001986,7868.70000001986,7922.400000020056,7926.450000020071,18.100000000000122,164.7500000000032,27.80000000000026,0,274.15000000002806,0.25,0,66.00000000000017,96.00000000000009
J001181,2023-01-03/MSAI,MSAI,AMR_37,G17_12,WS_30_20,"[""136998""]",1,7450.70000001834,7974.800000020246,7849.2000000197895,7450.70000001834,7607.200000018909,7611.250000018924,7839.100000019753,7839.150000019753,7849.150000019789,7849.2000000197895,7970.750000020232,7974.800000020246,18.100000000000122,208.10000000001307,25.80000000000023,0,271.85000000002753,0.25,0,102.0000000000017,120.00000000000017
J001182,2023-01-03/MMPL,MMPL,AMR_04,G32_6,WS_13_20,"[""115181""]",1,7455.950000018359,8170.400000020958,7807.7000000196385,7455.950000018359,7611.800000018926,7615.850000018941,7797.600000019602,7797.650000019602,7807.650000019638,7807.7000000196385,8166.350000020943,8170.400000020958,18.100000000000122,247.65000000002206,32.55000000000029,0,415.9000000000603,0.25,0,106.00000000000145,159.99999999999702
J001183,2023-01-03/SEMY,SEMY,AMR_03,G20_14,WS_19_20,"[""110178""]",1,7463.5500000183865,7585.50000001883,7557.400000018728,7463.5500000183865,7512.7500000185655,7516.80000001858,7547.300000018691,7547.350000018691,7557.350000018728,7557.400000018728,7581.450000018815,7585.50000001883,18.100000000000122,85.04999999999731,15.300000000000082,0,3.2499999999999964,0.25,0,52.000000000000384,40.00000000000004
J001184,2023-01-03/SEMY,SEMY,AMR_23,G24_15,WS_19_20,"[""112432""]",1,7473.100000018421,8097.200000020692,8042.450000020493,7473.100000018421,7585.6000000188305,7589.650000018845,8032.350000020456,8032.400000020456,8042.400000020492,8042.450000020493,8093.150000020677,8097.200000020692,18.100000000000122,264.05000000002576,41.1999999999998,0,300.50000000003405,0.25,0,62.00000000000031,211.99999999999653
J001185,2023-01-03/SEMY,SEMY,AMR_05,G17_13,WS_19_20,"[""110342""]",1,7474.400000018426,7873.400000019878,7631.650000018998,7474.400000018426,7568.700000018769,7572.750000018784,7621.550000018961,7621.6000000189615,7631.600000018998,7631.650000018998,7869.350000019863,7873.400000019878,18.100000000000122,169.00000000000418,26.800000000000246,0,184.85000000000778,0.25,0,64.0000000000007,104.00000000000074
J001186,2023-01-03/SEMY,SEMY,AMR_08,G14_14,WS_19_20,"[""110603""]",1,7478.25000001844,7863.650000019842,7801.900000019617,7478.25000001844,7710.250000019284,7714.300000019299,7791.800000019581,7791.850000019581,7801.850000019617,7801.900000019617,7859.600000019827,7863.650000019842,18.100000000000122,215.20000000001468,30.6500000000003,0,121.19999999999526,0.25,0,175.99999999999653,60.000000000000156
J001187,2023-01-03/MMIM,MMIM,AMR_35,G26_14,WS_2_20,"[""110169""]",1,7483.000000018457,8171.3500000209615,8053.000000020531,7483.000000018457,7771.450000019507,7775.500000019521,8042.900000020494,8042.950000020494,8052.950000020531,8053.000000020531,8167.300000020947,8171.3500000209615,18.100000000000122,259.10000000002464,33.45000000000024,0,377.45000000005155,0.25,0,70.00000000000028,203.99999999999793
J001188,2023-01-03/MMPL,MMPL,AMR_29,G3_9,WS_13_20,"[""110351""]",1,7485.850000018468,7658.200000019095,7601.550000018889,7485.850000018468,7539.250000018662,7543.300000018677,7591.450000018852,7591.500000018852,7601.500000018888,7601.550000018889,7654.15000001908,7658.200000019095,18.100000000000122,128.1999999999949,17.20000000000011,0,8.599999999999987,0.25,0,58.00000000000087,92.00000000000107
J001189,2023-01-03/PJOT,PJOT,AMR_39,G32_9,WS_8_20,"[""122814""]",1,7486.3500000184695,8086.850000020654,7852.800000019803,7486.3500000184695,7486.3500000184695,7490.400000018484,7842.700000019766,7842.750000019766,7852.750000019802,7852.800000019803,8082.800000020639,8086.850000020654,18.100000000000122,176.70000000000593,22.85000000000019,0,382.6500000000527,0.2,0,0.0,179.9999999999935
J001190,2023-01-03/MSAI,MSAI,AMR_02,G14_10,WS_30_20,"[""101276""]",1,7510.700000018558,8167.050000020946,7908.350000020005,7510.700000018558,7631.550000018998,7635.600000019012,7898.250000019968,7898.300000019968,7908.3000000200045,7908.350000020005,8163.000000020931,8167.050000020946,18.100000000000122,209.85000000001347,31.500000000000313,0,396.6500000000559,0.25,0,38.000000000000114,183.99999999999636
J001191,2023-01-03/TMAB,TMAB,AMR_01,G17_9,WS_25_20,"[""110554"", ""111998""]",2,7512.700000018565,7922.000000020054,7828.150000019713,7512.700000018565,7556.850000018726,7560.900000018741,7818.050000019676,7818.100000019676,7828.100000019713,7828.150000019713,7917.95000002004,7922.000000020054,18.100000000000122,150.80000000000004,24.850000000000218,0,215.3000000000147,0.25,0,50.00000000000057,108.00000000000017
J001192,2023-01-03/SEMY,SEMY,AMR_06,G18_10,WS_19_20,"[""112087""]",1,7513.500000018568,7948.800000020152,7858.700000019824,7513.500000018568,7644.200000019044,7648.2500000190585,7848.600000019787,7848.6500000197875,7858.650000019824,7858.700000019824,7944.750000020137,7948.800000020152,18.100000000000122,147.79999999999936,25.00000000000022,0,244.15000000002127,0.25,0,50.0,96.0000000000008
J001193,2023-01-03/MMPL,MMPL,AMR_10,G36_10,WS_13_20,"[""107323""]",1,7516.200000018578,8062.750000020566,7862.550000019838,7516.200000018578,7687.950000019203,7692.000000019218,7852.450000019801,7852.5000000198015,7862.500000019838,7862.550000019838,8058.700000020552,8062.750000020566,18.100000000000122,259.60000000002475,25.850000000000232,0,242.75000000002095,0.25,0,102.0000000000004,183.9999999999934
J001194,2023-01-03/MSAI,MSAI,AMR_21,G14_9,WS_30_20,"[""110227""]",1,7519.050000018588,7806.200000019633,7703.60000001926,7519.050000018588,7561.050000018741,7565.100000018756,7693.500000019223,7693.550000019223,7703.55000001926,7703.60000001926,7802.150000019618,7806.200000019633,18.100000000000122,147.4999999999993,17.20000000000011,0,104.09999999999623,0.25,0,42.00000000000023,124.00000000000051
J001195,2023-01-03/TMAB,TMAB,AMR_18,G29_7,WS_25_20,"[""107389"", ""132280""]",2,7546.300000018688,7743.1000000194035,7675.650000019158,7546.300000018688,7594.800000018864,7598.850000018879,7665.550000019121,7665.600000019122,7675.600000019158,7675.650000019158,7739.050000019389,7743.1000000194035,18.100000000000122,106.69999999999608,17.20000000000011,0,54.54999999999904,0.25,0,30.00000000000003,80.00000000000063
J001196,2023-01-03/MMIM,MMIM,AMR_40,G24_8,WS_2_20,"[""101076""]",1,7546.350000018688,7801.200000019615,7646.850000019053,7546.350000018688,7550.350000018702,7554.400000018717,7636.750000019017,7636.800000019017,7646.800000019053,7646.850000019053,7797.1500000196,7801.200000019615,18.100000000000122,145.2999999999988,15.200000000000081,0,75.99999999999783,0.25,0,2.0,171.999999999999
J001197,2023-01-03/MSAI,MSAI,AMR_25,G24_1,WS_30_20,"[""110357""]",3,7554.000000018716,7796.450000019598,7720.650000019322,7554.000000018716,7617.600000018947,7621.650000018962,7710.550000019285,7710.600000019285,7720.600000019322,7720.650000019322,7792.400000019583,7796.450000019598,18.100000000000122,167.25000000000378,21.950000000000177,0,34.900000000000155,0.25,0,58.0000000000001,132.00000000000128
J001198,2023-01-03/SEMY,SEMY,AMR_14,G18_9,WS_19_20,"[""107381""]",1,7555.30000001872,7957.350000020183,7875.750000019886,7555.30000001872,7653.550000019078,7657.6000000190925,7865.650000019849,7865.7000000198495,7875.700000019886,7875.750000019886,7953.300000020168,7957.350000020183,18.100000000000122,153.20000000000059,20.10000000000015,0,210.4000000000136,0.25,0,46.00000000000004,100.00000000000088
J001199,2023-01-03/MMPL,MMPL,AMR_11,G31_2,WS_13_20,"[""110847""]",1,7557.85000001873,8084.300000020645,7882.950000019912,7557.85000001873,7609.300000018917,7613.3500000189315,7872.850000019876,7872.900000019876,7882.900000019912,7882.950000019912,8080.25000002063,8084.300000020645,18.100000000000122,224.30000000001675,22.90000000000019,0,260.90000000002505,0.25,0,27.999999999999986,207.99999999999207
J001200,2023-01-03/TMAB,TMAB,AMR_34,G11_13,WS_25_20,"[""101330"", ""101337""]",2,7559.050000018734,8079.250000020626,7884.1000000199165,7559.050000018734,7698.450000019241,7702.500000019256,7874.00000001988,7874.05000001988,7884.050000019916,7884.1000000199165,8075.200000020612,8079.250000020626,18.100000000000122,209.35000000001335,23.800000000000203,0,268.7000000000268,0.25,0,88.00000000000088,124.00000000000054
J001201,2023-01-03/MMIM,MMIM,AMR_32,G26_8,WS_2_20,"[""107175""]",1,7573.000000018785,7872.150000019873,7685.450000019194,7573.000000018785,7576.350000018797,7580.400000018812,7675.350000019157,7675.400000019157,7685.400000019194,7685.450000019194,7868.100000019858,7872.150000019873,18.100000000000122,146.79999999999913,15.300000000000082,0,118.6999999999954,0.25,0,2.0,163.99999999999747
J001202,2023-01-03/MSAI,MSAI,AMR_13,G8_12,WS_30_20,"[""112010""]",1,7585.250000018829,7949.750000020155,7808.10000001964,7585.250000018829,7610.400000018921,7614.4500000189355,7798.000000019603,7798.050000019603,7808.05000001964,7808.10000001964,7945.700000020141,7949.750000020155,18.100000000000122,154.2000000000008,18.100000000000122,0,173.85000000000528,0.25,0,20.000000000000007,147.9999999999987
J001203,2023-01-03/SEMY,SEMY,AMR_03,G6_13,WS_19_20,"[""124208""]",1,7585.55000001883,8019.9000000204105,7926.500000020071,7585.55000001883,7785.950000019559,7790.000000019574,7916.400000020034,7916.450000020034,7926.450000020071,7926.500000020071,8015.850000020396,8019.9000000204105,18.100000000000122,139.74999999999753,21.150000000000166,0,255.10000000002375,0.25,0,46.000000000000355,88.00000000000031
J001204,2023-01-03/MMIM,MMIM,AMR_07,G24_2,WS_2_20,"[""138468""]",1,7590.750000018849,7801.700000019617,7727.350000019346,7590.750000018849,7643.15000001904,7647.200000019055,7717.2500000193095,7717.30000001931,7727.300000019346,7727.350000019346,7797.650000019602,7801.700000019617,18.100000000000122,171.2500000000047,14.250000000000068,0,7.099999999999983,0.25,0,56.000000000000014,163.99999999999827
J001205,2023-01-03/MMPL,MMPL,AMR_31,G0_10,WS_13_20,"[""120779""]",1,7612.700000018929,8079.5500000206275,8020.750000020414,7612.700000018929,7790.150000019575,7794.200000019589,8010.650000020377,8010.700000020377,8020.700000020413,8020.750000020414,8075.500000020613,8079.5500000206275,18.100000000000122,233.7000000000189,28.750000000000274,0,186.05000000000805,0.25,0,177.9999999999959,100.0000000000014
J001206,2023-01-03/SEMY,SEMY,AMR_28,G0_15,WS_19_20,"[""110519""]",1,7634.500000019008,8009.050000020371,7841.750000019762,7634.500000019008,7714.900000019301,7718.950000019316,7831.650000019726,7831.700000019726,7841.700000019762,7841.750000019762,8005.000000020356,8009.050000020371,18.100000000000122,225.10000000001693,24.800000000000217,0,106.2999999999961,0.25,0,96.00000000000215,175.999999999997
J001207,2023-01-03/MMIM,MMIM,AMR_29,G29_8,WS_2_20,"[""110514""]",1,7658.250000019095,7954.450000020172,7872.350000019874,7658.250000019095,7773.350000019514,7777.400000019528,7862.250000019837,7862.300000019837,7872.300000019874,7872.350000019874,7950.400000020158,7954.450000020172,18.100000000000122,241.05000000002056,24.850000000000218,0,11.950000000000035,0.25,0,122.00000000000162,179.9999999999964
J001208,2023-01-03/TMAB,TMAB,AMR_36,G6_9,WS_25_20,"[""110136"", ""111281""]",2,7664.500000019118,8142.400000020856,8081.450000020634,7664.500000019118,7745.400000019412,7749.450000019427,8071.350000020598,8071.400000020598,8081.400000020634,8081.450000020634,8138.350000020841,8142.400000020856,18.100000000000122,226.50000000001725,26.750000000000245,0,206.30000000001266,0.25,0,42.00000000000017,215.99999999999167
J001209,2023-01-03/MMIM,MMIM,AMR_33,G35_14,WS_2_20,"[""110466""]",1,7679.0500000191705,8268.300000019926,8161.550000020926,7679.0500000191705,7712.700000019293,7716.750000019308,8151.450000020889,8151.500000020889,8161.500000020926,8161.550000020926,8264.250000019985,8268.300000019926,18.100000000000122,191.35000000000926,20.05000000000015,0,359.50000000004746,0.25,0,14.0,191.9999999999949
J001210,2023-01-03/MMIM,MMIM,AMR_30,G35_10,WS_2_20,"[""100949""]",1,7687.550000019201,8151.5500000208895,8036.100000020469,7687.550000019201,7750.45000001943,7754.500000019445,8026.000000020433,8026.050000020433,8036.050000020469,8036.100000020469,8147.500000020875,8151.5500000208895,18.100000000000122,239.80000000002028,27.650000000000258,0,178.20000000000627,0.25,0,32.0,223.9999999999901
J001211,2023-01-03/TMAB,TMAB,AMR_38,G29_15,WS_25_20,"[""110432""]",1,7702.650000019256,7816.100000019669,7777.250000019528,7702.650000019256,7735.800000019377,7739.850000019392,7767.150000019491,7767.200000019491,7777.200000019528,7777.250000019528,7812.050000019654,7816.100000019669,18.100000000000122,69.14999999999822,10.450000000000014,0,15.500000000000085,0.25,0,24.0,44.0
J001212,2023-01-03/MSAI,MSAI,AMR_15,G21_12,WS_30_20,"[""110543""]",1,7712.550000019292,7887.200000019928,7828.800000019715,7712.550000019292,7733.450000019368,7737.500000019383,7818.700000019679,7818.750000019679,7828.750000019715,7828.800000019715,7883.150000019913,7887.200000019928,18.100000000000122,86.34999999999724,13.350000000000055,0,56.59999999999892,0.25,0,14.0,76.00000000000023
J001213,2023-01-03/MMIM,MMIM,AMR_18,G29_7,WS_2_20,"[""112072""]",1,7743.150000019404,8078.950000020625,7847.750000019784,7743.150000019404,7743.150000019404,7747.200000019418,7837.6500000197475,7837.700000019748,7847.700000019784,7847.750000019784,8074.900000020611,8078.950000020625,18.100000000000122,161.85000000000255,13.350000000000055,0,142.2999999999981,0.2,0,0.0,191.99999999999775
J001214,2023-01-03/MSAI,MSAI,AMR_27,G9_8,WS_30_20,"[""133910""]",1,7772.550000019511,8198.750000020938,8046.350000020507,7772.550000019511,7814.300000019663,7818.350000019677,8036.25000002047,8036.30000002047,8046.300000020507,8046.350000020507,8194.700000020997,8198.750000020938,18.100000000000122,158.80000000000186,13.350000000000055,0,235.70000000001934,0.25,0,38.000000000000114,139.9999999999995
J001215,2023-01-03/TMAB,TMAB,AMR_09,G20_15,WS_25_20,"[""123763""]",1,7780.100000019538,7979.250000020263,7915.900000020032,7780.100000019538,7807.800000019639,7811.850000019654,7905.800000019995,7905.850000019996,7915.850000020032,7915.900000020032,7975.200000020248,7979.250000020263,18.100000000000122,81.99999999999748,14.300000000000068,0,84.49999999999734,0.25,0,14.0,68.00000000000001
J001216,2023-01-03/MMPL,MMPL,AMR_17,G38_10,WS_13_20,"[""101134""]",1,7782.550000019547,8238.700000020357,8156.300000020907,7782.550000019547,7805.150000019629,7809.200000019644,8146.20000002087,8146.25000002087,8156.250000020907,8156.300000020907,8234.650000020416,8238.700000020357,18.100000000000122,267.3500000000265,35.30000000000013,0,135.14999999999648,0.25,0,16.0,271.9999999999841
J001217,2023-01-03/MMIM,MMIM,AMR_20,G35_8,WS_2_20,"[""112353""]",1,7785.300000019557,8058.500000020551,7957.100000020182,7785.300000019557,7824.5000000197,7828.550000019714,7947.000000020145,7947.0500000201455,7957.050000020182,7957.100000020182,8054.450000020536,8058.500000020551,18.100000000000122,189.50000000000884,16.250000000000096,0,49.09999999999935,0.25,0,38.000000000000114,203.99999999999292
J001218,2023-01-03/MSAI,MSAI,AMR_25,G9_7,WS_30_20,"[""107879""]",1,7796.500000019598,8189.5000000210275,7951.900000020163,7796.500000019598,7838.850000019752,7842.900000019767,7941.800000020126,7941.850000020127,7951.850000020163,7951.900000020163,8185.450000021013,8189.5000000210275,18.100000000000122,165.05000000000328,16.250000000000096,0,193.35000000000971,0.25,0,46.0000000000004,151.99999999999812
J001219,2023-01-03/TMAB,TMAB,AMR_40,G21_13,WS_25_20,"[""110130""]",1,7801.250000019615,7975.85000002025,7899.950000019974,7801.250000019615,7829.250000019717,7833.300000019732,7889.850000019937,7889.900000019938,7899.900000019974,7899.950000019974,7971.8000000202355,7975.85000002025,18.100000000000122,74.34999999999792,15.300000000000082,0,66.59999999999836,0.25,0,20.0,52.00000000000021
J001220,2023-01-03/SEMY,SEMY,AMR_07,G2_1,WS_19_20,"[""110339""]",1,7801.950000019618,8200.150000020918,8121.150000020779,7801.950000019618,7851.900000019799,7855.950000019814,8111.050000020742,8111.100000020742,8121.100000020779,8121.150000020779,8196.100000020977,8200.150000020918,18.100000000000122,192.55000000000953,20.05000000000015,0,167.25000000000378,0.25,0,54.00000000000078,163.9999999999971
J001221,2023-01-03/MSAI,MSAI,AMR_21,G6_10,WS_30_20,"[""107293""]",1,7808.15000001964,8257.250000020087,8177.150000020983,7808.15000001964,7883.300000019914,7887.350000019928,8167.050000020946,8167.100000020946,8177.100000020982,8177.150000020983,8253.200000020146,8257.250000020087,18.100000000000122,181.75000000000708,19.150000000000137,0,229.850000000018,0.25,0,54.000000000000625,143.9999999999994
J001222,2023-01-03/TMAB,TMAB,AMR_38,G20_12,WS_25_20,"[""124207""]",1,7828.200000019713,8099.650000020701,7979.550000020264,7828.200000019713,7896.7500000199625,7900.800000019977,7969.450000020227,7969.500000020227,7979.5000000202635,7979.550000020264,8095.600000020686,8099.650000020701,18.100000000000122,147.0999999999992,21.000000000000163,0,84.99999999999731,0.25,0,64.0000000000005,88.00000000000037
J001223,2023-01-03/MSAI,MSAI,AMR_24,G9_1,WS_30_20,"[""101192""]",1,7841.15000001976,8234.100000020424,8160.100000020921,7841.15000001976,7883.400000019914,7887.450000019929,8150.000000020884,8150.050000020884,8160.05000002092,8160.100000020921,8230.050000020483,8234.100000020424,18.100000000000122,188.25000000000855,19.050000000000136,0,167.3000000000038,0.25,0,46.000000000000405,171.9999999999955
J001224,2023-01-03/SEMY,SEMY,AMR_16,G14_9,WS_19_20,"[""110227""]",1,7845.250000019775,8152.350000020892,8098.100000020695,7845.250000019775,7916.750000020035,7920.80000002005,8088.000000020658,8088.050000020658,8098.050000020695,8098.100000020695,8148.300000020878,8152.350000020892,18.100000000000122,140.29999999999765,18.150000000000123,0,130.29999999999538,0.25,0,52.0000000000006,96.00000000000063
J001225,2023-01-03/MMIM,MMIM,AMR_08,G35_9,WS_2_20,"[""126308""]",1,7863.700000019842,8310.60000001931,8187.250000021019,7863.700000019842,7930.500000020085,7934.5500000201,8177.150000020983,8177.200000020983,8187.200000021019,8187.250000021019,8306.55000001937,8310.60000001931,18.100000000000122,201.55000000001158,17.20000000000011,0,209.80000000001345,0.25,0,56.00000000000004,179.9999999999972
J001226,2023-01-03/PMJY,PMJY,AMR_32,G18_13,WS_8_20,"[""110178""]",1,7872.200000019873,8186.800000021018,8140.200000020848,7872.200000019873,7991.150000020306,7995.200000020321,8130.100000020811,8130.150000020812,8140.150000020848,8140.200000020848,8182.750000021003,8186.800000021018,18.100000000000122,147.5499999999993,26.800000000000246,0,121.89999999999522,0.25,0,78.00000000000014,84.00000000000102
J001227,2023-01-03/PMJY,PMJY,AMR_05,G0_8,WS_8_20,"[""101174""]",1,7873.450000019878,8162.500000020929,8119.9500000207745,7873.450000019878,7937.100000020109,7941.150000020124,8109.850000020738,8109.900000020738,8119.900000020774,8119.9500000207745,8158.450000020915,8162.500000020929,18.100000000000122,184.30000000000766,26.800000000000246,0,59.59999999999875,0.25,0,64.00000000000112,144.00000000000017
J001228,2023-01-03/PMJY,PMJY,AMR_15,G23_7,WS_8_20,"[""119945""]",1,7887.250000019928,8156.750000020908,8033.150000020459,7887.250000019928,7911.150000020015,7915.20000002003,8023.050000020422,8023.100000020422,8033.1000000204585,8033.150000020459,8152.700000020894,8156.750000020908,18.100000000000122,133.4999999999961,15.300000000000082,0,102.34999999999633,0.25,0,14.0,136.00000000000088
J001229,2023-01-03/TMAB,TMAB,AMR_01,G33_14,WS_25_20,"[""131653""]",1,7922.0500000200545,8206.750000020822,8163.900000020934,7922.0500000200545,8109.550000020737,8113.600000020751,8153.800000020898,8153.850000020898,8163.850000020934,8163.900000020934,8202.70000002088,8206.750000020822,18.100000000000122,140.9999999999978,23.050000000000193,0,102.29999999999633,0.25,0,74.00000000000004,72.00000000000004
J001230,2023-01-03/PMJY,PMJY,AMR_26,G27_10,WS_8_20,"[""110310""]",1,7926.500000020071,8306.050000019377,8232.150000020452,7926.500000020071,7964.550000020209,7968.600000020224,8222.0500000206,8222.100000020599,8232.100000020453,8232.150000020452,8302.000000019436,8306.050000019377,18.100000000000122,158.5000000000018,17.20000000000011,0,185.50000000000793,0.25,0,24.0,151.999999999998
J001231,2023-01-03/TMAB,TMAB,AMR_06,G26_10,WS_25_20,"[""112034""]",1,7948.850000020152,8057.150000020546,8021.200000020415,7948.850000020152,7970.7000000202315,7974.750000020246,8011.1000000203785,8011.150000020379,8021.150000020415,8021.200000020415,8053.100000020531,8057.150000020546,18.100000000000122,73.84999999999795,13.350000000000055,0,2.7499999999999982,0.25,0,20.0,60.00000000000041
J001232,2023-01-03/MSAI,MSAI,AMR_22,G3_9,WS_30_20,"[""110349""]",1,7949.450000020154,8320.650000019165,8194.200000021005,7949.450000020154,8032.700000020457,8036.750000020472,8184.100000021008,8184.150000021008,8194.150000021005,8194.200000021005,8316.600000019223,8320.650000019165,18.100000000000122,246.5500000000218,18.100000000000122,0,88.19999999999713,0.25,0,106.00000000000149,195.99999999999278
J001233,2023-01-03/PMJY,PMJY,AMR_13,G27_2,WS_8_20,"[""110569""]",1,7949.8000000201555,8197.650000020954,8104.150000020717,7949.8000000201555,8010.950000020378,8015.000000020393,8094.05000002068,8094.10000002068,8104.100000020717,8104.150000020717,8193.600000021013,8197.650000020954,18.100000000000122,188.80000000000868,17.20000000000011,0,23.5000000000002,0.25,0,58.0000000000005,167.99999999999878
J001234,2023-01-03/TMAB,TMAB,AMR_29,G23_10,WS_25_20,"[""110212""]",1,7954.500000020173,8075.200000020612,8037.450000020474,7954.500000020173,7984.450000020282,7988.500000020296,8027.350000020438,8027.400000020438,8037.400000020474,8037.450000020474,8071.150000020597,8075.200000020612,18.100000000000122,81.19999999999753,15.300000000000082,0,5.849999999999987,0.25,0,20.0,60.00000000000034
J001235,2023-01-03/MMIM,MMIM,AMR_14,G36_15,WS_2_20,"[""131976""]",1,7957.400000020183,8375.050000018373,8204.10000002086,7957.400000020183,8017.650000020402,8021.700000020417,8194.000000021008,8194.050000021007,8204.050000020861,8204.10000002086,8371.000000018432,8375.050000018373,18.100000000000122,211.3500000000138,21.950000000000177,0,166.0000000000035,0.25,0,52.00000000000031,175.9999999999979
J001236,2023-01-03/TMAB,TMAB,AMR_37,G33_13,WS_25_20,"[""111303""]",1,7974.850000020247,8108.9500000207345,8065.300000020576,7974.850000020247,8014.450000020391,8018.500000020405,8055.200000020539,8055.250000020539,8065.2500000205755,8065.300000020576,8104.90000002072,8108.9500000207345,18.100000000000122,99.1999999999965,14.350000000000069,0,2.2,0.25,0,42.00000000000004,76.00000000000013
J001237,2023-01-03/MMIM,MMIM,AMR_40,G33_2,WS_2_20,"[""101059""]",1,7975.90000002025,8273.850000019846,8123.350000020787,7975.90000002025,8032.900000020458,8036.9500000204725,8113.25000002075,8113.30000002075,8123.300000020787,8123.350000020787,8269.800000019904,8273.850000019846,18.100000000000122,202.35000000001176,18.200000000000124,0,59.04999999999878,0.25,0,46.0000000000003,207.99999999999437
J001238,2023-01-03/TMAB,TMAB,AMR_09,G21_10,WS_25_20,"[""125176""]",1,7979.600000020264,8230.800000020472,8196.450000020972,7979.600000020264,8139.950000020847,8144.000000020862,8186.350000021016,8186.400000021016,8196.400000020973,8196.450000020972,8226.750000020531,8230.800000020472,18.100000000000122,99.1999999999965,16.250000000000096,0,117.39999999999547,0.25,0,40.00000000000021,64.00000000000048
J001239,2023-01-03/TMAB,TMAB,AMR_28,G0_15,WS_25_20,"[""107312"", ""124702""]",2,8021.250000020415,8236.100000020395,8179.900000020993,8021.250000020415,8021.250000020415,8025.30000002043,8169.800000020956,8169.850000020956,8179.850000020992,8179.900000020993,8232.050000020454,8236.100000020395,18.100000000000122,112.49999999999575,6.649999999999984,0,77.39999999999775,0.2,0,0.0,128.00000000000122
J001240,2023-01-03/MMIM,MMIM,AMR_03,G39_2,WS_2_20,"[""113232""]",1,8036.15000002047,8449.350000017292,8244.500000020273,8036.15000002047,8118.050000020768,8122.100000020782,8234.40000002042,8234.450000020419,8244.450000020273,8244.500000020273,8445.30000001735,8449.350000017292,18.100000000000122,270.7500000000273,25.75000000000023,0,98.34999999999656,0.25,0,88.00000000000061,243.9999999999926
J001241,2023-01-03/TMAB,TMAB,AMR_12,G15_15,WS_25_20,"[""101207""]",1,8042.950000020494,8368.900000018462,8273.000000019858,8042.950000020494,8193.85000002101,8197.90000002095,8262.900000020005,8262.950000020004,8272.950000019859,8273.000000019858,8364.850000018521,8368.900000018462,18.100000000000122,172.10000000000488,22.05000000000018,0,113.4499999999957,0.25,0,124.00000000000176,68.00000000000001
J001242,2023-01-03/TMAB,TMAB,AMR_06,G24_8,WS_25_20,"[""101191""]",2,8065.350000020576,8197.000000020964,8147.600000020875,8065.350000020576,8080.15000002063,8084.200000020644,8137.500000020838,8137.5500000208385,8147.550000020875,8147.600000020875,8192.950000021023,8197.000000020964,18.100000000000122,74.7499999999979,13.400000000000055,0,25.150000000000222,0.25,0,8.0,68.00000000000063
J001243,2023-01-03/TMAB,TMAB,AMR_34,G14_15,WS_25_20,"[""110179""]",1,8081.500000020635,8331.400000019008,8255.800000020108,8081.500000020635,8167.650000020948,8171.700000020963,8245.700000020255,8245.750000020254,8255.750000020109,8255.800000020108,8327.350000019067,8331.400000019008,18.100000000000122,117.09999999999549,18.100000000000122,0,96.34999999999667,0.25,0,46.00000000000034,72.00000000000014
J001244,2023-01-03/SS02,SS02,AMR_38,G21_12,WS_19_20,"[""110543""]",1,8121.200000020779,8225.50000002055,8177.000000020982,8121.200000020779,8125.100000020793,8129.150000020808,8166.900000020945,8166.9500000209455,8176.950000020982,8177.000000020982,8221.450000020608,8225.50000002055,18.100000000000122,60.049999999998725,9.5,0,16.400000000000098,0.25,0,2.0,52.00000000000031
J001245,2023-01-03/TMAB,TMAB,AMR_29,G18_10,WS_25_20,"[""107334""]",2,8147.650000020875,8289.700000019615,8239.85000002034,8147.650000020875,8168.20000002095,8172.250000020965,8229.750000020487,8229.800000020487,8239.800000020341,8239.85000002034,8285.650000019674,8289.700000019615,18.100000000000122,87.14999999999719,13.350000000000055,0,23.200000000000195,0.25,0,14.0,76.00000000000037
J001246,2023-01-03/MMTI,MMTI,AMR_23,G20_14,WS_13_20,"[""110178""]",1,8156.350000020907,8350.100000018736,8289.550000019617,8156.350000020907,8243.35000002029,8247.40000002023,8279.450000019764,8279.500000019763,8289.500000019618,8289.550000019617,8346.050000018795,8350.100000018736,18.100000000000122,83.4499999999974,14.300000000000068,0,77.64999999999773,0.25,0,30.0,56.00000000000024
J001247,2023-01-03/MMTI,MMTI,AMR_16,G14_9,WS_13_20,"[""110227""]",1,8156.350000020907,8242.800000020297,8206.650000020823,8156.350000020907,8156.350000020907,8160.400000020922,8196.55000002097,8196.60000002097,8206.600000020824,8206.650000020823,8238.750000020356,8242.800000020297,18.100000000000122,56.549999999998924,9.55,0,2.0500000000000007,0.2,0,0.0,60.00000000000031
J001248,2023-01-03/MMTI,MMTI,AMR_18,G29_8,WS_13_20,"[""110569""]",1,8156.350000020907,8503.350000016506,8375.050000018373,8156.350000020907,8160.300000020921,8164.350000020936,8364.95000001852,8365.00000001852,8375.000000018374,8375.050000018373,8499.300000016565,8503.350000016506,18.100000000000122,133.64999999999614,15.250000000000082,0,179.75000000000662,0.25,0,2.0,136.00000000000026
J001249,2023-01-03/TMAB,TMAB,AMR_39,G32_8,WS_25_20,"[""101075""]",1,8163.950000020935,8294.80000001954,8224.10000002057,8163.950000020935,8168.000000020949,8172.050000020964,8214.000000020716,8214.050000020716,8224.05000002057,8224.10000002057,8290.7500000196,8294.80000001954,18.100000000000122,79.14999999999765,9.5,0,23.850000000000204,0.25,0,2.0,84.0000000000006
J001250,2023-01-03/PMJY,PMJY,AMR_02,G14_10,WS_8_20,"[""101276""]",1,8167.100000020946,8261.450000020026,8216.200000020684,8167.100000020946,8167.100000020946,8171.150000020961,8206.100000020831,8206.15000002083,8216.150000020685,8216.200000020684,8257.400000020085,8261.450000020026,18.100000000000122,65.54999999999842,9.5,0,1.0000000000000002,0.2,0,0.0,72.00000000000082
J001251,2023-01-03/STT3,STT3,AMR_35,G27_15,WS_19_20,"[""115951""]",1,8177.050000020982,8314.75000001925,8253.950000020135,8177.050000020982,8200.75000002091,8204.80000002085,8243.850000020282,8243.900000020281,8253.900000020136,8253.950000020135,8310.70000001931,8314.75000001925,18.100000000000122,66.69999999999835,12.450000000000042,0,40.199999999999854,0.25,0,12.0,56.0
J001252,2023-01-03/STT3,STT3,AMR_36,G9_14,WS_19_20,"[""123034""]",1,8177.050000020982,8377.900000018331,8288.250000019636,8177.050000020982,8205.200000020845,8209.250000020786,8278.150000019783,8278.200000019782,8288.200000019637,8288.250000019636,8373.85000001839,8377.900000018331,18.100000000000122,93.84999999999681,15.300000000000082,0,73.34999999999798,0.25,0,20.0,72.00000000000028
J001253,2023-01-03/STT3,STT3,AMR_31,G8_13,WS_19_20,"[""125535""]",1,8177.050000020982,8402.600000017972,8336.200000018938,8177.050000020982,8219.350000020639,8223.40000002058,8326.100000019085,8326.150000019084,8336.150000018939,8336.200000018938,8398.550000018031,8402.600000017972,18.100000000000122,107.44999999999604,15.300000000000082,0,84.44999999999735,0.25,0,21.999999999999986,88.00000000000094
J001254,2023-01-03/STT3,STT3,AMR_15,G23_7,WS_19_20,"[""101066""]",1,8177.050000020982,8308.700000019338,8227.800000020516,8177.050000020982,8177.050000020982,8181.100000020997,8217.700000020663,8217.750000020662,8227.750000020516,8227.800000020516,8304.650000019397,8308.700000019338,18.100000000000122,66.84999999999835,9.55,0,36.95000000000004,0.2,0,0.0,72.00000000000057
J001255,2023-01-03/STT3,STT3,AMR_05,G3_12,WS_19_20,"[""107398""]",1,8177.050000020982,8408.700000017883,8316.15000001923,8177.050000020982,8198.300000020945,8202.350000020886,8306.050000019377,8306.100000019376,8316.10000001923,8316.15000001923,8404.650000017942,8408.700000017883,18.100000000000122,115.44999999999558,15.250000000000082,0,82.59999999999745,0.25,0,13.999999999999993,104.00000000000107
J001256,2023-01-03/STT3,STT3,AMR_10,G38_15,WS_19_20,"[""110131""]",1,8177.050000020982,8404.450000017945,8271.200000019884,8177.050000020982,8194.850000020995,8198.900000020936,8261.100000020031,8261.15000002003,8271.150000019885,8271.200000019884,8400.400000018004,8404.450000017945,18.100000000000122,129.74999999999525,12.35000000000004,0,66.94999999999834,0.25,0,14.0,124.00000000000041
J001257,2023-01-03/TMAB,TMAB,AMR_19,G15_10,WS_25_20,"[""110313""]",1,8179.950000020993,8443.550000017376,8340.300000018879,8179.950000020993,8265.900000019961,8269.950000019902,8330.200000019026,8330.250000019025,8340.25000001888,8340.300000018879,8439.500000017435,8443.550000017376,18.100000000000122,154.6000000000009,20.00000000000015,0,70.64999999999813,0.25,0,80.00000000000054,92.00000000000045
J001258,2023-01-03/PAGU,PAGU,AMR_30,G26_10,WS_30_20,"[""107213"", ""112029"", ""132437""]",3,8194.250000021004,8400.650000018,8362.700000018553,8194.250000021004,8278.550000019777,8282.600000019718,8352.6000000187,8352.650000018699,8362.650000018553,8362.700000018553,8396.60000001806,8400.650000018,18.100000000000122,124.14999999999509,21.000000000000163,0,42.8999999999997,0.25,0,62.00000000000041,72.00000000000028
J001259,2023-01-03/PAGU,PAGU,AMR_11,G24_1,WS_30_20,"[""110357"", ""111391""]",4,8194.250000021004,8511.95000001638,8431.65000001755,8194.250000021004,8229.450000020492,8233.500000020433,8421.550000017696,8421.600000017695,8431.60000001755,8431.65000001755,8507.90000001644,8511.95000001638,18.100000000000122,164.15000000000308,22.95000000000019,0,112.24999999999577,0.25,0,31.99999999999995,159.99999999999895
J001260,2023-01-03/PAGU,PAGU,AMR_37,G33_13,WS_30_20,"[""124208""]",1,8194.250000021004,8297.800000019497,8242.700000020299,8194.250000021004,8194.250000021004,8198.300000020945,8232.600000020446,8232.650000020445,8242.6500000203,8242.700000020299,8293.750000019556,8297.800000019497,18.100000000000122,54.29999999999905,9.55,0,21.40000000000017,0.2,0,0.0,52.00000000000013
J001261,2023-01-03/PAGU,PAGU,AMR_20,G33_12,WS_30_20,"[""112083""]",1,8194.250000021004,8308.150000019346,8259.650000020052,8194.250000021004,8211.500000020753,8215.550000020694,8249.5500000202,8249.600000020198,8259.600000020053,8259.650000020052,8304.100000019405,8308.150000019346,18.100000000000122,73.64999999999796,14.350000000000069,0,7.549999999999981,0.25,0,12.0,60.0000000000003
J001262,2023-01-03/PAGU,PAGU,AMR_04,G29_10,WS_30_20,"[""101028""]",1,8194.250000021004,8365.550000018511,8293.800000019555,8194.250000021004,8243.95000002028,8248.000000020222,8283.700000019702,8283.750000019701,8293.750000019556,8293.800000019555,8361.50000001857,8365.550000018511,18.100000000000122,95.49999999999672,18.150000000000123,0,39.299999999999905,0.25,0,46.000000000000455,56.0000000000004
J001263,2023-01-03/PAGU,PAGU,AMR_32,G38_12,WS_30_20,"[""107172""]",1,8194.250000021004,8401.35000001799,8345.350000018805,8194.250000021004,8295.950000019524,8300.000000019465,8335.250000018952,8335.300000018951,8345.300000018806,8345.350000018805,8397.30000001805,8401.35000001799,18.100000000000122,155.8500000000012,22.05000000000018,0,10.85000000000002,0.25,0,98.00000000000132,80.00000000000031
J001264,2023-01-03/TMAB,TMAB,AMR_25,G12_13,WS_25_20,"[""110412""]",1,8196.500000020971,8383.850000018245,8320.350000019169,8196.500000020971,8225.700000020546,8229.750000020487,8310.250000019316,8310.300000019315,8320.30000001917,8320.350000019169,8379.800000018304,8383.850000018245,18.100000000000122,107.14999999999606,15.300000000000082,0,46.54999999999949,0.25,0,22.0,88.00000000000034
J001265,2023-01-03/TMAB,TMAB,AMR_27,G11_15,WS_25_20,"[""112368""]",1,8224.150000020569,8450.250000017279,8403.250000017963,8224.150000020569,8245.250000020262,8249.300000020203,8393.15000001811,8393.200000018109,8403.200000017963,8403.250000017963,8446.200000017338,8450.250000017279,18.100000000000122,121.84999999999522,16.200000000000095,0,69.69999999999818,0.25,0,18.0,112.00000000000055
J001266,2023-01-03/STT3,STT3,AMR_07,G0_11,WS_19_20,"[""138355""]",1,8227.850000020515,8494.000000016642,8414.000000017806,8227.850000020515,8252.95000002015,8257.00000002009,8403.900000017953,8403.950000017952,8413.950000017807,8414.000000017806,8489.9500000167,8494.000000016642,18.100000000000122,129.34999999999516,15.300000000000082,0,103.14999999999628,0.25,0,23.999999999999996,120.00000000000155
J001267,2023-01-03/SRPA,SRPA,AMR_09,G9_15,WS_8_20,"[""112432""]",1,8232.200000020452,8577.450000015428,8550.600000015818,8232.200000020452,8510.550000016401,8514.600000016342,8540.500000015965,8540.550000015965,8550.550000015819,8550.600000015818,8573.400000015487,8577.450000015428,18.100000000000122,119.79999999999534,27.75000000000026,0,179.35000000000653,0.25,0,74.00000000000061,35.99999999999997
J001268,2023-01-03/SRPA,SRPA,AMR_38,G6_13,WS_8_20,"[""124208""]",1,8232.200000020452,8516.85000001631,8486.000000016758,8232.200000020452,8439.650000017433,8443.700000017374,8475.900000016905,8475.950000016905,8485.950000016759,8486.000000016758,8512.800000016368,8516.85000001631,18.100000000000122,131.79999999999572,27.75000000000026,0,106.74999999999608,0.25,0,84.0000000000008,48.00000000000013
J001269,2023-01-03/SRPA,SRPA,AMR_06,G12_12,WS_8_20,"[""107328""]",1,8232.200000020452,8431.500000017551,8379.100000018314,8232.200000020452,8332.750000018988,8336.80000001893,8369.000000018461,8369.05000001846,8379.050000018315,8379.100000018314,8427.45000001761,8431.500000017551,18.100000000000122,142.59999999999818,20.05000000000015,0,18.300000000000125,0.25,0,92.0000000000017,64.00000000000045
J001270,2023-01-03/SRPA,SRPA,AMR_13,G12_10,WS_8_20,"[""110444""]",1,8232.200000020452,8371.900000018419,8326.200000019084,8232.200000020452,8282.250000019723,8286.300000019664,8316.10000001923,8316.15000001923,8326.150000019084,8326.200000019084,8367.850000018478,8371.900000018419,18.100000000000122,99.04999999999652,12.400000000000041,0,9.900000000000006,0.25,0,46.000000000000455,68.00000000000082
J001271,2023-01-03/SRPA,SRPA,AMR_01,G3_10,WS_8_20,"[""110561""]",1,8232.200000020452,8603.950000015042,8566.550000015586,8232.200000020452,8507.15000001645,8511.200000016392,8556.450000015733,8556.500000015732,8566.500000015587,8566.550000015586,8599.9000000151,8603.950000015042,18.100000000000122,172.10000000000488,26.800000000000246,0,154.50000000000088,0.25,0,108.0000000000015,68.00000000000044
J001272,2023-01-03/SRPA,SRPA,AMR_24,G18_13,WS_8_20,"[""110178""]",1,8234.150000020423,8508.650000016429,8429.050000017587,8234.150000020423,8361.850000018565,8365.900000018506,8418.950000017734,8419.000000017733,8429.000000017588,8429.050000017587,8504.600000016488,8508.650000016429,18.100000000000122,153.10000000000056,22.95000000000019,0,80.09999999999759,0.25,0,70.00000000000048,84.00000000000048
J001273,2023-01-03/TMAB,TMAB,AMR_28,G15_9,WS_25_20,"[""112008""]",1,8239.90000002034,8510.550000016401,8437.300000017467,8239.90000002034,8301.400000019445,8305.450000019386,8427.200000017614,8427.250000017613,8437.250000017468,8437.300000017467,8506.50000001646,8510.550000016401,18.100000000000122,165.00000000000327,22.000000000000178,0,65.29999999999843,0.25,0,50.00000000000034,120.00000000000037
J001274,2023-01-03/PAGU,PAGU,AMR_17,G38_10,WS_30_20,"[""101155"", ""107238"", ""112369""]",3,8242.750000020298,8356.00000001865,8310.800000019308,8242.750000020298,8242.750000020298,8246.80000002024,8300.700000019455,8300.750000019454,8310.750000019309,8310.800000019308,8351.950000018709,8356.00000001865,18.100000000000122,69.99999999999817,9.5,0,15.450000000000085,0.2,0,0.0,76.00000000000034
J001275,2023-01-03/MMSA,MMSA,AMR_16,G5_12,WS_2_20,"[""110299""]",1,8244.550000020272,8420.050000017718,8374.60000001838,8244.550000020272,8328.000000019058,8332.050000018999,8364.500000018526,8364.550000018526,8374.55000001838,8374.60000001838,8416.000000017777,8420.050000017718,18.100000000000122,92.74999999999687,14.40000000000007,0,49.9999999999993,0.25,0,48.00000000000058,52.00000000000044
J001276,2023-01-03/MMSA,MMSA,AMR_21,G0_8,WS_2_20,"[""101174""]",1,8257.300000020086,8387.550000018191,8357.300000018631,8257.300000020086,8305.10000001939,8309.150000019332,8347.200000018778,8347.250000018777,8357.250000018632,8357.300000018631,8383.50000001825,8387.550000018191,18.100000000000122,89.09999999999708,13.400000000000055,0,9.399999999999999,0.25,0,40.00000000000011,64.00000000000065
J001277,2023-01-03/MMSA,MMSA,AMR_02,G20_12,WS_2_20,"[""124207""]",1,8261.500000020025,8524.900000016192,8422.050000017689,8261.500000020025,8281.000000019741,8285.050000019683,8411.950000017836,8412.000000017835,8422.00000001769,8422.050000017689,8520.850000016251,8524.900000016192,18.100000000000122,165.35000000000335,21.050000000000164,0,58.649999999998805,0.25,0,16.0,167.99999999999983
J001278,2023-01-03/MMSA,MMSA,AMR_33,G30_9,WS_2_20,"[""110175""]",1,8268.350000019926,8605.650000015017,8456.000000017195,8268.350000019926,8296.20000001952,8300.250000019461,8445.900000017342,8445.950000017341,8455.950000017196,8456.000000017195,8601.600000015076,8605.650000015017,18.100000000000122,192.8000000000096,19.100000000000136,0,107.04999999999606,0.25,0,20.0,203.99999999999469
J001279,2023-01-03/STT3,STT3,AMR_40,G38_9,WS_19_20,"[""110139""]",1,8273.900000019845,8468.350000017015,8382.80000001826,8273.900000019845,8301.600000019442,8305.650000019383,8372.700000018407,8372.750000018406,8382.75000001826,8382.80000001826,8464.300000017074,8468.350000017015,18.100000000000122,127.94999999999487,16.250000000000096,0,31.90000000000032,0.25,0,23.999999999999996,124.0000000000003
J001280,2023-01-03/TMAB,TMAB,AMR_29,G14_10,WS_25_20,"[""107396""]",1,8289.750000019614,8500.800000016543,8421.400000017698,8289.750000019614,8332.400000018994,8336.450000018935,8411.300000017845,8411.350000017845,8421.3500000177,8421.400000017698,8496.750000016602,8500.800000016543,18.100000000000122,99.49999999999649,14.300000000000068,0,78.89999999999766,0.25,0,12.0,92.00000000000023
J001281,2023-01-03/PAGU,PAGU,AMR_39,G35_10,WS_30_20,"[""110143""]",1,8294.85000001954,8421.600000017695,8382.80000001826,8294.85000001954,8318.600000019194,8322.650000019135,8372.700000018407,8372.750000018406,8382.75000001826,8382.80000001826,8417.550000017754,8421.600000017695,18.100000000000122,75.74999999999784,13.350000000000055,0,19.30000000000014,0.25,0,18.0,64.00000000000041
J001282,2023-01-03/MMSA,MMSA,AMR_37,G35_8,WS_2_20,"[""101202""]",1,8297.850000019496,8617.250000014848,8473.050000016947,8297.850000019496,8316.300000019228,8320.350000019169,8462.950000017094,8463.000000017093,8473.000000016948,8473.050000016947,8613.200000014907,8617.250000014848,18.100000000000122,183.30000000000743,21.000000000000163,0,96.74999999999665,0.25,0,14.0,187.9999999999952
J001283,2023-01-03/TMAB,TMAB,AMR_26,G23_5,WS_25_20,"[""111252""]",1,8306.100000019376,8546.200000015882,8496.800000016601,8306.100000019376,8432.200000017541,8436.250000017482,8486.700000016748,8486.750000016747,8496.750000016602,8496.800000016601,8542.150000015941,8546.200000015882,18.100000000000122,99.84999999999647,14.300000000000068,0,107.59999999999603,0.25,0,30.00000000000003,84.00000000000088
J001284,2023-01-03/PAGU,PAGU,AMR_20,G21_13,WS_30_20,"[""123305""]",1,8308.200000019346,8569.300000015546,8532.000000016089,8308.200000019346,8477.050000016889,8481.10000001683,8521.900000016236,8521.950000016235,8531.95000001609,8532.000000016089,8565.250000015605,8569.300000015546,18.100000000000122,156.4000000000013,25.850000000000232,0,60.4999999999987,0.25,0,94.00000000000034,72.00000000000023
J001285,2023-01-03/MMSA,MMSA,AMR_15,G23_7,WS_2_20,"[""101018""]",1,8308.750000019338,8564.400000015617,8438.950000017443,8308.750000019338,8308.750000019338,8312.800000019279,8428.85000001759,8428.90000001759,8438.900000017444,8438.950000017443,8560.350000015676,8564.400000015617,18.100000000000122,143.84999999999846,13.400000000000055,0,80.09999999999759,0.2,0,0.0,163.99999999999991
J001286,2023-01-03/PAGU,PAGU,AMR_08,G17_10,WS_30_20,"[""118518""]",1,8310.850000019307,8587.900000015276,8513.200000016363,8310.850000019307,8400.200000018007,8404.250000017948,8503.10000001651,8503.150000016509,8513.150000016363,8513.200000016363,8583.850000015334,8587.900000015276,18.100000000000122,163.10000000000284,21.050000000000164,0,74.54999999999791,0.25,0,78.00000000000051,112.00000000000023
J001287,2023-01-03/TMAB,TMAB,AMR_35,G35_9,WS_25_20,"[""101318""]",1,8320.400000019168,8515.000000016336,8453.250000017235,8320.400000019168,8374.750000018377,8378.800000018318,8443.150000017382,8443.200000017381,8453.200000017236,8453.250000017235,8510.950000016395,8515.000000016336,18.100000000000122,125.799999999995,18.150000000000123,0,32.3000000000003,0.25,0,44.000000000000384,92.0000000000005
J001288,2023-01-03/SRPA,SRPA,AMR_22,G0_15,WS_8_20,"[""110519""]",1,8326.250000019083,8443.800000017372,8412.900000017822,8326.250000019083,8355.200000018662,8359.250000018603,8402.800000017969,8402.850000017968,8412.850000017823,8412.900000017822,8439.750000017431,8443.800000017372,18.100000000000122,76.14999999999782,12.400000000000041,0,10.650000000000016,0.25,0,21.999999999999975,60.00000000000033
J001289,2023-01-03/TMAB,TMAB,AMR_34,G14_9,WS_25_20,"[""110233""]",1,8340.350000018878,8528.700000016137,8471.150000016974,8340.350000018878,8376.200000018356,8380.250000018297,8461.050000017121,8461.10000001712,8471.100000016975,8471.150000016974,8524.650000016196,8528.700000016137,18.100000000000122,123.29999999999514,20.10000000000015,0,26.600000000000243,0.25,0,20.0,108.00000000000082
J001290,2023-01-03/PAGU,PAGU,AMR_23,G27_2,WS_30_20,"[""110569""]",1,8350.150000018735,8547.800000015859,8496.000000016613,8350.150000018735,8402.05000001798,8406.100000017921,8485.90000001676,8485.950000016759,8495.950000016614,8496.000000016613,8543.750000015918,8547.800000015859,18.100000000000122,122.89999999999516,18.150000000000123,0,38.249999999999964,0.25,0,42.000000000000014,100.00000000000112
J001291,2023-01-03/PAGU,PAGU,AMR_17,G11_9,WS_30_20,"[""110225""]",1,8362.750000018552,8721.000000013339,8603.950000015042,8362.750000018552,8461.650000017113,8465.700000017054,8593.850000015189,8593.900000015188,8603.900000015043,8603.950000015042,8716.950000013398,8721.000000013339,18.100000000000122,241.90000000002075,25.75000000000023,0,72.24999999999804,0.25,0,108.00000000000111,171.9999999999971
J001292,2023-01-03/MTKB,MTKB,AMR_13,G3_8,WS_13_20,"[""107103"", ""107301"", ""107336"", ""110494"", ""134611""]",5,8375.100000018372,8557.450000015719,8505.300000016477,8375.100000018372,8436.600000017477,8440.650000017418,8495.200000016624,8495.250000016624,8505.250000016478,8505.300000016477,8553.400000015778,8557.450000015719,18.100000000000122,131.94999999999575,19.100000000000136,0,12.950000000000049,0.25,0,54.000000000000526,96.00000000000155
J001293,2023-01-03/MTKB,MTKB,AMR_12,G9_10,WS_13_20,"[""101080"", ""107238"", ""110418"", ""112359""]",4,8375.100000018372,8514.00000001635,8468.450000017014,8375.100000018372,8416.550000017769,8420.60000001771,8458.35000001716,8458.40000001716,8468.400000017014,8468.450000017014,8509.95000001641,8514.00000001635,18.100000000000122,92.49999999999689,14.300000000000068,0,13.75000000000006,0.25,0,26.0,72.00000000000088
J001294,2023-01-03/MTKB,MTKB,AMR_04,G17_12,WS_13_20,"[""110362"", ""111276"", ""120450""]",3,8375.100000018372,8586.95000001529,8541.750000015947,8375.100000018372,8471.250000016973,8475.300000016914,8531.650000016094,8531.700000016093,8541.700000015948,8541.750000015947,8582.900000015348,8586.95000001529,18.100000000000122,115.49999999999558,20.10000000000015,0,57.89999999999885,0.25,0,72.00000000000105,52.00000000000027
J001295,2023-01-03/MTKB,MTKB,AMR_14,G18_10,WS_13_20,"[""107334"", ""112087"", ""138352""]",4,8375.100000018372,8730.650000013198,8667.200000014122,8375.100000018372,8563.200000015635,8567.250000015576,8657.100000014269,8657.150000014268,8667.150000014122,8667.200000014122,8726.600000013257,8730.650000013198,18.100000000000122,172.2000000000049,32.50000000000029,0,132.49999999999588,0.25,0,94.00000000000057,76.00000000000043
J001296,2023-01-03/MTKB,MTKB,AMR_36,G27_12,WS_13_20,"[""101180"", ""109843"", ""112394""]",3,8377.95000001833,8756.400000012824,8684.250000013873,8377.95000001833,8543.050000015928,8547.10000001587,8674.15000001402,8674.20000001402,8684.200000013874,8684.250000013873,8752.350000012882,8756.400000012824,18.100000000000122,189.40000000000882,29.600000000000286,0,141.09999999999783,0.25,0,88.0000000000004,108.00000000000043
J001297,2023-01-03/SRPA,SRPA,AMR_25,G2_1,WS_8_20,"[""110339""]",1,8383.900000018244,8586.150000015301,8534.65000001605,8383.900000018244,8447.100000017324,8451.150000017265,8524.550000016197,8524.600000016197,8534.600000016051,8534.65000001605,8582.10000001536,8586.150000015301,18.100000000000122,140.4999999999977,15.250000000000082,0,28.150000000000265,0.25,0,52.00000000000054,116.00000000000192
J001298,2023-01-03/PAGU,PAGU,AMR_21,G12_10,WS_30_20,"[""122980""]",1,8387.60000001819,8687.700000013823,8587.000000015289,8387.60000001819,8452.100000017252,8456.150000017193,8576.900000015436,8576.950000015435,8586.95000001529,8587.000000015289,8683.650000013882,8687.700000013823,18.100000000000122,148.8499999999996,18.150000000000123,0,114.74999999999562,0.25,0,32.00000000000001,120.00000000000077
J001299,2023-01-03/MTKB,MTKB,AMR_30,G6_2,WS_13_20,"[""101330"", ""110178"", ""110231""]",3,8400.700000018,8624.100000014749,8558.850000015698,8400.700000018,8455.900000017196,8459.950000017137,8548.750000015845,8548.800000015844,8558.800000015699,8558.850000015698,8620.050000014808,8624.100000014749,18.100000000000122,144.34999999999857,15.200000000000081,0,45.49999999999955,0.25,0,56.00000000000087,108.00000000000169
J001300,2023-01-03/TMAB,TMAB,AMR_31,G15_8,WS_25_20,"[""110500""]",1,8403.300000017962,8692.150000013758,8591.300000015226,8403.300000017962,8492.000000016671,8496.050000016612,8581.200000015373,8581.250000015372,8591.250000015227,8591.300000015226,8688.100000013817,8692.150000013758,18.100000000000122,129.39999999999517,19.100000000000136,0,121.99999999999521,0.25,0,32.0,96.00000000000054
J001301,2023-01-03/SRPA,SRPA,AMR_10,G29_15,WS_8_20,"[""112287""]",1,8412.950000017821,8707.650000013533,8518.550000016285,8412.950000017821,8438.000000017457,8442.050000017398,8508.450000016432,8508.500000016431,8518.500000016285,8518.550000016285,8703.600000013592,8707.650000013533,18.100000000000122,162.75000000000276,15.250000000000082,0,98.34999999999656,0.25,0,26.0,147.99999999999918
J001302,2023-01-03/TTNG,TTNG,AMR_32,G33_13,WS_19_20,"[""112432"", ""124208""]",2,8414.050000017805,8600.250000015096,8505.900000016469,8414.050000017805,8443.600000017375,8447.650000017316,8495.800000016616,8495.850000016615,8505.85000001647,8505.900000016469,8596.200000015155,8600.250000015096,18.100000000000122,112.09999999999577,18.150000000000123,0,37.6,0.25,0,24.0,100.00000000000013
J001303,2023-01-03/TTNG,TTNG,AMR_05,G20_14,WS_19_20,"[""110178""]",1,8414.050000017805,8609.55000001496,8540.000000015973,8414.050000017805,8497.000000016598,8501.05000001654,8529.90000001612,8529.950000016119,8539.950000015973,8540.000000015973,8605.50000001502,8609.55000001496,18.100000000000122,95.09999999999674,17.15000000000011,0,64.89999999999846,0.25,0,54.00000000000034,40.00000000000004
J001304,2023-01-03/TTNG,TTNG,AMR_16,G17_14,WS_19_20,"[""140079""]",1,8420.100000017717,8723.250000013306,8693.800000013734,8420.100000017717,8585.000000015318,8589.050000015259,8683.700000013881,8683.75000001388,8693.750000013735,8693.800000013734,8719.200000013365,8723.250000013306,18.100000000000122,132.39999999999586,25.850000000000232,0,126.54999999999495,0.25,0,80.00000000000111,48.000000000000114
J001305,2023-01-03/TTNG,TTNG,AMR_39,G17_13,WS_19_20,"[""110342""]",1,8421.650000017695,8660.150000014224,8574.250000015474,8421.650000017695,8466.200000017046,8470.250000016988,8564.150000015621,8564.20000001562,8574.200000015475,8574.250000015474,8656.100000014283,8660.150000014224,18.100000000000122,96.34999999999667,15.300000000000082,0,108.49999999999598,0.25,0,46.00000000000004,52.00000000000021
J001306,2023-01-03/TTNG,TTNG,AMR_06,G21_10,WS_19_20,"[""112386""]",1,8431.55000001755,8633.700000014609,8557.200000015722,8431.55000001755,8487.550000016736,8491.600000016677,8547.10000001587,8547.150000015868,8557.150000015723,8557.200000015722,8629.650000014668,8633.700000014609,18.100000000000122,84.49999999999734,14.300000000000068,0,84.99999999999731,0.25,0,22.0,60.00000000000041
J001307,2023-01-03/TMAB,TMAB,AMR_19,G32_6,WS_25_20,"[""112334""]",1,8443.600000017375,8629.400000014672,8575.300000015459,8443.600000017375,8500.550000016547,8504.600000016488,8565.200000015606,8565.250000015605,8575.25000001546,8575.300000015459,8625.35000001473,8629.400000014672,18.100000000000122,135.39999999999654,19.100000000000136,0,12.950000000000049,0.25,0,54.000000000000114,104.00000000000091
J001308,2023-01-03/PAGU,PAGU,AMR_22,G9_8,WS_30_20,"[""107106""]",2,8443.850000017372,8765.100000012697,8641.1500000145,8443.850000017372,8551.500000015805,8555.550000015746,8631.050000014648,8631.100000014647,8641.100000014501,8641.1500000145,8761.050000012756,8765.100000012697,18.100000000000122,184.80000000000777,20.05000000000015,0,98.04999999999657,0.25,0,64.00000000000088,140.00000000000034
J001309,2023-01-03/SRPA,SRPA,AMR_03,G38_8,WS_8_20,"[""110374""]",1,8449.400000017291,8756.350000012824,8582.500000015354,8449.400000017291,8473.200000016945,8477.250000016886,8572.400000015501,8572.4500000155,8582.450000015355,8582.500000015354,8752.300000012883,8756.350000012824,18.100000000000122,180.5500000000068,18.150000000000123,0,89.89999999999704,0.25,0,18.0,179.99999999999565
J001310,2023-01-03/TTNG,TTNG,AMR_27,G12_8,WS_19_20,"[""124666""]",1,8450.300000017278,8726.750000013255,8591.300000015226,8450.300000017278,8482.800000016805,8486.850000016746,8581.200000015373,8581.250000015372,8591.250000015227,8591.300000015226,8722.700000013314,8726.750000013255,18.100000000000122,122.64999999999517,20.05000000000015,0,115.39999999999559,0.25,0,24.0,92.0000000000004
J001311,2023-01-03/TMAB,TMAB,AMR_40,G11_12,WS_25_20,"[""112374""]",1,8468.400000017014,8790.35000001233,8742.550000013025,8468.400000017014,8584.20000001533,8588.25000001527,8732.450000013172,8732.500000013171,8742.500000013026,8742.550000013025,8786.300000012388,8790.35000001233,18.100000000000122,204.65000000001228,24.90000000000022,0,74.04999999999794,0.25,0,100.00000000000179,136.00000000000063
J001312,2023-01-03/PONT,PONT,AMR_07,G3_12,WS_2_20,"[""110601""]",1,8494.050000016641,8582.000000015361,8550.400000015821,8494.050000016641,8513.550000016357,8517.600000016299,8540.300000015968,8540.350000015967,8550.350000015822,8550.400000015821,8577.95000001542,8582.000000015361,18.100000000000122,51.34999999999922,8.599999999999987,0,9.650000000000002,0.25,0,8.0,48.0000000000003
J001313,2023-01-03/PONT,PONT,AMR_29,G0_8,WS_2_20,"[""117427""]",1,8500.850000016542,8647.700000014405,8617.450000014846,8500.850000016542,8549.10000001584,8553.150000015781,8607.350000014992,8607.400000014992,8617.400000014846,8617.450000014846,8643.650000014464,8647.700000014405,18.100000000000122,97.04999999999663,12.400000000000041,0,19.050000000000136,0.25,0,52.00000000000053,64.00000000000065
J001314,2023-01-03/PONT,PONT,AMR_18,G29_8,WS_2_20,"[""110569""]",1,8503.400000016505,8751.700000012892,8634.750000014594,8503.400000016505,8503.400000016505,8507.450000016446,8624.65000001474,8624.70000001474,8634.700000014594,8634.750000014594,8747.65000001295,8751.700000012892,18.100000000000122,161.2000000000024,13.350000000000055,0,55.44999999999899,0.2,0,0.0,191.99999999999775
J001315,2023-01-03/TMAB,TMAB,AMR_24,G38_10,WS_25_20,"[""101134""]",1,8508.700000016428,8757.550000012807,8658.950000014242,8508.700000016428,8587.350000015284,8591.400000015225,8648.850000014389,8648.900000014388,8658.900000014242,8658.950000014242,8753.500000012866,8757.550000012807,18.100000000000122,136.79999999999686,16.250000000000096,0,77.44999999999774,0.25,0,46.0,108.00000000000028
J001316,2023-01-03/MTKB,MTKB,AMR_28,G29_7,WS_13_20,"[""107405"", ""110322"", ""138386""]",3,8510.6000000164,8832.350000011718,8701.300000013625,8510.6000000164,8576.000000015449,8580.05000001539,8691.200000013772,8691.250000013772,8701.250000013626,8701.300000013625,8828.300000011777,8832.350000011718,18.100000000000122,157.2000000000015,21.000000000000163,0,125.19999999999503,0.25,0,40.00000000000022,124.00000000000051
J001317,2023-01-03/TMAB,TMAB,AMR_11,G12_9,WS_25_20,"[""117431""]",1,8512.00000001638,8763.55000001272,8674.90000001401,8512.00000001638,8553.000000015783,8557.050000015724,8664.800000014156,8664.850000014156,8674.85000001401,8674.90000001401,8759.500000012778,8763.55000001272,18.100000000000122,133.74999999999616,14.350000000000069,0,85.09999999999731,0.25,0,44.00000000000031,104.00000000000048
J001318,2023-01-03/PAGU,PAGU,AMR_12,G38_9,WS_30_20,"[""112068""]",1,8514.05000001635,8763.55000001272,8713.450000013449,8514.05000001635,8646.950000014416,8651.000000014357,8703.350000013595,8703.400000013595,8713.40000001345,8713.450000013449,8759.500000012778,8763.55000001272,18.100000000000122,158.40000000000177,17.15000000000011,0,55.59999999999898,0.25,0,84.0000000000005,92.00000000000044
J001319,2023-01-03/TTNG,TTNG,AMR_35,G15_10,WS_19_20,"[""110313""]",1,8515.050000016336,8694.600000013723,8637.500000014554,8515.050000016336,8577.25000001543,8581.300000015372,8627.4000000147,8627.4500000147,8637.450000014554,8637.500000014554,8690.550000013782,8694.600000013723,18.100000000000122,118.6499999999954,15.250000000000082,0,27.300000000000253,0.25,0,66.00000000000048,68.00000000000051
J001320,2023-01-03/MTKB,MTKB,AMR_38,G8_12,WS_13_20,"[""112010"", ""112432""]",2,8516.900000016309,8670.950000014067,8596.950000015144,8516.900000016309,8541.700000015948,8545.750000015889,8586.85000001529,8586.90000001529,8596.900000015145,8596.950000015144,8666.900000014126,8670.950000014067,18.100000000000122,72.24999999999804,13.400000000000055,0,50.049999999999294,0.25,0,6.0,68.0000000000006
J001321,2023-01-03/TMAB,TMAB,AMR_02,G18_4,WS_25_20,"[""101199""]",1,8524.950000016192,8694.10000001373,8643.100000014472,8524.950000016192,8548.650000015847,8552.700000015788,8633.00000001462,8633.050000014618,8643.050000014473,8643.100000014472,8690.050000013789,8694.10000001373,18.100000000000122,109.9999999999959,13.350000000000055,0,27.450000000000255,0.25,0,20.00000000000003,104.00000000000112
J001322,2023-01-03/SRPA,SRPA,AMR_34,G14_9,WS_8_20,"[""110227""]",1,8528.750000016136,8683.550000013884,8598.050000015128,8528.750000016136,8528.750000016136,8532.800000016077,8587.950000015275,8588.000000015274,8598.000000015129,8598.050000015128,8679.500000013943,8683.550000013884,18.100000000000122,75.09999999999788,11.450000000000028,0,49.9499999999993,0.2,0,0.0,76.00000000000071
J001323,2023-01-03/PAGU,PAGU,AMR_26,G9_7,WS_30_20,"[""107879""]",1,8546.250000015882,8834.95000001168,8730.450000013201,8546.250000015882,8587.60000001528,8591.650000015221,8720.350000013348,8720.400000013347,8730.400000013202,8730.450000013201,8830.90000001174,8834.95000001168,18.100000000000122,190.40000000000904,21.050000000000164,0,58.89999999999879,0.25,0,40.0000000000002,171.9999999999971
J001324,2023-01-03/SRPA,SRPA,AMR_23,G27_2,WS_8_20,"[""110569""]",1,8547.850000015858,8788.650000012354,8658.150000014253,8547.850000015858,8547.850000015858,8551.9000000158,8648.0500000144,8648.1000000144,8658.100000014254,8658.150000014253,8784.600000012413,8788.650000012354,18.100000000000122,144.14999999999853,17.20000000000011,0,61.14999999999866,0.2,0,0.0,159.99999999999827
J001325,2023-01-03/TTNG,TTNG,AMR_13,G26_2,WS_19_20,"[""107317""]",1,8557.500000015718,8896.350000010787,8819.100000011911,8557.500000015718,8736.200000013117,8740.250000013059,8809.000000012058,8809.050000012057,8819.050000011912,8819.100000011911,8892.300000010846,8896.350000010787,18.100000000000122,221.4000000000161,28.750000000000274,0,70.34999999999815,0.25,0,138.00000000000065,112.00000000000108
J001326,2023-01-03/MTKB,MTKB,AMR_15,G6_13,WS_13_20,"[""110148"", ""124208""]",2,8564.450000015617,8834.30000001169,8793.150000012289,8564.450000015617,8726.750000013255,8730.800000013196,8783.050000012436,8783.100000012435,8793.10000001229,8793.150000012289,8830.250000011749,8834.30000001169,18.100000000000122,174.3500000000054,28.800000000000274,0,48.34999999999939,0.25,0,130.00000000000247,64.00000000000044
J001327,2023-01-03/PAGU,PAGU,AMR_20,G9_1,WS_30_20,"[""101192""]",1,8569.350000015545,8959.40000000987,8841.500000011585,8569.350000015545,8636.100000014574,8640.150000014515,8831.400000011732,8831.450000011731,8841.450000011586,8841.500000011585,8955.350000009928,8959.40000000987,18.100000000000122,230.75000000001822,25.80000000000023,0,115.1499999999956,0.25,0,60.000000000000604,195.99999999999358
J001328,2023-01-03/TTNG,TTNG,AMR_09,G0_15,WS_19_20,"[""110519""]",1,8577.500000015427,8777.650000012514,8730.050000013207,8577.500000015427,8603.750000015045,8607.800000014986,8719.950000013354,8720.000000013353,8730.000000013208,8730.050000013207,8773.600000012573,8777.650000012514,18.100000000000122,112.64999999999574,11.500000000000028,0,57.64999999999886,0.25,0,25.999999999999932,104.00000000000126
J001329,2023-01-03/TMAB,TMAB,AMR_07,G14_6,WS_25_20,"[""101033""]",2,8582.05000001536,8829.350000011762,8758.500000012793,8582.05000001536,8616.550000014859,8620.6000000148,8748.40000001294,8748.45000001294,8758.450000012794,8758.500000012793,8825.30000001182,8829.350000011762,18.100000000000122,152.4000000000004,18.200000000000124,0,58.34999999999882,0.25,0,34.00000000000003,143.99999999999937
J001330,2023-01-03/MTKB,MTKB,AMR_25,G18_9,WS_13_20,"[""101219"", ""122645""]",2,8586.2000000153,8829.800000011755,8754.650000012849,8586.2000000153,8646.400000014424,8650.450000014365,8744.550000012996,8744.600000012995,8754.60000001285,8754.650000012849,8825.750000011814,8829.800000011755,18.100000000000122,122.99999999999515,15.250000000000082,0,86.9999999999972,0.25,0,56.00000000000054,76.00000000000065
J001331,2023-01-03/TTNG,TTNG,AMR_04,G36_10,WS_19_20,"[""107323""]",1,8587.000000015289,8921.500000010421,8836.050000011664,8587.000000015289,8726.700000013256,8730.750000013197,8825.950000011811,8826.00000001181,8836.000000011665,8836.050000011664,8917.45000001048,8921.500000010421,18.100000000000122,172.600000000005,20.10000000000015,0,123.44999999999513,0.25,0,90.00000000000048,112.00000000000023
J001332,2023-01-03/PAGU,PAGU,AMR_08,G3_12,WS_30_20,"[""110601""]",1,8587.950000015275,8854.450000011397,8769.600000012631,8587.950000015275,8642.250000014485,8646.300000014426,8759.500000012778,8759.550000012778,8769.550000012632,8769.600000012631,8850.400000011456,8854.450000011397,18.100000000000122,159.60000000000204,13.350000000000055,0,75.19999999999787,0.25,0,31.999999999999964,147.99999999999886
J001333,2023-01-03/TMAB,TMAB,AMR_32,G21_2,WS_25_20,"[""110146""]",1,8600.300000015095,8832.500000011716,8726.600000013257,8600.300000015095,8648.350000014396,8652.400000014337,8716.500000013404,8716.550000013403,8726.550000013258,8726.600000013257,8828.450000011775,8832.500000011716,18.100000000000122,127.29999999999491,15.250000000000082,0,71.2999999999981,0.25,0,50.000000000000014,96.00000000000094
J001334,2023-01-03/MTKB,MTKB,AMR_01,G17_10,WS_13_20,"[""110419"", ""110555""]",2,8604.000000015041,8813.950000011986,8775.800000012541,8604.000000015041,8669.950000014082,8674.000000014023,8765.700000012688,8765.750000012687,8775.750000012542,8775.800000012541,8809.900000012045,8813.950000011986,18.100000000000122,113.4999999999957,17.20000000000011,0,60.89999999999868,0.25,0,68.0000000000012,60.00000000000057
J001335,2023-01-03/TTNG,TTNG,AMR_33,G0_11,WS_19_20,"[""138355""]",1,8605.700000015016,8855.350000011384,8796.400000012241,8605.700000015016,8700.100000013643,8704.150000013584,8786.300000012388,8786.350000012388,8796.350000012242,8796.400000012241,8851.300000011443,8855.350000011384,18.100000000000122,174.3500000000054,17.20000000000011,0,39.74999999999988,0.25,0,92.00000000000186,120.0000000000016
J001336,2023-01-03/PAGU,PAGU,AMR_05,G3_10,WS_30_20,"[""112231""]",1,8609.60000001496,8978.400000009593,8910.850000010576,8609.60000001496,8768.150000012653,8772.200000012594,8900.750000010723,8900.800000010722,8910.800000010577,8910.850000010576,8974.350000009652,8978.400000009593,18.100000000000122,238.00000000001987,27.75000000000026,0,84.69999999999733,0.25,0,118.00000000000203,155.99999999999704
J001337,2023-01-03/SRPA,SRPA,AMR_37,G35_8,WS_8_20,"[""101067""]",1,8617.300000014848,8859.400000011325,8729.500000013215,8617.300000014848,8617.300000014848,8621.350000014789,8719.400000013362,8719.450000013361,8729.450000013216,8729.500000013215,8855.350000011384,8859.400000011325,18.100000000000122,147.24999999999923,13.350000000000055,0,63.199999999998546,0.2,0,0.0,163.9999999999982
J001338,2023-01-03/PULA,PULA,AMR_30,G9_10,WS_2_20,"[""101080"", ""101295"", ""110285"", ""110418"", ""112359""]",6,8634.800000014593,8757.450000012808,8715.700000013416,8634.800000014593,8661.950000014198,8666.000000014139,8705.600000013563,8705.650000013562,8715.650000013417,8715.700000013416,8753.400000012867,8757.450000012808,18.100000000000122,83.14999999999742,12.400000000000041,0,8.74999999999999,0.25,0,21.999999999999964,72.00000000000077
J001339,2023-01-03/PULA,PULA,AMR_06,G21_10,WS_2_20,"[""107254"", ""107272"", ""112361"", ""121904"", ""125176""]",6,8634.800000014593,9058.850000008422,8946.050000010064,8634.800000014593,8634.800000014593,8638.850000014534,8935.95000001021,8936.00000001021,8946.000000010064,8946.050000010064,9054.800000008481,9058.850000008422,18.100000000000122,149.19999999999968,16.250000000000096,0,240.3000000000204,0.2,0,0.0,143.9999999999999
J001340,2023-01-03/PULA,PULA,AMR_19,G3_8,WS_2_20,"[""101163"", ""107103"", ""110218"", ""134611""]",4,8634.800000014593,8806.900000012089,8767.850000012657,8634.800000014593,8711.30000001348,8715.35000001342,8757.750000012804,8757.800000012803,8767.800000012658,8767.850000012657,8802.850000012148,8806.900000012089,18.100000000000122,125.699999999995,15.300000000000082,0,12.750000000000046,0.25,0,86.00000000000169,64.00000000000061
J001341,2023-01-03/PULA,PULA,AMR_29,G26_12,WS_2_20,"[""101329"", ""110191"", ""110231"", ""110499""]",4,8647.750000014405,9032.350000008808,8912.100000010558,8647.750000014405,8805.850000012104,8809.900000012045,8902.000000010705,8902.050000010704,8912.050000010559,8912.100000010558,9028.300000008867,9032.350000008808,18.100000000000122,199.95000000001122,21.050000000000164,0,145.24999999999878,0.25,0,96.0000000000008,132.00000000000185
J001342,2023-01-03/TMAB,TMAB,AMR_39,G31_2,WS_25_20,"[""110847""]",1,8660.200000014223,8937.200000010193,8839.350000011616,8660.200000014223,8748.45000001294,8752.50000001288,8829.250000011763,8829.300000011763,8839.300000011617,8839.350000011616,8933.150000010251,8937.200000010193,18.100000000000122,139.5999999999975,16.250000000000096,0,102.7999999999963,0.25,0,54.00000000000065,108.0000000000008
J001343,2023-01-03/PULA,PULA,AMR_38,G3_13,WS_2_20,"[""110291"", ""110305"", ""127405""]",4,8671.000000014066,8783.050000012436,8750.800000012905,8671.000000014066,8702.40000001361,8706.45000001355,8740.700000013052,8740.750000013051,8750.750000012906,8750.800000012905,8779.000000012495,8783.050000012436,18.100000000000122,59.699999999998745,13.400000000000055,0,20.600000000000158,0.25,0,16.0,44.00000000000017
J001344,2023-01-03/TMAB,TMAB,AMR_34,G9_9,WS_25_20,"[""110703""]",1,8683.600000013883,8874.10000001111,8804.250000012127,8683.600000013883,8710.350000013494,8714.400000013435,8794.150000012274,8794.200000012273,8804.200000012128,8804.250000012127,8870.05000001117,8874.10000001111,18.100000000000122,124.29999999999508,17.20000000000011,0,30.6500000000003,0.25,0,18.0,116.00000000000111
J001345,2023-01-03/MTKB,MTKB,AMR_21,G12_10,WS_13_20,"[""101218"", ""122980""]",2,8687.750000013823,8771.10000001261,8737.750000013095,8687.750000013823,8687.750000013823,8691.800000013764,8727.650000013242,8727.700000013241,8737.700000013096,8737.750000013095,8767.050000012669,8771.10000001261,18.100000000000122,52.69999999999914,8.549999999999986,0,3.7999999999999945,0.2,0,0.0,56.00000000000041
J001346,2023-01-03/TTNG,TTNG,AMR_31,G14_9,WS_19_20,"[""110227""]",1,8692.200000013758,8898.650000010754,8853.100000011416,8692.200000013758,8752.950000012874,8757.000000012815,8843.000000011563,8843.050000011563,8853.050000011417,8853.100000011416,8894.600000010812,8898.650000010754,18.100000000000122,110.59999999999586,19.150000000000137,0,58.34999999999882,0.25,0,36.0,80.00000000000063
J001347,2023-01-03/PAGU,PAGU,AMR_02,G3_9,WS_30_20,"[""110351""]",1,8694.15000001373,8966.500000009766,8893.700000010826,8694.15000001373,8760.05000001277,8764.100000012711,8883.600000010973,8883.650000010972,8893.650000010826,8893.700000010826,8962.450000009825,8966.500000009766,18.100000000000122,183.90000000000757,16.200000000000095,0,53.899999999999075,0.25,0,60.00000000000091,159.99999999999739
J001348,2023-01-03/PULA,PULA,AMR_35,G8_13,WS_2_20,"[""112208"", ""125535"", ""126832""]",3,8694.650000013722,8827.350000011791,8791.00000001232,8694.650000013722,8739.750000013066,8743.800000013007,8780.900000012467,8780.950000012466,8790.95000001232,8791.00000001232,8823.30000001185,8827.350000011791,18.100000000000122,76.64999999999779,13.350000000000055,0,24.35000000000021,0.25,0,24.000000000000014,56.00000000000047
J001349,2023-01-03/MTKB,MTKB,AMR_10,G20_9,WS_13_20,"[""110426"", ""112329""]",3,8707.700000013532,8875.150000011095,8811.200000012026,8707.700000013532,8750.50000001291,8754.55000001285,8801.100000012173,8801.150000012172,8811.150000012027,8811.200000012026,8871.100000011154,8875.150000011095,18.100000000000122,108.84999999999596,15.250000000000082,0,25.00000000000022,0.25,0,42.0000000000003,76.00000000000068
J001350,2023-01-03/TMAB,TMAB,AMR_17,G11_9,WS_25_20,"[""125639""]",1,8721.050000013338,8937.100000010194,8865.85000001123,8721.050000013338,8721.050000013338,8725.100000013279,8855.750000011378,8855.800000011377,8865.800000011232,8865.85000001123,8933.050000010253,8937.100000010194,18.100000000000122,123.39999999999513,13.400000000000055,0,60.949999999998674,0.2,0,0.0,143.99999999999932
J001351,2023-01-03/TTNG,TTNG,AMR_16,G29_15,WS_19_20,"[""112287""]",1,8723.300000013305,8923.700000010389,8883.000000010981,8723.300000013305,8823.35000001185,8827.40000001179,8872.900000011128,8872.950000011127,8882.950000010982,8883.000000010981,8919.650000010448,8923.700000010389,18.100000000000122,101.39999999999638,18.200000000000124,0,62.44999999999859,0.25,0,42.0,64.0
J001352,2023-01-03/PAGU,PAGU,AMR_27,G15_10,WS_30_20,"[""110097""]",1,8726.800000013254,8918.15000001047,8859.550000011322,8726.800000013254,8755.800000012832,8759.850000012773,8849.45000001147,8849.500000011469,8859.500000011323,8859.550000011322,8914.100000010529,8918.15000001047,18.100000000000122,116.8999999999955,14.300000000000068,0,41.79999999999976,0.25,0,14.0,108.00000000000028
J001353,2023-01-03/SRPA,SRPA,AMR_14,G18_10,WS_8_20,"[""112087""]",1,8730.700000013197,8873.950000011113,8805.45000001211,8730.700000013197,8730.700000013197,8734.750000013139,8795.350000012257,8795.400000012256,8805.40000001211,8805.45000001211,8869.900000011172,8873.950000011113,18.100000000000122,84.89999999999732,11.450000000000028,0,28.60000000000027,0.2,0,0.0,88.00000000000074
J001354,2023-01-03/PULA,PULA,AMR_18,G6_10,WS_2_20,"[""107263"", ""107281"", ""124402""]",3,8751.750000012891,8998.350000009303,8963.100000009816,8751.750000012891,8881.300000011006,8885.350000010947,8953.000000009963,8953.050000009962,8963.050000009816,8963.100000009816,8994.300000009362,8998.350000009303,18.100000000000122,154.30000000000084,20.10000000000015,0,53.84999999999908,0.25,0,114.00000000000199,60.00000000000064
J001355,2023-01-03/MTKB,MTKB,AMR_03,G23_10,WS_13_20,"[""107333"", ""110604""]",2,8756.400000012824,8928.200000010323,8875.650000011088,8756.400000012824,8806.950000012088,8811.000000012029,8865.550000011235,8865.600000011234,8875.600000011089,8875.650000011088,8924.150000010382,8928.200000010323,18.100000000000122,122.99999999999515,15.250000000000082,0,15.200000000000081,0.25,0,54.00000000000047,84.00000000000068
J001356,2023-01-03/TMAB,TMAB,AMR_36,G38_5,WS_25_20,"[""127468""]",1,8756.450000012823,8948.100000010034,8887.600000010914,8756.450000012823,8804.650000012121,8808.700000012062,8877.500000011061,8877.55000001106,8887.550000010915,8887.600000010914,8944.050000010093,8948.100000010034,18.100000000000122,143.79999999999845,18.150000000000123,0,11.350000000000026,0.25,0,36.000000000000036,128.000000000001
J001357,2023-01-03/MTKB,MTKB,AMR_30,G2_9,WS_13_20,"[""101311"", ""125469""]",2,8757.500000012808,8914.600000010521,8858.30000001134,8757.500000012808,8787.750000012367,8791.800000012308,8848.200000011488,8848.250000011487,8858.250000011341,8858.30000001134,8910.55000001058,8914.600000010521,18.100000000000122,110.14999999999588,15.300000000000082,0,13.300000000000054,0.25,0,23.99999999999995,104.00000000000186
J001358,2023-01-03/TTNG,TTNG,AMR_24,G29_8,WS_19_20,"[""110569""]",1,8757.600000012806,8968.95000000973,8913.250000010541,8757.600000012806,8844.950000011535,8849.000000011476,8903.150000010688,8903.200000010687,8913.200000010542,8913.250000010541,8964.90000000979,8968.95000000973,18.100000000000122,150.80000000000004,20.10000000000015,0,22.10000000000018,0.25,0,82.00000000000074,92.0000000000006
J001359,2023-01-03/TMAB,TMAB,AMR_12,G38_9,WS_25_20,"[""112452""]",1,8763.600000012719,8876.000000011083,8823.600000011846,8763.600000012719,8763.600000012719,8767.65000001266,8813.500000011993,8813.550000011992,8823.550000011846,8823.600000011846,8871.950000011142,8876.000000011083,18.100000000000122,83.4999999999974,9.55,0,1.0500000000000003,0.2,0,0.0,104.00000000000058
J001360,2023-01-03/PULA,PULA,AMR_11,G38_10,WS_2_20,"[""101134"", ""101155"", ""107250"", ""112285"", ""112326""]",5,8763.600000012719,9387.45000000364,9057.100000008448,8763.600000012719,8916.350000010496,8920.400000010437,9047.000000008595,9047.050000008594,9057.050000008448,9057.100000008448,9383.4000000037,9387.45000000364,18.100000000000122,263.0000000000255,25.850000000000232,0,316.6500000000377,0.25,0,86.00000000000031,203.99999999999443
J001361,2023-01-03/MTKB,MTKB,AMR_22,G26_10,WS_13_20,"[""107213"", ""112034""]",2,8765.150000012696,8988.300000009449,8920.20000001044,8765.150000012696,8842.450000011571,8846.500000011512,8910.100000010587,8910.150000010586,8920.15000001044,8920.20000001044,8984.250000009508,8988.300000009449,18.100000000000122,152.70000000000047,20.10000000000015,0,32.00000000000032,0.25,0,74.00000000000071,96.0000000000006
J001362,2023-01-03/TMAB,TMAB,AMR_21,G9_10,WS_25_20,"[""125583""]",1,8771.150000012609,9027.45000000888,8950.000000010006,8771.150000012609,8837.300000011646,8841.350000011587,8939.900000010153,8939.950000010153,8949.950000010007,8950.000000010006,9023.400000008938,9027.45000000888,18.100000000000122,120.4499999999953,12.35000000000004,0,105.14999999999617,0.25,0,10.0,120.00000000000065
J001363,2023-01-03/PAGU,PAGU,AMR_09,G0_15,WS_30_20,"[""110465""]",1,8777.700000012514,9033.500000008791,8927.400000010335,8777.700000012514,8777.700000012514,8781.750000012455,8917.300000010482,8917.350000010481,8927.350000010336,8927.400000010335,9029.45000000885,9033.500000008791,18.100000000000122,124.59999999999506,9.55,0,103.34999999999627,0.2,0,0.0,147.9999999999991
J001364,2023-01-03/PULA,PULA,AMR_38,G14_10,WS_2_20,"[""110353"", ""112292"", ""122632""]",3,8783.100000012435,9061.600000008382,8929.000000010312,8783.100000012435,8850.950000011448,8855.000000011389,8918.900000010459,8918.950000010458,8928.950000010313,8929.000000010312,9057.550000008441,9061.600000008382,18.100000000000122,142.84999999999823,20.950000000000163,0,96.34999999999667,0.25,0,56.000000000000625,96.00000000000097
J001365,2023-01-03/MTKB,MTKB,AMR_23,G26_8,WS_13_20,"[""107175"", ""124483""]",2,8788.700000012353,8969.250000009726,8903.200000010687,8788.700000012353,8812.550000012006,8816.600000011947,8893.100000010834,8893.150000010834,8903.150000010688,8903.200000010687,8965.200000009785,8969.250000009726,18.100000000000122,110.59999999999586,14.350000000000069,0,37.25000000000002,0.25,0,18.0,104.0000000000008
J001366,2023-01-03/PULA,PULA,AMR_40,G17_13,WS_2_20,"[""110342"", ""110432"", ""110475""]",4,8791.05000001232,9048.900000008567,8980.150000009568,8791.05000001232,8868.300000011195,8872.350000011136,8970.050000009714,8970.100000009714,8980.100000009568,8980.150000009568,9044.850000008626,9048.900000008567,18.100000000000122,127.24999999999491,15.250000000000082,0,96.99999999999663,0.25,0,34.0,92.00000000000043
J001367,2023-01-03/SRSD,SRSD,AMR_19,G9_15,WS_8_20,"[""112432""]",1,8806.950000012088,9007.45000000917,8963.650000009808,8806.950000012088,8915.950000010502,8920.000000010443,8953.550000009955,8953.600000009954,8963.600000009808,8963.650000009808,9003.40000000923,9007.45000000917,18.100000000000122,99.3999999999965,18.200000000000124,0,64.54999999999848,0.25,0,50.000000000000014,35.99999999999997
J001368,2023-01-03/SRSD,SRSD,AMR_01,G6_14,WS_8_20,"[""110342""]",1,8814.000000011985,8995.850000009339,8947.70000001004,8814.000000011985,8880.400000011019,8884.45000001096,8937.600000010187,8937.650000010186,8947.65000001004,8947.70000001004,8991.800000009398,8995.850000009339,18.100000000000122,85.69999999999727,15.300000000000082,0,62.499999999998586,0.25,0,29.99999999999997,44.00000000000004
J001369,2023-01-03/SRSD,SRSD,AMR_35,G5_12,WS_8_20,"[""110299""]",1,8827.40000001179,8971.200000009698,8931.750000010272,8827.40000001179,8856.450000011368,8860.500000011309,8921.650000010419,8921.700000010418,8931.700000010273,8931.750000010272,8967.150000009757,8971.200000009698,18.100000000000122,76.59999999999779,13.350000000000055,0,35.50000000000012,0.25,0,12.0,60.00000000000037
J001370,2023-01-03/SRSD,SRSD,AMR_07,G15_6,WS_8_20,"[""118483""]",1,8829.400000011761,8972.050000009685,8916.000000010501,8829.400000011761,8832.550000011715,8836.600000011656,8905.900000010648,8905.950000010647,8915.950000010502,8916.000000010501,8968.000000009744,8972.050000009685,18.100000000000122,90.24999999999702,9.5,0,24.550000000000214,0.25,0,2.0,100.00000000000162
J001371,2023-01-03/TTNG,TTNG,AMR_25,G38_8,WS_19_20,"[""110374""]",1,8829.850000011755,9124.200000007471,8992.050000009394,8829.850000011755,8909.800000010591,8913.850000010532,8981.950000009541,8982.00000000954,8992.000000009395,8992.050000009394,9120.15000000753,9124.200000007471,18.100000000000122,188.30000000000857,26.800000000000246,0,60.89999999999868,0.25,0,78.00000000000071,147.99999999999758
J001372,2023-01-03/TMAB,TMAB,AMR_28,G8_7,WS_25_20,"[""107344""]",1,8832.400000011718,9104.850000007753,9008.20000000916,8832.400000011718,8887.450000010916,8891.500000010858,8998.100000009306,8998.150000009306,9008.15000000916,9008.20000000916,9100.800000007812,9104.850000007753,18.100000000000122,168.00000000000395,17.20000000000011,0,68.89999999999823,0.25,0,62.000000000000995,136.00000000000054
J001373,2023-01-03/MTKB,MTKB,AMR_32,G3_13,WS_13_20,"[""110291"", ""110305""]",2,8832.550000011715,9045.150000008622,8982.900000009528,8832.550000011715,8897.050000010777,8901.100000010718,8972.800000009674,8972.850000009674,8982.850000009528,8982.900000009528,9041.10000000868,9045.150000008622,18.100000000000122,130.89999999999552,15.250000000000082,0,48.099999999999405,0.25,0,70.00000000000121,76.0000000000007
J001374,2023-01-03/SRSD,SRSD,AMR_15,G2_1,WS_8_20,"[""110339""]",1,8834.35000001169,9085.900000008029,9030.700000008832,8834.35000001169,8943.000000010108,8947.05000001005,9020.600000008979,9020.650000008978,9030.650000008833,9030.700000008832,9081.850000008088,9085.900000008029,18.100000000000122,159.30000000000197,23.000000000000192,0,50.899999999999245,0.25,0,64.00000000000114,116.00000000000178
J001375,2023-01-03/TMAB,TMAB,AMR_26,G5_9,WS_25_20,"[""112364""]",1,8835.00000001168,9233.400000005882,9024.150000008927,8835.00000001168,8873.250000011123,8877.300000011064,9014.050000009074,9014.100000009073,9024.100000008928,9024.150000008927,9229.350000005941,9233.400000005882,18.100000000000122,181.70000000000707,24.800000000000217,0,173.5500000000052,0.25,0,36.00000000000003,151.99999999999866
J001376,2023-01-03/TTNG,TTNG,AMR_08,G29_7,WS_19_20,"[""110322""]",1,8854.500000011396,9142.550000007204,9026.100000008899,8854.500000011396,8956.800000009907,8960.850000009848,9016.000000009046,9016.050000009045,9026.0500000089,9026.100000008899,9138.500000007263,9142.550000007204,18.100000000000122,162.5000000000027,19.050000000000136,0,88.14999999999714,0.25,0,82.00000000000082,96.0000000000004
J001377,2023-01-03/PAGU,PAGU,AMR_33,G0_11,WS_30_20,"[""138355""]",1,8855.400000011383,9255.400000005562,9046.800000008598,8855.400000011383,8855.400000011383,8859.450000011324,9036.700000008745,9036.750000008744,9046.750000008598,9046.800000008598,9251.350000005621,9255.400000005562,18.100000000000122,156.60000000000136,13.350000000000055,0,211.7500000000139,0.2,0,0.0,175.99999999999716
J001378,2023-01-03/MTKB,MTKB,AMR_37,G30_15,WS_13_20,"[""110609"", ""140089""]",2,8859.450000011324,9011.350000009114,8965.850000009776,8859.450000011324,8890.100000010878,8894.150000010819,8955.750000009923,8955.800000009922,8965.800000009776,8965.850000009776,9007.300000009172,9011.350000009114,18.100000000000122,101.69999999999636,12.400000000000041,0,19.45000000000014,0.25,0,24.0,92.00000000000028
J001379,2023-01-03/TMAB,TMAB,AMR_14,G35_8,WS_25_20,"[""101203""]",1,8874.000000011112,9086.55000000802,8992.35000000939,8874.000000011112,8925.200000010367,8929.250000010308,8982.250000009537,8982.300000009536,8992.30000000939,8992.35000000939,9082.500000008078,9086.55000000802,18.100000000000122,121.49999999999524,16.200000000000095,0,56.49999999999893,0.25,0,42.00000000000013,96.00000000000058
J001380,2023-01-03/SRSD,SRSD,AMR_34,G27_2,WS_8_20,"[""110569""]",1,8874.15000001111,9297.950000004943,9135.25000000731,8874.15000001111,8981.800000009544,8985.850000009485,9125.150000007457,9125.200000007457,9135.200000007311,9135.25000000731,9293.900000005002,9297.950000004943,18.100000000000122,243.55000000002113,27.80000000000026,0,134.09999999999624,0.25,0,90.00000000000101,191.9999999999928
J001381,2023-01-03/MTKB,MTKB,AMR_10,G29_9,WS_13_20,"[""110599"", ""111376""]",2,8875.200000011095,9060.800000008394,8999.95000000928,8875.200000011095,8911.700000010564,8915.750000010505,8989.850000009426,8989.900000009426,8999.90000000928,8999.95000000928,9056.750000008453,9060.800000008394,18.100000000000122,121.59999999999523,15.300000000000082,0,30.350000000000296,0.25,0,30.0,112.00000000000082
J001382,2023-01-03/TMAB,TMAB,AMR_12,G3_12,WS_25_20,"[""112013""]",1,8876.050000011082,9310.150000004765,9123.750000007478,8876.050000011082,9002.850000009237,9006.900000009178,9113.650000007625,9113.700000007624,9123.700000007479,9123.750000007478,9306.100000004824,9310.150000004765,18.100000000000122,228.70000000001775,24.850000000000218,0,162.20000000000263,0.25,0,124.00000000000178,132.0000000000008
J001383,2023-01-03/TTNG,TTNG,AMR_13,G18_10,WS_19_20,"[""107334"", ""112087""]",2,8896.400000010786,9071.35000000824,9009.300000009143,8896.400000010786,8943.700000010098,8947.750000010039,8999.20000000929,8999.25000000929,9009.250000009144,9009.300000009143,9067.3000000083,9071.35000000824,18.100000000000122,85.59999999999728,15.300000000000082,0,55.69999999999897,0.25,0,31.999999999999982,56.00000000000041
J001384,2023-01-03/MTKB,MTKB,AMR_31,G14_9,WS_13_20,"[""110227"", ""110606"", ""124210""]",3,8898.700000010753,8983.700000009516,8948.600000010027,8898.700000010753,8898.700000010753,8902.750000010694,8938.500000010174,8938.550000010173,8948.550000010027,8948.600000010027,8979.650000009575,8983.700000009516,18.100000000000122,55.499999999998984,9.55,0,1.6500000000000008,0.2,0,0.0,60.0000000000005
J001385,2023-01-03/PULA,PULA,AMR_30,G26_2,WS_2_20,"[""107120"", ""107310"", ""107317"", ""110336"", ""110502""]",6,8914.65000001052,9310.050000004767,9112.65000000764,8914.65000001052,9004.05000000922,9008.10000000916,9102.550000007786,9102.600000007786,9112.60000000764,9112.65000000764,9306.000000004826,9310.050000004767,18.100000000000122,229.20000000001787,24.800000000000217,0,123.04999999999515,0.25,0,78.00000000000048,191.99999999999548
J001386,2023-01-03/TMAB,TMAB,AMR_27,G9_2,WS_25_20,"[""127405""]",1,8918.200000010469,9148.500000007118,9040.100000008695,8918.200000010469,8951.050000009991,8955.100000009932,9030.000000008842,9030.050000008841,9040.050000008696,9040.100000008695,9144.450000007177,9148.500000007118,18.100000000000122,156.3000000000013,17.20000000000011,0,38.44999999999995,0.25,0,31.999999999999986,151.99999999999858
J001387,2023-01-03/MTKB,MTKB,AMR_04,G21_1,WS_13_20,"[""110161"", ""124008""]",3,8921.55000001042,9122.650000007494,9056.650000008454,8921.55000001042,8972.000000009686,8976.050000009627,9046.550000008601,9046.6000000086,9056.600000008455,9056.650000008454,9118.600000007553,9122.650000007494,18.100000000000122,145.09999999999874,17.15000000000011,0,20.500000000000156,0.25,0,52.00000000000002,120.00000000000182
J001388,2023-01-03/MTKB,MTKB,AMR_16,G3_1,WS_13_20,"[""110496"", ""113097""]",2,8923.750000010388,9329.450000004485,9194.650000006446,8923.750000010388,9017.450000009025,9021.500000008966,9184.550000006593,9184.600000006592,9194.600000006447,9194.650000006446,9325.400000004543,9329.450000004485,18.100000000000122,219.15000000001558,22.90000000000019,0,145.2999999999988,0.25,0,92.00000000000179,147.99999999999955
J001389,2023-01-03/SRSD,SRSD,AMR_03,G23_10,WS_8_20,"[""107333""]",1,8928.250000010323,9194.550000006448,9002.550000009242,8928.250000010323,8928.250000010323,8932.300000010264,8992.450000009389,8992.500000009388,9002.500000009242,9002.550000009242,9190.500000006507,9194.550000006448,18.100000000000122,113.54999999999569,15.200000000000081,0,119.24999999999537,0.2,0,0.0,120.00000000000114
J001390,2023-01-03/PULA,PULA,AMR_17,G11_9,WS_2_20,"[""101146"", ""107130"", ""107280"", ""110316"", ""112086""]",5,8937.150000010193,9080.650000008105,8997.400000009316,8937.150000010193,8937.150000010193,8941.200000010134,8987.300000009463,8987.350000009463,8997.350000009317,8997.400000009316,9076.600000008164,9080.650000008105,18.100000000000122,80.29999999999758,11.450000000000028,0,33.45000000000024,0.2,0,0.0,84.00000000000077
J001391,2023-01-03/PULA,PULA,AMR_39,G17_10,WS_2_20,"[""107232"", ""110433"", ""110555"", ""112066""]",4,8946.100000010063,9239.450000005794,9093.900000007912,8946.100000010063,9015.300000009056,9019.350000008997,9083.80000000806,9083.850000008058,9093.850000007913,9093.900000007912,9235.400000005853,9239.450000005794,18.100000000000122,142.09999999999806,16.250000000000096,0,116.64999999999552,0.25,0,52.000000000000185,104.0000000000012
J001392,2023-01-03/MTKB,MTKB,AMR_36,G32_6,WS_13_20,"[""111897"", ""115181""]",2,8948.650000010026,9256.100000005552,9160.550000006942,8948.650000010026,8980.250000009566,8984.300000009507,9150.45000000709,9150.500000007089,9160.500000006943,9160.550000006942,9252.05000000561,9256.100000005552,18.100000000000122,152.25000000000037,21.000000000000163,0,115.84999999999556,0.25,0,26.000000000000007,139.99999999999918
J001393,2023-01-03/TMAB,TMAB,AMR_20,G9_1,WS_25_20,"[""126347""]",1,8959.450000009869,9227.500000005968,9056.050000008463,8959.450000009869,8959.450000009869,8963.50000000981,9045.95000000861,9046.00000000861,9056.000000008464,9056.050000008463,9223.450000006027,9227.500000005968,18.100000000000122,141.54999999999794,15.250000000000082,0,92.94999999999686,0.2,0,0.0,155.99999999999778
J001394,2023-01-03/PULA,PULA,AMR_02,G15_10,WS_2_20,"[""110296"", ""110313"", ""125463""]",4,8966.550000009765,9126.050000007444,9074.200000008199,8966.550000009765,8998.350000009303,9002.400000009244,9064.100000008346,9064.150000008345,9074.1500000082,9074.200000008199,9122.000000007503,9126.050000007444,18.100000000000122,108.69999999999597,14.350000000000069,0,18.100000000000122,0.25,0,30.0,96.00000000000153
J001395,2023-01-03/MTKB,MTKB,AMR_24,G14_15,WS_13_20,"[""110179""]",1,8969.00000000973,9395.10000000353,9370.650000003885,8969.00000000973,9317.900000004653,9321.950000004594,9360.550000004032,9360.600000004031,9370.600000003886,9370.650000003885,9391.050000003588,9395.10000000353,18.100000000000122,238.75000000002004,37.30000000000002,0,131.6999999999957,0.25,0,227.99999999999307,32.0
J001396,2023-01-03/TTNG,TTNG,AMR_05,G3_10,WS_19_20,"[""110561""]",1,8978.450000009592,9316.200000004677,9118.10000000756,8978.450000009592,8978.450000009592,8982.500000009533,9108.000000007707,9108.050000007706,9118.05000000756,9118.10000000756,9312.150000004736,9316.200000004677,18.100000000000122,145.3999999999988,21.000000000000163,0,153.05000000000055,0.2,0,0.0,151.99999999999955
J001397,2023-01-03/PULA,PULA,AMR_23,G20_10,WS_2_20,"[""107459"", ""110284"", ""124211""]",3,8980.200000009567,9299.150000004925,9129.400000007396,8980.200000009567,9005.200000009203,9009.250000009144,9119.300000007543,9119.350000007542,9129.350000007396,9129.400000007396,9295.100000004984,9299.150000004925,18.100000000000122,168.35000000000403,23.850000000000204,0,108.39999999999598,0.25,0,20.0,159.99999999999858
J001398,2023-01-03/MTKB,MTKB,AMR_35,G12_13,WS_13_20,"[""137330""]",1,8982.950000009527,9123.60000000748,9073.650000008207,8982.950000009527,9017.05000000903,9021.100000008972,9063.550000008354,9063.600000008353,9073.600000008208,9073.650000008207,9119.550000007539,9123.60000000748,18.100000000000122,71.39999999999809,13.350000000000055,0,37.550000000000004,0.25,0,24.0,44.00000000000013
J001399,2023-01-03/SRSD,SRSD,AMR_31,G14_9,WS_8_20,"[""110227""]",1,8983.750000009515,9268.150000005377,9087.300000008008,8983.750000009515,8983.750000009515,8987.800000009456,9077.200000008155,9077.250000008155,9087.250000008009,9087.300000008008,9264.100000005436,9268.150000005377,18.100000000000122,108.94999999999595,15.300000000000082,0,141.849999999998,0.2,0,0.0,112.00000000000125
J001400,2023-01-03/TMAB,TMAB,AMR_22,G29_8,WS_25_20,"[""101244""]",1,8992.40000000939,9145.400000007163,9072.000000008231,8992.40000000939,9013.400000009084,9017.450000009025,9061.900000008378,9061.950000008377,9071.950000008232,9072.000000008231,9141.350000007222,9145.400000007163,18.100000000000122,89.69999999999705,14.350000000000069,0,30.6000000000003,0.25,0,14.0,72.00000000000017
J001401,2023-01-03/PULA,PULA,AMR_07,G27_12,WS_2_20,"[""101180"", ""110595"", ""112380""]",3,8997.450000009316,9550.40000000127,9326.600000004526,8997.450000009316,9127.75000000742,9131.80000000736,9316.500000004673,9316.550000004672,9326.550000004527,9326.600000004526,9546.350000001328,9550.40000000127,18.100000000000122,234.150000000019,29.600000000000286,0,270.8500000000273,0.25,0,88.00000000000128,151.99999999999926
J001402,2023-01-03/MTKB,MTKB,AMR_18,G17_14,WS_13_20,"[""140079""]",3,9000.000000009279,9187.100000006556,9143.50000000719,9000.000000009279,9066.000000008318,9070.05000000826,9133.400000007337,9133.450000007337,9143.450000007191,9143.50000000719,9183.050000006615,9187.100000006556,18.100000000000122,89.69999999999705,16.200000000000095,0,62.849999999998566,0.25,0,38.00000000000004,44.000000000000085
J001403,2023-01-03/TMAB,TMAB,AMR_01,G6_10,WS_25_20,"[""107263""]",1,9008.250000009159,9352.850000004144,9253.950000005583,9008.250000009159,9030.450000008836,9034.500000008777,9243.85000000573,9243.90000000573,9253.900000005584,9253.950000005583,9348.800000004203,9352.850000004144,18.100000000000122,130.04999999999532,18.150000000000123,0,178.05000000000624,0.25,0,12.0,128.00000000000114
J001404,2023-01-03/SRSD,SRSD,AMR_37,G30_15,WS_8_20,"[""125179""]",1,9011.400000009113,9279.900000005206,9151.200000007078,9011.400000009113,9011.400000009113,9015.450000009054,9141.100000007225,9141.150000007225,9151.15000000708,9151.200000007078,9275.850000005265,9279.900000005206,18.100000000000122,107.59999999999603,7.649999999999981,0,134.94999999999644,0.2,0,0.0,116.00000000000068
J001405,2023-01-03/TMAB,TMAB,AMR_19,G3_9,WS_25_20,"[""110351""]",1,9024.200000008927,9367.350000003933,9284.950000005132,9024.200000008927,9099.900000007825,9103.950000007766,9274.850000005279,9274.900000005278,9284.900000005133,9284.950000005132,9363.300000003992,9367.350000003933,18.100000000000122,184.0500000000076,23.850000000000204,0,116.8999999999955,0.25,0,60.00000000000084,143.99999999999994
J001406,2023-01-03/SRSD,SRSD,AMR_21,G9_10,WS_8_20,"[""125583""]",2,9027.500000008878,9154.150000007035,9103.350000007775,9027.500000008878,9027.500000008878,9031.55000000882,9093.250000007922,9093.300000007921,9103.300000007775,9103.350000007775,9150.100000007094,9154.150000007035,18.100000000000122,55.89999999999896,7.599999999999981,0,44.84999999999959,0.2,0,0.0,56.00000000000033
J001407,2023-01-03/SRSD,SRSD,AMR_09,G0_15,WS_8_20,"[""110519""]",1,9033.55000000879,9154.750000007027,9119.300000007543,9033.55000000879,9033.55000000879,9037.600000008732,9109.20000000769,9109.250000007689,9119.250000007543,9119.300000007543,9150.700000007086,9154.750000007027,18.100000000000122,58.649999999998805,7.649999999999981,0,36.60000000000006,0.2,0,0.0,60.00000000000027
J001408,2023-01-03/TMAB,TMAB,AMR_29,G2_10,WS_25_20,"[""125462""]",1,9040.150000008694,9451.800000002704,9349.850000004188,9040.150000008694,9172.250000006772,9176.300000006713,9339.750000004335,9339.800000004334,9349.800000004188,9349.850000004188,9447.750000002763,9451.800000002704,18.100000000000122,216.550000000015,21.950000000000177,0,154.80000000000095,0.25,0,100.00000000000162,139.9999999999995
J001409,2023-01-03/TMAB,TMAB,AMR_32,G3_7,WS_25_20,"[""110356""]",1,9056.100000008462,9507.75000000189,9380.800000003737,9056.100000008462,9144.400000007177,9148.450000007118,9370.700000003884,9370.750000003884,9380.750000003738,9380.800000003737,9503.700000001949,9507.75000000189,18.100000000000122,289.95000000003165,38.29999999999996,0,105.04999999999617,0.25,0,76.00000000000095,259.99999999998926
J001410,2023-01-03/MTKB,MTKB,AMR_40,G12_12,WS_13_20,"[""107328""]",1,9056.700000008454,9224.400000006013,9177.600000006694,9056.700000008454,9079.200000008126,9083.250000008067,9167.500000006841,9167.55000000684,9177.550000006695,9177.600000006694,9220.350000006072,9224.400000006013,18.100000000000122,81.29999999999752,17.20000000000011,0,50.84999999999925,0.25,0,16.0,56.00000000000023
J001411,2023-01-03/PULA,PULA,AMR_06,G26_10,WS_2_20,"[""110323"", ""112034"", ""124403""]",3,9058.900000008422,9495.40000000207,9394.850000003533,9058.900000008422,9125.00000000746,9129.0500000074,9384.75000000368,9384.800000003679,9394.800000003534,9394.850000003533,9491.350000002129,9495.40000000207,18.100000000000122,188.0500000000085,20.950000000000163,0,209.1500000000133,0.25,0,42.0000000000003,163.9999999999988
J001412,2023-01-03/SRSD,SRSD,AMR_38,G21_10,WS_8_20,"[""112386""]",1,9069.95000000826,9377.450000003786,9299.750000004917,9069.95000000826,9106.250000007733,9110.300000007674,9289.650000005064,9289.700000005063,9299.700000004917,9299.750000004917,9373.400000003845,9377.450000003786,18.100000000000122,124.29999999999508,21.950000000000177,0,142.89999999999824,0.25,0,22.0,104.00000000000102
J001413,2023-01-03/MTKB,MTKB,AMR_13,G20_15,WS_13_20,"[""123763""]",1,9073.700000008206,9243.85000000573,9211.700000006198,9073.700000008206,9105.350000007746,9109.400000007687,9201.600000006345,9201.650000006344,9211.650000006199,9211.700000006198,9239.80000000579,9243.85000000573,18.100000000000122,66.29999999999838,10.450000000000014,0,75.04999999999788,0.25,0,14.0,52.0000000000003
J001414,2023-01-03/PULA,PULA,AMR_10,G26_9,WS_2_20,"[""107131"", ""107380"", ""110479""]",4,9074.250000008198,9438.200000002902,9343.700000004277,9074.250000008198,9135.850000007302,9139.900000007243,9333.600000004424,9333.650000004423,9343.650000004278,9343.700000004277,9434.150000002961,9438.200000002902,18.100000000000122,177.9000000000062,19.150000000000137,0,148.54999999999953,0.25,0,50.00000000000058,144.00000000000009
J001415,2023-01-03/TTNG,TTNG,AMR_15,G2_1,WS_19_20,"[""110339""]",1,9085.950000008028,9390.550000003595,9195.500000006434,9085.950000008028,9085.950000008028,9090.000000007969,9185.40000000658,9185.45000000658,9195.450000006434,9195.500000006434,9386.500000003654,9390.550000003595,18.100000000000122,137.74999999999707,12.35000000000004,0,136.19999999999672,0.2,0,0.0,163.99999999999733
J001416,2023-01-03/PAGU,PAGU,AMR_14,G35_8,WS_30_20,"[""101202""]",1,9086.600000008018,9193.350000006465,9137.550000007277,9086.600000008018,9086.600000008018,9090.65000000796,9127.450000007424,9127.500000007423,9137.500000007278,9137.550000007277,9189.300000006524,9193.350000006465,18.100000000000122,64.64999999999847,9.55,0,14.250000000000068,0.2,0,0.0,72.00000000000055
J001417,2023-01-03/PULA,PULA,AMR_17,G18_10,WS_2_20,"[""107334"", ""110391"", ""112087""]",4,9093.950000007912,9485.200000002218,9377.800000003781,9093.950000007912,9121.700000007508,9125.750000007449,9367.700000003928,9367.750000003927,9377.750000003782,9377.800000003781,9481.150000002277,9485.200000002218,18.100000000000122,136.79999999999686,18.200000000000124,0,217.9000000000153,0.25,0,24.0,128.00000000000227
J001418,2023-01-03/PULA,PULA,AMR_28,G29_10,WS_2_20,"[""110141"", ""110531"", ""123272""]",3,9112.700000007639,9605.200000000472,9411.900000003285,9112.700000007639,9214.050000006164,9218.100000006105,9401.800000003432,9401.850000003431,9411.850000003285,9411.900000003285,9601.15000000053,9605.200000000472,18.100000000000122,258.0500000000244,27.650000000000258,0,188.4500000000086,0.25,0,76.00000000000057,207.99999999999437
J001419,2023-01-03/PULA,PULA,AMR_02,G29_9,WS_2_20,"[""110163"", ""110520"", ""111239""]",3,9129.450000007395,9457.850000002616,9360.750000004029,9129.450000007395,9184.80000000659,9188.85000000653,9350.650000004176,9350.700000004175,9360.70000000403,9360.750000004029,9453.800000002675,9457.850000002616,18.100000000000122,191.5000000000093,18.150000000000123,0,100.39999999999644,0.25,0,58.0000000000004,179.99999999999656
J001420,2023-01-03/PANJ,PANJ,AMR_25,G29_15,WS_30_20,"[""112287"", ""132437""]",2,9137.600000007276,9231.350000005912,9214.200000006162,9137.600000007276,9175.900000006719,9179.95000000666,9204.100000006309,9204.150000006308,9214.150000006162,9214.200000006162,9227.300000005971,9231.350000005912,18.100000000000122,63.049999999998555,10.550000000000015,0,1.800000000000001,0.25,0,40.00000000000003,32.0
J001421,2023-01-03/PANJ,PANJ,AMR_35,G33_15,WS_30_20,"[""107573""]",1,9137.600000007276,9291.850000005032,9259.550000005502,9137.600000007276,9214.900000006151,9218.950000006093,9249.450000005649,9249.500000005648,9259.500000005502,9259.550000005502,9287.80000000509,9291.850000005032,18.100000000000122,88.99999999999709,14.350000000000069,0,32.55000000000029,0.25,0,54.00000000000003,36.0
J001422,2023-01-03/PANJ,PANJ,AMR_04,G33_13,WS_30_20,"[""124208""]",1,9137.600000007276,9332.350000004442,9293.650000005005,9137.600000007276,9227.900000005962,9231.950000005903,9283.550000005152,9283.600000005152,9293.600000005006,9293.650000005005,9328.300000004501,9332.350000004442,18.100000000000122,129.29999999999515,20.05000000000015,0,27.05000000000025,0.25,0,88.00000000000132,52.00000000000013
J001423,2023-01-03/PANJ,PANJ,AMR_08,G21_13,WS_30_20,"[""101102""]",1,9142.600000007204,9314.00000000471,9276.600000005254,9142.600000007204,9212.350000006189,9216.40000000613,9266.5000000054,9266.5500000054,9276.550000005254,9276.600000005254,9309.950000004768,9314.00000000471,18.100000000000122,109.9499999999959,19.150000000000137,0,23.950000000000205,0.25,0,48.00000000000013,72.00000000000023
J001424,2023-01-03/PANJ,PANJ,AMR_22,G35_9,WS_30_20,"[""125547""]",1,9145.450000007162,9287.80000000509,9242.200000005754,9145.450000007162,9193.00000000647,9197.050000006411,9232.100000005901,9232.1500000059,9242.150000005755,9242.200000005754,9283.75000000515,9287.80000000509,18.100000000000122,88.39999999999712,17.20000000000011,0,18.400000000000126,0.25,0,26.0,68.00000000000036
J001425,2023-01-03/MTKB,MTKB,AMR_27,G38_8,WS_13_20,"[""101327"", ""136197""]",2,9148.550000007117,9422.800000003126,9353.600000004133,9148.550000007117,9206.200000006278,9210.25000000622,9343.50000000428,9343.55000000428,9353.550000004134,9353.600000004133,9418.750000003185,9422.800000003126,18.100000000000122,182.20000000000718,16.250000000000096,0,57.44999999999887,0.25,0,70.00000000000031,151.99999999999804
J001426,2023-01-03/PANJ,PANJ,AMR_21,G24_5,WS_30_20,"[""140079""]",1,9154.200000007035,9354.800000004116,9310.700000004757,9154.200000007035,9208.350000006247,9212.400000006188,9300.600000004904,9300.650000004904,9310.650000004758,9310.700000004757,9350.750000004175,9354.800000004116,18.100000000000122,124.44999999999507,14.300000000000068,0,43.499999999999666,0.25,0,48.00000000000042,92.00000000000097
J001427,2023-01-03/MTKB,MTKB,AMR_09,G0_15,WS_13_20,"[""110519"", ""124702""]",3,9160.600000006942,9335.400000004398,9297.250000004953,9160.600000006942,9160.600000006942,9164.650000006883,9287.1500000051,9287.2000000051,9297.200000004954,9297.250000004953,9331.350000004457,9335.400000004398,18.100000000000122,71.79999999999806,7.649999999999981,0,77.04999999999777,0.2,0,0.0,80.00000000000098
J001428,2023-01-03/MTKB,MTKB,AMR_18,G6_15,WS_13_20,"[""110480""]",1,9187.150000006555,9432.550000002984,9387.700000003637,9187.150000006555,9308.100000004795,9312.150000004736,9377.600000003784,9377.650000003783,9387.650000003638,9387.700000003637,9428.500000003043,9432.550000002984,18.100000000000122,106.49999999999609,18.250000000000124,0,102.29999999999633,0.25,0,52.0000000000003,56.00000000000044
J001429,2023-01-03/TTNG,TTNG,AMR_14,G35_8,WS_19_20,"[""101067""]",1,9193.400000006464,9381.100000003733,9279.150000005216,9193.400000006464,9193.400000006464,9197.450000006405,9269.050000005363,9269.100000005363,9279.100000005217,9279.150000005216,9377.050000003792,9381.100000003733,18.100000000000122,106.94999999999607,13.350000000000055,0,49.09999999999935,0.2,0,0.0,116.00000000000038
J001430,2023-01-03/MTKB,MTKB,AMR_03,G9_12,WS_13_20,"[""111208""]",1,9194.700000006445,9354.600000004119,9319.200000004634,9194.700000006445,9224.050000006018,9228.10000000596,9309.10000000478,9309.15000000478,9319.150000004634,9319.200000004634,9350.550000004177,9354.600000004119,18.100000000000122,85.1499999999973,11.400000000000027,0,44.99999999999958,0.25,0,32.0,56.00000000000024
J001431,2023-01-03/PANJ,PANJ,AMR_40,G12_12,WS_30_20,"[""107328""]",1,9224.450000006012,9408.700000003331,9338.200000004357,9224.450000006012,9224.450000006012,9228.500000005954,9328.100000004504,9328.150000004503,9338.150000004358,9338.200000004357,9404.65000000339,9408.700000003331,18.100000000000122,114.44999999999564,13.400000000000055,0,38.09999999999997,0.2,0,0.0,128.0000000000007
J001432,2023-01-03/MTKB,MTKB,AMR_20,G5_14,WS_13_20,"[""107204""]",1,9227.550000005967,9374.350000003831,9336.550000004381,9227.550000005967,9272.00000000532,9276.050000005262,9326.450000004528,9326.500000004527,9336.500000004382,9336.550000004381,9370.30000000389,9374.350000003831,18.100000000000122,99.94999999999646,14.300000000000068,0,14.200000000000067,0.25,0,38.00000000000007,72.00000000000074
J001433,2023-01-03/PANJ,PANJ,AMR_39,G24_1,WS_30_20,"[""110357""]",1,9242.250000005753,9453.750000002676,9388.20000000363,9242.250000005753,9283.75000000515,9287.80000000509,9378.100000003777,9378.150000003776,9388.15000000363,9388.20000000363,9449.700000002735,9453.750000002676,18.100000000000122,142.84999999999823,16.200000000000095,0,34.1000000000002,0.25,0,39.99999999999995,132.00000000000117
J001434,2023-01-03/SRSD,SRSD,AMR_33,G0_11,WS_8_20,"[""138355""]",1,9255.450000005561,9371.00000000388,9315.650000004685,9255.450000005561,9255.450000005561,9259.500000005502,9305.550000004832,9305.600000004832,9315.600000004686,9315.650000004685,9366.950000003939,9371.00000000388,18.100000000000122,70.89999999999812,9.55,0,16.800000000000104,0.2,0,0.0,76.00000000000036
J001435,2023-01-03/PANJ,PANJ,AMR_26,G8_12,WS_30_20,"[""112010""]",1,9259.600000005501,9490.950000002134,9405.30000000338,9259.600000005501,9289.750000005062,9293.800000005003,9395.200000003528,9395.250000003527,9405.250000003382,9405.30000000338,9486.900000002193,9490.950000002134,18.100000000000122,132.49999999999588,13.350000000000055,0,67.14999999999833,0.25,0,16.0,136.00000000000009
J001436,2023-01-03/PANJ,PANJ,AMR_31,G14_9,WS_30_20,"[""110227""]",1,9276.650000005253,9491.000000002134,9429.900000003023,9276.650000005253,9276.650000005253,9280.700000005194,9419.80000000317,9419.850000003169,9429.850000003024,9429.900000003023,9486.950000002193,9491.000000002134,18.100000000000122,127.4499999999949,13.400000000000055,0,55.199999999999,0.2,0,0.0,159.99999999999704
J001437,2023-01-03/WRA2,WRA2,AMR_13,G17_10,WS_19_20,"[""107232"", ""112066""]",2,9279.200000005216,9494.400000002084,9438.3000000029,9279.200000005216,9338.550000004352,9342.600000004293,9428.200000003048,9428.250000003047,9438.250000002901,9438.3000000029,9490.350000002143,9494.400000002084,18.100000000000122,86.64999999999722,13.300000000000054,0,96.89999999999664,0.25,0,16.0,64.00000000000023
J001438,2023-01-03/WRA2,WRA2,AMR_36,G35_7,WS_19_20,"[""112195"", ""120778""]",2,9279.200000005216,9502.350000001969,9421.250000003149,9279.200000005216,9309.750000004771,9313.800000004712,9411.150000003296,9411.200000003295,9421.20000000315,9421.250000003149,9498.300000002027,9502.350000001969,18.100000000000122,146.34999999999903,19.100000000000136,0,39.3499999999999,0.25,0,24.00000000000002,136.00000000000048
J001439,2023-01-03/WRA2,WRA2,AMR_25,G20_14,WS_19_20,"[""110178""]",1,9279.200000005216,9398.300000003483,9369.950000003895,9279.200000005216,9327.00000000452,9331.050000004461,9359.850000004042,9359.900000004041,9369.900000003896,9369.950000003895,9394.250000003542,9398.300000003483,18.100000000000122,75.09999999999788,14.300000000000068,0,11.350000000000026,0.25,0,32.0,40.00000000000004
J001440,2023-01-03/WRA2,WRA2,AMR_37,G24_15,WS_19_20,"[""112432""]",1,9279.950000005205,9381.95000000372,9352.250000004153,9279.950000005205,9313.400000004718,9317.45000000466,9342.1500000043,9342.200000004299,9352.200000004153,9352.250000004153,9377.90000000378,9381.95000000372,18.100000000000122,58.89999999999879,11.500000000000028,0,13.250000000000053,0.25,0,16.0,44.0
J001441,2023-01-03/WRA2,WRA2,AMR_22,G23_13,WS_19_20,"[""110148""]",1,9287.85000000509,9422.600000003129,9387.150000003645,9287.85000000509,9328.3500000045,9332.400000004442,9377.050000003792,9377.100000003791,9387.100000003646,9387.150000003645,9418.550000003188,9422.600000003129,18.100000000000122,82.79999999999744,15.300000000000082,0,18.300000000000125,0.25,0,36.00000000000003,48.00000000000013
J001442,2023-01-03/WRA2,WRA2,AMR_35,G26_14,WS_19_20,"[""110169""]",1,9291.900000005031,9459.0000000026,9404.200000003397,9291.900000005031,9321.450000004601,9325.500000004542,9394.100000003544,9394.150000003543,9404.150000003398,9404.200000003397,9454.950000002658,9459.0000000026,18.100000000000122,84.24999999999736,14.350000000000069,0,50.14999999999929,0.25,0,24.0,56.00000000000004
J001443,2023-01-03/MTKB,MTKB,AMR_34,G14_10,WS_13_20,"[""107396""]",1,9298.000000004942,9817.249999997386,9562.350000001095,9298.000000004942,9499.800000002006,9503.850000001947,9552.250000001242,9552.300000001242,9562.300000001096,9562.350000001095,9813.199999997445,9817.249999997386,18.100000000000122,240.25000000002038,41.1999999999998,0,219.45000000001565,0.25,0,138.00000000000074,100.00000000000108
J001444,2023-01-03/PANJ,PANJ,AMR_23,G3_8,WS_30_20,"[""107336""]",1,9299.200000004925,9766.749999998121,9673.249999999482,9299.200000004925,9391.000000003589,9395.05000000353,9663.149999999629,9663.199999999628,9673.199999999482,9673.249999999482,9762.69999999818,9766.749999998121,18.100000000000122,236.15000000001945,25.75000000000023,0,187.30000000000834,0.25,0,82.00000000000155,191.99999999999278
J001445,2023-01-03/SRSD,SRSD,AMR_30,G26_2,WS_8_20,"[""107317""]",1,9310.100000004766,9571.350000000964,9404.150000003398,9310.100000004766,9310.100000004766,9314.150000004707,9394.050000003544,9394.100000003544,9404.100000003398,9404.150000003398,9567.300000001023,9571.350000000964,18.100000000000122,135.44999999999655,11.450000000000028,0,96.04999999999669,0.2,0,0.0,151.99999999999963
J001446,2023-01-03/TMAB,TMAB,AMR_05,G3_10,WS_25_20,"[""110561""]",2,9316.250000004677,9510.150000001855,9433.450000002971,9316.250000004677,9316.250000004677,9320.300000004618,9423.350000003118,9423.400000003117,9433.400000002972,9433.450000002971,9506.100000001914,9510.150000001855,18.100000000000122,118.14999999999543,8.549999999999986,0,48.89999999999936,0.2,0,0.0,136.00000000000045
J001447,2023-01-03/MTKB,MTKB,AMR_12,G11_10,WS_13_20,"[""110590""]",1,9319.250000004633,9524.600000001645,9489.25000000216,9319.250000004633,9385.650000003667,9389.700000003608,9479.150000002306,9479.200000002305,9489.20000000216,9489.25000000216,9520.550000001704,9524.600000001645,18.100000000000122,106.64999999999608,15.200000000000081,0,65.14999999999844,0.25,0,56.000000000000625,60.000000000000526
J001448,2023-01-03/PULA,PULA,AMR_08,G3_12,WS_2_20,"[""107398"", ""110210"", ""112040"", ""115355"", ""115591"", ""127627""]",6,9326.650000004525,9473.250000002392,9428.950000003037,9326.650000004525,9369.900000003896,9373.950000003837,9418.850000003184,9418.900000003183,9428.900000003037,9428.950000003037,9469.20000000245,9473.250000002392,18.100000000000122,83.5499999999974,10.500000000000014,0,34.200000000000195,0.25,0,46.00000000000048,48.00000000000041
J001449,2023-01-03/PANJ,PANJ,AMR_09,G0_15,WS_30_20,"[""110519""]",1,9335.450000004397,9718.69999999882,9519.150000001724,9335.450000004397,9335.450000004397,9339.500000004338,9509.050000001871,9509.10000000187,9519.100000001725,9519.150000001724,9714.64999999888,9718.69999999882,18.100000000000122,173.70000000000525,19.050000000000136,0,172.2000000000049,0.2,0,0.0,175.99999999999693
J001450,2023-01-03/MTKB,MTKB,AMR_16,G15_10,WS_13_20,"[""110097""]",1,9336.60000000438,9549.300000001285,9506.500000001908,9336.60000000438,9418.000000003196,9422.050000003137,9496.400000002055,9496.450000002054,9506.450000001909,9506.500000001908,9545.250000001344,9549.300000001285,18.100000000000122,109.59999999999592,17.15000000000011,0,67.5999999999983,0.25,0,54.00000000000024,56.00000000000031
J001451,2023-01-03/PULA,PULA,AMR_04,G29_7,WS_2_20,"[""107389"", ""112072"", ""132280""]",3,9343.750000004276,9679.949999999384,9510.350000001852,9343.750000004276,9406.400000003365,9410.450000003306,9500.250000001999,9500.300000001998,9510.300000001853,9510.350000001852,9675.899999999443,9679.949999999384,18.100000000000122,184.1000000000076,21.050000000000164,0,112.69999999999574,0.25,0,48.000000000000234,163.99999999999855
J001452,2023-01-03/WRA2,WRA2,AMR_01,G20_15,WS_19_20,"[""123763""]",1,9352.900000004143,9512.050000001827,9487.600000002183,9352.900000004143,9451.200000002713,9455.250000002654,9477.50000000233,9477.55000000233,9487.550000002184,9487.600000002183,9508.000000001886,9512.050000001827,18.100000000000122,76.69999999999779,11.450000000000028,0,52.649999999999146,0.25,0,42.0,32.0
J001453,2023-01-03/MTKB,MTKB,AMR_03,G20_12,WS_13_20,"[""124207""]",1,9354.650000004118,9508.000000001886,9462.800000002544,9354.650000004118,9383.850000003693,9387.900000003634,9452.700000002691,9452.75000000269,9462.750000002545,9462.800000002544,9503.950000001945,9508.000000001886,18.100000000000122,85.59999999999728,13.300000000000054,0,36.10000000000009,0.25,0,26.0,64.00000000000043
J001454,2023-01-03/PULA,PULA,AMR_21,G38_9,WS_2_20,"[""107428"", ""110139"", ""112452""]",4,9360.800000004028,9670.449999999522,9561.500000001108,9360.800000004028,9406.250000003367,9410.300000003308,9551.400000001255,9551.450000001254,9561.450000001108,9561.500000001108,9666.399999999581,9670.449999999522,18.100000000000122,213.20000000001423,21.000000000000163,0,57.09999999999889,0.25,0,44.00000000000037,219.9999999999899
J001455,2023-01-03/WRA2,WRA2,AMR_19,G18_9,WS_19_20,"[""122645""]",1,9370.000000003894,9575.500000000904,9540.450000001414,9370.000000003894,9459.800000002588,9463.850000002529,9530.350000001561,9530.40000000156,9540.400000001415,9540.450000001414,9571.450000000963,9575.500000000904,18.100000000000122,121.09999999999526,19.150000000000137,0,46.89999999999947,0.25,0,74.000000000001,60.0000000000005
J001456,2023-01-03/PANJ,PANJ,AMR_33,G0_11,WS_30_20,"[""138355""]",1,9371.05000000388,9922.449999995855,9540.350000001416,9371.05000000388,9371.05000000388,9375.10000000382,9530.250000001563,9530.300000001562,9540.300000001416,9540.350000001416,9918.399999995914,9922.449999995855,18.100000000000122,151.85000000000028,13.400000000000055,0,367.85000000004936,0.2,0,0.0,167.99999999999653
J001457,2023-01-03/MTKB,MTKB,AMR_20,G21_13,WS_13_20,"[""123305""]",1,9374.40000000383,9727.349999998694,9596.900000000593,9374.40000000383,9546.000000001333,9550.050000001274,9586.80000000074,9586.850000000739,9596.850000000593,9596.900000000593,9723.299999998753,9727.349999998694,18.100000000000122,131.09999999999556,19.100000000000136,0,184.40000000000768,0.25,0,54.00000000000014,72.00000000000023
J001458,2023-01-03/PULA,PULA,AMR_38,G6_13,WS_2_20,"[""110587"", ""111342""]",2,9377.85000000378,9569.200000000996,9527.400000001604,9377.85000000378,9448.100000002758,9452.150000002699,9517.300000001751,9517.35000000175,9527.350000001605,9527.400000001604,9565.150000001055,9569.200000000996,18.100000000000122,111.99999999999578,16.250000000000096,0,44.749999999999595,0.25,0,68.00000000000108,56.000000000000384
J001459,2023-01-03/WRA2,WRA2,AMR_37,G21_10,WS_19_20,"[""112361""]",1,9387.200000003644,9547.700000001309,9504.850000001932,9387.200000003644,9412.20000000328,9416.250000003221,9494.75000000208,9494.800000002078,9504.800000001933,9504.850000001932,9543.650000001368,9547.700000001309,18.100000000000122,80.74999999999756,15.250000000000082,0,46.149999999999515,0.25,0,20.0,56.00000000000031
J001460,2023-01-03/MTKB,MTKB,AMR_11,G11_9,WS_13_20,"[""107280""]",1,9387.750000003636,9745.999999998423,9698.449999999115,9387.750000003636,9581.30000000082,9585.35000000076,9688.349999999262,9688.399999999261,9698.399999999116,9698.449999999115,9741.949999998482,9745.999999998423,18.100000000000122,210.10000000001352,27.75000000000026,0,102.04999999999634,0.25,0,163.999999999998,84.00000000000082
J001461,2023-01-03/PULA,PULA,AMR_14,G35_8,WS_2_20,"[""101203"", ""110486"", ""112353""]",3,9394.900000003532,9747.399999998403,9544.450000001356,9394.900000003532,9394.900000003532,9398.950000003473,9534.350000001503,9534.400000001502,9544.400000001357,9544.450000001356,9743.349999998461,9747.399999998403,18.100000000000122,171.7500000000048,17.20000000000011,0,145.24999999999878,0.2,0,0.0,195.99999999999258
J001462,2023-01-03/TMYL,TMYL,AMR_15,G0_8,WS_8_20,"[""101174""]",1,9404.200000003397,9581.550000000816,9535.450000001487,9404.200000003397,9424.500000003101,9428.550000003042,9525.350000001634,9525.400000001633,9535.400000001488,9535.450000001487,9577.500000000875,9581.550000000816,18.100000000000122,99.79999999999647,12.400000000000041,0,46.79999999999948,0.25,0,17.999999999999996,88.00000000000087
J001463,2023-01-03/TMYL,TMYL,AMR_25,G29_8,WS_8_20,"[""110569""]",2,9404.200000003397,9665.649999999592,9563.40000000108,9404.200000003397,9445.90000000279,9449.950000002731,9553.300000001227,9553.350000001226,9563.35000000108,9563.40000000108,9661.599999999651,9665.649999999592,18.100000000000122,151.60000000000022,17.20000000000011,0,74.29999999999792,0.25,0,34.0,140.0000000000006
J001464,2023-01-03/WRA2,WRA2,AMR_24,G30_15,WS_19_20,"[""140089""]",1,9404.250000003396,9606.200000000457,9566.950000001028,9404.250000003396,9499.300000002013,9503.350000001954,9556.850000001175,9556.900000001175,9566.90000000103,9566.950000001028,9602.150000000516,9606.200000000457,18.100000000000122,100.59999999999643,11.500000000000028,0,71.49999999999808,0.25,0,36.0,68.0
J001465,2023-01-03/PULA,PULA,AMR_40,G5_10,WS_2_20,"[""101296"", ""110512""]",2,9411.950000003284,9536.55000000147,9493.3000000021,9411.950000003284,9453.300000002682,9457.350000002623,9483.200000002247,9483.250000002246,9493.250000002101,9493.3000000021,9532.50000000153,9536.55000000147,18.100000000000122,73.29999999999798,11.450000000000028,0,21.50000000000017,0.25,0,22.00000000000003,56.000000000000284
J001466,2023-01-03/WRA2,WRA2,AMR_22,G12_10,WS_19_20,"[""107101""]",1,9422.650000003128,9871.499999996597,9603.700000000494,9422.650000003128,9522.15000000168,9526.200000001621,9593.60000000064,9593.65000000064,9603.650000000494,9603.700000000494,9867.449999996656,9871.499999996597,18.100000000000122,149.04999999999964,24.850000000000218,0,256.60000000002407,0.25,0,76.00000000000094,80.00000000000037
J001467,2023-01-03/PULA,PULA,AMR_27,G11_12,WS_2_20,"[""110492"", ""112374""]",2,9429.000000003036,10162.799999992358,10109.299999993136,9429.000000003036,9970.099999995162,9974.149999995103,10099.199999993283,10099.249999993282,10109.249999993137,10109.299999993136,10158.749999992417,10162.799999992358,18.100000000000122,202.15000000001172,40.24999999999985,0,473.0500000000733,0.25,0,122.00000000000082,72.0000000000008
J001468,2023-01-03/TMCO,TMCO,AMR_18,G29_15,WS_25_20,"[""110342"", ""112287""]",2,9433.50000000297,9717.149999998843,9684.249999999322,9433.50000000297,9636.90000000001,9640.949999999952,9674.149999999468,9674.199999999468,9684.199999999322,9684.249999999322,9713.099999998902,9717.149999998843,18.100000000000122,126.89999999999493,17.15000000000011,0,121.24999999999525,0.25,0,82.00000000000054,44.0
J001469,2023-01-03/TMCO,TMCO,AMR_10,G33_13,WS_25_20,"[""112432"", ""124208""]",4,9438.250000002901,9635.900000000025,9585.150000000764,9438.250000002901,9517.750000001744,9521.800000001685,9575.05000000091,9575.10000000091,9585.100000000764,9585.150000000764,9631.850000000084,9635.900000000025,18.100000000000122,114.09999999999566,19.150000000000137,0,46.04999999999952,0.25,0,46.00000000000013,76.00000000000013
J001470,2023-01-03/TMCO,TMCO,AMR_29,G32_12,WS_25_20,"[""121833""]",1,9451.850000002703,9686.499999999289,9621.15000000024,9451.850000002703,9570.150000000982,9574.200000000923,9611.050000000387,9611.100000000386,9621.10000000024,9621.15000000024,9682.449999999348,9686.499999999289,18.100000000000122,162.75000000000276,18.150000000000123,0,35.40000000000013,0.25,0,124.00000000000205,68.00000000000026
J001471,2023-01-03/TMCO,TMCO,AMR_39,G35_10,WS_25_20,"[""110166""]",1,9453.800000002675,9624.500000000191,9569.000000000999,9453.800000002675,9508.850000001874,9512.900000001815,9558.900000001146,9558.950000001145,9568.950000001,9569.000000000999,9620.45000000025,9624.500000000191,18.100000000000122,127.14999999999492,17.15000000000011,0,8.04999999999998,0.25,0,52.00000000000037,96.00000000000031
J001472,2023-01-03/TMCO,TMCO,AMR_02,G20_6,WS_25_20,"[""112080""]",1,9457.900000002615,9739.949999998511,9653.349999999771,9457.900000002615,9554.600000001208,9558.65000000115,9643.249999999918,9643.299999999917,9653.299999999772,9653.349999999771,9735.89999999857,9739.949999998511,18.100000000000122,166.35000000000358,26.850000000000247,0,70.49999999999814,0.25,0,64.00000000000087,108.00000000000091
J001473,2023-01-03/WRA2,WRA2,AMR_35,G14_8,WS_19_20,"[""112372""]",1,9459.050000002599,9928.449999995768,9866.749999996666,9459.050000002599,9680.099999999382,9684.149999999323,9856.649999996813,9856.699999996812,9866.699999996667,9866.749999996666,9924.399999995827,9928.449999995768,18.100000000000122,188.4000000000086,30.6000000000003,0,232.0500000000185,0.25,0,80.00000000000071,100.00000000000063
J001474,2023-01-03/MTKB,MTKB,AMR_08,G3_14,WS_13_20,"[""110548""]",1,9473.300000002391,9712.749999998907,9622.300000000223,9473.300000002391,9487.15000000219,9491.20000000213,9612.20000000037,9612.25000000037,9622.250000000224,9622.300000000223,9708.699999998966,9712.749999998907,18.100000000000122,81.34999999999752,12.400000000000041,0,127.3499999999949,0.25,0,8.0,72.0000000000007
J001475,2023-01-03/PANJ,PANJ,AMR_17,G18_10,WS_30_20,"[""112087""]",1,9485.250000002217,9652.549999999783,9598.50000000057,9485.250000002217,9485.250000002217,9489.300000002158,9588.400000000716,9588.450000000716,9598.45000000057,9598.50000000057,9648.499999999842,9652.549999999783,18.100000000000122,85.1499999999973,10.500000000000014,0,53.349999999999106,0.2,0,0.0,96.00000000000048
J001476,2023-01-03/TMCO,TMCO,AMR_26,G33_7,WS_25_20,"[""107364""]",2,9491.000000002134,9715.699999998864,9637.400000000003,9491.000000002134,9560.850000001117,9564.900000001058,9627.30000000015,9627.35000000015,9637.350000000004,9637.400000000003,9711.649999998923,9715.699999998864,18.100000000000122,164.15000000000308,17.20000000000011,0,25.00000000000022,0.25,0,84.00000000000048,112.00000000000051
J001477,2023-01-03/WRA2,WRA2,AMR_31,G8_13,WS_19_20,"[""126832""]",1,9491.050000002133,9916.399999995943,9675.349999999451,9491.050000002133,9521.650000001688,9525.700000001629,9665.249999999598,9665.299999999597,9675.299999999452,9675.349999999451,9912.349999996002,9916.399999995943,18.100000000000122,119.29999999999536,19.100000000000136,0,268.6000000000268,0.25,0,24.000000000000014,92.00000000000065
J001478,2023-01-03/PULA,PULA,AMR_13,G9_9,WS_2_20,"[""101291"", ""111373""]",2,9494.450000002083,9632.550000000074,9580.050000000838,9494.450000002083,9529.600000001572,9533.650000001513,9569.950000000985,9570.000000000984,9580.000000000839,9580.050000000838,9628.500000000133,9632.550000000074,18.100000000000122,93.74999999999682,12.35000000000004,0,13.650000000000059,0.25,0,22.0,76.00000000000057
J001479,2023-01-03/MTKB,MTKB,AMR_06,G15_8,WS_13_20,"[""214619""]",1,9495.450000002069,9952.949999995411,9888.199999996354,9495.450000002069,9725.199999998726,9729.249999998667,9878.0999999965,9878.1499999965,9888.149999996354,9888.199999996354,9948.89999999547,9952.949999995411,18.100000000000122,203.70000000001207,31.600000000000314,0,203.8500000000121,0.25,0,138.00000000000068,76.00000000000071
J001480,2023-01-03/WRA2,WRA2,AMR_36,G15_7,WS_19_20,"[""110449""]",1,9504.900000001931,9737.849999998542,9641.04999999995,9504.900000001931,9580.800000000827,9584.850000000768,9630.950000000097,9631.000000000096,9640.99999999995,9641.04999999995,9733.7999999986,9737.849999998542,18.100000000000122,145.04999999999873,21.000000000000163,0,48.54999999999938,0.25,0,72.00000000000026,84.00000000000034
J001481,2023-01-03/MTKB,MTKB,AMR_32,G20_10,WS_13_20,"[""110583""]",1,9507.80000000189,9746.999999998408,9645.399999999887,9507.80000000189,9574.650000000916,9578.700000000857,9635.300000000034,9635.350000000033,9645.349999999888,9645.399999999887,9742.949999998467,9746.999999998408,18.100000000000122,121.34999999999525,16.250000000000096,0,83.24999999999741,0.25,0,44.0000000000001,80.00000000000063
J001482,2023-01-03/PANJ,PANJ,AMR_05,G3_10,WS_30_20,"[""110561""]",1,9510.200000001854,9875.499999996538,9693.049999999193,9510.200000001854,9510.200000001854,9514.250000001795,9682.94999999934,9682.99999999934,9692.999999999194,9693.049999999193,9871.449999996597,9875.499999996538,18.100000000000122,171.65000000000478,18.100000000000122,0,157.2500000000015,0.2,0,0.0,187.99999999999602
J001483,2023-01-03/PULA,PULA,AMR_03,G14_9,WS_2_20,"[""107412"", ""110227"", ""124210""]",3,9510.400000001851,10024.449999994371,9951.299999995435,9510.400000001851,9572.600000000946,9576.650000000887,9941.199999995582,9941.249999995582,9951.249999995436,9951.299999995435,10020.39999999443,10024.449999994371,18.100000000000122,219.05000000001556,36.35000000000007,0,240.3000000000204,0.25,0,50.0000000000005,171.99999999999784
J001484,2023-01-03/PULA,PULA,AMR_12,G11_10,WS_2_20,"[""110526"", ""110590""]",2,9527.450000001603,9657.54999999971,9608.300000000427,9527.450000001603,9527.450000001603,9531.500000001544,9598.200000000574,9598.250000000573,9608.250000000427,9608.300000000427,9653.499999999769,9657.54999999971,18.100000000000122,73.14999999999799,9.5,0,29.15000000000028,0.2,0,0.0,80.00000000000094
J001485,2023-01-03/WRA2,WRA2,AMR_40,G8_6,WS_19_20,"[""107291""]",1,9540.500000001413,9900.649999996172,9658.099999999702,9540.500000001413,9567.050000001027,9571.100000000968,9647.999999999849,9648.049999999848,9658.049999999703,9658.099999999702,9896.599999996231,9900.649999996172,18.100000000000122,137.0499999999969,21.000000000000163,0,183.75000000000753,0.25,0,17.999999999999986,132.0000000000018
J001486,2023-01-03/PULA,PULA,AMR_01,G15_15,WS_2_20,"[""101207"", ""110596""]",2,9544.500000001355,10003.049999994682,9915.599999995955,9544.500000001355,9601.100000000532,9605.150000000473,9905.499999996102,9905.549999996101,9915.549999995956,9915.599999995955,9998.999999994741,10003.049999994682,18.100000000000122,133.24999999999605,21.050000000000164,0,285.90000000003073,0.25,0,18.0,124.00000000000207
J001487,2023-01-03/PANJ,PANJ,AMR_37,G21_10,WS_30_20,"[""121904""]",1,9547.750000001308,9657.249999999714,9615.400000000323,9547.750000001308,9547.750000001308,9551.800000001249,9605.30000000047,9605.35000000047,9615.350000000324,9615.400000000323,9653.199999999773,9657.249999999714,18.100000000000122,73.79999999999795,10.500000000000014,0,6.8999999999999835,0.2,0,0.0,84.00000000000048
J001488,2023-01-03/PULA,PULA,AMR_16,G8_7,WS_2_20,"[""107344"", ""132450""]",2,9561.550000001107,9690.099999999236,9645.749999999882,9561.550000001107,9592.050000000663,9596.100000000604,9635.650000000029,9635.700000000028,9645.699999999882,9645.749999999882,9686.049999999295,9690.099999999236,18.100000000000122,93.54999999999683,14.350000000000069,0,2.3,0.25,0,28.000000000000043,80.00000000000102
J001489,2023-01-03/MTKB,MTKB,AMR_07,G23_13,WS_13_20,"[""120448""]",1,9562.400000001095,9784.449999997863,9662.699999999635,9562.400000001095,9591.200000000676,9595.250000000617,9652.599999999782,9652.649999999781,9662.649999999636,9662.699999999635,9780.399999997922,9784.449999997863,18.100000000000122,105.99999999999612,16.250000000000096,0,81.44999999999752,0.25,0,18.0,88.00000000000074
J001490,2023-01-03/TMCO,TMCO,AMR_38,G15_10,WS_25_20,"[""110313""]",2,9569.250000000995,9879.299999996483,9801.299999997618,9569.250000000995,9603.600000000495,9607.650000000436,9791.199999997765,9791.249999997764,9801.249999997619,9801.299999997618,9875.249999996542,9879.299999996483,18.100000000000122,128.04999999999487,19.100000000000136,0,144.54999999999862,0.25,0,24.0,104.00000000000065
J001491,2023-01-03/WRA2,WRA2,AMR_30,G3_12,WS_19_20,"[""127627""]",1,9571.400000000964,9973.799999995108,9741.44999999849,9571.400000000964,9642.499999999929,9646.54999999987,9731.349999998636,9731.399999998635,9741.39999999849,9741.44999999849,9969.749999995167,9973.799999995108,18.100000000000122,163.15000000000285,19.100000000000136,0,201.80000000001164,0.25,0,78.00000000000175,104.00000000000064
J001492,2023-01-03/PULA,PULA,AMR_19,G6_2,WS_2_20,"[""111212"", ""134027""]",3,9580.100000000837,9747.649999998399,9701.149999999076,9580.100000000837,9640.449999999959,9644.4999999999,9691.049999999223,9691.099999999222,9701.099999999076,9701.149999999076,9743.599999998458,9747.649999998399,18.100000000000122,124.0499999999951,16.250000000000096,0,8.899999999999991,0.25,0,54.000000000000526,92.00000000000146
J001493,2023-01-03/TMCO,TMCO,AMR_15,G9_14,WS_25_20,"[""123034""]",1,9585.200000000763,9914.299999995974,9769.449999998082,9585.200000000763,9653.699999999766,9657.749999999707,9759.349999998229,9759.399999998228,9769.399999998082,9769.449999998082,9910.249999996033,9914.299999995974,18.100000000000122,154.25000000000082,24.850000000000218,0,131.64999999999569,0.25,0,50.00000000000031,100.0000000000002
J001494,2023-01-03/MTKB,MTKB,AMR_28,G26_2,WS_13_20,"[""101335"", ""110502""]",2,9605.250000000471,9999.74999999473,9871.149999996602,9605.250000000471,9630.950000000097,9635.000000000038,9861.049999996749,9861.099999996748,9871.099999996602,9871.149999996602,9995.69999999479,9999.74999999473,18.100000000000122,187.35000000000835,24.800000000000217,0,164.00000000000304,0.25,0,21.99999999999999,183.99999999999463
J001495,2023-01-03/WRA2,WRA2,AMR_24,G5_8,WS_19_20,"[""112305""]",1,9606.250000000457,10150.749999992533,10046.049999994057,9606.250000000457,9931.349999995726,9935.399999995667,10035.949999994204,10035.999999994203,10045.999999994057,10046.049999994057,10146.699999992592,10150.749999992533,18.100000000000122,202.5000000000118,25.850000000000232,0,297.80000000003344,0.25,0,96.00000000000131,120.00000000000145
J001496,2023-01-03/PULA,PULA,AMR_39,G20_14,WS_2_20,"[""110540"", ""112007""]",2,9624.55000000019,10090.999999993403,9985.549999994937,9624.55000000019,9676.949999999428,9680.999999999369,9975.449999995084,9975.499999995083,9985.499999994938,9985.549999994937,10086.949999993461,10090.999999993403,18.100000000000122,175.40000000000563,23.950000000000205,0,248.7500000000223,0.25,0,54.000000000000114,128.00000000000156
J001497,2023-01-03/TMCO,TMCO,AMR_13,G30_15,WS_25_20,"[""125179""]",1,9632.600000000073,9816.899999997391,9785.34999999785,9632.600000000073,9740.149999998508,9744.19999999845,9775.249999997997,9775.299999997997,9785.299999997851,9785.34999999785,9812.84999999745,9816.899999997391,18.100000000000122,104.34999999999621,14.350000000000069,0,47.24999999999945,0.25,0,62.0,48.0
J001498,2023-01-03/MTKB,MTKB,AMR_10,G6_10,WS_13_20,"[""101221""]",1,9635.950000000024,10003.649999994674,9947.349999995493,9635.950000000024,9737.29999999855,9741.34999999849,9937.24999999564,9937.29999999564,9947.299999995494,9947.349999995493,9999.599999994733,10003.649999994674,18.100000000000122,214.3500000000145,26.750000000000245,0,108.24999999999599,0.25,0,104.00000000000162,140.00000000000117
J001499,2023-01-03/WRA2,WRA2,AMR_17,G18_10,WS_19_20,"[""112087""]",1,9652.599999999782,9867.749999996651,9711.049999998932,9652.599999999782,9652.599999999782,9656.649999999723,9700.949999999078,9700.999999999078,9710.999999998932,9711.049999998932,9863.69999999671,9867.749999996651,18.100000000000122,57.09999999999889,9.5,0,130.24999999999537,0.2,0,0.0,56.00000000000041
J001500,2023-01-03/TMCO,TMCO,AMR_37,G21_10,WS_25_20,"[""112386""]",1,9657.299999999714,9750.449999998358,9715.899999998861,9657.299999999714,9657.299999999714,9661.349999999655,9705.799999999008,9705.849999999007,9715.849999998862,9715.899999998861,9746.399999998417,9750.449999998358,18.100000000000122,63.29999999999854,9.5,0,2.0500000000000007,0.2,0,0.0,68.00000000000051
J001501,2023-01-03/PULA,PULA,AMR_12,G20_12,WS_2_20,"[""110297"", ""124207""]",2,9657.59999999971,10087.999999993446,9968.499999995185,9657.59999999971,9698.449999999115,9702.499999999056,9958.399999995332,9958.449999995331,9968.449999995186,9968.499999995185,10083.949999993505,10087.999999993446,18.100000000000122,157.6500000000016,17.100000000000108,0,237.3000000000197,0.25,0,22.0,136.00000000000094
J001502,2023-01-03/MTKB,MTKB,AMR_25,G9_9,WS_13_20,"[""110588""]",2,9665.699999999591,10090.099999993416,10040.249999994141,9665.699999999591,9727.099999998698,9731.149999998639,10030.149999994288,10030.199999994287,10040.199999994142,10040.249999994141,10086.049999993475,10090.099999993416,18.100000000000122,199.8500000000112,32.55000000000029,0,173.65000000000524,0.25,0,62.00000000000085,152.00000000000085
J001503,2023-01-03/WRA2,WRA2,AMR_21,G24_2,WS_19_20,"[""138468""]",1,9670.499999999522,9911.449999996015,9770.049999998073,9670.499999999522,9709.549999998953,9713.599999998894,9759.94999999822,9759.99999999822,9769.999999998074,9770.049999998073,9907.399999996074,9911.449999996015,18.100000000000122,120.3999999999953,13.350000000000055,0,88.8499999999971,0.25,0,42.0,104.00000000000111
J001504,2023-01-03/TMCO,TMCO,AMR_04,G29_8,WS_25_20,"[""110569""]",1,9679.999999999383,9785.749999997844,9743.39999999846,9679.999999999383,9683.799999999328,9687.84999999927,9733.299999998608,9733.349999998607,9743.349999998461,9743.39999999846,9781.699999997903,9785.749999997844,18.100000000000122,68.69999999999824,9.5,0,9.199999999999996,0.25,0,2.0,72.00000000000063
J001505,2023-01-03/MTKB,MTKB,AMR_29,G9_8,WS_13_20,"[""133910""]",1,9686.549999999288,10116.099999993037,10074.449999993643,9686.549999999288,10005.799999994642,10009.849999994583,10064.34999999379,10064.39999999379,10074.399999993644,10074.449999993643,10112.049999993096,10116.099999993037,18.100000000000122,225.70000000001707,38.19999999999997,0,147.29999999999924,0.25,0,158.00000000000074,72.00000000000074
J001506,2023-01-03/WRA2,WRA2,AMR_16,G2_12,WS_19_20,"[""122697""]",1,9690.149999999236,10173.249999992206,10095.649999993335,9690.149999999236,9716.549999998851,9720.599999998793,10085.549999993482,10085.599999993481,10095.599999993336,10095.649999993335,10169.199999992265,10173.249999992206,18.100000000000122,189.25000000000878,27.70000000000026,0,247.8000000000221,0.25,0,21.999999999999986,179.99999999999648
J001507,2023-01-03/SPER,SPER,AMR_08,G27_14,WS_30_20,"[""110439"", ""112432""]",2,9712.799999998906,9966.549999995214,9938.249999995625,9712.799999998906,9874.74999999655,9878.79999999649,9928.149999995772,9928.199999995772,9938.199999995626,9938.249999995625,9962.499999995272,9966.549999995214,18.100000000000122,113.3499999999957,21.050000000000164,0,100.9999999999964,0.25,0,76.00000000000037,44.000000000000114
J001508,2023-01-03/SPER,SPER,AMR_26,G33_13,WS_30_20,"[""124208""]",1,9715.749999998863,9814.699999997423,9779.749999997932,9715.749999998863,9735.449999998576,9739.499999998518,9769.649999998079,9769.699999998078,9779.699999997933,9779.749999997932,9810.649999997482,9814.699999997423,18.100000000000122,64.74999999999847,13.400000000000055,0,2.4499999999999993,0.25,0,16.0,52.00000000000013
J001509,2023-01-03/SPER,SPER,AMR_18,G38_13,WS_30_20,"[""110178""]",1,9717.199999998842,9835.599999997119,9796.899999997682,9717.199999998842,9746.099999998421,9750.149999998363,9786.79999999783,9786.849999997828,9796.849999997683,9796.899999997682,9831.549999997178,9835.599999997119,18.100000000000122,81.99999999999748,14.350000000000069,0,3.699999999999995,0.25,0,26.0,64.00000000000021
J001510,2023-01-03/SPER,SPER,AMR_09,G20_13,WS_30_20,"[""110299""]",1,9718.74999999882,9953.7499999954,9904.149999996122,9718.74999999882,9795.199999997707,9799.249999997648,9894.049999996269,9894.099999996268,9904.099999996122,9904.149999996122,9949.699999995459,9953.7499999954,18.100000000000122,133.54999999999612,18.200000000000124,0,64.89999999999846,0.25,0,68.00000000000068,84.0000000000002
J001511,2023-01-03/TMCO,TMCO,AMR_20,G29_7,WS_25_20,"[""110322""]",1,9727.399999998694,9918.69999999591,9859.54999999677,9727.399999998694,9771.499999998052,9775.549999997993,9849.449999996918,9849.499999996917,9859.499999996771,9859.54999999677,9914.649999995969,9918.69999999591,18.100000000000122,99.1999999999965,15.300000000000082,0,58.449999999998816,0.25,0,28.00000000000003,76.00000000000071
J001512,2023-01-03/SPER,SPER,AMR_36,G27_2,WS_30_20,"[""110569""]",1,9737.89999999854,9972.849999995122,9921.199999995873,9737.89999999854,9835.399999997122,9839.449999997063,9911.09999999602,9911.14999999602,9921.149999995874,9921.199999995873,9968.79999999518,9972.849999995122,18.100000000000122,159.20000000000195,22.000000000000178,0,35.40000000000013,0.25,0,86.00000000000115,100.00000000000115
J001513,2023-01-03/PULA,PULA,AMR_02,G0_15,WS_2_20,"[""101095"", ""101181"", ""107312"", ""110519"", ""110541""]",5,9739.99999999851,9876.149999996529,9852.949999996867,9739.99999999851,9808.799999997509,9812.84999999745,9842.849999997014,9842.899999997013,9852.899999996867,9852.949999996867,9872.099999996588,9876.149999996529,18.100000000000122,100.79999999999642,14.300000000000068,0,2.6999999999999984,0.25,0,82.0000000000018,36.0
J001514,2023-01-03/WRA2,WRA2,AMR_11,G35_10,WS_19_20,"[""123304""]",1,9746.049999998422,9963.749999995254,9904.849999996111,9746.049999998422,9828.499999997222,9832.549999997163,9894.749999996258,9894.799999996258,9904.799999996112,9904.849999996111,9959.699999995313,9963.749999995254,18.100000000000122,145.44999999999882,16.200000000000095,0,37.699999999999996,0.25,0,58.0,108.00000000000028
J001515,2023-01-03/TMCO,TMCO,AMR_32,G30_2,WS_25_20,"[""113142""]",1,9747.049999998408,9949.899999995456,9890.799999996316,9747.049999998408,9816.899999997391,9820.949999997332,9880.699999996463,9880.749999996462,9890.749999996317,9890.799999996316,9945.849999995515,9949.899999995456,18.100000000000122,126.94999999999493,19.100000000000136,0,38.44999999999995,0.25,0,44.0000000000003,100.0000000000009
J001516,2023-01-03/MTKB,MTKB,AMR_14,G5_10,WS_13_20,"[""101296""]",1,9747.449999998402,10100.699999993261,10057.599999993889,9747.449999998402,9872.849999996577,9876.899999996518,10047.499999994036,10047.549999994035,10057.54999999389,10057.599999993889,10096.64999999332,10100.699999993261,18.100000000000122,158.5500000000018,20.10000000000015,0,156.25000000000128,0.25,0,92.00000000000094,80.0000000000008
J001517,2023-01-03/SPER,SPER,AMR_19,G21_13,WS_30_20,"[""110130""]",1,9747.699999998398,9941.099999995584,9886.949999996372,9747.699999998398,9811.399999997471,9815.449999997412,9876.849999996519,9876.899999996518,9886.899999996373,9886.949999996372,9937.049999995643,9941.099999995584,18.100000000000122,125.649999999995,18.150000000000123,0,31.25000000000031,0.25,0,56.00000000000023,80.00000000000023
J001518,2023-01-03/WRA2,WRA2,AMR_37,G3_9,WS_19_20,"[""112194""]",1,9750.499999998357,10155.449999992465,10063.849999993798,9750.499999998357,9829.149999997213,9833.199999997154,10053.749999993945,10053.799999993944,10063.799999993798,10063.849999993798,10151.399999992524,10155.449999992465,18.100000000000122,179.2000000000065,19.150000000000137,0,188.25000000000855,0.25,0,78.00000000000163,120.0000000000014
J001519,2023-01-03/TMCO,TMCO,AMR_23,G11_9,WS_25_20,"[""125639""]",1,9766.79999999812,10026.949999994335,9939.899999995601,9766.79999999812,9806.549999997542,9810.599999997483,9929.799999995748,9929.849999995748,9939.849999995602,9939.899999995601,10022.899999994394,10026.949999994335,18.100000000000122,167.60000000000386,21.050000000000164,0,53.14999999999912,0.25,0,38.0000000000001,155.9999999999992
J001520,2023-01-03/SPER,SPER,AMR_07,G3_8,WS_30_20,"[""107336""]",1,9784.499999997863,10186.599999992011,10097.099999993314,9784.499999997863,9845.09999999698,9849.149999996922,10086.99999999346,10087.04999999346,10097.049999993314,10097.099999993314,10182.54999999207,10186.599999992011,18.100000000000122,250.9000000000228,28.700000000000273,0,104.14999999999623,0.25,0,70.00000000000138,223.9999999999896
J001521,2023-01-03/TMCO,TMCO,AMR_04,G2_1,WS_25_20,"[""110339""]",1,9785.799999997844,10041.099999994129,9962.549999995272,9785.799999997844,9862.949999996721,9866.999999996662,9952.449999995419,9952.499999995418,9962.499999995272,9962.549999995272,10037.049999994188,10041.099999994129,18.100000000000122,200.90000000001143,19.100000000000136,0,16.950000000000106,0.25,0,72.00000000000117,183.9999999999947
J001522,2023-01-03/WRA2,WRA2,AMR_26,G35_8,WS_19_20,"[""107327""]",1,9814.749999997422,9992.749999994832,9921.749999995865,9814.749999997422,9838.049999997083,9842.099999997024,9911.649999996012,9911.699999996012,9921.699999995866,9921.749999995865,9988.699999994891,9992.749999994832,18.100000000000122,117.64999999999546,15.300000000000082,0,26.700000000000244,0.25,0,14.0,116.00000000000053
J001523,2023-01-03/TMYL,TMYL,AMR_34,G14_10,WS_8_20,"[""101276""]",1,9817.299999997385,10008.549999994602,9882.499999996437,9817.299999997385,9817.299999997385,9821.349999997326,9872.399999996584,9872.449999996583,9882.449999996437,9882.499999996437,10004.499999994661,10008.549999994602,18.100000000000122,79.8499999999976,10.500000000000014,0,82.59999999999745,0.2,0,0.0,76.00000000000034
J001524,2023-01-03/PULA,PULA,AMR_13,G12_2,WS_2_20,"[""110390"", ""125413""]",2,9852.999999996866,10088.749999993435,10018.199999994462,9852.999999996866,9935.999999995658,9940.0499999956,10008.099999994609,10008.149999994608,10018.149999994463,10018.199999994462,10084.699999993494,10088.749999993435,18.100000000000122,164.7000000000032,17.100000000000108,0,35.600000000000115,0.25,0,66.00000000000026,128.000000000002
J001525,2023-01-03/WRA2,WRA2,AMR_18,G28_2,WS_19_20,"[""134599""]",1,9866.799999996665,10094.199999993356,10011.949999994553,9866.799999996665,9905.999999996095,9910.049999996036,10001.8499999947,10001.8999999947,10011.899999994554,10011.949999994553,10090.149999993415,10094.199999993356,18.100000000000122,142.79999999999822,18.150000000000123,0,48.099999999999405,0.25,0,42.000000000000014,120.00000000000098
J001526,2023-01-03/TMCO,TMCO,AMR_17,G18_10,WS_25_20,"[""112087""]",1,9867.79999999665,9964.499999995243,9923.699999995837,9867.79999999665,9867.79999999665,9871.849999996592,9913.599999995984,9913.649999995983,9923.649999995838,9923.699999995837,9960.449999995302,9964.499999995243,18.100000000000122,67.5999999999983,9.55,0,1.2500000000000004,0.2,0,0.0,76.0000000000004
J001527,2023-01-03/TMCO,TMCO,AMR_22,G12_10,WS_25_20,"[""100167""]",1,9871.549999996596,10081.249999993544,10019.199999994447,9871.549999996596,9871.549999996596,9875.599999996537,10009.099999994594,10009.149999994594,10019.149999994448,10019.199999994447,10077.199999993603,10081.249999993544,18.100000000000122,92.49999999999689,9.5,0,89.39999999999706,0.2,0,0.0,100.00000000000057
J001528,2023-01-03/MTKB,MTKB,AMR_05,G21_10,WS_13_20,"[""107254"", ""121904""]",3,9875.549999996538,10244.39999999117,10198.949999991832,9875.549999996538,10078.249999993588,10082.29999999353,10188.849999991979,10188.899999991978,10198.899999991832,10198.949999991832,10240.34999999123,10244.39999999117,18.100000000000122,194.65000000001,28.650000000000272,0,127.19999999999492,0.25,0,136.00000000000196,76.00000000000051
J001529,2023-01-03/SPER,SPER,AMR_02,G0_15,WS_30_20,"[""110519""]",1,9876.199999996528,10154.799999992474,10065.74999999377,9876.199999996528,9876.199999996528,9880.24999999647,10055.649999993917,10055.699999993916,10065.69999999377,10065.74999999377,10150.749999992533,10154.799999992474,18.100000000000122,130.24999999999537,7.649999999999981,0,122.39999999999519,0.2,0,0.0,147.99999999999898
J001530,2023-01-03/TMCO,TMCO,AMR_38,G3_10,WS_25_20,"[""110561""]",1,9881.099999996457,10329.299999989935,10139.599999992695,9881.099999996457,9993.149999994826,9997.199999994767,10129.499999992842,10129.549999992842,10139.549999992696,10139.599999992695,10325.249999989994,10329.299999989935,18.100000000000122,211.15000000001376,28.55000000000027,0,190.150000000009,0.25,0,52.00000000000023,151.99999999999903
J001531,2023-01-03/TSDA,TSDA,AMR_40,G26_10,WS_8_20,"[""107213"", ""110274"", ""134029""]",3,9900.699999996172,10143.549999992638,10063.6999999938,9900.699999996172,9992.449999994837,9996.499999994778,10053.599999993947,10053.649999993946,10063.6499999938,10063.6999999938,10139.499999992697,10143.549999992638,18.100000000000122,179.30000000000652,21.000000000000163,0,24.20000000000021,0.25,0,92.00000000000131,120.00000000000134
J001532,2023-01-03/TSDA,TSDA,AMR_21,G21_12,WS_8_20,"[""101122"", ""121875""]",2,9911.499999996015,10100.449999993265,10035.249999994214,9911.499999996015,9942.149999995569,9946.19999999551,10025.14999999436,10025.19999999436,10035.199999994215,10035.249999994214,10096.399999993324,10100.449999993265,18.100000000000122,111.49999999999581,14.300000000000068,0,44.79999999999959,0.25,0,26.0,100.00000000000122
J001533,2023-01-03/TSDA,TSDA,AMR_15,G29_14,WS_8_20,"[""111228"", ""112432""]",2,9914.349999995973,10420.949999988601,10354.049999989575,9914.349999995973,10151.799999992518,10155.849999992459,10343.949999989722,10343.99999998972,10353.999999989575,10354.049999989575,10416.89999998866,10420.949999988601,18.100000000000122,191.15000000000921,24.850000000000218,0,272.2500000000276,0.25,0,52.00000000000004,151.99999999999918
J001534,2023-01-03/TSDA,TSDA,AMR_31,G29_9,WS_8_20,"[""101026"", ""110599""]",2,9916.449999995943,10444.699999988256,10338.099999989807,9916.449999995943,10132.3999999928,10136.449999992741,10327.999999989954,10328.049999989953,10338.049999989807,10338.099999989807,10440.649999988314,10444.699999988256,18.100000000000122,249.65000000002252,28.60000000000027,0,231.65000000001842,0.25,0,74.00000000000037,195.99999999999434
J001535,2023-01-03/SPER,SPER,AMR_20,G29_7,WS_30_20,"[""110322""]",1,9918.74999999591,10053.499999993948,9990.049999994872,9918.74999999591,9918.74999999591,9922.79999999585,9979.949999995019,9979.999999995018,9989.999999994872,9990.049999994872,10049.449999994007,10053.499999993948,18.100000000000122,69.4499999999982,11.450000000000028,0,35.55000000000012,0.2,0,0.0,72.0000000000008
J001536,2023-01-03/WRA2,WRA2,AMR_33,G15_10,WS_19_20,"[""110097""]",1,9922.499999995855,10067.79999999374,10028.999999994305,9922.499999995855,9963.99999999525,9968.049999995192,10018.899999994452,10018.949999994451,10028.949999994305,10028.999999994305,10063.749999993799,10067.79999999374,18.100000000000122,87.74999999999716,13.400000000000055,0,25.80000000000023,0.25,0,32.0,64.00000000000048
J001537,2023-01-03/TSDA,TSDA,AMR_35,G29_8,WS_8_20,"[""110569"", ""113201""]",2,9928.499999995767,10204.349999991753,10098.549999993293,9928.499999995767,9973.149999995117,9977.199999995059,10088.44999999344,10088.499999993439,10098.499999993293,10098.549999993293,10200.299999991812,10204.349999991753,18.100000000000122,170.10000000000443,19.100000000000136,0,68.29999999999826,0.25,0,46.00000000000013,140.0000000000003
J001538,2023-01-03/PULA,PULA,AMR_19,G0_11,WS_2_20,"[""107256"", ""110534"", ""112203"", ""117432""]",4,9941.149999995583,10125.049999992907,10091.949999993389,9941.149999995583,10043.69999999409,10047.749999994032,10081.849999993536,10081.899999993535,10091.89999999339,10091.949999993389,10120.999999992966,10125.049999992907,18.100000000000122,109.04999999999595,15.300000000000082,0,41.1999999999998,0.25,0,70.00000000000104,52.000000000000206
J001539,2023-01-03/MTKB,MTKB,AMR_32,G14_8,WS_13_20,"[""112372""]",1,9949.949999995455,10218.049999991554,10181.89999999208,9949.949999995455,10103.199999993225,10107.249999993166,10171.799999992227,10171.849999992226,10181.84999999208,10181.89999999208,10213.999999991613,10218.049999991554,18.100000000000122,161.25000000000242,27.80000000000026,0,60.69999999999869,0.25,0,112.00000000000117,64.0000000000006
J001540,2023-01-03/WRA2,WRA2,AMR_06,G0_8,WS_19_20,"[""131980""]",1,9952.99999999541,10292.799999990466,10151.199999992527,9952.99999999541,10054.899999993928,10058.949999993869,10141.099999992673,10141.149999992673,10151.149999992527,10151.199999992527,10288.749999990525,10292.799999990466,18.100000000000122,188.5000000000086,19.150000000000137,0,113.79999999999568,0.25,0,78.00000000000115,132.00000000000176
J001541,2023-01-03/TSDA,TSDA,AMR_09,G38_8,WS_8_20,"[""101327"", ""110109""]",2,9953.799999995399,10362.399999989453,10186.299999992016,9953.799999995399,10072.699999993669,10076.74999999361,10176.199999992163,10176.249999992162,10186.249999992016,10186.299999992016,10358.349999989512,10362.399999989453,18.100000000000122,254.70000000002366,26.750000000000245,0,108.79999999999596,0.25,0,78.00000000000072,219.99999999998934
J001542,2023-01-03/PULA,PULA,AMR_11,G24_14,WS_2_20,"[""110362"", ""112432""]",2,9963.799999995254,10252.949999991046,10126.349999992888,9963.799999995254,10020.099999994434,10024.149999994375,10116.249999993035,10116.299999993034,10126.299999992889,10126.349999992888,10248.899999991105,10252.949999991046,18.100000000000122,161.30000000000243,18.200000000000124,0,91.29999999999696,0.25,0,46.00000000000004,124.00000000000134
J001543,2023-01-03/SPER,SPER,AMR_17,G18_10,WS_30_20,"[""112087""]",1,9964.549999995243,10122.299999992947,10047.549999994035,9964.549999995243,9964.549999995243,9968.599999995184,10037.449999994182,10037.499999994181,10047.499999994036,10047.549999994035,10118.249999993006,10122.299999992947,18.100000000000122,88.6999999999971,11.400000000000027,0,39.3499999999999,0.2,0,0.0,96.0000000000004
J001544,2023-01-03/MTKB,MTKB,AMR_08,G12_7,WS_13_20,"[""111218""]",1,9966.599999995213,10189.749999991966,10147.49999999258,9966.599999995213,10076.74999999361,10080.799999993551,10137.399999992727,10137.449999992727,10147.449999992581,10147.49999999258,10185.699999992024,10189.749999991966,18.100000000000122,144.4499999999986,21.050000000000164,0,39.299999999999905,0.25,0,96.0000000000008,68.00000000000074
J001545,2023-01-03/PULA,PULA,AMR_36,G24_12,WS_2_20,"[""101063"", ""110525""]",2,9972.899999995121,10293.89999999045,10143.39999999264,9972.899999995121,10021.899999994408,10025.94999999435,10133.299999992787,10133.349999992786,10143.34999999264,10143.39999999264,10289.849999990509,10293.89999999045,18.100000000000122,175.55000000000567,23.900000000000205,0,103.19999999999628,0.25,0,30.0,144.00000000000003
J001546,2023-01-03/PULA,PULA,AMR_30,G18_2,WS_2_20,"[""109989"", ""110146""]",2,9985.599999994936,10287.69999999054,10181.349999992088,9985.599999994936,10070.749999993697,10074.799999993638,10171.249999992235,10171.299999992234,10181.299999992088,10181.349999992088,10283.6499999906,10287.69999999054,18.100000000000122,181.65000000000705,22.000000000000178,0,80.09999999999759,0.25,0,50.000000000000185,144.00000000000065
J001547,2023-01-03/TMCO,TMCO,AMR_28,G26_2,WS_25_20,"[""107317""]",1,9999.79999999473,10126.499999992886,10070.849999993696,9999.79999999473,9999.79999999473,10003.84999999467,10060.749999993843,10060.799999993842,10070.799999993696,10070.849999993696,10122.449999992945,10126.499999992886,18.100000000000122,79.59999999999762,8.549999999999986,0,20.250000000000153,0.2,0,0.0,92.00000000000082
J001548,2023-01-03/WRA2,WRA2,AMR_26,G34_2,WS_19_20,"[""101273""]",1,10011.999999994552,10227.499999991416,10112.599999993088,10011.999999994552,10027.94999999432,10031.999999994261,10102.499999993235,10102.549999993234,10112.549999993089,10112.599999993088,10223.449999991475,10227.499999991416,18.100000000000122,126.29999999999497,16.250000000000096,0,54.599999999999035,0.25,0,13.999999999999975,136.00000000000034
J001549,2023-01-03/PULA,PULA,AMR_34,G24_7,WS_2_20,"[""112331"", ""131216""]",2,10018.249999994461,10420.649999988605,10320.199999990067,10018.249999994461,10070.449999993702,10074.499999993643,10310.099999990214,10310.149999990213,10320.149999990068,10320.199999990067,10416.599999988664,10420.649999988605,18.100000000000122,205.2000000000124,20.10000000000015,0,158.75000000000185,0.25,0,34.00000000000003,199.99999999999537
J001550,2023-01-03/TMCO,TMCO,AMR_03,G14_9,WS_25_20,"[""110227""]",2,10024.49999999437,10197.64999999185,10119.799999992983,10024.49999999437,10024.49999999437,10028.549999994311,10109.69999999313,10109.74999999313,10119.749999992984,10119.799999992983,10193.59999999191,10197.64999999185,18.100000000000122,100.64999999999642,11.450000000000028,0,42.74999999999971,0.2,0,0.0,104.00000000000051
J001551,2023-01-03/TSDA,TSDA,AMR_10,G3_12,WS_8_20,"[""110210"", ""112013"", ""127627""]",3,10035.299999994213,10167.549999992289,10114.799999993056,10035.299999994213,10050.099999993998,10054.149999993939,10104.699999993203,10104.749999993202,10114.749999993057,10114.799999993056,10163.499999992348,10167.549999992289,18.100000000000122,73.19999999999798,11.450000000000028,0,29.25000000000028,0.25,0,10.0,64.00000000000034
J001552,2023-01-03/MTKB,MTKB,AMR_23,G6_8,WS_13_20,"[""110589""]",1,10040.29999999414,10235.049999991306,10164.849999992328,10040.29999999414,10088.999999993432,10093.049999993373,10154.749999992475,10154.799999992474,10164.799999992329,10164.849999992328,10230.999999991365,10235.049999991306,18.100000000000122,118.49999999999541,19.150000000000137,0,38.749999999999936,0.25,0,40.00000000000023,84.00000000000063
J001553,2023-01-03/SPER,SPER,AMR_04,G2_1,WS_30_20,"[""110339""]",1,10041.149999994128,10385.99999998911,10163.29999999235,10041.149999994128,10041.149999994128,10045.199999994069,10153.199999992497,10153.249999992497,10163.249999992351,10163.29999999235,10381.949999989169,10385.99999998911,18.100000000000122,193.80000000000982,17.15000000000011,0,115.59999999999557,0.2,0,0.0,235.9999999999901
J001554,2023-01-03/MTKB,MTKB,AMR_01,G21_8,WS_13_20,"[""113203""]",1,10057.649999993888,10384.699999989129,10280.14999999065,10057.649999993888,10090.899999993404,10094.949999993345,10270.049999990797,10270.099999990796,10280.09999999065,10280.14999999065,10380.649999989188,10384.699999989129,18.100000000000122,146.29999999999902,25.80000000000023,0,136.5999999999968,0.25,0,30.0,124.00000000000102
J001555,2023-01-03/TSDA,TSDA,AMR_20,G35_10,WS_8_20,"[""110166"", ""111307""]",2,10063.749999993799,10353.749999989579,10205.799999991732,10063.749999993799,10093.499999993366,10097.549999993307,10195.699999991879,10195.749999991878,10205.749999991733,10205.799999991732,10349.699999989638,10353.749999989579,18.100000000000122,160.40000000000222,16.250000000000096,0,94.99999999999675,0.25,0,26.0,155.99999999999716
J001556,2023-01-03/SPER,SPER,AMR_33,G15_10,WS_30_20,"[""110313""]",1,10067.84999999374,10286.899999990552,10143.899999992633,10067.84999999374,10067.84999999374,10071.89999999368,10133.79999999278,10133.849999992779,10143.849999992633,10143.899999992633,10282.84999999061,10286.899999990552,18.100000000000122,101.99999999999635,15.200000000000081,0,83.5499999999974,0.2,0,0.0,112.00000000000045
J001557,2023-01-03/MTKB,MTKB,AMR_22,G0_12,WS_13_20,"[""111322""]",1,10081.299999993544,10293.999999990448,10215.999999991584,10081.299999993544,10112.549999993089,10116.59999999303,10205.89999999173,10205.94999999173,10215.949999991584,10215.999999991584,10289.949999990507,10293.999999990448,18.100000000000122,119.49999999999535,13.350000000000055,0,61.49999999999864,0.25,0,27.999999999999954,92.00000000000067
J001558,2023-01-03/WRA2,WRA2,AMR_25,G9_9,WS_19_20,"[""110703""]",1,10090.149999993415,10298.949999990376,10245.79999999115,10090.149999993415,10090.149999993415,10094.199999993356,10235.699999991297,10235.749999991296,10245.74999999115,10245.79999999115,10294.899999990435,10298.949999990376,18.100000000000122,89.09999999999708,7.599999999999981,0,93.79999999999681,0.2,0,0.0,92.00000000000088
J001559,2023-01-03/PULA,PULA,AMR_12,G29_12,WS_2_20,"[""110528"", ""112056""]",2,10091.999999993388,10482.8999999877,10405.749999988822,10091.999999993388,10161.049999992383,10165.099999992324,10395.64999998897,10395.699999988969,10405.699999988823,10405.749999988822,10478.849999987759,10482.8999999877,18.100000000000122,193.55000000000976,19.100000000000136,0,159.9000000000021,0.25,0,42.00000000000023,163.9999999999977
J001560,2023-01-03/TSDA,TSDA,AMR_13,G12_2,WS_8_20,"[""111261"", ""125413""]",2,10098.599999993292,10251.699999991064,10154.549999992478,10098.599999993292,10098.599999993292,10102.649999993233,10144.449999992625,10144.499999992624,10154.499999992478,10154.549999992478,10247.649999991123,10251.699999991064,18.100000000000122,95.59999999999671,10.500000000000014,0,28.700000000000273,0.2,0,0.0,108.00000000000148
J001561,2023-01-03/PULA,PULA,AMR_21,G35_14,WS_2_20,"[""110262"", ""110466""]",2,10109.349999993135,10507.699999987339,10371.649999989319,10109.349999993135,10174.599999992186,10178.649999992127,10361.549999989466,10361.599999989465,10371.59999998932,10371.649999989319,10503.649999987398,10507.699999987339,18.100000000000122,218.95000000001554,27.650000000000258,0,133.39999999999608,0.25,0,56.000000000000355,179.99999999999463
J001562,2023-01-03/TSDA,TSDA,AMR_14,G5_10,WS_8_20,"[""110194"", ""110512"", ""110597"", ""123094""]",4,10114.849999993055,10206.499999991722,10170.349999992248,10114.849999993055,10114.849999993055,10118.899999992997,10160.249999992395,10160.299999992394,10170.299999992249,10170.349999992248,10202.44999999178,10206.499999991722,18.100000000000122,58.14999999999883,8.599999999999987,0,6.5999999999999845,0.2,0,0.0,64.00000000000053
J001563,2023-01-03/WRA2,WRA2,AMR_19,G0_11,WS_19_20,"[""111246""]",1,10125.099999992906,10452.999999988135,10262.749999990903,10125.099999992906,10125.099999992906,10129.149999992847,10252.64999999105,10252.69999999105,10262.699999990904,10262.749999990903,10448.949999988194,10452.999999988135,18.100000000000122,113.99999999999567,11.450000000000028,0,184.15000000000762,0.2,0,0.0,120.00000000000097
J001564,2023-01-03/PULA,PULA,AMR_18,G36_15,WS_2_20,"[""122631"", ""131976""]",2,10126.399999992887,10453.99999998812,10337.549999989815,10126.399999992887,10168.449999992275,10172.499999992217,10327.449999989962,10327.499999989961,10337.499999989815,10337.549999989815,10449.94999998818,10453.99999998812,18.100000000000122,184.9500000000078,15.250000000000082,0,109.04999999999595,0.25,0,46.00000000000047,163.99999999999682
J001565,2023-01-03/SPER,SPER,AMR_28,G26_2,WS_30_20,"[""107317""]",1,10126.549999992885,10257.999999990972,10195.849999991877,10126.549999992885,10126.549999992885,10130.599999992826,10185.749999992024,10185.799999992023,10195.799999991877,10195.849999991877,10253.949999991031,10257.999999990972,18.100000000000122,88.6999999999971,11.400000000000027,0,13.05000000000005,0.2,0,0.0,100.00000000000145
J001566,2023-01-03/PULA,PULA,AMR_17,G35_6,WS_2_20,"[""112216"", ""134660""]",2,10143.44999999264,10511.199999987288,10388.69999998907,10143.44999999264,10193.449999991912,10197.499999991853,10378.599999989217,10378.649999989217,10388.649999989071,10388.69999998907,10507.149999987347,10511.199999987288,18.100000000000122,213.65000000001433,15.300000000000082,0,120.4499999999953,0.25,0,54.000000000000114,203.99999999999287
J001567,2023-01-03/MTKB,MTKB,AMR_40,G23_8,WS_13_20,"[""139323""]",1,10147.54999999258,10396.99999998895,10334.599999989858,10147.54999999258,10173.999999992195,10178.049999992136,10324.499999990005,10324.549999990004,10334.549999989858,10334.599999989858,10392.949999989009,10396.99999998895,18.100000000000122,123.9499999999951,22.95000000000019,0,84.19999999999736,0.25,0,18.0,108.00000000000102
J001568,2023-01-03/TSDA,TSDA,AMR_24,G6_14,WS_8_20,"[""110333""]",1,10154.599999992477,10299.699999990366,10257.999999990972,10154.599999992477,10183.89999999205,10187.949999991992,10247.89999999112,10247.949999991119,10257.949999990973,10257.999999990972,10295.649999990424,10299.699999990366,18.100000000000122,81.94999999999749,15.300000000000082,0,29.500000000000284,0.25,0,21.999999999999986,56.000000000000114
J001569,2023-01-03/TMCO,TMCO,AMR_02,G0_15,WS_25_20,"[""110519""]",1,10154.849999992473,10450.499999988171,10383.599999989145,10154.849999992473,10154.849999992473,10158.899999992414,10373.499999989292,10373.54999998929,10383.549999989145,10383.599999989145,10446.44999998823,10450.499999988171,18.100000000000122,141.09999999999783,15.250000000000082,0,120.99999999999527,0.2,0,0.0,163.99999999999636
J001570,2023-01-03/MTKB,MTKB,AMR_37,G0_10,WS_13_20,"[""107303""]",1,10164.899999992327,10312.249999990183,10258.049999990972,10164.899999992327,10189.649999991967,10193.699999991908,10247.949999991119,10247.999999991118,10257.999999990972,10258.049999990972,10308.199999990242,10312.249999990183,18.100000000000122,107.04999999999606,17.20000000000011,0,4.749999999999991,0.25,0,15.999999999999977,100.00000000000122
J001571,2023-01-03/TSDA,TSDA,AMR_10,G6_13,WS_8_20,"[""124208""]",1,10170.399999992247,10340.199999989776,10289.699999990511,10170.399999992247,10198.949999991832,10202.999999991773,10279.599999990658,10279.649999990657,10289.649999990512,10289.699999990511,10336.149999989835,10340.199999989776,18.100000000000122,74.44999999999791,15.300000000000082,0,61.69999999999863,0.25,0,16.0,48.00000000000013
J001572,2023-01-03/PULA,PULA,AMR_27,G6_15,WS_2_20,"[""107294""]",1,10181.399999992087,10384.949999989125,10354.599999989567,10181.399999992087,10274.199999990737,10278.249999990678,10344.499999989714,10344.549999989713,10354.549999989567,10354.599999989567,10380.899999989184,10384.949999989125,18.100000000000122,90.79999999999698,16.300000000000097,0,78.0999999999977,0.25,0,48.0000000000002,40.0000000000001
J001573,2023-01-03/MTKB,MTKB,AMR_39,G23_7,WS_13_20,"[""101018""]",1,10181.949999992079,10438.799999988341,10368.899999989359,10181.949999992079,10226.699999991428,10230.749999991369,10358.799999989506,10358.849999989505,10368.84999998936,10368.899999989359,10434.7499999884,10438.799999988341,18.100000000000122,131.04999999999555,17.20000000000011,0,90.24999999999702,0.25,0,40.000000000000206,96.0000000000008
J001574,2023-01-03/TSDA,TSDA,AMR_16,G3_14,WS_8_20,"[""110548""]",1,10186.349999992015,10316.899999990115,10273.749999990743,10186.349999992015,10211.949999991642,10215.999999991584,10263.64999999089,10263.69999999089,10273.699999990744,10273.749999990743,10312.849999990174,10316.899999990115,18.100000000000122,73.24999999999798,14.350000000000069,0,24.600000000000215,0.25,0,14.0,52.00000000000004
J001575,2023-01-03/TMCO,TMCO,AMR_07,G3_8,WS_25_20,"[""107336""]",1,10186.64999999201,10394.749999988982,10309.64999999022,10186.64999999201,10186.64999999201,10190.699999991952,10299.549999990368,10299.599999990367,10309.599999990221,10309.64999999022,10390.699999989041,10394.749999988982,18.100000000000122,128.89999999999506,13.350000000000055,0,47.549999999999436,0.2,0,0.0,143.9999999999999
J001576,2023-01-03/SPER,SPER,AMR_03,G14_9,WS_30_20,"[""110227""]",1,10197.69999999185,10395.499999988971,10340.799999989767,10197.69999999185,10197.69999999185,10201.74999999179,10330.699999989914,10330.749999989914,10340.749999989768,10340.799999989767,10391.44999998903,10395.499999988971,18.100000000000122,112.89999999999573,13.400000000000055,0,53.199999999999115,0.2,0,0.0,132.00000000000063
J001577,2023-01-03/MTKB,MTKB,AMR_29,G3_7,WS_13_20,"[""110356""]",1,10198.999999991831,10466.34999998794,10385.94999998911,10198.999999991831,10236.19999999129,10240.24999999123,10375.849999989257,10375.899999989257,10385.899999989111,10385.94999998911,10462.299999988,10466.34999998794,18.100000000000122,133.39999999999608,19.100000000000136,0,96.49999999999666,0.25,0,34.00000000000003,104.00000000000092
J001578,2023-01-03/TSDA,TSDA,AMR_08,G15_15,WS_8_20,"[""110596""]",1,10205.849999991731,10472.649999987849,10417.849999988646,10205.849999991731,10251.24999999107,10255.299999991012,10407.749999988793,10407.799999988792,10417.799999988647,10417.849999988646,10468.599999987908,10472.649999987849,18.100000000000122,90.549999999997,12.450000000000042,0,145.44999999999882,0.25,0,26.0,56.00000000000034
J001579,2023-01-03/MTKB,MTKB,AMR_35,G29_15,WS_13_20,"[""112287""]",1,10216.049999991583,10386.749999989099,10317.399999990108,10216.049999991583,10237.349999991273,10241.399999991214,10307.299999990255,10307.349999990254,10317.349999990109,10317.399999990108,10382.699999989158,10386.749999989099,18.100000000000122,94.29999999999679,10.500000000000014,0,47.549999999999436,0.25,0,18.0,88.00000000000011
J001580,2023-01-03/TSDA,TSDA,AMR_32,G12_12,WS_8_20,"[""107328""]",1,10258.049999990972,10378.39999998922,10321.949999990042,10258.049999990972,10275.099999990724,10279.149999990665,10311.849999990189,10311.899999990188,10321.899999990042,10321.949999990042,10374.34999998928,10378.39999998922,18.100000000000122,76.84999999999778,11.450000000000028,0,13.70000000000006,0.25,0,12.0,64.00000000000037
J001581,2023-01-03/MTKB,MTKB,AMR_11,G26_9,WS_13_20,"[""110482""]",1,10258.09999999097,10411.39999998874,10351.849999989607,10258.09999999097,10277.049999990695,10281.099999990636,10341.749999989754,10341.799999989753,10351.799999989607,10351.849999989607,10407.349999988799,10411.39999998874,18.100000000000122,102.7999999999963,13.400000000000055,0,18.75000000000013,0.25,0,14.0,100.00000000000077
J001582,2023-01-03/TSDA,TSDA,AMR_23,G9_10,WS_8_20,"[""107238""]",1,10273.799999990742,10406.199999988816,10369.999999989343,10273.799999990742,10301.549999990339,10305.59999999028,10359.89999998949,10359.949999989489,10369.949999989343,10369.999999989343,10402.149999988875,10406.199999988816,18.100000000000122,66.04999999999839,9.55,0,38.44999999999995,0.25,0,10.0,56.00000000000051
J001583,2023-01-03/MTKB,MTKB,AMR_05,G23_6,WS_13_20,"[""110216""]",1,10280.19999999065,10479.149999987754,10402.999999988862,10280.19999999065,10296.64999999041,10300.699999990351,10392.89999998901,10392.949999989009,10402.949999988863,10402.999999988862,10475.099999987813,10479.149999987754,18.100000000000122,110.99999999999584,14.300000000000068,0,55.299999999998995,0.25,0,12.0,100.00000000000068
J001584,2023-01-03/TSDA,TSDA,AMR_33,G17_14,WS_8_20,"[""140079""]",1,10289.74999999051,10443.299999988276,10385.94999998911,10289.74999999051,10313.79999999016,10317.849999990101,10375.849999989257,10375.899999989257,10385.899999989111,10385.94999998911,10439.249999988335,10443.299999988276,18.100000000000122,79.79999999999761,13.400000000000055,0,41.99999999999975,0.25,0,12.0,68.00000000000057
J001585,2023-01-03/MTKB,MTKB,AMR_14,G3_6,WS_13_20,"[""122682""]",1,10317.449999990107,10522.299999987126,10445.649999988242,10317.449999990107,10345.249999989703,10349.299999989644,10435.549999988389,10435.599999988388,10445.599999988242,10445.649999988242,10518.249999987185,10522.299999987126,18.100000000000122,115.44999999999558,15.250000000000082,0,55.79999999999897,0.25,0,16.0,104.00000000000126
J001586,2023-01-03/PULA,PULA,AMR_24,G5_14,WS_2_20,"[""107204""]",2,10320.249999990066,10453.649999988125,10422.799999988574,10320.249999990066,10323.599999990018,10327.649999989959,10412.699999988721,10412.74999998872,10422.749999988575,10422.799999988574,10449.599999988184,10453.649999988125,18.100000000000122,48.89999999999936,5.699999999999988,0,60.4499999999987,0.25,0,2.0,40.000000000000014
J001587,2023-01-03/TSDA,TSDA,AMR_25,G9_9,WS_8_20,"[""110588"", ""111373""]",2,10321.999999990041,10459.799999988036,10401.899999988878,10321.999999990041,10321.999999990041,10326.049999989982,10391.799999989025,10391.849999989025,10401.849999988879,10401.899999988878,10455.749999988095,10459.799999988036,18.100000000000122,60.599999999998694,7.649999999999981,0,51.249999999999226,0.2,0,0.0,60.000000000000526
J001588,2023-01-03/WRA2,WRA2,AMR_38,G3_10,WS_19_20,"[""110561""]",1,10329.349999989934,10681.149999984815,10519.199999987171,10329.349999989934,10329.349999989934,10333.399999989875,10509.099999987318,10509.149999987318,10519.149999987172,10519.199999987171,10677.099999984874,10681.149999984815,18.100000000000122,162.5500000000027,24.850000000000218,0,146.09999999999897,0.2,0,0.0,167.9999999999975
J001589,2023-01-03/MTKB,MTKB,AMR_06,G0_8,WS_13_20,"[""131980""]",1,10334.649999989857,10547.999999986752,10462.94999998799,10334.649999989857,10334.649999989857,10338.699999989798,10452.849999988137,10452.899999988136,10462.89999998799,10462.94999998799,10543.949999986811,10547.999999986752,18.100000000000122,104.89999999999618,11.450000000000028,0,78.69999999999767,0.2,0,0.0,108.00000000000104
J001590,2023-01-03/PULA,PULA,AMR_16,G5_12,WS_2_20,"[""101149""]",1,10337.599999989814,10473.699999987834,10439.849999988326,10337.599999989814,10352.199999989602,10356.249999989543,10429.749999988473,10429.799999988472,10439.799999988327,10439.849999988326,10469.649999987892,10473.699999987834,18.100000000000122,61.24999999999866,10.550000000000015,0,45.94999999999953,0.25,0,8.0,52.000000000000554
J001591,2023-01-03/TSDA,TSDA,AMR_36,G18_15,WS_8_20,"[""111247""]",1,10338.149999989806,10483.349999987693,10442.29999998829,10338.149999989806,10379.499999989204,10383.549999989145,10432.199999988437,10432.249999988437,10442.249999988291,10442.29999998829,10479.299999987752,10483.349999987693,18.100000000000122,89.99999999999703,12.400000000000041,0,24.450000000000212,0.25,0,30.0,68.00000000000068
J001592,2023-01-03/TJKR,TJKR,AMR_30,G18_10,WS_30_20,"[""107334"", ""112087""]",2,10340.849999989767,10545.149999986794,10489.349999987606,10340.849999989767,10362.499999989452,10366.549999989393,10479.249999987753,10479.299999987752,10489.299999987606,10489.349999987606,10541.099999986853,10545.149999986794,18.100000000000122,104.14999999999623,12.35000000000004,0,69.4499999999982,0.25,0,20.0,96.00000000000068
J001593,2023-01-03/TJKR,TJKR,AMR_26,G33_13,WS_30_20,"[""124208""]",1,10340.849999989767,10443.299999988276,10408.399999988784,10340.849999989767,10364.199999989427,10368.249999989368,10398.29999998893,10398.34999998893,10408.349999988784,10408.399999988784,10439.249999988335,10443.299999988276,18.100000000000122,68.49999999999825,12.450000000000042,0,3.149999999999997,0.25,0,24.0,52.00000000000021
J001594,2023-01-03/TJKR,TJKR,AMR_28,G38_13,WS_30_20,"[""110178""]",1,10340.849999989767,10516.149999987216,10472.299999987854,10340.849999989767,10410.599999988752,10414.649999988693,10462.199999988,10462.249999988,10472.249999987855,10472.299999987854,10512.099999987275,10516.149999987216,18.100000000000122,116.74999999999551,19.100000000000136,0,21.100000000000165,0.25,0,62.00000000000044,64.00000000000021
J001595,2023-01-03/TJKR,TJKR,AMR_13,G29_7,WS_30_20,"[""110322""]",1,10340.849999989767,10502.549999987414,10455.249999988102,10340.849999989767,10400.3499999889,10404.399999988842,10445.149999988249,10445.199999988248,10455.199999988103,10455.249999988102,10498.499999987473,10502.549999987414,18.100000000000122,109.74999999999591,17.20000000000011,0,16.400000000000098,0.25,0,52.00000000000019,72.00000000000054
J001596,2023-01-03/TJKR,TJKR,AMR_10,G21_10,WS_30_20,"[""112386""]",1,10340.849999989767,10574.24999998637,10532.949999986971,10340.849999989767,10446.549999988229,10450.59999998817,10522.849999987118,10522.899999987118,10532.899999986972,10532.949999986971,10570.19999998643,10574.24999998637,18.100000000000122,135.6999999999966,22.95000000000019,0,56.39999999999893,0.25,0,64.00000000000037,84.00000000000048
J001597,2023-01-03/TJKR,TJKR,AMR_22,G24_5,WS_30_20,"[""140079""]",1,10340.849999989767,10598.899999986012,10554.599999986656,10340.849999989767,10487.849999987628,10491.899999987569,10544.499999986803,10544.549999986803,10554.549999986657,10554.599999986656,10594.84999998607,10598.899999986012,18.100000000000122,158.80000000000186,22.95000000000019,0,57.949999999998845,0.25,0,94.00000000000136,92.00000000000108
J001598,2023-01-03/MTKB,MTKB,AMR_37,G18_2,WS_13_20,"[""110146""]",1,10351.899999989606,10534.599999986947,10479.999999987742,10351.899999989606,10408.349999988784,10412.399999988726,10469.899999987889,10469.949999987888,10479.949999987743,10479.999999987742,10530.549999987006,10534.599999986947,18.100000000000122,134.2999999999963,16.250000000000096,0,13.800000000000061,0.25,0,64.00000000000082,100.0000000000013
J001599,2023-01-03/TSDA,TSDA,AMR_20,G9_8,WS_8_20,"[""133910""]",1,10354.099999989574,10630.299999985555,10534.899999986943,10354.099999989574,10448.349999988202,10452.399999988143,10524.79999998709,10524.84999998709,10534.849999986944,10534.899999986943,10626.249999985614,10630.299999985555,18.100000000000122,144.74999999999866,18.200000000000124,0,94.89999999999675,0.25,0,88.00000000000131,68.00000000000045
J001600,2023-01-03/PULA,PULA,AMR_09,G35_10,WS_2_20,"[""112284"", ""123304""]",2,10362.449999989452,10725.44999998417,10612.849999985809,10362.449999989452,10424.549999988549,10428.59999998849,10602.749999985956,10602.799999985955,10612.79999998581,10612.849999985809,10721.399999984229,10725.44999998417,18.100000000000122,239.30000000002016,26.700000000000244,0,78.64999999999768,0.25,0,50.00000000000048,227.99999999998974
J001601,2023-01-03/MTKB,MTKB,AMR_32,G29_10,WS_13_20,"[""123272""]",1,10378.44999998922,10607.24999998589,10505.249999987374,10378.44999998922,10433.649999988416,10437.699999988357,10495.149999987521,10495.19999998752,10505.199999987375,10505.249999987374,10603.199999985949,10607.24999998589,18.100000000000122,128.1999999999949,14.300000000000068,0,67.94999999999828,0.25,0,38.0,108.00000000000057
J001602,2023-01-03/WAP2,WAP2,AMR_01,G26_12,WS_25_20,"[""110385"", ""111237""]",2,10384.749999989128,10509.149999987318,10475.9999999878,10384.749999989128,10431.29999998845,10435.349999988392,10465.899999987947,10465.949999987946,10475.9499999878,10475.9999999878,10505.099999987377,10509.149999987318,18.100000000000122,69.2999999999982,13.350000000000055,0,23.400000000000198,0.25,0,18.0,52.00000000000023
J001603,2023-01-03/WAP2,WAP2,AMR_27,G24_8,WS_25_20,"[""101191"", ""101275""]",2,10384.999999989124,10602.549999985958,10559.84999998658,10384.999999989124,10498.199999987477,10502.249999987418,10549.749999986727,10549.799999986726,10559.79999998658,10559.84999998658,10598.499999986017,10602.549999985958,18.100000000000122,138.14999999999716,18.150000000000123,0,42.8999999999997,0.25,0,78.00000000000057,68.00000000000063
J001604,2023-01-03/WAP2,WAP2,AMR_04,G15_10,WS_25_20,"[""110097"", ""110313""]",2,10386.049999989109,10561.19999998656,10508.049999987334,10386.049999989109,10431.449999988448,10435.49999998839,10497.94999998748,10497.99999998748,10507.999999987334,10508.049999987334,10557.14999998662,10561.19999998656,18.100000000000122,118.5999999999954,13.350000000000055,0,24.850000000000218,0.25,0,52.000000000000654,88.00000000000048
J001605,2023-01-03/WAP2,WAP2,AMR_35,G32_7,WS_25_20,"[""107219"", ""134027""]",2,10386.799999989098,10566.949999986477,10492.099999987566,10386.799999989098,10417.699999988648,10421.74999998859,10481.999999987713,10482.049999987712,10492.049999987566,10492.099999987566,10562.899999986535,10566.949999986477,18.100000000000122,111.7499999999958,16.200000000000095,0,33.850000000000215,0.25,0,26.00000000000003,92.0000000000006
J001606,2023-01-03/WRA2,WRA2,AMR_07,G3_8,WS_19_20,"[""134611""]",1,10394.799999988982,10801.549999983063,10615.399999985772,10394.799999988982,10394.799999988982,10398.849999988923,10605.299999985918,10605.349999985918,10615.349999985772,10615.399999985772,10797.499999983122,10801.549999983063,18.100000000000122,132.89999999999597,15.300000000000082,0,240.25000000002038,0.2,0,0.0,136.0000000000009
J001607,2023-01-03/TSDA,TSDA,AMR_03,G3_9,WS_8_20,"[""112367""]",1,10395.54999998897,10717.89999998428,10679.649999984837,10395.54999998897,10446.299999988232,10450.349999988173,10669.549999984984,10669.599999984983,10679.599999984837,10679.649999984837,10713.849999984339,10717.89999998428,18.100000000000122,104.19999999999622,15.300000000000082,0,184.5000000000077,0.25,0,29.99999999999999,72.00000000000058
J001608,2023-01-03/PULA,PULA,AMR_40,G6_12,WS_2_20,"[""113197""]",1,10397.049999988949,10777.599999983411,10742.349999983924,10397.049999988949,10687.149999984727,10691.199999984668,10732.249999984071,10732.29999998407,10742.299999983925,10742.349999983924,10773.54999998347,10777.599999983411,18.100000000000122,147.9999999999994,27.80000000000026,0,186.40000000000813,0.25,0,90.00000000000077,60.00000000000067
J001609,2023-01-03/MTKB,MTKB,AMR_23,G29_8,WS_13_20,"[""110511""]",1,10406.249999988815,10690.499999984679,10610.899999985837,10406.249999988815,10508.149999987332,10512.199999987273,10600.799999985984,10600.849999985983,10610.849999985838,10610.899999985837,10686.449999984738,10690.499999984679,18.100000000000122,179.90000000000666,21.000000000000163,0,64.99999999999845,0.25,0,84.00000000000043,116.00000000000063
J001610,2023-01-03/WAP2,WAP2,AMR_11,G14_9,WS_25_20,"[""110227"", ""110233"", ""110606"", ""111376""]",4,10411.44999998874,10610.799999985838,10534.099999986955,10411.44999998874,10468.749999987906,10472.799999987847,10523.999999987102,10524.0499999871,10534.049999986955,10534.099999986955,10606.749999985897,10610.799999985838,18.100000000000122,121.04999999999526,15.300000000000082,0,44.6499999999996,0.25,0,36.00000000000003,104.00000000000068
J001611,2023-01-03/TSDA,TSDA,AMR_34,G18_13,WS_8_20,"[""123306""]",1,10420.699999988605,10695.299999984609,10572.1499999864,10420.699999988605,10482.299999987708,10486.34999998765,10562.049999986548,10562.099999986547,10572.099999986402,10572.1499999864,10691.249999984668,10695.299999984609,18.100000000000122,150.39999999999995,21.100000000000165,0,84.74999999999733,0.25,0,52.00000000000068,104.00000000000139
J001612,2023-01-03/PULA,PULA,AMR_15,G9_13,WS_2_20,"[""107255""]",1,10420.9999999886,10709.6499999844,10668.949999984992,10420.9999999886,10565.499999986498,10569.549999986439,10658.84999998514,10658.899999985138,10668.899999984993,10668.949999984992,10705.599999984459,10709.6499999844,18.100000000000122,155.80000000000118,19.100000000000136,0,95.39999999999672,0.25,0,86.00000000000111,80.0000000000008
J001613,2023-01-03/TSDA,TSDA,AMR_39,G2_9,WS_8_20,"[""101311""]",1,10438.84999998834,10743.749999983904,10695.599999984604,10438.84999998834,10526.79999998706,10530.849999987002,10685.499999984751,10685.54999998475,10695.549999984605,10695.599999984604,10739.699999983963,10743.749999983904,18.100000000000122,155.9000000000012,24.850000000000218,0,105.79999999999613,0.25,0,82.00000000000166,84.00000000000075
J001614,2023-01-03/PULA,PULA,AMR_33,G2_10,WS_2_20,"[""125462""]",2,10443.349999988275,10789.499999983238,10762.299999983634,10443.349999988275,10719.24999998426,10723.299999984201,10752.19999998378,10752.24999998378,10762.249999983635,10762.299999983634,10785.449999983297,10789.499999983238,18.100000000000122,120.29999999999531,23.000000000000192,0,184.5000000000077,0.25,0,78.00000000000092,52.000000000000455
J001615,2023-01-03/TSDA,TSDA,AMR_26,G20_15,WS_8_20,"[""107094""]",1,10443.349999988275,10677.649999984866,10588.349999986165,10443.349999988275,10492.599999987558,10496.6499999875,10578.249999986312,10578.299999986311,10588.299999986166,10588.349999986165,10673.599999984925,10677.649999984866,18.100000000000122,120.64999999999529,14.350000000000069,0,80.94999999999754,0.25,0,42.00000000000003,80.0000000000004
J001616,2023-01-03/PULA,PULA,AMR_31,G0_10,WS_2_20,"[""107303""]",1,10444.749999988255,10664.599999985056,10631.94999998553,10444.749999988255,10582.749999986247,10586.799999986188,10621.849999985678,10621.899999985677,10631.899999985531,10631.94999998553,10660.549999985114,10664.599999985056,18.100000000000122,147.84999999999937,23.000000000000192,0,30.6500000000003,0.25,0,108.00000000000188,56.00000000000025
J001617,2023-01-03/WRA2,WRA2,AMR_02,G0_15,WS_19_20,"[""110519"", ""124702""]",3,10450.54999998817,10744.199999983897,10645.69999998533,10450.54999998817,10450.54999998817,10454.599999988111,10635.599999985478,10635.649999985477,10645.649999985331,10645.69999998533,10740.149999983956,10744.199999983897,18.100000000000122,125.49999999999501,13.350000000000055,0,136.4999999999968,0.2,0,0.0,132.0000000000013
J001618,2023-01-03/MTKB,MTKB,AMR_19,G32_13,WS_13_20,"[""111366""]",1,10453.049999988134,10785.399999983298,10720.899999984236,10453.049999988134,10649.649999985273,10653.699999985214,10710.799999984383,10710.849999984383,10720.849999984237,10720.899999984236,10781.349999983357,10785.399999983298,18.100000000000122,181.60000000000704,21.050000000000164,0,111.34999999999582,0.25,0,92.00000000000051,108.0000000000004
J001619,2023-01-03/TJKR,TJKR,AMR_24,G38_8,WS_30_20,"[""110374""]",1,10453.699999988125,10914.149999981424,10855.34999998228,10453.699999988125,10800.649999983076,10804.699999983017,10845.249999982427,10845.299999982426,10855.29999998228,10855.34999998228,10910.099999981483,10914.149999981424,18.100000000000122,197.50000000001066,28.800000000000274,0,215.80000000001482,0.25,0,134.00000000000088,84.00000000000058
J001620,2023-01-03/WAP2,WAP2,AMR_18,G9_10,WS_25_20,"[""110418"", ""125583""]",3,10454.04999998812,10718.049999984278,10644.149999985353,10454.04999998812,10562.049999986548,10566.099999986489,10634.0499999855,10634.0999999855,10644.099999985354,10644.149999985353,10713.999999984337,10718.049999984278,18.100000000000122,164.60000000000318,15.250000000000082,0,65.7999999999984,0.25,0,72.00000000000065,112.00000000000065
J001621,2023-01-03/TSDA,TSDA,AMR_25,G9_7,WS_8_20,"[""107879""]",1,10459.849999988035,10625.899999985619,10550.94999998671,10459.849999988035,10475.649999987805,10479.699999987746,10540.849999986856,10540.899999986856,10550.89999998671,10550.94999998671,10621.849999985678,10625.899999985619,18.100000000000122,81.89999999999749,11.450000000000028,0,54.34999999999905,0.25,0,8.0,72.00000000000068
J001622,2023-01-03/MTKB,MTKB,AMR_29,G24_2,WS_13_20,"[""138468""]",1,10466.39999998794,10681.349999984812,10593.899999986084,10466.39999998794,10525.149999987085,10529.199999987026,10583.799999986231,10583.84999998623,10593.849999986085,10593.899999986084,10677.29999998487,10681.349999984812,18.100000000000122,158.40000000000177,16.200000000000095,0,22.000000000000178,0.25,0,64.00000000000036,124.00000000000118
J001623,2023-01-03/TJKR,TJKR,AMR_08,G26_2,WS_30_20,"[""107317""]",1,10472.699999987848,10640.8999999854,10588.74999998616,10472.699999987848,10517.649999987194,10521.699999987135,10578.649999986306,10578.699999986306,10588.69999998616,10588.74999998616,10636.84999998546,10640.8999999854,18.100000000000122,125.44999999999501,14.250000000000068,0,10.15000000000001,0.25,0,48.000000000000014,100.00000000000105
J001624,2023-01-03/PULA,PULA,AMR_16,G11_15,WS_2_20,"[""112368""]",1,10473.749999987833,10997.349999980213,10962.299999980723,10473.749999987833,10893.549999981724,10897.599999981665,10952.19999998087,10952.24999998087,10962.249999980724,10962.299999980723,10993.299999980272,10997.349999980213,18.100000000000122,303.7000000000348,42.19999999999974,0,159.35000000000198,0.25,0,285.9999999999883,60.00000000000068
J001625,2023-01-03/WAP2,WAP2,AMR_05,G17_14,WS_25_20,"[""110572"", ""112208""]",2,10479.199999987753,10612.649999985812,10575.69999998635,10479.199999987753,10516.749999987207,10520.799999987148,10565.599999986496,10565.649999986495,10575.64999998635,10575.69999998635,10608.59999998587,10612.649999985812,18.100000000000122,94.79999999999676,15.300000000000082,0,4.99999999999999,0.25,0,32.0,72.00000000000011
J001626,2023-01-03/MTKB,MTKB,AMR_12,G28_2,WS_13_20,"[""134599""]",1,10482.949999987699,10711.799999984369,10641.549999985391,10482.949999987699,10519.499999987167,10523.549999987108,10631.449999985538,10631.499999985537,10641.499999985392,10641.549999985391,10707.749999984428,10711.799999984369,18.100000000000122,155.65000000000114,20.05000000000015,0,34.80000000000016,0.25,0,30.000000000000004,151.99999999999912
J001627,2023-01-03/TJKR,TJKR,AMR_36,G0_11,WS_30_20,"[""138355""]",1,10483.399999987692,10873.499999982016,10790.849999983218,10483.399999987692,10652.199999985236,10656.249999985177,10780.749999983365,10780.799999983365,10790.79999998322,10790.849999983218,10869.449999982075,10873.499999982016,18.100000000000122,217.0500000000151,18.100000000000122,0,136.5999999999968,0.25,0,84.00000000000081,163.9999999999969
J001628,2023-01-03/WAP2,WAP2,AMR_13,G6_14,WS_25_20,"[""110333"", ""115988""]",2,10502.599999987413,10935.899999981108,10884.24999998186,10502.599999987413,10769.249999983533,10773.299999983474,10874.149999982006,10874.199999982005,10884.19999998186,10884.24999998186,10931.849999981167,10935.899999981108,18.100000000000122,236.45000000001951,30.6500000000003,0,147.84999999999937,0.25,0,148.00000000000054,108.00000000000088
J001629,2023-01-03/MTKB,MTKB,AMR_21,G35_14,WS_13_20,"[""110484""]",1,10507.749999987338,10639.399999985422,10573.399999986383,10507.749999987338,10507.749999987338,10511.799999987279,10563.29999998653,10563.349999986529,10573.349999986383,10573.399999986383,10635.349999985481,10639.399999985422,18.100000000000122,94.84999999999675,9.55,0,8.949999999999992,0.2,0,0.0,116.00000000000036
J001630,2023-01-03/TJKR,TJKR,AMR_01,G2_1,WS_30_20,"[""110339""]",1,10509.199999987317,10861.299999982193,10756.649999983716,10509.199999987317,10613.4999999858,10617.54999998574,10746.549999983863,10746.599999983862,10756.599999983717,10756.649999983716,10857.249999982252,10861.299999982193,18.100000000000122,253.0500000000233,23.900000000000205,0,56.79999999999891,0.25,0,102.00000000000219,203.99999999999324
J001631,2023-01-03/WAP2,WAP2,AMR_17,G3_13,WS_25_20,"[""110305"", ""127405""]",2,10511.249999987287,11181.999999977526,11068.049999979185,10511.249999987287,10833.199999982602,10837.249999982543,11057.949999979332,11057.99999997933,11067.999999979185,11068.049999979185,11177.949999977585,11181.999999977526,18.100000000000122,275.00000000002825,36.300000000000075,0,341.1000000000433,0.25,0,157.99999999999858,124.00000000000061
J001632,2023-01-03/MTKB,MTKB,AMR_28,G36_15,WS_13_20,"[""131976""]",1,10516.199999987215,10761.649999983643,10668.899999984993,10516.199999987215,10530.949999987,10534.999999986941,10658.79999998514,10658.84999998514,10668.849999984994,10668.899999984993,10757.599999983702,10761.649999983643,18.100000000000122,121.04999999999526,14.300000000000068,0,91.74999999999693,0.25,0,8.0,120.00000000000017
J001633,2023-01-03/WAP2,WAP2,AMR_14,G38_13,WS_25_20,"[""101135"", ""110178""]",2,10534.149999986954,10739.799999983961,10671.249999984959,10534.149999986954,10616.699999985753,10620.749999985694,10661.149999985106,10661.199999985105,10671.19999998496,10671.249999984959,10735.74999998402,10739.799999983961,18.100000000000122,150.34999999999994,17.20000000000011,0,19.750000000000146,0.25,0,96.00000000000064,88.00000000000013
J001634,2023-01-03/TSDA,TSDA,AMR_37,G15_8,WS_8_20,"[""124034""]",1,10534.949999986942,10740.399999983953,10663.499999985072,10534.949999986942,10563.799999986522,10567.849999986463,10653.399999985219,10653.449999985218,10663.449999985072,10663.499999985072,10736.349999984011,10740.399999983953,18.100000000000122,108.29999999999599,14.350000000000069,0,64.44999999999848,0.25,0,18.0,92.000000000001
J001635,2023-01-03/TSDA,TSDA,AMR_30,G18_10,WS_8_20,"[""112087""]",1,10550.999999986709,10693.09999998464,10609.549999985857,10550.999999986709,10550.999999986709,10555.04999998665,10599.449999986004,10599.499999986003,10609.499999985857,10609.549999985857,10689.0499999847,10693.09999998464,18.100000000000122,83.5499999999974,8.549999999999986,0,31.700000000000315,0.2,0,0.0,88.00000000000077
J001636,2023-01-03/WAP2,WAP2,AMR_06,G3_2,WS_25_20,"[""110343"", ""110386""]",3,10559.89999998658,10766.399999983574,10687.349999984724,10559.89999998658,10583.549999986235,10587.599999986176,10677.249999984871,10677.29999998487,10687.299999984725,10687.349999984724,10762.349999983633,10766.399999983574,18.100000000000122,159.9000000000021,17.20000000000011,0,11.050000000000022,0.25,0,17.99999999999999,179.99999999999568
J001637,2023-01-03/TJKR,TJKR,AMR_04,G15_10,WS_30_20,"[""110313""]",1,10561.24999998656,10706.549999984445,10649.949999985269,10561.24999998656,10561.24999998656,10565.2999999865,10639.849999985416,10639.899999985415,10649.89999998527,10649.949999985269,10702.499999984504,10706.549999984445,18.100000000000122,97.4499999999966,9.5,0,20.05000000000015,0.2,0,0.0,116.0000000000008
J001638,2023-01-03/TSDA,TSDA,AMR_35,G15_7,WS_8_20,"[""110449""]",1,10572.1999999864,10804.649999983018,10711.549999984372,10572.1999999864,10621.849999985678,10625.899999985619,10701.44999998452,10701.499999984519,10711.499999984373,10711.549999984372,10800.599999983076,10804.649999983018,18.100000000000122,159.75000000000207,21.050000000000164,0,33.300000000000246,0.25,0,50.00000000000021,124.00000000000156
J001639,2023-01-03/MTKB,MTKB,AMR_10,G38_12,WS_13_20,"[""107172""]",1,10574.29999998637,10793.349999983182,10703.699999984487,10574.29999998637,10627.949999985589,10631.99999998553,10693.599999984634,10693.649999984633,10703.649999984487,10703.699999984487,10789.299999983241,10793.349999983182,18.100000000000122,148.3999999999995,14.250000000000068,0,38.049999999999976,0.25,0,38.0,139.99999999999926
J001640,2023-01-03/WAP2,WAP2,AMR_22,G30_15,WS_25_20,"[""140089""]",1,10598.94999998601,10746.949999983857,10715.249999984318,10598.94999998601,10677.599999984866,10681.649999984807,10705.149999984465,10705.199999984465,10715.19999998432,10715.249999984318,10742.899999983916,10746.949999983857,18.100000000000122,105.54999999999615,18.150000000000123,0,5.949999999999987,0.25,0,68.00000000000054,48.0
J001641,2023-01-03/TSDA,TSDA,AMR_27,G20_10,WS_8_20,"[""110504""]",1,10602.599999985958,10875.499999981987,10785.1999999833,10602.599999985958,10684.049999984773,10688.099999984714,10775.099999983448,10775.149999983447,10785.149999983301,10785.1999999833,10871.449999982045,10875.499999981987,18.100000000000122,155.5000000000011,21.100000000000165,0,77.94999999999771,0.25,0,72.00000000000125,96.00000000000085
J001642,2023-01-03/MTKB,MTKB,AMR_32,G38_10,WS_13_20,"[""101155""]",1,10607.29999998589,10807.049999982983,10737.949999983988,10607.29999998589,10634.399999985495,10638.449999985436,10727.849999984135,10727.899999984134,10737.899999983989,10737.949999983988,10802.999999983042,10807.049999982983,18.100000000000122,145.09999999999874,14.350000000000069,0,21.950000000000177,0.25,0,22.0,151.9999999999974
J001643,2023-01-03/TJKR,TJKR,AMR_11,G14_9,WS_30_20,"[""110227""]",1,10610.849999985838,10822.749999982754,10739.549999983965,10610.849999985838,10610.849999985838,10614.899999985779,10729.449999984112,10729.499999984111,10739.499999983966,10739.549999983965,10818.699999982813,10822.749999982754,18.100000000000122,111.04999999999583,11.450000000000028,0,71.0999999999981,0.2,0,0.0,124.00000000000088
J001644,2023-01-03/TSDA,TSDA,AMR_05,G21_10,WS_8_20,"[""107254""]",1,10612.69999998581,10848.349999982382,10735.149999984029,10612.69999998581,10640.29999998541,10644.34999998535,10725.049999984176,10725.099999984175,10735.09999998403,10735.149999984029,10844.29999998244,10848.349999982382,18.100000000000122,123.69999999999511,20.05000000000015,0,73.54999999999797,0.25,0,20.0,104.00000000000088
J001645,2023-01-03/PULA,PULA,AMR_25,G9_12,WS_2_20,"[""101183""]",1,10625.949999985618,10766.899999983567,10725.149999984174,10625.949999985618,10644.449999985349,10648.49999998529,10715.049999984321,10715.09999998432,10725.099999984175,10725.149999984174,10762.849999983626,10766.899999983567,18.100000000000122,79.8999999999976,12.450000000000042,0,30.250000000000295,0.25,0,14.0,72.00000000000094
J001646,2023-01-03/MTKB,MTKB,AMR_20,G38_9,WS_13_20,"[""107428""]",1,10630.349999985554,10926.999999981237,10835.749999982565,10630.349999985554,10736.899999984003,10740.949999983945,10825.649999982712,10825.699999982711,10835.699999982566,10835.749999982565,10922.949999981296,10926.999999981237,18.100000000000122,215.05000000001465,24.850000000000218,0,38.399999999999956,0.25,0,100.00000000000058,159.9999999999982
J001647,2023-01-03/PULA,PULA,AMR_21,G11_14,WS_2_20,"[""110151""]",1,10639.449999985422,11099.149999978732,11055.24999997937,10639.449999985422,11003.649999980122,11007.699999980063,11045.149999979518,11045.199999979517,11055.199999979372,11055.24999997937,11095.099999978791,11099.149999978732,18.100000000000122,231.35000000001835,36.45000000000007,0,173.5500000000052,0.25,0,179.9999999999983,64.00000000000058
J001648,2023-01-03/MTKB,MTKB,AMR_08,G34_2,WS_13_20,"[""101273""]",1,10641.59999998539,10903.49999998158,10786.499999983282,10641.59999998539,10662.94999998508,10666.99999998502,10776.399999983429,10776.449999983428,10786.449999983282,10786.499999983282,10899.449999981638,10903.49999998158,18.100000000000122,153.45000000000064,16.200000000000095,0,73.89999999999795,0.25,0,19.999999999999996,159.9999999999962
J001649,2023-01-03/WTRG,WTRG,AMR_31,G26_10,WS_19_20,"[""110274"", ""134029""]",2,10664.649999985055,11017.399999979922,10941.999999981019,10664.649999985055,10848.949999982373,10852.999999982314,10931.899999981166,10931.949999981165,10941.94999998102,10941.999999981019,11013.34999997998,11017.399999979922,18.100000000000122,200.45000000001133,27.80000000000026,0,106.14999999999611,0.25,0,148.000000000001,80.00000000000031
J001650,2023-01-03/WTRG,WTRG,AMR_26,G11_9,WS_19_20,"[""101146"", ""125639""]",3,10677.699999984865,10972.499999980575,10895.799999981691,10677.699999984865,10778.799999983394,10782.849999983335,10885.699999981838,10885.749999981837,10895.749999981692,10895.799999981691,10968.449999980634,10972.499999980575,18.100000000000122,156.10000000000124,23.900000000000205,0,96.44999999999666,0.25,0,46.00000000000017,112.000000000001
J001651,2023-01-03/WTRG,WTRG,AMR_38,G35_14,WS_19_20,"[""110484"", ""113194""]",2,10681.199999984814,10913.999999981426,10861.649999982188,10681.199999984814,10802.549999983048,10806.59999998299,10851.549999982335,10851.599999982334,10861.599999982189,10861.649999982188,10909.949999981485,10913.999999981426,18.100000000000122,174.4000000000054,22.95000000000019,0,17.100000000000108,0.25,0,116.00000000000124,92.00000000000001
J001652,2023-01-03/WTRG,WTRG,AMR_29,G3_12,WS_19_20,"[""110210"", ""112013""]",2,10681.399999984811,11167.149999977742,11071.79999997913,10681.399999984811,10880.999999981907,10885.049999981848,11061.699999979277,11061.749999979276,11071.74999997913,11071.79999997913,11163.099999977801,11167.149999977742,18.100000000000122,220.5500000000159,26.700000000000244,0,220.1500000000158,0.25,0,118.00000000000199,108.00000000000134
J001653,2023-01-03/WAP2,WAP2,AMR_23,G21_13,WS_25_20,"[""101102""]",2,10690.549999984678,10808.449999982962,10778.199999983402,10690.549999984678,10725.349999984172,10729.399999984113,10768.09999998355,10768.149999983549,10778.149999983403,10778.199999983402,10804.399999983021,10808.449999982962,18.100000000000122,76.24999999999781,15.300000000000082,0,7.99999999999998,0.25,0,26.0,52.00000000000021
J001654,2023-01-03/TSDA,TSDA,AMR_30,G23_10,WS_8_20,"[""110604""]",1,10693.14999998464,10913.449999981434,10859.099999982225,10693.14999998464,10777.199999983417,10781.249999983358,10848.999999982372,10849.049999982371,10859.049999982226,10859.099999982225,10909.399999981493,10913.449999981434,18.100000000000122,135.34999999999653,18.150000000000123,0,48.449999999999385,0.25,0,42.0000000000003,108.00000000000128
J001655,2023-01-03/WTRG,WTRG,AMR_34,G6_2,WS_19_20,"[""110178"", ""110231""]",3,10695.349999984608,10974.099999980552,10878.549999981942,10695.349999984608,10800.099999983084,10804.149999983025,10868.44999998209,10868.499999982088,10878.499999981943,10878.549999981942,10970.04999998061,10974.099999980552,18.100000000000122,187.6000000000084,27.80000000000026,0,44.99999999999958,0.25,0,74.00000000000146,148.0000000000004
J001656,2023-01-03/MTKB,MTKB,AMR_04,G3_10,WS_13_20,"[""110561""]",1,10706.599999984444,10918.899999981355,10869.949999982067,10706.599999984444,10776.049999983434,10780.099999983375,10859.849999982214,10859.899999982214,10869.899999982068,10869.949999982067,10914.849999981414,10918.899999981355,18.100000000000122,138.6999999999973,19.050000000000136,0,36.20000000000008,0.25,0,56.00000000000068,88.00000000000092
J001657,2023-01-03/WAP2,WAP2,AMR_15,G27_12,WS_25_20,"[""109843""]",1,10709.6999999844,10872.899999982024,10830.049999982648,10709.6999999844,10786.549999983281,10790.599999983222,10819.949999982795,10819.999999982794,10829.999999982649,10830.049999982648,10868.849999982083,10872.899999982024,18.100000000000122,95.8499999999967,14.300000000000068,0,34.700000000000166,0.25,0,42.0,56.00000000000031
J001658,2023-01-03/TSDA,TSDA,AMR_12,G15_10,WS_8_20,"[""110097""]",1,10711.849999984368,10985.149999980391,10901.849999981603,10711.849999984368,10848.749999982376,10852.799999982317,10891.74999998175,10891.79999998175,10901.799999981604,10901.849999981603,10981.09999998045,10985.149999980391,18.100000000000122,185.55000000000794,20.00000000000015,0,49.39999999999933,0.25,0,106.00000000000168,108.0000000000019
J001659,2023-01-03/WAP2,WAP2,AMR_03,G33_14,WS_25_20,"[""110536""]",1,10717.94999998428,10920.64999998133,10868.299999982091,10717.94999998428,10808.699999982959,10812.7499999829,10858.199999982238,10858.249999982238,10868.249999982092,10868.299999982091,10916.599999981388,10920.64999998133,18.100000000000122,145.69999999999888,15.300000000000082,0,23.350000000000197,0.25,0,98.00000000000088,71.99999999999999
J001660,2023-01-03/TSDA,TSDA,AMR_18,G26_14,WS_8_20,"[""110169""]",1,10718.099999984277,11110.24999997857,10993.049999980276,10718.099999984277,10909.149999981497,10913.199999981438,10982.949999980423,10982.999999980422,10992.999999980277,10993.049999980276,11106.19999997863,11110.24999997857,18.100000000000122,220.05000000001579,29.750000000000288,0,123.9999999999951,0.25,0,130.00000000000207,104.0000000000008
J001661,2023-01-03/PULA,PULA,AMR_09,G3_9,WS_2_20,"[""110351""]",1,10725.49999998417,10969.199999980623,10931.449999981172,10725.49999998417,10874.849999981996,10878.899999981937,10921.34999998132,10921.399999981319,10931.399999981173,10931.449999981172,10965.149999980682,10969.199999980623,18.100000000000122,150.24999999999991,19.150000000000137,0,55.94999999999896,0.25,0,110.00000000000121,60.00000000000051
J001662,2023-01-03/MTKB,MTKB,AMR_14,G35_10,WS_13_20,"[""123304""]",1,10739.84999998396,10936.3999999811,10852.749999982318,10739.84999998396,10764.699999983599,10768.74999998354,10842.649999982465,10842.699999982464,10852.699999982318,10852.749999982318,10932.34999998116,10936.3999999811,18.100000000000122,125.799999999995,15.250000000000082,0,37.15000000000003,0.25,0,12.0,132.0000000000003
J001663,2023-01-03/TSDA,TSDA,AMR_37,G23_8,WS_8_20,"[""110132""]",1,10740.449999983952,11008.149999980056,10886.099999981832,10740.449999983952,10819.149999982807,10823.199999982748,10875.99999998198,10876.049999981979,10886.049999981833,10886.099999981832,11004.099999980115,11008.149999980056,18.100000000000122,156.55000000000135,21.100000000000165,0,71.69999999999807,0.25,0,48.00000000000031,128.00000000000185
J001664,2023-01-03/PULA,PULA,AMR_39,G0_9,WS_2_20,"[""125172""]",1,10743.799999983903,10833.099999982604,10804.649999983018,10743.799999983903,10750.599999983804,10754.649999983745,10794.549999983165,10794.599999983164,10804.599999983018,10804.649999983018,10829.049999982662,10833.099999982604,18.100000000000122,58.999999999998785,9.600000000000001,0,2.3499999999999996,0.25,0,4.000000000000001,60.000000000000576
J001665,2023-01-03/TJKR,TJKR,AMR_02,G0_15,WS_30_20,"[""110519""]",1,10744.249999983896,10974.999999980539,10872.299999982033,10744.249999983896,10744.249999983896,10748.299999983838,10862.19999998218,10862.24999998218,10872.249999982034,10872.299999982033,10970.949999980598,10974.999999980539,18.100000000000122,126.19999999999497,7.649999999999981,0,78.59999999999768,0.2,0,0.0,147.99999999999818
J001666,2023-01-03/MTKB,MTKB,AMR_22,G35_2,WS_13_20,"[""120447""]",1,10746.999999983856,10991.799999980294,10886.99999998182,10746.999999983856,10781.14999998336,10785.1999999833,10876.899999981966,10876.949999981965,10886.94999998182,10886.99999998182,10987.749999980353,10991.799999980294,18.100000000000122,164.90000000000325,15.250000000000082,0,46.29999999999951,0.25,0,36.000000000000014,163.99999999999653
J001667,2023-01-03/WTRG,WTRG,AMR_28,G9_10,WS_19_20,"[""101080"", ""107238"", ""110346"", ""125583""]",4,10761.699999983643,11019.949999979885,10959.04999998077,10761.699999983643,10848.649999982377,10852.699999982318,10948.949999980918,10948.999999980917,10958.999999980771,10959.04999998077,11015.899999979943,11019.949999979885,18.100000000000122,150.1999999999999,14.300000000000068,0,75.39999999999786,0.25,0,72.00000000000063,96.00000000000117
J001668,2023-01-03/PULA,PULA,AMR_06,G5_9,WS_2_20,"[""112364""]",1,10766.449999983573,10914.749999981415,10876.999999981965,10766.449999983573,10789.249999983242,10793.299999983183,10866.899999982112,10866.949999982111,10876.949999981965,10876.999999981965,10910.699999981474,10914.749999981415,18.100000000000122,76.64999999999779,11.450000000000028,0,41.84999999999976,0.25,0,17.999999999999986,60.00000000000051
J001669,2023-01-03/WAP2,WAP2,AMR_25,G33_13,WS_25_20,"[""124208""]",1,10766.949999983566,10948.599999980923,10900.199999981627,10766.949999983566,10840.599999982494,10844.649999982435,10890.099999981774,10890.149999981773,10900.149999981628,10900.199999981627,10944.549999980982,10948.599999980923,18.100000000000122,118.6499999999954,18.250000000000124,0,26.40000000000024,0.25,0,62.00000000000004,76.00000000000013
J001670,2023-01-03/TSDA,TSDA,AMR_40,G3_1,WS_8_20,"[""110496""]",1,10777.64999998341,10965.749999980673,10917.799999981371,10777.64999998341,10839.699999982508,10843.749999982449,10907.699999981518,10907.749999981517,10917.749999981372,10917.799999981371,10961.699999980732,10965.749999980673,18.100000000000122,122.49999999999518,18.200000000000124,0,29.050000000000278,0.25,0,36.0,104.00000000000172
J001671,2023-01-03/MTKB,MTKB,AMR_19,G38_6,WS_13_20,"[""107225""]",1,10785.449999983297,11102.149999978688,10952.499999980866,10785.449999983297,10855.399999982279,10859.44999998222,10942.399999981013,10942.449999981012,10952.449999980867,10952.499999980866,11098.099999978747,11102.149999978688,18.100000000000122,184.0500000000076,19.150000000000137,0,95.14999999999674,0.25,0,46.00000000000013,159.99999999999628
J001672,2023-01-03/PULA,PULA,AMR_33,G6_9,WS_2_20,"[""112333""]",1,10789.549999983237,10958.299999980782,10913.649999981431,10789.549999983237,10826.549999982699,10830.59999998264,10903.549999981578,10903.599999981578,10913.599999981432,10913.649999981431,10954.24999998084,10958.299999980782,18.100000000000122,90.19999999999702,13.350000000000055,0,46.849999999999476,0.25,0,17.999999999999986,72.00000000000063
J001673,2023-01-03/WAP2,WAP2,AMR_10,G26_9,WS_25_20,"[""123788""]",1,10793.399999983181,10962.699999980718,10916.149999981395,10793.399999983181,10858.649999982232,10862.699999982173,10906.049999981542,10906.099999981541,10916.099999981396,10916.149999981395,10958.649999980777,10962.699999980718,18.100000000000122,96.24999999999667,18.250000000000124,0,36.45000000000007,0.25,0,38.00000000000004,64.0000000000005
J001674,2023-01-03/TSDA,TSDA,AMR_07,G29_15,WS_8_20,"[""112287""]",1,10801.599999983062,11236.399999976735,11138.39999997816,10801.599999983062,11036.04999997965,11040.099999979591,11128.299999978308,11128.349999978307,11138.349999978162,11138.39999997816,11232.349999976794,11236.399999976735,18.100000000000122,207.3000000000129,20.05000000000015,0,189.10000000000875,0.25,0,106.00000000000134,112.00000000000105
J001675,2023-01-03/PULA,PULA,AMR_35,G12_13,WS_2_20,"[""110412""]",1,10804.699999983017,10976.749999980513,10894.149999981715,10804.699999983017,10833.799999982593,10837.849999982534,10884.049999981862,10884.099999981861,10894.099999981716,10894.149999981715,10972.699999980572,10976.749999980513,18.100000000000122,100.64999999999642,15.300000000000082,0,37.74999999999999,0.25,0,22.0,80.0000000000004
J001676,2023-01-03/WAP2,WAP2,AMR_32,G35_15,WS_25_20,"[""110283""]",1,10830.099999982647,10975.449999980532,10932.099999981163,10830.099999982647,10855.399999982279,10859.44999998222,10921.99999998131,10922.04999998131,10932.049999981164,10932.099999981163,10971.399999980591,10975.449999980532,18.100000000000122,81.99999999999748,12.450000000000042,0,32.55000000000029,0.25,0,20.0,68.0
J001677,2023-01-03/TSDA,TSDA,AMR_11,G14_9,WS_8_20,"[""107412""]",1,10859.149999982224,11055.099999979373,10967.799999980643,10859.149999982224,10859.149999982224,10863.199999982166,10957.69999998079,10957.74999998079,10967.749999980644,10967.799999980643,11051.049999979432,11055.099999979373,18.100000000000122,77.99999999999771,11.450000000000028,0,88.19999999999713,0.2,0,0.0,76.00000000000068
J001678,2023-01-03/WTRG,WTRG,AMR_05,G18_10,WS_19_20,"[""107334"", ""112087""]",2,10861.699999982187,10960.599999980748,10924.69999998127,10861.699999982187,10877.449999981958,10881.4999999819,10914.599999981418,10914.649999981417,10924.649999981271,10924.69999998127,10956.549999980807,10960.599999980748,18.100000000000122,63.34999999999854,12.400000000000041,0,4.799999999999991,0.25,0,10.0,56.00000000000041
J001679,2023-01-03/WAP2,WAP2,AMR_23,G21_10,WS_25_20,"[""110138""]",2,10868.34999998209,10998.94999998019,10964.64999998069,10868.34999998209,10893.14999998173,10897.19999998167,10954.549999980836,10954.599999980835,10964.59999998069,10964.64999998069,10994.899999980249,10998.94999998019,18.100000000000122,71.99999999999805,15.300000000000082,0,24.95000000000022,0.25,0,10.0,64.00000000000048
J001680,2023-01-03/TMST,TMST,AMR_39,G30_15,WS_30_20,"[""110609"", ""140089""]",2,10872.349999982032,11195.599999977328,11172.449999977665,10872.349999982032,11113.799999978519,11117.84999997846,11162.349999977812,11162.399999977812,11172.399999977666,11172.449999977665,11191.549999977387,11195.599999977328,18.100000000000122,138.39999999999722,18.100000000000122,0,148.3999999999995,0.25,0,120.00000000000145,32.0
J001681,2023-01-03/TMST,TMST,AMR_01,G29_12,WS_30_20,"[""110528"", ""112056""]",2,10872.349999982032,11025.7499999798,10994.949999980248,10872.349999982032,10946.949999980947,10950.999999980888,10984.849999980395,10984.899999980395,10994.899999980249,10994.949999980248,11021.699999979859,11025.7499999798,18.100000000000122,113.09999999999572,16.250000000000096,0,5.699999999999988,0.25,0,80.00000000000077,52.0000000000003
J001682,2023-01-03/TMST,TMST,AMR_15,G36_13,WS_30_20,"[""110292"", ""112059""]",3,10872.949999982024,11007.399999980067,10965.599999980675,10872.949999982024,10917.299999981378,10921.34999998132,10955.499999980822,10955.549999980822,10965.549999980676,10965.599999980675,11003.349999980126,11007.399999980067,18.100000000000122,84.84999999999732,14.350000000000069,0,16.900000000000105,0.25,0,28.0,64.00000000000013
J001683,2023-01-03/TMST,TMST,AMR_36,G23_13,WS_30_20,"[""110398"", ""120448""]",2,10873.549999982015,11066.29999997921,11028.899999979754,10873.549999982015,10933.399999981144,10937.449999981085,11018.799999979901,11018.8499999799,11028.849999979755,11028.899999979754,11062.249999979269,11066.29999997921,18.100000000000122,111.94999999999578,13.400000000000055,0,49.04999999999935,0.25,0,50.00000000000004,72.00000000000023
J001684,2023-01-03/TMST,TMST,AMR_27,G14_10,WS_30_20,"[""107396"", ""122632""]",3,10875.549999981986,11067.849999979187,11011.849999980002,10875.549999981986,10894.649999981708,10898.699999981649,11001.74999998015,11001.799999980149,11011.799999980003,11011.849999980002,11063.799999979246,11067.849999979187,18.100000000000122,116.14999999999554,16.200000000000095,0,41.599999999999774,0.25,0,16.0,112.0000000000004
J001685,2023-01-03/PULA,PULA,AMR_08,G6_8,WS_2_20,"[""101182""]",1,10903.549999981578,11121.349999978409,11078.299999979035,10903.549999981578,11007.599999980064,11011.649999980005,11068.199999979182,11068.249999979182,11078.249999979036,11078.299999979035,11117.299999978468,11121.349999978409,18.100000000000122,157.40000000000154,20.05000000000015,0,22.000000000000178,0.25,0,112.00000000000199,76.000000000001
J001686,2023-01-03/TSDA,TSDA,AMR_30,G0_11,WS_8_20,"[""138355""]",1,10913.499999981434,11111.64999997855,11072.749999979116,10913.499999981434,10983.14999998042,10987.199999980361,11062.649999979263,11062.699999979262,11072.699999979117,11072.749999979116,11107.599999978609,11111.64999997855,18.100000000000122,111.39999999999581,11.450000000000028,0,56.9499999999989,0.25,0,48.00000000000048,76.00000000000067
J001687,2023-01-03/WTRG,WTRG,AMR_38,G17_13,WS_19_20,"[""110342""]",1,10914.049999981426,11165.29999997777,11129.899999978285,10914.049999981426,11052.999999979404,11057.049999979345,11119.799999978432,11119.84999997843,11129.849999978285,11129.899999978285,11161.249999977828,11165.29999997777,18.100000000000122,111.94999999999578,19.150000000000137,0,101.79999999999636,0.25,0,62.00000000000021,52.00000000000013
J001688,2023-01-03/WAP2,WAP2,AMR_24,G20_10,WS_25_20,"[""110417""]",1,10914.199999981423,11066.499999979207,11028.44999997976,10914.199999981423,10967.549999980647,10971.599999980588,11018.349999979908,11018.399999979907,11028.399999979762,11028.44999997976,11062.449999979266,11066.499999979207,18.100000000000122,104.29999999999622,14.300000000000068,0,15.350000000000083,0.25,0,44.0,72.00000000000031
J001689,2023-01-03/PULA,PULA,AMR_06,G12_12,WS_2_20,"[""107328""]",1,10914.799999981415,11188.549999977431,11128.999999978298,10914.799999981415,11062.599999979264,11066.649999979205,11118.899999978445,11118.949999978444,11128.949999978298,11128.999999978298,11184.49999997749,11188.549999977431,18.100000000000122,156.45000000000132,25.850000000000232,0,73.09999999999799,0.25,0,80.00000000000094,84.000000000001
J001690,2023-01-03/TSDA,TSDA,AMR_04,G3_10,WS_8_20,"[""110561""]",1,10918.949999981354,11082.399999978976,11022.049999979854,10918.949999981354,10918.949999981354,10922.999999981295,11011.949999980001,11011.99999998,11021.999999979855,11022.049999979854,11078.349999979035,11082.399999978976,18.100000000000122,71.94999999999806,10.500000000000014,0,62.699999999998575,0.2,0,0.0,76.00000000000068
J001691,2023-01-03/WAP2,WAP2,AMR_03,G29_9,WS_25_20,"[""110205""]",1,10920.699999981329,11050.199999979444,11004.149999980114,10920.699999981329,10956.049999980814,10960.099999980755,10994.049999980261,10994.09999998026,11004.099999980115,11004.149999980114,11046.149999979503,11050.199999979444,18.100000000000122,88.34999999999712,17.20000000000011,0,5.599999999999988,0.25,0,26.0,68.00000000000045
J001692,2023-01-03/WTRG,WTRG,AMR_20,G21_13,WS_19_20,"[""101102""]",1,10927.049999981236,11099.29999997873,11037.899999979623,10927.049999981236,10974.299999980549,10978.34999998049,11027.79999997977,11027.84999997977,11037.849999979624,11037.899999979623,11095.249999978789,11099.29999997873,18.100000000000122,91.89999999999692,15.300000000000082,0,46.699999999999484,0.25,0,42.00000000000004,48.00000000000013
J001693,2023-01-03/PULA,PULA,AMR_13,G14_15,WS_2_20,"[""107224""]",2,10935.949999981107,11082.399999978976,11036.199999979648,10935.949999981107,10979.549999980472,10983.599999980413,11026.099999979795,11026.149999979794,11036.149999979649,11036.199999979648,11078.349999979035,11082.399999978976,18.100000000000122,93.14999999999685,12.450000000000042,0,22.500000000000185,0.25,0,22.0,72.00000000000071
J001694,2023-01-03/WAP2,WAP2,AMR_14,G14_14,WS_25_20,"[""110603""]",1,10936.4499999811,11398.94999997437,11249.299999976547,10936.4499999811,11029.449999979746,11033.499999979687,11239.199999976694,11239.249999976693,11249.249999976548,11249.299999976547,11394.899999974428,11398.94999997437,18.100000000000122,218.25000000001538,34.40000000000018,0,191.5000000000093,0.25,0,78.00000000000088,139.99999999999943
J001695,2023-01-03/WTRG,WTRG,AMR_25,G20_12,WS_19_20,"[""111276""]",1,10948.649999980922,11104.249999978658,11054.749999979378,10948.649999980922,10990.849999980308,10994.899999980249,11044.649999979525,11044.699999979524,11054.699999979379,11054.749999979378,11100.199999978717,11104.249999978658,18.100000000000122,85.99999999999726,13.350000000000055,0,37.899999999999984,0.25,0,36.0,48.00000000000023
J001696,2023-01-03/PERL,PERL,AMR_33,G21_15,WS_13_20,"[""112380""]",1,10958.349999980781,11392.899999974457,11328.1499999754,10958.349999980781,11231.349999976808,11235.39999997675,11318.049999975547,11318.099999975546,11328.0999999754,11328.1499999754,11388.849999974516,11392.899999974457,18.100000000000122,192.05000000000942,25.80000000000023,0,198.35000000001085,0.25,0,138.000000000001,56.0000000000003
J001697,2023-01-03/PERL,PERL,AMR_05,G35_8,WS_13_20,"[""101202""]",1,10960.649999980747,11237.499999976719,11145.34999997806,10960.649999980747,11013.39999997998,11017.44999997992,11135.249999978207,11135.299999978206,11145.29999997806,11145.34999997806,11233.449999976778,11237.499999976719,18.100000000000122,185.50000000000793,22.90000000000019,0,50.09999999999929,0.25,0,58.0000000000003,147.99999999999838
J001698,2023-01-03/PULA,PULA,AMR_10,G6_7,WS_2_20,"[""125181""]",2,10962.749999980717,11183.449999977505,11111.749999978549,10962.749999980717,11057.049999979345,11061.099999979286,11101.649999978696,11101.699999978695,11111.69999997855,11111.749999978549,11179.399999977564,11183.449999977505,18.100000000000122,141.799999999998,17.20000000000011,0,43.349999999999675,0.25,0,80.0000000000012,80.00000000000082
J001699,2023-01-03/PERL,PERL,AMR_40,G6_9,WS_13_20,"[""111273""]",1,10965.799999980673,11129.149999978295,11083.149999978965,10965.799999980673,10997.399999980213,11001.449999980154,11073.049999979112,11073.099999979111,11083.099999978966,11083.149999978965,11125.099999978354,11129.149999978295,18.100000000000122,102.09999999999634,17.20000000000011,0,25.70000000000023,0.25,0,25.999999999999986,80.0000000000006
J001700,2023-01-03/TMST,TMST,AMR_09,G26_9,WS_30_20,"[""107380"", ""110530""]",2,10969.249999980622,11162.899999977804,11107.699999978608,10969.249999980622,11038.699999979612,11042.749999979553,11097.599999978755,11097.649999978754,11107.649999978608,11107.699999978608,11158.849999977863,11162.899999977804,18.100000000000122,133.59999999999613,17.20000000000011,0,24.500000000000213,0.25,0,70.00000000000063,76.00000000000023
J001701,2023-01-03/TSDA,TSDA,AMR_26,G2_1,WS_8_20,"[""110339""]",1,10972.549999980574,11144.749999978068,11093.09999997882,10972.549999980574,11023.149999979838,11027.199999979779,11082.999999978967,11083.049999978966,11093.04999997882,11093.09999997882,11140.699999978127,11144.749999978068,18.100000000000122,130.54999999999544,15.300000000000082,0,7.99999999999998,0.25,0,46.000000000000384,116.00000000000217
J001702,2023-01-03/WAP2,WAP2,AMR_34,G18_10,WS_25_20,"[""107334""]",2,10974.149999980551,11220.19999997697,11145.799999978053,10974.149999980551,11026.299999979792,11030.349999979733,11135.6999999782,11135.7499999782,11145.749999978054,11145.799999978053,11216.14999997703,11220.19999997697,18.100000000000122,125.54999999999501,18.150000000000123,0,83.99999999999737,0.25,0,44.000000000000185,92.0000000000006
J001703,2023-01-03/WTRG,WTRG,AMR_02,G0_15,WS_19_20,"[""107312"", ""110519""]",2,10975.049999980538,11210.449999977112,11097.749999978752,10975.049999980538,10975.049999980538,10979.099999980479,11087.6499999789,11087.699999978899,11097.699999978753,11097.749999978752,11206.399999977171,11210.449999977112,18.100000000000122,111.5999999999958,10.500000000000014,0,94.99999999999675,0.2,0,0.0,120.00000000000149
J001704,2023-01-03/PULA,PULA,AMR_32,G15_14,WS_2_20,"[""112283""]",1,10975.499999980531,11256.299999976445,11209.499999977126,10975.499999980531,11137.449999978175,11141.499999978116,11199.399999977273,11199.449999977272,11209.449999977127,11209.499999977126,11252.249999976504,11256.299999976445,18.100000000000122,150.75000000000003,20.15000000000015,0,91.54999999999694,0.25,0,82.00000000000043,88.00000000000128
J001705,2023-01-03/TMST,TMST,AMR_35,G11_10,WS_30_20,"[""110526"", ""112332""]",2,10976.799999980512,11287.749999975988,11155.499999977912,10976.799999980512,11015.849999979944,11019.899999979885,11145.399999978059,11145.449999978058,11155.449999977913,11155.499999977912,11283.699999976046,11287.749999975988,18.100000000000122,129.39999999999517,16.250000000000096,0,146.94999999999916,0.25,0,12.0,124.0000000000006
J001706,2023-01-03/TSDA,TSDA,AMR_12,G26_8,WS_8_20,"[""135158""]",1,10985.19999998039,11449.449999973634,11314.899999975592,10985.19999998039,11022.849999979842,11026.899999979783,11304.79999997574,11304.849999975739,11314.849999975593,11314.899999975592,11445.399999973693,11449.449999973634,18.100000000000122,185.800000000008,22.90000000000019,0,237.20000000001968,0.25,0,30.0,156.0000000000003
J001707,2023-01-03/WAP2,WAP2,AMR_22,G17_9,WS_25_20,"[""134546""]",1,10991.849999980293,11324.349999975455,11218.249999976999,10991.849999980293,11133.199999978237,11137.249999978178,11208.149999977146,11208.199999977145,11218.199999977,11218.249999976999,11320.299999975514,11324.349999975455,18.100000000000122,187.6000000000084,23.950000000000205,0,102.59999999999631,0.25,0,110.0000000000012,92.00000000000026
J001708,2023-01-03/WTRG,WTRG,AMR_16,G15_10,WS_19_20,"[""110097""]",1,10997.399999980213,11251.599999976514,11214.249999977057,10997.399999980213,11071.399999979136,11075.449999979077,11204.149999977204,11204.199999977203,11214.199999977058,11214.249999977057,11247.549999976573,11251.599999976514,18.100000000000122,123.44999999999513,20.05000000000015,0,92.3499999999969,0.25,0,30.0,92.00000000000065
J001709,2023-01-03/TMST,TMST,AMR_23,G21_10,WS_30_20,"[""112386"", ""125176""]",2,10998.99999998019,11166.049999977758,11124.599999978362,10998.99999998019,10998.99999998019,11003.04999998013,11114.499999978509,11114.549999978508,11124.549999978362,11124.599999978362,11161.999999977817,11166.049999977758,18.100000000000122,79.69999999999762,9.5,0,59.549999999998754,0.2,0,0.0,84.00000000000048
J001710,2023-01-03/TSDA,TSDA,AMR_15,G6_2,WS_8_20,"[""134027""]",1,11007.449999980066,11240.949999976669,11181.249999977537,11007.449999980066,11120.449999978422,11124.499999978363,11171.149999977684,11171.199999977684,11181.199999977538,11181.249999977537,11236.899999976727,11240.949999976669,18.100000000000122,160.3500000000022,23.000000000000192,0,31.800000000000317,0.25,0,98.00000000000097,92.00000000000114
J001711,2023-01-03/WAP2,WAP2,AMR_37,G29_7,WS_25_20,"[""110322""]",1,11008.199999980056,11148.349999978016,11097.299999978759,11008.199999980056,11046.249999979502,11050.299999979443,11087.199999978906,11087.249999978905,11097.24999997876,11097.299999978759,11144.299999978075,11148.349999978016,18.100000000000122,103.09999999999629,17.20000000000011,0,1.5000000000000007,0.25,0,34.00000000000001,80.00000000000063
J001712,2023-01-03/TMST,TMST,AMR_31,G33_15,WS_30_20,"[""124207""]",1,11017.44999997992,11112.949999978531,11085.949999978924,11017.44999997992,11050.149999979445,11054.199999979386,11075.849999979071,11075.89999997907,11085.899999978925,11085.949999978924,11108.89999997859,11112.949999978531,18.100000000000122,61.84999999999862,13.400000000000055,0,1.900000000000001,0.25,0,28.0,36.0
J001713,2023-01-03/TSDA,TSDA,AMR_28,G24_2,WS_8_20,"[""138468""]",1,11022.099999979853,11324.299999975456,11208.899999977135,11022.099999979853,11114.049999978515,11118.099999978456,11198.799999977282,11198.849999977281,11208.849999977136,11208.899999977135,11320.249999975515,11324.299999975456,18.100000000000122,208.50000000001316,21.900000000000176,0,53.4499999999991,0.25,0,86.00000000000122,159.99999999999974
J001714,2023-01-03/WAP2,WAP2,AMR_01,G26_10,WS_25_20,"[""107213""]",2,11028.49999997976,11154.399999977928,11114.44999997851,11028.49999997976,11054.199999979386,11058.249999979327,11104.349999978656,11104.399999978656,11114.39999997851,11114.44999997851,11150.349999977987,11154.399999977928,18.100000000000122,72.54999999999802,11.400000000000027,0,23.6000000000002,0.25,0,10.0,60.000000000000256
J001715,2023-01-03/PULA,PULA,AMR_03,G17_14,WS_2_20,"[""140079""]",1,11050.249999979444,11328.349999975397,11278.59999997612,11050.249999979444,11195.44999997733,11199.499999977272,11268.499999976268,11268.549999976267,11278.549999976121,11278.59999997612,11324.299999975456,11328.349999975397,18.100000000000122,161.70000000000252,24.850000000000218,0,73.19999999999798,0.25,0,78.00000000000068,88.00000000000097
J001716,2023-01-03/WTRG,WTRG,AMR_11,G20_9,WS_19_20,"[""110426""]",2,11055.149999979372,11277.149999976142,11231.299999976809,11055.149999979372,11149.049999978006,11153.099999977947,11221.199999976956,11221.249999976955,11231.24999997681,11231.299999976809,11273.0999999762,11277.149999976142,18.100000000000122,105.74999999999613,17.20000000000011,0,80.69999999999756,0.25,0,48.00000000000033,60.0000000000005
J001717,2023-01-03/TMST,TMST,AMR_36,G26_15,WS_30_20,"[""101021""]",1,11066.34999997921,11232.349999976794,11206.54999997717,11066.34999997921,11098.149999978747,11102.199999978688,11196.449999977316,11196.499999977315,11206.49999997717,11206.54999997717,11228.299999976853,11232.349999976794,18.100000000000122,74.04999999999794,16.300000000000097,0,57.29999999999888,0.25,0,18.0,52.00000000000003
J001718,2023-01-03/PULA,PULA,AMR_24,G14_8,WS_2_20,"[""112372""]",1,11066.549999979206,11355.949999974995,11295.649999975873,11066.549999979206,11191.849999977383,11195.899999977324,11285.54999997602,11285.599999976019,11295.599999975873,11295.649999975873,11351.899999975054,11355.949999974995,18.100000000000122,168.85000000000414,22.05000000000018,0,80.14999999999759,0.25,0,80.00000000000117,100.00000000000128
J001719,2023-01-03/PERL,PERL,AMR_27,G14_10,WS_13_20,"[""101276""]",1,11067.899999979187,11207.049999977162,11173.54999997765,11067.899999979187,11067.899999979187,11071.949999979128,11163.449999977796,11163.499999977796,11173.49999997765,11173.54999997765,11202.99999997722,11207.049999977162,18.100000000000122,88.99999999999709,14.250000000000068,0,17.600000000000115,0.2,0,0.0,88.00000000000074
J001720,2023-01-03/WTRG,WTRG,AMR_13,G20_10,WS_19_20,"[""110504""]",1,11082.449999978975,11213.649999977066,11179.899999977557,11082.449999978975,11124.849999978358,11128.8999999783,11169.799999977704,11169.849999977703,11179.849999977558,11179.899999977557,11209.599999977125,11213.649999977066,18.100000000000122,80.24999999999758,12.35000000000004,0,20.250000000000153,0.25,0,26.0,56.00000000000041
J001721,2023-01-03/TSDA,TSDA,AMR_04,G33_14,WS_8_20,"[""110609""]",1,11082.449999978975,11619.299999971163,11481.34999997317,11082.449999978975,11384.49999997458,11388.54999997452,11471.249999973317,11471.299999973317,11481.299999973171,11481.34999997317,11615.249999971222,11619.299999971163,18.100000000000122,346.4000000000445,43.04999999999969,0,129.0499999999951,0.25,0,263.9999999999884,144.00000000000048
J001722,2023-01-03/WAP2,WAP2,AMR_21,G3_10,WS_25_20,"[""110561"", ""127627""]",2,11099.199999978731,11382.899999974603,11281.34999997608,11099.199999978731,11145.099999978063,11149.149999978004,11271.249999976228,11271.299999976227,11281.299999976081,11281.34999997608,11378.849999974662,11382.899999974603,18.100000000000122,151.0500000000001,16.250000000000096,0,98.04999999999657,0.25,0,23.999999999999996,136.00000000000068
J001723,2023-01-03/WTRG,WTRG,AMR_20,G27_12,WS_19_20,"[""109843""]",1,11099.34999997873,11249.899999976538,11197.199999977305,11099.34999997873,11122.949999978386,11126.999999978327,11187.099999977452,11187.149999977451,11197.149999977306,11197.199999977305,11245.849999976597,11249.899999976538,18.100000000000122,93.34999999999684,14.300000000000068,0,24.550000000000214,0.25,0,18.0,76.00000000000028
J001724,2023-01-03/TMST,TMST,AMR_19,G33_12,WS_30_20,"[""111237""]",1,11102.199999978688,11228.199999976854,11189.499999977417,11102.199999978688,11128.449999978306,11132.499999978247,11179.399999977564,11179.449999977563,11189.449999977418,11189.499999977417,11224.149999976913,11228.199999976854,18.100000000000122,76.19999999999781,14.300000000000068,0,17.15000000000011,0.25,0,22.0,56.00000000000031
J001725,2023-01-03/PULA,PULA,AMR_25,G15_9,WS_2_20,"[""112008""]",1,11104.299999978657,11410.149999974206,11328.79999997539,11104.299999978657,11242.19999997665,11246.249999976591,11318.699999975537,11318.749999975536,11328.74999997539,11328.79999997539,11406.099999974265,11410.149999974206,18.100000000000122,177.75000000000617,23.050000000000193,0,86.69999999999722,0.25,0,68.00000000000065,144.00000000000153
J001726,2023-01-03/TSDA,TSDA,AMR_18,G28_2,WS_8_20,"[""134599""]",1,11110.29999997857,11422.149999974032,11298.649999975829,11110.29999997857,11161.949999977818,11165.99999997776,11288.549999975976,11288.599999975975,11298.59999997583,11298.649999975829,11418.09999997409,11422.149999974032,18.100000000000122,164.7500000000032,14.350000000000069,0,114.39999999999564,0.25,0,31.999999999999996,159.9999999999993
J001727,2023-01-03/WAP2,WAP2,AMR_30,G11_12,WS_25_20,"[""110440""]",1,11111.69999997855,11438.899999973788,11356.799999974983,11111.69999997855,11226.499999976879,11230.54999997682,11346.69999997513,11346.749999975129,11356.749999974983,11356.799999974983,11434.849999973847,11438.899999973788,18.100000000000122,188.8500000000087,21.950000000000177,0,98.04999999999657,0.25,0,104.00000000000239,104.00000000000034
J001728,2023-01-03/WTRG,WTRG,AMR_31,G20_8,WS_19_20,"[""122556""]",1,11112.99999997853,11367.599999974826,11278.149999976127,11112.99999997853,11222.699999976934,11226.749999976875,11268.049999976274,11268.099999976273,11278.099999976128,11278.149999976127,11363.549999974884,11367.599999974826,18.100000000000122,133.39999999999608,23.950000000000205,0,78.89999999999766,0.25,0,80.00000000000091,64.0000000000005
J001729,2023-01-03/TMST,TMST,AMR_08,G6_8,WS_30_20,"[""101182"", ""107330""]",2,11121.399999978408,11496.49999997295,11275.049999976172,11121.399999978408,11121.399999978408,11125.44999997835,11264.94999997632,11264.999999976319,11274.999999976173,11275.049999976172,11492.449999973009,11496.49999997295,18.100000000000122,146.6499999999991,15.250000000000082,0,194.90000000001007,0.2,0,0.0,159.99999999999872
J001730,2023-01-03/PULA,PULA,AMR_40,G12_1,WS_2_20,"[""110168""]",1,11129.199999978295,11325.949999975432,11261.49999997637,11129.199999978295,11189.499999977417,11193.549999977358,11251.399999976516,11251.449999976516,11261.44999997637,11261.49999997637,11321.89999997549,11325.949999975432,18.100000000000122,132.5999999999959,13.350000000000055,0,32.450000000000294,0.25,0,31.99999999999998,128.0000000000026
J001731,2023-01-03/TSDA,TSDA,AMR_26,G32_5,WS_8_20,"[""110164""]",1,11144.799999978068,11476.449999973242,11341.14999997521,11144.799999978068,11206.49999997717,11210.549999977111,11331.049999975357,11331.099999975357,11341.099999975211,11341.14999997521,11472.3999999733,11476.449999973242,18.100000000000122,206.25000000001265,19.100000000000136,0,87.94999999999715,0.25,0,72.0000000000002,171.99999999999787
J001732,2023-01-03/WAP2,WAP2,AMR_37,G38_9,WS_25_20,"[""101085""]",1,11148.399999978015,11363.699999974882,11265.399999976313,11148.399999978015,11185.049999977482,11189.099999977423,11255.29999997646,11255.349999976459,11265.349999976313,11265.399999976313,11359.649999974941,11363.699999974882,18.100000000000122,130.64999999999546,17.20000000000011,0,49.09999999999935,0.25,0,34.0,104.00000000000024
J001733,2023-01-03/WTRG,WTRG,AMR_01,G14_9,WS_19_20,"[""110233""]",1,11154.449999977927,11366.849999974836,11319.099999975531,11154.449999977927,11223.949999976916,11227.999999976857,11308.999999975678,11309.049999975678,11319.049999975532,11319.099999975531,11362.799999974895,11366.849999974836,18.100000000000122,130.09999999999533,19.050000000000136,0,44.89999999999959,0.25,0,58.0000000000006,80.00000000000048
J001734,2023-01-03/TMST,TMST,AMR_09,G38_15,WS_30_20,"[""110131""]",1,11162.949999977804,11293.299999975907,11258.04999997642,11162.949999977804,11215.849999977034,11219.899999976975,11247.949999976567,11247.999999976566,11257.99999997642,11258.04999997642,11289.249999975966,11293.299999975907,18.100000000000122,88.44999999999712,12.450000000000042,0,11.100000000000023,0.25,0,44.0,56.0
J001735,2023-01-03/PULA,PULA,AMR_38,G23_15,WS_2_20,"[""111277""]",1,11165.349999977769,11458.04999997351,11378.34999997467,11165.349999977769,11247.899999976567,11251.949999976508,11368.249999974816,11368.299999974815,11378.29999997467,11378.34999997467,11453.999999973568,11458.04999997351,18.100000000000122,130.3499999999954,14.300000000000068,0,129.69999999999524,0.25,0,28.0,108.00000000000165
J001736,2023-01-03/WAP2,WAP2,AMR_23,G9_14,WS_25_20,"[""111238""]",2,11166.099999977758,11434.049999973859,11375.699999974708,11166.099999977758,11261.899999976364,11265.949999976305,11365.599999974855,11365.649999974854,11375.649999974708,11375.699999974708,11429.999999973918,11434.049999973859,18.100000000000122,153.05000000000055,15.300000000000082,0,81.24999999999753,0.25,0,76.00000000000108,96.00000000000048
J001737,2023-01-03/TMST,TMST,AMR_29,G21_14,WS_30_20,"[""111349""]",1,11167.199999977742,11388.849999974516,11294.349999975891,11167.199999977742,11240.79999997667,11244.849999976612,11284.249999976038,11284.299999976038,11294.299999975892,11294.349999975891,11384.799999974575,11388.849999974516,18.100000000000122,108.199999999996,16.250000000000096,0,78.84999999999766,0.25,0,48.00000000000013,68.00000000000006
J001738,2023-01-03/TSDA,TSDA,AMR_17,G26_9,WS_8_20,"[""107131""]",1,11182.049999977526,11543.24999997227,11409.499999974216,11182.049999977526,11339.699999975232,11343.749999975173,11399.399999974363,11399.449999974362,11409.449999974217,11409.499999974216,11539.199999972328,11543.24999997227,18.100000000000122,221.65000000001615,22.95000000000019,0,98.24999999999656,0.25,0,134.00000000000236,124.00000000000153
J001739,2023-01-03/WTRG,WTRG,AMR_10,G21_10,WS_19_20,"[""107254""]",1,11183.499999977505,11407.699999974242,11355.399999975003,11183.499999977505,11277.499999976137,11281.549999976078,11345.29999997515,11345.34999997515,11355.349999975004,11355.399999975003,11403.649999974301,11407.699999974242,18.100000000000122,114.99999999999561,18.100000000000122,0,72.74999999999801,0.25,0,60.00000000000044,56.00000000000023
J001740,2023-01-03/TMST,TMST,AMR_06,G20_15,WS_30_20,"[""123763""]",1,11188.59999997743,11652.799999970675,11610.799999971287,11188.59999997743,11498.299999972924,11502.349999972865,11600.699999971433,11600.749999971433,11610.749999971287,11610.799999971287,11648.749999970734,11652.799999970675,18.100000000000122,188.10000000000852,33.55000000000023,0,224.20000000001673,0.25,0,122.00000000000216,76.00000000000003
J001741,2023-01-03/TMST,TMST,AMR_39,G35_10,WS_30_20,"[""112284""]",1,11195.649999977328,11359.799999974939,11311.59999997564,11195.649999977328,11226.049999976885,11230.099999976826,11301.499999975787,11301.549999975787,11311.549999975641,11311.59999997564,11355.749999974998,11359.799999974939,18.100000000000122,103.74999999999625,18.150000000000123,0,23.900000000000205,0.25,0,20.0,84.00000000000024
J001742,2023-01-03/WTRG,WTRG,AMR_27,G30_15,WS_19_20,"[""140089""]",1,11207.099999977161,11561.149999972009,11482.79999997315,11207.099999977161,11394.199999974438,11398.24999997438,11472.699999973296,11472.749999973295,11482.74999997315,11482.79999997315,11557.099999972068,11561.149999972009,18.100000000000122,178.85000000000642,23.850000000000204,0,132.999999999996,0.25,0,130.00000000000196,68.0
J001743,2023-01-03/PULA,PULA,AMR_02,G21_9,WS_2_20,"[""107207""]",1,11210.499999977112,11550.09999997217,11443.049999973728,11210.499999977112,11340.299999975223,11344.349999975164,11432.949999973875,11432.999999973874,11442.999999973728,11443.049999973728,11546.049999972229,11550.09999997217,18.100000000000122,241.45000000002065,24.90000000000022,0,54.89999999999902,0.25,0,130.00000000000247,167.9999999999998
J001744,2023-01-03/TSDA,TSDA,AMR_13,G35_9,WS_8_20,"[""125547""]",1,11213.699999977065,11506.299999972807,11393.249999974452,11213.699999977065,11256.249999976446,11260.299999976387,11383.1499999746,11383.199999974599,11393.199999974453,11393.249999974452,11502.249999972866,11506.299999972807,18.100000000000122,172.10000000000488,13.350000000000055,0,88.7999999999971,0.25,0,36.00000000000003,159.9999999999973
J001745,2023-01-03/WAP2,WAP2,AMR_34,G26_2,WS_25_20,"[""110336""]",1,11220.24999997697,11453.099999973581,11334.149999975312,11220.24999997697,11253.24999997649,11257.29999997643,11324.04999997546,11324.099999975459,11334.099999975313,11334.149999975312,11449.04999997364,11453.099999973581,18.100000000000122,117.64999999999546,15.300000000000082,0,81.54999999999751,0.25,0,31.99999999999999,92.00000000000088
J001746,2023-01-03/TMST,TMST,AMR_19,G0_15,WS_30_20,"[""101181"", ""107312"", ""124702""]",3,11228.249999976853,11617.849999971184,11526.899999972507,11228.249999976853,11413.29999997416,11417.349999974102,11516.799999972654,11516.849999972654,11526.849999972508,11526.899999972507,11613.799999971243,11617.849999971184,18.100000000000122,243.15000000002104,26.750000000000245,0,101.34999999999638,0.25,0,128.00000000000173,151.99999999999756
J001747,2023-01-03/WTRG,WTRG,AMR_36,G21_8,WS_19_20,"[""107176""]",1,11232.399999976793,11542.299999972283,11386.049999974557,11232.399999976793,11261.799999976365,11265.849999976306,11375.949999974704,11375.999999974703,11385.999999974558,11386.049999974557,11538.249999972342,11542.299999972283,18.100000000000122,131.2999999999956,23.900000000000205,0,136.34999999999675,0.25,0,24.0,108.00000000000068
J001748,2023-01-03/WTRG,WTRG,AMR_07,G12_10,WS_19_20,"[""101218""]",2,11236.449999976734,11644.399999970798,11605.449999971364,11236.449999976734,11495.04999997297,11499.099999972912,11595.349999971511,11595.39999997151,11605.399999971365,11605.449999971364,11640.349999970857,11644.399999970798,18.100000000000122,199.65000000001115,33.45000000000024,0,156.50000000000134,0.25,0,128.0000000000014,76.00000000000071
J001749,2023-01-03/WAP2,WAP2,AMR_05,G35_8,WS_25_20,"[""110486""]",1,11249.349999976546,11409.999999974209,11318.049999975547,11249.349999976546,11249.349999976546,11253.399999976487,11307.949999975694,11307.999999975693,11317.999999975547,11318.049999975547,11405.949999974267,11409.999999974209,18.100000000000122,84.94999999999732,11.450000000000028,0,45.94999999999953,0.2,0,0.0,96.00000000000067
J001750,2023-01-03/TMST,TMST,AMR_16,G18_10,WS_30_20,"[""112070"", ""125194""]",2,11258.099999976419,11485.049999973116,11388.699999974519,11258.099999976419,11285.649999976018,11289.69999997596,11378.599999974665,11378.649999974665,11388.64999997452,11388.699999974519,11480.999999973175,11485.049999973116,18.100000000000122,104.34999999999621,12.35000000000004,0,91.89999999999692,0.25,0,10.0,96.00000000000009
J001751,2023-01-03/PULA,PULA,AMR_20,G23_13,WS_2_20,"[""110398""]",1,11261.549999976369,11728.149999969579,11664.999999970498,11261.549999976369,11585.84999997165,11589.89999997159,11654.899999970645,11654.949999970644,11664.949999970499,11664.999999970498,11724.099999969638,11728.149999969579,18.100000000000122,258.65000000002453,39.299999999999905,0,150.29999999999993,0.25,0,157.9999999999982,116.00000000000179
J001752,2023-01-03/WAP2,WAP2,AMR_15,G24_1,WS_25_20,"[""110357""]",1,11265.449999976312,11579.799999971738,11417.899999974094,11265.449999976312,11312.399999975629,11316.44999997557,11407.79999997424,11407.84999997424,11417.849999974094,11417.899999974094,11575.749999971797,11579.799999971738,18.100000000000122,144.19999999999854,20.05000000000015,0,131.7499999999957,0.25,0,45.99999999999997,116.00000000000162
J001753,2023-01-03/TMST,TMST,AMR_32,G29_15,WS_30_20,"[""112287""]",2,11275.099999976172,11501.199999972881,11484.299999973127,11275.099999976172,11429.349999973927,11433.399999973868,11474.199999973274,11474.249999973274,11484.249999973128,11484.299999973127,11497.14999997294,11501.199999972881,18.100000000000122,105.44999999999615,16.350000000000097,0,85.94999999999726,0.25,0,70.00000000000014,32.0
J001754,2023-01-03/WTRG,WTRG,AMR_11,G8_12,WS_19_20,"[""112010""]",1,11278.199999976126,11460.499999973474,11416.199999974118,11278.199999976126,11315.899999975578,11319.949999975519,11406.099999974265,11406.149999974265,11416.149999974119,11416.199999974118,11456.449999973533,11460.499999973474,18.100000000000122,116.19999999999554,15.300000000000082,0,32.450000000000294,0.25,0,30.0,92.00000000000111
J001755,2023-01-03/PULA,PULA,AMR_35,G23_12,WS_2_20,"[""111999""]",1,11287.799999975987,11718.199999969724,11590.59999997158,11287.799999975987,11396.299999974408,11400.349999974349,11580.499999971727,11580.549999971727,11590.549999971581,11590.59999997158,11714.149999969783,11718.199999969724,18.100000000000122,178.15000000000626,14.250000000000068,0,219.6500000000157,0.25,0,60.00000000000013,120.00000000000117
J001756,2023-01-03/WAP2,WAP2,AMR_09,G23_1,WS_25_20,"[""124008""]",3,11293.349999975906,11615.449999971219,11557.59999997206,11293.349999975906,11373.049999974746,11377.099999974687,11547.499999972208,11547.549999972207,11557.549999972061,11557.59999997206,11611.399999971278,11615.449999971219,18.100000000000122,156.3500000000013,16.250000000000096,0,131.14999999999557,0.25,0,74.00000000000003,100.00000000000128
J001757,2023-01-03/TSDA,TSDA,AMR_28,G33_12,WS_8_20,"[""112083""]",1,11324.349999975455,11731.849999969525,11511.799999972727,11324.349999975455,11365.099999974862,11369.149999974803,11501.699999972874,11501.749999972873,11511.749999972728,11511.799999972727,11727.799999969584,11731.849999969525,18.100000000000122,176.00000000000577,18.100000000000122,0,195.0500000000101,0.25,0,38.0,151.9999999999986
J001758,2023-01-03/TMST,TMST,AMR_22,G15_10,WS_30_20,"[""124826"", ""125463""]",2,11324.399999975454,11579.349999971744,11501.34999997288,11324.399999975454,11341.19999997521,11345.24999997515,11491.249999973026,11491.299999973025,11501.29999997288,11501.34999997288,11575.299999971803,11579.349999971744,18.100000000000122,122.64999999999517,19.150000000000137,0,94.79999999999676,0.25,0,6.0,120.00000000000003
J001759,2023-01-03/WTRG,WTRG,AMR_40,G29_10,WS_19_20,"[""110232""]",1,11325.999999975431,11573.199999971834,11499.699999972903,11325.999999975431,11417.699999974096,11421.749999974038,11489.59999997305,11489.64999997305,11499.649999972904,11499.699999972903,11569.149999971893,11573.199999971834,18.100000000000122,138.7999999999973,19.100000000000136,0,70.94999999999811,0.25,0,68.00000000000045,84.00000000000043
J001760,2023-01-03/PKMT,PKMT,AMR_03,G33_13,WS_13_20,"[""112432"", ""124208""]",2,11328.399999975396,11792.949999968636,11686.09999997019,11328.399999975396,11586.049999971647,11590.099999971588,11675.999999970338,11676.049999970337,11686.049999970191,11686.09999997019,11788.899999968695,11792.949999968636,18.100000000000122,203.30000000001198,32.600000000000286,0,210.30000000001357,0.25,0,86.00000000000036,124.00000000000027
J001761,2023-01-03/PULA,PULA,AMR_24,G24_8,WS_2_20,"[""101076""]",1,11355.999999974994,11615.699999971215,11536.199999972372,11355.999999974994,11434.499999973852,11438.549999973793,11526.099999972519,11526.149999972518,11536.149999972373,11536.199999972372,11611.649999971274,11615.699999971215,18.100000000000122,179.90000000000666,15.300000000000082,0,46.149999999999515,0.25,0,48.0000000000003,167.99999999999804
J001762,2023-01-03/WAP2,WAP2,AMR_39,G24_2,WS_25_20,"[""138468""]",1,11359.849999974938,11588.099999971617,11469.099999973349,11359.849999974938,11400.099999974353,11404.149999974294,11458.999999973496,11459.049999973495,11469.04999997335,11469.099999973349,11584.049999971676,11588.099999971617,18.100000000000122,123.04999999999515,15.250000000000082,0,71.59999999999808,0.25,0,38.0,96.00000000000108
J001763,2023-01-03/TSDA,TSDA,AMR_37,G34_2,WS_8_20,"[""101273""]",1,11363.749999974882,11638.449999970884,11543.699999972263,11363.749999974882,11389.9999999745,11394.04999997444,11533.59999997241,11533.64999997241,11543.649999972264,11543.699999972263,11634.399999970943,11638.449999970884,18.100000000000122,184.30000000000766,18.150000000000123,0,53.899999999999075,0.25,0,21.999999999999996,195.99999999999375
J001764,2023-01-03/WAP2,WAP2,AMR_01,G14_8,WS_25_20,"[""123130""]",2,11366.899999974836,11598.399999971467,11510.749999972742,11366.899999974836,11371.199999974773,11375.249999974714,11500.64999997289,11500.699999972889,11510.699999972743,11510.749999972742,11594.349999971526,11598.399999971467,18.100000000000122,118.5999999999954,13.350000000000055,0,81.19999999999753,0.25,0,2.0,124.00000000000088
J001765,2023-01-03/TMST,TMST,AMR_31,G20_14,WS_30_20,"[""110540""]",1,11367.649999974825,11510.499999972746,11467.199999973376,11367.649999974825,11387.649999974534,11391.699999974475,11457.099999973523,11457.149999973522,11467.149999973377,11467.199999973376,11506.449999972805,11510.499999972746,18.100000000000122,89.99999999999703,15.300000000000082,0,19.200000000000138,0.25,0,16.0,80.00000000000006
J001766,2023-01-03/PULA,PULA,AMR_21,G3_10,WS_2_20,"[""101024""]",1,11382.949999974602,11457.049999973524,11425.69999997398,11382.949999974602,11382.949999974602,11386.999999974543,11415.599999974127,11415.649999974126,11425.64999997398,11425.69999997398,11452.999999973583,11457.049999973524,18.100000000000122,46.64999999999949,5.699999999999988,0,3.4499999999999957,0.2,0,0.0,52.0000000000004
J001767,2023-01-03/WTRG,WTRG,AMR_29,G6_13,WS_19_20,"[""124208""]",1,11388.899999974516,11770.849999968957,11690.149999970132,11388.899999974516,11561.399999972005,11565.449999971946,11680.049999970279,11680.099999970278,11690.099999970133,11690.149999970132,11766.799999969016,11770.849999968957,18.100000000000122,143.39999999999836,21.100000000000165,0,199.10000000001102,0.25,0,64.00000000000091,88.00000000000094
J001768,2023-01-03/WAP2,WAP2,AMR_33,G6_9,WS_25_20,"[""110174""]",1,11392.949999974457,11886.649999967272,11764.349999969052,11392.949999974457,11586.49999997164,11590.549999971581,11754.249999969199,11754.299999969198,11764.299999969053,11764.349999969052,11882.599999967331,11886.649999967272,18.100000000000122,185.05000000000783,21.950000000000177,0,268.35000000002674,0.25,0,70.0000000000008,132.00000000000082
J001769,2023-01-03/TMST,TMST,AMR_14,G36_10,WS_30_20,"[""124230""]",1,11398.999999974369,11643.149999970816,11593.599999971537,11398.999999974369,11539.949999972318,11543.999999972259,11583.499999971684,11583.549999971683,11593.549999971538,11593.599999971537,11639.099999970875,11643.149999970816,18.100000000000122,144.24999999999855,20.05000000000015,0,61.49999999999864,0.25,0,84.00000000000041,72.00000000000043
J001770,2023-01-03/PULA,PULA,AMR_10,G14_14,WS_2_20,"[""110603""]",1,11407.749999974241,11603.349999971395,11553.049999972127,11407.749999974241,11492.34999997301,11496.399999972951,11542.949999972274,11542.999999972273,11552.999999972128,11553.049999972127,11599.299999971454,11603.349999971395,18.100000000000122,100.54999999999643,14.350000000000069,0,62.349999999998595,0.25,0,26.0,76.00000000000082
J001771,2023-01-03/TSDA,TSDA,AMR_05,G35_8,WS_8_20,"[""101202""]",1,11410.049999974208,11695.09999997006,11527.749999972495,11410.049999974208,11410.049999974208,11414.099999974149,11517.649999972642,11517.699999972641,11527.699999972496,11527.749999972495,11691.049999970119,11695.09999997006,18.100000000000122,147.84999999999937,13.350000000000055,0,105.54999999999615,0.2,0,0.0,163.9999999999968
J001772,2023-01-03/WTRG,WTRG,AMR_25,G5_13,WS_19_20,"[""101109""]",1,11410.199999974206,11686.299999970188,11622.349999971118,11410.199999974206,11490.94999997303,11494.999999972972,11612.249999971265,11612.299999971265,11622.29999997112,11622.349999971118,11682.249999970247,11686.299999970188,18.100000000000122,149.2999999999997,19.150000000000137,0,89.29999999999707,0.25,0,64.00000000000088,100.0000000000012
J001773,2023-01-03/WAP2,WAP2,AMR_18,G3_14,WS_25_20,"[""110518""]",1,11422.199999974031,11842.349999967917,11737.499999969443,11422.199999974031,11590.59999997158,11594.649999971522,11727.39999996959,11727.449999969589,11737.449999969444,11737.499999969443,11838.299999967976,11842.349999967917,18.100000000000122,188.35000000000858,22.10000000000018,0,191.35000000000926,0.25,0,86.00000000000118,120.00000000000087
J001774,2023-01-03/PULA,PULA,AMR_23,G23_5,WS_2_20,"[""111252""]",2,11434.099999973858,11679.24999997029,11607.499999971335,11434.099999973858,11489.449999973052,11493.499999972993,11597.399999971482,11597.44999997148,11607.449999971335,11607.499999971335,11675.19999997035,11679.24999997029,18.100000000000122,184.25000000000765,17.20000000000011,0,25.350000000000225,0.25,0,54.000000000000135,175.99999999999696
J001775,2023-01-03/WTRG,WTRG,AMR_30,G29_7,WS_19_20,"[""110322""]",2,11438.949999973787,11759.64999996912,11656.449999970622,11438.949999973787,11550.249999972168,11554.299999972109,11646.34999997077,11646.399999970768,11656.399999970623,11656.449999970622,11755.59999996918,11759.64999996912,18.100000000000122,192.95000000000962,27.80000000000026,0,81.59999999999751,0.25,0,94.00000000000136,120.00000000000105
J001776,2023-01-03/WAP2,WAP2,AMR_12,G3_9,WS_25_20,"[""110349""]",2,11449.499999973634,11864.749999967591,11709.449999969851,11449.499999973634,11556.749999972073,11560.799999972014,11699.349999969998,11699.399999969997,11709.399999969852,11709.449999969851,11860.69999996765,11864.749999967591,18.100000000000122,185.15000000000785,19.100000000000136,0,192.65000000000956,0.25,0,56.00000000000081,147.99999999999864
J001777,2023-01-03/PULA,PULA,AMR_34,G24_6,WS_2_20,"[""110521""]",1,11453.14999997358,11726.7499999696,11630.949999970993,11453.14999997358,11470.299999973331,11474.349999973272,11620.84999997114,11620.89999997114,11630.899999970994,11630.949999970993,11722.699999969658,11726.7499999696,18.100000000000122,186.45000000000815,23.000000000000192,0,45.799999999999535,0.25,0,12.0,207.99999999999298
J001778,2023-01-03/TMST,TMST,AMR_38,G23_10,WS_30_20,"[""107333""]",1,11467.249999973375,11697.899999970019,11644.89999997079,11467.249999973375,11543.549999972265,11547.599999972206,11634.799999970937,11634.849999970937,11644.849999970791,11644.89999997079,11693.849999970078,11697.899999970019,18.100000000000122,94.94999999999675,16.250000000000096,0,101.0999999999964,0.25,0,22.0,76.00000000000048
J001779,2023-01-03/WAP2,WAP2,AMR_21,G0_8,WS_25_20,"[""110446""]",1,11469.149999973348,11862.249999967627,11689.099999970147,11469.149999973348,11490.049999973044,11494.099999972985,11678.999999970294,11679.049999970293,11689.049999970148,11689.099999970147,11858.199999967686,11862.249999967627,18.100000000000122,156.55000000000135,20.05000000000015,0,198.1500000000108,0.25,0,14.000000000000002,155.99999999999847
J001780,2023-01-03/WTRG,WTRG,AMR_11,G6_10,WS_19_20,"[""101221""]",1,11482.849999973148,11708.599999969863,11639.39999997087,11482.849999973148,11496.299999972953,11500.349999972894,11629.299999971017,11629.349999971017,11639.349999970871,11639.39999997087,11704.549999969922,11708.599999969863,18.100000000000122,104.79999999999619,12.35000000000004,0,90.24999999999702,0.25,0,8.0,100.00000000000114
J001781,2023-01-03/TMST,TMST,AMR_26,G23_9,WS_30_20,"[""124896""]",1,11484.349999973127,11707.549999969879,11661.949999970542,11484.349999973127,11567.749999971913,11571.799999971854,11651.84999997069,11651.899999970688,11661.899999970543,11661.949999970542,11703.499999969938,11707.549999969879,18.100000000000122,133.4999999999961,21.050000000000164,0,50.29999999999928,0.25,0,62.000000000000455,80.00000000000054
J001782,2023-01-03/WTRG,WTRG,AMR_16,G32_9,WS_19_20,"[""122814""]",1,11499.749999972903,11801.749999968508,11673.499999970374,11499.749999972903,11563.249999971978,11567.29999997192,11663.399999970521,11663.44999997052,11673.449999970375,11673.499999970374,11797.699999968567,11801.749999968508,18.100000000000122,155.8500000000012,18.100000000000122,0,109.69999999999591,0.25,0,58.00000000000041,100.00000000000028
J001783,2023-01-03/TMST,TMST,AMR_32,G38_9,WS_30_20,"[""112431""]",1,11501.399999972879,11694.849999970063,11627.849999971038,11501.399999972879,11548.249999972197,11552.299999972138,11617.749999971185,11617.799999971185,11627.79999997104,11627.849999971038,11690.799999970122,11694.849999970063,18.100000000000122,110.09999999999589,14.350000000000069,0,50.64999999999926,0.25,0,38.00000000000004,80.00000000000058
J001784,2023-01-03/TMST,TMST,AMR_31,G17_14,WS_30_20,"[""110572""]",1,11526.949999972507,11845.54999996787,11747.199999969302,11526.949999972507,11603.449999971393,11607.499999971335,11737.099999969449,11737.149999969448,11747.149999969302,11747.199999969302,11841.49999996793,11845.54999996787,18.100000000000122,120.04999999999532,19.150000000000137,0,161.05000000000237,0.25,0,26.0,92.0
J001785,2023-01-03/PULA,PULA,AMR_13,G26_8,WS_2_20,"[""107175""]",1,11536.249999972371,11757.549999969151,11682.04999997025,11536.249999972371,11581.449999971714,11585.499999971655,11671.949999970397,11671.999999970396,11681.99999997025,11682.04999997025,11753.49999996921,11757.549999969151,18.100000000000122,151.60000000000022,15.300000000000082,0,36.05000000000009,0.25,0,32.0,148.0000000000006
J001786,2023-01-03/PULA,PULA,AMR_36,G21_8,WS_2_20,"[""113203""]",2,11553.099999972126,11739.849999969409,11648.199999970742,11553.099999972126,11553.099999972126,11557.149999972067,11638.09999997089,11638.149999970889,11648.149999970743,11648.199999970742,11735.799999969468,11739.849999969409,18.100000000000122,126.74999999999494,13.350000000000055,0,28.350000000000268,0.2,0,0.0,136.00000000000145
J001787,2023-01-03/PULA,PULA,AMR_39,G24_2,WS_2_20,"[""138468""]",1,11590.64999997158,11771.99999996894,11699.349999969998,11590.64999997158,11590.64999997158,11594.69999997152,11689.249999970145,11689.299999970144,11699.299999969999,11699.349999969998,11767.949999969,11771.99999996894,18.100000000000122,137.24999999999696,8.549999999999986,0,17.25000000000011,0.2,0,0.0,175.99999999999727
J001788,2023-01-03/TMST,TMST,AMR_02,G23_6,WS_30_20,"[""101065""]",1,11593.649999971536,11749.499999969268,11696.049999970046,11593.649999971536,11613.099999971253,11617.149999971194,11685.949999970193,11685.999999970192,11695.999999970047,11696.049999970046,11745.449999969327,11749.499999969268,18.100000000000122,102.69999999999631,15.300000000000082,0,19.500000000000142,0.25,0,10.0,100.00000000000037
J001789,2023-01-03/WTRG,WTRG,AMR_01,G14_8,WS_19_20,"[""112372""]",1,11605.499999971364,11777.099999968867,11724.099999969638,11605.499999971364,11605.499999971364,11609.549999971305,11713.999999969785,11714.049999969784,11724.049999969639,11724.099999969638,11773.049999968925,11777.099999968867,18.100000000000122,80.84999999999755,11.450000000000028,0,60.99999999999867,0.2,0,0.0,84.00000000000091
J001790,2023-01-03/PULA,PULA,AMR_27,G30_15,WS_2_20,"[""140089""]",1,11607.549999971334,11806.749999968435,11718.049999969726,11607.549999971334,11607.549999971334,11611.599999971275,11707.949999969873,11707.999999969872,11717.999999969727,11718.049999969726,11802.699999968494,11806.749999968435,18.100000000000122,113.64999999999569,7.649999999999981,0,59.59999999999875,0.2,0,0.0,136.00000000000193
J001791,2023-01-03/TMST,TMST,AMR_40,G32_4,WS_30_20,"[""110483""]",1,11610.849999971286,11755.899999969175,11713.099999969798,11610.849999971286,11636.249999970916,11640.299999970857,11702.999999969945,11703.049999969944,11713.049999969799,11713.099999969798,11751.849999969234,11755.899999969175,18.100000000000122,91.94999999999692,13.350000000000055,0,21.40000000000017,0.25,0,22.00000000000003,80.000000000001
J001792,2023-01-03/TSDA,TSDA,AMR_19,G0_15,WS_8_20,"[""110254"", ""110519""]",2,11617.899999971183,11700.59999996998,11669.399999970434,11617.899999971183,11617.899999971183,11621.949999971124,11659.29999997058,11659.34999997058,11669.349999970435,11669.399999970434,11696.549999970039,11700.59999996998,18.100000000000122,52.59999999999915,7.649999999999981,0,4.149999999999993,0.2,0,0.0,60.000000000000355
J001793,2023-01-03/WTRG,WTRG,AMR_17,G26_9,WS_19_20,"[""123788""]",1,11622.399999971118,11789.349999968688,11707.049999969886,11622.399999971118,11622.399999971118,11626.449999971059,11696.949999970033,11696.999999970032,11706.999999969887,11707.049999969886,11785.299999968747,11789.349999968688,18.100000000000122,78.34999999999769,11.450000000000028,0,58.84999999999879,0.2,0,0.0,76.00000000000051
J001794,2023-01-03/TMST,TMST,AMR_04,G33_14,WS_30_20,"[""110536""]",1,11627.899999971038,11712.549999969806,11678.999999970294,11627.899999971038,11627.899999971038,11631.949999970979,11668.899999970441,11668.94999997044,11678.949999970295,11678.999999970294,11708.499999969865,11712.549999969806,18.100000000000122,48.49999999999938,9.55,0,8.299999999999983,0.2,0,0.0,48.000000000000114
J001795,2023-01-03/PULA,PULA,AMR_24,G30_13,WS_2_20,"[""110594""]",1,11630.999999970993,12025.849999965247,11886.899999967269,11630.999999970993,11689.799999970137,11693.849999970078,11876.799999967416,11876.849999967415,11886.84999996727,11886.899999967269,12021.799999965306,12025.849999965247,18.100000000000122,169.85000000000437,19.100000000000136,0,187.5500000000084,0.25,0,26.0,155.9999999999982
J001796,2023-01-03/WTRG,WTRG,AMR_08,G3_13,WS_19_20,"[""127405""]",1,11639.44999997087,11816.249999968297,11769.199999968982,11639.44999997087,11671.899999970397,11675.949999970338,11759.099999969128,11759.149999969128,11769.149999968982,11769.199999968982,11812.199999968356,11816.249999968297,18.100000000000122,110.99999999999584,15.300000000000082,0,32.15000000000031,0.25,0,19.999999999999996,100.0000000000013
J001797,2023-01-03/TMST,TMST,AMR_22,G17_10,WS_30_20,"[""107232""]",1,11644.94999997079,11866.999999967558,11730.14999996955,11644.94999997079,11651.299999970697,11655.349999970638,11720.049999969697,11720.099999969696,11730.09999996955,11730.14999996955,11862.949999967617,11866.999999967558,18.100000000000122,101.89999999999635,12.400000000000041,0,89.39999999999706,0.25,0,4.0,100.00000000000034
J001798,2023-01-03/PULA,PULA,AMR_14,G29_8,WS_2_20,"[""112379""]",1,11648.249999970742,12001.099999965607,11869.849999967517,11648.249999970742,11677.149999970321,11681.199999970262,11859.749999967664,11859.799999967663,11869.799999967518,11869.849999967517,11997.049999965666,12001.099999965607,18.100000000000122,172.25000000000492,20.05000000000015,0,142.19999999999808,0.25,0,26.0,163.99999999999815
J001799,2023-01-03/WTRG,WTRG,AMR_37,G35_10,WS_19_20,"[""112288""]",1,11656.499999970622,11843.999999967893,11751.899999969233,11656.499999970622,11674.799999970355,11678.849999970296,11741.79999996938,11741.84999996938,11751.849999969234,11751.899999969233,11839.949999967952,11843.999999967893,18.100000000000122,116.54999999999552,12.400000000000041,0,40.199999999999854,0.25,0,18.0,108.00000000000024
J001800,2023-01-03/TMST,TMST,AMR_07,G17_9,WS_30_20,"[""134546""]",1,11661.999999970541,11956.349999966258,11869.299999967525,11661.999999970541,11687.049999970177,11691.099999970118,11859.199999967672,11859.249999967671,11869.249999967526,11869.299999967525,11952.299999966317,11956.349999966258,18.100000000000122,143.69999999999843,23.000000000000192,0,109.29999999999593,0.25,0,16.0,132.00000000000043
J001801,2023-01-03/PULA,PULA,AMR_09,G27_2,WS_2_20,"[""101177""]",1,11665.049999970497,11897.79999996711,11807.74999996842,11665.049999970497,11688.699999970153,11692.749999970094,11797.649999968567,11797.699999968567,11807.699999968421,11807.74999996842,11893.749999967169,11897.79999996711,18.100000000000122,168.30000000000402,18.150000000000123,0,27.950000000000262,0.25,0,17.999999999999996,187.99999999999554
J001802,2023-01-03/WJGK,WJGK,AMR_10,G11_9,WS_8_20,"[""101146"", ""111376"", ""125639""]",3,11669.449999970433,11803.64999996848,11739.499999969414,11669.449999970433,11697.699999970022,11701.749999969963,11729.39999996956,11729.44999996956,11739.449999969414,11739.499999969414,11799.59999996854,11803.64999996848,18.100000000000122,78.0999999999977,13.400000000000055,0,24.35000000000021,0.25,0,20.0,64.0000000000006
J001803,2023-01-03/WJGK,WJGK,AMR_06,G9_10,WS_8_20,"[""107238"", ""125583""]",4,11669.449999970433,11791.549999968656,11755.449999969182,11669.449999970433,11704.64999996992,11708.699999969862,11745.349999969329,11745.399999969328,11755.399999969182,11755.449999969182,11787.499999968715,11791.549999968656,18.100000000000122,80.39999999999758,11.450000000000028,0,11.900000000000034,0.25,0,32.0,56.00000000000044
J001804,2023-01-03/WJGK,WJGK,AMR_15,G3_10,WS_8_20,"[""110386"", ""110561""]",4,11669.449999970433,11845.799999967867,11800.89999996852,11669.449999970433,11723.94999996964,11727.999999969581,11790.799999968667,11790.849999968666,11800.849999968521,11800.89999996852,11841.749999967926,11845.799999967867,18.100000000000122,132.44999999999587,17.20000000000011,0,8.349999999999984,0.25,0,64.00000000000108,92.000000000001
J001805,2023-01-03/WJGK,WJGK,AMR_23,G26_13,WS_8_20,"[""107276"", ""110161""]",2,11679.29999997029,11916.249999966842,11834.849999968026,11679.29999997029,11716.999999969741,11721.049999969682,11824.749999968173,11824.799999968172,11834.799999968027,11834.849999968026,11912.1999999669,11916.249999966842,18.100000000000122,126.24999999999497,15.300000000000082,0,77.04999999999777,0.25,0,26.0,108.00000000000094
J001806,2023-01-03/SS14,SS14,AMR_25,G29_15,WS_13_20,"[""110342"", ""112287""]",2,11686.349999970187,11992.799999965728,11939.6999999665,11686.349999970187,11783.74999996877,11787.79999996871,11929.599999966647,11929.649999966647,11939.649999966501,11939.6999999665,11988.749999965787,11992.799999965728,18.100000000000122,145.59999999999886,16.250000000000096,0,126.24999999999497,0.25,0,60.0,92.00000000000017
J001807,2023-01-03/SS14,SS14,AMR_32,G15_14,WS_13_20,"[""110299""]",1,11694.899999970063,11989.14999996578,11956.749999966252,11694.899999970063,11882.899999967327,11886.949999967268,11946.6499999664,11946.699999966399,11956.699999966253,11956.749999966252,11985.09999996584,11989.14999996578,18.100000000000122,154.6000000000009,24.90000000000022,0,96.39999999999667,0.25,0,124.00000000000148,44.000000000000256
J001808,2023-01-03/SS14,SS14,AMR_05,G12_12,WS_13_20,"[""107328""]",1,11695.149999970059,12065.799999964665,12034.949999965114,11695.149999970059,11903.549999967026,11907.599999966968,12024.849999965261,12024.89999996526,12034.899999965115,12034.949999965114,12061.749999964724,12065.799999964665,18.100000000000122,177.55000000000612,24.850000000000218,0,149.89999999999984,0.25,0,134.00000000000142,48.0000000000003
J001809,2023-01-03/SS14,SS14,AMR_38,G18_13,WS_13_20,"[""110178""]",1,11697.949999970018,11964.44999996614,11888.549999967245,11697.949999970018,11833.24999996805,11837.29999996799,11878.449999967392,11878.499999967391,11888.499999967245,11888.549999967245,11960.3999999662,11964.44999996614,18.100000000000122,148.69999999999956,28.700000000000273,0,70.74999999999812,0.25,0,88.00000000000102,64.00000000000026
J001810,2023-01-03/WAP2,WAP2,AMR_19,G0_15,WS_25_20,"[""107312""]",1,11700.649999969979,11895.999999967136,11808.349999968412,11700.649999969979,11700.649999969979,11704.69999996992,11798.249999968559,11798.299999968558,11808.299999968413,11808.349999968412,11891.949999967195,11895.999999967136,18.100000000000122,110.74999999999585,7.649999999999981,0,58.649999999998805,0.2,0,0.0,128.0000000000011
J001811,2023-01-03/WTRG,WTRG,AMR_26,G17_1,WS_19_20,"[""124008""]",2,11707.599999969878,11872.949999967472,11826.499999968148,11707.599999969878,11738.499999969428,11742.54999996937,11816.399999968295,11816.449999968294,11826.449999968148,11826.499999968148,11868.89999996753,11872.949999967472,18.100000000000122,109.9499999999959,13.350000000000055,0,23.700000000000202,0.25,0,31.99999999999993,100.00000000000131
J001812,2023-01-03/TMST,TMST,AMR_11,G35_8,WS_30_20,"[""107327""]",1,11708.649999969863,11944.799999966426,11903.399999967029,11708.649999969863,11795.949999968592,11799.999999968533,11893.299999967176,11893.349999967175,11903.34999996703,11903.399999967029,11940.749999966485,11944.799999966426,18.100000000000122,132.0999999999958,14.300000000000068,0,71.39999999999809,0.25,0,82.00000000000037,72.00000000000061
J001813,2023-01-03/PULA,PULA,AMR_04,G33_14,WS_2_20,"[""110536""]",1,11712.599999969805,12158.649999963314,12003.049999965579,11712.599999969805,11712.599999969805,11716.649999969746,11992.949999965726,11992.999999965725,12002.99999996558,12003.049999965579,12154.599999963373,12158.649999963314,18.100000000000122,192.70000000000957,19.100000000000136,0,215.95000000001485,0.2,0,0.0,211.99999999999275
J001814,2023-01-03/WJGK,WJGK,AMR_35,G27_12,WS_8_20,"[""109843"", ""112394""]",2,11718.249999969723,11999.149999965635,11877.14999996741,11718.249999969723,11744.399999969342,11748.449999969283,11867.049999967558,11867.099999967557,11877.099999967411,11877.14999996741,11995.099999965694,11999.149999965635,18.100000000000122,147.24999999999923,14.300000000000068,0,100.9999999999964,0.25,0,12.0,140.00000000000085
J001815,2023-01-03/WTRG,WTRG,AMR_34,G32_6,WS_19_20,"[""112334""]",1,11726.799999969599,11989.14999996578,11927.149999966683,11726.799999969599,11767.049999969013,11771.099999968954,11917.04999996683,11917.09999996683,11927.099999966684,11927.149999966683,11985.09999996584,11989.14999996578,18.100000000000122,125.24999999999503,15.300000000000082,0,103.44999999999627,0.25,0,28.000000000000007,112.00000000000074
J001816,2023-01-03/SS14,SS14,AMR_20,G14_10,WS_13_20,"[""101276""]",1,11728.199999969578,11903.199999967032,11860.199999967657,11728.199999969578,11797.749999968566,11801.799999968507,11850.099999967804,11850.149999967804,11860.149999967658,11860.199999967657,11899.14999996709,11903.199999967032,18.100000000000122,82.39999999999746,13.350000000000055,0,60.89999999999868,0.25,0,24.0,56.00000000000027
J001817,2023-01-03/TMST,TMST,AMR_28,G29_2,WS_30_20,"[""110585""]",1,11731.899999969524,11904.299999967016,11851.949999967777,11731.899999969524,11772.09999996894,11776.14999996888,11841.849999967924,11841.899999967924,11851.899999967778,11851.949999967777,11900.249999967074,11904.299999967016,18.100000000000122,122.1999999999952,16.200000000000095,0,15.650000000000087,0.25,0,32.0,108.00000000000158
J001818,2023-01-03/PULA,PULA,AMR_36,G28_2,WS_2_20,"[""134599""]",1,11739.899999969408,11983.499999965863,11903.94999996702,11739.899999969408,11774.949999968898,11778.999999968839,11893.849999967168,11893.899999967167,11903.899999967021,11903.94999996702,11979.449999965922,11983.499999965863,18.100000000000122,173.20000000000513,16.250000000000096,0,35.800000000000104,0.25,0,25.99999999999999,191.99999999999463
J001819,2023-01-03/TMST,TMST,AMR_02,G21_8,WS_30_20,"[""113203""]",1,11749.549999969267,11981.399999965894,11920.44999996678,11749.549999969267,11765.699999969032,11769.749999968973,11910.349999966927,11910.399999966927,11920.399999966781,11920.44999996678,11977.349999965953,11981.399999965894,18.100000000000122,100.24999999999645,17.20000000000011,0,96.04999999999669,0.25,0,8.0,92.00000000000043
J001820,2023-01-03/WJGK,WJGK,AMR_40,G26_2,WS_8_20,"[""110502"", ""123094""]",2,11755.949999969174,12035.19999996511,11957.299999966244,11755.949999969174,11813.449999968338,11817.499999968279,11947.199999966391,11947.24999996639,11957.249999966245,11957.299999966244,12031.14999996517,12035.19999996511,18.100000000000122,175.3000000000056,19.000000000000135,0,66.59999999999836,0.25,0,52.000000000000604,152.0000000000003
J001821,2023-01-03/WTRG,WTRG,AMR_13,G24_1,WS_19_20,"[""110357""]",3,11757.59999996915,11934.599999966575,11872.449999967479,11757.59999996915,11794.449999968614,11798.499999968555,11862.349999967626,11862.399999967625,11872.39999996748,11872.449999967479,11930.549999966634,11934.599999966575,18.100000000000122,124.39999999999507,18.150000000000123,0,16.100000000000094,0.25,0,29.999999999999943,108.00000000000134
J001822,2023-01-03/TMST,TMST,AMR_30,G31_2,WS_30_20,"[""110847""]",1,11759.69999996912,11932.499999966605,11886.349999967277,11759.69999996912,11787.949999968709,11791.99999996865,11876.249999967424,11876.299999967423,11886.299999967277,11886.349999967277,11928.449999966664,11932.499999966605,18.100000000000122,94.19999999999679,12.450000000000042,0,47.79999999999942,0.25,0,17.999999999999996,84.00000000000114
J001823,2023-01-03/WTRG,WTRG,AMR_29,G32_4,WS_19_20,"[""110483""]",1,11770.899999968957,12078.749999964477,11944.099999966436,11770.899999968957,11853.649999967753,11857.699999967694,11933.999999966583,11934.049999966583,11944.049999966437,11944.099999966436,12074.699999964536,12078.749999964477,18.100000000000122,176.05000000000578,17.20000000000011,0,96.24999999999667,0.25,0,74.00000000000037,124.00000000000085
J001824,2023-01-03/WJGK,WJGK,AMR_39,G35_14,WS_8_20,"[""110262"", ""110484""]",2,11772.04999996894,12352.849999960488,11973.249999966012,11772.04999996894,11827.549999968132,11831.599999968073,11963.14999996616,11963.199999966158,11973.199999966013,11973.249999966012,12348.799999960547,12352.849999960488,18.100000000000122,223.50000000001657,23.850000000000204,0,315.10000000003737,0.25,0,46.000000000000455,183.99999999999616
J001825,2023-01-03/WTRG,WTRG,AMR_01,G24_2,WS_19_20,"[""138468""]",1,11777.149999968866,12075.249999964528,11978.19999996594,11777.149999968866,11885.49999996729,11889.54999996723,11968.099999966087,11968.149999966086,11978.14999996594,11978.19999996594,12071.199999964587,12075.249999964528,18.100000000000122,171.2500000000047,23.850000000000204,0,84.64999999999733,0.25,0,84.00000000000097,100.00000000000072
J001826,2023-01-03/SS14,SS14,AMR_17,G6_13,WS_13_20,"[""124208""]",1,11789.399999968688,11957.799999966237,11922.349999966753,11789.399999968688,11866.949999967559,11870.9999999675,11912.2499999669,11912.2999999669,11922.299999966754,11922.349999966753,11953.749999966296,11957.799999966237,18.100000000000122,102.9499999999963,15.300000000000082,0,31.800000000000317,0.25,0,48.00000000000031,64.00000000000058
J001827,2023-01-03/PULA,PULA,AMR_06,G33_8,WS_2_20,"[""110522""]",1,11791.599999968656,12161.949999963266,12063.349999964701,11791.599999968656,11915.399999966854,11919.449999966795,12053.249999964848,12053.299999964847,12063.299999964702,12063.349999964701,12157.899999963325,12161.949999963266,18.100000000000122,243.15000000002104,22.90000000000019,0,85.94999999999726,0.25,0,92.00000000000067,203.9999999999927
J001828,2023-01-03/TMST,TMST,AMR_03,G17_7,WS_30_20,"[""107266""]",1,11792.999999968635,12031.84999996516,11953.4999999663,11792.999999968635,11867.59999996755,11871.64999996749,11943.399999966447,11943.449999966446,11953.4499999663,11953.4999999663,12027.799999965218,12031.84999996516,18.100000000000122,159.65000000000205,17.20000000000011,0,43.64999999999966,0.25,0,52.000000000000234,136.00000000000037
J001829,2023-01-03/WJGK,WJGK,AMR_16,G8_15,WS_8_20,"[""115951""]",1,11801.799999968507,12030.599999965178,12005.149999965548,11801.799999968507,11935.899999966556,11939.949999966497,11995.049999965695,11995.099999965694,12005.099999965549,12005.149999965548,12026.549999965237,12030.599999965178,18.100000000000122,128.2499999999949,22.000000000000178,0,60.19999999999872,0.25,0,104.00000000000125,36.0
J001830,2023-01-03/WTRG,WTRG,AMR_10,G35_7,WS_19_20,"[""120778""]",1,11803.69999996848,12031.949999965158,11961.149999966188,11803.69999996848,11868.799999967532,11872.849999967473,11951.049999966335,11951.099999966335,11961.099999966189,11961.149999966188,12027.899999965217,12031.949999965158,18.100000000000122,162.60000000000272,17.20000000000011,0,30.100000000000293,0.25,0,72.00000000000023,120.00000000000065
J001831,2023-01-03/WJGK,WJGK,AMR_27,G30_15,WS_8_20,"[""110609"", ""140089""]",2,11806.799999968434,12194.69999996279,11941.299999966477,11806.799999968434,11806.799999968434,11810.849999968375,11931.199999966624,11931.249999966623,11941.249999966478,11941.299999966477,12190.649999962849,12194.69999996279,18.100000000000122,143.0999999999983,21.000000000000163,0,205.50000000001248,0.2,0,0.0,136.00000000000006
J001832,2023-01-03/WMTK,WMTK,AMR_08,G20_7,WS_25_20,"[""107326"", ""110422"", ""111833""]",3,11816.299999968296,12040.04999996504,11959.59999996621,11816.299999968296,11884.549999967303,11888.599999967244,11949.499999966358,11949.549999966357,11959.549999966212,11959.59999996621,12035.999999965099,12040.04999996504,18.100000000000122,132.1999999999958,19.150000000000137,0,54.049999999999066,0.25,0,66.00000000000102,88.00000000000048
J001833,2023-01-03/WMTK,WMTK,AMR_18,G21_10,WS_25_20,"[""107254"", ""121904""]",2,11842.399999967916,12303.9999999612,12266.14999996175,11842.399999967916,12210.649999962558,12214.699999962499,12256.049999961897,12256.099999961896,12266.09999996175,12266.14999996175,12299.949999961258,12303.9999999612,18.100000000000122,148.09999999999943,23.850000000000204,0,271.3000000000274,0.25,0,80.0000000000004,64.00000000000031
J001834,2023-01-03/WMTK,WMTK,AMR_37,G9_10,WS_25_20,"[""107238"", ""112359""]",2,11844.049999967892,12205.049999962639,12071.799999964578,11844.049999967892,11914.799999966863,11918.849999966804,12061.699999964725,12061.749999964724,12071.749999964579,12071.799999964578,12200.999999962698,12205.049999962639,18.100000000000122,167.00000000000372,16.200000000000095,0,159.450000000002,0.25,0,56.00000000000058,124.00000000000091
J001835,2023-01-03/WMTK,WMTK,AMR_31,G9_9,WS_25_20,"[""110703"", ""131590""]",2,11845.59999996787,12229.099999962289,12033.84999996513,11845.59999996787,11881.249999967351,11885.299999967292,12023.749999965277,12023.799999965277,12033.799999965131,12033.84999996513,12225.049999962348,12229.099999962289,18.100000000000122,155.70000000000115,24.90000000000022,0,184.5500000000077,0.25,0,26.0,136.00000000000017
J001836,2023-01-03/WMTK,WMTK,AMR_15,G6_10,WS_25_20,"[""107263"", ""112294""]",2,11845.849999967866,12155.899999963354,11989.349999965778,11845.849999967866,11865.749999967577,11869.799999967518,11979.249999965925,11979.299999965924,11989.299999965779,11989.349999965778,12151.849999963413,12155.899999963354,18.100000000000122,141.4499999999979,19.100000000000136,0,131.14999999999557,0.25,0,10.0,135.99999999999966
J001837,2023-01-03/SS14,SS14,AMR_21,G14_9,WS_13_20,"[""110227""]",1,11862.299999967627,12185.349999962926,12051.899999964868,11862.299999967627,11909.949999966933,11913.999999966874,12041.799999965015,12041.849999965014,12051.849999964868,12051.899999964868,12181.299999962985,12185.349999962926,18.100000000000122,133.74999999999616,24.90000000000022,0,146.04999999999896,0.25,0,50.000000000000455,84.00000000000063
J001838,2023-01-03/PULA,PULA,AMR_12,G35_12,WS_2_20,"[""110592""]",1,11864.79999996759,12383.64999996004,12283.599999961496,11864.79999996759,11966.799999966106,11970.849999966047,12273.499999961643,12273.549999961642,12283.549999961497,12283.599999961496,12379.599999960099,12383.64999996004,18.100000000000122,253.65000000002343,19.050000000000136,0,227.80000000001755,0.25,0,102.00000000000088,199.99999999999457
J001839,2023-01-03/TMST,TMST,AMR_22,G15_9,WS_30_20,"[""111331""]",1,11867.049999967558,12106.74999996407,11994.6999999657,11867.049999967558,11879.19999996738,11883.249999967322,11984.599999965847,11984.649999965846,11994.6499999657,11994.6999999657,12102.699999964128,12106.74999996407,18.100000000000122,121.99999999999521,18.150000000000123,0,81.19999999999753,0.25,0,6.0,124.00000000000063
J001840,2023-01-03/WTRG,WTRG,AMR_26,G3_10,WS_19_20,"[""110561""]",1,11872.999999967471,12269.299999961704,12054.999999964823,11872.999999967471,11917.349999966826,11921.399999966767,12044.89999996497,12044.949999964969,12054.949999964823,12054.999999964823,12265.249999961763,12269.299999961704,18.100000000000122,165.1000000000033,21.950000000000177,0,190.90000000000916,0.25,0,50.0000000000006,120.0000000000008
J001841,2023-01-03/WJGK,WJGK,AMR_33,G5_14,WS_8_20,"[""107204""]",1,11886.699999967272,12019.949999965333,11989.19999996578,11886.699999967272,11914.94999996686,11918.999999966802,11979.099999965927,11979.149999965926,11989.14999996578,11989.19999996578,12015.899999965392,12019.949999965333,18.100000000000122,76.24999999999781,17.20000000000011,0,21.45000000000017,0.25,0,19.999999999999986,52.00000000000007
J001842,2023-01-03/PULA,PULA,AMR_19,G35_9,WS_2_20,"[""110165""]",1,11896.049999967136,12361.899999960357,12160.94999996328,11896.049999967136,11990.999999965754,11995.049999965695,12150.849999963428,12150.899999963427,12160.899999963282,12160.94999996328,12357.849999960416,12361.899999960357,18.100000000000122,273.5000000000279,18.100000000000122,0,155.9000000000012,0.25,0,106.00000000000146,223.99999999998957
J001843,2023-01-03/TMST,TMST,AMR_09,G27_2,WS_30_20,"[""110501""]",1,11897.84999996711,12042.799999965,11977.599999965949,11897.84999996711,11897.84999996711,11901.89999996705,11967.499999966096,11967.549999966095,11977.54999996595,11977.599999965949,12038.749999965059,12042.799999965,18.100000000000122,83.64999999999739,11.450000000000028,0,31.550000000000313,0.2,0,0.0,92.00000000000115
J001844,2023-01-03/WMTK,WMTK,AMR_20,G0_15,WS_25_20,"[""101181"", ""107312"", ""110519""]",3,11903.24999996703,12430.149999959363,12328.299999960846,11903.24999996703,12170.749999963138,12174.79999996308,12318.199999960992,12318.249999960992,12328.249999960846,12328.299999960846,12426.099999959422,12430.149999959363,18.100000000000122,182.3000000000072,24.000000000000206,0,302.25000000003445,0.25,0,66.00000000000101,128.00000000000043
J001845,2023-01-03/PULA,PULA,AMR_28,G29_2,WS_2_20,"[""110585""]",1,11904.349999967015,12426.599999959415,12328.849999960838,11904.349999967015,11904.349999967015,11908.399999966956,12318.749999960984,12318.799999960984,12328.799999960838,12328.849999960838,12422.549999959474,12426.599999959415,18.100000000000122,215.2500000000147,26.800000000000246,0,261.9000000000253,0.2,0,0.0,235.99999999999048
J001846,2023-01-03/TMST,TMST,AMR_23,G20_2,WS_30_20,"[""110189""]",1,11916.299999966841,12298.199999961284,12181.249999962985,11916.299999966841,11985.599999965832,11989.649999965774,12171.149999963132,12171.199999963132,12181.199999962986,12181.249999962985,12294.149999961342,12298.199999961284,18.100000000000122,192.8500000000096,29.80000000000029,0,140.8999999999978,0.25,0,50.00000000000031,171.9999999999972
J001847,2023-01-03/SS14,SS14,AMR_30,G11_9,WS_13_20,"[""125639""]",1,11932.549999966604,12202.149999962681,12165.549999963214,11932.549999966604,12033.649999965133,12037.699999965074,12155.44999996336,12155.49999996336,12165.499999963215,12165.549999963214,12198.09999996274,12202.149999962681,18.100000000000122,155.30000000000106,23.900000000000205,0,72.04999999999805,0.25,0,106.00000000000188,72.00000000000068
J001848,2023-01-03/WTRG,WTRG,AMR_13,G3_9,WS_19_20,"[""112367""]",1,11934.649999966574,12436.149999959276,12345.699999960592,11934.649999966574,12028.799999965204,12032.849999965145,12335.59999996074,12335.649999960739,12345.649999960593,12345.699999960592,12432.099999959335,12436.149999959276,18.100000000000122,218.05000000001533,25.850000000000232,0,239.25000000002015,0.25,0,102.00000000000246,151.9999999999999
J001849,2023-01-03/WJGK,WJGK,AMR_11,G9_12,WS_8_20,"[""101183""]",1,11944.849999966425,12139.499999963593,12083.699999964405,11944.849999966425,12044.84999996497,12048.899999964911,12073.599999964552,12073.649999964551,12083.649999964406,12083.699999964405,12135.449999963652,12139.499999963593,18.100000000000122,101.49999999999638,13.400000000000055,0,61.39999999999865,0.25,0,60.00000000000048,52.000000000000256
J001850,2023-01-03/TMST,TMST,AMR_07,G12_9,WS_30_20,"[""117431""]",1,11956.399999966257,12366.999999960282,12219.149999962434,11956.399999966257,12032.599999965149,12036.64999996509,12209.04999996258,12209.09999996258,12219.099999962435,12219.149999962434,12362.949999960341,12366.999999960282,18.100000000000122,174.65000000000546,24.95000000000022,0,192.65000000000956,0.25,0,50.000000000000526,132.00000000000034
J001851,2023-01-03/SS14,SS14,AMR_17,G18_10,WS_13_20,"[""112087""]",1,11957.849999966236,12531.849999957883,12463.799999958874,11957.849999966236,12006.949999965522,12010.999999965463,12453.69999995902,12453.74999995902,12463.749999958874,12463.799999958874,12527.799999957942,12531.849999957883,18.100000000000122,205.40000000001245,27.80000000000026,0,322.45000000003904,0.25,0,30.0,175.99999999999983
J001852,2023-01-03/WTRG,WTRG,AMR_38,G35_8,WS_19_20,"[""107327""]",1,11964.49999996614,12245.049999962057,12172.899999963107,11964.49999996614,12091.299999964294,12095.349999964235,12162.799999963254,12162.849999963253,12172.849999963108,12172.899999963107,12240.999999962116,12245.049999962057,18.100000000000122,165.85000000000346,19.150000000000137,0,77.19999999999776,0.25,0,68.00000000000031,116.00000000000055
J001853,2023-01-03/WJGK,WJGK,AMR_02,G6_13,WS_8_20,"[""124208""]",1,11981.449999965893,12307.999999961141,12277.299999961588,11981.449999965893,12218.849999962438,12222.89999996238,12267.199999961735,12267.249999961734,12277.249999961588,12277.299999961588,12303.9499999612,12307.999999961141,18.100000000000122,127.94999999999487,24.95000000000022,0,155.30000000000106,0.25,0,80.00000000000131,48.00000000000013
J001854,2023-01-03/TMST,TMST,AMR_36,G18_2,WS_30_20,"[""109989""]",1,11983.549999965862,12227.64999996231,12093.399999964264,11983.549999965862,12010.999999965463,12015.049999965404,12083.29999996441,12083.34999996441,12093.349999964264,12093.399999964264,12223.59999996237,12227.64999996231,18.100000000000122,147.4999999999993,18.150000000000123,0,60.09999999999872,0.25,0,23.999999999999996,147.99999999999912
J001855,2023-01-03/WTRG,WTRG,AMR_32,G0_10,WS_19_20,"[""107303""]",1,11989.19999996578,12232.649999962237,12155.649999963358,11989.19999996578,12034.199999965125,12038.249999965066,12145.549999963505,12145.599999963504,12155.599999963359,12155.649999963358,12228.599999962296,12232.649999962237,18.100000000000122,152.50000000000043,17.20000000000011,0,55.39999999999899,0.25,0,42.00000000000015,124.00000000000112
J001856,2023-01-03/SS14,SS14,AMR_34,G9_8,WS_13_20,"[""112198""]",1,11989.19999996578,12354.649999960462,12304.64999996119,11989.19999996578,12134.19999996367,12138.249999963611,12294.549999961337,12294.599999961336,12304.59999996119,12304.64999996119,12350.599999960521,12354.649999960462,18.100000000000122,188.55000000000862,24.90000000000022,0,133.64999999999614,0.25,0,82.0000000000012,132.00000000000244
J001857,2023-01-03/WJGK,WJGK,AMR_25,G11_12,WS_8_20,"[""112374""]",1,11992.849999965727,12374.349999960175,12324.149999960906,11992.849999965727,12202.499999962676,12206.549999962617,12314.049999961053,12314.099999961052,12324.099999960907,12324.149999960906,12370.299999960234,12374.349999960175,18.100000000000122,112.04999999999578,14.250000000000068,0,236.8500000000196,0.25,0,46.0000000000002,56.00000000000033
J001858,2023-01-03/TMST,TMST,AMR_35,G9_13,WS_30_20,"[""127626""]",1,11999.199999965635,12433.84999995931,12346.049999960587,11999.199999965635,12199.099999962726,12203.149999962667,12335.949999960734,12335.999999960733,12345.999999960588,12346.049999960587,12429.799999959369,12433.84999995931,18.100000000000122,181.8000000000071,25.850000000000232,0,208.6500000000132,0.25,0,70.00000000000051,120.00000000000057
J001859,2023-01-03/WMTK,WMTK,AMR_14,G3_8,WS_25_20,"[""107103"", ""107301""]",2,12001.149999965606,12361.749999960359,12235.449999962197,12001.149999965606,12135.849999963646,12139.899999963587,12225.349999962344,12225.399999962343,12235.399999962197,12235.449999962197,12357.699999960418,12361.749999960359,18.100000000000122,199.5000000000111,19.100000000000136,0,123.64999999999512,0.25,0,64.00000000000074,163.9999999999991
J001860,2023-01-03/WJGK,WJGK,AMR_33,G12_10,WS_8_20,"[""101218""]",2,12019.999999965332,12193.9999999628,12140.34999996358,12019.999999965332,12095.599999964232,12099.649999964173,12130.249999963728,12130.299999963727,12140.299999963581,12140.34999996358,12189.949999962859,12193.9999999628,18.100000000000122,119.74999999999534,20.10000000000015,0,15.80000000000009,0.25,0,66.00000000000097,64.00000000000045
J001861,2023-01-03/PULA,PULA,AMR_24,G32_6,WS_2_20,"[""115181""]",1,12025.899999965246,12390.599999959939,12215.799999962483,12025.899999965246,12047.399999964933,12051.449999964874,12205.69999996263,12205.749999962629,12215.749999962483,12215.799999962483,12386.549999959998,12390.599999959939,18.100000000000122,196.45000000001042,21.000000000000163,0,128.89999999999506,0.25,0,18.0,203.99999999999315
J001862,2023-01-03/WTRG,WTRG,AMR_16,G0_8,WS_19_20,"[""131980""]",1,12030.649999965177,12375.549999960158,12227.349999962315,12030.649999965177,12064.74999996468,12068.799999964622,12217.249999962462,12217.29999996246,12227.299999962315,12227.349999962315,12371.499999960217,12375.549999960158,18.100000000000122,156.50000000000134,18.150000000000123,0,151.9000000000003,0.25,0,33.99999999999995,136.0000000000009
J001863,2023-01-03/TMST,TMST,AMR_03,G8_13,WS_30_20,"[""126832""]",1,12031.899999965159,12395.749999959864,12236.149999962186,12031.899999965159,12069.349999964614,12073.399999964555,12226.049999962333,12226.099999962333,12236.099999962187,12236.149999962186,12391.699999959923,12395.749999959864,18.100000000000122,151.9000000000003,15.300000000000082,0,178.3000000000063,0.25,0,34.00000000000003,132.0000000000007
J001864,2023-01-03/WJGK,WJGK,AMR_10,G5_9,WS_8_20,"[""111218""]",1,12031.999999965157,12424.699999959443,12378.599999960114,12031.999999965157,12307.899999961142,12311.949999961083,12368.49999996026,12368.54999996026,12378.549999960114,12378.599999960114,12420.649999959502,12424.699999959443,18.100000000000122,224.70000000001684,30.6000000000003,0,119.04999999999538,0.25,0,179.99999999999616,72.00000000000057
J001865,2023-01-03/SS14,SS14,AMR_40,G27_10,WS_13_20,"[""110310""]",1,12035.24999996511,12422.19999995948,12188.599999962878,12035.24999996511,12072.699999964565,12076.749999964506,12178.499999963025,12178.549999963025,12188.54999996288,12188.599999962878,12418.149999959538,12422.19999995948,18.100000000000122,145.14999999999876,16.200000000000095,0,207.25000000001288,0.25,0,25.999999999999996,120.00000000000071
J001866,2023-01-03/WMTK,WMTK,AMR_08,G27_12,WS_25_20,"[""109843"", ""112394""]",2,12040.09999996504,12193.499999962807,12141.149999963569,12040.09999996504,12096.749999964215,12100.799999964156,12131.049999963716,12131.099999963715,12141.09999996357,12141.149999963569,12189.449999962866,12193.499999962807,18.100000000000122,96.64999999999665,17.20000000000011,0,21.200000000000166,0.25,0,48.00000000000023,56.00000000000023
J001867,2023-01-03/PULA,PULA,AMR_09,G31_2,WS_2_20,"[""110847""]",1,12042.849999965,12276.899999961593,12198.79999996273,12042.849999965,12060.149999964748,12064.199999964689,12188.699999962877,12188.749999962876,12198.74999996273,12198.79999996273,12272.849999961652,12276.899999961593,18.100000000000122,166.5000000000036,13.400000000000055,0,35.800000000000104,0.25,0,12.0,203.99999999999218
J001868,2023-01-03/WTRG,WTRG,AMR_05,G26_2,WS_19_20,"[""110502""]",1,12065.849999964665,12274.249999961632,12210.099999962566,12065.849999964665,12147.499999963477,12151.549999963418,12199.999999962713,12200.049999962712,12210.049999962566,12210.099999962566,12270.199999961691,12274.249999961632,18.100000000000122,157.75000000000162,19.050000000000136,0,13.250000000000053,0.25,0,84.00000000000125,104.00000000000102
J001869,2023-01-03/SS14,SS14,AMR_01,G29_8,WS_13_20,"[""110569""]",1,12075.299999964527,12390.949999959934,12321.949999960938,12075.299999964527,12227.349999962315,12231.399999962256,12311.849999961085,12311.899999961084,12321.899999960939,12321.949999960938,12386.899999959993,12390.949999959934,18.100000000000122,198.00000000001077,25.80000000000023,0,73.49999999999797,0.25,0,102.00000000000131,116.00000000000074
J001870,2023-01-03/WMTK,WMTK,AMR_29,G3_1,WS_25_20,"[""107290"", ""110496""]",2,12078.799999964476,12550.399999957614,12472.099999958753,12078.799999964476,12368.349999960263,12372.399999960204,12461.9999999589,12462.0499999589,12472.049999958754,12472.099999958753,12546.349999957672,12550.399999957614,18.100000000000122,304.90000000003505,35.450000000000124,0,112.89999999999573,0.25,0,187.9999999999954,175.99999999999574
J001871,2023-01-03/TMST,TMST,AMR_22,G6_15,WS_30_20,"[""112377""]",1,12106.799999964069,12441.049999959205,12363.199999960338,12106.799999964069,12179.999999963004,12184.049999962945,12353.099999960485,12353.149999960484,12363.149999960338,12363.199999960338,12436.999999959264,12441.049999959205,18.100000000000122,181.400000000007,20.10000000000015,0,114.39999999999564,0.25,0,62.000000000000824,139.99999999999955
J001872,2023-01-03/WJGK,WJGK,AMR_11,G12_12,WS_8_20,"[""107328""]",1,12139.549999963592,12365.449999960305,12308.299999961137,12139.549999963592,12183.599999962951,12187.649999962892,12298.199999961284,12298.249999961283,12308.249999961137,12308.299999961137,12361.399999960364,12365.449999960305,18.100000000000122,80.79999999999755,13.400000000000055,0,113.3499999999957,0.25,0,10.0,64.00000000000047
J001873,2023-01-03/WMTK,WMTK,AMR_15,G29_15,WS_25_20,"[""112287""]",1,12155.949999963354,12417.34999995955,12384.749999960024,12155.949999963354,12346.299999960584,12350.349999960525,12374.649999960171,12374.69999996017,12384.699999960025,12384.749999960024,12413.299999959609,12417.34999995955,18.100000000000122,183.1500000000074,27.70000000000026,0,32.20000000000031,0.25,0,163.99999999999886,44.0
J001874,2023-01-03/WJGK,WJGK,AMR_04,G0_11,WS_8_20,"[""138355""]",1,12158.699999963314,12401.149999959785,12362.849999960343,12158.699999963314,12298.749999961276,12302.799999961217,12352.74999996049,12352.799999960489,12362.799999960343,12362.849999960343,12397.099999959844,12401.149999959785,18.100000000000122,173.75000000000526,23.000000000000192,0,27.350000000000254,0.25,0,124.00000000000192,76.00000000000072
J001875,2023-01-03/PULA,PULA,AMR_06,G35_7,WS_2_20,"[""107274""]",1,12161.999999963266,12542.39999995773,12375.049999960165,12161.999999963266,12174.999999963076,12179.049999963017,12364.949999960312,12364.999999960311,12374.999999960166,12375.049999960165,12538.349999957789,12542.39999995773,18.100000000000122,182.40000000000722,21.000000000000163,0,158.65000000000182,0.25,0,6.0,191.9999999999932
J001876,2023-01-03/SS14,SS14,AMR_21,G36_10,WS_13_20,"[""107323""]",1,12185.399999962925,12447.199999959115,12351.549999960507,12185.399999962925,12263.499999961788,12267.54999996173,12341.449999960654,12341.499999960653,12351.499999960508,12351.549999960507,12443.149999959174,12447.199999959115,18.100000000000122,183.85000000000755,16.250000000000096,0,43.349999999999675,0.25,0,78.00000000000047,139.99999999999915
J001877,2023-01-03/TMST,TMST,AMR_08,G6_12,WS_30_20,"[""101193""]",1,12193.549999962806,12585.7499999571,12457.799999958961,12193.549999962806,12319.299999960976,12323.349999960918,12447.699999959108,12447.749999959107,12457.749999958962,12457.799999958961,12581.699999957158,12585.7499999571,18.100000000000122,193.15000000000967,19.050000000000136,0,161.6500000000025,0.25,0,78.00000000000102,135.99999999999974
J001878,2023-01-03/WMTK,WMTK,AMR_33,G23_12,WS_25_20,"[""111999""]",1,12194.0499999628,12396.599999959852,12364.749999960315,12194.0499999628,12316.399999961019,12320.44999996096,12354.649999960462,12354.699999960461,12364.699999960316,12364.749999960315,12392.54999995991,12396.599999959852,18.100000000000122,80.09999999999759,12.35000000000004,0,91.74999999999693,0.25,0,26.0,56.0000000000003
J001879,2023-01-03/WJGK,WJGK,AMR_27,G15_10,WS_8_20,"[""110097""]",1,12194.749999962789,12394.549999959881,12347.449999960567,12194.749999962789,12285.749999961465,12289.799999961406,12337.349999960714,12337.399999960713,12347.399999960568,12347.449999960567,12390.49999995994,12394.549999959881,18.100000000000122,131.04999999999555,17.15000000000011,0,33.25000000000025,0.25,0,76.00000000000108,76.00000000000071
J001880,2023-01-03/PULA,PULA,AMR_30,G38_14,WS_2_20,"[""110294""]",1,12202.19999996268,12728.899999955016,12614.399999956682,12202.19999996268,12323.499999960915,12327.549999960856,12604.29999995683,12604.349999956828,12614.349999956683,12614.399999956682,12724.849999955075,12728.899999955016,18.100000000000122,290.2000000000317,30.6000000000003,0,187.5500000000084,0.25,0,116.00000000000126,223.99999999998934
J001881,2023-01-03/TMST,TMST,AMR_37,G9_10,WS_30_20,"[""110418""]",1,12205.099999962638,12500.549999958339,12440.64999995921,12205.099999962638,12205.099999962638,12209.14999996258,12430.549999959358,12430.599999959357,12440.599999959211,12440.64999995921,12496.499999958398,12500.549999958339,18.100000000000122,142.04999999999805,15.300000000000082,0,119.79999999999534,0.2,0,0.0,159.99999999999653
J001882,2023-01-03/PULA,PULA,AMR_36,G38_13,WS_2_20,"[""101135""]",1,12227.69999996231,12527.29999995795,12431.349999959346,12227.69999996231,12284.499999961483,12288.549999961424,12421.249999959493,12421.299999959492,12431.299999959347,12431.349999959346,12523.249999958009,12527.29999995795,18.100000000000122,201.50000000001157,15.250000000000082,0,64.49999999999848,0.25,0,62.00000000000061,175.9999999999949
J001883,2023-01-03/TMST,TMST,AMR_31,G11_9,WS_30_20,"[""107280""]",1,12229.149999962288,12531.44999995789,12380.24999996009,12229.149999962288,12235.599999962194,12239.649999962136,12370.149999960237,12370.199999960236,12380.19999996009,12380.24999996009,12527.399999957948,12531.44999995789,18.100000000000122,161.85000000000255,19.150000000000137,0,102.9499999999963,0.25,0,4.0,159.99999999999903
J001884,2023-01-03/PULA,PULA,AMR_32,G38_8,WS_2_20,"[""112069""]",1,12232.699999962237,12557.49999995751,12462.349999958895,12232.699999962237,12341.899999960648,12345.949999960589,12452.249999959042,12452.299999959041,12462.299999958896,12462.349999958895,12553.44999995757,12557.49999995751,18.100000000000122,260.600000000025,21.050000000000164,0,24.800000000000217,0.25,0,116.00000000000094,215.9999999999894
J001885,2023-01-03/WMTK,WMTK,AMR_38,G0_10,WS_25_20,"[""110394"", ""120779""]",2,12245.099999962056,12632.499999956419,12567.79999995736,12245.099999962056,12345.049999960602,12349.099999960543,12557.699999957507,12557.749999957507,12567.749999957361,12567.79999995736,12628.449999956478,12632.499999956419,18.100000000000122,242.30000000002084,26.750000000000245,0,99.99999999999646,0.25,0,118.00000000000269,171.9999999999958
J001886,2023-01-03/SS14,SS14,AMR_26,G3_10,WS_13_20,"[""110561""]",1,12269.349999961703,12444.84999995915,12368.699999960258,12269.349999961703,12269.349999961703,12273.399999961644,12358.599999960405,12358.649999960404,12368.649999960258,12368.699999960258,12440.799999959208,12444.84999995915,18.100000000000122,84.94999999999732,9.5,0,62.74999999999857,0.2,0,0.0,88.00000000000094
J001887,2023-01-03/TMST,TMST,AMR_05,G6_10,WS_30_20,"[""101221""]",1,12274.299999961631,12575.34999995725,12474.849999958713,12274.299999961631,12340.99999996066,12345.049999960602,12464.74999995886,12464.79999995886,12474.799999958714,12474.849999958713,12571.29999995731,12575.34999995725,18.100000000000122,175.95000000000576,15.250000000000082,0,91.49999999999694,0.25,0,60.000000000000824,143.9999999999994
J001888,2023-01-03/WMTK,WMTK,AMR_09,G30_15,WS_25_20,"[""140089""]",1,12276.949999961593,12380.149999960091,12344.49999996061,12276.949999961593,12301.749999961232,12305.799999961173,12334.399999960757,12334.449999960756,12344.44999996061,12344.49999996061,12376.09999996015,12380.149999960091,18.100000000000122,71.89999999999806,9.55,0,3.399999999999996,0.25,0,28.0,48.0
J001889,2023-01-03/WJGK,WJGK,AMR_23,G14_9,WS_8_20,"[""110227""]",1,12298.249999961283,12569.799999957331,12525.19999995798,12298.249999961283,12374.899999960167,12378.949999960108,12515.099999958127,12515.149999958127,12525.149999957981,12525.19999995798,12565.74999995739,12569.799999957331,18.100000000000122,121.39999999999525,20.15000000000015,0,111.6499999999958,0.25,0,50.000000000000384,80.000000000001
J001890,2023-01-03/WJGK,WJGK,AMR_02,G2_9,WS_8_20,"[""101311""]",1,12308.349999961136,12524.249999957994,12483.099999958593,12308.349999961136,12377.44999996013,12381.499999960071,12472.99999995874,12473.04999995874,12483.049999958594,12483.099999958593,12520.199999958053,12524.249999957994,18.100000000000122,104.29999999999622,19.100000000000136,0,74.14999999999793,0.25,0,23.99999999999995,84.00000000000087
J001891,2023-01-03/WJGK,WJGK,AMR_18,G12_8,WS_8_20,"[""110568""]",1,12324.199999960905,12465.999999958842,12415.349999959579,12324.199999960905,12353.349999960481,12357.399999960422,12405.249999959726,12405.299999959725,12415.29999995958,12415.349999959579,12461.9499999589,12465.999999958842,18.100000000000122,97.84999999999658,16.250000000000096,0,9.349999999999998,0.25,0,26.0,80.00000000000094
J001892,2023-01-03/WMTK,WMTK,AMR_39,G20_12,WS_25_20,"[""111276""]",1,12352.899999960488,12491.849999958466,12456.099999958986,12352.899999960488,12389.499999959955,12393.549999959896,12445.999999959133,12446.049999959132,12456.049999958987,12456.099999958986,12487.799999958524,12491.849999958466,18.100000000000122,91.29999999999696,13.350000000000055,0,15.950000000000092,0.25,0,38.0,68.00000000000031
J001893,2023-01-03/TMST,TMST,AMR_34,G8_6,WS_30_20,"[""112073""]",1,12354.699999960461,12608.499999956768,12491.899999958465,12354.699999960461,12387.04999995999,12391.099999959932,12481.799999958612,12481.849999958611,12491.849999958466,12491.899999958465,12604.449999956827,12608.499999956768,18.100000000000122,162.60000000000272,17.20000000000011,0,55.649999999998975,0.25,0,26.000000000000014,159.99999999999702
J001894,2023-01-03/SS14,SS14,AMR_14,G3_8,WS_13_20,"[""107336""]",1,12361.799999960358,12529.29999995792,12434.999999959293,12361.799999960358,12361.799999960358,12365.8499999603,12424.89999995944,12424.949999959439,12434.949999959294,12434.999999959293,12525.24999995798,12529.29999995792,18.100000000000122,89.19999999999708,11.450000000000028,0,48.54999999999938,0.2,0,0.0,96.00000000000107
J001895,2023-01-03/WJGK,WJGK,AMR_19,G9_7,WS_8_20,"[""107879""]",1,12361.949999960356,12646.84999995621,12589.249999957048,12361.949999960356,12436.899999959265,12440.949999959206,12579.149999957195,12579.199999957194,12589.199999957049,12589.249999957048,12642.799999956269,12646.84999995621,18.100000000000122,141.99999999999804,17.20000000000011,0,107.34999999999604,0.25,0,84.00000000000102,72.00000000000068
J001896,2023-01-03/WMTK,WMTK,AMR_11,G17_14,WS_25_20,"[""140079""]",1,12365.499999960304,12561.999999957445,12488.04999995852,12365.499999960304,12410.899999959644,12414.949999959585,12477.949999958668,12477.999999958667,12487.999999958522,12488.04999995852,12557.949999957504,12561.999999957445,18.100000000000122,86.69999999999722,15.300000000000082,0,76.14999999999782,0.25,0,18.0,72.00000000000011
J001897,2023-01-03/TMST,TMST,AMR_07,G6_9,WS_30_20,"[""111281""]",2,12367.049999960282,12856.049999953166,12665.249999955942,12367.049999960282,12524.799999957986,12528.849999957927,12655.14999995609,12655.199999956089,12665.199999955943,12665.249999955942,12851.999999953225,12856.049999953166,18.100000000000122,223.55000000001658,26.750000000000245,0,220.35000000001585,0.25,0,52.00000000000051,191.9999999999948
J001898,2023-01-03/WJGK,WJGK,AMR_25,G17_10,WS_8_20,"[""110555""]",1,12374.399999960175,12524.149999957996,12454.699999959006,12374.399999960175,12400.499999959795,12404.549999959736,12444.599999959153,12444.649999959152,12454.649999959007,12454.699999959006,12520.099999958054,12524.149999957996,18.100000000000122,97.94999999999658,13.300000000000054,0,20.15000000000015,0.25,0,16.0,84.00000000000091
J001899,2023-01-03/WMTK,WMTK,AMR_16,G26_10,WS_25_20,"[""107213""]",1,12375.599999960157,12561.799999957448,12519.949999958057,12375.599999960157,12447.799999959107,12451.849999959048,12509.849999958204,12509.899999958203,12519.899999958057,12519.949999958057,12557.749999957507,12561.799999957448,18.100000000000122,112.94999999999573,15.300000000000082,0,39.59999999999989,0.25,0,60.00000000000003,60.00000000000041
J001900,2023-01-03/WJGK,WJGK,AMR_09,G21_13,WS_8_20,"[""123305""]",1,12380.19999996009,12638.199999956336,12541.399999957745,12380.19999996009,12420.999999959497,12425.049999959438,12531.299999957891,12531.34999995789,12541.349999957745,12541.399999957745,12634.149999956395,12638.199999956336,18.100000000000122,131.2499999999956,20.10000000000015,0,88.29999999999713,0.25,0,30.0,112.00000000000117
J001901,2023-01-03/TMST,TMST,AMR_12,G5_10,WS_30_20,"[""112324""]",1,12383.69999996004,13003.749999951016,12594.049999956978,12383.69999996004,12474.449999958719,12478.49999995866,12583.949999957125,12583.999999957125,12593.999999956979,12594.049999956978,12999.699999951075,13003.749999951016,18.100000000000122,236.55000000001954,29.80000000000029,0,335.350000000042,0.25,0,104.00000000000185,167.99999999999653
J001902,2023-01-03/WMTK,WMTK,AMR_24,G33_13,WS_25_20,"[""111303""]",1,12390.649999959938,12547.449999957656,12503.999999958289,12390.649999959938,12421.099999959495,12425.149999959436,12493.899999958436,12493.949999958435,12503.94999995829,12503.999999958289,12543.399999957715,12547.449999957656,18.100000000000122,95.19999999999673,15.300000000000082,0,27.950000000000262,0.25,0,24.0,76.00000000000013
J001903,2023-01-03/WJGK,WJGK,AMR_33,G20_10,WS_8_20,"[""110504""]",1,12415.399999959578,12647.149999956206,12573.29999995728,12415.399999959578,12433.599999959313,12437.649999959254,12563.199999957427,12563.249999957427,12573.249999957281,12573.29999995728,12643.099999956265,12647.149999956206,18.100000000000122,105.34999999999616,14.300000000000068,0,93.74999999999682,0.25,0,10.0,96.00000000000097
J001904,2023-01-03/SS14,SS14,AMR_20,G0_15,WS_13_20,"[""110519""]",1,12430.199999959363,12562.249999957441,12524.099999957996,12430.199999959363,12430.199999959363,12434.249999959304,12513.999999958143,12514.049999958143,12524.049999957997,12524.099999957996,12558.1999999575,12562.249999957441,18.100000000000122,71.74999999999807,7.649999999999981,0,34.350000000000186,0.2,0,0.0,80.00000000000092
J001905,2023-01-03/TMST,TMST,AMR_35,G9_2,WS_30_20,"[""127405""]",1,12440.69999995921,12810.799999953824,12682.199999955696,12440.69999995921,12583.149999957137,12587.199999957078,12672.099999955843,12672.149999955842,12682.149999955696,12682.199999955696,12806.749999953883,12810.799999953824,18.100000000000122,207.00000000001282,22.90000000000019,0,121.84999999999522,0.25,0,62.00000000000071,171.99999999999687
J001906,2023-01-03/WJGK,WJGK,AMR_13,G3_9,WS_8_20,"[""112367""]",1,12454.749999959005,12603.099999956847,12557.349999957512,12454.749999959005,12454.749999959005,12458.799999958947,12547.24999995766,12547.299999957659,12557.299999957513,12557.349999957512,12599.049999956906,12603.099999956847,18.100000000000122,72.79999999999801,9.55,0,47.69999999999943,0.2,0,0.0,72.00000000000055
J001907,2023-01-03/WMTK,WMTK,AMR_21,G35_14,WS_25_20,"[""110484""]",1,12456.149999958985,12603.249999956844,12551.849999957592,12456.149999958985,12477.299999958677,12481.349999958618,12541.74999995774,12541.799999957739,12551.799999957593,12551.849999957592,12599.199999956903,12603.249999956844,18.100000000000122,86.24999999999724,14.350000000000069,0,28.150000000000265,0.25,0,14.0,72.00000000000004
J001908,2023-01-03/TMST,TMST,AMR_26,G3_12,WS_30_20,"[""107398""]",1,12457.84999995896,12733.249999954953,12611.249999956728,12457.84999995896,12464.399999958865,12468.449999958806,12601.149999956875,12601.199999956874,12611.199999956729,12611.249999956728,12729.199999955012,12733.249999954953,18.100000000000122,146.199999999999,14.300000000000068,0,96.54999999999666,0.25,0,4.0,151.9999999999979
J001909,2023-01-03/WMTK,WMTK,AMR_01,G29_9,WS_25_20,"[""101026""]",1,12472.149999958752,12588.49999995706,12535.899999957825,12472.149999958752,12476.149999958694,12480.199999958635,12525.799999957972,12525.84999995797,12535.849999957825,12535.899999957825,12584.449999957118,12588.49999995706,18.100000000000122,67.34999999999832,9.5,0,21.150000000000166,0.25,0,2.0,68.00000000000051
J001910,2023-01-03/TMST,TMST,AMR_04,G3_10,WS_30_20,"[""110561""]",2,12474.899999958712,12749.099999954722,12628.29999995648,12474.899999958712,12497.299999958386,12501.349999958327,12618.199999956627,12618.249999956626,12628.24999995648,12628.29999995648,12745.049999954781,12749.099999954722,18.100000000000122,157.50000000000156,16.200000000000095,0,82.14999999999748,0.25,0,8.0,167.9999999999962
J001911,2023-01-03/WJGK,WJGK,AMR_40,G26_12,WS_8_20,"[""110191""]",1,12483.149999958592,12681.24999995571,12605.199999956816,12483.149999958592,12496.199999958402,12500.249999958343,12595.099999956963,12595.149999956962,12605.149999956817,12605.199999956816,12677.199999955768,12681.24999995571,18.100000000000122,113.89999999999567,13.350000000000055,0,52.499999999999154,0.25,0,6.0,116.00000000000145
J001912,2023-01-03/WMTK,WMTK,AMR_28,G26_8,WS_25_20,"[""135158""]",1,12488.09999995852,12640.899999956297,12583.749999957128,12488.09999995852,12514.449999958137,12518.499999958078,12573.649999957275,12573.699999957274,12583.699999957129,12583.749999957128,12636.849999956356,12640.899999956297,18.100000000000122,83.94999999999737,14.350000000000069,0,36.150000000000084,0.25,0,22.00000000000002,68.00000000000063
J001913,2023-01-03/TMST,TMST,AMR_10,G2_10,WS_30_20,"[""125462""]",1,12491.949999958464,12863.049999953064,12746.49999995476,12491.949999958464,12511.649999958177,12515.699999958118,12736.399999954907,12736.449999954906,12746.44999995476,12746.49999995476,12858.999999953123,12863.049999953064,18.100000000000122,172.75000000000503,19.100000000000136,0,160.90000000000234,0.25,0,11.999999999999996,175.9999999999955
J001914,2023-01-03/WMTK,WMTK,AMR_39,G23_8,WS_25_20,"[""139323""]",1,12504.049999958288,12666.399999955926,12615.649999956664,12504.049999958288,12528.549999957932,12532.599999957873,12605.549999956811,12605.59999995681,12615.599999956665,12615.649999956664,12662.349999955984,12666.399999955926,18.100000000000122,84.99999999999731,13.350000000000055,0,45.649999999999544,0.25,0,14.0,72.00000000000068
J001915,2023-01-03/WMTK,WMTK,AMR_15,G29_8,WS_25_20,"[""110514""]",1,12519.999999958056,12666.999999955917,12599.699999956896,12519.999999958056,12541.299999957746,12545.349999957687,12589.599999957043,12589.649999957042,12599.649999956897,12599.699999956896,12662.949999955976,12666.999999955917,18.100000000000122,82.59999999999745,13.400000000000055,0,32.65000000000028,0.25,0,18.0,72.00000000000063
J001916,2023-01-03/TMMI,TMMI,AMR_27,G18_9,WS_13_20,"[""107381""]",1,12524.149999957996,12669.599999955879,12619.549999956607,12524.149999957996,12546.699999957667,12550.749999957608,12609.449999956754,12609.499999956754,12619.499999956608,12619.549999956607,12665.549999955938,12669.599999955879,18.100000000000122,91.89999999999692,18.150000000000123,0,17.050000000000107,0.25,0,16.0,76.0000000000006
J001917,2023-01-03/TMMI,TMMI,AMR_37,G27_14,WS_13_20,"[""110439""]",1,12524.149999957996,13045.599999950407,12992.44999995118,12524.149999957996,12617.099999956643,12621.149999956584,12982.349999951328,12982.399999951327,12992.399999951182,12992.44999995118,13041.549999950466,13045.599999950407,18.100000000000122,161.1500000000024,27.75000000000026,0,314.20000000003716,0.25,0,56.000000000000355,108.00000000000037
J001918,2023-01-03/TMMI,TMMI,AMR_18,G27_10,WS_13_20,"[""110310""]",1,12524.149999957996,12803.649999953928,12723.449999955095,12524.149999957996,12570.699999957318,12574.74999995726,12713.349999955242,12713.399999955242,12723.399999955096,12723.449999955095,12799.599999953987,12803.649999953928,18.100000000000122,153.7000000000007,20.05000000000015,0,87.39999999999718,0.25,0,38.0,120.0000000000004
J001919,2023-01-03/TMMI,TMMI,AMR_22,G0_8,WS_13_20,"[""117427""]",1,12524.149999957996,12703.349999955388,12646.79999995621,12524.149999957996,12555.999999957532,12560.049999957473,12636.699999956358,12636.749999956357,12646.749999956211,12646.79999995621,12699.299999955447,12703.349999955388,18.100000000000122,120.04999999999532,16.250000000000096,0,24.550000000000214,0.25,0,29.999999999999975,108.00000000000163
J001920,2023-01-03/TMMI,TMMI,AMR_03,G27_2,WS_13_20,"[""110569""]",1,12524.149999957996,13021.049999950765,12862.199999953076,12524.149999957996,12737.399999954892,12741.449999954833,12852.099999953223,12852.149999953223,12862.149999953077,12862.199999953076,13016.999999950824,13021.049999950765,18.100000000000122,232.95000000001872,33.45000000000024,0,212.150000000014,0.25,0,124.00000000000212,140.00000000000043
J001921,2023-01-03/TMMI,TMMI,AMR_25,G35_8,WS_13_20,"[""101067""]",1,12524.199999957995,12918.29999995226,12807.64999995387,12524.199999957995,12640.849999956297,12644.899999956238,12797.549999954017,12797.599999954016,12807.59999995387,12807.64999995387,12914.249999952319,12918.29999995226,18.100000000000122,214.55000000001453,24.800000000000217,0,136.39999999999677,0.25,0,84.000000000001,151.99999999999804
J001922,2023-01-03/WJGK,WJGK,AMR_02,G17_1,WS_8_20,"[""124008""]",2,12525.24999995798,12722.49999995511,12659.099999956032,12525.24999995798,12572.849999957287,12576.899999957228,12648.999999956179,12649.049999956178,12659.049999956032,12659.099999956032,12718.449999955168,12722.49999995511,18.100000000000122,145.09999999999874,16.250000000000096,0,17.550000000000114,0.25,0,50.00000000000043,124.00000000000239
J001923,2023-01-03/WMTK,WMTK,AMR_17,G24_7,WS_25_20,"[""131216""]",1,12535.949999957824,12675.69999995579,12631.599999956432,12535.949999957824,12569.89999995733,12573.94999995727,12621.499999956579,12621.549999956578,12631.549999956433,12631.599999956432,12671.64999995585,12675.69999995579,18.100000000000122,92.2999999999969,14.350000000000069,0,14.750000000000075,0.25,0,26.00000000000003,72.00000000000071
J001924,2023-01-03/WJGK,WJGK,AMR_36,G29_15,WS_8_20,"[""112287""]",2,12541.449999957744,12729.649999955005,12643.149999956264,12541.449999957744,12572.949999957285,12576.999999957226,12633.04999995641,12633.09999995641,12643.099999956265,12643.149999956264,12725.599999955064,12729.649999955005,18.100000000000122,120.24999999999531,12.450000000000042,0,37.15000000000003,0.25,0,30.0,112.00000000000111
J001925,2023-01-03/WMTK,WMTK,AMR_31,G15_10,WS_25_20,"[""110097""]",1,12551.899999957592,12706.499999955342,12655.04999995609,12551.899999957592,12589.14999995705,12593.19999995699,12644.949999956238,12644.999999956237,12654.999999956091,12655.04999995609,12702.449999955401,12706.499999955342,18.100000000000122,98.24999999999656,14.300000000000068,0,23.700000000000202,0.25,0,18.0,88.00000000000034
J001926,2023-01-03/WJGK,WJGK,AMR_14,G18_10,WS_8_20,"[""112087""]",1,12557.399999957512,12773.449999954368,12723.0999999551,12557.399999957512,12602.599999956854,12606.649999956795,12712.999999955247,12713.049999955247,12723.049999955101,12723.0999999551,12769.399999954427,12773.449999954368,18.100000000000122,110.69999999999585,14.350000000000069,0,72.64999999999802,0.25,0,38.0,88.00000000000105
J001927,2023-01-03/WMTK,WMTK,AMR_11,G17_10,WS_25_20,"[""110433""]",1,12567.84999995736,12713.249999955244,12671.199999955856,12567.84999995736,12596.64999995694,12600.699999956882,12661.099999956003,12661.149999956002,12671.149999955856,12671.199999955856,12709.199999955303,12713.249999955244,18.100000000000122,86.69999999999722,14.300000000000068,0,26.050000000000235,0.25,0,12.0,80.0000000000004
J001928,2023-01-03/WJGK,WJGK,AMR_20,G0_15,WS_8_20,"[""101095"", ""110519""]",2,12573.34999995728,12662.849999955977,12627.349999956494,12573.34999995728,12573.34999995728,12577.39999995722,12617.24999995664,12617.29999995664,12627.299999956495,12627.349999956494,12658.799999956036,12662.849999955977,18.100000000000122,57.599999999998865,7.649999999999981,0,5.949999999999987,0.2,0,0.0,60.00000000000037
J001929,2023-01-03/WMTK,WMTK,AMR_06,G35_10,WS_25_20,"[""112288""]",1,12583.799999957128,12845.49999995332,12698.34999995546,12583.799999957128,12608.449999956769,12612.49999995671,12688.249999955608,12688.299999955607,12698.299999955461,12698.34999995546,12841.449999953378,12845.49999995332,18.100000000000122,109.24999999999594,18.200000000000124,0,115.89999999999556,0.25,0,10.0,104.00000000000043
J001930,2023-01-03/WJGK,WJGK,AMR_16,G24_2,WS_8_20,"[""138468""]",1,12589.299999957047,12811.599999953813,12704.899999955365,12589.299999957047,12611.649999956722,12615.699999956663,12694.799999955512,12694.849999955512,12704.849999955366,12704.899999955365,12807.549999953872,12811.599999953813,18.100000000000122,153.20000000000059,17.15000000000011,0,33.60000000000023,0.25,0,19.999999999999986,159.99999999999963
J001931,2023-01-03/TMST,TMST,AMR_29,G3_8,WS_30_20,"[""107103""]",1,12594.099999956978,12991.549999951194,12837.799999953431,12594.099999956978,12614.49999995668,12618.549999956622,12827.699999953578,12827.749999953578,12837.749999953432,12837.799999953431,12987.499999951253,12991.549999951194,18.100000000000122,189.90000000000893,25.850000000000232,0,163.3500000000029,0.25,0,17.999999999999996,187.99999999999397
J001932,2023-01-03/WMTK,WMTK,AMR_01,G32_7,WS_25_20,"[""107219""]",1,12599.749999956895,12865.099999953034,12714.099999955231,12599.749999956895,12628.699999956474,12632.749999956415,12703.999999955378,12704.049999955378,12714.049999955232,12714.099999955231,12861.049999953093,12865.099999953034,18.100000000000122,115.84999999999556,21.050000000000164,0,110.09999999999589,0.25,0,22.00000000000003,92.00000000000054
J001933,2023-01-03/WJGK,WJGK,AMR_24,G29_7,WS_8_20,"[""110322""]",1,12605.249999956815,13006.99999995097,12924.899999952164,12605.249999956815,12638.349999956334,12642.399999956275,12914.79999995231,12914.84999995231,12924.849999952165,12924.899999952164,13002.949999951028,13006.99999995097,18.100000000000122,192.25000000000946,26.800000000000246,0,164.35000000000312,0.25,0,28.00000000000003,183.99999999999582
J001934,2023-01-03/TMST,TMST,AMR_13,G3_1,WS_30_20,"[""110198""]",1,12611.299999956727,12937.649999951978,12854.899999953182,12611.299999956727,12633.599999956403,12637.649999956344,12844.79999995333,12844.849999953329,12854.849999953183,12854.899999953182,12933.599999952037,12937.649999951978,18.100000000000122,188.80000000000868,17.15000000000011,0,102.04999999999634,0.25,0,19.999999999999954,195.99999999999193
J001935,2023-01-03/TMKR,TMKR,AMR_08,G6_13,WS_2_20,"[""101330"", ""111391""]",2,12614.449999956681,12700.799999955425,12663.449999955968,12614.449999956681,12618.599999956621,12622.649999956562,12653.349999956115,12653.399999956115,12663.39999995597,12663.449999955968,12696.749999955484,12700.799999955425,18.100000000000122,56.349999999998936,9.5,0,2.1500000000000004,0.25,0,2.0,56.00000000000047
J001936,2023-01-03/TMKR,TMKR,AMR_05,G0_11,WS_2_20,"[""110468""]",1,12614.449999956681,12706.499999955342,12680.54999995572,12614.449999956681,12629.69999995646,12633.7499999564,12670.449999955867,12670.499999955866,12680.49999995572,12680.54999995572,12702.449999955401,12706.499999955342,18.100000000000122,60.5499999999987,9.55,0,3.599999999999995,0.25,0,13.999999999999956,52.00000000000036
J001937,2023-01-03/TMKR,TMKR,AMR_23,G11_9,WS_2_20,"[""110225""]",1,12614.449999956681,12754.999999954636,12708.849999955308,12614.449999956681,12646.349999956217,12650.399999956158,12698.749999955455,12698.799999955454,12708.799999955309,12708.849999955308,12750.949999954695,12754.999999954636,18.100000000000122,92.89999999999687,15.300000000000082,0,14.000000000000064,0.25,0,18.0,84.00000000000114
J001938,2023-01-03/TMKR,TMKR,AMR_21,G21_8,WS_2_20,"[""113203""]",1,12614.449999956681,12924.299999952173,12841.849999953372,12614.449999956681,12729.849999955002,12733.899999954943,12831.74999995352,12831.799999953519,12841.799999953373,12841.849999953372,12920.249999952232,12924.299999952173,18.100000000000122,183.70000000000752,24.90000000000022,0,82.89999999999743,0.25,0,72.00000000000057,136.00000000000185
J001939,2023-01-03/TMKR,TMKR,AMR_32,G26_10,WS_2_20,"[""107213""]",1,12614.449999956681,13007.749999950958,12943.999999951886,12614.449999956681,12686.849999955628,12690.899999955569,12933.899999952033,12933.949999952032,12943.949999951887,12943.999999951886,13003.699999951017,13007.749999950958,18.100000000000122,213.00000000001418,22.90000000000019,0,139.04999999999737,0.25,0,60.00000000000031,183.99999999999366
J001940,2023-01-03/TMKR,TMKR,AMR_34,G26_2,WS_2_20,"[""110502""]",1,12614.449999956681,12970.349999951502,12875.799999952878,12614.449999956681,12762.049999954534,12766.099999954475,12865.699999953025,12865.749999953025,12875.749999952879,12875.799999952878,12966.299999951561,12970.349999951502,18.100000000000122,214.75000000001458,23.050000000000193,0,99.74999999999648,0.25,0,96.00000000000111,171.99999999999702
J001941,2023-01-03/WMTK,WMTK,AMR_38,G38_13,WS_25_20,"[""101135""]",1,12632.549999956418,12961.099999951637,12816.399999953743,12632.549999956418,12727.99999995503,12732.04999995497,12806.29999995389,12806.349999953889,12816.349999953743,12816.399999953743,12957.049999951696,12961.099999951637,18.100000000000122,178.90000000000643,21.050000000000164,0,110.24999999999588,0.25,0,110.00000000000112,96.00000000000013
J001942,2023-01-03/WJGK,WJGK,AMR_09,G24_1,WS_8_20,"[""110357""]",2,12638.249999956335,12869.649999952968,12797.34999995402,12638.249999956335,12717.199999955186,12721.249999955127,12787.249999954167,12787.299999954166,12797.29999995402,12797.34999995402,12865.599999953027,12869.649999952968,18.100000000000122,165.85000000000346,20.05000000000015,0,27.15000000000025,0.25,0,46.000000000000085,155.99999999999878
J001943,2023-01-03/WMTK,WMTK,AMR_28,G14_10,WS_25_20,"[""122632""]",1,12640.949999956296,12975.649999951425,12864.249999953046,12640.949999956296,12729.949999955,12733.999999954942,12854.149999953193,12854.199999953193,12864.199999953047,12864.249999953046,12971.599999951484,12975.649999951425,18.100000000000122,153.95000000000076,20.05000000000015,0,142.34999999999812,0.25,0,68.00000000000071,92.00000000000051
J001944,2023-01-03/WJGK,WJGK,AMR_19,G33_14,WS_8_20,"[""110536""]",1,12646.89999995621,13160.19999994874,13037.499999950525,12646.89999995621,12920.699999952225,12924.749999952166,13027.399999950672,13027.449999950672,13037.449999950526,13037.499999950525,13156.149999948799,13160.19999994874,18.100000000000122,306.20000000003535,32.55000000000029,0,156.20000000000127,0.25,0,209.99999999999326,139.99999999999974
J001945,2023-01-03/WMTK,WMTK,AMR_33,G20_10,WS_25_20,"[""110583""]",1,12655.09999995609,12805.899999953896,12746.149999954765,12655.09999995609,12655.09999995609,12659.149999956031,12736.049999954912,12736.099999954911,12746.099999954766,12746.149999954765,12801.849999953954,12805.899999953896,18.100000000000122,70.04999999999816,10.500000000000014,0,51.949999999999186,0.2,0,0.0,72.00000000000051
J001946,2023-01-03/WJGK,WJGK,AMR_20,G35_9,WS_8_20,"[""101318""]",1,12662.899999955976,13164.899999948671,13021.549999950757,12662.899999955976,12852.199999953222,12856.249999953163,13011.449999950904,13011.499999950904,13021.499999950758,13021.549999950757,13160.84999994873,13164.899999948671,18.100000000000122,244.40000000002132,24.000000000000206,0,215.2500000000147,0.25,0,98.00000000000053,183.99999999999486
J001947,2023-01-03/TMKR,TMKR,AMR_39,G14_9,WS_2_20,"[""107412""]",1,12666.449999955925,12917.399999952273,12858.749999953126,12666.449999955925,12782.149999954241,12786.199999954182,12848.649999953273,12848.699999953273,12858.699999953127,12858.749999953126,12913.349999952332,12917.399999952273,18.100000000000122,152.8000000000005,21.050000000000164,0,58.7499999999988,0.25,0,64.0000000000008,96.00000000000108
J001948,2023-01-03/WMTK,WMTK,AMR_27,G15_9,WS_25_20,"[""111379""]",1,12671.249999955855,12967.649999951542,12848.299999953279,12671.249999955855,12720.099999955144,12724.149999955085,12838.199999953426,12838.249999953425,12848.24999995328,12848.299999953279,12963.5999999516,12967.649999951542,18.100000000000122,125.749999999995,19.150000000000137,0,133.14999999999603,0.25,0,38.0000000000001,92.00000000000048
J001949,2023-01-03/TMKR,TMKR,AMR_17,G23_8,WS_2_20,"[""139323""]",1,12680.599999955719,12955.599999951717,12892.84999995263,12680.599999955719,12736.8999999549,12740.94999995484,12882.749999952777,12882.799999952776,12892.799999952631,12892.84999995263,12951.549999951776,12955.599999951717,18.100000000000122,147.24999999999923,15.300000000000082,0,94.0999999999968,0.25,0,27.999999999999993,136.00000000000196
J001950,2023-01-03/WMTK,WMTK,AMR_40,G36_10,WS_25_20,"[""107323""]",1,12698.39999995546,12887.649999952706,12800.499999953974,12698.39999995546,12725.19999995507,12729.249999955011,12790.399999954121,12790.44999995412,12800.449999953975,12800.499999953974,12883.599999952765,12887.649999952706,18.100000000000122,103.39999999999627,13.350000000000055,0,54.14999999999906,0.25,0,24.0,96.00000000000031
J001951,2023-01-03/WJGK,WJGK,AMR_15,G31_2,WS_8_20,"[""110847""]",1,12704.949999955365,12972.349999951473,12848.749999953272,12704.949999955365,12729.849999955002,12733.899999954943,12838.649999953419,12838.699999953418,12848.699999953273,12848.749999953272,12968.299999951532,12972.349999951473,18.100000000000122,173.35000000000517,16.250000000000096,0,59.44999999999876,0.25,0,19.99999999999999,183.99999999999673
J001952,2023-01-03/TMKR,TMKR,AMR_31,G36_2,WS_2_20,"[""107271""]",1,12708.899999955307,13024.599999950713,12926.949999952134,12708.899999955307,12772.999999954374,12777.049999954315,12916.849999952281,12916.89999995228,12926.899999952135,12926.949999952134,13020.549999950772,13024.599999950713,18.100000000000122,229.3000000000179,17.15000000000011,0,50.899999999999245,0.25,0,62.0000000000006,223.99999999998977
J001953,2023-01-03/WMTK,WMTK,AMR_11,G12_9,WS_25_20,"[""112381""]",1,12714.14999995523,12986.099999951273,12900.649999952517,12714.14999995523,12744.799999954785,12748.849999954726,12890.549999952664,12890.599999952663,12900.599999952517,12900.649999952517,12982.049999951332,12986.099999951273,18.100000000000122,117.79999999999545,16.200000000000095,0,119.59999999999535,0.25,0,16.0,104.00000000000077
J001954,2023-01-03/WJGK,WJGK,AMR_02,G38_8,WS_8_20,"[""110374""]",1,12723.1499999551,13237.249999947619,13070.349999950047,12723.1499999551,12818.64999995371,12822.699999953651,13060.249999950194,13060.299999950194,13070.299999950048,13070.349999950047,13233.199999947677,13237.249999947619,18.100000000000122,242.75000000002095,21.950000000000177,0,231.0500000000183,0.25,0,76.0000000000005,199.99999999999378
J001955,2023-01-03/WMTK,WMTK,AMR_30,G38_9,WS_25_20,"[""107428""]",1,12746.199999954764,12952.499999951762,12832.34999995351,12746.199999954764,12768.549999954439,12772.59999995438,12822.249999953658,12822.299999953657,12832.299999953511,12832.34999995351,12948.449999951821,12952.499999951762,18.100000000000122,108.24999999999599,15.300000000000082,0,64.39999999999849,0.25,0,14.0,104.00000000000033
J001956,2023-01-03/WMTK,WMTK,AMR_36,G35_6,WS_25_20,"[""134660""]",1,12800.549999953973,13007.099999950968,12937.349999951983,12800.549999953973,12836.399999953452,12840.449999953393,12927.24999995213,12927.299999952129,12937.299999951983,12937.349999951983,13003.049999951027,13007.099999950968,18.100000000000122,124.0499999999951,14.300000000000068,0,49.849999999999305,0.25,0,34.00000000000003,104.0000000000008
J001957,2023-01-03/WMTK,WMTK,AMR_16,G32_4,WS_25_20,"[""110483""]",1,12816.449999953742,13055.999999950256,12953.34999995175,12816.449999953742,12843.549999953348,12847.599999953289,12943.249999951897,12943.299999951896,12953.29999995175,12953.34999995175,13051.949999950315,13055.999999950256,18.100000000000122,118.6999999999954,17.20000000000011,0,85.2999999999973,0.25,0,19.999999999999996,100.0000000000008
J001958,2023-01-03/WMTK,WMTK,AMR_14,G12_8,WS_25_20,"[""112340""]",1,12832.39999995351,13109.599999949476,12985.249999951286,12832.39999995351,12857.649999953142,12861.699999953084,12975.149999951433,12975.199999951432,12985.199999951286,12985.249999951286,13105.549999949535,13109.599999949476,18.100000000000122,121.44999999999524,16.250000000000096,0,121.14999999999526,0.25,0,20.0,108.0000000000008
J001959,2023-01-03/TMKR,TMKR,AMR_26,G3_12,WS_2_20,"[""112040""]",1,12841.899999953372,12943.399999951895,12909.899999952382,12841.899999953372,12841.899999953372,12845.949999953313,12899.79999995253,12899.849999952528,12909.849999952383,12909.899999952382,12939.349999951954,12943.399999951895,18.100000000000122,46.74999999999948,7.649999999999981,0,28.800000000000274,0.2,0,0.0,48.00000000000033
J001960,2023-01-03/WJGK,WJGK,AMR_06,G35_10,WS_8_20,"[""123304""]",1,12845.549999953319,13172.399999948562,13005.449999950992,12845.549999953319,12845.549999953319,12849.59999995326,12995.349999951139,12995.399999951138,13005.399999950992,13005.449999950992,13168.349999948621,13172.399999948562,18.100000000000122,145.64999999999887,9.5,0,153.40000000000063,0.2,0,0.0,155.99999999999847
J001961,2023-01-03/WMTK,WMTK,AMR_23,G11_9,WS_25_20,"[""125639""]",2,12848.349999953278,13071.049999950037,12969.299999951518,12848.349999953278,12848.349999953278,12852.399999953219,12959.199999951665,12959.249999951664,12969.249999951518,12969.299999951518,13066.999999950096,13071.049999950037,18.100000000000122,106.84999999999607,11.450000000000028,0,86.09999999999725,0.2,0,0.0,116.00000000000082
J001962,2023-01-03/WJER,WJER,AMR_05,G0_15,WS_30_20,"[""107312"", ""110519"", ""124702""]",3,12854.949999953182,13131.549999949157,13009.999999950925,12854.949999953182,12872.19999995293,12876.249999952872,12999.899999951072,12999.949999951072,13009.949999950926,13009.999999950925,13127.499999949216,13131.549999949157,18.100000000000122,141.14999999999785,10.500000000000014,0,106.59999999999609,0.25,0,12.000000000000002,147.9999999999983
J001963,2023-01-03/WJER,WJER,AMR_18,G26_15,WS_30_20,"[""111391"", ""112432""]",2,12854.949999953182,12984.799999951292,12946.299999951852,12854.949999953182,12886.099999952728,12890.14999995267,12936.199999952,12936.249999951999,12946.249999951853,12946.299999951852,12980.749999951351,12984.799999951292,18.100000000000122,59.349999999998765,11.450000000000028,0,40.699999999999825,0.25,0,16.0,44.00000000000003
J001964,2023-01-03/WJER,WJER,AMR_33,G20_9,WS_30_20,"[""110426"", ""112329""]",3,12854.949999953182,13060.999999950183,12975.799999951423,12854.949999953182,12858.949999953124,12862.999999953065,12965.69999995157,12965.74999995157,12975.749999951424,12975.799999951423,13056.949999950242,13060.999999950183,18.100000000000122,111.49999999999581,17.100000000000108,0,59.09999999999878,0.25,0,2.0,120.00000000000082
J001965,2023-01-03/WJER,WJER,AMR_04,G18_10,WS_30_20,"[""107334"", ""112087""]",3,12854.949999953182,13114.8499999494,13027.049999950677,12854.949999953182,12887.149999952713,12891.199999952654,13016.949999950824,13016.999999950824,13026.999999950678,13027.049999950677,13110.799999949459,13114.8499999494,18.100000000000122,113.59999999999569,14.300000000000068,0,113.64999999999569,0.25,0,34.0,96.00000000000068
J001966,2023-01-03/WJER,WJER,AMR_08,G14_15,WS_30_20,"[""107224"", ""110179""]",2,12854.949999953182,13098.29999994964,12992.949999951174,12854.949999953182,12885.29999995274,12889.349999952681,12982.84999995132,12982.89999995132,12992.899999951174,12992.949999951174,13094.2499999497,13098.29999994964,18.100000000000122,110.04999999999589,12.400000000000041,0,102.54999999999632,0.25,0,24.0,92.0000000000001
J001967,2023-01-03/WJER,WJER,AMR_35,G15_10,WS_30_20,"[""110097"", ""111222""]",2,12854.949999953182,13095.949999949675,13044.09999995043,12854.949999953182,12889.749999952675,12893.799999952616,13033.999999950576,13034.049999950576,13044.04999995043,13044.09999995043,13091.899999949734,13095.949999949675,18.100000000000122,154.80000000000095,19.95000000000015,0,47.899999999999416,0.25,0,31.999999999999996,139.9999999999991
J001968,2023-01-03/WMTK,WMTK,AMR_07,G24_2,WS_25_20,"[""138468""]",3,12864.299999953046,13076.499999949958,13001.199999951054,12864.299999953046,12921.799999952209,12925.84999995215,12991.0999999512,12991.1499999512,13001.149999951054,13001.199999951054,13072.449999950017,13076.499999949958,18.100000000000122,132.5499999999959,16.200000000000095,0,45.099999999999575,0.25,0,62.00000000000027,92.00000000000101
J001969,2023-01-03/TMKR,TMKR,AMR_01,G27_10,WS_2_20,"[""110310""]",1,12869.249999952974,13132.69999994914,13025.4499999507,12869.249999952974,12896.649999952575,12900.699999952516,13015.349999950848,13015.399999950847,13025.399999950701,13025.4499999507,13128.649999949199,13132.69999994914,18.100000000000122,175.55000000000567,18.100000000000122,0,51.449999999999214,0.25,0,20.0,187.99999999999642
J001970,2023-01-03/WMTK,WMTK,AMR_40,G38_6,WS_25_20,"[""107225""]",1,12900.699999952516,13125.449999949245,13016.749999950827,12900.699999952516,12916.849999952281,12920.899999952222,13006.649999950974,13006.699999950974,13016.699999950828,13016.749999950827,13121.399999949304,13125.449999949245,18.100000000000122,118.6999999999954,14.300000000000068,0,73.39999999999797,0.25,0,12.0,116.00000000000057
J001971,2023-01-03/WMTK,WMTK,AMR_10,G5_14,WS_25_20,"[""107204""]",1,12937.399999951982,13145.79999994895,13032.899999950592,12937.399999951982,12957.549999951689,12961.59999995163,13022.79999995074,13022.849999950738,13032.849999950593,13032.899999950592,13141.749999949008,13145.79999994895,18.100000000000122,115.1499999999956,13.350000000000055,0,61.54999999999864,0.25,0,14.0,120.00000000000102
J001972,2023-01-03/WJER,WJER,AMR_26,G9_10,WS_30_20,"[""101080"", ""125583""]",2,12946.349999951852,13172.349999948563,13078.199999949933,12946.349999951852,12968.39999995153,12972.449999951472,13068.09999995008,13068.14999995008,13078.149999949934,13078.199999949933,13168.299999948622,13172.349999948563,18.100000000000122,130.64999999999546,12.35000000000004,0,64.64999999999847,0.25,0,16.0,132.0000000000005
J001973,2023-01-03/WMTK,WMTK,AMR_30,G38_2,WS_25_20,"[""112404""]",1,12953.39999995175,13139.649999949039,13057.74999995023,12953.39999995175,12976.849999951408,12980.899999951349,13047.649999950378,13047.699999950377,13057.699999950231,13057.74999995023,13135.599999949098,13139.649999949039,18.100000000000122,132.94999999999598,16.250000000000096,0,18.70000000000013,0.25,0,17.999999999999996,139.99999999999983
J001974,2023-01-03/WMTK,WMTK,AMR_13,G6_7,WS_25_20,"[""120257""]",1,12969.349999951517,13204.1499999481,13142.099999949003,12969.349999951517,12998.399999951094,13002.449999951035,13131.99999994915,13132.04999994915,13142.049999949004,13142.099999949003,13200.09999994816,13204.1499999481,18.100000000000122,136.89999999999688,15.300000000000082,0,64.2499999999985,0.25,0,22.000000000000007,136.0000000000006
J001975,2023-01-03/WJER,WJER,AMR_15,G30_15,WS_30_20,"[""140089""]",1,12975.849999951422,13084.299999949844,13061.149999950181,12975.849999951422,13000.79999995106,13004.849999951,13051.049999950328,13051.099999950327,13061.099999950182,13061.149999950181,13080.249999949903,13084.299999949844,18.100000000000122,57.89999999999885,9.55,0,22.650000000000187,0.25,0,28.0,32.0
J001976,2023-01-03/WMTK,WMTK,AMR_34,G26_2,WS_25_20,"[""123094""]",1,12985.299999951285,13156.499999948794,13073.799999949997,12985.299999951285,12985.299999951285,12989.349999951226,13063.699999950144,13063.749999950143,13073.749999949998,13073.799999949997,13152.449999948853,13156.499999948794,18.100000000000122,88.6999999999971,13.400000000000055,0,50.79999999999925,0.2,0,0.0,100.00000000000114
J001977,2023-01-03/TMMU,TMMU,AMR_27,G17_13,WS_13_20,"[""110342"", ""110432""]",3,12992.49999995118,13114.699999949402,13074.349999949989,12992.49999995118,13009.69999995093,13013.749999950871,13064.249999950136,13064.299999950135,13074.29999994999,13074.349999949989,13110.64999994946,13114.699999949402,18.100000000000122,62.89999999999856,13.400000000000055,0,27.550000000000257,0.25,0,12.0,48.000000000000355
J001978,2023-01-03/TMMU,TMMU,AMR_28,G11_15,WS_13_20,"[""112247""]",1,12992.49999995118,13131.599999949156,13108.449999949493,12992.49999995118,13017.649999950814,13021.699999950755,13098.34999994964,13098.39999994964,13108.399999949494,13108.449999949493,13127.549999949215,13131.599999949156,18.100000000000122,59.24999999999877,11.450000000000028,0,50.049999999999294,0.25,0,20.0,36.00000000000003
J001979,2023-01-03/TMMU,TMMU,AMR_11,G17_14,WS_13_20,"[""140079""]",1,12992.49999995118,13123.79999994927,13091.399999949741,12992.49999995118,13029.249999950645,13033.299999950586,13081.299999949888,13081.349999949887,13091.349999949742,13091.399999949741,13119.749999949328,13123.79999994927,18.100000000000122,70.19999999999816,15.300000000000082,0,27.450000000000255,0.25,0,20.0,44.000000000000256
J001980,2023-01-03/TMMU,TMMU,AMR_18,G18_13,WS_13_20,"[""110178""]",1,12992.49999995118,13171.14999994858,13125.499999949245,12992.49999995118,13071.199999950035,13075.249999949976,13115.399999949392,13115.449999949391,13125.449999949245,13125.499999949245,13167.09999994864,13171.14999994858,18.100000000000122,110.29999999999588,16.200000000000095,0,33.80000000000022,0.25,0,52.00000000000023,60.000000000000256
J001981,2023-01-03/TMMU,TMMU,AMR_29,G6_13,WS_13_20,"[""124208""]",1,12992.49999995118,13204.79999994809,13159.49999994875,12992.49999995118,13063.34999995015,13067.39999995009,13149.399999948897,13149.449999948896,13159.44999994875,13159.49999994875,13200.74999994815,13204.79999994809,18.100000000000122,116.59999999999552,21.050000000000164,0,56.29999999999894,0.25,0,56.00000000000047,64.00000000000058
J001982,2023-01-03/TMMU,TMMU,AMR_39,G12_10,WS_13_20,"[""100167""]",1,12992.49999995118,13095.349999949683,13057.299999950237,12992.49999995118,13005.499999950991,13009.549999950932,13047.199999950384,13047.249999950383,13057.249999950238,13057.299999950237,13091.299999949742,13095.349999949683,18.100000000000122,64.29999999999849,13.350000000000055,0,6.849999999999984,0.25,0,6.0,56.000000000000355
J001983,2023-01-03/WJER,WJER,AMR_25,G33_13,WS_30_20,"[""124208""]",2,12992.999999951173,13130.049999949179,13095.249999949685,12992.999999951173,13015.499999950845,13019.549999950787,13085.149999949832,13085.199999949831,13095.199999949686,13095.249999949685,13125.999999949237,13130.049999949179,18.100000000000122,66.39999999999837,13.400000000000055,0,38.89999999999993,0.25,0,14.0,52.00000000000021
J001984,2023-01-03/WMTK,WMTK,AMR_22,G3_12,WS_25_20,"[""112013""]",1,13001.249999951053,13250.699999947423,13173.89999994854,13001.249999951053,13022.349999950746,13026.399999950687,13163.799999948687,13163.849999948687,13173.849999948541,13173.89999994854,13246.649999947482,13250.699999947423,18.100000000000122,126.59999999999495,13.350000000000055,0,91.14999999999696,0.25,0,13.999999999999993,128.0000000000008
J001985,2023-01-03/WJER,WJER,AMR_36,G35_14,WS_30_20,"[""110484""]",2,13010.049999950925,13150.699999948878,13112.299999949437,13010.049999950925,13032.599999950597,13036.649999950538,13102.199999949584,13102.249999949583,13112.249999949438,13112.299999949437,13146.649999948937,13150.699999948878,18.100000000000122,72.34999999999803,15.300000000000082,0,34.65000000000017,0.25,0,20.0,48.00000000000004
J001986,2023-01-03/WMTK,WMTK,AMR_12,G3_10,WS_25_20,"[""101024""]",1,13016.799999950827,13224.649999947802,13157.949999948773,13016.799999950827,13021.99999995075,13026.049999950692,13147.84999994892,13147.899999948919,13157.899999948773,13157.949999948773,13220.59999994786,13224.649999947802,18.100000000000122,121.74999999999523,11.450000000000028,0,56.29999999999894,0.25,0,4.0,136.00000000000057
J001987,2023-01-03/TSGB,TSGB,AMR_32,G23_10,WS_2_20,"[""107333"", ""110604""]",2,13025.4999999507,13292.699999946812,13163.59999994869,13025.4999999507,13033.399999950585,13037.449999950526,13153.499999948837,13153.549999948837,13163.549999948691,13163.59999994869,13288.64999994687,13292.699999946812,18.100000000000122,133.9499999999962,17.15000000000011,0,97.74999999999659,0.25,0,6.0,136.00000000000128
J001988,2023-01-03/TSGB,TSGB,AMR_03,G26_9,WS_2_20,"[""101012"", ""111220""]",2,13025.4999999507,13300.199999946703,13180.499999948444,13025.4999999507,13050.449999950337,13054.499999950278,13170.399999948591,13170.44999994859,13180.449999948445,13180.499999948444,13296.149999946761,13300.199999946703,18.100000000000122,152.70000000000047,16.250000000000096,0,87.39999999999718,0.25,0,20.0,144.00000000000037
J001989,2023-01-03/TSGB,TSGB,AMR_17,G0_11,WS_2_20,"[""138355""]",1,13025.4999999507,13241.649999947555,13215.599999947934,13025.4999999507,13156.199999948798,13160.249999948739,13205.49999994808,13205.54999994808,13215.549999947934,13215.599999947934,13237.599999947613,13241.649999947555,18.100000000000122,114.99999999999561,15.350000000000083,0,67.44999999999831,0.25,0,80.00000000000144,52.00000000000036
J001990,2023-01-03/TSGB,TSGB,AMR_21,G8_12,WS_2_20,"[""112010""]",1,13025.4999999507,13183.199999948405,13141.999999949005,13025.4999999507,13076.749999949954,13080.799999949895,13131.899999949152,13131.94999994915,13141.949999949005,13141.999999949005,13179.149999948464,13183.199999948405,18.100000000000122,91.59999999999694,13.350000000000055,0,34.40000000000018,0.25,0,38.000000000000114,60.0000000000005
J001991,2023-01-03/TSGB,TSGB,AMR_24,G12_12,WS_2_20,"[""107328""]",1,13025.4999999507,13283.24999994695,13232.749999947684,13025.4999999507,13169.049999948611,13173.099999948552,13222.649999947831,13222.69999994783,13232.699999947685,13232.749999947684,13279.199999947008,13283.24999994695,18.100000000000122,173.60000000000522,22.000000000000178,0,43.79999999999965,0.25,0,112.00000000000185,84.00000000000091
J001992,2023-01-03/TSGB,TSGB,AMR_09,G8_7,WS_2_20,"[""107344""]",1,13025.4999999507,13169.299999948607,13125.049999949251,13025.4999999507,13071.599999950029,13075.64999994997,13114.949999949398,13114.999999949398,13124.999999949252,13125.049999949251,13165.249999948666,13169.299999948607,18.100000000000122,109.09999999999594,14.350000000000069,0,2.000000000000001,0.25,0,52.00000000000054,80.00000000000108
J001993,2023-01-03/WJER,WJER,AMR_38,G36_14,WS_30_20,"[""111897""]",1,13027.099999950677,13166.799999948644,13129.349999949189,13027.099999950677,13040.149999950487,13044.199999950428,13119.249999949336,13119.299999949335,13129.29999994919,13129.349999949189,13162.749999948703,13166.799999948644,18.100000000000122,67.7499999999983,13.400000000000055,0,40.199999999999854,0.25,0,6.0,60.000000000000114
J001994,2023-01-03/WMTK,WMTK,AMR_31,G2_12,WS_25_20,"[""110153""]",1,13032.949999950592,13425.349999944881,13325.699999946331,13032.949999950592,13167.149999948639,13171.19999994858,13315.599999946478,13315.649999946478,13325.649999946332,13325.699999946331,13421.29999994494,13425.349999944881,18.100000000000122,222.3000000000163,24.850000000000218,0,126.89999999999493,0.25,0,116.00000000000244,147.99999999999875
J001995,2023-01-03/WJER,WJER,AMR_37,G27_12,WS_30_20,"[""109843""]",1,13045.649999950407,13182.599999948414,13146.39999994894,13045.649999950407,13060.399999950192,13064.449999950133,13136.299999949088,13136.349999949087,13146.349999948941,13146.39999994894,13178.549999948473,13182.599999948414,18.100000000000122,65.54999999999842,13.400000000000055,0,39.649999999999885,0.25,0,8.0,52.00000000000021
J001996,2023-01-03/TMMU,TMMU,AMR_16,G14_9,WS_13_20,"[""110227""]",1,13057.349999950236,13295.54999994677,13229.59999994773,13057.349999950236,13145.349999948956,13149.399999948897,13219.499999947877,13219.549999947876,13229.54999994773,13229.59999994773,13291.49999994683,13295.54999994677,18.100000000000122,114.09999999999566,15.300000000000082,0,90.449999999997,0.25,0,58.00000000000006,60.000000000000355
J001997,2023-01-03/WMTK,WMTK,AMR_33,G3_9,WS_25_20,"[""112367""]",1,13061.049999950183,13299.449999946713,13216.599999947919,13061.049999950183,13106.099999949527,13110.149999949468,13206.499999948066,13206.549999948065,13216.54999994792,13216.599999947919,13295.399999946772,13299.449999946713,18.100000000000122,161.90000000000256,17.20000000000011,0,40.94999999999981,0.25,0,42.00000000000014,140.00000000000045
J001998,2023-01-03/WRAU,WRAU,AMR_23,G26_12,WS_8_20,"[""101329"", ""110191"", ""110231"", ""110385"", ""111237"", ""120450""]",8,13071.099999950036,13377.549999945577,13278.949999947012,13071.099999950036,13181.649999948428,13185.699999948369,13268.849999947159,13268.899999947158,13278.899999947012,13278.949999947012,13373.499999945636,13377.549999945577,18.100000000000122,196.25000000001037,23.000000000000192,0,68.84999999999823,0.25,0,108.00000000000202,112.00000000000065
J001999,2023-01-03/WRAU,WRAU,AMR_07,G17_10,WS_8_20,"[""101290"", ""107232"", ""110433"", ""110555""]",5,13076.549999949957,13254.34999994737,13200.599999948152,13076.549999949957,13134.69999994911,13138.749999949052,13190.499999948299,13190.549999948298,13200.549999948153,13200.599999948152,13250.299999947429,13254.34999994737,18.100000000000122,119.24999999999537,16.250000000000096,0,23.950000000000205,0.25,0,46.000000000000185,84.00000000000085
J002000,2023-01-03/WRAU,WRAU,AMR_15,G11_10,WS_8_20,"[""110137"", ""110526"", ""112332""]",3,13084.349999949844,13403.249999945203,13358.699999945851,13084.349999949844,13290.949999946837,13294.999999946778,13348.599999945998,13348.649999945997,13358.649999945852,13358.699999945851,13399.199999945262,13403.249999945203,18.100000000000122,194.75000000001003,28.750000000000274,0,77.04999999999777,0.25,0,155.99999999999903,60.00000000000051
J002001,2023-01-03/WJER,WJER,AMR_39,G11_9,WS_30_20,"[""107280"", ""110380"", ""125639""]",5,13095.399999949683,13311.249999946542,13236.849999947624,13095.399999949683,13135.3999999491,13139.449999949042,13226.749999947771,13226.79999994777,13236.799999947625,13236.849999947624,13307.1999999466,13311.249999946542,18.100000000000122,131.2999999999956,15.300000000000082,0,50.899999999999245,0.25,0,16.0,136.0
J002002,2023-01-03/WRAU,WRAU,AMR_35,G5_10,WS_8_20,"[""110166"", ""110597"", ""123094""]",3,13095.999999949674,13286.249999946906,13240.799999947567,13095.999999949674,13169.449999948605,13173.499999948546,13230.699999947714,13230.749999947713,13240.749999947568,13240.799999947567,13282.199999946964,13286.249999946906,18.100000000000122,89.54999999999706,13.350000000000055,0,68.99999999999822,0.25,0,24.00000000000003,68.00000000000043
J002003,2023-01-03/TMMU,TMMU,AMR_08,G30_15,WS_13_20,"[""110609"", ""125179""]",2,13098.34999994964,13284.049999946938,13207.849999948046,13098.34999994964,13151.599999948865,13155.649999948806,13197.749999948193,13197.799999948193,13207.799999948047,13207.849999948046,13279.999999946996,13284.049999946938,18.100000000000122,107.49999999999604,11.500000000000028,0,48.34999999999939,0.25,0,36.0,92.00000000000026
J002004,2023-01-03/WJER,WJER,AMR_14,G33_12,WS_30_20,"[""111237""]",1,13109.649999949475,13354.899999945907,13308.049999946588,13109.649999949475,13263.499999947237,13267.549999947178,13297.949999946735,13297.999999946735,13307.999999946589,13308.049999946588,13350.849999945965,13354.899999945907,18.100000000000122,123.14999999999515,18.100000000000122,0,85.64999999999728,0.25,0,74.00000000000043,56.0000000000003
J002005,2023-01-03/WRAU,WRAU,AMR_27,G18_12,WS_8_20,"[""110161"", ""110475"", ""111330""]",4,13114.749999949401,13302.949999946663,13222.249999947837,13114.749999949401,13161.999999948714,13166.049999948655,13212.149999947984,13212.199999947983,13222.199999947838,13222.249999947837,13298.899999946721,13302.949999946663,18.100000000000122,116.39999999999553,17.20000000000011,0,36.25000000000008,0.25,0,28.0,88.0000000000006
J002006,2023-01-03/TMMU,TMMU,AMR_04,G18_10,WS_13_20,"[""107334"", ""112087""]",2,13114.899999949399,13246.549999947483,13176.6499999485,13114.899999949399,13114.899999949399,13118.94999994934,13166.549999948647,13166.599999948647,13176.599999948501,13176.6499999485,13242.499999947542,13246.549999947483,18.100000000000122,72.44999999999803,14.350000000000069,0,26.550000000000242,0.2,0,0.0,72.00000000000028
J002007,2023-01-03/WJER,WJER,AMR_11,G23_13,WS_30_20,"[""110398""]",1,13123.849999949269,13264.799999947218,13220.199999947867,13123.849999949269,13160.599999948734,13164.649999948675,13210.099999948014,13210.149999948013,13220.149999947867,13220.199999947867,13260.749999947277,13264.799999947218,18.100000000000122,95.34999999999673,17.20000000000011,0,10.050000000000008,0.25,0,26.0,72.00000000000023
J002008,2023-01-03/TSGB,TSGB,AMR_40,G15_10,WS_2_20,"[""110097""]",1,13125.499999949245,13401.34999994523,13335.599999946187,13125.499999949245,13227.599999947759,13231.6499999477,13325.499999946334,13325.549999946334,13335.549999946188,13335.599999946187,13397.29999994529,13401.34999994523,18.100000000000122,146.34999999999903,18.200000000000124,0,92.94999999999686,0.25,0,66.00000000000003,96.00000000000122
J002009,2023-01-03/TMMU,TMMU,AMR_25,G29_8,WS_13_20,"[""110569""]",1,13130.099999949178,13378.69999994556,13276.199999947052,13130.099999949178,13204.299999948098,13208.34999994804,13266.099999947199,13266.149999947198,13276.149999947052,13276.199999947052,13374.64999994562,13378.69999994556,18.100000000000122,141.54999999999794,23.000000000000192,0,65.69999999999841,0.25,0,34.0,116.00000000000091
J002010,2023-01-03/WJER,WJER,AMR_05,G29_10,WS_30_20,"[""110232""]",1,13131.599999949156,13361.099999945816,13325.14999994634,13131.599999949156,13268.449999947165,13272.499999947106,13315.049999946486,13315.099999946486,13325.09999994634,13325.14999994634,13357.049999945875,13361.099999945816,18.100000000000122,124.0499999999951,17.25000000000011,0,69.84999999999818,0.25,0,76.00000000000065,60.0000000000004
J002011,2023-01-03/WMTK,WMTK,AMR_28,G0_12,WS_25_20,"[""115077""]",1,13131.649999949155,13360.499999945825,13293.699999946797,13131.649999949155,13166.39999994865,13170.44999994859,13283.599999946944,13283.649999946943,13293.649999946798,13293.699999946797,13356.449999945884,13360.499999945825,18.100000000000122,154.75000000000094,20.00000000000015,0,35.75000000000011,0.25,0,31.999999999999975,144.00000000000034
J002012,2023-01-03/WRAU,WRAU,AMR_01,G12_13,WS_8_20,"[""110412"", ""134028""]",2,13132.74999994914,13306.049999946617,13263.199999947241,13132.74999994914,13183.849999948396,13187.899999948337,13253.099999947388,13253.149999947387,13263.149999947242,13263.199999947241,13301.999999946676,13306.049999946617,18.100000000000122,92.84999999999687,14.350000000000069,0,47.749999999999424,0.25,0,36.00000000000003,60.0000000000006
J002013,2023-01-03/TMMU,TMMU,AMR_30,G0_15,WS_13_20,"[""110519""]",1,13139.699999949038,13486.59999994399,13403.299999945202,13139.699999949038,13333.149999946223,13337.199999946164,13393.19999994535,13393.249999945348,13403.249999945203,13403.299999945202,13482.549999944049,13486.59999994399,18.100000000000122,210.0000000000135,28.800000000000274,0,89.74999999999704,0.25,0,169.99999999999676,80.00000000000077
J002014,2023-01-03/TSGB,TSGB,AMR_10,G20_12,WS_2_20,"[""110297""]",1,13145.849999948949,13371.84999994566,13318.699999946433,13145.849999948949,13212.149999947984,13216.199999947925,13308.59999994658,13308.64999994658,13318.649999946434,13318.699999946433,13367.799999945719,13371.84999994566,18.100000000000122,133.59999999999613,15.300000000000082,0,58.7499999999988,0.25,0,46.00000000000023,108.00000000000173
J002015,2023-01-03/WJER,WJER,AMR_36,G32_10,WS_30_20,"[""131589""]",1,13150.749999948877,13291.799999946825,13256.799999947334,13150.749999948877,13207.999999948044,13212.049999947985,13246.699999947481,13246.74999994748,13256.749999947335,13256.799999947334,13287.749999946884,13291.799999946825,18.100000000000122,71.49999999999808,13.350000000000055,0,37.84999999999999,0.25,0,14.0,56.00000000000041
J002016,2023-01-03/WMTK,WMTK,AMR_34,G0_8,WS_25_20,"[""131980""]",1,13156.549999948793,13473.899999944175,13373.099999945642,13156.549999948793,13230.349999947719,13234.39999994766,13362.999999945789,13363.049999945788,13373.049999945642,13373.099999945642,13469.849999944234,13473.899999944175,18.100000000000122,198.00000000001077,19.100000000000136,0,81.89999999999749,0.25,0,76.00000000000153,155.99999999999864
J002017,2023-01-03/TMMU,TMMU,AMR_19,G32_12,WS_13_20,"[""121833""]",1,13160.249999948739,13383.699999945487,13293.249999946804,13160.249999948739,13213.549999947963,13217.599999947905,13283.14999994695,13283.19999994695,13293.199999946804,13293.249999946804,13379.649999945546,13383.699999945487,18.100000000000122,127.24999999999491,15.250000000000082,0,62.59999999999858,0.25,0,22.0,116.00000000000045
J002018,2023-01-03/TSGB,TSGB,AMR_20,G21_10,WS_2_20,"[""107254""]",1,13164.94999994867,13437.949999944698,13368.649999945706,13164.94999994867,13251.54999994741,13255.599999947352,13358.549999945853,13358.599999945853,13368.599999945707,13368.649999945706,13433.899999944757,13437.949999944698,18.100000000000122,162.70000000000275,20.05000000000015,0,71.89999999999806,0.25,0,62.00000000000047,120.00000000000148
J002019,2023-01-03/WJER,WJER,AMR_38,G27_10,WS_30_20,"[""107343""]",1,13166.849999948643,13314.049999946501,13273.999999947084,13166.849999948643,13207.59999994805,13211.649999947991,13263.89999994723,13263.94999994723,13273.949999947085,13273.999999947084,13309.99999994656,13314.049999946501,18.100000000000122,88.59999999999711,16.250000000000096,0,24.000000000000206,0.25,0,30.0,60.0000000000004
J002020,2023-01-03/TMMU,TMMU,AMR_09,G2_1,WS_13_20,"[""110339""]",1,13176.6999999485,13408.649999945124,13310.299999946556,13176.6999999485,13209.199999948027,13213.249999947968,13300.199999946703,13300.249999946702,13310.249999946556,13310.299999946556,13404.599999945183,13408.649999945124,18.100000000000122,148.4499999999995,18.100000000000122,0,47.049999999999464,0.25,0,27.999999999999922,140.00000000000205
J002021,2023-01-03/TSGB,TSGB,AMR_26,G14_2,WS_2_20,"[""109843""]",1,13180.549999948444,13346.649999946027,13274.849999947071,13180.549999948444,13208.799999948033,13212.849999947974,13264.749999947218,13264.799999947218,13274.799999947072,13274.849999947071,13342.599999946086,13346.649999946027,18.100000000000122,130.4499999999954,14.300000000000068,0,2.9999999999999973,0.25,0,25.99999999999999,132.00000000000244
J002022,2023-01-03/WRAU,WRAU,AMR_06,G35_10,WS_8_20,"[""100949"", ""111307"", ""112288""]",3,13200.649999948151,13406.749999945152,13294.89999994678,13200.649999948151,13200.649999948151,13204.699999948092,13284.799999946927,13284.849999946926,13294.84999994678,13294.89999994678,13402.699999945211,13406.749999945152,18.100000000000122,131.89999999999574,8.549999999999986,0,47.34999999999945,0.2,0,0.0,155.99999999999775
J002023,2023-01-03/TMMU,TMMU,AMR_37,G26_2,WS_13_20,"[""107317""]",1,13207.899999948046,13442.299999944635,13357.999999945861,13207.899999948046,13278.249999947022,13282.299999946963,13347.899999946008,13347.949999946008,13357.949999945862,13357.999999945861,13438.249999944694,13442.299999944635,18.100000000000122,164.3000000000031,16.200000000000095,0,35.55000000000012,0.25,0,66.00000000000067,128.00000000000108
J002024,2023-01-03/TSGB,TSGB,AMR_18,G26_10,WS_2_20,"[""107213""]",1,13215.649999947933,13498.749999943813,13385.649999945459,13215.649999947933,13287.899999946882,13291.949999946823,13375.549999945606,13375.599999945605,13385.59999994546,13385.649999945459,13494.699999943872,13498.749999943813,18.100000000000122,176.25000000000583,22.000000000000178,0,66.49999999999837,0.25,0,54.00000000000048,151.99999999999955
J002025,2023-01-03/WJER,WJER,AMR_21,G23_12,WS_30_20,"[""111999""]",2,13220.249999947866,13400.449999945244,13359.249999945843,13220.249999947866,13288.999999946866,13293.049999946807,13349.14999994599,13349.19999994599,13359.199999945844,13359.249999945843,13396.399999945303,13400.449999945244,18.100000000000122,118.39999999999542,18.150000000000123,0,25.300000000000225,0.25,0,54.000000000000085,76.00000000000037
J002026,2023-01-03/WRAU,WRAU,AMR_13,G9_10,WS_8_20,"[""101080"", ""107238""]",2,13222.299999947836,13346.949999946022,13310.849999946548,13222.299999947836,13239.94999994758,13243.99999994752,13300.749999946695,13300.799999946694,13310.799999946548,13310.849999946548,13342.899999946081,13346.949999946022,18.100000000000122,67.5999999999983,9.55,0,29.15000000000028,0.25,0,12.0,56.00000000000044
J002027,2023-01-03/TSGB,TSGB,AMR_12,G3_10,WS_2_20,"[""110561""]",1,13232.799999947683,13323.199999946368,13292.14999994682,13232.799999947683,13232.799999947683,13236.849999947624,13282.049999946967,13282.099999946966,13292.09999994682,13292.14999994682,13319.149999946427,13323.199999946368,18.100000000000122,46.3999999999995,5.699999999999988,0,20.00000000000015,0.2,0,0.0,52.00000000000041
J002028,2023-01-03/WJER,WJER,AMR_29,G38_13,WS_30_20,"[""110178""]",1,13236.899999947624,13632.149999941872,13589.149999942498,13236.899999947624,13532.849999943317,13536.899999943258,13579.049999942645,13579.099999942644,13589.099999942498,13589.149999942498,13628.099999941931,13632.149999941872,18.100000000000122,213.5000000000143,30.6000000000003,0,132.79999999999595,0.25,0,163.99999999999736,64.00000000000013
J002029,2023-01-03/WMTK,WMTK,AMR_02,G38_8,WS_25_20,"[""101327""]",1,13237.299999947618,13364.24999994577,13309.749999946564,13237.299999947618,13237.299999947618,13241.349999947559,13299.64999994671,13299.69999994671,13309.699999946564,13309.749999946564,13360.19999994583,13364.24999994577,18.100000000000122,89.29999999999707,9.55,0,9.800000000000004,0.2,0,0.0,108.00000000000058
J002030,2023-01-03/WRAU,WRAU,AMR_17,G0_11,WS_8_20,"[""112203"", ""117432"", ""138355""]",3,13241.699999947554,13377.449999945578,13326.799999946315,13241.699999947554,13241.699999947554,13245.749999947495,13316.699999946462,13316.749999946462,13326.749999946316,13326.799999946315,13373.399999945637,13377.449999945578,18.100000000000122,70.29999999999815,9.55,0,37.6,0.2,0,0.0,76.00000000000055
J002031,2023-01-03/WJER,WJER,AMR_04,G21_13,WS_30_20,"[""101102""]",2,13256.849999947333,13396.349999945303,13342.199999946091,13256.849999947333,13280.749999946986,13284.799999946927,13332.099999946238,13332.149999946238,13342.149999946092,13342.199999946091,13392.299999945362,13396.349999945303,18.100000000000122,85.39999999999729,14.300000000000068,0,21.45000000000017,0.25,0,16.0,72.00000000000023
J002032,2023-01-03/WRAU,WRAU,AMR_22,G3_12,WS_8_20,"[""110210"", ""112040""]",4,13263.24999994724,13376.249999945596,13342.749999946083,13263.24999994724,13263.24999994724,13267.299999947181,13332.64999994623,13332.69999994623,13342.699999946084,13342.749999946083,13372.199999945655,13376.249999945596,18.100000000000122,60.19999999999872,9.55,0,24.95000000000022,0.2,0,0.0,60.00000000000034
J002033,2023-01-03/WJER,WJER,AMR_07,G36_10,WS_30_20,"[""107323""]",2,13274.049999947083,13423.699999944905,13376.299999945595,13274.049999947083,13311.699999946535,13315.749999946476,13366.199999945742,13366.249999945741,13376.249999945596,13376.299999945595,13419.649999944964,13423.699999944905,18.100000000000122,100.79999999999642,12.35000000000004,0,18.150000000000123,0.25,0,42.0,72.00000000000031
J002034,2023-01-03/TSGB,TSGB,AMR_11,G29_15,WS_2_20,"[""112287""]",1,13274.89999994707,13504.399999943731,13436.799999944715,13274.89999994707,13330.299999946265,13334.349999946206,13426.699999944862,13426.749999944861,13436.749999944715,13436.799999944715,13500.34999994379,13504.399999943731,18.100000000000122,134.2999999999963,12.450000000000042,0,64.39999999999849,0.25,0,24.0,132.00000000000188
J002035,2023-01-03/WRAU,WRAU,AMR_24,G17_12,WS_8_20,"[""110362"", ""136998""]",2,13283.299999946948,13418.649999944979,13374.64999994562,13283.299999946948,13302.049999946676,13306.099999946617,13364.549999945766,13364.599999945765,13374.59999994562,13374.64999994562,13414.599999945038,13418.649999944979,18.100000000000122,84.84999999999732,12.400000000000041,0,19.750000000000146,0.25,0,14.0,76.00000000000102
J002036,2023-01-03/TSGB,TSGB,AMR_35,G17_10,WS_2_20,"[""118518""]",1,13292.199999946819,13478.099999944114,13419.749999944963,13292.199999946819,13322.549999946377,13326.599999946318,13409.64999994511,13409.699999945109,13419.699999944964,13419.749999944963,13474.049999944173,13478.099999944114,18.100000000000122,122.2499999999952,14.350000000000069,0,30.950000000000305,0.25,0,28.0,104.00000000000128
J002037,2023-01-03/WRAU,WRAU,AMR_32,G11_2,WS_8_20,"[""110189"", ""110286""]",2,13294.949999946779,13482.649999944048,13390.699999945386,13294.949999946779,13333.34999994622,13337.399999946161,13380.599999945533,13380.649999945532,13390.649999945386,13390.699999945386,13478.599999944106,13482.649999944048,18.100000000000122,120.4999999999953,13.350000000000055,0,35.50000000000012,0.25,0,40.0000000000002,100.00000000000156
J002038,2023-01-03/WJER,WJER,AMR_36,G38_10,WS_30_20,"[""101025""]",1,13308.099999946588,13435.999999944726,13393.349999945347,13308.099999946588,13326.749999946316,13330.799999946257,13383.249999945494,13383.299999945493,13393.299999945348,13393.349999945347,13431.949999944785,13435.999999944726,18.100000000000122,88.29999999999713,13.350000000000055,0,7.89999999999998,0.25,0,16.0,84.00000000000041
J002039,2023-01-03/WRAU,WRAU,AMR_33,G3_2,WS_8_20,"[""110344"", ""110386""]",2,13310.899999946547,13511.99999994362,13427.749999944846,13310.899999946547,13334.349999946206,13338.399999946147,13417.649999944993,13417.699999944993,13427.699999944847,13427.749999944846,13507.94999994368,13511.99999994362,18.100000000000122,117.54999999999546,18.150000000000123,0,47.049999999999464,0.25,0,17.999999999999996,108.00000000000172
J002040,2023-01-03/TSGB,TSGB,AMR_39,G11_9,WS_2_20,"[""125639""]",1,13318.749999946433,13464.999999944304,13402.699999945211,13318.749999946433,13318.749999946433,13322.799999946374,13392.599999945358,13392.649999945357,13402.649999945212,13402.699999945211,13460.949999944363,13464.999999944304,18.100000000000122,79.64999999999762,9.55,0,38.749999999999936,0.2,0,0.0,84.000000000001
J002041,2023-01-03/WJER,WJER,AMR_38,G35_8,WS_30_20,"[""101203""]",1,13325.199999946339,13457.04999994442,13410.399999945099,13325.199999946339,13352.799999945937,13356.849999945878,13400.299999945246,13400.349999945245,13410.3499999451,13410.399999945099,13452.999999944479,13457.04999994442,18.100000000000122,89.74999999999704,16.250000000000096,0,7.499999999999981,0.25,0,24.0,72.00000000000053
J002042,2023-01-03/WRAU,WRAU,AMR_03,G26_14,WS_8_20,"[""110169"", ""110342""]",3,13326.849999946315,13524.099999943444,13443.94999994461,13326.849999946315,13345.499999946043,13349.549999945984,13433.849999944758,13433.899999944757,13443.899999944611,13443.94999994461,13520.049999943503,13524.099999943444,18.100000000000122,105.14999999999617,13.400000000000055,0,60.34999999999871,0.25,0,14.0,104.00000000000097
J002043,2023-01-03/TSGB,TSGB,AMR_16,G14_9,WS_2_20,"[""110227""]",1,13335.649999946187,13529.799999943361,13471.299999944213,13335.649999946187,13335.649999946187,13339.699999946128,13461.19999994436,13461.249999944359,13471.249999944213,13471.299999944213,13525.74999994342,13529.799999943361,18.100000000000122,99.1999999999965,13.400000000000055,0,63.24999999999854,0.2,0,0.0,104.00000000000108
J002044,2023-01-03/WJER,WJER,AMR_27,G23_9,WS_30_20,"[""113093""]",1,13342.24999994609,13478.29999994411,13438.099999944696,13342.24999994609,13363.54999994578,13367.599999945722,13427.999999944843,13428.049999944842,13438.049999944697,13438.099999944696,13474.24999994417,13478.29999994411,18.100000000000122,88.6499999999971,11.400000000000027,0,17.650000000000116,0.25,0,16.0,80.00000000000057
J002045,2023-01-03/WRAU,WRAU,AMR_12,G3_1,WS_8_20,"[""107290"", ""110195""]",2,13342.799999946083,13634.449999941839,13555.599999942986,13342.799999946083,13427.999999944843,13432.049999944784,13545.499999943133,13545.549999943132,13555.549999942987,13555.599999942986,13630.399999941897,13634.449999941839,18.100000000000122,153.95000000000076,18.150000000000123,0,101.1999999999964,0.25,0,42.00000000000013,124.00000000000189
J002046,2023-01-03/WRAU,WRAU,AMR_14,G33_13,WS_8_20,"[""111303"", ""112432""]",2,13358.74999994585,13569.949999942777,13459.899999944379,13358.74999994585,13361.799999945806,13365.849999945747,13449.799999944526,13449.849999944525,13459.84999994438,13459.899999944379,13565.899999942836,13569.949999942777,18.100000000000122,126.39999999999496,8.549999999999986,0,57.89999999999885,0.25,0,2.0,143.99999999999935
J002047,2023-01-03/WJER,WJER,AMR_08,G33_7,WS_30_20,"[""101117""]",1,13359.299999945843,13512.649999943611,13454.94999994445,13359.299999945843,13389.899999945397,13393.949999945338,13444.849999944598,13444.899999944597,13454.899999944451,13454.94999994445,13508.59999994367,13512.649999943611,18.100000000000122,98.34999999999656,16.200000000000095,0,20.450000000000156,0.25,0,26.00000000000003,76.00000000000054
J002048,2023-01-03/TSGB,TSGB,AMR_26,G24_2,WS_2_20,"[""138468""]",1,13368.699999945706,13572.249999942744,13497.749999943828,13368.699999945706,13392.49999994536,13396.5499999453,13487.649999943975,13487.699999943974,13497.699999943829,13497.749999943828,13568.199999942803,13572.249999942744,18.100000000000122,150.95000000000007,12.400000000000041,0,21.850000000000176,0.25,0,23.999999999999996,163.99999999999758
J002049,2023-01-03/WRAU,WRAU,AMR_13,G11_15,WS_8_20,"[""111312""]",1,13374.699999945618,13555.599999942986,13491.799999943914,13374.699999945618,13434.649999944746,13438.699999944687,13481.699999944061,13481.74999994406,13491.749999943915,13491.799999943914,13551.549999943045,13555.599999942986,18.100000000000122,93.9999999999968,12.35000000000004,0,56.199999999998944,0.25,0,54.00000000000054,40.000000000000014
J002050,2023-01-03/WJER,WJER,AMR_05,G24_8,WS_30_20,"[""110219""]",2,13376.349999945594,13546.44999994312,13506.099999943706,13376.349999945594,13412.39999994507,13416.44999994501,13495.999999943853,13496.049999943853,13506.049999943707,13506.099999943706,13542.399999943178,13546.44999994312,18.100000000000122,103.09999999999629,14.300000000000068,0,34.350000000000186,0.25,0,34.0,80.00000000000068
J002051,2023-01-03/TSGB,TSGB,AMR_19,G30_15,WS_2_20,"[""110609""]",1,13385.699999945458,13619.099999942062,13552.899999943025,13385.699999945458,13431.699999944789,13435.74999994473,13542.799999943172,13542.849999943171,13552.849999943026,13552.899999943025,13615.04999994212,13619.099999942062,18.100000000000122,141.49999999999793,14.300000000000068,0,59.24999999999877,0.25,0,26.0,140.00000000000034
J002052,2023-01-03/WRAU,WRAU,AMR_25,G29_8,WS_8_20,"[""110426"", ""110511""]",3,13390.749999945385,13602.349999942306,13475.849999944146,13390.749999945385,13390.749999945385,13394.799999945326,13465.749999944293,13465.799999944293,13475.799999944147,13475.849999944146,13598.299999942365,13602.349999942306,18.100000000000122,132.39999999999586,15.250000000000082,0,45.649999999999544,0.2,0,0.0,151.99999999999912
J002053,2023-01-03/WJER,WJER,AMR_02,G38_9,WS_30_20,"[""137523""]",1,13393.399999945346,13535.849999943273,13489.049999943954,13393.399999945346,13397.399999945288,13401.44999994523,13478.949999944101,13478.9999999441,13488.999999943955,13489.049999943954,13531.799999943332,13535.849999943273,18.100000000000122,87.94999999999715,11.400000000000027,0,24.750000000000217,0.25,0,2.0,92.0000000000005
J002054,2023-01-03/TMMU,TMMU,AMR_40,G15_10,WS_13_20,"[""110313""]",1,13401.39999994523,13491.949999943912,13454.449999944458,13401.39999994523,13401.39999994523,13405.449999945171,13444.349999944605,13444.399999944604,13454.399999944459,13454.449999944458,13487.899999943971,13491.949999943912,18.100000000000122,57.29999999999888,9.5,0,5.449999999999989,0.2,0,0.0,56.000000000000355
J002055,2023-01-03/TSGB,TSGB,AMR_23,G29_10,WS_2_20,"[""110186""]",1,13402.74999994521,13706.44999994079,13635.349999941825,13402.74999994521,13430.099999944812,13434.149999944753,13625.249999941972,13625.299999941972,13635.299999941826,13635.349999941825,13702.39999994085,13706.44999994079,18.100000000000122,169.1000000000042,19.100000000000136,0,97.14999999999662,0.25,0,14.0,175.9999999999961
J002056,2023-01-03/WJER,WJER,AMR_06,G35_10,WS_30_20,"[""123304""]",1,13410.449999945098,13513.249999943602,13471.999999944203,13410.449999945098,13410.449999945098,13414.49999994504,13461.89999994435,13461.949999944349,13471.949999944203,13471.999999944203,13509.199999943661,13513.249999943602,18.100000000000122,60.64999999999869,10.500000000000014,0,13.350000000000055,0.2,0,0.0,64.0000000000004
J002057,2023-01-03/TSGB,TSGB,AMR_21,G29_9,WS_2_20,"[""110599""]",1,13419.799999944962,13704.299999940822,13584.14999994257,13419.799999944962,13445.199999944592,13449.249999944534,13574.049999942717,13574.099999942717,13584.099999942571,13584.14999994257,13700.249999940881,13704.299999940822,18.100000000000122,185.90000000000802,22.000000000000178,0,58.24999999999883,0.25,0,18.0,195.99999999999457
J002058,2023-01-03/WRAU,WRAU,AMR_15,G11_14,WS_8_20,"[""110151""]",1,13427.799999944846,13564.349999942859,13507.749999943682,13427.799999944846,13444.299999944606,13448.349999944547,13497.64999994383,13497.699999943829,13507.699999943683,13507.749999943682,13560.299999942918,13564.349999942859,18.100000000000122,60.14999999999872,10.500000000000014,0,47.549999999999436,0.25,0,12.0,44.00000000000021
J002059,2023-01-03/TSGB,TSGB,AMR_04,G27_2,WS_2_20,"[""110569""]",1,13436.849999944714,13708.049999940768,13618.299999942074,13436.849999944714,13470.84999994422,13474.89999994416,13608.19999994222,13608.24999994222,13618.249999942074,13618.299999942074,13703.999999940826,13708.049999940768,18.100000000000122,185.4000000000079,18.150000000000123,0,49.299999999999336,0.25,0,34.000000000000014,179.99999999999542
J002060,2023-01-03/WJER,WJER,AMR_20,G21_10,WS_30_20,"[""107254""]",1,13438.149999944695,13564.599999942855,13523.149999943458,13438.149999944695,13438.149999944695,13442.199999944636,13513.049999943605,13513.099999943604,13523.099999943459,13523.149999943458,13560.549999942914,13564.599999942855,18.100000000000122,72.09999999999805,8.549999999999986,0,27.500000000000256,0.2,0,0.0,84.00000000000048
J002061,2023-01-03/WRAU,WRAU,AMR_22,G5_14,WS_8_20,"[""107204""]",1,13443.99999994461,13572.54999994274,13523.69999994345,13443.99999994461,13464.099999944317,13468.149999944259,13513.599999943597,13513.649999943596,13523.64999994345,13523.69999994345,13568.499999942798,13572.54999994274,18.100000000000122,66.14999999999839,13.400000000000055,0,30.6500000000003,0.25,0,8.0,52.00000000000004
J002062,2023-01-03/WJYG,WJYG,AMR_17,G9_10,WS_13_20,"[""107238"", ""110346"", ""112359""]",3,13454.499999944457,13638.549999941779,13572.649999942738,13454.499999944457,13496.149999943851,13500.199999943792,13562.549999942885,13562.599999942884,13572.599999942739,13572.649999942738,13634.499999941838,13638.549999941779,18.100000000000122,86.04999999999725,13.350000000000055,0,66.29999999999838,0.25,0,20.0,68.00000000000048
J002063,2023-01-03/WJYG,WJYG,AMR_10,G20_10,WS_13_20,"[""110504"", ""110583"", ""134029""]",3,13454.499999944457,13631.149999941887,13589.69999994249,13454.499999944457,13475.099999944157,13479.149999944098,13579.599999942637,13579.649999942636,13589.64999994249,13589.69999994249,13627.099999941945,13631.149999941887,18.100000000000122,79.04999999999765,13.400000000000055,0,65.8499999999984,0.25,0,8.0,72.00000000000074
J002064,2023-01-03/WJYG,WJYG,AMR_31,G3_10,WS_13_20,"[""101024"", ""110386"", ""110561""]",3,13454.499999944457,13628.499999941925,13555.599999942986,13454.499999944457,13467.499999944268,13471.549999944209,13545.499999943133,13545.549999943132,13555.549999942987,13555.599999942986,13624.449999941984,13628.499999941925,18.100000000000122,88.7999999999971,13.350000000000055,0,53.4999999999991,0.25,0,6.0,88.00000000000105
J002065,2023-01-03/WJYG,WJYG,AMR_01,G12_10,WS_13_20,"[""101218"", ""114899""]",2,13454.499999944457,13572.049999942747,13538.549999943234,13454.499999944457,13470.449999944225,13474.499999944166,13528.449999943381,13528.49999994338,13538.499999943235,13538.549999943234,13567.999999942806,13572.049999942747,18.100000000000122,65.29999999999843,13.400000000000055,0,20.500000000000156,0.25,0,10.0,56.00000000000041
J002066,2023-01-03/WJYG,WJYG,AMR_24,G18_10,WS_13_20,"[""107334"", ""112087""]",2,13454.499999944457,13569.849999942779,13521.399999943484,13454.499999944457,13470.899999944219,13474.94999994416,13511.29999994363,13511.34999994363,13521.349999943484,13521.399999943484,13565.799999942838,13569.849999942779,18.100000000000122,71.1499999999981,14.300000000000068,0,11.55000000000003,0.25,0,6.0,64.0000000000004
J002067,2023-01-03/WJYG,WJYG,AMR_28,G6_10,WS_13_20,"[""101221"", ""112294""]",2,13454.499999944457,13645.949999941671,13606.749999942242,13454.499999944457,13483.399999944037,13487.449999943978,13596.649999942389,13596.699999942388,13606.699999942242,13606.749999942242,13641.89999994173,13645.949999941671,18.100000000000122,93.04999999999686,15.300000000000082,0,64.74999999999847,0.25,0,15.999999999999982,76.00000000000082
J002068,2023-01-03/WJER,WJER,AMR_37,G23_8,WS_30_20,"[""139323""]",1,13454.99999994445,13599.149999942352,13555.099999942993,13454.99999994445,13493.899999943884,13497.949999943825,13544.99999994314,13545.04999994314,13555.049999942994,13555.099999942993,13595.099999942411,13599.149999942352,18.100000000000122,98.19999999999656,14.300000000000068,0,13.300000000000054,0.25,0,22.00000000000002,92.00000000000068
J002069,2023-01-03/WRAU,WRAU,AMR_09,G8_13,WS_8_20,"[""126832""]",1,13459.949999944378,13616.4999999421,13571.549999942754,13459.949999944378,13517.199999943545,13521.249999943486,13561.4499999429,13561.4999999429,13571.499999942755,13571.549999942754,13612.449999942159,13616.4999999421,18.100000000000122,91.14999999999696,16.250000000000096,0,30.800000000000303,0.25,0,39.999999999999986,48.00000000000013
J002070,2023-01-03/TSGB,TSGB,AMR_36,G38_10,WS_2_20,"[""112369""]",1,13471.349999944212,13683.14999994113,13601.249999942322,13471.349999944212,13471.349999944212,13475.399999944153,13591.149999942469,13591.199999942468,13601.199999942322,13601.249999942322,13679.099999941189,13683.14999994113,18.100000000000122,155.5000000000011,10.450000000000014,0,27.550000000000257,0.2,0,0.0,195.99999999999199
J002071,2023-01-03/WJER,WJER,AMR_07,G21_9,WS_30_20,"[""115770""]",1,13472.049999944202,13669.699999941326,13623.249999942002,13472.049999944202,13545.849999943128,13549.899999943069,13613.149999942148,13613.199999942148,13623.199999942002,13623.249999942002,13665.649999941385,13669.699999941326,18.100000000000122,136.34999999999675,20.10000000000015,0,22.85000000000019,0.25,0,68.00000000000051,88.0000000000006
J002072,2023-01-03/WRAU,WRAU,AMR_39,G11_9,WS_8_20,"[""107280"", ""110380"", ""125639""]",5,13475.899999944146,13586.89999994253,13539.649999943218,13475.899999944146,13475.899999944146,13479.949999944087,13529.549999943365,13529.599999943364,13539.599999943219,13539.649999943218,13582.84999994259,13586.89999994253,18.100000000000122,64.59999999999847,9.55,0,18.55000000000013,0.2,0,0.0,64.00000000000045
J002073,2023-01-03/WJER,WJER,AMR_38,G39_9,WS_30_20,"[""110208""]",1,13489.099999943954,13672.549999941284,13606.19999994225,13489.099999943954,13541.999999943184,13546.049999943125,13596.099999942397,13596.149999942396,13606.14999994225,13606.19999994225,13668.499999941343,13672.549999941284,18.100000000000122,106.84999999999607,15.300000000000082,0,42.9499999999997,0.25,0,26.0,92.0000000000005
J002074,2023-01-03/WRAU,WRAU,AMR_30,G0_15,WS_8_20,"[""101095"", ""101181"", ""107312"", ""110519""]",6,13491.849999943914,13662.999999941423,13631.949999941875,13491.849999943914,13491.849999943914,13495.899999943855,13621.849999942022,13621.899999942021,13631.899999941876,13631.949999941875,13658.949999941482,13662.999999941423,18.100000000000122,79.49999999999763,11.500000000000028,0,61.84999999999862,0.2,0,0.0,84.00000000000055
J002075,2023-01-03/WJER,WJER,AMR_18,G26_10,WS_30_20,"[""107213""]",2,13506.149999943706,13612.949999942151,13572.099999942746,13506.149999943706,13506.149999943706,13510.199999943647,13561.999999942893,13562.049999942892,13572.049999942747,13572.099999942746,13608.89999994221,13612.949999942151,18.100000000000122,62.349999999998595,11.450000000000028,0,14.700000000000074,0.2,0,0.0,64.0000000000004
J002076,2023-01-03/WRAU,WRAU,AMR_34,G3_14,WS_8_20,"[""111263""]",1,13507.799999943682,13646.949999941657,13616.299999942103,13507.799999943682,13561.699999942897,13565.749999942838,13606.19999994225,13606.249999942249,13616.249999942103,13616.299999942103,13642.899999941716,13646.949999941657,18.100000000000122,93.14999999999685,19.150000000000137,0,8.499999999999986,0.25,0,42.00000000000006,52.00000000000013
J002077,2023-01-03/WJYG,WJYG,AMR_40,G0_11,WS_13_20,"[""110468"", ""138355""]",2,13521.449999943483,13710.149999940737,13657.899999941497,13521.449999943483,13549.549999943074,13553.599999943015,13647.799999941644,13647.849999941644,13657.849999941498,13657.899999941497,13706.099999940796,13710.149999940737,18.100000000000122,111.6999999999958,12.450000000000042,0,46.19999999999951,0.25,0,31.999999999999932,96.00000000000131
J002078,2023-01-03/WJER,WJER,AMR_35,G17_14,WS_30_20,"[""140079""]",1,13523.199999943457,13783.299999939672,13709.599999940745,13523.199999943457,13540.449999943206,13544.499999943147,13699.499999940892,13699.549999940891,13709.549999940746,13709.599999940745,13779.249999939731,13783.299999939672,18.100000000000122,103.39999999999627,15.300000000000082,0,123.04999999999515,0.25,0,12.0,92.00000000000009
J002079,2023-01-03/WRAU,WRAU,AMR_32,G9_12,WS_8_20,"[""101183""]",1,13523.74999994345,13695.54999994095,13647.999999941641,13523.74999994345,13548.999999943082,13553.049999943023,13637.899999941788,13637.949999941788,13647.949999941642,13647.999999941641,13691.499999941008,13695.54999994095,18.100000000000122,77.99999999999771,12.450000000000042,0,62.99999999999856,0.25,0,24.0,52.00000000000031
J002080,2023-01-03/WJYG,WJYG,AMR_16,G14_9,WS_13_20,"[""111376"", ""124210""]",2,13538.599999943233,13658.699999941486,13623.799999941994,13538.599999943233,13538.599999943233,13542.649999943174,13613.69999994214,13613.74999994214,13623.749999941994,13623.799999941994,13654.649999941545,13658.699999941486,18.100000000000122,56.74999999999891,9.55,0,35.50000000000012,0.2,0,0.0,60.0000000000005
J002081,2023-01-03/WRAU,WRAU,AMR_33,G3_13,WS_8_20,"[""127405""]",1,13539.699999943217,13768.099999939894,13735.99999994036,13539.699999943217,13657.149999941508,13661.19999994145,13725.899999940508,13725.949999940507,13735.949999940362,13735.99999994036,13764.049999939953,13768.099999939894,18.100000000000122,132.34999999999584,22.000000000000178,0,55.69999999999897,0.25,0,86.00000000000124,56.000000000000256
J002082,2023-01-03/WJER,WJER,AMR_27,G21_8,WS_30_20,"[""101017""]",1,13555.149999942993,13736.649999940351,13692.69999994099,13555.149999942993,13610.94999994218,13614.999999942122,13682.599999941138,13682.649999941137,13692.649999940992,13692.69999994099,13732.59999994041,13736.649999940351,18.100000000000122,121.69999999999523,21.050000000000164,0,20.400000000000155,0.25,0,38.0000000000001,96.00000000000068
J002083,2023-01-03/WJYG,WJYG,AMR_11,G29_15,WS_13_20,"[""110342"", ""112287""]",3,13555.649999942985,13684.699999941107,13640.849999941745,13555.649999942985,13555.649999942985,13559.699999942926,13630.749999941892,13630.799999941892,13640.799999941746,13640.849999941745,13680.649999941166,13684.699999941107,18.100000000000122,75.99999999999783,7.599999999999981,0,27.15000000000025,0.2,0,0.0,88.00000000000028
J002084,2023-01-03/WRAU,WRAU,AMR_13,G9_9,WS_8_20,"[""111373""]",1,13555.649999942985,13721.749999940568,13671.899999941294,13555.649999942985,13631.799999941877,13635.849999941818,13661.79999994144,13661.84999994144,13671.849999941294,13671.899999941294,13717.699999940627,13721.749999940568,18.100000000000122,86.54999999999723,10.450000000000014,0,50.749999999999254,0.25,0,31.999999999999964,60.00000000000037
J002085,2023-01-03/WRAU,WRAU,AMR_15,G9_8,WS_8_20,"[""133910""]",1,13571.599999942753,13729.499999940455,13688.149999941057,13571.599999942753,13631.64999994188,13635.69999994182,13678.049999941204,13678.099999941203,13688.099999941058,13688.149999941057,13725.449999940514,13729.499999940455,18.100000000000122,75.69999999999784,11.500000000000028,0,52.34999999999916,0.25,0,16.0,68.00000000000082
J002086,2023-01-03/WJER,WJER,AMR_01,G12_12,WS_30_20,"[""107328""]",2,13572.149999942745,13730.949999940434,13676.049999941233,13572.149999942745,13577.699999942664,13581.749999942605,13665.94999994138,13665.99999994138,13675.999999941234,13676.049999941233,13726.899999940493,13730.949999940434,18.100000000000122,108.79999999999596,11.450000000000028,0,20.200000000000152,0.25,0,4.0,124.00000000000088
J002087,2023-01-03/WJYG,WJYG,AMR_08,G32_7,WS_13_20,"[""107268"", ""134027""]",2,13572.699999942737,13751.099999940141,13674.94999994125,13572.699999942737,13575.749999942693,13579.799999942634,13664.849999941396,13664.899999941395,13674.89999994125,13674.94999994125,13747.0499999402,13751.099999940141,18.100000000000122,121.14999999999526,13.300000000000054,0,25.60000000000023,0.25,0,2.0,135.9999999999998
J002088,2023-01-03/WJER,WJER,AMR_26,G24_2,WS_30_20,"[""138468""]",1,13589.199999942497,13723.299999940546,13658.799999941484,13589.199999942497,13589.199999942497,13593.249999942438,13648.699999941631,13648.74999994163,13658.749999941485,13658.799999941484,13719.249999940605,13723.299999940546,18.100000000000122,95.59999999999671,11.400000000000027,0,8.79999999999999,0.2,0,0.0,112.00000000000135
J002089,2023-01-03/WJYG,WJYG,AMR_06,G35_10,WS_13_20,"[""112288"", ""123304""]",2,13589.749999942489,13759.599999940017,13691.999999941001,13589.749999942489,13589.749999942489,13593.79999994243,13681.899999941148,13681.949999941147,13691.949999941002,13691.999999941001,13755.549999940076,13759.599999940017,18.100000000000122,118.04999999999544,13.300000000000054,0,20.200000000000152,0.2,0,0.0,135.99999999999977
J002090,2023-01-03/WJER,WJER,AMR_37,G24_1,WS_30_20,"[""110357""]",1,13606.249999942249,13798.499999939451,13726.649999940497,13606.249999942249,13638.249999941783,13642.299999941724,13716.549999940644,13716.599999940643,13726.599999940498,13726.649999940497,13794.44999993951,13798.499999939451,18.100000000000122,138.44999999999723,18.150000000000123,0,17.30000000000011,0.25,0,23.99999999999993,132.0000000000019
J002091,2023-01-03/WJYG,WJYG,AMR_14,G35_7,WS_13_20,"[""111367"", ""117025""]",2,13606.79999994224,13802.149999939398,13726.499999940499,13606.79999994224,13626.699999941951,13630.749999941892,13716.399999940646,13716.449999940645,13726.4499999405,13726.499999940499,13798.099999939457,13802.149999939398,18.100000000000122,140.34999999999766,19.100000000000136,0,17.550000000000114,0.25,0,16.0,147.9999999999989
J002092,2023-01-03/WRAU,WRAU,AMR_18,G26_10,WS_8_20,"[""110274"", ""124403""]",2,13616.349999942102,13769.949999939867,13704.099999940825,13616.349999942102,13616.349999942102,13620.399999942043,13693.999999940972,13694.049999940971,13704.049999940826,13704.099999940825,13765.899999939926,13769.949999939867,18.100000000000122,102.54999999999632,8.549999999999986,0,24.20000000000021,0.2,0,0.0,120.00000000000142
J002093,2023-01-03/WJER,WJER,AMR_20,G23_1,WS_30_20,"[""124008""]",3,13623.299999942,13878.799999938283,13812.049999939254,13623.299999942,13719.999999940594,13724.049999940535,13801.949999939401,13801.9999999394,13811.999999939255,13812.049999939254,13874.749999938342,13878.799999938283,18.100000000000122,174.15000000000535,20.950000000000163,0,42.04999999999975,0.25,0,78.00000000000105,128.00000000000196
J002094,2023-01-03/WJYG,WJYG,AMR_24,G15_12,WS_13_20,"[""110448""]",1,13623.849999941993,13746.599999940207,13709.049999940753,13623.849999941993,13641.999999941729,13646.04999994167,13698.9499999409,13698.9999999409,13708.999999940754,13709.049999940753,13742.549999940265,13746.599999940207,18.100000000000122,68.44999999999825,15.300000000000082,0,20.65000000000016,0.25,0,10.0,52.000000000000355
J002095,2023-01-03/WRAU,WRAU,AMR_09,G6_8,WS_8_20,"[""101182""]",1,13631.999999941874,13769.249999939877,13720.049999940593,13631.999999941874,13659.899999941468,13663.94999994141,13709.94999994074,13709.99999994074,13719.999999940594,13720.049999940593,13765.199999939936,13769.249999939877,18.100000000000122,81.04999999999754,13.400000000000055,0,24.450000000000212,0.25,0,14.0,68.00000000000051
J002096,2023-01-03/WJYG,WJYG,AMR_17,G8_13,WS_13_20,"[""126832""]",1,13640.899999941745,13993.499999936614,13915.299999937752,13640.899999941745,13815.649999939202,13819.699999939143,13905.199999937899,13905.249999937898,13915.249999937752,13915.299999937752,13989.449999936673,13993.499999936614,18.100000000000122,175.7500000000057,22.95000000000019,0,135.54999999999657,0.25,0,116.00000000000205,64.00000000000044
J002097,2023-01-03/WRAU,WRAU,AMR_10,G15_10,WS_8_20,"[""110097""]",1,13648.04999994164,13851.299999938683,13751.949999940129,13648.04999994164,13671.249999941303,13675.299999941244,13741.849999940276,13741.899999940275,13751.89999994013,13751.949999940129,13847.249999938742,13851.299999938683,18.100000000000122,126.14999999999498,21.050000000000164,0,37.699999999999996,0.25,0,14.0,120.00000000000219
J002098,2023-01-03/WJYG,WJYG,AMR_03,G20_14,WS_13_20,"[""121875""]",1,13657.949999941497,13825.34999993906,13760.549999940004,13657.949999941497,13702.199999940853,13706.249999940794,13750.44999994015,13750.49999994015,13760.499999940004,13760.549999940004,13821.29999993912,13825.34999993906,18.100000000000122,90.14999999999702,15.300000000000082,0,43.59999999999966,0.25,0,28.0,56.00000000000017
J002099,2023-01-03/WJER,WJER,AMR_16,G14_9,WS_30_20,"[""110233""]",1,13658.849999941483,13849.749999938706,13743.699999940249,13658.849999941483,13658.849999941483,13662.899999941425,13733.599999940396,13733.649999940395,13743.64999994025,13743.699999940249,13845.699999938764,13849.749999938706,18.100000000000122,105.59999999999614,9.55,0,57.44999999999887,0.2,0,0.0,124.0000000000006
J002100,2023-01-03/TSGB,TSGB,AMR_30,G0_15,WS_2_20,"[""110519""]",1,13663.049999941422,13723.64999994054,13702.949999940842,13663.049999941422,13663.049999941422,13667.099999941363,13692.849999940989,13692.899999940988,13702.899999940842,13702.949999940842,13719.5999999406,13723.64999994054,18.100000000000122,34.350000000000186,6.699999999999984,0,1.2500000000000004,0.2,0,0.0,35.99999999999998
J002101,2023-01-03/WRAU,WRAU,AMR_07,G18_13,WS_8_20,"[""110178""]",1,13671.949999941293,13845.99999993876,13773.249999939819,13671.949999941293,13708.449999940762,13712.499999940703,13763.149999939966,13763.199999939965,13773.19999993982,13773.249999939819,13841.949999938819,13845.99999993876,18.100000000000122,100.39999999999644,15.300000000000082,0,39.999999999999865,0.25,0,18.0,84.00000000000088
J002102,2023-01-03/WJYG,WJYG,AMR_28,G8_12,WS_13_20,"[""112010""]",1,13674.999999941248,13841.999999938818,13795.749999939491,13674.999999941248,13701.799999940858,13705.8499999408,13785.649999939638,13785.699999939638,13795.699999939492,13795.749999939491,13837.949999938877,13841.999999938818,18.100000000000122,74.09999999999793,13.350000000000055,0,61.19999999999866,0.25,0,8.0,68.00000000000068
J002103,2023-01-03/WJER,WJER,AMR_39,G12_10,WS_30_20,"[""122980""]",1,13676.099999941232,13890.349999938115,13779.499999939728,13676.099999941232,13698.099999940912,13702.149999940853,13769.399999939875,13769.449999939874,13779.449999939729,13779.499999939728,13886.299999938174,13890.349999938115,18.100000000000122,126.44999999999496,17.20000000000011,0,52.24999999999917,0.25,0,12.0,124.00000000000014
J002104,2023-01-03/WRAU,WRAU,AMR_31,G2_9,WS_8_20,"[""101311""]",2,13688.199999941056,13866.349999938464,13789.349999939584,13688.199999941056,13707.89999994077,13711.94999994071,13779.249999939731,13779.29999993973,13789.299999939585,13789.349999939584,13862.299999938523,13866.349999938464,18.100000000000122,98.99999999999652,16.250000000000096,0,44.549999999999606,0.25,0,12.0,88.00000000000072
J002105,2023-01-03/WJYG,WJYG,AMR_36,G38_10,WS_13_20,"[""101155"", ""112326""]",3,13692.049999941,13933.99999993748,13812.99999993924,13692.049999941,13692.049999941,13696.099999940941,13802.899999939387,13802.949999939387,13812.949999939241,13812.99999993924,13929.949999937538,13933.99999993748,18.100000000000122,132.74999999999594,11.400000000000027,0,79.49999999999763,0.2,0,0.0,155.99999999999676
J002106,2023-01-03/WJER,WJER,AMR_22,G12_8,WS_30_20,"[""110568""]",2,13692.74999994099,13982.599999936772,13895.49999993804,13692.74999994099,13774.849999939795,13778.899999939737,13885.399999938187,13885.449999938186,13895.44999993804,13895.49999993804,13978.549999936831,13982.599999936772,18.100000000000122,149.7499999999998,15.300000000000082,0,106.4499999999961,0.25,0,34.0,128.0000000000007
J002107,2023-01-03/WBEN,WBEN,AMR_32,G5_10,WS_2_20,"[""101296"", ""110194"", ""112324"", ""123094""]",4,13702.999999940841,13902.39999993794,13859.199999938568,13702.999999940841,13763.749999939957,13767.799999939898,13849.099999938715,13849.149999938714,13859.149999938569,13859.199999938568,13898.349999937998,13902.39999993794,18.100000000000122,115.59999999999557,19.100000000000136,0,46.349999999999504,0.25,0,48.00000000000051,72.00000000000031
J002108,2023-01-03/WBEN,WBEN,AMR_05,G20_10,WS_2_20,"[""110417"", ""110504"", ""110583"", ""124211""]",5,13702.999999940841,13896.84999993802,13814.099999939224,13702.999999940841,13734.849999940378,13738.899999940319,13803.999999939371,13804.04999993937,13814.049999939225,13814.099999939224,13892.799999938079,13896.84999993802,18.100000000000122,125.54999999999501,18.150000000000123,0,31.800000000000317,0.25,0,20.0,116.00000000000168
J002109,2023-01-03/WBEN,WBEN,AMR_34,G3_12,WS_2_20,"[""107398"", ""112013"", ""115591""]",3,13702.999999940841,13793.699999939521,13760.09999994001,13702.999999940841,13717.649999940628,13721.699999940569,13749.999999940157,13750.049999940156,13760.04999994001,13760.09999994001,13789.64999993958,13793.699999939521,18.100000000000122,55.499999999998984,11.500000000000028,0,5.349999999999989,0.25,0,8.0,48.00000000000031
J002110,2023-01-03/WBEN,WBEN,AMR_25,G21_10,WS_2_20,"[""107254"", ""110382"", ""112386""]",3,13702.999999940841,14201.499999933587,14100.649999935054,13702.999999940841,13777.499999939757,13781.549999939698,14090.549999935201,14090.5999999352,14100.599999935055,14100.649999935054,14197.449999933646,14201.499999933587,18.100000000000122,209.40000000001336,29.650000000000286,0,241.10000000002057,0.25,0,52.0000000000004,159.99999999999875
J002111,2023-01-03/WBEN,WBEN,AMR_11,G9_15,WS_2_20,"[""111897"", ""112432""]",2,13702.999999940841,13834.399999938929,13797.049999939472,13702.999999940841,13745.549999940222,13749.599999940163,13786.94999993962,13786.999999939619,13796.999999939473,13797.049999939472,13830.349999938988,13834.399999938929,18.100000000000122,89.19999999999708,13.350000000000055,0,10.500000000000014,0.25,0,48.00000000000051,52.000000000000384
J002112,2023-01-03/WBEN,WBEN,AMR_12,G3_10,WS_2_20,"[""110386"", ""110561""]",2,13702.999999940841,13811.049999939269,13780.099999939719,13702.999999940841,13726.949999940492,13730.999999940434,13769.999999939866,13770.049999939865,13780.04999993972,13780.099999939719,13806.999999939328,13811.049999939269,18.100000000000122,74.94999999999789,12.400000000000041,0,2.3499999999999996,0.25,0,21.999999999999996,60.000000000000426
J002113,2023-01-03/WRAU,WRAU,AMR_19,G0_10,WS_8_20,"[""120779""]",1,13704.149999940824,13962.899999937059,13922.799999937642,13704.149999940824,13827.349999939031,13831.399999938973,13912.69999993779,13912.749999937789,13922.749999937643,13922.799999937642,13958.849999937118,13962.899999937059,18.100000000000122,149.7499999999998,16.250000000000096,0,74.39999999999792,0.25,0,78.00000000000094,80.00000000000072
J002114,2023-01-03/WJYG,WJYG,AMR_23,G6_13,WS_13_20,"[""124208""]",1,13709.099999940752,13916.349999937736,13861.699999938532,13709.099999940752,13794.199999939514,13798.249999939455,13851.599999938679,13851.649999938678,13861.649999938532,13861.699999938532,13912.299999937795,13916.349999937736,18.100000000000122,128.79999999999504,15.300000000000082,0,44.79999999999959,0.25,0,80.00000000000085,64.00000000000048
J002115,2023-01-03/WJER,WJER,AMR_04,G12_7,WS_30_20,"[""111218""]",1,13709.649999940744,13964.549999937035,13878.34999993829,13709.649999940744,13760.949999939998,13764.999999939939,13868.249999938436,13868.299999938436,13878.29999993829,13878.34999993829,13960.499999937094,13964.549999937035,18.100000000000122,169.90000000000438,20.05000000000015,0,46.59999999999949,0.25,0,52.0000000000005,147.9999999999991
J002116,2023-01-03/WRAU,WRAU,AMR_40,G14_8,WS_8_20,"[""112372""]",1,13720.099999940592,13989.099999936678,13883.949999938208,13720.099999940592,13812.599999939246,13816.649999939187,13873.849999938355,13873.899999938354,13883.899999938209,13883.949999938208,13985.049999936737,13989.099999936678,18.100000000000122,139.34999999999744,17.25000000000011,0,94.0499999999968,0.25,0,74.00000000000131,80.00000000000071
J002117,2023-01-03/WJYG,WJYG,AMR_30,G0_15,WS_13_20,"[""107312"", ""110519"", ""124702""]",3,13726.549999940498,13878.99999993828,13830.049999938992,13726.549999940498,13726.549999940498,13730.59999994044,13819.94999993914,13819.999999939138,13829.999999938993,13830.049999938992,13874.949999938339,13878.99999993828,18.100000000000122,79.8999999999976,6.649999999999984,0,47.59999999999943,0.2,0,0.0,80.00000000000084
J002118,2023-01-03/WJER,WJER,AMR_13,G9_9,WS_30_20,"[""110588""]",1,13726.699999940496,13964.549999937035,13828.949999939008,13726.699999940496,13726.699999940496,13730.749999940437,13818.849999939155,13818.899999939154,13828.899999939009,13828.949999939008,13960.499999937094,13964.549999937035,18.100000000000122,150.90000000000006,17.20000000000011,0,51.449999999999214,0.2,0,0.0,175.9999999999959
J002119,2023-01-03/WRAU,WRAU,AMR_01,G15_8,WS_8_20,"[""110500""]",2,13736.04999994036,13959.099999937114,13867.799999938443,13736.04999994036,13773.099999939821,13777.149999939762,13857.69999993859,13857.74999993859,13867.749999938444,13867.799999938443,13955.049999937173,13959.099999937114,18.100000000000122,113.59999999999569,15.250000000000082,0,75.84999999999783,0.25,0,18.0,92.0000000000008
J002120,2023-01-03/WJER,WJER,AMR_15,G8_7,WS_30_20,"[""107344""]",1,13743.749999940248,14026.899999936128,13945.999999937305,13743.749999940248,13777.049999939763,13781.099999939705,13935.899999937452,13935.949999937451,13945.949999937306,13945.999999937305,14022.849999936187,14026.899999936128,18.100000000000122,189.55000000000885,22.90000000000019,0,52.34999999999916,0.25,0,28.000000000000014,191.99999999999253
J002121,2023-01-03/WRAU,WRAU,AMR_27,G21_15,WS_8_20,"[""121745""]",1,13751.999999940128,14064.449999935581,13970.849999936943,13751.999999940128,13877.099999938308,13881.149999938249,13960.74999993709,13960.79999993709,13970.799999936944,13970.849999936943,14060.39999993564,14064.449999935581,18.100000000000122,179.00000000000645,27.80000000000026,0,87.29999999999718,0.25,0,110.00000000000202,88.00000000000048
J002122,2023-01-03/WBEN,WBEN,AMR_24,G12_14,WS_2_20,"[""110335"", ""111305""]",2,13760.14999994001,13903.499999937923,13842.099999938817,13760.14999994001,13783.199999939674,13787.249999939615,13831.999999938964,13832.049999938963,13842.049999938818,13842.099999938817,13899.449999937982,13903.499999937923,18.100000000000122,89.74999999999704,14.350000000000069,0,20.900000000000162,0.25,0,14.0,76.00000000000051
J002123,2023-01-03/WJYG,WJYG,AMR_21,G12_12,WS_13_20,"[""107328""]",1,13760.599999940003,13938.199999937418,13898.249999938,13760.599999940003,13801.39999993941,13805.44999993935,13888.149999938147,13888.199999938146,13898.199999938,13898.249999938,13934.149999937477,13938.199999937418,18.100000000000122,90.24999999999702,19.150000000000137,0,49.849999999999305,0.25,0,40.000000000000114,52.000000000000256
J002124,2023-01-03/WRAU,WRAU,AMR_18,G18_10,WS_8_20,"[""112087""]",1,13773.299999939818,14011.049999936358,13904.44999993791,13773.299999939818,13804.149999939369,13808.19999993931,13894.349999938056,13894.399999938056,13904.39999993791,13904.44999993791,14006.999999936417,14011.049999936358,18.100000000000122,125.799999999995,18.100000000000122,0,75.49999999999785,0.25,0,20.0,96.00000000000054
J002125,2023-01-03/WJER,WJER,AMR_33,G5_14,WS_30_20,"[""107204""]",1,13779.549999939727,14142.14999993445,13963.149999937055,13779.549999939727,13815.649999939202,13819.699999939143,13953.049999937202,13953.099999937202,13963.099999937056,13963.149999937055,14138.09999993451,14142.14999993445,18.100000000000122,153.7000000000007,17.20000000000011,0,173.35000000000517,0.25,0,6.0,147.99999999999844
J002126,2023-01-03/WBEN,WBEN,AMR_09,G11_10,WS_2_20,"[""110590"", ""112363""]",2,13780.149999939718,13953.049999937202,13876.24999993832,13780.149999939718,13819.19999993915,13823.249999939091,13866.149999938467,13866.199999938466,13876.19999993832,13876.24999993832,13948.999999937261,13953.049999937202,18.100000000000122,99.79999999999647,15.250000000000082,0,39.49999999999989,0.25,0,18.0,80.00000000000048
J002127,2023-01-03/WRAU,WRAU,AMR_35,G17_14,WS_8_20,"[""140079""]",1,13789.399999939584,14017.74999993626,13938.949999937407,13789.399999939584,13789.399999939584,13793.449999939525,13928.849999937554,13928.899999937554,13938.899999937408,13938.949999937407,14013.69999993632,14017.74999993626,18.100000000000122,90.09999999999702,15.300000000000082,0,104.6499999999962,0.2,0,0.0,76.00000000000023
J002128,2023-01-03/WJYG,WJYG,AMR_26,G21_13,WS_13_20,"[""123305""]",1,13795.79999993949,14108.599999934939,13975.799999936871,13795.79999993949,13897.199999938015,13901.249999937956,13965.699999937018,13965.749999937017,13975.749999936872,13975.799999936871,14104.549999934998,14108.599999934939,18.100000000000122,166.4000000000036,23.900000000000205,0,104.14999999999623,0.25,0,96.00000000000142,88.00000000000091
J002129,2023-01-03/WBEN,WBEN,AMR_34,G17_12,WS_2_20,"[""110362"", ""111276""]",2,13797.099999939472,14111.349999934899,14049.499999935799,13797.099999939472,13915.699999937746,13919.749999937687,14039.399999935946,14039.449999935945,14049.4499999358,14049.499999935799,14107.299999934958,14111.349999934899,18.100000000000122,146.249999999999,17.15000000000011,0,132.49999999999588,0.25,0,48.000000000000426,100.00000000000139
J002130,2023-01-03/WJER,WJER,AMR_12,G3_14,WS_30_20,"[""110548""]",1,13812.099999939253,14205.899999933523,14045.699999935854,13812.099999939253,13884.249999938203,13888.299999938145,14035.599999936001,14035.649999936,14045.649999935855,14045.699999935854,14201.849999933582,14205.899999933523,18.100000000000122,176.5500000000059,18.150000000000123,0,180.75000000000685,0.25,0,40.0,139.9999999999996
J002131,2023-01-03/WJYG,WJYG,AMR_06,G17_10,WS_13_20,"[""110555""]",1,13813.04999993924,14002.64999993648,13958.499999937123,13813.04999993924,13881.899999938238,13885.949999938179,13948.39999993727,13948.44999993727,13958.449999937124,13958.499999937123,13998.59999993654,14002.64999993648,18.100000000000122,125.599999999995,18.100000000000122,0,27.550000000000257,0.25,0,72.00000000000057,68.0000000000006
J002132,2023-01-03/WBEN,WBEN,AMR_08,G26_12,WS_2_20,"[""110191"", ""110499""]",2,13814.149999939224,14170.149999934043,14083.599999935303,13814.149999939224,13851.099999938686,13855.149999938627,14073.49999993545,14073.549999935449,14083.549999935303,14083.599999935303,14166.099999934102,14170.149999934043,18.100000000000122,153.80000000000072,16.200000000000095,0,167.65000000000387,0.25,0,22.0,144.0000000000009
J002133,2023-01-03/WJER,WJER,AMR_03,G3_10,WS_30_20,"[""110386""]",2,13828.999999939007,14200.699999933599,14028.999999936097,13828.999999939007,13898.94999993799,13902.99999993793,14018.899999936244,14018.949999936243,14028.949999936098,14028.999999936097,14196.649999933657,14200.699999933599,18.100000000000122,216.25000000001492,21.950000000000177,0,115.1499999999956,0.25,0,70.00000000000146,195.9999999999947
J002134,2023-01-03/WJYG,WJYG,AMR_37,G11_9,WS_13_20,"[""107280""]",1,13830.099999938991,14078.099999935383,14009.899999936375,13830.099999938991,13874.999999938338,13879.04999993828,13999.799999936522,13999.849999936521,14009.849999936376,14009.899999936375,14074.049999935442,14078.099999935383,18.100000000000122,123.24999999999514,18.200000000000124,0,88.19999999999713,0.25,0,50.00000000000057,84.00000000000082
J002135,2023-01-03/WBEN,WBEN,AMR_14,G26_10,WS_2_20,"[""112029"", ""112034""]",2,13842.149999938816,14132.999999934584,14066.54999993555,13842.149999938816,13872.349999938377,13876.399999938318,14056.449999935698,14056.499999935697,14066.499999935551,14066.54999993555,14128.949999934643,14132.999999934584,18.100000000000122,152.10000000000034,16.200000000000095,0,104.19999999999622,0.25,0,28.0,143.99999999999972
J002136,2023-01-03/WBEN,WBEN,AMR_10,G15_10,WS_2_20,"[""110097"", ""111222""]",2,13859.249999938567,14108.249999934944,14032.349999936048,13859.249999938567,13859.249999938567,13863.299999938508,14022.249999936195,14022.299999936195,14032.299999936049,14032.349999936048,14104.199999935003,14108.249999934944,18.100000000000122,103.24999999999628,12.400000000000041,0,115.0499999999956,0.2,0,0.0,112.00000000000162
J002137,2023-01-03/WJYG,WJYG,AMR_28,G3_12,WS_13_20,"[""112040""]",1,13861.74999993853,14093.249999935162,14043.999999935879,13861.74999993853,13879.64999993827,13883.699999938211,14033.899999936026,14033.949999936025,14043.94999993588,14043.999999935879,14089.199999935221,14093.249999935162,18.100000000000122,98.59999999999654,11.400000000000027,0,103.14999999999628,0.25,0,13.999999999999995,80.00000000000095
J002138,2023-01-03/WRAU,WRAU,AMR_16,G14_9,WS_8_20,"[""110233""]",1,13867.849999938442,14042.149999935906,13954.899999937175,13867.849999938442,13867.849999938442,13871.899999938383,13944.799999937322,13944.849999937322,13954.849999937176,13954.899999937175,14038.099999935965,14042.149999935906,18.100000000000122,78.74999999999767,11.450000000000028,0,65.7999999999984,0.2,0,0.0,76.0000000000006
J002139,2023-01-03/WBEN,WBEN,AMR_07,G26_8,WS_2_20,"[""124483"", ""135158""]",2,13876.29999993832,14205.39999993353,14117.699999934806,13876.29999993832,13939.399999937401,13943.449999937342,14107.599999934953,14107.649999934953,14117.649999934807,14117.699999934806,14201.349999933589,14205.39999993353,18.100000000000122,174.75000000000549,17.20000000000011,0,118.79999999999539,0.25,0,26.0,171.99999999999855
J002140,2023-01-03/WJER,WJER,AMR_31,G2_12,WS_30_20,"[""122697""]",1,13878.399999938289,14385.649999930907,14174.349999933982,13878.399999938289,13894.499999938054,13898.549999937995,14164.249999934129,14164.299999934128,14174.299999933983,14174.349999933982,14381.599999930966,14385.649999930907,18.100000000000122,195.5000000000102,22.90000000000019,0,270.5000000000272,0.25,0,10.0,191.9999999999967
J002141,2023-01-03/WRAU,WRAU,AMR_30,G0_8,WS_8_20,"[""131980""]",1,13883.999999938207,14089.749999935213,14026.649999936131,13883.999999938207,13906.849999937875,13910.899999937816,14016.549999936278,14016.599999936278,14026.599999936132,14026.649999936131,14085.699999935272,14089.749999935213,18.100000000000122,102.7499999999963,12.400000000000041,0,72.24999999999804,0.25,0,17.999999999999996,88.00000000000072
J002142,2023-01-03/WJER,WJER,AMR_39,G2_10,WS_30_20,"[""107387""]",1,13895.549999938039,14316.499999931913,14140.249999934478,13895.549999938039,13949.949999937247,13953.999999937188,14130.149999934625,14130.199999934624,14140.199999934479,14140.249999934478,14312.449999931972,14316.499999931913,18.100000000000122,195.75000000001026,19.95000000000015,0,186.90000000000825,0.25,0,56.000000000000725,163.99999999999727
J002143,2023-01-03/WJYG,WJYG,AMR_05,G21_9,WS_13_20,"[""107207""]",1,13898.299999937999,14088.799999935227,13992.849999936623,13898.299999937999,13922.94999993764,13926.999999937581,13982.74999993677,13982.79999993677,13992.799999936624,13992.849999936623,14084.749999935286,14088.799999935227,18.100000000000122,92.04999999999691,14.350000000000069,0,65.74999999999841,0.25,0,12.0,88.00000000000077
J002144,2023-01-03/WRAU,WRAU,AMR_20,G18_9,WS_8_20,"[""122645""]",1,13904.499999937909,14230.349999933167,14141.899999934454,13904.499999937909,13935.749999937454,13939.799999937395,14131.799999934601,14131.8499999346,14141.849999934455,14141.899999934454,14226.299999933226,14230.349999933167,18.100000000000122,134.54999999999634,21.000000000000163,0,151.9500000000003,0.25,0,25.999999999999996,108.00000000000094
J002145,2023-01-03/WJYG,WJYG,AMR_24,G21_8,WS_13_20,"[""113203""]",1,13915.34999993775,14096.649999935113,14026.949999936127,13915.34999993775,13952.299999937213,13956.349999937154,14016.849999936274,14016.899999936273,14026.899999936128,14026.949999936127,14092.599999935172,14096.649999935113,18.100000000000122,113.09999999999572,17.20000000000011,0,32.65000000000028,0.25,0,34.0,92.00000000000077
J002146,2023-01-03/WRAU,WRAU,AMR_32,G21_12,WS_8_20,"[""110543""]",1,13922.849999937642,14254.999999932808,14194.099999933695,13922.849999937642,14034.449999936018,14038.499999935959,14183.999999933842,14184.04999993384,14194.049999933695,14194.099999933695,14250.949999932867,14254.999999932808,18.100000000000122,178.25000000000628,23.000000000000192,0,112.54999999999575,0.25,0,104.00000000000225,100.00000000000114
J002147,2023-01-03/WRAU,WRAU,AMR_21,G20_10,WS_8_20,"[""124211""]",1,13938.999999937407,14158.999999934205,14093.999999935151,13938.999999937407,14011.499999936352,14015.549999936293,14083.899999935298,14083.949999935297,14093.949999935152,14093.999999935151,14154.949999934264,14158.999999934205,18.100000000000122,142.39999999999813,16.200000000000095,0,43.04999999999969,0.25,0,68.00000000000088,96.00000000000085
J002148,2023-01-03/WJER,WJER,AMR_23,G3_7,WS_30_20,"[""110356""]",1,13946.049999937304,14244.499999932961,14106.149999934974,13946.049999937304,13986.949999936709,13990.99999993665,14096.049999935121,14096.09999993512,14106.099999934975,14106.149999934974,14240.44999993302,14244.499999932961,18.100000000000122,179.95000000000667,19.100000000000136,0,81.04999999999754,0.25,0,22.000000000000025,195.9999999999937
J002149,2023-01-03/WRAU,WRAU,AMR_09,G23_12,WS_8_20,"[""111999""]",1,13954.949999937175,14307.899999932039,14238.649999933046,13954.949999937175,14109.94999993492,14113.99999993486,14228.549999933193,14228.599999933193,14238.599999933047,14238.649999933046,14303.849999932097,14307.899999932039,18.100000000000122,189.15000000000876,23.850000000000204,0,121.59999999999523,0.25,0,100.0000000000017,104.00000000000108
J002150,2023-01-03/WJYG,WJYG,AMR_36,G27_12,WS_13_20,"[""109843""]",1,13958.549999937122,14167.299999934085,14069.849999935503,13958.549999937122,13984.899999936739,13988.94999993668,14059.74999993565,14059.799999935649,14069.799999935503,14069.849999935503,14163.249999934143,14167.299999934085,18.100000000000122,112.89999999999573,15.300000000000082,0,62.1999999999986,0.25,0,26.0,100.00000000000057
J002151,2023-01-03/WJER,WJER,AMR_19,G0_11,WS_30_20,"[""138355""]",1,13963.199999937055,14311.799999931982,14123.199999934726,13963.199999937055,13967.199999936996,13971.249999936937,14113.099999934873,14113.149999934873,14123.149999934727,14123.199999934726,14307.74999993204,14311.799999931982,18.100000000000122,173.20000000000513,21.000000000000163,0,136.0499999999967,0.25,0,2.0,175.9999999999964
J002152,2023-01-03/WRAU,WRAU,AMR_01,G20_7,WS_8_20,"[""107326""]",1,13970.899999936943,14226.449999933224,14125.949999934686,13970.899999936943,14021.19999993621,14025.249999936152,14115.849999934833,14115.899999934833,14125.899999934687,14125.949999934686,14222.399999933283,14226.449999933224,18.100000000000122,135.04999999999646,19.150000000000137,0,82.99999999999743,0.25,0,36.00000000000005,108.00000000000136
J002153,2023-01-03/WJYG,WJYG,AMR_29,G30_15,WS_13_20,"[""140089""]",1,13975.84999993687,14197.89999993364,14103.949999935006,13975.84999993687,14006.049999936431,14010.099999936372,14093.849999935153,14093.899999935153,14103.899999935007,14103.949999935006,14193.849999933698,14197.89999993364,18.100000000000122,109.9499999999959,12.450000000000042,0,81.29999999999752,0.25,0,28.0,92.00000000000026
J002154,2023-01-03/WJYG,WJYG,AMR_40,G14_8,WS_13_20,"[""112372""]",1,13992.899999936622,14140.249999934478,14086.899999935255,13992.899999936622,13992.899999936622,13996.949999936563,14076.799999935402,14076.8499999354,14086.849999935255,14086.899999935255,14136.199999934537,14140.249999934478,18.100000000000122,61.84999999999862,9.55,0,57.64999999999886,0.2,0,0.0,64.0000000000006
J002155,2023-01-03/WJYG,WJYG,AMR_06,G24_5,WS_13_20,"[""140079""]",1,14009.949999936374,14198.749999933627,14124.449999934708,14009.949999936374,14041.749999935912,14045.799999935853,14114.349999934855,14114.399999934854,14124.399999934709,14124.449999934708,14194.699999933686,14198.749999933627,18.100000000000122,127.94999999999487,15.250000000000082,0,27.250000000000252,0.25,0,32.00000000000003,116.00000000000097
J002156,2023-01-03/WRAU,WRAU,AMR_22,G12_8,WS_8_20,"[""111377""]",1,14026.69999993613,14163.199999934144,14109.999999934918,14026.69999993613,14026.69999993613,14030.749999936072,14099.899999935065,14099.949999935065,14109.94999993492,14109.999999934918,14159.149999934203,14163.199999934144,18.100000000000122,78.0999999999977,11.450000000000028,0,28.650000000000272,0.2,0,0.0,80.00000000000111
J002157,2023-01-03/WJYG,WJYG,AMR_18,G29_9,WS_13_20,"[""101026""]",1,14026.999999936126,14278.399999932468,14195.399999933676,14026.999999936126,14078.24999993538,14082.299999935321,14185.299999933823,14185.349999933822,14195.349999933676,14195.399999933676,14274.349999932527,14278.399999932468,18.100000000000122,129.9499999999953,20.05000000000015,0,83.04999999999742,0.25,0,28.0,116.00000000000065
J002158,2023-01-03/WJER,WJER,AMR_17,G8_13,WS_30_20,"[""126832""]",1,14029.049999936096,14338.899999931587,14157.29999993423,14029.049999936096,14029.049999936096,14033.099999936037,14147.199999934377,14147.249999934376,14157.24999993423,14157.29999993423,14334.849999931646,14338.899999931587,18.100000000000122,134.2999999999963,15.300000000000082,0,141.94999999999803,0.2,0,0.0,143.99999999999918
J002159,2023-01-03/WBEN,WBEN,AMR_11,G0_15,WS_2_20,"[""110465"", ""110519""]",3,14032.399999936048,14165.049999934117,14141.799999934456,14032.399999936048,14099.449999935072,14103.499999935013,14131.699999934603,14131.749999934602,14141.749999934456,14141.799999934456,14160.999999934176,14165.049999934117,18.100000000000122,69.54999999999819,17.25000000000011,0,27.500000000000256,0.25,0,29.999999999999954,35.999999999999986
J002160,2023-01-03/WJYG,WJYG,AMR_02,G32_15,WS_13_20,"[""110499""]",1,14044.049999935878,14299.54999993216,14212.29999993343,14044.049999935878,14079.499999935362,14083.549999935303,14202.199999933577,14202.249999933576,14212.24999993343,14212.29999993343,14295.499999932219,14299.54999993216,18.100000000000122,122.04999999999521,14.300000000000068,0,100.79999999999642,0.25,0,28.0,100.00000000000014
J002161,2023-01-03/WJER,WJER,AMR_13,G0_10,WS_30_20,"[""115794""]",1,14045.749999935853,14303.149999932108,14200.049999933608,14045.749999935853,14075.999999935413,14080.049999935354,14189.949999933755,14189.999999933754,14199.999999933609,14200.049999933608,14299.099999932167,14303.149999932108,18.100000000000122,206.15000000001262,22.90000000000019,0,10.000000000000007,0.25,0,23.999999999999954,231.99999999998875
J002162,2023-01-03/WBEN,WBEN,AMR_04,G26_2,WS_2_20,"[""107120"", ""107317""]",2,14049.549999935798,14389.799999930847,14305.79999993207,14049.549999935798,14086.049999935267,14090.099999935208,14295.699999932216,14295.749999932215,14305.74999993207,14305.79999993207,14385.749999930906,14389.799999930847,18.100000000000122,210.65000000001365,21.900000000000176,0,89.34999999999707,0.25,0,38.0,203.99999999999275
J002163,2023-01-03/WBEN,WBEN,AMR_38,G32_7,WS_2_20,"[""107210"", ""107219""]",2,14066.59999993555,14369.249999931146,14288.59999993232,14066.59999993555,14108.449999934941,14112.499999934882,14278.499999932466,14278.549999932466,14288.54999993232,14288.59999993232,14365.199999931205,14369.249999931146,18.100000000000122,190.55000000000908,21.000000000000163,0,72.74999999999801,0.25,0,42.000000000000206,179.99999999999463
J002164,2023-01-03/WJYG,WJYG,AMR_27,G24_2,WS_13_20,"[""138468""]",1,14069.899999935502,14346.799999931472,14263.449999932685,14069.899999935502,14117.549999934809,14121.59999993475,14253.349999932832,14253.399999932832,14263.399999932686,14263.449999932685,14342.749999931531,14346.799999931472,18.100000000000122,141.49999999999793,15.250000000000082,0,101.79999999999636,0.25,0,32.00000000000003,120.00000000000118
J002165,2023-01-03/WBEN,WBEN,AMR_35,G35_8,WS_2_20,"[""107327"", ""112353""]",4,14083.649999935302,14409.699999930557,14322.849999931821,14083.649999935302,14137.899999934512,14141.949999934453,14312.749999931968,14312.799999931967,14322.799999931822,14322.849999931821,14405.649999930616,14409.699999930557,18.100000000000122,193.10000000000966,15.300000000000082,0,99.2999999999965,0.25,0,52.00000000000013,183.99999999999486
J002166,2023-01-03/WJYG,WJYG,AMR_15,G3_1,WS_13_20,"[""110496""]",1,14086.949999935254,14319.699999931867,14246.399999932933,14086.949999935254,14115.799999934834,14119.849999934775,14236.29999993308,14236.34999993308,14246.349999932934,14246.399999932933,14315.649999931926,14319.699999931867,18.100000000000122,135.1999999999965,15.250000000000082,0,63.949999999998504,0.25,0,21.999999999999975,132.00000000000256
J002167,2023-01-03/WRAU,WRAU,AMR_05,G23_6,WS_8_20,"[""112217""]",1,14094.04999993515,14342.09999993154,14254.649999932813,14094.04999993515,14110.649999934909,14114.69999993485,14244.54999993296,14244.59999993296,14254.599999932814,14254.649999932813,14338.0499999316,14342.09999993154,18.100000000000122,143.84999999999846,17.20000000000011,0,68.64999999999824,0.25,0,10.0,148.0000000000002
J002168,2023-01-03/WBEN,WBEN,AMR_24,G35_7,WS_2_20,"[""111367"", ""112195""]",2,14100.699999935054,14478.89999992955,14399.299999930709,14100.699999935054,14148.699999934355,14152.749999934296,14389.199999930855,14389.249999930855,14399.24999993071,14399.299999930709,14474.84999992961,14478.89999992955,18.100000000000122,199.25000000001106,17.20000000000011,0,143.39999999999836,0.25,0,46.000000000000206,187.9999999999931
J002169,2023-01-03/WJYG,WJYG,AMR_16,G24_1,WS_13_20,"[""110357""]",2,14103.999999935006,14392.449999930808,14314.599999931941,14103.999999935006,14144.649999934414,14148.699999934355,14304.499999932088,14304.549999932087,14314.549999931942,14314.599999931941,14388.399999930867,14392.449999930808,18.100000000000122,149.7499999999998,16.250000000000096,0,104.09999999999623,0.25,0,43.99999999999992,132.00000000000156
J002170,2023-01-03/WJER,WJER,AMR_30,G0_8,WS_30_20,"[""110523""]",1,14106.199999934974,14372.3499999311,14230.449999933166,14106.199999934974,14106.199999934974,14110.249999934915,14220.349999933313,14220.399999933312,14230.399999933166,14230.449999933166,14368.29999993116,14372.3499999311,18.100000000000122,154.75000000000094,13.350000000000055,0,79.74999999999761,0.2,0,0.0,175.99999999999568
J002171,2023-01-03/WRAU,WRAU,AMR_26,G21_13,WS_8_20,"[""123305""]",1,14110.049999934918,14336.949999931616,14286.54999993235,14110.049999934918,14110.049999934918,14114.099999934859,14276.449999932496,14276.499999932495,14286.49999993235,14286.54999993235,14332.899999931675,14336.949999931616,18.100000000000122,96.04999999999669,13.350000000000055,0,99.1999999999965,0.2,0,0.0,100.00000000000105
J002172,2023-01-03/WBEN,WBEN,AMR_34,G38_13,WS_2_20,"[""101135"", ""110178""]",2,14117.749999934806,14520.499999928945,14433.399999930212,14117.749999934806,14216.299999933372,14220.349999933313,14423.29999993036,14423.349999930359,14433.349999930213,14433.399999930212,14516.449999929004,14520.499999928945,18.100000000000122,211.05000000001374,17.15000000000011,0,156.20000000000127,0.25,0,60.00000000000013,179.99999999999446
J002173,2023-01-03/WJYG,WJYG,AMR_10,G15_10,WS_13_20,"[""110097""]",1,14124.499999934707,14279.249999932455,14229.349999933182,14124.499999934707,14124.499999934707,14128.549999934648,14219.249999933329,14219.299999933328,14229.299999933182,14229.349999933182,14275.199999932514,14279.249999932455,18.100000000000122,63.49999999999853,11.400000000000027,0,61.54999999999864,0.2,0,0.0,60.000000000000355
J002174,2023-01-03/WRAU,WRAU,AMR_37,G21_8,WS_8_20,"[""113203""]",1,14125.999999934686,14433.449999930212,14302.499999932117,14125.999999934686,14207.249999933503,14211.299999933444,14292.399999932264,14292.449999932263,14302.449999932118,14302.499999932117,14429.39999993027,14433.449999930212,18.100000000000122,173.85000000000528,21.000000000000163,0,94.24999999999679,0.25,0,70.00000000000091,116.00000000000136
J002175,2023-01-03/WBEN,WBEN,AMR_14,G38_10,WS_2_20,"[""101025"", ""101155""]",2,14141.849999934455,14531.649999928783,14450.449999929964,14141.849999934455,14227.049999933215,14231.099999933156,14440.349999930111,14440.39999993011,14450.399999929965,14450.449999929964,14527.599999928841,14531.649999928783,18.100000000000122,222.3500000000163,20.950000000000163,0,128.1499999999949,0.25,0,68.0000000000005,191.9999999999921
J002176,2023-01-03/WRAU,WRAU,AMR_40,G17_1,WS_8_20,"[""124008""]",3,14141.949999934453,14335.549999931636,14270.599999932581,14141.949999934453,14172.39999993401,14176.449999933951,14260.499999932728,14260.549999932728,14270.549999932582,14270.599999932581,14331.499999931695,14335.549999931636,18.100000000000122,126.59999999999495,17.20000000000011,0,31.450000000000312,0.25,0,23.99999999999998,120.00000000000199
J002177,2023-01-03/WRAU,WRAU,AMR_36,G27_12,WS_8_20,"[""101180""]",2,14194.149999933694,14442.599999930078,14330.799999931705,14194.149999933694,14194.149999933694,14198.199999933635,14320.699999931852,14320.749999931852,14330.749999931706,14330.799999931705,14438.549999930137,14442.599999930078,18.100000000000122,112.14999999999577,9.5,0,108.49999999999598,0.2,0,0.0,124.00000000000136
J002178,2023-01-03/WJYG,WJYG,AMR_33,G5_14,WS_13_20,"[""107204""]",1,14195.449999933675,14325.049999931789,14280.499999932437,14195.449999933675,14195.449999933675,14199.499999933616,14270.399999932584,14270.449999932584,14280.449999932438,14280.499999932437,14320.999999931848,14325.049999931789,18.100000000000122,68.94999999999823,9.55,0,32.800000000000274,0.2,0,0.0,72.00000000000063
J002179,2023-01-03/WJYG,WJYG,AMR_25,G21_10,WS_13_20,"[""107254""]",1,14212.349999933429,14347.149999931467,14297.54999993219,14212.349999933429,14212.349999933429,14216.39999993337,14287.449999932336,14287.499999932335,14297.49999993219,14297.54999993219,14343.099999931526,14347.149999931467,18.100000000000122,78.64999999999768,11.450000000000028,0,26.40000000000024,0.2,0,0.0,76.00000000000051
J002180,2023-01-03/WJYG,WJYG,AMR_29,G35_14,WS_13_20,"[""110484""]",1,14229.39999993318,14407.39999993059,14346.649999931475,14229.39999993318,14251.699999932856,14255.749999932797,14336.549999931622,14336.599999931621,14346.599999931475,14346.649999931475,14403.34999993065,14407.39999993059,18.100000000000122,119.64999999999534,14.350000000000069,0,25.65000000000023,0.25,0,16.0,116.00000000000036
J002181,2023-01-03/WRAU,WRAU,AMR_08,G29_12,WS_8_20,"[""112056""]",1,14238.699999933046,14457.349999929864,14368.29999993116,14238.699999933046,14256.89999993278,14260.949999932722,14358.199999931307,14358.249999931306,14368.24999993116,14368.29999993116,14453.299999929923,14457.349999929864,18.100000000000122,132.5999999999959,17.20000000000011,0,50.49999999999927,0.25,0,10.0,136.00000000000063
J002182,2023-01-03/WJYG,WJYG,AMR_21,G38_8,WS_13_20,"[""110374""]",1,14246.449999932933,14528.499999928828,14392.34999993081,14246.449999932933,14314.64999993194,14318.699999931881,14382.249999930957,14382.299999930956,14392.29999993081,14392.34999993081,14524.449999928887,14528.499999928828,18.100000000000122,198.950000000011,20.05000000000015,0,44.6999999999996,0.25,0,64.00000000000031,183.99999999999434
J002183,2023-01-03/WRAU,WRAU,AMR_07,G30_15,WS_8_20,"[""140089""]",1,14254.699999932813,14460.599999929816,14384.449999930925,14254.699999932813,14286.249999932354,14290.299999932295,14374.349999931072,14374.39999993107,14384.399999930925,14384.449999930925,14456.549999929875,14460.599999929816,18.100000000000122,129.39999999999517,12.450000000000042,0,45.69999999999954,0.25,0,30.0,116.00000000000088
J002184,2023-01-03/WJYG,WJYG,AMR_32,G38_7,WS_13_20,"[""131531""]",1,14263.499999932685,14697.44999992637,14532.749999928767,14263.499999932685,14448.949999929986,14452.999999929927,14522.649999928914,14522.699999928913,14532.699999928767,14532.749999928767,14693.399999926429,14697.44999992637,18.100000000000122,255.90000000002394,37.40000000000001,0,122.2999999999952,0.25,0,124.00000000000207,171.999999999996
J002185,2023-01-03/WRAU,WRAU,AMR_06,G30_13,WS_8_20,"[""110190""]",1,14270.64999993258,14545.59999992858,14477.949999929564,14270.64999993258,14380.949999930976,14384.999999930917,14467.849999929711,14467.89999992971,14477.899999929565,14477.949999929564,14541.549999928638,14545.59999992858,18.100000000000122,192.30000000000948,22.95000000000019,0,41.34999999999979,0.25,0,96.00000000000168,132.00000000000105
J002186,2023-01-03/WRAU,WRAU,AMR_18,G30_10,WS_8_20,"[""111341""]",1,14286.599999932349,14499.849999929245,14400.949999930684,14286.599999932349,14306.299999932062,14310.349999932003,14390.849999930831,14390.89999993083,14400.899999930685,14400.949999930684,14495.799999929304,14499.849999929245,18.100000000000122,126.89999999999493,16.250000000000096,0,51.7499999999992,0.25,0,12.0,136.0000000000008
J002187,2023-01-03/WBEN,WBEN,AMR_12,G3_14,WS_2_20,"[""111263""]",1,14288.649999932319,14371.74999993111,14339.899999931573,14288.649999932319,14288.649999932319,14292.69999993226,14329.79999993172,14329.84999993172,14339.849999931574,14339.899999931573,14367.699999931168,14371.74999993111,18.100000000000122,40.94999999999981,7.649999999999981,0,16.200000000000095,0.2,0,0.0,40.000000000000014
J002188,2023-01-03/WRAU,WRAU,AMR_02,G29_7,WS_8_20,"[""110322""]",1,14302.549999932116,14537.899999928692,14461.999999929796,14302.549999932116,14364.19999993122,14368.24999993116,14451.899999929943,14451.949999929942,14461.949999929797,14461.999999929796,14533.84999992875,14537.899999928692,18.100000000000122,161.30000000000243,16.200000000000095,0,39.49999999999989,0.25,0,42.000000000000234,143.99999999999997
J002189,2023-01-03/WBEN,WBEN,AMR_11,G6_15,WS_2_20,"[""110480""]",1,14305.849999932068,14444.799999930046,14416.34999993046,14305.849999932068,14325.749999931779,14329.79999993172,14406.249999930607,14406.299999930607,14416.299999930461,14416.34999993046,14440.749999930105,14444.799999930046,18.100000000000122,58.49999999999881,11.500000000000028,0,50.59999999999926,0.25,0,15.999999999999979,40.00000000000014
J002190,2023-01-03/WBEN,WBEN,AMR_28,G3_13,WS_2_20,"[""127405""]",1,14322.89999993182,14397.449999930735,14365.099999931206,14322.89999993182,14326.899999931762,14330.949999931703,14354.999999931353,14355.049999931352,14365.049999931207,14365.099999931206,14393.399999930794,14397.449999930735,18.100000000000122,45.69999999999954,7.599999999999981,0,2.8999999999999977,0.25,0,2.0,44.00000000000017
J002191,2023-01-03/WRAU,WRAU,AMR_09,G33_14,WS_8_20,"[""131653""]",1,14330.849999931705,14757.799999925492,14446.049999930028,14330.849999931705,14369.399999931144,14373.449999931085,14435.949999930175,14435.999999930174,14445.999999930029,14446.049999930028,14753.74999992555,14757.799999925492,18.100000000000122,173.80000000000527,21.950000000000177,0,212.85000000001415,0.25,0,32.0,167.99999999999582
J002192,2023-01-03/WBEN,WBEN,AMR_33,G5_14,WS_2_20,"[""107204""]",1,14339.949999931572,14413.099999930508,14382.249999930957,14339.949999931572,14339.949999931572,14343.999999931513,14372.149999931104,14372.199999931103,14382.199999930957,14382.249999930957,14409.049999930567,14413.099999930508,18.100000000000122,39.94999999999987,7.649999999999981,0,7.249999999999982,0.2,0,0.0,40.000000000000014
J002193,2023-01-03/WBEN,WBEN,AMR_17,G8_15,WS_2_20,"[""110290""]",1,14365.149999931205,14498.599999929264,14467.499999929716,14365.149999931205,14379.849999930992,14383.899999930933,14457.399999929863,14457.449999929862,14467.449999929717,14467.499999929716,14494.549999929322,14498.599999929264,18.100000000000122,58.449999999998816,10.500000000000014,0,46.149999999999515,0.25,0,8.0,48.00000000000044
J002194,2023-01-03/WRAU,WRAU,AMR_25,G21_10,WS_8_20,"[""110138""]",1,14368.349999931159,14485.199999929458,14429.849999930264,14368.349999931159,14368.349999931159,14372.3999999311,14419.749999930411,14419.79999993041,14429.799999930265,14429.849999930264,14481.149999929517,14485.199999929458,18.100000000000122,86.79999999999721,10.500000000000014,0,1.2500000000000004,0.2,0,0.0,104.00000000000142
J002195,2023-01-03/WBEN,WBEN,AMR_19,G8_12,WS_2_20,"[""112010""]",1,14382.299999930956,14539.499999928668,14501.59999992922,14382.299999930956,14400.54999993069,14404.599999930631,14491.499999929367,14491.549999929366,14501.54999992922,14501.59999992922,14535.449999928727,14539.499999928668,18.100000000000122,77.59999999999773,10.500000000000014,0,50.749999999999254,0.25,0,18.0,64.00000000000081
J002196,2023-01-03/WRAU,WRAU,AMR_27,G24_2,WS_8_20,"[""138468""]",1,14384.499999930924,14575.299999928147,14493.899999929332,14384.499999930924,14384.499999930924,14388.549999930865,14483.799999929479,14483.849999929478,14493.849999929333,14493.899999929332,14571.249999928206,14575.299999928147,18.100000000000122,128.84999999999505,13.350000000000055,0,30.300000000000296,0.2,0,0.0,155.9999999999998
J002197,2023-01-03/WJYG,WJYG,AMR_04,G26_2,WS_13_20,"[""110502""]",1,14389.849999930846,14522.749999928912,14463.14999992978,14389.849999930846,14389.849999930846,14393.899999930787,14453.049999929926,14453.099999929926,14463.09999992978,14463.14999992978,14518.699999928971,14522.749999928912,18.100000000000122,102.69999999999631,10.450000000000014,0,1.4500000000000006,0.2,0,0.0,128.00000000000188
J002198,2023-01-03/WBEN,WBEN,AMR_03,G3_9,WS_2_20,"[""112367""]",1,14399.349999930708,14522.19999992892,14484.549999929468,14399.349999930708,14402.399999930663,14406.449999930604,14474.449999929615,14474.499999929614,14484.499999929469,14484.549999929468,14518.149999928979,14522.19999992892,18.100000000000122,59.149999999998776,6.649999999999984,0,38.69999999999994,0.25,0,2.0,60.000000000000526
J002199,2023-01-03/WRAU,WRAU,AMR_16,G24_1,WS_8_20,"[""110357""]",1,14400.999999930684,14592.449999927898,14509.8499999291,14400.999999930684,14400.999999930684,14405.049999930625,14499.749999929247,14499.799999929246,14509.7999999291,14509.8499999291,14588.399999927957,14592.449999927898,18.100000000000122,129.8999999999953,11.450000000000028,0,31.800000000000317,0.2,0,0.0,155.9999999999989
J002200,2023-01-03/WBEN,WBEN,AMR_30,G2_8,WS_2_20,"[""107383""]",1,14416.39999993046,14548.649999928535,14518.649999928972,14416.39999993046,14422.749999930367,14426.799999930308,14508.549999929119,14508.599999929118,14518.599999928972,14518.649999928972,14544.599999928594,14548.649999928535,18.100000000000122,63.29999999999854,9.600000000000001,0,40.99999999999981,0.25,0,4.0,64.00000000000064
J002201,2023-01-03/WRAU,WRAU,AMR_38,G28_2,WS_8_20,"[""134599""]",1,14429.899999930263,14668.249999926795,14541.749999928636,14429.899999930263,14453.599999929918,14457.64999992986,14531.649999928783,14531.699999928782,14541.699999928636,14541.749999928636,14664.199999926854,14668.249999926795,18.100000000000122,146.74999999999912,16.250000000000096,0,56.9999999999989,0.25,0,17.999999999999996,159.99999999999804
J002202,2023-01-03/WBEN,WBEN,AMR_10,G11_12,WS_2_20,"[""112374""]",1,14433.449999930212,14640.099999927204,14591.249999927915,14433.449999930212,14534.149999928746,14538.199999928687,14581.149999928062,14581.199999928062,14591.199999927916,14591.249999927915,14636.049999927263,14640.099999927204,18.100000000000122,140.14999999999762,18.150000000000123,0,30.00000000000029,0.25,0,80.0000000000015,80.00000000000088
J002203,2023-01-03/WRAU,WRAU,AMR_29,G35_15,WS_8_20,"[""112084""]",1,14446.099999930027,14609.949999927643,14525.799999928868,14446.099999930027,14450.09999992997,14454.14999992991,14515.699999929015,14515.749999929014,14525.749999928868,14525.799999928868,14605.899999927702,14609.949999927643,18.100000000000122,122.79999999999517,9.5,0,13.200000000000053,0.25,0,2.0,151.9999999999986
J002204,2023-01-03/WBEN,WBEN,AMR_39,G0_8,WS_2_20,"[""131980""]",2,14450.499999929963,14565.699999928287,14535.699999928724,14450.499999929963,14464.099999929766,14468.149999929707,14525.59999992887,14525.64999992887,14535.649999928724,14535.699999928724,14561.649999928346,14565.699999928287,18.100000000000122,66.09999999999839,10.500000000000014,0,20.250000000000153,0.25,0,8.000000000000004,64.00000000000064
J002205,2023-01-03/WRAU,WRAU,AMR_35,G35_14,WS_8_20,"[""110262""]",1,14462.049999929795,14665.399999926836,14565.949999928283,14462.049999929795,14493.499999929338,14497.549999929279,14555.84999992843,14555.89999992843,14565.899999928284,14565.949999928283,14661.349999926895,14665.399999926836,18.100000000000122,128.1499999999949,13.400000000000055,0,43.44999999999967,0.25,0,16.0,140.00000000000026
J002206,2023-01-03/WBEN,WBEN,AMR_11,G9_10,WS_2_20,"[""112359""]",1,14467.549999929715,14616.099999927554,14574.199999928163,14467.549999929715,14501.64999992922,14505.69999992916,14564.09999992831,14564.14999992831,14574.149999928164,14574.199999928163,14612.049999927613,14616.099999927554,18.100000000000122,84.54999999999734,12.35000000000004,0,33.300000000000246,0.25,0,16.0,76.00000000000082
J002207,2023-01-03/WRAU,WRAU,AMR_07,G32_4,WS_8_20,"[""110483""]",1,14477.999999929563,14678.799999926641,14599.749999927792,14477.999999929563,14503.59999992919,14507.649999929132,14589.649999927939,14589.699999927938,14599.699999927792,14599.749999927792,14674.7499999267,14678.799999926641,18.100000000000122,158.1500000000017,12.35000000000004,0,11.950000000000035,0.25,0,26.00000000000003,171.99999999999702
J002208,2023-01-03/WBEN,WBEN,AMR_23,G5_8,WS_2_20,"[""112004""]",1,14484.599999929467,14596.199999927843,14557.099999928412,14484.599999929467,14497.649999929277,14501.699999929218,14546.99999992856,14547.049999928558,14557.049999928413,14557.099999928412,14592.149999927902,14596.199999927843,18.100000000000122,64.74999999999847,11.500000000000028,0,17.000000000000107,0.25,0,6.0,64.0000000000006
J002209,2023-01-03/WRAU,WRAU,AMR_24,G35_9,WS_8_20,"[""107034""]",1,14493.949999929331,14712.099999926157,14615.999999927555,14493.949999929331,14508.549999929119,14512.59999992906,14605.899999927702,14605.949999927701,14615.949999927556,14615.999999927555,14708.049999926216,14712.099999926157,18.100000000000122,150.1499999999999,17.20000000000011,0,32.450000000000294,0.25,0,8.0,159.9999999999972
J002210,2023-01-03/WBEN,WBEN,AMR_17,G14_15,WS_2_20,"[""107224""]",1,14501.64999992922,14670.349999926764,14608.299999927667,14501.64999992922,14524.049999928893,14528.099999928834,14598.199999927814,14598.249999927813,14608.249999927668,14608.299999927667,14666.299999926823,14670.349999926764,18.100000000000122,89.99999999999703,11.450000000000028,0,48.89999999999936,0.25,0,16.0,72.0000000000004
J002211,2023-01-03/WRAU,WRAU,AMR_18,G31_2,WS_8_20,"[""110847""]",1,14509.899999929099,14852.849999924108,14767.349999925353,14509.899999929099,14527.499999928843,14531.549999928784,14757.2499999255,14757.299999925499,14767.299999925353,14767.349999925353,14848.799999924167,14852.849999924108,18.100000000000122,172.80000000000504,13.350000000000055,0,138.44999999999723,0.25,0,17.999999999999986,195.99999999999267
J002212,2023-01-03/WBEN,WBEN,AMR_31,G11_9,WS_2_20,"[""125639""]",1,14518.699999928971,14678.89999992664,14632.84999992731,14518.699999928971,14550.599999928507,14554.649999928448,14622.749999927457,14622.799999927456,14632.79999992731,14632.84999992731,14674.849999926699,14678.89999992664,18.100000000000122,96.89999999999664,13.350000000000055,0,31.600000000000314,0.25,0,24.0,84.00000000000114
J002213,2023-01-03/WRAU,WRAU,AMR_04,G26_2,WS_8_20,"[""110502""]",1,14525.849999928867,14726.599999925946,14631.949999927323,14525.849999928867,14525.849999928867,14529.899999928808,14621.84999992747,14621.89999992747,14631.899999927324,14631.949999927323,14722.549999926005,14726.599999925946,18.100000000000122,139.74999999999753,11.400000000000027,0,31.30000000000031,0.2,0,0.0,163.99999999999844
J002214,2023-01-03/WTML,WTML,AMR_26,G21_13,WS_13_20,"[""101102"", ""123305"", ""131889""]",4,14532.799999928766,14679.399999926633,14619.849999927499,14532.799999928766,14532.799999928766,14536.849999928707,14609.749999927646,14609.799999927645,14619.7999999275,14619.849999927499,14675.349999926691,14679.399999926633,18.100000000000122,75.74999999999784,9.55,0,42.999999999999694,0.2,0,0.0,72.00000000000028
J002215,2023-01-03/WTML,WTML,AMR_25,G20_10,WS_13_20,"[""110504"", ""112279"", ""124211""]",3,14532.799999928766,14657.449999926952,14585.449999928,14532.799999928766,14536.049999928719,14540.09999992866,14575.349999928147,14575.399999928146,14585.399999928,14585.449999928,14653.39999992701,14657.449999926952,18.100000000000122,67.6499999999983,7.599999999999981,0,31.050000000000306,0.25,0,2.0,72.00000000000077
J002216,2023-01-03/WTML,WTML,AMR_40,G21_1,WS_13_20,"[""110161"", ""110393"", ""124008""]",3,14532.799999928766,14737.149999925792,14653.949999927003,14532.799999928766,14548.99999992853,14553.049999928471,14643.84999992715,14643.89999992715,14653.899999927004,14653.949999927003,14733.099999925851,14737.149999925792,18.100000000000122,120.64999999999529,16.200000000000095,0,49.149999999999345,0.25,0,11.999999999999998,120.00000000000182
J002217,2023-01-03/WTML,WTML,AMR_14,G38_9,WS_13_20,"[""110582"", ""112068"", ""112431""]",3,14532.799999928766,14795.099999924949,14636.899999927251,14532.799999928766,14536.049999928719,14540.09999992866,14626.799999927398,14626.849999927397,14636.849999927252,14636.899999927251,14791.049999925008,14795.099999924949,18.100000000000122,159.400000000002,14.250000000000068,0,70.29999999999815,0.25,0,2.0,187.99999999999332
J002218,2023-01-03/WTML,WTML,AMR_22,G12_12,WS_13_20,"[""107328"", ""110231""]",2,14532.799999928766,14756.799999925506,14717.199999926082,14532.799999928766,14593.599999927881,14597.649999927822,14707.09999992623,14707.149999926229,14717.149999926083,14717.199999926082,14752.749999925565,14756.799999925506,18.100000000000122,94.19999999999679,15.250000000000082,0,96.19999999999668,0.25,0,40.00000000000006,48.00000000000023
J002219,2023-01-03/WTML,WTML,AMR_20,G18_10,WS_13_20,"[""107334"", ""112087""]",3,14532.799999928766,14662.949999926872,14602.799999927747,14532.799999928766,14536.999999928705,14541.049999928646,14592.699999927894,14592.749999927893,14602.749999927748,14602.799999927747,14658.89999992693,14662.949999926872,18.100000000000122,71.84999999999806,10.450000000000014,0,29.500000000000284,0.25,0,2.0,64.00000000000051
J002220,2023-01-03/WBEN,WBEN,AMR_21,G38_8,WS_2_20,"[""110109"", ""110374""]",2,14535.749999928723,14867.84999992389,14759.549999925466,14535.749999928723,14535.749999928723,14539.799999928664,14749.449999925613,14749.499999925612,14759.499999925467,14759.549999925466,14863.79999992395,14867.84999992389,18.100000000000122,193.90000000000984,13.350000000000055,0,106.54999999999609,0.2,0,0.0,239.99999999998604
J002221,2023-01-03/WRAU,WRAU,AMR_08,G35_8,WS_8_20,"[""107327""]",1,14541.799999928635,14832.199999924409,14737.049999925794,14541.799999928635,14593.799999927878,14597.84999992782,14726.94999992594,14726.99999992594,14736.999999925794,14737.049999925794,14828.149999924468,14832.199999924409,18.100000000000122,178.15000000000626,18.150000000000123,0,75.74999999999784,0.25,0,44.00000000000031,163.9999999999965
J002222,2023-01-03/WBEN,WBEN,AMR_19,G12_9,WS_2_20,"[""110397""]",1,14557.149999928411,14753.949999925548,14650.099999927059,14557.149999928411,14584.449999928014,14588.499999927955,14639.999999927206,14640.049999927205,14650.04999992706,14650.099999927059,14749.899999925607,14753.949999925548,18.100000000000122,106.49999999999609,14.350000000000069,0,57.599999999998865,0.25,0,18.0,96.00000000000088
J002223,2023-01-03/WRAU,WRAU,AMR_02,G33_2,WS_8_20,"[""113218""]",1,14565.999999928283,14804.099999924818,14682.649999926585,14565.999999928283,14592.049999927904,14596.099999927845,14672.549999926732,14672.599999926731,14682.599999926586,14682.649999926585,14800.049999924877,14804.099999924818,18.100000000000122,170.4500000000045,18.150000000000123,0,31.150000000000308,0.25,0,21.999999999999996,183.99999999999523
J002224,2023-01-03/WBEN,WBEN,AMR_15,G8_6,WS_2_20,"[""112073""]",1,14574.249999928163,14730.499999925889,14675.949999926683,14574.249999928163,14602.049999927758,14606.0999999277,14665.84999992683,14665.899999926829,14675.899999926683,14675.949999926683,14726.449999925948,14730.499999925889,18.100000000000122,97.24999999999662,17.20000000000011,0,23.4500000000002,0.25,0,20.000000000000007,84.00000000000097
J002225,2023-01-03/WTML,WTML,AMR_01,G18_9,WS_13_20,"[""101219"", ""110577""]",2,14585.499999927999,14729.149999925909,14680.499999926617,14585.499999927999,14600.399999927782,14604.449999927723,14670.399999926763,14670.449999926763,14680.449999926617,14680.499999926617,14725.099999925967,14729.149999925909,18.100000000000122,81.09999999999754,15.300000000000082,0,28.900000000000276,0.25,0,8.0,76.0000000000006
J002226,2023-01-03/WBEN,WBEN,AMR_36,G17_14,WS_2_20,"[""140079""]",2,14591.299999927915,14771.899999925286,14718.449999926064,14591.299999927915,14624.099999927437,14628.149999927378,14708.349999926211,14708.39999992621,14718.399999926065,14718.449999926064,14767.849999925345,14771.899999925286,18.100000000000122,121.09999999999526,16.300000000000097,0,24.850000000000218,0.25,0,32.0,108.00000000000182
J002227,2023-01-03/WRAU,WRAU,AMR_34,G38_10,WS_8_20,"[""107250""]",1,14599.79999992779,14871.599999923836,14785.099999925094,14599.79999992779,14618.44999992752,14622.49999992746,14774.999999925241,14775.04999992524,14785.049999925095,14785.099999925094,14867.549999923895,14871.599999923836,18.100000000000122,164.80000000000322,16.200000000000095,0,72.44999999999803,0.25,0,10.0,191.99999999999324
J002228,2023-01-03/WTML,WTML,AMR_28,G3_12,WS_13_20,"[""112013"", ""127627""]",3,14602.849999927746,14784.399999925105,14734.249999925834,14602.849999927746,14606.849999927688,14610.89999992763,14724.149999925981,14724.19999992598,14734.199999925835,14734.249999925834,14780.349999925164,14784.399999925105,18.100000000000122,87.44999999999717,10.450000000000014,0,65.29999999999843,0.25,0,2.0,84.00000000000094
J002229,2023-01-03/WBEN,WBEN,AMR_03,G14_9,WS_2_20,"[""110227""]",1,14608.349999927666,14890.699999923558,14840.949999924282,14608.349999927666,14742.949999925708,14746.999999925649,14830.849999924429,14830.899999924428,14840.899999924282,14840.949999924282,14886.649999923617,14890.699999923558,18.100000000000122,149.89999999999984,21.050000000000164,0,93.04999999999686,0.25,0,58.000000000000355,96.00000000000148
J002230,2023-01-03/WTML,WTML,AMR_11,G9_10,WS_13_20,"[""107238"", ""110346""]",2,14619.899999927498,14760.449999925453,14699.899999926334,14619.899999927498,14619.899999927498,14623.94999992744,14689.799999926481,14689.84999992648,14699.849999926335,14699.899999926334,14756.399999925512,14760.449999925453,18.100000000000122,71.99999999999805,8.549999999999986,0,41.69999999999977,0.2,0,0.0,68.0000000000004
J002231,2023-01-03/WBEN,WBEN,AMR_27,G14_8,WS_2_20,"[""112372""]",1,14632.89999992731,14797.549999924913,14742.349999925716,14632.89999992731,14668.799999926787,14672.849999926728,14732.249999925863,14732.299999925863,14742.299999925717,14742.349999925716,14793.499999924972,14797.549999924913,18.100000000000122,128.84999999999505,14.350000000000069,0,3.099999999999997,0.25,0,36.000000000000014,120.00000000000233
J002232,2023-01-03/WTML,WTML,AMR_37,G20_9,WS_13_20,"[""110426"", ""112329""]",3,14636.94999992725,14799.84999992488,14751.299999925586,14636.94999992725,14664.649999926847,14668.699999926788,14741.199999925733,14741.249999925732,14751.249999925587,14751.299999925586,14795.799999924939,14799.84999992488,18.100000000000122,93.54999999999683,17.20000000000011,0,33.80000000000022,0.25,0,20.0,76.00000000000051
J002233,2023-01-03/WBEN,WBEN,AMR_10,G14_7,WS_2_20,"[""112330""]",1,14650.149999927058,14970.89999992239,14918.399999923155,14650.149999927058,14844.149999924235,14848.199999924176,14908.299999923302,14908.3499999233,14918.349999923155,14918.399999923155,14966.84999992245,14970.89999992239,18.100000000000122,169.60000000000431,22.95000000000019,0,109.8499999999959,0.25,0,72.000000000001,120.00000000000259
J002234,2023-01-03/WTML,WTML,AMR_13,G2_12,WS_13_20,"[""110153"", ""122697""]",3,14653.999999927002,14844.949999924223,14768.349999925338,14653.999999927002,14668.59999992679,14672.64999992673,14758.249999925485,14758.299999925484,14768.299999925339,14768.349999925338,14840.899999924282,14844.949999924223,18.100000000000122,103.84999999999624,14.350000000000069,0,54.39999999999905,0.25,0,8.000000000000002,92.00000000000054
J002235,2023-01-03/WBEN,WBEN,AMR_20,G15_8,WS_2_20,"[""124034""]",1,14675.999999926682,14867.549999923895,14806.799999924779,14675.999999926682,14697.099999926375,14701.149999926316,14796.699999924926,14796.749999924925,14806.74999992478,14806.799999924779,14863.499999923954,14867.549999923895,18.100000000000122,129.84999999999528,16.300000000000097,0,27.05000000000025,0.25,0,14.0,140.00000000000136
J002236,2023-01-03/WTML,WTML,AMR_31,G11_9,WS_13_20,"[""101146"", ""110380""]",2,14680.549999926616,14842.39999992426,14802.449999924842,14680.549999926616,14680.549999926616,14684.599999926557,14792.349999924989,14792.399999924988,14802.399999924843,14802.449999924842,14838.34999992432,14842.39999992426,18.100000000000122,68.19999999999827,9.55,0,65.7999999999984,0.2,0,0.0,68.0000000000006
J002237,2023-01-03/WRAU,WRAU,AMR_32,G38_7,WS_8_20,"[""131531""]",1,14697.49999992637,14897.39999992346,14805.899999924792,14697.49999992637,14697.49999992637,14701.54999992631,14795.799999924939,14795.849999924938,14805.849999924792,14805.899999924792,14893.34999992352,14897.39999992346,18.100000000000122,155.65000000000114,11.450000000000028,0,14.500000000000071,0.2,0,0.0,191.99999999999275
J002238,2023-01-03/WTML,WTML,AMR_25,G20_7,WS_13_20,"[""107326"", ""111833""]",2,14699.949999926333,14852.649999924111,14785.39999992509,14699.949999926333,14716.199999926097,14720.249999926038,14775.299999925237,14775.349999925236,14785.34999992509,14785.39999992509,14848.59999992417,14852.649999924111,18.100000000000122,90.09999999999702,15.300000000000082,0,28.950000000000276,0.25,0,10.0,84.00000000000077
J002239,2023-01-03/WTML,WTML,AMR_29,G29_15,WS_13_20,"[""110342"", ""110401""]",3,14717.249999926082,14863.349999923956,14819.499999924594,14717.249999926082,14738.199999925777,14742.249999925718,14809.39999992474,14809.44999992474,14819.449999924595,14819.499999924594,14859.299999924015,14863.349999923956,18.100000000000122,94.39999999999678,10.450000000000014,0,22.90000000000019,0.25,0,20.0,88.00000000000028
J002240,2023-01-03/WBEN,WBEN,AMR_17,G17_9,WS_2_20,"[""113152""]",1,14718.499999926064,14884.649999923646,14823.89999992453,14718.499999926064,14752.39999992557,14756.449999925511,14813.799999924677,14813.849999924676,14823.84999992453,14823.89999992453,14880.599999923705,14884.649999923646,18.100000000000122,117.54999999999546,16.250000000000096,0,14.000000000000064,0.25,0,22.0,108.0000000000017
J002241,2023-01-03/WTML,WTML,AMR_38,G29_14,WS_13_20,"[""107573"", ""112432""]",2,14734.299999925834,14891.24999992355,14836.549999924346,14734.299999925834,14757.89999992549,14761.949999925431,14826.449999924493,14826.499999924492,14836.499999924346,14836.549999924346,14887.199999923609,14891.24999992355,18.100000000000122,102.19999999999634,12.450000000000042,0,23.950000000000205,0.25,0,26.0,92.00000000000034
J002242,2023-01-03/WBEN,WBEN,AMR_01,G18_10,WS_2_20,"[""112087""]",1,14742.399999925716,14914.149999923216,14857.999999924034,14742.399999925716,14746.549999925655,14750.599999925596,14847.89999992418,14847.94999992418,14857.949999924034,14857.999999924034,14910.099999923275,14914.149999923216,18.100000000000122,101.59999999999637,10.450000000000014,0,41.34999999999979,0.25,0,2.0,112.00000000000168
J002243,2023-01-03/WTML,WTML,AMR_06,G30_15,WS_13_20,"[""125179"", ""140089""]",3,14751.349999925586,14909.399999923286,14853.599999924098,14751.349999925586,14765.949999925373,14769.999999925314,14843.499999924245,14843.549999924244,14853.549999924098,14853.599999924098,14905.349999923345,14909.399999923286,18.100000000000122,89.69999999999705,10.500000000000014,0,39.49999999999989,0.25,0,8.0,92.00000000000014
J002244,2023-01-03/WBEN,WBEN,AMR_30,G2_1,WS_2_20,"[""110339""]",1,14759.599999925465,14913.999999923219,14875.049999923785,14759.599999925465,14780.59999992516,14784.649999925101,14864.949999923932,14864.999999923932,14874.999999923786,14875.049999923785,14909.949999923278,14913.999999923219,18.100000000000122,92.2499999999969,9.55,0,34.25000000000019,0.25,0,17.99999999999995,92.00000000000142
J002245,2023-01-03/WTML,WTML,AMR_24,G29_10,WS_13_20,"[""110232"", ""123272""]",2,14768.399999925337,14934.949999922914,14870.64999992385,14768.399999925337,14791.999999924994,14796.049999924935,14860.549999923996,14860.599999923996,14870.59999992385,14870.64999992385,14930.899999922973,14934.949999922914,18.100000000000122,110.94999999999584,14.300000000000068,0,22.95000000000019,0.25,0,18.0,108.00000000000051
J002246,2023-01-03/WTML,WTML,AMR_23,G3_2,WS_13_20,"[""110344"", ""110386""]",2,14785.44999992509,14957.799999922581,14898.999999923437,14785.44999992509,14807.849999924763,14811.899999924704,14888.899999923584,14888.949999923583,14898.949999923438,14898.999999923437,14953.74999992264,14957.799999922581,18.100000000000122,121.29999999999525,16.250000000000096,0,16.4500000000001,0.25,0,15.999999999999993,124.0000000000024
J002247,2023-01-03/WRAU,WRAU,AMR_14,G38_9,WS_8_20,"[""112068""]",1,14795.149999924948,14986.949999922157,14877.549999923749,14795.149999924948,14795.149999924948,14799.19999992489,14867.449999923896,14867.499999923895,14877.49999992375,14877.549999923749,14982.899999922216,14986.949999922157,18.100000000000122,158.90000000000188,13.350000000000055,0,1.2500000000000004,0.2,0,0.0,207.9999999999914
J002248,2023-01-03/WTML,WTML,AMR_07,G32_7,WS_13_20,"[""107210"", ""107219""]",2,14802.499999924841,14982.099999922228,14916.549999923182,14802.499999924841,14818.499999924608,14822.54999992455,14906.449999923329,14906.499999923328,14916.499999923182,14916.549999923182,14978.049999922287,14982.099999922228,18.100000000000122,119.99999999999532,15.300000000000082,0,25.950000000000234,0.25,0,10.0,132.00000000000094
J002249,2023-01-03/WBEN,WBEN,AMR_26,G21_13,WS_2_20,"[""123305""]",1,14806.849999924778,14948.049999922723,14892.099999923537,14806.849999924778,14806.849999924778,14810.899999924719,14881.999999923684,14882.049999923684,14892.049999923538,14892.099999923537,14943.999999922782,14948.049999922723,18.100000000000122,93.39999999999684,9.55,0,19.95000000000015,0.2,0,0.0,116.00000000000196
J002250,2023-01-03/WTML,WTML,AMR_02,G32_6,WS_13_20,"[""112334"", ""115181""]",2,14819.549999924593,15004.299999921905,14933.899999922929,14819.549999924593,14840.649999924286,14844.699999924227,14923.799999923076,14923.849999923075,14933.84999992293,14933.899999922929,15000.249999921964,15004.299999921905,18.100000000000122,140.84999999999778,20.05000000000015,0,5.4999999999999885,0.25,0,14.0,147.99999999999918
J002251,2023-01-03/WBEN,WBEN,AMR_05,G21_12,WS_2_20,"[""110543""]",1,14823.949999924529,15000.099999921966,14935.549999922905,14823.949999924529,14843.84999992424,14847.89999992418,14925.449999923052,14925.499999923051,14935.499999922906,14935.549999922905,14996.049999922025,15000.099999921966,18.100000000000122,118.29999999999542,14.350000000000069,0,25.150000000000222,0.25,0,16.0,120.00000000000173
J002252,2023-01-03/WTML,WTML,AMR_08,G35_10,WS_13_20,"[""112288"", ""123304""]",2,14836.599999924345,15014.399999921758,14950.949999922681,14836.599999924345,14851.199999924132,14855.249999924074,14940.849999922828,14940.899999922827,14950.899999922682,14950.949999922681,15010.349999921817,15014.399999921758,18.100000000000122,117.49999999999547,14.350000000000069,0,27.600000000000257,0.25,0,8.0,132.0000000000005
J002253,2023-01-03/WBEN,WBEN,AMR_27,G14_2,WS_2_20,"[""109843""]",1,14840.999999924281,15016.649999921725,14952.599999922657,14840.999999924281,14860.699999923994,14864.749999923935,14942.499999922804,14942.549999922803,14952.549999922658,14952.599999922657,15012.599999921784,15016.649999921725,18.100000000000122,121.49999999999524,13.350000000000055,0,22.450000000000184,0.25,0,15.999999999999975,132.00000000000273
J002254,2023-01-03/WTML,WTML,AMR_09,G35_9,WS_13_20,"[""101318"", ""110165""]",2,14853.649999924097,15073.949999920891,14967.999999922433,14853.649999924097,14872.299999923825,14876.349999923767,14957.89999992258,14957.949999922579,14967.949999922434,14967.999999922433,15069.89999992095,15073.949999920891,18.100000000000122,149.99999999999986,19.100000000000136,0,32.85000000000027,0.25,0,14.0,159.9999999999969
J002255,2023-01-03/WBEN,WBEN,AMR_37,G21_9,WS_2_20,"[""101325""]",1,14858.049999924033,15030.999999921516,14969.649999922409,14858.049999924033,14861.099999923988,14865.14999992393,14959.549999922556,14959.599999922555,14969.59999992241,14969.649999922409,15026.949999921575,15030.999999921516,18.100000000000122,112.64999999999574,7.599999999999981,0,34.350000000000186,0.25,0,2.0,132.00000000000236
J002256,2023-01-03/WTML,WTML,AMR_21,G36_10,WS_13_20,"[""107323"", ""124230""]",3,14870.699999923849,15113.749999920312,15036.19999992144,14870.699999923849,14919.799999923134,14923.849999923075,15026.099999921587,15026.149999921587,15036.149999921441,15036.19999992144,15109.69999992037,15113.749999920312,18.100000000000122,150.70000000000002,18.150000000000123,0,55.849999999998964,0.25,0,40.0,135.99999999999983
J002257,2023-01-03/WBEN,WBEN,AMR_40,G23_13,WS_2_20,"[""125183""]",2,14875.099999923785,15062.449999921058,14986.69999992216,14875.099999923785,14901.899999923395,14905.949999923336,14976.599999922308,14976.649999922307,14986.649999922161,14986.69999992216,15058.399999921117,15062.449999921058,18.100000000000122,124.49999999999507,12.400000000000041,0,32.100000000000314,0.25,0,28.0,116.00000000000128
J002258,2023-01-03/WBEN,WBEN,AMR_04,G21_8,WS_2_20,"[""113203""]",1,14892.149999923537,15104.89999992044,15006.599999921871,14892.149999923537,14920.949999923118,14924.999999923059,14996.499999922018,14996.549999922017,15006.549999921872,15006.599999921871,15100.8499999205,15104.89999992044,18.100000000000122,163.65000000000296,15.300000000000082,0,15.450000000000085,0.25,0,22.00000000000002,187.99999999999594
J002259,2023-01-03/WTML,WTML,AMR_34,G38_13,WS_13_20,"[""110178"", ""129530""]",2,14899.049999923436,15108.999999920381,15019.149999921689,14899.049999923436,14914.299999923214,14918.349999923155,15009.049999921835,15009.099999921835,15019.09999992169,15019.149999921689,15104.94999992044,15108.999999920381,18.100000000000122,120.99999999999527,14.300000000000068,0,56.29999999999894,0.25,0,10.0,132.00000000000014
J002260,2023-01-03/WTML,WTML,AMR_22,G14_15,WS_13_20,"[""107224""]",1,14916.59999992318,15009.749999921825,14985.049999922185,14916.59999992318,14938.399999922864,14942.449999922805,14974.949999922332,14974.999999922331,14984.999999922185,14985.049999922185,15005.699999921884,15009.749999921825,18.100000000000122,46.24999999999951,10.500000000000014,0,18.05000000000012,0.25,0,10.0,32.0
J002261,2023-01-03/WBEN,WBEN,AMR_01,G23_12,WS_2_20,"[""111999""]",1,14918.449999923154,15080.89999992079,15023.549999921624,14918.449999923154,14939.29999992285,14943.349999922792,15013.449999921771,15013.49999992177,15023.499999921625,15023.549999921624,15076.849999920849,15080.89999992079,18.100000000000122,113.89999999999567,13.400000000000055,0,16.800000000000104,0.25,0,14.0,124.00000000000227
J002262,2023-01-03/WTML,WTML,AMR_36,G15_15,WS_13_20,"[""110325""]",1,14933.949999922928,15027.94999992156,15002.099999921937,14933.949999922928,14946.999999922738,14951.04999992268,14991.999999922084,14992.049999922083,15002.049999921937,15002.099999921937,15023.89999992162,15027.94999992156,18.100000000000122,41.64999999999977,8.599999999999987,0,25.400000000000226,0.25,0,6.0,32.0
J002263,2023-01-03/WBEN,WBEN,AMR_25,G18_2,WS_2_20,"[""110146""]",1,14935.599999922904,15154.749999919715,15040.599999921376,14935.599999922904,14954.949999922623,14958.999999922564,15030.499999921523,15030.549999921523,15040.549999921377,15040.599999921376,15150.699999919774,15154.749999919715,18.100000000000122,132.24999999999582,14.300000000000068,0,54.249999999999055,0.25,0,13.999999999999986,140.00000000000168
J002264,2023-01-03/WTML,WTML,AMR_11,G11_13,WS_13_20,"[""110289""]",1,14950.99999992268,15084.34999992074,15053.249999921192,14950.99999992268,14965.999999922462,14970.049999922403,15043.14999992134,15043.199999921339,15053.199999921193,15053.249999921192,15080.299999920799,15084.34999992074,18.100000000000122,66.04999999999839,12.400000000000041,0,36.55000000000006,0.25,0,10.0,52.000000000000256
J002265,2023-01-03/WBEN,WBEN,AMR_16,G17_1,WS_2_20,"[""124008""]",3,14952.649999922656,15124.399999920157,15057.649999921128,14952.649999922656,14973.549999922352,14977.599999922293,15047.549999921275,15047.599999921275,15057.599999921129,15057.649999921128,15120.349999920216,15124.399999920157,18.100000000000122,128.39999999999495,12.400000000000041,0,12.600000000000044,0.25,0,18.0,144.0000000000018
J002266,2023-01-03/WTML,WTML,AMR_15,G6_13,WS_13_20,"[""124208""]",1,14968.049999922432,15122.499999920185,15087.349999920696,14968.049999922432,14989.349999922122,14993.399999922063,15077.249999920843,15077.299999920842,15087.299999920697,15087.349999920696,15118.449999920243,15122.499999920185,18.100000000000122,82.99999999999743,13.400000000000055,0,39.69999999999988,0.25,0,17.999999999999986,64.00000000000054
J002267,2023-01-03/WBEN,WBEN,AMR_24,G26_9,WS_2_20,"[""123788""]",2,14969.699999922408,15204.099999918997,15104.89999992044,14969.699999922408,15012.599999921784,15016.649999921725,15094.799999920588,15094.849999920587,15104.849999920441,15104.89999992044,15200.049999919056,15204.099999918997,18.100000000000122,154.50000000000088,14.300000000000068,0,47.24999999999945,0.25,0,36.0,144.00000000000026
J002268,2023-01-03/WTML,WTML,AMR_33,G5_14,WS_13_20,"[""107204""]",1,14985.099999922184,15142.199999919898,15104.399999920448,14985.099999922184,14985.099999922184,14989.149999922125,15094.299999920595,15094.349999920594,15104.349999920449,15104.399999920448,15138.149999919957,15142.199999919898,18.100000000000122,76.89999999999777,9.55,0,52.34999999999916,0.2,0,0.0,72.00000000000074
J002269,2023-01-03/WBEN,WBEN,AMR_29,G29_15,WS_2_20,"[""112287""]",1,14986.74999992216,15156.999999919683,15074.69999992088,14986.74999992216,14986.74999992216,14990.799999922101,15064.599999921027,15064.649999921026,15074.64999992088,15074.69999992088,15152.949999919741,15156.999999919683,18.100000000000122,106.3499999999961,7.599999999999981,0,37.99999999999998,0.2,0,0.0,132.00000000000188
J002270,2023-01-03/WTML,WTML,AMR_19,G12_10,WS_13_20,"[""101218""]",1,15002.149999921936,15103.799999920457,15070.299999920944,15002.149999921936,15006.149999921878,15010.199999921819,15060.199999921091,15060.24999992109,15070.249999920945,15070.299999920944,15099.749999920516,15103.799999920457,18.100000000000122,58.299999999998825,9.5,0,15.500000000000085,0.25,0,2.0,56.00000000000041
J002271,2023-01-03/WBEN,WBEN,AMR_18,G24_2,WS_2_20,"[""138468""]",1,15006.64999992187,15221.09999991875,15139.049999919944,15006.64999992187,15029.899999921532,15033.949999921473,15128.94999992009,15128.99999992009,15138.999999919944,15139.049999919944,15217.049999918809,15221.09999991875,18.100000000000122,153.90000000000074,13.350000000000055,0,28.850000000000275,0.25,0,18.0,175.99999999999724
J002272,2023-01-03/WTML,WTML,AMR_31,G11_10,WS_13_20,"[""112363""]",1,15019.199999921688,15158.999999919653,15121.4499999202,15019.199999921688,15023.19999992163,15027.24999992157,15111.349999920347,15111.399999920346,15121.3999999202,15121.4499999202,15154.949999919712,15158.999999919653,18.100000000000122,69.3999999999982,10.450000000000014,0,41.599999999999774,0.25,0,2.0,64.00000000000036
J002273,2023-01-03/WBEN,WBEN,AMR_06,G30_15,WS_2_20,"[""140089""]",1,15023.599999921624,15205.599999918975,15121.999999920192,15023.599999921624,15023.599999921624,15027.649999921565,15111.899999920339,15111.949999920338,15121.949999920193,15121.999999920192,15201.549999919034,15205.599999918975,18.100000000000122,112.74999999999574,7.649999999999981,0,43.29999999999968,0.2,0,0.0,136.00000000000097
J002274,2023-01-03/WTML,WTML,AMR_17,G15_10,WS_13_20,"[""110097""]",1,15036.24999992144,15178.899999919364,15138.499999919952,15036.24999992144,15049.29999992125,15053.34999992119,15128.399999920099,15128.449999920098,15138.449999919952,15138.499999919952,15174.849999919423,15178.899999919364,18.100000000000122,65.39999999999843,14.350000000000069,0,44.549999999999606,0.25,0,6.0,56.00000000000027
J002275,2023-01-03/WBEN,WBEN,AMR_38,G29_10,WS_2_20,"[""123272""]",1,15040.649999921376,15221.249999918748,15156.099999919696,15040.649999921376,15057.899999921125,15061.949999921066,15145.999999919843,15146.049999919842,15156.049999919696,15156.099999919696,15217.199999918806,15221.249999918748,18.100000000000122,131.14999999999557,12.450000000000042,0,18.65000000000013,0.25,0,12.0,151.99999999999926
J002276,2023-01-03/WTML,WTML,AMR_20,G17_10,WS_13_20,"[""110555""]",1,15053.299999921192,15216.449999918817,15172.599999919456,15053.299999921192,15108.299999920391,15112.349999920332,15162.499999919602,15162.549999919602,15172.549999919456,15172.599999919456,15212.399999918876,15216.449999918817,18.100000000000122,99.2999999999965,18.150000000000123,0,27.350000000000254,0.25,0,44.000000000000185,60.00000000000051
J002277,2023-01-03/WBEN,WBEN,AMR_37,G24_1,WS_2_20,"[""110357""]",1,15057.699999921128,15278.249999917918,15201.299999919038,15057.699999921128,15086.599999920707,15090.649999920648,15191.199999919185,15191.249999919184,15201.249999919039,15201.299999919038,15274.199999917977,15278.249999917918,18.100000000000122,163.800000000003,16.250000000000096,0,22.15000000000018,0.25,0,25.99999999999993,175.999999999996
J002278,2023-01-03/WTML,WTML,AMR_03,G12_9,WS_13_20,"[""110397""]",1,15070.349999920943,15190.449999919196,15155.549999919704,15070.349999920943,15076.899999920848,15080.94999992079,15145.44999991985,15145.49999991985,15155.499999919704,15155.549999919704,15186.399999919255,15190.449999919196,18.100000000000122,61.099999999998666,11.500000000000028,0,29.15000000000028,0.25,0,4.0,60.0000000000005
J002279,2023-01-03/WBEN,WBEN,AMR_05,G29_8,WS_2_20,"[""110511""]",1,15074.74999992088,15288.799999917765,15218.249999918791,15074.74999992088,15113.24999992032,15117.29999992026,15208.149999918938,15208.199999918937,15218.199999918792,15218.249999918791,15284.749999917824,15288.799999917765,18.100000000000122,147.69999999999933,14.300000000000068,0,33.70000000000022,0.25,0,24.0,159.9999999999986
J002280,2023-01-03/WTML,WTML,AMR_10,G14_9,WS_13_20,"[""110606""]",1,15087.399999920695,15311.449999917435,15270.49999991803,15087.399999920695,15192.999999919159,15197.0499999191,15260.399999918178,15260.449999918177,15270.449999918032,15270.49999991803,15307.399999917494,15311.449999917435,18.100000000000122,142.19999999999808,24.90000000000022,0,38.599999999999945,0.25,0,88.00000000000153,64.0000000000005
J002281,2023-01-03/WTML,WTML,AMR_11,G9_9,WS_13_20,"[""110588""]",3,15104.449999920447,15255.749999918246,15219.349999918775,15104.449999920447,15121.699999920196,15125.749999920137,15209.249999918922,15209.299999918921,15219.299999918776,15219.349999918775,15251.699999918304,15255.749999918246,18.100000000000122,79.64999999999762,13.400000000000055,0,39.89999999999987,0.25,0,12.0,68.00000000000065
J002282,2023-01-03/WBEN,WBEN,AMR_01,G29_7,WS_2_20,"[""110322""]",1,15104.94999992044,15331.199999917148,15235.299999918543,15104.94999992044,15131.249999920057,15135.299999919998,15225.19999991869,15225.24999991869,15235.249999918544,15235.299999918543,15327.149999917207,15331.199999917148,18.100000000000122,164.40000000000313,16.250000000000096,0,27.250000000000252,0.25,0,22.00000000000003,179.99999999999667
J002283,2023-01-03/WTML,WTML,AMR_19,G14_8,WS_13_20,"[""112372""]",1,15121.4999999202,15238.449999918497,15202.249999919024,15121.4999999202,15143.249999919883,15147.299999919824,15192.149999919171,15192.19999991917,15202.199999919025,15202.249999919024,15234.399999918556,15238.449999918497,18.100000000000122,73.74999999999795,15.300000000000082,0,9.55,0.25,0,8.0,68.00000000000065
J002284,2023-01-03/WBEN,WBEN,AMR_02,G27_2,WS_2_20,"[""112371""]",1,15122.049999920191,15362.149999916697,15269.399999918047,15122.049999920191,15145.749999919846,15149.799999919787,15259.299999918194,15259.349999918193,15269.349999918048,15269.399999918047,15358.099999916756,15362.149999916697,18.100000000000122,169.70000000000434,16.250000000000096,0,35.800000000000104,0.25,0,17.999999999999996,187.999999999996
J002285,2023-01-03/WTML,WTML,AMR_15,G6_10,WS_13_20,"[""112294""]",1,15138.549999919951,15282.89999991785,15236.399999918527,15138.549999919951,15154.549999919718,15158.59999991966,15226.299999918674,15226.349999918673,15236.349999918528,15236.399999918527,15278.84999991791,15282.89999991785,18.100000000000122,82.09999999999748,13.400000000000055,0,30.5000000000003,0.25,0,10.0,76.00000000000082
J002286,2023-01-03/WBEN,WBEN,AMR_34,G36_15,WS_2_20,"[""131976""]",2,15139.099999919943,15371.299999916564,15252.349999918295,15139.099999919943,15153.69999991973,15157.749999919672,15242.249999918442,15242.299999918441,15252.299999918296,15252.349999918295,15367.249999916623,15371.299999916564,18.100000000000122,134.8499999999964,12.400000000000041,0,66.59999999999836,0.25,0,8.0,159.99999999999721
J002287,2023-01-03/WTML,WTML,AMR_04,G21_10,WS_13_20,"[""107254""]",1,15155.599999919703,15298.899999917618,15253.449999918279,15155.599999919703,15170.19999991949,15174.249999919432,15243.349999918426,15243.399999918425,15253.39999991828,15253.449999918279,15294.849999917677,15298.899999917618,18.100000000000122,81.49999999999751,14.350000000000069,0,29.10000000000028,0.25,0,8.0,80.00000000000054
J002288,2023-01-03/WBEN,WBEN,AMR_21,G36_13,WS_2_20,"[""112347""]",1,15156.149999919695,15412.399999915966,15286.449999917799,15156.149999919695,15171.149999919477,15175.199999919418,15276.349999917946,15276.399999917945,15286.3999999178,15286.449999917799,15408.349999916025,15412.399999915966,18.100000000000122,158.40000000000177,14.300000000000068,0,65.19999999999844,0.25,0,10.0,183.9999999999943
J002289,2023-01-03/WTML,WTML,AMR_28,G6_8,WS_13_20,"[""110589""]",1,15172.649999919455,15331.74999991714,15287.549999917783,15172.649999919455,15203.749999919002,15207.799999918943,15277.44999991793,15277.499999917929,15287.499999917783,15287.549999917783,15327.699999917199,15331.74999991714,18.100000000000122,92.74999999999687,14.350000000000069,0,33.650000000000226,0.25,0,17.999999999999986,84.000000000001
J002290,2023-01-03/WBEN,WBEN,AMR_08,G36_10,WS_2_20,"[""107323""]",1,15201.349999919037,15425.14999991578,15340.899999917006,15201.349999919037,15205.24999991898,15209.299999918921,15330.799999917153,15330.849999917153,15340.849999917007,15340.899999917006,15421.09999991584,15425.14999991578,18.100000000000122,170.50000000000452,11.400000000000027,0,23.5500000000002,0.25,0,2.0,211.99999999999216
J002291,2023-01-03/WTML,WTML,AMR_13,G0_15,WS_13_20,"[""107312""]",1,15202.299999919023,15428.849999915727,15390.949999916278,15202.299999919023,15244.199999918414,15248.249999918355,15380.849999916425,15380.899999916424,15390.899999916279,15390.949999916278,15424.799999915786,15428.849999915727,18.100000000000122,104.09999999999623,15.250000000000082,0,88.8499999999971,0.25,0,29.999999999999932,80.0000000000009
J002292,2023-01-03/WBEN,WBEN,AMR_14,G38_12,WS_2_20,"[""107172""]",1,15218.29999991879,15422.39999991582,15323.699999917257,15218.29999991879,15234.299999918558,15238.349999918499,15313.599999917404,15313.649999917403,15323.649999917257,15323.699999917257,15418.34999991588,15422.39999991582,18.100000000000122,156.50000000000134,14.350000000000069,0,14.900000000000077,0.25,0,10.0,183.9999999999958
J002293,2023-01-03/WTML,WTML,AMR_23,G5_8,WS_13_20,"[""101030""]",1,15219.399999918774,15373.69999991653,15308.749999917474,15219.399999918774,15238.349999918499,15242.39999991844,15298.649999917621,15298.69999991762,15308.699999917475,15308.749999917474,15369.649999916588,15373.69999991653,18.100000000000122,112.39999999999576,16.200000000000095,0,7.349999999999982,0.25,0,16.0,108.00000000000153
J002294,2023-01-03/WBEN,WBEN,AMR_32,G38_9,WS_2_20,"[""107428""]",1,15235.349999918542,15467.499999915164,15357.949999916758,15235.349999918542,15249.94999991833,15253.999999918271,15347.849999916905,15347.899999916905,15357.899999916759,15357.949999916758,15463.449999915223,15467.499999915164,18.100000000000122,184.65000000000774,17.20000000000011,0,11.950000000000035,0.25,0,8.0,227.9999999999895
J002295,2023-01-03/WTML,WTML,AMR_12,G3_9,WS_13_20,"[""110349""]",1,15236.449999918526,15472.749999915088,15407.99999991603,15236.449999918526,15327.5499999172,15331.599999917142,15397.899999916177,15397.949999916176,15407.94999991603,15407.99999991603,15468.699999915147,15472.749999915088,18.100000000000122,142.49999999999815,24.90000000000022,0,50.549999999999265,0.25,0,62.00000000000088,92.00000000000092
J002296,2023-01-03/WBEN,WBEN,AMR_06,G39_13,WS_2_20,"[""110497""]",1,15252.399999918294,15466.44999991518,15386.949999916336,15252.399999918294,15283.899999917836,15287.949999917777,15376.849999916483,15376.899999916483,15386.899999916337,15386.949999916336,15462.399999915238,15466.44999991518,18.100000000000122,169.45000000000428,14.350000000000069,0,11.900000000000034,0.25,0,30.0,187.99999999999304
J002297,2023-01-03/WTML,WTML,AMR_26,G23_8,WS_13_20,"[""139323""]",1,15253.499999918278,15387.799999916324,15339.899999917021,15253.499999918278,15278.249999917918,15282.29999991786,15329.799999917168,15329.849999917167,15339.849999917022,15339.899999917021,15383.749999916383,15387.799999916324,18.100000000000122,93.34999999999684,13.400000000000055,0,9.199999999999996,0.25,0,14.0,92.00000000000097
J002298,2023-01-03/WBEN,WBEN,AMR_09,G38_6,WS_2_20,"[""107225""]",1,15269.449999918046,15497.549999914727,15409.899999916002,15269.449999918046,15302.249999917569,15306.29999991751,15399.79999991615,15399.849999916149,15409.849999916003,15409.899999916002,15493.499999914786,15497.549999914727,18.100000000000122,189.05000000000874,17.20000000000011,0,3.4999999999999956,0.25,0,28.000000000000007,215.99999999998997
J002299,2023-01-03/WTML,WTML,AMR_39,G0_11,WS_13_20,"[""138355""]",2,15270.54999991803,15402.299999916113,15356.849999916774,15270.54999991803,15286.549999917797,15290.599999917738,15346.749999916921,15346.79999991692,15356.799999916775,15356.849999916774,15398.249999916172,15402.299999916113,18.100000000000122,92.04999999999691,13.400000000000055,0,7.94999999999998,0.25,0,10.000000000000002,96.00000000000138
J002300,2023-01-03/WBEN,WBEN,AMR_07,G38_2,WS_2_20,"[""112404""]",1,15286.499999917798,15519.749999914404,15427.24999991575,15286.499999917798,15315.149999917381,15319.199999917322,15417.149999915897,15417.199999915896,15427.19999991575,15427.24999991575,15515.699999914463,15519.749999914404,18.100000000000122,191.35000000000926,16.250000000000096,0,7.299999999999982,0.25,0,25.999999999999996,219.99999999998823
J002301,2023-01-03/WTML,WTML,AMR_24,G26_10,WS_13_20,"[""112034""]",1,15287.599999917782,15431.099999915694,15373.899999916526,15287.599999917782,15291.599999917724,15295.649999917665,15363.799999916673,15363.849999916672,15373.849999916527,15373.899999916526,15427.049999915753,15431.099999915694,18.100000000000122,91.79999999999693,10.450000000000014,0,22.90000000000019,0.25,0,2.0,104.00000000000091
J002302,2023-01-03/WTML,WTML,AMR_30,G0_9,WS_13_20,"[""112233""]",1,15308.799999917474,15473.149999915082,15425.049999915782,15308.799999917474,15331.549999917142,15335.599999917084,15414.949999915929,15414.999999915928,15424.999999915783,15425.049999915782,15469.09999991514,15473.149999915082,18.100000000000122,109.19999999999594,15.300000000000082,0,21.50000000000017,0.25,0,19.999999999999996,104.0000000000016
J002303,2023-01-03/WTML,WTML,AMR_18,G26_9,WS_13_20,"[""123035""]",1,15339.94999991702,15516.499999914451,15442.099999915534,15339.94999991702,15360.049999916728,15364.099999916669,15431.99999991568,15432.04999991568,15442.049999915534,15442.099999915534,15512.44999991451,15516.499999914451,18.100000000000122,107.24999999999605,16.200000000000095,0,34.75000000000016,0.25,0,18.0,100.00000000000048
J002304,2023-01-03/WTML,WTML,AMR_38,G27_10,WS_13_20,"[""133306""]",1,15356.899999916774,15519.9999999144,15459.149999915286,15356.899999916774,15362.249999916696,15366.299999916637,15449.049999915433,15449.099999915432,15459.099999915286,15459.149999915286,15515.94999991446,15519.9999999144,18.100000000000122,96.69999999999665,11.450000000000028,0,36.60000000000006,0.25,0,4.0,104.00000000000045
J002305,2023-01-03/WTML,WTML,AMR_05,G27_8,WS_13_20,"[""107192""]",1,15373.949999916525,15531.999999914226,15476.199999915038,15373.949999916525,15380.299999916433,15384.349999916374,15466.099999915185,15466.149999915184,15476.149999915038,15476.199999915038,15527.949999914284,15531.999999914226,18.100000000000122,98.94999999999652,11.500000000000028,0,29.25000000000028,0.25,0,4.0,116.00000000000091
J002306,2023-01-03/WTML,WTML,AMR_01,G29_9,WS_13_20,"[""110205""]",1,15390.999999916277,15552.849999913922,15493.24999991479,15390.999999916277,15405.599999916065,15409.649999916006,15483.149999914936,15483.199999914936,15493.19999991479,15493.24999991479,15548.799999913981,15552.849999913922,18.100000000000122,105.04999999999617,15.300000000000082,0,23.150000000000194,0.25,0,8.0,112.00000000000057
J002307,2023-01-03/WTML,WTML,AMR_02,G30_8,WS_13_20,"[""134639""]",1,15408.04999991603,15569.999999913673,15510.299999914541,15408.04999991603,15434.399999915646,15438.449999915587,15500.199999914688,15500.249999914688,15510.249999914542,15510.299999914541,15565.949999913732,15569.999999913673,18.100000000000122,121.84999999999522,14.350000000000069,0,7.399999999999982,0.25,0,22.00000000000002,128.00000000000088
J002308,2023-01-03/WTML,WTML,AMR_37,G24_2,WS_13_20,"[""138468""]",1,15425.099999915781,15599.799999913239,15527.349999914293,15425.099999915781,15428.149999915737,15432.199999915678,15517.24999991444,15517.29999991444,15527.299999914294,15527.349999914293,15595.749999913298,15599.799999913239,18.100000000000122,117.49999999999547,11.400000000000027,0,27.450000000000255,0.25,0,2.0,132.00000000000162
J002309,2023-01-03/WTML,WTML,AMR_16,G24_1,WS_13_20,"[""110357""]",2,15442.149999915533,15630.199999912797,15561.449999913797,15442.149999915533,15462.049999915243,15466.099999915185,15551.349999913944,15551.399999913943,15561.399999913798,15561.449999913797,15626.149999912855,15630.199999912797,18.100000000000122,130.8499999999955,18.100000000000122,0,20.75000000000016,0.25,0,18.0,132.0000000000019
J002310,2023-01-03/WTML,WTML,AMR_24,G26_2,WS_13_20,"[""107317""]",1,15459.199999915285,15643.349999912605,15578.499999913549,15459.199999915285,15480.549999914974,15484.599999914915,15568.399999913696,15568.449999913695,15578.44999991355,15578.499999913549,15639.299999912664,15643.349999912605,18.100000000000122,126.74999999999494,14.250000000000068,0,24.800000000000217,0.25,0,19.999999999999986,128.00000000000165
J002311,2023-01-03/WTML,WTML,AMR_34,G35_15,WS_13_20,"[""112084""]",1,15476.249999915037,15596.099999913293,15544.399999914045,15476.249999915037,15480.249999914979,15484.29999991492,15534.299999914192,15534.349999914191,15544.349999914046,15544.399999914045,15592.049999913352,15596.099999913293,18.100000000000122,89.69999999999705,7.599999999999981,0,4.199999999999993,0.25,0,2.0,112.00000000000031
J002312,2023-01-03/WTML,WTML,AMR_25,G27_2,WS_13_20,"[""101185""]",1,15493.299999914789,15688.849999911943,15620.29999991294,15493.299999914789,15528.699999914274,15532.749999914215,15610.199999913088,15610.249999913087,15620.249999912941,15620.29999991294,15684.799999912002,15688.849999911943,18.100000000000122,140.4499999999977,19.050000000000136,0,17.700000000000117,0.25,0,29.999999999999982,132.00000000000105
J002313,2023-01-03/WTML,WTML,AMR_29,G28_2,WS_13_20,"[""134599""]",1,15510.34999991454,15697.149999911822,15637.349999912693,15510.34999991454,15551.099999913948,15555.149999913889,15627.24999991284,15627.299999912839,15637.299999912693,15637.349999912693,15693.099999911881,15697.149999911822,18.100000000000122,142.14999999999807,15.300000000000082,0,11.000000000000021,0.25,0,40.0,136.00000000000097
J002314,2023-01-03/WTML,WTML,AMR_21,G36_15,WS_13_20,"[""131976""]",1,15527.399999914292,15656.199999912418,15603.249999913189,15527.399999914292,15541.99999991408,15546.049999914021,15593.149999913336,15593.199999913335,15603.19999991319,15603.249999913189,15652.149999912477,15656.199999912418,18.100000000000122,98.14999999999657,10.500000000000014,0,1.800000000000001,0.25,0,8.0,116.00000000000034
J002315,2023-01-03/WTML,WTML,AMR_35,G33_7,WS_13_20,"[""101117""]",1,15544.449999914044,15724.449999911425,15654.399999912444,15544.449999914044,15565.749999913734,15569.799999913675,15644.299999912591,15644.34999991259,15654.349999912445,15654.399999912444,15720.399999911484,15724.449999911425,18.100000000000122,132.84999999999596,15.300000000000082,0,13.500000000000057,0.25,0,18.0,143.99999999999906
J002316,2023-01-03/WTML,WTML,AMR_05,G29_2,WS_13_20,"[""135545""]",1,15561.499999913796,15742.949999911156,15671.449999912196,15561.499999913796,15583.89999991347,15587.949999913411,15661.349999912343,15661.399999912343,15671.399999912197,15671.449999912196,15738.899999911215,15742.949999911156,18.100000000000122,134.99999999999645,16.250000000000096,0,11.850000000000033,0.25,0,15.999999999999993,147.9999999999994
J002317,2023-01-03/WTML,WTML,AMR_08,G35_8,WS_13_20,"[""107327""]",1,15578.549999913548,15763.349999910859,15694.699999911858,15578.549999913548,15599.649999913241,15603.699999913182,15684.599999912005,15684.649999912004,15694.649999911859,15694.699999911858,15759.299999910918,15763.349999910859,18.100000000000122,129.4999999999952,18.150000000000123,0,18.800000000000132,0.25,0,14.0,139.99999999999997
J002318,2023-01-03/WTML,WTML,AMR_34,G35_7,WS_13_20,"[""111367""]",1,15603.299999913188,15809.29999991019,15728.649999911364,15603.299999913188,15624.849999912874,15628.899999912815,15718.54999991151,15718.59999991151,15728.599999911365,15728.649999911364,15805.24999991025,15809.29999991019,18.100000000000122,158.35000000000176,16.200000000000095,0,13.100000000000051,0.25,0,20.00000000000003,175.9999999999952
J002319,2023-01-03/WTML,WTML,AMR_32,G38_10,WS_13_20,"[""101155""]",1,15620.34999991294,15778.949999910632,15711.599999911612,15620.34999991294,15624.349999912882,15628.399999912823,15701.499999911759,15701.549999911758,15711.549999911613,15711.599999911612,15774.89999991069,15778.949999910632,18.100000000000122,118.14999999999543,10.450000000000014,0,11.65000000000003,0.25,0,2.0,143.99999999999932
J002320,2023-01-03/WTML,WTML,AMR_06,G39_9,WS_13_20,"[""117146""]",1,15637.399999912692,15820.99999991002,15745.699999911116,15637.399999912692,15654.64999991244,15658.699999912382,15735.599999911263,15735.649999911262,15745.649999911117,15745.699999911116,15816.949999910079,15820.99999991002,18.100000000000122,137.49999999999702,15.300000000000082,0,12.450000000000042,0.25,0,12.0,159.99999999999628
