job_id,task_id,store_id,robot,rack_id,workstation,covered_skus,covered_lines,dispatch_time_s,completion_time_s,station_release_time_s,to_pickup_time_s,pickup_wait_time_s,to_dropoff_entry_time_s,to_workstation_time_s,dropoff_wait_time_s,to_ingestor_exit_time_s,to_return_time_s,return_wait_time_s,idle_time_s,handling_service_seconds,translation_seconds,rotation_seconds,safety_blocking_seconds,reservation_path_wait_seconds,other_active_wait_seconds,idle_seconds,empty_distance_m,loaded_distance_m
J000001,2023-02-03/AMPP,AMPP,AMR_40,G15_15,WS_13_20,"[""101290"", ""101329"", ""107238"", ""110233"", ""110604"", ""111376"", ""123094"", ""124702"", ""134029""]",9,0.05,71.2499999999981,45.24999999999957,0.05,15.350000000000083,19.40000000000014,35.15000000000014,35.20000000000014,45.19999999999957,45.24999999999957,67.19999999999833,71.2499999999981,18.100000000000122,41.84999999999976,8.599999999999987,0,2.3999999999999995,0.25,0,10.0,32.0
J000002,2023-02-03/BAMP,BAMP,AMR_03,G26_6,WS_19_20,"[""110328"", ""110393"", ""110432""]",3,0.05,130.59999999999545,83.19999999999742,0.05,27.00000000000025,31.050000000000306,73.09999999999799,73.14999999999799,83.14999999999742,83.19999999999742,126.54999999999495,130.59999999999545,18.100000000000122,95.99999999999669,13.350000000000055,0,2.849999999999998,0.25,0,24.00000000000003,88.00000000000085
J000003,2023-02-03/APUR,APUR,AMR_27,G30_15,WS_25_20,"[""110439""]",1,0.05,112.39999999999576,80.34999999999758,0.05,41.599999999999774,45.649999999999544,70.24999999999815,70.29999999999815,80.29999999999758,80.34999999999758,108.34999999999599,112.39999999999576,18.100000000000122,77.54999999999774,10.500000000000014,0,5.949999999999987,0.25,0,42.0,48.00000000000003
J000004,2023-02-03/ALMA,ALMA,AMR_09,G3_14,WS_2_20,"[""107177"", ""110344""]",2,0.05,86.69999999999722,55.649999999998975,0.05,17.800000000000118,21.850000000000176,45.54999999999955,45.59999999999955,55.59999999999898,55.649999999998975,82.64999999999745,86.69999999999722,18.100000000000122,53.79999999999908,9.55,0,4.94999999999999,0.25,0,16.0,40.000000000000014
J000005,2023-02-03/BDRW,BDRW,AMR_01,G15_9,WS_30_20,"[""107364""]",1,0.05,162.9000000000028,98.74999999999653,0.05,13.400000000000055,17.450000000000113,88.6499999999971,88.6999999999971,98.69999999999654,98.74999999999653,158.85000000000187,162.9000000000028,18.100000000000122,108.69999999999597,15.300000000000082,0,20.500000000000156,0.25,0,6.0,112.00000000000031
J000006,2023-02-03/CTHR,CTHR,AMR_13,G5_15,WS_8_20,"[""112316""]",1,0.05,89.34999999999707,64.89999999999846,0.05,17.85000000000012,21.900000000000176,54.799999999999024,54.84999999999902,64.84999999999846,64.89999999999846,85.2999999999973,89.34999999999707,18.100000000000122,56.29999999999894,12.400000000000041,0,2.25,0.25,0,13.999999999999979,40.00000000000003
J000007,2023-02-03/AMPP,AMPP,AMR_02,G18_15,WS_13_20,"[""101095"", ""101296"", ""110148"", ""110475"", ""110595"", ""112288"", ""121833"", ""123272"", ""123305""]",12,0.05,139.1999999999974,82.24999999999747,0.05,24.95000000000022,29.000000000000277,72.14999999999804,72.19999999999804,82.19999999999747,82.24999999999747,135.14999999999648,139.1999999999974,18.100000000000122,63.34999999999854,8.549999999999986,0,48.89999999999936,0.25,0,14.0,44.00000000000004
J000008,2023-02-03/BAMP,BAMP,AMR_04,G18_13,WS_19_20,"[""125535"", ""131216""]",2,0.05,89.29999999999707,59.59999999999875,0.05,15.650000000000087,19.700000000000145,49.499999999999325,49.54999999999932,59.549999999998754,59.59999999999875,85.2499999999973,89.29999999999707,18.100000000000122,56.84999999999891,11.450000000000028,0,2.5999999999999988,0.25,0,12.0,44.00000000000013
J000009,2023-02-03/APUR,APUR,AMR_05,G23_13,WS_25_20,"[""101202""]",1,0.05,132.1499999999958,96.54999999999666,0.05,35.65000000000011,39.69999999999988,86.44999999999723,86.49999999999723,96.49999999999666,96.54999999999666,128.09999999999488,132.1499999999958,18.100000000000122,72.29999999999804,15.300000000000082,0,26.150000000000237,0.25,0,18.0,52.00000000000013
J000010,2023-02-03/ALMA,ALMA,AMR_26,G8_15,WS_2_20,"[""101102"", ""120449""]",2,0.05,121.59999999999523,89.94999999999703,0.05,20.250000000000153,24.30000000000021,79.8499999999976,79.8999999999976,89.89999999999704,89.94999999999703,117.54999999999546,121.59999999999523,18.100000000000122,63.14999999999855,12.400000000000041,0,27.650000000000258,0.25,0,12.0,48.00000000000044
J000011,2023-02-03/CTHR,CTHR,AMR_23,G8_13,WS_8_20,"[""122556""]",1,0.05,111.7499999999958,81.14999999999753,0.05,21.900000000000176,25.950000000000234,71.04999999999811,71.0999999999981,81.09999999999754,81.14999999999753,107.69999999999602,111.7499999999958,18.100000000000122,68.69999999999824,13.350000000000055,0,11.300000000000026,0.25,0,16.0,48.00000000000013
J000012,2023-02-03/AMPP,AMPP,AMR_36,G15_13,WS_13_20,"[""101193"", ""107272"", ""107293"", ""110182"", ""110301"", ""110346"", ""112363""]",10,0.05,157.2500000000015,99.2999999999965,0.05,26.950000000000248,31.000000000000306,89.19999999999708,89.24999999999707,99.2499999999965,99.2999999999965,153.20000000000059,157.2500000000015,18.100000000000122,67.5499999999983,13.350000000000055,0,57.949999999998845,0.25,0,16.0,48.000000000000355
J000013,2023-02-03/BAMP,BAMP,AMR_37,G20_13,WS_19_20,"[""107380"", ""121904""]",2,0.05,269.70000000002705,235.15000000001922,0.05,126.59999999999495,130.64999999999546,225.05000000001692,225.10000000001693,235.1000000000192,235.15000000001922,265.6500000000261,269.70000000002705,18.100000000000122,119.99999999999532,22.90000000000019,0,108.39999999999598,0.25,0,46.00000000000013,64.00000000000004
J000014,2023-02-03/APUR,APUR,AMR_24,G30_14,WS_25_20,"[""117427""]",1,0.05,205.75000000001253,167.3000000000038,0.05,121.59999999999523,125.649999999995,157.2000000000015,157.2500000000015,167.25000000000378,167.3000000000038,201.7000000000116,205.75000000001253,18.100000000000122,117.94999999999544,19.050000000000136,0,50.34999999999928,0.25,0,66.00000000000006,60.000000000000114
J000015,2023-02-03/ALMA,ALMA,AMR_38,G14_9,WS_2_20,"[""112442"", ""113195""]",2,0.05,224.30000000001675,158.1500000000017,0.05,15.650000000000087,19.700000000000145,148.04999999999941,148.09999999999943,158.1000000000017,158.1500000000017,220.25000000001583,224.30000000001675,18.100000000000122,101.69999999999636,11.450000000000028,0,92.74999999999687,0.25,0,12.0,96.00000000000108
J000016,2023-02-03/CTHR,CTHR,AMR_39,G17_13,WS_8_20,"[""101276""]",2,0.05,227.5500000000175,139.09999999999738,0.05,46.74999999999948,50.79999999999925,128.99999999999508,129.0499999999951,139.04999999999737,139.09999999999738,223.50000000001657,227.5500000000175,18.100000000000122,116.8499999999955,21.000000000000163,0,71.2999999999981,0.25,0,20.0,88.00000000000085
J000017,2023-02-03/AMPP,AMPP,AMR_12,G3_15,WS_13_20,"[""101024"", ""110222"", ""110255"", ""110305"", ""110561"", ""112231"", ""112392""]",9,0.05,169.5500000000043,133.39999999999608,0.05,21.600000000000172,25.65000000000023,123.29999999999514,123.34999999999513,133.34999999999607,133.39999999999608,165.50000000000338,169.5500000000043,18.100000000000122,80.49999999999757,11.450000000000028,0,59.199999999998774,0.25,0,12.0,68.00000000000064
J000018,2023-02-03/BAMP,BAMP,AMR_35,G14_14,WS_19_20,"[""111372"", ""113162""]",2,0.05,263.10000000002555,218.10000000001534,0.05,31.700000000000315,35.75000000000011,208.00000000001305,208.05000000001306,218.05000000001533,218.10000000001534,259.0500000000246,263.10000000002555,18.100000000000122,96.39999999999667,13.350000000000055,0,134.94999999999644,0.25,0,30.0,64.00000000000017
J000019,2023-02-03/ALMA,ALMA,AMR_31,G11_6,WS_2_20,"[""110328"", ""112435""]",2,0.05,156.90000000000143,106.99999999999606,0.05,0.05,4.099999999999993,96.89999999999664,96.94999999999663,106.94999999999607,106.99999999999606,152.8500000000005,156.90000000000143,18.100000000000122,97.99999999999658,11.450000000000028,0,29.10000000000028,0.2,0,0.0,108.00000000000153
J000020,2023-02-03/AMPP,AMPP,AMR_25,G14_15,WS_13_20,"[""101025"", ""110262"", ""110417"", ""112045"", ""112324"", ""129530""]",7,0.05,128.79999999999504,65.24999999999844,0.05,29.400000000000283,33.45000000000024,55.149999999999004,55.199999999999,65.19999999999844,65.24999999999844,124.74999999999505,128.79999999999504,18.100000000000122,58.799999999998796,14.40000000000007,0,37.200000000000024,0.25,0,18.0,36.00000000000003
J000021,2023-02-03/BAMP,BAMP,AMR_34,G18_12,WS_19_20,"[""101305"", ""112386""]",3,0.05,170.9000000000046,127.69999999999489,0.05,73.14999999999799,77.19999999999776,117.59999999999546,117.64999999999546,127.64999999999489,127.69999999999489,166.8500000000037,170.9000000000046,18.100000000000122,98.39999999999655,19.100000000000136,0,35.00000000000015,0.25,0,48.00000000000031,48.00000000000023
J000022,2023-02-03/ALMA,ALMA,AMR_33,G29_14,WS_2_20,"[""111222"", ""214618""]",2,0.05,378.9500000000519,272.40000000002766,0.05,86.04999999999725,90.09999999999702,262.30000000002536,262.3500000000254,272.35000000002765,272.40000000002766,374.90000000005097,378.9500000000519,18.100000000000122,197.2500000000106,24.850000000000218,0,138.44999999999723,0.25,0,76.00000000000085,151.99999999999923
J000023,2023-02-03/AMPP,AMPP,AMR_28,G15_14,WS_13_20,"[""101155"", ""110316"", ""110450"", ""111261"", ""112359"", ""123310""]",8,0.05,148.8499999999996,116.34999999999553,0.05,54.89999999999902,58.94999999999879,106.2499999999961,106.2999999999961,116.29999999999553,116.34999999999553,144.79999999999868,148.8499999999996,18.100000000000122,84.19999999999736,13.350000000000055,0,32.90000000000027,0.25,0,36.00000000000004,44.00000000000023
J000024,2023-02-03/BAMP,BAMP,AMR_32,G21_12,WS_19_20,"[""101022"", ""138350""]",3,0.05,230.35000000001813,144.9499999999987,0.05,93.19999999999685,97.24999999999662,134.8499999999964,134.89999999999642,144.8999999999987,144.9499999999987,226.3000000000172,230.35000000001813,18.100000000000122,120.94999999999527,17.20000000000011,0,73.79999999999795,0.25,0,78.00000000000117,52.0000000000003
J000025,2023-02-03/ALMA,ALMA,AMR_08,G5_14,WS_2_20,"[""110302""]",1,0.05,103.74999999999625,72.899999999998,0.05,25.05000000000022,29.10000000000028,62.79999999999857,62.849999999998566,72.849999999998,72.899999999998,99.69999999999648,103.74999999999625,18.100000000000122,59.549999999998754,11.450000000000028,0,14.350000000000069,0.25,0,17.999999999999986,40.000000000000014
J000026,2023-02-03/AMPP,AMPP,AMR_29,G17_15,WS_13_20,"[""110166"", ""110592"", ""111276"", ""112034"", ""124704"", ""125583""]",6,45.299999999999564,203.350000000012,150.44999999999996,45.299999999999564,86.9499999999972,90.99999999999697,140.34999999999766,140.39999999999768,150.39999999999995,150.44999999999996,199.30000000001107,203.350000000012,18.100000000000122,82.59999999999745,15.200000000000081,0,41.89999999999976,0.25,0,38.000000000000114,44.00000000000004
J000027,2023-02-03/ALMA,ALMA,AMR_11,G0_15,WS_2_20,"[""110166""]",1,55.69999999999897,144.69999999999865,124.0499999999951,55.69999999999897,68.54999999999825,72.59999999999802,113.94999999999567,113.99999999999567,123.9999999999951,124.0499999999951,140.64999999999773,144.69999999999865,18.100000000000122,45.74999999999954,7.599999999999981,0,17.30000000000011,0.25,0,8.000000000000004,35.99999999999999
J000028,2023-02-03/BAMP,BAMP,AMR_30,G15_12,WS_19_20,"[""101097"", ""138352""]",3,59.64999999999875,248.2500000000222,162.0000000000026,59.64999999999875,99.3999999999965,103.44999999999627,151.9000000000003,151.9500000000003,161.95000000000258,162.0000000000026,244.20000000002128,248.2500000000222,18.100000000000122,92.44999999999689,15.300000000000082,0,62.499999999998586,0.25,0,38.000000000000085,56.00000000000013
J000029,2023-02-03/AMPP,AMPP,AMR_22,G20_6,WS_13_20,"[""110252"", ""110306"", ""110606"", ""112374"", ""112394"", ""120052""]",9,65.29999999999843,294.1500000000326,184.5500000000077,65.29999999999843,104.39999999999621,108.44999999999598,174.45000000000542,174.50000000000543,184.5000000000077,184.5500000000077,290.1000000000317,294.1500000000326,18.100000000000122,121.34999999999525,17.15000000000011,0,71.99999999999805,0.25,0,32.00000000000001,88.00000000000051
J000030,2023-02-03/ALMA,ALMA,AMR_10,G2_13,WS_2_20,"[""107105""]",1,72.949999999998,164.40000000000313,141.09999999999783,72.949999999998,84.04999999999737,88.09999999999714,130.99999999999554,131.04999999999555,141.04999999999782,141.09999999999783,160.3500000000022,164.40000000000313,18.100000000000122,51.249999999999226,9.55,0,12.30000000000004,0.25,0,6.000000000000002,44.00000000000017
J000031,2023-02-03/AMPP,AMPP,AMR_40,G18_14,WS_13_20,"[""101207"", ""110380"", ""110504"", ""111342"", ""112326""]",5,82.29999999999747,331.4000000000411,244.20000000002128,82.29999999999747,150.24999999999991,154.30000000000084,234.10000000001898,234.150000000019,244.15000000002127,244.20000000002128,327.35000000004015,331.4000000000411,18.100000000000122,113.74999999999568,20.00000000000015,0,96.99999999999663,0.25,0,40.00000000000013,64.00000000000034
J000032,2023-02-03/BAMP,BAMP,AMR_21,G26_14,WS_19_20,"[""101147"", ""101177""]",3,83.24999999999741,265.9000000000262,182.60000000000727,83.24999999999741,136.74999999999685,140.79999999999777,172.50000000000497,172.55000000000499,182.55000000000726,182.60000000000727,261.85000000002526,265.9000000000262,18.100000000000122,104.04999999999623,13.350000000000055,0,46.89999999999947,0.25,0,62.00000000000027,56.000000000000114
J000033,2023-02-03/ALMA,ALMA,AMR_13,G8_14,WS_2_20,"[""131976""]",1,89.99999999999703,218.3500000000154,175.2000000000056,89.99999999999703,112.34999999999576,116.39999999999553,165.1000000000033,165.1500000000033,175.15000000000558,175.2000000000056,214.30000000001448,218.3500000000154,18.100000000000122,69.79999999999818,14.350000000000069,0,25.850000000000232,0.25,0,12.0,52.00000000000014
J000034,2023-02-03/AMPP,AMPP,AMR_04,G20_15,WS_13_20,"[""101075"", ""101134"", ""110221"", ""112010"", ""112086""]",7,99.3499999999965,228.9500000000178,167.50000000000384,99.3499999999965,113.94999999999567,117.99999999999544,157.40000000000154,157.45000000000155,167.45000000000383,167.50000000000384,224.9000000000169,228.9500000000178,18.100000000000122,61.799999999998626,10.500000000000014,0,38.949999999999925,0.25,0,8.0,52.00000000000017
J000035,2023-02-03/ALMA,ALMA,AMR_15,G9_13,WS_2_20,"[""107162""]",1,107.04999999999606,335.450000000042,289.60000000003157,107.04999999999606,154.95000000000098,159.0000000000019,279.5000000000293,279.5500000000293,289.55000000003156,289.60000000003157,331.4000000000411,335.450000000042,18.100000000000122,140.84999999999778,21.000000000000163,0,48.1999999999994,0.25,0,42.0000000000001,108.00000000000139
J000036,2023-02-03/BDRW,BDRW,AMR_27,G30_15,WS_30_20,"[""110439""]",1,112.44999999999575,172.80000000000504,149.94999999999985,112.44999999999575,112.44999999999575,116.49999999999552,139.84999999999755,139.89999999999756,149.89999999999984,149.94999999999985,168.75000000000412,172.80000000000504,18.100000000000122,33.00000000000026,7.649999999999981,0,1.4000000000000006,0.2,0,0.0,32.0
J000037,2023-02-03/AMPP,AMPP,AMR_23,G21_15,WS_13_20,"[""107412"", ""110254"", ""110274"", ""110418"", ""110531""]",7,116.39999999999553,676.1499999999328,375.5500000000511,116.39999999999553,225.8500000000171,229.90000000001803,365.4500000000488,365.50000000004883,375.5000000000511,375.5500000000511,672.0999999999365,676.1499999999328,18.100000000000122,213.65000000001433,39.24999999999991,0,288.5000000000313,0.25,0,78.00000000000048,132.0000000000009
J000038,2023-02-03/ALMA,ALMA,AMR_26,G8_13,WS_2_20,"[""110190""]",1,124.09999999999509,244.00000000002123,192.05000000000942,124.09999999999509,145.49999999999883,149.54999999999976,181.95000000000712,182.00000000000713,192.0000000000094,192.05000000000942,239.9500000000203,244.00000000002123,18.100000000000122,72.14999999999804,12.400000000000041,0,17.000000000000107,0.25,0,8.0,64.00000000000057
J000039,2023-02-03/BAMP,BAMP,AMR_08,G26_13,WS_19_20,"[""101198"", ""137330""]",3,127.74999999999488,479.00000000007464,291.80000000003207,127.74999999999488,200.55000000001135,204.60000000001227,281.7000000000298,281.7500000000298,291.75000000003206,291.80000000003207,474.9500000000737,479.00000000007464,18.100000000000122,157.50000000000156,21.000000000000163,0,154.40000000000086,0.25,0,88.0000000000015,84.00000000000037
J000040,2023-02-03/AMPP,AMPP,AMR_05,G21_14,WS_13_20,"[""101293"", ""110162"", ""112279"", ""112334"", ""123763""]",6,133.4499999999961,364.20000000004853,261.5500000000252,133.4499999999961,146.49999999999906,150.54999999999998,251.45000000002292,251.50000000002294,261.5000000000252,261.5500000000252,360.1500000000476,364.20000000004853,18.100000000000122,82.99999999999743,15.300000000000082,0,114.09999999999566,0.25,0,6.0,68.00000000000023
J000041,2023-02-03/ALMA,ALMA,AMR_25,G9_12,WS_2_20,"[""112340""]",1,141.14999999999785,293.00000000003234,253.5500000000234,141.14999999999785,167.85000000000392,171.90000000000484,243.4500000000211,243.50000000002112,253.5000000000234,253.5500000000234,288.9500000000314,293.00000000003234,18.100000000000122,85.99999999999726,13.300000000000054,0,34.200000000000195,0.25,0,20.0,72.00000000000094
J000042,2023-02-03/BAMP,BAMP,AMR_02,G18_15,WS_19_20,"[""101296"", ""110595""]",3,144.99999999999872,235.65000000001933,199.95000000001122,144.99999999999872,144.99999999999872,149.04999999999964,189.85000000000892,189.90000000000893,199.9000000000112,199.95000000001122,231.6000000000184,235.65000000001933,18.100000000000122,36.10000000000009,5.749999999999988,0,30.5000000000003,0.2,0,0.0,32.0
J000043,2023-02-03/AMPP,AMPP,AMR_03,G24_14,WS_13_20,"[""107396"", ""110492"", ""112036"", ""124207"", ""125176""]",6,150.49999999999997,646.7499999999595,392.45000000005496,150.49999999999997,173.0500000000051,177.10000000000602,382.35000000005266,382.40000000005267,392.40000000005494,392.45000000005496,642.6999999999632,646.7499999999595,18.100000000000122,177.65000000000614,28.700000000000273,0,271.55000000002747,0.25,0,20.0,151.9999999999985
J000044,2023-02-03/ALMA,ALMA,AMR_28,G14_15,WS_2_20,"[""112324""]",1,158.20000000000172,345.9500000000444,306.65000000003545,158.20000000000172,208.40000000001314,212.45000000001406,296.55000000003315,296.60000000003316,306.60000000003544,306.65000000003545,341.90000000004346,345.9500000000444,18.100000000000122,99.54999999999649,16.300000000000097,0,53.549999999999095,0.25,0,32.0,72.00000000000104
J000045,2023-02-03/BAMP,BAMP,AMR_31,G11_10,WS_19_20,"[""110538"", ""135531""]",2,162.0500000000026,679.7999999999295,308.85000000003595,162.0500000000026,179.30000000000652,183.35000000000744,298.75000000003365,298.80000000003366,308.80000000003594,308.85000000003595,675.7499999999332,679.7999999999295,18.100000000000122,153.6500000000007,25.80000000000023,0,319.9500000000385,0.25,0,12.0,143.99999999999972
J000046,2023-02-03/CTHR,CTHR,AMR_01,G15_9,WS_8_20,"[""107364""]",2,162.9500000000028,355.45000000004654,250.80000000002278,162.9500000000028,162.9500000000028,167.00000000000372,240.70000000002048,240.7500000000205,250.75000000002277,250.80000000002278,351.4000000000456,355.45000000004654,18.100000000000122,88.34999999999712,13.350000000000055,0,72.49999999999802,0.2,0,0.0,88.00000000000082
J000047,2023-02-03/BKSD,BKSD,AMR_36,G27_14,WS_25_20,"[""101109"", ""101122"", ""125463""]",3,167.3500000000038,288.7500000000314,254.55000000002363,167.3500000000038,212.90000000001416,216.95000000001508,244.45000000002133,244.50000000002134,254.50000000002362,254.55000000002363,284.70000000003046,288.7500000000314,18.100000000000122,81.14999999999753,15.300000000000082,0,6.5999999999999845,0.25,0,38.000000000000114,48.000000000000114
J000048,2023-02-03/BKSD,BKSD,AMR_09,G20_12,WS_25_20,"[""101085"", ""110211""]",2,167.3500000000038,326.05000000003986,276.1000000000285,167.3500000000038,219.90000000001575,223.95000000001667,266.0000000000262,266.0500000000262,276.0500000000285,276.1000000000285,322.00000000003894,326.05000000003986,18.100000000000122,98.94999999999652,15.300000000000082,0,26.100000000000236,0.25,0,42.0,68.00000000000026
J000049,2023-02-03/BKSD,BKSD,AMR_11,G17_14,WS_25_20,"[""110540"", ""110583""]",2,167.3500000000038,451.75000000006844,370.75000000005,167.3500000000038,207.15000000001285,211.20000000001377,360.6500000000477,360.70000000004774,370.70000000005,370.75000000005,447.7000000000675,451.75000000006844,18.100000000000122,139.09999999999738,19.100000000000136,0,107.84999999999602,0.25,0,44.00000000000017,100.00000000000006
J000050,2023-02-03/BKSD,BKSD,AMR_10,G15_15,WS_25_20,"[""107238"", ""134029""]",2,167.3500000000038,620.4999999999834,510.5000000000818,167.3500000000038,243.95000000002122,248.00000000002214,500.4000000000795,500.4500000000795,510.4500000000818,510.5000000000818,616.4499999999871,620.4999999999834,18.100000000000122,146.29999999999902,22.000000000000178,0,266.5000000000263,0.25,0,46.00000000000004,96.00000000000009
J000051,2023-02-03/BKSD,BKSD,AMR_20,G15_14,WS_25_20,"[""123310"", ""124208""]",2,167.3500000000038,788.1499999998309,707.4499999999043,167.3500000000038,461.90000000007075,465.95000000007167,697.3499999999135,697.3999999999135,707.3999999999044,707.4499999999043,784.0999999998346,788.1499999998309,18.100000000000122,228.9500000000178,34.40000000000018,0,339.1000000000428,0.25,0,150.0000000000001,88.00000000000011
J000052,2023-02-03/BKSD,BKSD,AMR_19,G36_15,WS_25_20,"[""112444"", ""118513""]",2,167.3500000000038,361.950000000048,317.60000000003794,167.3500000000038,272.1500000000276,276.2000000000285,307.50000000003564,307.55000000003565,317.5500000000379,317.60000000003794,357.9000000000471,361.950000000048,18.100000000000122,152.60000000000045,14.250000000000068,0,9.399999999999999,0.25,0,120.00000000000138,72.0
J000053,2023-02-03/AMPP,AMPP,AMR_18,G23_12,WS_13_20,"[""101092"", ""101189"", ""107340"", ""110149"", ""131590""]",6,167.55000000000385,663.6499999999442,506.35000000008085,167.55000000000385,262.5000000000254,266.55000000002633,496.25000000007856,496.30000000007857,506.30000000008084,506.35000000008085,659.5999999999478,663.6499999999442,18.100000000000122,184.5000000000077,20.900000000000162,0,272.35000000002765,0.25,0,98.00000000000159,96.00000000000037
J000054,2023-02-03/ALMA,ALMA,AMR_12,G3_15,WS_2_20,"[""110222""]",1,175.2500000000056,248.40000000002223,223.90000000001666,175.2500000000056,175.2500000000056,179.30000000000652,213.80000000001436,213.85000000001438,223.85000000001665,223.90000000001666,244.3500000000213,248.40000000002223,18.100000000000122,31.500000000000313,6.699999999999984,0,16.6500000000001,0.2,0,0.0,31.99999999999997
J000055,2023-02-03/BAMP,BAMP,AMR_34,G17_12,WS_19_20,"[""110313""]",1,182.65000000000728,299.9500000000339,252.2000000000231,182.65000000000728,186.00000000000804,190.05000000000896,242.1000000000208,242.1500000000208,252.15000000002308,252.2000000000231,295.900000000033,299.9500000000339,18.100000000000122,60.949999999998674,9.5,0,28.50000000000027,0.25,0,2.0,56.00000000000013
J000056,2023-02-03/AMPP,AMPP,AMR_06,G14_13,WS_13_20,"[""101104"", ""101185"", ""111295"", ""113194""]",5,184.60000000000773,326.55000000004,293.95000000003256,184.60000000000773,242.0500000000208,246.1000000000217,283.85000000003026,283.9000000000303,293.90000000003255,293.95000000003256,322.50000000003905,326.55000000004,18.100000000000122,88.6499999999971,13.350000000000055,0,21.600000000000172,0.25,0,54.00000000000048,44.00000000000021
J000057,2023-02-03/ALMA,ALMA,AMR_17,G14_12,WS_2_20,"[""124826""]",1,192.10000000000943,373.8000000000507,328.0500000000403,192.10000000000943,260.650000000025,264.7000000000259,317.950000000038,318.000000000038,328.0000000000403,328.0500000000403,369.7500000000498,373.8000000000507,18.100000000000122,134.69999999999638,15.250000000000082,0,13.400000000000055,0.25,0,74.00000000000142,84.00000000000125
J000058,2023-02-03/BAMP,BAMP,AMR_27,G26_15,WS_19_20,"[""110575""]",1,200.00000000001123,405.55000000005793,274.8500000000282,200.00000000001123,217.0000000000151,221.050000000016,264.7500000000259,264.80000000002593,274.8000000000282,274.8500000000282,401.500000000057,405.55000000005793,18.100000000000122,66.14999999999839,11.500000000000028,0,109.54999999999592,0.25,0,12.0,52.00000000000003
J000059,2023-02-03/BAMP,BAMP,AMR_24,G27_15,WS_19_20,"[""112292""]",1,218.15000000001535,483.50000000007566,348.45000000004495,218.15000000001535,241.30000000002062,245.35000000002154,338.35000000004266,338.40000000004267,348.40000000004494,348.45000000004495,479.45000000007474,483.50000000007566,18.100000000000122,74.89999999999789,12.450000000000042,0,159.65000000000205,0.25,0,16.0,56.00000000000003
J000060,2023-02-03/ALMA,ALMA,AMR_29,G15_10,WS_2_20,"[""109969""]",1,223.95000000001667,453.60000000006886,404.5500000000577,223.95000000001667,256.10000000002395,260.1500000000249,394.4500000000554,394.5000000000554,404.5000000000577,404.5500000000577,449.55000000006794,453.60000000006886,18.100000000000122,125.89999999999499,14.300000000000068,0,71.0999999999981,0.25,0,14.0,128.00000000000256
J000061,2023-02-03/BAMP,BAMP,AMR_32,G18_10,WS_19_20,"[""112357""]",1,235.20000000001923,552.9500000000448,403.45000000005746,235.20000000001923,255.45000000002383,259.5000000000247,393.35000000005516,393.4000000000552,403.40000000005745,403.45000000005746,548.9000000000485,552.9500000000448,18.100000000000122,81.54999999999751,12.35000000000004,0,205.50000000001248,0.25,0,10.0,60.00000000000023
J000062,2023-02-03/JHJY,JHJY,AMR_26,G8_13,WS_30_20,"[""101174""]",1,244.05000000002124,509.2500000000815,355.55000000004657,244.05000000002124,244.05000000002124,248.10000000002216,345.45000000004427,345.5000000000443,355.50000000004655,355.55000000004657,505.2000000000806,509.2500000000815,18.100000000000122,155.8500000000012,19.100000000000136,0,71.94999999999806,0.2,0,0.0,179.9999999999981
J000063,2023-02-03/AMPP,AMPP,AMR_04,G20_14,WS_13_20,"[""101076"", ""110362"", ""110499"", ""112284""]",4,244.2500000000213,517.7500000000769,333.90000000004164,244.2500000000213,247.60000000002205,251.65000000002297,323.80000000003935,323.85000000003936,333.85000000004163,333.90000000004164,513.7000000000805,517.7500000000769,18.100000000000122,81.29999999999752,10.450000000000014,0,163.4000000000029,0.25,0,2.0,68.00000000000017
J000064,2023-02-03/DMHS,DMHS,AMR_16,G2_9,WS_8_20,"[""121710""]",1,250.8500000000228,368.75000000004957,327.25000000004013,250.8500000000228,267.8500000000266,271.90000000002755,317.15000000003783,317.20000000003785,327.2000000000401,327.25000000004013,364.70000000004865,368.75000000004957,18.100000000000122,85.59999999999728,11.450000000000028,0,2.499999999999999,0.25,0,14.0,84.00000000000087
J000065,2023-02-03/DMHS,DMHS,AMR_30,G17_10,WS_8_20,"[""100167""]",2,250.8500000000228,522.4000000000726,421.7500000000616,250.8500000000228,283.1000000000301,287.150000000031,411.6500000000593,411.70000000005933,421.7000000000616,421.7500000000616,518.3500000000763,522.4000000000726,18.100000000000122,104.29999999999622,17.20000000000011,0,131.6999999999957,0.25,0,8.0,92.00000000000097
J000066,2023-02-03/DMHS,DMHS,AMR_02,G23_13,WS_8_20,"[""101202""]",1,250.8500000000228,813.4999999998079,691.5999999999187,250.8500000000228,355.2000000000465,359.2500000000474,681.4999999999279,681.5499999999279,691.5499999999188,691.5999999999187,809.4499999998116,813.4999999998079,18.100000000000122,161.70000000000252,29.600000000000286,0,353.000000000046,0.25,0,34.0,116.00000000000102
J000067,2023-02-03/DMHS,DMHS,AMR_39,G24_12,WS_8_20,"[""112307""]",1,250.8500000000228,637.5499999999679,493.20000000007786,250.8500000000228,305.5000000000352,309.5500000000361,483.10000000007557,483.1500000000756,493.15000000007785,493.20000000007786,633.4999999999716,637.5499999999679,18.100000000000122,167.00000000000372,22.90000000000019,0,178.45000000000633,0.25,0,24.0,155.99999999999906
J000068,2023-02-03/BAMP,BAMP,AMR_38,G26_12,WS_19_20,"[""111241""]",1,252.2500000000231,722.2999999998908,462.30000000007084,252.2500000000231,340.3000000000431,344.350000000044,452.20000000006854,452.25000000006855,462.2500000000708,462.30000000007084,718.2499999998945,722.2999999998908,18.100000000000122,169.20000000000422,25.900000000000233,0,256.60000000002407,0.25,0,74.00000000000085,100.00000000000031
J000069,2023-02-03/ALMA,ALMA,AMR_13,G18_12,WS_2_20,"[""112386""]",1,253.6000000000234,1128.7499999995212,1062.6499999995813,253.6000000000234,736.8999999998775,740.9499999998739,1052.5499999995905,1052.5999999995904,1062.5999999995813,1062.6499999995813,1124.6999999995248,1128.7499999995212,18.100000000000122,304.95000000003506,54.69999999999903,0,497.15000000007876,0.25,0,179.9999999999973,132.00000000000244
J000070,2023-02-03/BKSD,BKSD,AMR_12,G3_15,WS_25_20,"[""110222"", ""110615"", ""112231""]",3,254.60000000002364,661.0999999999465,526.6500000000688,254.60000000002364,254.60000000002364,258.65000000002453,516.550000000078,516.6000000000779,526.6000000000688,526.6500000000688,657.0499999999502,661.0999999999465,18.100000000000122,155.9000000000012,21.050000000000164,0,211.25000000001378,0.2,0,0.0,159.99999999999625
J000071,2023-02-03/AMPP,AMPP,AMR_14,G21_13,WS_13_20,"[""107259"", ""110216"", ""110520"", ""110593""]",4,261.6000000000252,770.3999999998471,696.0499999999147,261.6000000000252,324.1500000000394,328.20000000004035,685.9499999999239,685.9999999999238,695.9999999999147,696.0499999999147,766.3499999998508,770.3999999998471,18.100000000000122,159.60000000000204,20.950000000000163,0,309.9000000000362,0.25,0,76.00000000000114,96.00000000000051
J000072,2023-02-03/ALMA,ALMA,AMR_37,G20_15,WS_2_20,"[""139323""]",1,272.45000000002767,545.7000000000514,455.70000000006934,272.45000000002767,287.200000000031,291.25000000003195,445.60000000006704,445.65000000006705,455.6500000000693,455.70000000006934,541.6500000000551,545.7000000000514,18.100000000000122,109.9999999999959,12.450000000000042,0,132.44999999999587,0.25,0,8.0,112.00000000000169
J000073,2023-02-03/BAMP,BAMP,AMR_21,G27_13,WS_19_20,"[""101027""]",1,274.90000000002823,750.649999999865,426.9000000000628,274.90000000002823,302.5000000000345,306.5500000000354,416.8000000000605,416.8500000000605,426.8500000000628,426.9000000000628,746.5999999998687,750.649999999865,18.100000000000122,124.89999999999505,21.000000000000163,0,311.50000000003655,0.25,0,20.0,104.00000000000043
J000074,2023-02-03/BKSD,BKSD,AMR_35,G18_15,WS_25_20,"[""101296"", ""123272""]",2,276.1500000000285,794.8499999998248,763.6999999998532,276.1500000000285,427.3500000000629,431.4000000000638,753.5999999998623,753.6499999998623,763.6499999998532,763.6999999998532,790.7999999998285,794.8499999998248,18.100000000000122,154.70000000000093,31.600000000000314,0,314.05000000003713,0.25,0,30.0,112.00000000000026
J000075,2023-02-03/ALMA,ALMA,AMR_07,G15_5,WS_2_20,"[""111330""]",1,289.6500000000316,502.85000000008006,438.65000000006546,289.6500000000316,332.5000000000413,336.55000000004225,428.55000000006316,428.6000000000632,438.60000000006545,438.65000000006546,498.80000000007914,502.85000000008006,18.100000000000122,157.85000000000164,15.300000000000082,0,21.700000000000173,0.25,0,46.00000000000024,152.00000000000074
J000076,2023-02-03/BAMP,BAMP,AMR_36,G14_10,WS_19_20,"[""138351""]",1,291.8500000000321,996.1999999996417,759.8499999998567,291.8500000000321,643.9499999999621,647.9999999999584,749.7499999998658,749.7999999998658,759.7999999998567,759.8499999998567,992.1499999996454,996.1999999996417,18.100000000000122,211.45000000001383,45.999999999999524,0,428.55000000006316,0.25,0,94.00000000000031,88.00000000000043
J000077,2023-02-03/AMPP,AMPP,AMR_25,G23_15,WS_13_20,"[""107219"", ""107312"", ""107328"", ""110419""]",5,294.00000000003257,1498.7999999991846,1441.8499999992364,294.00000000003257,1366.499999999305,1370.5499999993012,1431.7499999992456,1431.7999999992455,1441.7999999992364,1441.8499999992364,1494.7499999991883,1498.7999999991846,18.100000000000122,471.15000000007285,76.79999999999778,0,638.499999999967,0.25,0,429.99999999998107,64.00000000000031
J000078,2023-02-03/ALMA,ALMA,AMR_34,G17_12,WS_2_20,"[""110313""]",1,306.70000000003546,513.0000000000812,387.3000000000538,306.70000000003546,306.70000000003546,310.7500000000364,377.2000000000515,377.2500000000515,387.2500000000538,387.3000000000538,508.95000000008145,513.0000000000812,18.100000000000122,86.49999999999723,9.55,0,91.94999999999692,0.2,0,0.0,96.00000000000131
J000079,2023-02-03/BAMP,BAMP,AMR_22,G17_9,WS_19_20,"[""118513""]",1,308.90000000003596,783.699999999835,708.6999999999032,308.90000000003596,339.25000000004286,343.3000000000438,698.5999999999124,698.6499999999123,708.6499999999032,708.6999999999032,779.6499999998387,783.699999999835,18.100000000000122,154.80000000000095,24.95000000000022,0,276.70000000002864,0.25,0,24.0,128.00000000000097
J000080,2023-02-03/BKSD,BKSD,AMR_09,G21_12,WS_25_20,"[""101022"", ""110448""]",2,326.10000000003987,574.6500000000251,484.75000000007594,326.10000000003987,329.00000000004053,333.05000000004145,474.65000000007365,474.70000000007366,484.70000000007593,484.75000000007594,570.6000000000288,574.6500000000251,18.100000000000122,73.89999999999795,11.400000000000027,0,144.8999999999987,0.25,0,2.0,64.00000000000004
J000081,2023-02-03/ALMA,ALMA,AMR_06,G14_13,WS_2_20,"[""111295""]",1,328.1000000000403,515.7000000000787,421.6000000000616,328.1000000000403,328.1000000000403,332.15000000004125,411.5000000000593,411.5500000000593,421.5500000000616,421.6000000000616,511.65000000008206,515.7000000000787,18.100000000000122,71.89999999999806,9.55,0,87.84999999999715,0.2,0,0.0,80.00000000000105
J000082,2023-02-03/AMPP,AMPP,AMR_40,G27_14,WS_13_20,"[""101109"", ""101122"", ""107285"", ""110342"", ""125463""]",5,333.95000000004165,1144.249999999507,871.2499999997553,333.95000000004165,382.30000000005265,386.35000000005357,861.1499999997645,861.1999999997645,871.1999999997554,871.2499999997553,1140.1999999995107,1144.249999999507,18.100000000000122,238.35000000001995,34.45000000000018,0,519.1500000000756,0.25,0,34.0,195.9999999999972
J000083,2023-02-03/BAMP,BAMP,AMR_28,G14_15,WS_19_20,"[""101025""]",1,348.50000000004496,753.949999999862,606.9999999999957,348.50000000004496,348.50000000004496,352.5500000000459,596.9000000000049,596.9500000000048,606.9499999999957,606.9999999999957,749.8999999998657,753.949999999862,18.100000000000122,116.44999999999553,15.300000000000082,0,255.40000000002382,0.2,0,0.0,124.00000000000139
J000084,2023-02-03/KELS,KELS,AMR_01,G24_13,WS_30_20,"[""110432""]",1,355.6000000000466,582.7500000000177,549.0000000000484,355.6000000000466,498.250000000079,502.30000000007993,538.9000000000576,538.9500000000576,548.9500000000485,549.0000000000484,578.7000000000214,582.7500000000177,18.100000000000122,145.89999999999893,30.6500000000003,0,32.250000000000306,0.25,0,90.00000000000031,60.00000000000013
J000085,2023-02-03/KELS,KELS,AMR_15,G18_13,WS_30_20,"[""110452""]",1,355.6000000000466,1059.4499999995842,737.2999999998772,355.6000000000466,531.2500000000646,535.3000000000609,727.1999999998864,727.2499999998863,737.2499999998772,737.2999999998772,1055.3999999995879,1059.4499999995842,18.100000000000122,206.75000000001276,36.40000000000007,0,442.3500000000663,0.25,0,106.00000000000136,104.0
J000086,2023-02-03/KELS,KELS,AMR_19,G15_12,WS_30_20,"[""101061""]",1,362.00000000004803,1024.1999999996162,720.4499999998925,362.00000000004803,616.499999999987,620.5499999999834,710.3499999999017,710.3999999999016,720.3999999998925,720.4499999998925,1020.1499999996199,1024.1999999996162,18.100000000000122,199.8500000000112,32.600000000000286,0,411.40000000005926,0.25,0,72.00000000000026,120.00000000000026
J000087,2023-02-03/KELS,KELS,AMR_05,G5_15,WS_30_20,"[""101336""]",1,364.25000000004854,1152.2499999994998,754.3499999998617,364.25000000004854,534.100000000062,538.1500000000583,744.2499999998709,744.2999999998708,754.2999999998617,754.3499999998617,1148.1999999995035,1152.2499999994998,18.100000000000122,225.95000000001713,39.24999999999991,0,504.4500000000804,0.25,0,66.000000000001,167.99999999999636
J000088,2023-02-03/KELS,KELS,AMR_16,G9_2,WS_30_20,"[""110218""]",1,368.8000000000496,594.1000000000074,498.85000000007915,368.8000000000496,412.3500000000595,416.4000000000604,488.75000000007685,488.80000000007686,498.80000000007914,498.85000000007915,590.0500000000111,594.1000000000074,18.100000000000122,179.00000000000645,17.15000000000011,0,10.800000000000018,0.25,0,44.0000000000001,183.99999999999437
J000089,2023-02-03/BKSD,BKSD,AMR_17,G17_15,WS_25_20,"[""107120"", ""133300""]",2,373.8500000000507,753.3999999998625,690.5499999999197,373.8500000000507,522.6000000000724,526.6500000000688,680.4499999999289,680.4999999999288,690.4999999999197,690.5499999999197,749.3499999998662,753.3999999998625,18.100000000000122,111.39999999999581,20.10000000000015,0,229.70000000001798,0.25,0,40.00000000000003,64.0
J000090,2023-02-03/AMPP,AMPP,AMR_33,G23_14,WS_13_20,"[""101012"", ""101146"", ""101335"", ""132279""]",4,379.0000000000519,984.1999999996526,798.7499999998213,379.0000000000519,703.5499999999079,707.5999999999042,788.6499999998305,788.6999999998304,798.6999999998213,798.7499999998213,980.1499999996563,984.1999999996526,18.100000000000122,163.65000000000296,34.45000000000018,0,388.7500000000541,0.25,0,68.00000000000014,84.00000000000074
J000091,2023-02-03/ALMA,ALMA,AMR_27,G17_6,WS_2_20,"[""110512""]",1,405.60000000005795,844.4499999997797,770.8499999998467,405.60000000005795,695.9999999999147,700.049999999911,760.7499999998558,760.7999999998558,770.7999999998467,770.8499999998467,840.3999999997834,844.4499999997797,18.100000000000122,231.9500000000185,31.600000000000314,0,156.95000000000144,0.25,0,116.000000000001,156.00000000000014
J000092,2023-02-03/ALMA,ALMA,AMR_11,G23_10,WS_2_20,"[""131980""]",1,451.80000000006845,683.5499999999261,571.2500000000282,451.80000000006845,493.50000000007793,497.55000000007885,561.1500000000374,561.2000000000373,571.2000000000282,571.2500000000282,679.4999999999297,683.5499999999261,18.100000000000122,134.14999999999625,16.250000000000096,0,62.99999999999856,0.25,0,24.0,128.00000000000153
J000093,2023-02-03/BAMP,BAMP,AMR_29,G29_14,WS_19_20,"[""101299"", ""111222""]",2,453.65000000006887,816.1999999998054,685.5999999999242,453.65000000006887,488.9500000000769,493.0000000000778,675.4999999999334,675.5499999999333,685.5499999999242,685.5999999999242,812.1499999998091,816.1999999998054,18.100000000000122,112.84999999999573,16.250000000000096,0,215.10000000001466,0.25,0,36.000000000000014,72.00000000000011
J000094,2023-02-03/ALMA,ALMA,AMR_08,G23_9,WS_2_20,"[""111357""]",1,479.05000000007465,762.8999999998539,701.2999999999099,479.05000000007465,497.7000000000789,501.7500000000798,691.1999999999191,691.249999999919,701.24999999991,701.2999999999099,758.8499999998576,762.8999999998539,18.100000000000122,163.90000000000302,19.150000000000137,0,82.44999999999746,0.25,0,14.0,183.99999999999577
J000095,2023-02-03/BAMP,BAMP,AMR_24,G20_12,WS_19_20,"[""101085""]",1,483.55000000007567,1051.3999999995915,742.7999999998722,483.55000000007567,548.6500000000487,552.7000000000451,732.6999999998814,732.7499999998813,742.7499999998722,742.7999999998722,1047.3499999995952,1051.3999999995915,18.100000000000122,106.14999999999611,19.100000000000136,0,424.2500000000622,0.25,0,40.0,60.000000000000256
J000096,2023-02-03/KELS,KELS,AMR_07,G27_15,WS_30_20,"[""110479""]",1,502.90000000008007,626.7999999999777,602.25,502.90000000008007,560.1000000000383,564.1500000000347,592.1500000000092,592.2000000000091,602.2,602.25,622.7499999999814,626.7999999999777,18.100000000000122,86.8999999999972,14.300000000000068,0,4.3499999999999925,0.25,0,56.00000000000041,40.0
J000097,2023-02-03/AMPP,AMPP,AMR_26,G17_14,WS_13_20,"[""101191"", ""110465"", ""110540"", ""110583""]",4,509.3000000000815,668.7499999999395,599.0500000000029,509.3000000000815,547.5000000000498,551.5500000000461,588.9500000000121,589.000000000012,599.000000000003,599.0500000000029,664.6999999999432,668.7499999999395,18.100000000000122,76.69999999999779,15.300000000000082,0,49.09999999999935,0.25,0,36.000000000000014,44.00000000000023
J000098,2023-02-03/BKSD,BKSD,AMR_34,G15_13,WS_25_20,"[""110301"", ""121875""]",3,513.0500000000811,1142.7999999995084,871.2999999997553,513.0500000000811,693.2499999999172,697.2999999999136,861.1999999997645,861.2499999997644,871.2499999997553,871.2999999997553,1138.749999999512,1142.7999999995084,18.100000000000122,212.250000000014,32.55000000000029,0,366.6000000000491,0.25,0,106.00000000000142,116.00000000000034
J000099,2023-02-03/ALMA,ALMA,AMR_06,G21_5,WS_2_20,"[""112198""]",1,515.7500000000787,798.3499999998216,718.3499999998944,515.7500000000787,625.9999999999784,630.0499999999747,708.2499999999036,708.2999999999035,718.2999999998945,718.3499999998944,794.2999999998253,798.3499999998216,18.100000000000122,214.4500000000145,19.150000000000137,0,30.6500000000003,0.25,0,86.00000000000131,187.9999999999957
J000100,2023-02-03/BAMP,BAMP,AMR_04,G9_15,WS_19_20,"[""107407""]",1,517.8000000000768,848.3999999997761,725.7499999998877,517.8000000000768,578.9000000000212,582.9500000000176,715.6499999998969,715.6999999998968,725.6999999998877,725.7499999998877,844.3499999997798,848.3999999997761,18.100000000000122,103.54999999999626,16.200000000000095,0,192.50000000000952,0.25,0,28.0,72.00000000000034
J000101,2023-02-03/AMPP,AMPP,AMR_30,G3_14,WS_13_20,"[""107103"", ""110344"", ""110494"", ""112040""]",5,522.4500000000726,721.7999999998913,678.8499999999303,522.4500000000726,585.1500000000156,589.2000000000119,668.7499999999395,668.7999999999395,678.7999999999304,678.8499999999303,717.749999999895,721.7999999998913,18.100000000000122,119.64999999999534,17.20000000000011,0,44.14999999999963,0.25,0,64.00000000000115,72.00000000000058
J000102,2023-02-03/BKSD,BKSD,AMR_37,G8_14,WS_25_20,"[""112430"", ""135158""]",2,545.7500000000514,1213.0999999994444,1059.0499999995845,545.7500000000514,710.2499999999018,714.2999999998981,1048.9499999995937,1048.9999999995937,1058.9999999995846,1059.0499999995845,1209.0499999994481,1213.0999999994444,18.100000000000122,210.70000000001366,35.450000000000124,0,402.8500000000573,0.25,0,54.000000000000725,155.99999999999798
J000103,2023-02-03/ALMA,ALMA,AMR_32,G27_12,WS_2_20,"[""138386""]",1,553.0000000000448,975.5999999996604,855.5999999997696,553.0000000000448,726.2499999998872,730.2999999998835,845.4999999997788,845.5499999997787,855.5499999997696,855.5999999997696,971.5499999996641,975.5999999996604,18.100000000000122,206.85000000001278,19.150000000000137,0,178.25000000000628,0.25,0,70.00000000000057,179.99999999999733
J000104,2023-02-03/BKSD,BKSD,AMR_09,G24_15,WS_25_20,"[""111277""]",1,574.700000000025,682.5999999999269,658.3999999999489,574.700000000025,619.9499999999839,623.9999999999802,648.2999999999581,648.3499999999581,658.349999999949,658.3999999999489,678.5499999999306,682.5999999999269,18.100000000000122,54.249999999999055,12.450000000000042,0,22.85000000000019,0.25,0,16.0,36.00000000000003
J000105,2023-02-03/ALMA,ALMA,AMR_01,G27_10,WS_2_20,"[""101179""]",1,582.8000000000177,912.0999999997182,809.2999999998117,582.8000000000177,602.4999999999998,606.5499999999961,799.1999999998209,799.2499999998208,809.2499999998117,809.2999999998117,908.0499999997219,912.0999999997182,18.100000000000122,126.94999999999493,12.450000000000042,0,171.55000000000476,0.25,0,12.0,144.00000000000085
J000106,2023-02-03/AMPP,AMPP,AMR_16,G17_12,WS_13_20,"[""101221"", ""101337"", ""110169"", ""112083""]",6,599.1000000000029,896.8499999997321,815.9499999998056,599.1000000000029,710.6999999999014,714.7499999998977,805.8499999998148,805.8999999998148,815.8999999998057,815.9499999998056,892.7999999997357,896.8499999997321,18.100000000000122,167.7500000000039,29.700000000000287,0,81.94999999999749,0.25,0,92.00000000000134,88.0000000000006
J000107,2023-02-03/BAMP,BAMP,AMR_10,G17_10,WS_19_20,"[""115794""]",1,620.5499999999834,974.8499999996611,776.8999999998412,620.5499999999834,662.1999999999455,666.2499999999418,766.7999999998503,766.8499999998503,776.8499999998412,776.8999999998412,970.7999999996648,974.8499999996611,18.100000000000122,88.99999999999709,12.35000000000004,0,234.6000000000191,0.25,0,14.0,60.00000000000041
J000108,2023-02-03/BKSD,BKSD,AMR_03,G26_14,WS_25_20,"[""101147""]",1,658.4499999999489,767.9999999998493,723.5499999998897,658.4499999999489,665.0499999999429,669.0999999999392,713.4499999998989,713.4999999998988,723.4999999998897,723.5499999998897,763.9499999998529,767.9999999998493,18.100000000000122,51.49999999999921,11.500000000000028,0,28.200000000000266,0.25,0,4.0,44.00000000000003
J000109,2023-02-03/AMPP,AMPP,AMR_07,G26_15,WS_13_20,"[""110146"", ""110194"", ""110575"", ""112017""]",6,678.8999999999303,1082.5999999995631,832.9999999997901,678.8999999999303,683.0499999999265,687.0999999999228,822.8999999997993,822.9499999997993,832.9499999997902,832.9999999997901,1078.5499999995668,1082.5999999995631,18.100000000000122,102.7499999999963,14.250000000000068,0,268.35000000002674,0.25,0,2.0,92.00000000000057
J000110,2023-02-03/BAMP,BAMP,AMR_18,G23_12,WS_19_20,"[""110600""]",2,685.6499999999241,1072.949999999572,812.6499999998086,685.6499999999241,685.6499999999241,689.6999999999205,802.5499999998178,802.5999999998178,812.5999999998087,812.6499999998086,1068.8999999995756,1072.949999999572,18.100000000000122,68.54999999999825,13.400000000000055,0,287.050000000031,0.2,0,0.0,56.00000000000023
J000111,2023-02-03/BKSD,BKSD,AMR_39,G26_13,WS_25_20,"[""122980""]",1,690.5999999999196,803.9499999998166,747.8999999998675,690.5999999999196,703.6499999999078,707.6999999999041,737.7999999998767,737.8499999998767,747.8499999998676,747.8999999998675,799.8999999998202,803.9499999998166,18.100000000000122,55.54999999999898,13.400000000000055,0,26.050000000000235,0.25,0,6.0,48.00000000000021
J000112,2023-02-03/DSET,DSET,AMR_23,G21_15,WS_8_20,"[""107412"", ""110336"", ""110385"", ""110531"", ""111391""]",5,691.6499999999187,1067.0499999995773,783.4999999998352,691.6499999999187,691.6499999999187,695.699999999915,773.3999999998443,773.4499999998443,783.4499999998352,783.4999999998352,1062.999999999581,1067.0499999995773,18.100000000000122,94.24999999999679,13.400000000000055,0,249.45000000002247,0.2,0,0.0,88.00000000000018
J000113,2023-02-03/DSET,DSET,AMR_26,G15_15,WS_8_20,"[""110604"", ""123094"", ""124211"", ""124702""]",4,691.6499999999187,802.349999999818,767.5499999998497,691.6499999999187,704.7499999999068,708.7999999999031,757.4499999998588,757.4999999998588,767.4999999998497,767.5499999998497,798.2999999998217,802.349999999818,18.100000000000122,61.099999999998666,10.500000000000014,0,20.75000000000016,0.25,0,6.0,56.000000000000654
J000114,2023-02-03/DSET,DSET,AMR_11,G21_14,WS_8_20,"[""101018"", ""110162"", ""112279"", ""112334""]",4,691.6499999999187,1200.5499999994558,1151.4499999995005,691.6499999999187,714.8999999998975,718.9499999998939,1141.3499999995097,1141.3999999995096,1151.3999999995006,1151.4499999995005,1196.4999999994595,1200.5499999994558,18.100000000000122,158.6000000000018,31.700000000000315,0,300.250000000034,0.25,0,12.0,143.99999999999974
J000115,2023-02-03/DSET,DSET,AMR_31,G9_14,WS_8_20,"[""101150"", ""112329"", ""120382""]",3,691.6499999999187,784.9999999998338,751.5999999998642,691.6499999999187,707.9499999999039,711.9999999999002,741.4999999998734,741.5499999998733,751.5499999998642,751.5999999998642,780.9499999998375,784.9999999998338,18.100000000000122,55.649999999998975,10.500000000000014,0,8.84999999999999,0.25,0,12.0,44.00000000000021
J000116,2023-02-03/DSET,DSET,AMR_12,G3_15,WS_8_20,"[""110255"", ""112392"", ""127627""]",3,691.6499999999187,763.0499999998538,735.6999999998786,691.6499999999187,691.6499999999187,695.699999999915,725.5999999998878,725.6499999998878,735.6499999998787,735.6999999998786,758.9999999998574,763.0499999998538,18.100000000000122,45.19999999999957,7.649999999999981,0,0.25,0.2,0,0.0,48.00000000000004
J000117,2023-02-03/DSET,DSET,AMR_09,G20_14,WS_8_20,"[""101076"", ""110499"", ""112287""]",3,691.6499999999187,1095.1999999995517,834.4999999997888,691.6499999999187,729.6499999998841,733.6999999998804,824.399999999798,824.4499999997979,834.4499999997888,834.4999999997888,1091.1499999995553,1095.1999999995517,18.100000000000122,159.25000000000196,23.950000000000205,0,202.00000000001168,0.25,0,18.0,151.999999999999
J000118,2023-02-03/ALMA,ALMA,AMR_30,G11_10,WS_2_20,"[""112320""]",1,721.8499999998912,870.7499999997558,826.3999999997961,721.8499999998912,757.7499999998586,761.7999999998549,816.2999999998053,816.3499999998053,826.3499999997962,826.3999999997961,866.6999999997595,870.7499999997558,18.100000000000122,99.09999999999651,15.300000000000082,0,16.150000000000095,0.25,0,32.0,80.00000000000105
J000119,2023-02-03/AMPP,AMPP,AMR_38,G24_15,WS_13_20,"[""100949"", ""101295"", ""110141"", ""110522""]",4,722.3499999998908,1141.6999999995094,850.0499999997746,722.3499999998908,737.499999999877,741.5499999998733,839.9499999997838,839.9999999997838,849.9999999997747,850.0499999997746,1137.649999999513,1141.6999999995094,18.100000000000122,92.2499999999969,13.300000000000054,0,295.4500000000329,0.25,0,10.0,68.00000000000009
J000120,2023-02-03/BAMP,BAMP,AMR_21,G15_9,WS_19_20,"[""127717""]",2,750.699999999865,1263.149999999399,1135.499999999515,750.699999999865,1017.5499999996223,1021.5999999996186,1125.3999999995242,1125.4499999995242,1135.449999999515,1135.499999999515,1259.0999999994026,1263.149999999399,18.100000000000122,225.0000000000169,32.55000000000029,0,236.55000000001954,0.25,0,108.00000000000114,120.00000000000176
J000121,2023-02-03/BKSD,BKSD,AMR_17,G26_12,WS_25_20,"[""111241""]",1,753.4499999998625,1143.3499999995079,907.3499999997225,753.4499999998625,847.5999999997769,851.6499999997732,897.2499999997317,897.2999999997317,907.2999999997226,907.3499999997225,1139.2999999995116,1143.3499999995079,18.100000000000122,87.29999999999718,12.35000000000004,0,271.90000000002755,0.25,0,32.0,52.00000000000004
J000122,2023-02-03/DSET,DSET,AMR_28,G14_15,WS_8_20,"[""101025"", ""112045"", ""129530""]",3,753.999999999862,868.9999999997574,801.4499999998188,753.999999999862,753.999999999862,758.0499999998583,791.349999999828,791.399999999828,801.3999999998189,801.4499999998188,864.9499999997611,868.9999999997574,18.100000000000122,54.19999999999906,7.649999999999981,0,34.85000000000016,0.2,0,0.0,52.0000000000001
J000123,2023-02-03/KJIN,KJIN,AMR_08,G32_14,WS_30_20,"[""107414"", ""118501""]",2,762.9499999998538,901.1499999997282,871.4999999997551,762.9499999998538,822.0999999998,826.1499999997964,861.3999999997643,861.4499999997643,871.4499999997552,871.4999999997551,897.0999999997318,901.1499999997282,18.100000000000122,90.09999999999702,15.300000000000082,0,14.45000000000007,0.25,0,56.00000000000084,40.000000000000114
J000124,2023-02-03/KJIN,KJIN,AMR_12,G3_15,WS_30_20,"[""110222"", ""110615"", ""112231""]",4,763.0999999998537,1497.5499999991857,1199.5499999994568,763.0999999998537,763.0999999998537,767.14999999985,1189.449999999466,1189.499999999466,1199.4999999994568,1199.5499999994568,1493.4999999991894,1497.5499999991857,18.100000000000122,172.650000000005,21.950000000000177,0,521.5500000000734,0.2,0,0.0,175.99999999999642
J000125,2023-02-03/KJIN,KJIN,AMR_03,G26_8,WS_30_20,"[""125583"", ""133300""]",2,768.0499999998492,908.0499999997219,854.2499999997708,768.0499999998492,791.5499999998278,795.5999999998241,844.14999999978,844.19999999978,854.1999999997709,854.2499999997708,903.9999999997256,908.0499999997219,18.100000000000122,91.64999999999694,15.300000000000082,0,14.700000000000074,0.25,0,16.0,80.00000000000048
J000126,2023-02-03/BAMP,BAMP,AMR_14,G18_8,WS_19_20,"[""112372""]",1,770.449999999847,1076.3499999995688,995.5499999996423,770.449999999847,839.6499999997841,843.6999999997804,985.4499999996515,985.4999999996514,995.4999999996423,995.5499999996423,1072.2999999995725,1076.3499999995688,18.100000000000122,131.89999999999574,23.000000000000192,0,132.6499999999959,0.25,0,48.00000000000031,80.0000000000006
J000127,2023-02-03/BKSD,BKSD,AMR_22,G21_13,WS_25_20,"[""101149""]",1,783.7499999998349,1135.399999999515,992.0499999996455,783.7499999998349,841.3999999997825,845.4499999997788,981.9499999996547,981.9999999996546,991.9999999996455,992.0499999996455,1131.3499999995188,1135.399999999515,18.100000000000122,89.44999999999706,17.20000000000011,0,226.6500000000173,0.25,0,24.0,56.00000000000013
J000128,2023-02-03/DSET,DSET,AMR_31,G17_15,WS_8_20,"[""110166"", ""110592"", ""112034""]",3,785.0499999998337,1178.1499999994762,1135.599999999515,785.0499999998337,1056.1999999995871,1060.2499999995835,1125.499999999524,1125.549999999524,1135.549999999515,1135.599999999515,1174.09999999948,1178.1499999994762,18.100000000000122,157.00000000000145,27.80000000000026,0,189.95000000000894,0.25,0,102.00000000000065,64.00000000000071
J000129,2023-02-03/KJIN,KJIN,AMR_20,G15_14,WS_30_20,"[""101155"", ""123310""]",2,788.1999999998309,1545.9999999991417,1363.199999999308,788.1999999998309,788.1999999998309,792.2499999998272,1353.099999999317,1353.149999999317,1363.149999999308,1363.199999999308,1541.9499999991453,1545.9999999991417,18.100000000000122,235.35000000001926,42.099999999999746,0,462.0500000000708,0.2,0,0.0,227.99999999999505
J000130,2023-02-03/BAMP,BAMP,AMR_35,G9_14,WS_19_20,"[""107377""]",1,794.8999999998248,1190.2999999994652,1152.5499999994995,794.8999999998248,1059.749999999584,1063.7999999995802,1142.4499999995087,1142.4999999995086,1152.4999999994996,1152.5499999994995,1186.2499999994689,1190.2999999994652,18.100000000000122,127.3999999999949,18.150000000000123,0,231.5000000000184,0.25,0,48.000000000000355,72.00000000000057
J000131,2023-02-03/ALMA,ALMA,AMR_06,G24_14,WS_2_20,"[""110482""]",1,798.3999999998216,1100.7499999995466,990.2499999996471,798.3999999998216,841.0999999997828,845.1499999997791,980.1499999996563,980.1999999996563,990.1999999996472,990.2499999996471,1096.6999999995503,1100.7499999995466,18.100000000000122,185.45000000000792,19.100000000000136,0,79.44999999999763,0.25,0,36.000000000000014,187.999999999996
J000132,2023-02-03/DSET,DSET,AMR_26,G20_13,WS_8_20,"[""110154"", ""112332"", ""121904""]",3,802.399999999818,1426.89999999925,1241.1999999994189,802.399999999818,1146.449999999505,1150.4999999995014,1231.099999999428,1231.149999999428,1241.149999999419,1241.1999999994189,1422.8499999992537,1426.89999999925,18.100000000000122,180.40000000000677,29.650000000000286,0,396.1000000000558,0.25,0,90.00000000000048,84.00000000000068
J000133,2023-02-03/BKSD,BKSD,AMR_39,G29_13,WS_25_20,"[""135012""]",1,803.9999999998165,923.0499999997082,887.4499999997406,803.9999999998165,830.1999999997927,834.249999999789,877.3499999997498,877.3999999997498,887.3999999997407,887.4499999997406,918.9999999997119,923.0499999997082,18.100000000000122,72.39999999999803,15.300000000000082,0,13.00000000000005,0.25,0,18.0,52.00000000000021
J000134,2023-02-03/BAMP,BAMP,AMR_02,G30_15,WS_19_20,"[""112319""]",1,813.5499999998078,1225.1499999994335,1172.3999999994815,813.5499999998078,856.3999999997689,860.4499999997652,1162.2999999994906,1162.3499999994906,1172.3499999994815,1172.3999999994815,1221.0999999994372,1225.1499999994335,18.100000000000122,135.59999999999658,23.900000000000205,0,233.7500000000189,0.25,0,30.0,99.99999999999993
J000135,2023-02-03/AMPP,AMPP,AMR_29,G26_14,WS_13_20,"[""101147"", ""107124"", ""110267"", ""111363""]",5,816.2499999998054,1374.199999999298,1214.1999999994434,816.2499999998054,941.8999999996911,945.9499999996874,1204.0999999994526,1204.1499999994526,1214.1499999994435,1214.1999999994434,1370.1499999993016,1374.199999999298,18.100000000000122,217.70000000001525,36.40000000000007,0,285.50000000003064,0.25,0,86.00000000000153,128.00000000000045
J000136,2023-02-03/ALMA,ALMA,AMR_27,G29_12,WS_2_20,"[""134500""]",1,844.4999999997797,1520.349999999165,1419.299999999257,844.4999999997797,917.2999999997135,921.3499999997098,1409.199999999266,1409.249999999266,1419.249999999257,1419.299999999257,1516.2999999991687,1520.349999999165,18.100000000000122,239.20000000002014,32.450000000000294,0,385.85000000005346,0.25,0,40.0,211.9999999999932
J000137,2023-02-03/DSET,DSET,AMR_04,G24_7,WS_8_20,"[""110492"", ""124207"", ""125535""]",4,848.4499999997761,1319.5999999993476,1212.8499999994447,848.4499999997761,925.8999999997056,929.949999999702,1202.7499999994538,1202.7999999994538,1212.7999999994447,1212.8499999994447,1315.5499999993513,1319.5999999993476,18.100000000000122,213.1000000000142,21.900000000000176,0,217.80000000001527,0.25,0,78.00000000000071,155.99999999999838
J000138,2023-02-03/KJIN,KJIN,AMR_28,G12_6,WS_30_20,"[""110301"", ""110306""]",2,869.0499999997573,1138.5499999995122,1066.6999999995776,869.0499999997573,898.3499999997307,902.399999999727,1056.5999999995868,1056.6499999995867,1066.6499999995776,1066.6999999995776,1134.499999999516,1138.5499999995122,18.100000000000122,174.30000000000538,20.05000000000015,0,56.79999999999891,0.25,0,22.00000000000003,183.99999999999415
J000139,2023-02-03/AMPP,AMPP,AMR_30,G27_15,WS_13_20,"[""110293"", ""110479"", ""110582"", ""112294""]",5,870.7999999997558,1783.5499999989256,1458.8999999992209,870.7999999997558,1152.4499999994996,1156.499999999496,1448.79999999923,1448.84999999923,1458.849999999221,1458.8999999992209,1779.4999999989293,1783.5499999989256,18.100000000000122,271.50000000002746,45.799999999999535,0,577.1000000000229,0.25,0,130.00000000000196,139.99999999999957
J000140,2023-02-03/BKSD,BKSD,AMR_16,G29_14,WS_25_20,"[""120778""]",1,896.899999999732,1181.0999999994735,1034.299999999607,896.899999999732,975.4999999996605,979.5499999996568,1024.1999999996162,1024.2499999996162,1034.249999999607,1034.299999999607,1177.0499999994772,1181.0999999994735,18.100000000000122,83.99999999999737,14.350000000000069,0,167.50000000000384,0.25,0,32.0,48.000000000000114
J000141,2023-02-03/ALMA,ALMA,AMR_08,G30_12,WS_2_20,"[""111371""]",1,901.1999999997281,1443.6999999992347,1096.3499999995506,901.1999999997281,915.8499999997148,919.8999999997111,1086.2499999995598,1086.2999999995598,1096.2999999995507,1096.3499999995506,1439.6499999992384,1443.6999999992347,18.100000000000122,206.30000000001266,20.10000000000015,0,297.7500000000334,0.25,0,8.0,231.99999999999312
J000142,2023-02-03/KJIN,KJIN,AMR_03,G36_14,WS_30_20,"[""124008""]",1,908.0999999997218,1040.2999999996016,1002.9499999996356,908.0999999997218,956.1999999996781,960.2499999996744,992.8499999996448,992.8999999996447,1002.8999999996356,1002.9499999996356,1036.2499999996053,1040.2999999996016,18.100000000000122,92.09999999999691,15.300000000000082,0,6.449999999999985,0.25,0,40.00000000000013,60.00000000000004
J000143,2023-02-03/AMPP,AMPP,AMR_01,G9_13,WS_13_20,"[""107162"", ""110200"", ""112009""]",4,912.1499999997181,1114.7999999995338,1068.8999999995756,912.1499999997181,1020.04999999962,1024.0999999996163,1058.7999999995848,1058.8499999995847,1068.8499999995756,1068.8999999995756,1110.7499999995375,1114.7999999995338,18.100000000000122,137.69999999999706,20.10000000000015,0,26.50000000000024,0.25,0,106.00000000000213,52.00000000000017
J000144,2023-02-03/BKSD,BKSD,AMR_39,G32_15,WS_25_20,"[""101066""]",1,923.0999999997082,1150.7499999995011,1018.1499999996217,923.0999999997082,974.1999999996617,978.249999999658,1008.0499999996309,1008.0999999996309,1018.0999999996218,1018.1499999996217,1146.6999999995048,1150.7499999995011,18.100000000000122,84.14999999999736,16.300000000000097,0,108.84999999999596,0.25,0,30.0,56.0
J000145,2023-02-03/BAMP,BAMP,AMR_10,G17_8,WS_19_20,"[""101043""]",1,974.8999999996611,1167.6499999994858,1118.4999999995305,974.8999999996611,989.5499999996478,993.5999999996441,1108.3999999995397,1108.4499999995396,1118.4499999995305,1118.4999999995305,1163.5999999994895,1167.6499999994858,18.100000000000122,85.94999999999726,13.400000000000055,0,75.04999999999788,0.25,0,8.0,72.00000000000048
J000146,2023-02-03/DSET,DSET,AMR_32,G17_6,WS_8_20,"[""110390"", ""110450"", ""123310""]",3,975.6499999996604,1245.9499999994146,1117.2999999995316,975.6499999996604,1024.499999999616,1028.5499999996123,1107.1999999995408,1107.2499999995407,1117.2499999995316,1117.2999999995316,1241.8999999994182,1245.9499999994146,18.100000000000122,140.19999999999763,18.150000000000123,0,93.59999999999683,0.25,0,48.00000000000013,100.000000000001
J000147,2023-02-03/KJIN,KJIN,AMR_33,G17_10,WS_30_20,"[""111350"", ""115794""]",2,984.2499999996526,1643.2999999990532,1540.6999999991465,984.2499999996526,1149.4999999995023,1153.5499999994986,1530.5999999991557,1530.6499999991556,1540.6499999991465,1540.6999999991465,1639.2499999990569,1643.2999999990532,18.100000000000122,234.75000000001913,33.40000000000024,0,372.55000000005043,0.25,0,40.0,199.99999999999608
J000148,2023-02-03/BKSD,BKSD,AMR_36,G18_14,WS_25_20,"[""110380""]",1,996.2499999996417,1515.2499999991696,1331.0999999993371,996.2499999996417,1080.7999999995648,1084.849999999561,1320.9999999993463,1321.0499999993463,1331.0499999993372,1331.0999999993371,1511.1999999991733,1515.2499999991696,18.100000000000122,143.89999999999847,22.95000000000019,0,333.8000000000416,0.25,0,36.000000000000014,96.00000000000011
J000149,2023-02-03/BKSD,BKSD,AMR_19,G33_15,WS_25_20,"[""131140""]",1,1024.2499999996162,1399.8499999992746,1307.099999999359,1024.2499999996162,1231.4499999994277,1235.499999999424,1296.9999999993681,1297.049999999368,1307.049999999359,1307.099999999359,1395.7999999992783,1399.8499999992746,18.100000000000122,128.94999999999507,15.300000000000082,0,213.00000000001418,0.25,0,66.00000000000004,60.00000000000003
J000150,2023-02-03/BKSD,BKSD,AMR_03,G27_10,WS_25_20,"[""101285""]",1,1040.3499999996016,1317.4499999993495,1177.8499999994765,1040.3499999996016,1074.3499999995706,1078.399999999567,1167.7499999994857,1167.7999999994856,1177.7999999994765,1177.8499999994765,1313.3999999993532,1317.4499999993495,18.100000000000122,96.94999999999663,15.250000000000082,0,146.54999999999907,0.25,0,30.0,64.00000000000048
J000151,2023-02-03/AMPP,AMPP,AMR_24,G15_12,WS_13_20,"[""101097"", ""111373"", ""113201""]",4,1051.4499999995915,1221.199999999437,1116.0999999995327,1051.4499999995915,1069.8999999995747,1073.949999999571,1105.9999999995418,1106.0499999995418,1116.0499999995327,1116.0999999995327,1217.1499999994408,1221.199999999437,18.100000000000122,70.69999999999813,13.350000000000055,0,67.34999999999832,0.25,0,14.0,52.0000000000003
J000152,2023-02-03/BKSD,BKSD,AMR_15,G29_9,WS_25_20,"[""112009""]",1,1059.4999999995841,1334.1999999993343,1199.299999999457,1059.4999999995841,1103.649999999544,1107.6999999995403,1189.1999999994662,1189.2499999994661,1199.249999999457,1199.299999999457,1330.149999999338,1334.1999999993343,18.100000000000122,105.99999999999612,17.20000000000011,0,133.14999999999603,0.25,0,30.0,72.00000000000034
J000153,2023-02-03/KJIN,KJIN,AMR_23,G23_14,WS_30_20,"[""132279""]",1,1067.0999999995772,1306.2499999993597,1216.899999999441,1067.0999999995772,1079.399999999566,1083.4499999995624,1206.7999999994502,1206.8499999994501,1216.849999999441,1216.899999999441,1302.1999999993634,1306.2499999993597,18.100000000000122,78.2999999999977,12.400000000000041,0,130.09999999999533,0.25,0,6.0,68.00000000000006
J000154,2023-02-03/BAMP,BAMP,AMR_18,G27_12,WS_19_20,"[""112019""]",1,1072.9999999995719,1361.5999999993094,1189.399999999466,1072.9999999995719,1115.3999999995333,1119.4499999995296,1179.2999999994752,1179.3499999994751,1189.349999999466,1189.399999999466,1357.549999999313,1361.5999999993094,18.100000000000122,131.39999999999563,17.20000000000011,0,121.64999999999523,0.25,0,12.0,128.00000000000188
J000155,2023-02-03/AMPP,AMPP,AMR_14,G11_10,WS_13_20,"[""110538"", ""111992"", ""112320""]",3,1076.3999999995688,1201.9999999994545,1164.9999999994882,1076.3999999995688,1108.6499999995394,1112.6999999995357,1154.8999999994974,1154.9499999994973,1164.9499999994882,1164.9999999994882,1197.9499999994582,1201.9999999994545,18.100000000000122,85.3499999999973,13.350000000000055,0,8.549999999999986,0.25,0,26.0,64.00000000000041
J000156,2023-02-03/BKSD,BKSD,AMR_07,G14_15,WS_25_20,"[""112324""]",1,1082.649999999563,1628.6499999990665,1544.7499999991428,1082.649999999563,1389.499999999284,1393.5499999992803,1534.649999999152,1534.699999999152,1544.6999999991428,1544.7499999991428,1624.5999999990702,1628.6499999990665,18.100000000000122,165.1500000000033,23.850000000000204,0,338.6500000000427,0.25,0,60.0,100.00000000000034
J000157,2023-02-03/KJIN,KJIN,AMR_09,G21_12,WS_30_20,"[""101022""]",1,1095.2499999995516,1389.6999999992838,1233.9499999994255,1095.2499999995516,1120.3499999995288,1124.399999999525,1223.8499999994347,1223.8999999994346,1233.8999999994255,1233.9499999994255,1385.6499999992875,1389.6999999992838,18.100000000000122,120.14999999999532,17.20000000000011,0,138.7499999999973,0.25,0,14.0,108.0000000000004
J000158,2023-02-03/DSET,DSET,AMR_06,G14_10,WS_8_20,"[""110523"", ""135096"", ""138351""]",3,1100.7999999995466,1384.3999999992886,1336.699999999332,1100.7999999995466,1240.5999999994194,1244.6499999994157,1326.5999999993412,1326.6499999993412,1336.649999999332,1336.699999999332,1380.3499999992923,1384.3999999992886,18.100000000000122,122.2999999999952,19.100000000000136,0,123.8499999999951,0.25,0,60.00000000000061,72.00000000000074
J000159,2023-02-03/BAMP,BAMP,AMR_01,G30_13,WS_19_20,"[""112404""]",1,1114.8499999995338,1531.9499999991544,1394.5499999992794,1114.8499999995338,1303.9999999993618,1308.049999999358,1384.4499999992886,1384.4999999992885,1394.4999999992795,1394.5499999992794,1527.8999999991581,1531.9499999991544,18.100000000000122,159.15000000000194,23.000000000000192,0,216.600000000015,0.25,0,58.00000000000004,108.00000000000011
J000160,2023-02-03/AMPP,AMPP,AMR_13,G18_12,WS_13_20,"[""101020"", ""101305"", ""110526"", ""112386""]",5,1128.799999999521,1298.9999999993663,1240.1499999994198,1128.799999999521,1128.799999999521,1132.8499999995174,1230.049999999429,1230.099999999429,1240.0999999994199,1240.1499999994198,1294.94999999937,1298.9999999993663,18.100000000000122,67.6499999999983,9.5,0,74.7499999999979,0.2,0,0.0,64.0000000000004
J000161,2023-02-03/BKSD,BKSD,AMR_22,G18_10,WS_25_20,"[""117025""]",1,1135.449999999515,1411.9499999992636,1273.2999999993897,1135.449999999515,1171.849999999482,1175.8999999994783,1263.1999999993989,1263.2499999993988,1273.2499999993897,1273.2999999993897,1407.8999999992673,1411.9499999992636,18.100000000000122,102.24999999999633,17.15000000000011,0,138.7499999999973,0.25,0,16.0,84.0000000000004
J000162,2023-02-03/DSET,DSET,AMR_28,G20_12,WS_8_20,"[""101218"", ""111387"", ""111995""]",4,1138.5999999995122,1701.8999999989999,1555.0499999991334,1138.5999999995122,1430.9999999992463,1435.0499999992426,1544.9499999991426,1544.9999999991426,1554.9999999991335,1555.0499999991334,1697.8499999990036,1701.8999999989999,18.100000000000122,201.55000000001158,24.800000000000217,0,318.60000000003816,0.25,0,128.00000000000125,92.00000000000085
J000163,2023-02-03/BAMP,BAMP,AMR_38,G6_14,WS_19_20,"[""112387""]",1,1141.7499999995093,1639.6499999990565,1463.3499999992168,1141.7499999995093,1391.0499999992826,1395.099999999279,1453.249999999226,1453.299999999226,1463.2999999992169,1463.3499999992168,1635.5999999990602,1639.6499999990565,18.100000000000122,183.35000000000744,31.40000000000031,0,264.80000000002593,0.25,0,86.00000000000068,84.0000000000006
J000164,2023-02-03/KJIN,KJIN,AMR_34,G24_14,WS_30_20,"[""110391""]",1,1142.8499999995083,1533.9499999991526,1477.5999999992039,1142.8499999995083,1411.499999999264,1415.5499999992603,1467.499999999213,1467.549999999213,1477.549999999204,1477.5999999992039,1529.8999999991563,1533.9499999991526,18.100000000000122,151.40000000000018,32.55000000000029,0,188.80000000000868,0.25,0,84.00000000000028,56.00000000000004
J000165,2023-02-03/ALMA,ALMA,AMR_17,G26_12,WS_2_20,"[""111241""]",1,1143.3999999995078,1319.3499999993478,1238.2999999994215,1143.3999999995078,1143.3999999995078,1147.4499999995041,1228.1999999994307,1228.2499999994307,1238.2499999994216,1238.2999999994215,1315.2999999993515,1319.3499999993478,18.100000000000122,134.7999999999964,8.599999999999987,0,14.250000000000068,0.2,0,0.0,171.9999999999992
J000166,2023-02-03/AMPP,AMPP,AMR_40,G15_10,WS_13_20,"[""110464"", ""112286"", ""122686""]",3,1144.299999999507,1369.699999999302,1320.349999999347,1144.299999999507,1214.8499999994428,1218.8999999994392,1310.249999999356,1310.299999999356,1320.299999999347,1320.349999999347,1365.6499999993057,1369.699999999302,18.100000000000122,116.29999999999553,18.150000000000123,0,72.59999999999802,0.25,0,64.00000000000087,56.0000000000004
J000167,2023-02-03/DSET,DSET,AMR_39,G15_13,WS_8_20,"[""107272"", ""137523""]",3,1150.799999999501,1623.1999999990715,1355.8499999993146,1150.799999999501,1305.94999999936,1309.9999999993563,1345.7499999993238,1345.7999999993237,1355.7999999993147,1355.8499999993146,1619.1499999990751,1623.1999999990715,18.100000000000122,179.90000000000666,31.40000000000031,0,242.75000000002095,0.25,0,74.00000000000057,96.00000000000045
J000168,2023-02-03/BAMP,BAMP,AMR_05,G26_7,WS_19_20,"[""123310""]",1,1152.2999999994997,1650.049999999047,1497.3999999991859,1152.2999999994997,1419.8999999992564,1423.9499999992527,1487.299999999195,1487.349999999195,1497.349999999186,1497.3999999991859,1645.9999999990507,1650.049999999047,18.100000000000122,231.30000000001834,35.450000000000124,0,212.6500000000141,0.25,0,150.0000000000006,100.00000000000125
J000169,2023-02-03/AMPP,AMPP,AMR_10,G2_15,WS_13_20,"[""101163"", ""107398"", ""115355""]",4,1167.6999999994857,1338.4999999993304,1295.5999999993694,1167.6999999994857,1242.7499999994175,1246.7999999994138,1285.4999999993786,1285.5499999993785,1295.5499999993694,1295.5999999993694,1334.449999999334,1338.4999999993304,18.100000000000122,126.49999999999496,16.250000000000096,0,9.700000000000003,0.25,0,76.00000000000132,72.00000000000071
J000170,2023-02-03/BAMP,BAMP,AMR_31,G32_15,WS_19_20,"[""117422""]",1,1178.1999999994762,1643.8499999990527,1514.4499999991704,1178.1999999994762,1433.8999999992436,1437.94999999924,1504.3499999991795,1504.3999999991795,1514.3999999991704,1514.4499999991704,1639.7999999990564,1643.8499999990527,18.100000000000122,148.79999999999959,17.100000000000108,0,281.4000000000297,0.25,0,66.0,76.00000000000001
J000171,2023-02-03/BKSD,BKSD,AMR_16,G18_9,WS_25_20,"[""111296""]",1,1181.1499999994735,1531.6999999991547,1369.2499999993024,1181.1499999994735,1216.6999999994412,1220.7499999994375,1359.1499999993116,1359.1999999993116,1369.1999999993025,1369.2499999993024,1527.6499999991584,1531.6999999991547,18.100000000000122,155.8500000000012,26.800000000000246,0,149.54999999999976,0.25,0,32.0,128.00000000000097
J000172,2023-02-03/BAMP,BAMP,AMR_35,G24_6,WS_19_20,"[""132450""]",1,1190.3499999994651,1743.8499999989617,1608.4999999990848,1190.3499999994651,1267.1999999993952,1271.2499999993915,1598.399999999094,1598.449999999094,1608.4499999990849,1608.4999999990848,1739.7999999989654,1743.8499999989617,18.100000000000122,201.80000000001164,28.750000000000274,0,304.600000000035,0.25,0,74.00000000000063,143.99999999999895
J000173,2023-02-03/KJIN,KJIN,AMR_11,G24_15,WS_30_20,"[""110141"", ""123306""]",2,1200.5999999994558,1374.2999999992978,1345.9999999993236,1200.5999999994558,1268.9999999993936,1273.04999999939,1335.8999999993327,1335.9499999993327,1345.9499999993236,1345.9999999993236,1370.2499999993015,1374.2999999992978,18.100000000000122,77.04999999999777,16.300000000000097,0,61.999999999998614,0.25,0,28.0,52.0
J000174,2023-02-03/DSET,DSET,AMR_14,G21_13,WS_8_20,"[""107259"", ""110216"", ""110593""]",3,1202.0499999994545,1961.5999999987637,1672.8999999990262,1202.0499999994545,1366.5499999993049,1370.5999999993012,1662.7999999990354,1662.8499999990354,1672.8499999990263,1672.8999999990262,1957.5499999987674,1961.5999999987637,18.100000000000122,202.20000000001173,32.55000000000029,0,506.4500000000809,0.25,0,66.00000000000009,124.00000000000082
J000175,2023-02-03/BKSD,BKSD,AMR_37,G21_14,WS_25_20,"[""107250""]",1,1213.1499999994444,1723.5499999989802,1653.2499999990441,1213.1499999994444,1548.849999999139,1552.8999999991354,1643.1499999990533,1643.1999999990533,1653.1999999990442,1653.2499999990441,1719.4999999989839,1723.5499999989802,18.100000000000122,217.65000000001524,34.50000000000018,0,239.9000000000203,0.25,0,181.99999999999713,48.00000000000004
J000176,2023-02-03/AMPP,AMPP,AMR_24,G23_13,WS_13_20,"[""110357"", ""110528"", ""126834""]",5,1221.249999999437,1806.199999998905,1475.9499999992054,1221.249999999437,1373.099999999299,1377.1499999992952,1465.8499999992146,1465.8999999992145,1475.8999999992054,1475.9499999992054,1802.1499999989087,1806.199999998905,18.100000000000122,158.00000000000168,23.900000000000205,0,384.7000000000532,0.25,0,70.00000000000054,80.00000000000023
J000177,2023-02-03/BAMP,BAMP,AMR_02,G8_14,WS_19_20,"[""112283""]",1,1225.1999999994334,1838.099999998876,1729.5499999989747,1225.1999999994334,1555.599999999133,1559.6499999991292,1719.449999998984,1719.4999999989839,1729.4999999989748,1729.5499999989747,1834.0499999988797,1838.099999998876,18.100000000000122,258.65000000002453,41.0999999999998,0,294.80000000003275,0.25,0,102.00000000000125,168.00000000000082
J000178,2023-02-03/KJIN,KJIN,AMR_32,G15_12,WS_30_20,"[""101097"", ""113201""]",3,1245.9999999994145,1585.249999999106,1460.5499999992194,1245.9999999994145,1333.9499999993345,1337.9999999993308,1450.4499999992286,1450.4999999992285,1460.4999999992194,1460.5499999992194,1581.1999999991097,1585.249999999106,18.100000000000122,179.75000000000662,26.800000000000246,0,114.34999999999565,0.25,0,52.0000000000005,147.9999999999996
J000179,2023-02-03/DSET,DSET,AMR_21,G17_14,WS_8_20,"[""110227"", ""110284""]",2,1263.1999999993989,1539.4499999991476,1413.5499999992621,1263.1999999993989,1337.699999999331,1341.7499999993274,1403.4499999992713,1403.4999999992713,1413.4999999992622,1413.5499999992621,1535.3999999991513,1539.4499999991476,18.100000000000122,114.54999999999563,17.20000000000011,0,126.14999999999498,0.25,0,50.00000000000024,68.00000000000048
J000180,2023-02-03/AMPP,AMPP,AMR_13,G2_14,WS_13_20,"[""110291"", ""111207"", ""114762""]",6,1299.0499999993663,1689.0999999990115,1492.9999999991899,1299.0499999993663,1382.89999999929,1386.9499999992863,1482.899999999199,1482.949999999199,1492.94999999919,1492.9999999991899,1685.0499999990152,1689.0999999990115,18.100000000000122,159.8000000000021,22.000000000000178,0,189.90000000000893,0.25,0,84.0000000000018,84.00000000000033
J000181,2023-02-03/BKSD,BKSD,AMR_23,G18_12,WS_25_20,"[""101305"", ""112386""]",2,1306.2999999993597,1750.6999999989555,1708.8999999989935,1306.2999999993597,1330.2999999993378,1334.3499999993342,1698.7999999990027,1698.8499999990026,1708.8499999989936,1708.8999999989935,1746.6499999989592,1750.6999999989555,18.100000000000122,156.45000000000132,21.050000000000164,0,248.55000000002227,0.25,0,18.0,152.0000000000003
J000182,2023-02-03/KJIN,KJIN,AMR_03,G27_14,WS_30_20,"[""101122""]",1,1317.4999999993495,1425.849999999251,1397.099999999277,1317.4999999993495,1351.1999999993188,1355.2499999993152,1386.9999999992863,1387.0499999992862,1397.0499999992771,1397.099999999277,1421.7999999992546,1425.849999999251,18.100000000000122,58.89999999999879,13.350000000000055,0,17.750000000000117,0.25,0,12.0,44.00000000000004
J000183,2023-02-03/DSET,DSET,AMR_17,G17_13,WS_8_20,"[""110541"", ""112317""]",2,1319.3999999993478,2124.949999998965,1914.999999998806,1319.3999999993478,1460.6999999992192,1464.7499999992156,1904.8999999988152,1904.9499999988152,1914.949999998806,1914.999999998806,2120.89999999895,2124.949999998965,18.100000000000122,208.50000000001316,29.550000000000285,0,549.1500000000483,0.25,0,100.00000000000173,100.00000000000037
J000184,2023-02-03/AMPP,AMPP,AMR_04,G21_10,WS_13_20,"[""101071"", ""110585"", ""125181""]",3,1319.6499999993475,1528.2499999991578,1424.5499999992521,1319.6499999993475,1347.0999999993226,1351.1499999993189,1414.4499999992613,1414.4999999992613,1424.4999999992522,1424.5499999992521,1524.1999999991615,1528.2499999991578,18.100000000000122,103.79999999999625,20.10000000000015,0,66.34999999999837,0.25,0,20.0,80.00000000000028
J000185,2023-02-03/BKSD,BKSD,AMR_15,G18_8,WS_25_20,"[""115120""]",1,1334.2499999993342,1610.9499999990826,1526.0499999991598,1334.2499999993342,1385.5499999992876,1389.599999999284,1515.949999999169,1515.999999999169,1525.9999999991599,1526.0499999991598,1606.8999999990863,1610.9499999990826,18.100000000000122,155.30000000000106,23.000000000000192,0,80.0499999999976,0.25,0,32.0,140.00000000000082
J000186,2023-02-03/DSET,DSET,AMR_10,G23_14,WS_8_20,"[""101146"", ""125639""]",2,1338.5499999993303,2058.3999999987227,1692.949999999008,1338.5499999993303,1515.1499999991697,1519.199999999166,1682.8499999990172,1682.8999999990172,1692.899999999008,1692.949999999008,2054.349999998708,2058.3999999987227,18.100000000000122,192.60000000000954,31.550000000000313,0,477.35000000007426,0.25,0,80.00000000000031,108.0000000000004
J000187,2023-02-03/KJIN,KJIN,AMR_18,G29_9,WS_30_20,"[""112009""]",1,1361.6499999993093,1483.8499999991982,1429.8499999992473,1361.6499999993093,1377.5999999992948,1381.6499999992911,1419.7499999992565,1419.7999999992564,1429.7999999992473,1429.8499999992473,1479.7999999992019,1483.8499999991982,18.100000000000122,71.79999999999806,13.400000000000055,0,18.65000000000013,0.25,0,10.0,64.0000000000005
J000188,2023-02-03/BKSD,BKSD,AMR_40,G15_8,WS_25_20,"[""135026""]",1,1369.749999999302,1618.9499999990753,1483.1499999991988,1369.749999999302,1392.799999999281,1396.8499999992773,1473.049999999208,1473.099999999208,1483.0999999991989,1483.1499999991988,1614.899999999079,1618.9499999990753,18.100000000000122,122.79999999999517,16.200000000000095,0,91.84999999999692,0.25,0,8.0,120.00000000000117
J000189,2023-02-03/AMPP,AMPP,AMR_29,G23_10,WS_13_20,"[""101301"", ""131980"", ""138499""]",5,1374.2499999992979,1823.9499999988889,1616.6999999990774,1374.2499999992979,1399.6999999992747,1403.749999999271,1606.5999999990865,1606.6499999990865,1616.6499999990774,1616.6999999990774,1819.8999999988926,1823.9499999988889,18.100000000000122,133.4499999999961,18.150000000000123,0,279.75000000002933,0.25,0,14.0,120.00000000000097
J000190,2023-02-03/DSET,DSET,AMR_11,G8_15,WS_8_20,"[""101244""]",1,1374.3499999992978,1596.7999999990955,1570.949999999119,1374.3499999992978,1534.1499999991524,1538.1999999991488,1560.8499999991282,1560.899999999128,1570.899999999119,1570.949999999119,1592.7499999990991,1596.7999999990955,18.100000000000122,110.29999999999588,21.100000000000165,0,72.69999999999801,0.25,0,76.00000000000105,36.000000000000014
J000191,2023-02-03/KJIN,KJIN,AMR_06,G18_13,WS_30_20,"[""107457""]",1,1384.4499999992886,1791.1999999989187,1749.8999999989562,1384.4499999992886,1557.0499999991316,1561.099999999128,1739.7999999989654,1739.8499999989654,1749.8499999989563,1749.8999999989562,1787.1499999989223,1791.1999999989187,18.100000000000122,135.99999999999667,21.000000000000163,0,231.40000000001837,0.25,0,38.000000000000114,112.00000000000043
J000192,2023-02-03/BKSD,BKSD,AMR_09,G9_15,WS_25_20,"[""110483""]",1,1389.7499999992838,1805.3999999989057,1668.9999999990298,1389.7499999992838,1479.1999999992024,1483.2499999991987,1658.899999999039,1658.949999999039,1668.9499999990298,1668.9999999990298,1801.3499999989094,1805.3999999989057,18.100000000000122,146.39999999999904,16.150000000000095,0,234.75000000001913,0.25,0,34.0,120.00000000000068
J000193,2023-02-03/BAMP,BAMP,AMR_19,G33_15,WS_19_20,"[""115077""]",1,1399.8999999992745,1629.6499999990656,1480.3499999992014,1399.8999999992745,1399.8999999992745,1403.9499999992709,1470.2499999992106,1470.2999999992105,1480.2999999992014,1480.3499999992014,1625.5999999990693,1629.6499999990656,18.100000000000122,79.04999999999765,11.450000000000028,0,120.94999999999527,0.2,0,0.0,84.0
J000194,2023-02-03/KJIN,KJIN,AMR_22,G26_14,WS_30_20,"[""101147""]",2,1411.9999999992635,1590.0499999991016,1557.8999999991308,1411.9999999992635,1493.949999999189,1497.9999999991853,1547.79999999914,1547.84999999914,1557.849999999131,1557.8999999991308,1585.9999999991053,1590.0499999991016,18.100000000000122,97.94999999999658,19.150000000000137,0,42.59999999999972,0.25,0,40.00000000000004,56.00000000000004
J000195,2023-02-03/BLWE,BLWE,AMR_03,G9_13,WS_2_20,"[""117431"", ""120049""]",2,1425.899999999251,1985.9499999987415,1791.6499999989182,1425.899999999251,1732.9499999989716,1736.999999998968,1781.5499999989274,1781.5999999989274,1791.5999999989183,1791.6499999989182,1981.8999999987452,1985.9499999987415,18.100000000000122,172.650000000005,34.40000000000018,0,334.6500000000418,0.25,0,90.00000000000082,72.00000000000037
J000196,2023-02-03/BLWE,BLWE,AMR_26,G2_8,WS_2_20,"[""111207"", ""111997""]",2,1426.94999999925,1584.5999999991066,1554.399999999134,1426.94999999925,1502.2499999991815,1506.2999999991778,1544.2999999991432,1544.3499999991432,1554.349999999134,1554.399999999134,1580.5499999991102,1584.5999999991066,18.100000000000122,98.84999999999653,13.400000000000055,0,27.05000000000025,0.25,0,50.00000000000031,64.00000000000065
J000197,2023-02-03/BLWE,BLWE,AMR_08,G17_15,WS_2_20,"[""110225"", ""125583""]",2,1443.7499999992347,2125.1999999989657,1639.9999999990562,1443.7499999992347,1540.7999999991464,1544.8499999991427,1629.8999999990654,1629.9499999990653,1639.9499999990562,1639.9999999990562,2121.149999998951,2125.1999999989657,18.100000000000122,173.70000000000525,22.90000000000019,0,466.5000000000718,0.25,0,44.0,116.00000000000054
J000198,2023-02-03/AMPP,AMPP,AMR_18,G23_9,WS_13_20,"[""107251"", ""112344"", ""135025""]",4,1483.8999999991981,1901.0499999988187,1666.7999999990318,1483.8999999991981,1512.1499999991725,1516.1999999991688,1656.699999999041,1656.749999999041,1666.7499999990318,1666.7999999990318,1896.9999999988224,1901.0499999988187,18.100000000000122,134.64999999999637,19.100000000000136,0,245.05000000002147,0.25,0,20.0,104.00000000000051
J000199,2023-02-03/AMPP,AMPP,AMR_12,G26_12,WS_13_20,"[""101073"", ""107274"", ""111241""]",4,1497.5999999991857,1986.7499999987408,1788.3499999989212,1497.5999999991857,1645.599999999051,1649.6499999990474,1778.2499999989304,1778.2999999989304,1788.2999999989213,1788.3499999989212,1982.6999999987445,1986.7499999987408,18.100000000000122,195.1000000000101,26.700000000000244,0,249.00000000002237,0.25,0,124.00000000000242,96.0000000000006
J000200,2023-02-03/BAMP,BAMP,AMR_25,G5_15,WS_19_20,"[""110533""]",1,1498.8499999991845,2097.799999998866,1960.2999999987649,1498.8499999991845,1576.5999999991138,1580.6499999991102,1950.199999998774,1950.249999998774,1960.249999998765,1960.2999999987649,2093.7499999988513,2097.799999998866,18.100000000000122,186.00000000000804,26.650000000000244,0,367.9500000000494,0.25,0,56.000000000000824,128.00000000000108
J000201,2023-02-03/KJIN,KJIN,AMR_36,G18_14,WS_30_20,"[""110504""]",1,1515.2999999991696,1671.949999999027,1614.1999999990796,1515.2999999991696,1515.2999999991696,1519.349999999166,1604.0999999990888,1604.1499999990888,1614.1499999990797,1614.1999999990796,1667.8999999990308,1671.949999999027,18.100000000000122,95.99999999999669,13.350000000000055,0,29.000000000000277,0.2,0,0.0,108.00000000000043
J000202,2023-02-03/BLWE,BLWE,AMR_27,G3_15,WS_2_20,"[""101024"", ""110222"", ""112231""]",3,1520.399999999165,2208.84999999927,2184.349999999181,1520.399999999165,2116.9499999989357,2120.9999999989504,2174.249999999144,2174.2999999991443,2184.2999999991807,2184.349999999181,2204.7999999992553,2208.84999999927,18.100000000000122,231.40000000001837,44.89999999999959,0,393.80000000005526,0.25,0,181.9999999999991,31.99999999999998
J000203,2023-02-03/AMPP,AMPP,AMR_04,G29_15,WS_13_20,"[""110139"", ""110577"", ""112347""]",5,1528.2999999991578,1828.8499999988844,1649.5499999990475,1528.2999999991578,1574.8999999991154,1578.9499999991117,1639.4499999990567,1639.4999999990566,1649.4999999990475,1649.5499999990475,1824.799999998888,1828.8499999988844,18.100000000000122,113.59999999999569,17.15000000000011,0,151.4500000000002,0.25,0,26.0,92.00000000000004
J000204,2023-02-03/BAMP,BAMP,AMR_16,G33_14,WS_19_20,"[""107154""]",1,1531.7499999991546,1793.6999999989164,1699.3999999990021,1531.7499999991546,1603.999999999089,1608.0499999990852,1689.2999999990113,1689.3499999990113,1699.3499999990022,1699.3999999990021,1789.64999999892,1793.6999999989164,18.100000000000122,128.04999999999487,17.20000000000011,0,98.34999999999656,0.25,0,44.00000000000013,92.00000000000004
J000205,2023-02-03/BKSD,BKSD,AMR_01,G30_12,WS_25_20,"[""111371""]",1,1531.9999999991544,1646.2999999990504,1583.4499999991076,1531.9999999991544,1536.0999999991507,1540.149999999147,1573.3499999991168,1573.3999999991167,1583.3999999991076,1583.4499999991076,1642.2499999990541,1646.2999999990504,18.100000000000122,65.9999999999984,10.450000000000014,0,19.500000000000142,0.25,0,2.0,68.0000000000004
J000206,2023-02-03/KJIN,KJIN,AMR_34,G24_7,WS_30_20,"[""134683""]",1,1533.9999999991526,1672.5499999990266,1631.0499999990643,1533.9999999991526,1555.599999999133,1559.6499999991292,1620.9499999990735,1620.9999999990735,1630.9999999990644,1631.0499999990643,1668.4999999990303,1672.5499999990266,18.100000000000122,93.09999999999685,15.300000000000082,0,11.800000000000033,0.25,0,18.0,84.00000000000068
J000207,2023-02-03/BLWE,BLWE,AMR_21,G12_7,WS_2_20,"[""101075"", ""101296""]",2,1539.4999999991476,1773.0499999989352,1657.3499999990404,1539.4999999991476,1585.299999999106,1589.3499999991022,1647.2499999990496,1647.2999999990495,1657.2999999990404,1657.3499999990404,1768.9999999989388,1773.0499999989352,18.100000000000122,129.69999999999524,17.20000000000011,0,68.29999999999826,0.25,0,24.00000000000003,120.00000000000196
J000208,2023-02-03/AMPP,AMPP,AMR_20,G30_13,WS_13_20,"[""107261"", ""110446"", ""112444""]",3,1546.0499999991416,1999.3499999987293,1819.9499999988925,1546.0499999991416,1602.74999999909,1606.7999999990864,1809.8499999989017,1809.8999999989016,1819.8999999988926,1819.9499999988925,1995.299999998733,1999.3499999987293,18.100000000000122,153.85000000000073,19.100000000000136,0,262.0000000000253,0.25,0,44.00000000000004,116.00000000000057
J000209,2023-02-03/DSET,DSET,AMR_26,G6_15,WS_8_20,"[""107333""]",1,1584.6499999991065,1749.5999999989565,1731.6999999989728,1584.6499999991065,1619.399999999075,1623.4499999990712,1721.599999998982,1721.649999998982,1731.6499999989728,1731.6999999989728,1745.5499999989602,1749.5999999989565,18.100000000000122,99.74999999999648,20.05000000000015,0,26.800000000000246,0.25,0,29.999999999999964,72.00000000000038
J000210,2023-02-03/BKSD,BKSD,AMR_32,G15_12,WS_25_20,"[""101097""]",1,1585.299999999106,2050.499999998694,1725.0999999989788,1585.299999999106,1585.299999999106,1589.3499999991022,1714.999999998988,1715.049999998988,1725.0499999989788,1725.0999999989788,2046.4499999986865,2050.499999998694,18.100000000000122,117.39999999999547,20.10000000000015,0,309.4000000000361,0.2,0,0.0,108.00000000000051
J000211,2023-02-03/KJIN,KJIN,AMR_22,G23_6,WS_30_20,"[""129530""]",1,1590.0999999991016,1759.0999999989479,1700.8499999990008,1590.0999999991016,1622.1499999990724,1626.1999999990687,1690.74999999901,1690.79999999901,1700.7999999990009,1700.8499999990008,1755.0499999989515,1759.0999999989479,18.100000000000122,123.8999999999951,19.100000000000136,0,7.649999999999981,0.25,0,26.00000000000003,112.00000000000131
J000212,2023-02-03/BAMP,BAMP,AMR_11,G3_13,WS_19_20,"[""111997""]",1,1596.8499999990954,1939.0499999987842,1814.899999998897,1596.8499999990954,1620.9499999990735,1624.9999999990698,1804.7999999989063,1804.8499999989062,1814.8499999988971,1814.899999998897,1934.9999999987879,1939.0499999987842,18.100000000000122,132.5999999999959,21.950000000000177,0,169.30000000000425,0.25,0,17.999999999999996,108.00000000000061
J000213,2023-02-03/BLWE,BLWE,AMR_15,G15_6,WS_2_20,"[""111212"", ""111228""]",2,1610.9999999990825,1967.5499999987583,1894.0499999988251,1610.9999999990825,1732.7499999989718,1736.7999999989681,1883.9499999988343,1883.9999999988343,1893.9999999988252,1894.0499999988251,1963.499999998762,1967.5499999987583,18.100000000000122,202.75000000001185,26.800000000000246,0,108.64999999999597,0.25,0,82.00000000000088,155.99999999999966
J000214,2023-02-03/KJIN,KJIN,AMR_40,G15_15,WS_30_20,"[""124211""]",1,1618.9999999990753,2095.1499999988564,2000.6499999987282,1618.9999999990753,1640.299999999056,1644.3499999990522,1990.5499999987373,1990.5999999987373,2000.5999999987282,2000.6499999987282,2091.0999999988417,2095.1499999988564,18.100000000000122,165.80000000000345,20.00000000000015,0,272.00000000002757,0.25,0,18.0,159.99999999999937
J000215,2023-02-03/AMPP,AMPP,AMR_39,G14_12,WS_13_20,"[""101211"", ""110514""]",2,1623.2499999990714,2007.399999998722,1759.1999999989478,1623.2499999990714,1654.8499999990427,1658.899999999039,1749.099999998957,1749.149999998957,1759.1499999989478,1759.1999999989478,2003.3499999987257,2007.399999998722,18.100000000000122,83.34999999999741,18.100000000000122,0,264.35000000002583,0.25,0,12.0,60.0000000000004
J000216,2023-02-03/DSET,DSET,AMR_07,G26_14,WS_8_20,"[""101147"", ""110511"", ""111363""]",3,1628.6999999990664,2199.9499999992377,1944.699999998779,1628.6999999990664,1757.799999998949,1761.8499999989453,1934.5999999987882,1934.6499999987882,1944.649999998779,1944.699999998779,2195.899999999223,2199.9499999992377,18.100000000000122,162.25000000000264,21.950000000000177,0,368.70000000004956,0.25,0,38.00000000000004,112.00000000000014
J000217,2023-02-03/BKSD,BKSD,AMR_19,G9_14,WS_25_20,"[""107377""]",1,1629.6999999990655,2334.0999999997257,2222.849999999321,1629.6999999990655,1785.4499999989239,1789.4999999989202,2212.7499999992842,2212.7999999992844,2222.799999999321,2222.849999999321,2330.049999999711,2334.0999999997257,18.100000000000122,231.85000000001847,33.55000000000023,0,420.65000000006137,0.25,0,66.00000000000063,155.99999999999898
J000218,2023-02-03/KJIN,KJIN,AMR_38,G18_9,WS_30_20,"[""134680""]",1,1639.6999999990564,1863.499999998853,1804.8999999989062,1639.6999999990564,1726.2499999989777,1730.299999998974,1794.7999999989154,1794.8499999989153,1804.8499999989062,1804.8999999989062,1859.4499999988566,1863.499999998853,18.100000000000122,158.1000000000017,21.050000000000164,0,26.30000000000024,0.25,0,70.00000000000091,108.00000000000063
J000219,2023-02-03/BAMP,BAMP,AMR_33,G2_13,WS_19_20,"[""110378""]",1,1643.3499999990531,2117.9999999989395,1977.5499999987492,1643.3499999990531,1714.999999998988,1719.0499999989843,1967.4499999987584,1967.4999999987583,1977.4999999987492,1977.5499999987492,2113.949999998925,2117.9999999989395,18.100000000000122,213.45000000001428,29.700000000000287,0,213.15000000001422,0.25,0,60.00000000000087,175.99999999999653
J000220,2023-02-03/BLWE,BLWE,AMR_31,G20_6,WS_2_20,"[""110252"", ""112374""]",2,1643.8999999990526,1885.9499999988325,1808.6999999989027,1643.8999999990526,1693.6999999990073,1697.7499999990036,1798.599999998912,1798.6499999989119,1808.6499999989028,1808.6999999989027,1881.8999999988362,1885.9499999988325,18.100000000000122,169.9500000000044,16.200000000000095,0,37.550000000000004,0.25,0,46.00000000000033,155.9999999999993
J000221,2023-02-03/KJIN,KJIN,AMR_01,G5_14,WS_30_20,"[""110302""]",1,1646.3499999990504,2276.399999999516,1966.5499999987592,1646.3499999990504,1717.4999999989857,1721.549999998982,1956.4499999987684,1956.4999999987683,1966.4999999987592,1966.5499999987592,2272.349999999501,2276.399999999516,18.100000000000122,239.65000000002024,31.500000000000313,0,340.55000000004316,0.25,0,62.00000000000108,195.99999999999758
J000222,2023-02-03/AMPP,AMPP,AMR_05,G8_13,WS_13_20,"[""111366"", ""112073""]",2,1650.099999999047,2221.149999999315,2165.099999999111,1650.099999999047,1713.4499999989894,1717.4999999989857,2154.999999999074,2155.0499999990743,2165.0499999991107,2165.099999999111,2217.0999999993,2221.149999999315,18.100000000000122,182.2500000000072,24.800000000000217,0,345.6500000000443,0.25,0,68.0000000000012,120.00000000000117
J000223,2023-02-03/BKSD,BKSD,AMR_36,G9_12,WS_25_20,"[""112395""]",1,1671.999999999027,2063.5999999987416,1925.3999999987966,1671.999999999027,1721.2999999989822,1725.3499999989785,1915.2999999988058,1915.3499999988057,1925.3499999987966,1925.3999999987966,2059.549999998727,2063.5999999987416,18.100000000000122,193.3000000000097,24.850000000000218,0,155.10000000000102,0.25,0,30.0,183.99999999999835
J000224,2023-02-03/BLWE,BLWE,AMR_34,G24_7,WS_2_20,"[""110324"", ""134683""]",2,1672.5999999990265,1913.999999998807,1774.6499999989337,1672.5999999990265,1672.5999999990265,1676.6499999990228,1764.549999998943,1764.5999999989428,1774.5999999989338,1774.6499999989337,1909.9499999988107,1913.999999998807,18.100000000000122,149.44999999999973,13.350000000000055,0,60.29999999999871,0.2,0,0.0,175.99999999999838
J000225,2023-02-03/DSET,DSET,AMR_13,G6_14,WS_8_20,"[""121570""]",1,1689.1499999990115,2105.5499999988942,1960.4999999987647,1689.1499999990115,1760.099999998947,1764.1499999989433,1950.3999999987739,1950.4499999987738,1960.4499999987647,1960.4999999987647,2101.4999999988795,2105.5499999988942,18.100000000000122,116.9499999999955,24.90000000000022,0,256.200000000024,0.25,0,27.999999999999936,76.00000000000014
J000226,2023-02-03/KJIN,KJIN,AMR_28,G20_12,WS_30_20,"[""110211""]",1,1701.9499999989998,1812.0999999988996,1766.8999999989408,1701.9499999989998,1701.9499999989998,1705.9999999989961,1756.79999999895,1756.84999999895,1766.8499999989408,1766.8999999989408,1808.0499999989033,1812.0999999988996,18.100000000000122,77.74999999999773,10.450000000000014,0,3.649999999999995,0.2,0,0.0,88.00000000000028
J000227,2023-02-03/BKSD,BKSD,AMR_37,G6_12,WS_25_20,"[""110424""]",1,1723.5999999989801,2241.299999999388,2013.7499999987162,1723.5999999989801,1763.299999998944,1767.3499999989403,2003.6499999987254,2003.6999999987254,2013.6999999987163,2013.7499999987162,2237.2499999993734,2241.299999999388,18.100000000000122,230.45000000001815,32.450000000000294,0,236.45000000001951,0.25,0,42.00000000000031,207.99999999999065
J000228,2023-02-03/DSET,DSET,AMR_35,G2_15,WS_8_20,"[""134611""]",1,1743.8999999989617,2110.8499999989135,1998.9999999987297,1743.8999999989617,1812.3999999988994,1816.4499999988957,1988.8999999987388,1988.9499999987388,1998.9499999987297,1998.9999999987297,2106.799999998899,2110.8499999989135,18.100000000000122,153.45000000000064,21.950000000000177,0,173.20000000000513,0.25,0,82.00000000000192,84.00000000000031
J000229,2023-02-03/BKSD,BKSD,AMR_26,G2_14,WS_25_20,"[""111207""]",1,1749.6499999989564,2349.1499999997804,2075.4499999987847,1749.6499999989564,1774.0999999989342,1778.1499999989305,2065.349999998748,2065.399999998748,2075.3999999987846,2075.4499999987847,2345.0999999997657,2349.1499999997804,18.100000000000122,235.80000000001937,31.550000000000313,0,313.8000000000371,0.25,0,17.99999999999997,231.99999999999233
J000230,2023-02-03/AMPP,AMPP,AMR_23,G17_10,WS_13_20,"[""101325"", ""111988""]",2,1750.7499999989554,2138.9499999990157,2019.7999999987107,1750.7499999989554,1766.8999999989408,1770.949999998937,2009.69999999872,2009.7499999987199,2019.7499999987108,2019.7999999987107,2134.899999999001,2138.9499999990157,18.100000000000122,92.89999999999687,15.250000000000082,0,261.7000000000252,0.25,0,6.0,80.00000000000063
J000231,2023-02-03/DSET,DSET,AMR_22,G3_14,WS_8_20,"[""107103""]",2,1759.1499999989478,2120.049999998947,2014.9499999987152,1759.1499999989478,1890.2999999988285,1894.3499999988248,2004.8499999987243,2004.8999999987243,2014.8999999987152,2014.9499999987152,2115.9999999989323,2120.049999998947,18.100000000000122,158.0500000000017,22.90000000000019,0,161.6000000000025,0.25,0,112.00000000000249,52.00000000000006
J000232,2023-02-03/KJIN,KJIN,AMR_21,G18_12,WS_30_20,"[""112386""]",1,1773.0999999989351,1972.8499999987534,1929.5499999987928,1773.0999999989351,1865.599999998851,1869.6499999988473,1919.449999998802,1919.499999998802,1929.4999999987929,1929.5499999987928,1968.7999999987571,1972.8499999987534,18.100000000000122,101.99999999999635,15.250000000000082,0,64.1499999999985,0.25,0,22.0,88.0000000000002
J000233,2023-02-03/BLWE,BLWE,AMR_30,G8_15,WS_2_20,"[""120449""]",1,1783.5999999989256,2038.149999998694,1989.0999999987387,1783.5999999989256,1931.9499999987906,1935.999999998787,1978.9999999987479,1979.0499999987478,1989.0499999987387,1989.0999999987387,2034.0999999986977,2038.149999998694,18.100000000000122,105.29999999999616,17.20000000000011,0,113.69999999999568,0.25,0,54.00000000000021,48.000000000000156
J000234,2023-02-03/AMPP,AMPP,AMR_06,G18_13,WS_13_20,"[""110253"", ""110317""]",2,1791.2499999989186,1984.7999999987426,1853.2499999988622,1791.2499999989186,1791.2499999989186,1795.299999998915,1843.1499999988714,1843.1999999988714,1853.1999999988623,1853.2499999988622,1980.7499999987463,1984.7999999987426,18.100000000000122,58.14999999999883,9.55,0,107.54999999999603,0.2,0,0.0,60.0000000000005
J000235,2023-02-03/BLWE,BLWE,AMR_16,G8_12,WS_2_20,"[""112355""]",1,1793.7499999989163,2022.4499999987083,1972.0499999987542,1793.7499999989163,1917.4499999988038,1921.4999999988001,1961.9499999987634,1961.9999999987633,1971.9999999987542,1972.0499999987542,2018.399999998712,2022.4499999987083,18.100000000000122,167.15000000000376,21.000000000000163,0,22.20000000000018,0.25,0,138.00000000000182,64.00000000000041
J000236,2023-02-03/KJIN,KJIN,AMR_09,G9_15,WS_30_20,"[""110483""]",1,1805.4499999989057,2102.0999999988817,1983.5999999987437,1805.4499999989057,1805.4499999989057,1809.499999998902,1973.4999999987529,1973.5499999987528,1983.5499999987437,1983.5999999987437,2098.049999998867,2102.0999999988817,18.100000000000122,138.19999999999717,16.200000000000095,0,123.9499999999951,0.2,0,0.0,151.99999999999858
J000237,2023-02-03/AMPP,AMPP,AMR_24,G6_15,WS_13_20,"[""121745"", ""135157""]",3,1806.249999998905,2089.6499999988364,2036.9499999986951,1806.249999998905,1930.399999998792,1934.4499999987884,2026.8499999987043,2026.8999999987043,2036.8999999986952,2036.9499999986951,2085.5999999988217,2089.6499999988364,18.100000000000122,135.2499999999965,20.05000000000015,0,109.74999999999591,0.25,0,46.000000000000114,84.00000000000068
J000238,2023-02-03/BLWE,BLWE,AMR_28,G3_9,WS_2_20,"[""117418""]",1,1812.1499999988996,1981.099999998746,1941.0499999987824,1812.1499999988996,1879.5999999988383,1883.6499999988346,1930.9499999987916,1930.9999999987915,1940.9999999987824,1941.0499999987824,1977.0499999987496,1981.099999998746,18.100000000000122,106.99999999999606,14.350000000000069,0,29.25000000000028,0.25,0,64.00000000000112,60.00000000000044
J000239,2023-02-03/AMPP,AMPP,AMR_29,G18_10,WS_13_20,"[""107168"", ""112357""]",4,1823.9999999988888,2062.9499999987393,1972.9499999987534,1823.9999999988888,1851.1499999988641,1855.1999999988604,1962.8499999987625,1962.8999999987625,1972.8999999987534,1972.9499999987534,2058.8999999987245,2062.9499999987393,18.100000000000122,90.74999999999699,17.20000000000011,0,112.64999999999574,0.25,0,14.0,76.00000000000057
J000240,2023-02-03/DSET,DSET,AMR_04,G14_14,WS_8_20,"[""110306""]",1,1828.8999999988844,2256.7499999994443,2178.849999999161,1828.8999999988844,2127.0999999989726,2131.1499999989874,2168.749999999124,2168.7999999991243,2178.7999999991607,2178.849999999161,2252.6999999994296,2256.7499999994443,18.100000000000122,159.25000000000196,37.40000000000001,0,212.85000000001415,0.25,0,92.00000000000037,56.00000000000033
J000241,2023-02-03/KJIN,KJIN,AMR_02,G8_14,WS_30_20,"[""131976""]",2,1838.149999998876,2242.7499999993934,1949.249999998775,1838.149999998876,1838.149999998876,1842.1999999988723,1939.149999998784,1939.199999998784,1949.199999998775,1949.249999998775,2238.6999999993786,2242.7499999993934,18.100000000000122,142.44999999999814,21.000000000000163,0,222.85000000001642,0.2,0,0.0,151.99999999999952
J000242,2023-02-03/AMPP,AMPP,AMR_38,G21_12,WS_13_20,"[""101022"", ""107131""]",4,1863.5499999988529,1996.2499999987322,1934.799999998788,1863.5499999988529,1883.4499999988348,1887.499999998831,1924.6999999987972,1924.7499999987972,1934.749999998788,1934.799999998788,1992.1999999987358,1996.2499999987322,18.100000000000122,83.04999999999742,13.350000000000055,0,17.95000000000012,0.25,0,12.0,76.00000000000065
J000243,2023-02-03/BLWE,BLWE,AMR_31,G14_15,WS_2_20,"[""110417""]",1,1885.9999999988324,2403.2999999999774,2330.099999999711,1885.9999999988324,2130.8999999989865,2134.949999999001,2319.9999999996744,2320.0499999996746,2330.049999999711,2330.099999999711,2399.2499999999627,2403.2999999999774,18.100000000000122,183.00000000000736,25.80000000000023,0,290.1500000000317,0.25,0,62.00000000000023,112.00000000000087
J000244,2023-02-03/AMPP,AMPP,AMR_18,G17_9,WS_13_20,"[""112003"", ""118513""]",2,1901.0999999988187,2146.7999999990443,2073.649999998778,1901.0999999988187,1990.3499999987375,1994.3999999987338,2063.5499999987414,2063.5999999987416,2073.599999998778,2073.649999998778,2142.7499999990296,2146.7999999990443,18.100000000000122,120.99999999999527,23.000000000000192,0,83.34999999999741,0.25,0,56.000000000000355,64.00000000000053
J000245,2023-02-03/BLWE,BLWE,AMR_34,G11_10,WS_2_20,"[""111992""]",1,1914.049999998807,2102.999999998885,2040.1999999986922,1914.049999998807,1965.7999999987599,1969.8499999987562,2030.0999999987014,2030.1499999987013,2040.1499999986922,2040.1999999986922,2098.94999999887,2102.999999998885,18.100000000000122,120.4999999999953,15.300000000000082,0,34.80000000000016,0.25,0,56.00000000000075,80.00000000000088
J000246,2023-02-03/DSET,DSET,AMR_11,G14_13,WS_8_20,"[""111295""]",1,1939.0999999987841,2202.9999999992488,2054.89999999871,1939.0999999987841,1985.1999999987422,1989.2499999987385,2044.799999998688,2044.849999998688,2054.84999999871,2054.89999999871,2198.949999999234,2202.9999999992488,18.100000000000122,93.34999999999684,17.20000000000011,0,134.99999999999645,0.25,0,30.0,60.00000000000024
J000247,2023-02-03/DSET,DSET,AMR_14,G3_12,WS_8_20,"[""107387""]",1,1961.6499999987636,2195.899999999223,2135.399999999003,1961.6499999987636,2027.7499999987035,2031.7999999986998,2125.299999998966,2125.3499999989663,2135.3499999990026,2135.399999999003,2191.849999999208,2195.899999999223,18.100000000000122,150.04999999999987,21.050000000000164,0,44.79999999999959,0.25,0,78.00000000000175,92.00000000000107
J000248,2023-02-03/AMPP,AMPP,AMR_15,G15_8,WS_13_20,"[""111323"", ""115580""]",3,1967.5999999987582,2300.649999999604,2148.049999999049,1967.5999999987582,1982.2999999987449,1986.3499999987412,2137.949999999012,2137.9999999990123,2147.9999999990487,2148.049999999049,2296.5999999995893,2300.649999999604,18.100000000000122,109.29999999999593,23.000000000000192,0,182.40000000000722,0.25,0,8.0,88.0000000000006
J000249,2023-02-03/BLWE,BLWE,AMR_21,G12_10,WS_2_20,"[""110209""]",1,1972.8999999987534,2225.549999999331,2167.299999999119,1972.8999999987534,2099.8499999988735,2103.8999999988882,2157.199999999082,2157.2499999990823,2167.2499999991187,2167.299999999119,2221.499999999316,2225.549999999331,18.100000000000122,136.5499999999968,20.00000000000015,0,77.74999999999773,0.25,0,64.00000000000061,84.00000000000091
J000250,2023-02-03/DSET,DSET,AMR_28,G18_14,WS_8_20,"[""101207""]",1,1981.149999998746,2347.149999999773,2264.4499999994723,1981.149999998746,2050.9499999986956,2054.9999999987103,2254.3499999994356,2254.3999999994357,2264.399999999472,2264.4499999994723,2343.0999999997584,2347.149999999773,18.100000000000122,133.74999999999616,15.300000000000082,0,198.6000000000109,0.25,0,44.00000000000004,80.00000000000043
J000251,2023-02-03/AMPP,AMPP,AMR_06,G20_9,WS_13_20,"[""110147"", ""115063""]",2,1984.8499999987425,2165.649999999113,2113.6499999989237,1984.8499999987425,2001.999999998727,2006.0499999987233,2103.549999998887,2103.599999998887,2113.5999999989235,2113.6499999989237,2161.599999999098,2165.649999999113,18.100000000000122,90.69999999999699,17.20000000000011,0,54.54999999999904,0.25,0,12.0,76.0000000000006
J000252,2023-02-03/BLWE,BLWE,AMR_03,G15_14,WS_2_20,"[""123310""]",1,1985.9999999987415,2477.5000000002474,2381.249999999897,1985.9999999987415,2270.999999999496,2275.049999999511,2371.1499999998605,2371.1999999998607,2381.199999999897,2381.249999999897,2473.4500000002326,2477.5000000002474,18.100000000000122,206.60000000001273,30.6000000000003,0,235.9500000000194,0.25,0,110.00000000000051,100.00000000000136
J000253,2023-02-03/BLWE,BLWE,AMR_12,G14_9,WS_2_20,"[""113195""]",1,1989.1499999987386,2199.999999999238,2150.349999999057,1989.1499999987386,2042.0499999986905,2046.0999999986868,2140.2499999990205,2140.2999999990207,2150.299999999057,2150.349999999057,2195.949999999223,2199.999999999238,18.100000000000122,127.24999999999491,15.300000000000082,0,49.9499999999993,0.25,0,58.0000000000006,96.00000000000145
J000254,2023-02-03/DSET,DSET,AMR_38,G17_12,WS_8_20,"[""101221""]",1,1999.0499999987296,2177.549999999156,2086.8999999988264,1999.0499999987296,2016.7499999987135,2020.7999999987098,2076.7999999987896,2076.84999999879,2086.849999998826,2086.8999999988264,2173.4999999991414,2177.549999999156,18.100000000000122,95.59999999999671,14.250000000000068,0,50.29999999999928,0.25,0,12.0,84.00000000000105
J000255,2023-02-03/DSET,DSET,AMR_39,G15_10,WS_8_20,"[""112286""]",1,2014.999999998715,2217.649999999302,2158.799999999088,2014.999999998715,2031.8999999986997,2035.949999998696,2148.699999999051,2148.7499999990514,2158.749999999088,2158.799999999088,2213.5999999992873,2217.649999999302,18.100000000000122,85.49999999999729,15.300000000000082,0,83.4999999999974,0.25,0,6.0,76.00000000000085
J000256,2023-02-03/AMPP,AMPP,AMR_20,G26_13,WS_13_20,"[""104356"", ""112333""]",3,2019.8499999987107,2207.749999999266,2130.999999998987,2019.8499999987107,2052.949999998703,2056.9999999987176,2120.89999999895,2120.9499999989503,2130.9499999989866,2130.999999998987,2203.6999999992513,2207.749999999266,18.100000000000122,111.44999999999581,15.300000000000082,0,42.799999999999706,0.25,0,28.0,84.00000000000011
J000257,2023-02-03/AMPP,AMPP,AMR_16,G29_12,WS_13_20,"[""112215"", ""125175""]",3,2036.999999998695,2373.2999999998683,2243.749999999397,2036.999999998695,2124.699999998964,2128.7499999989786,2233.6499999993603,2233.6999999993604,2243.699999999397,2243.749999999397,2369.2499999998536,2373.2999999998683,18.100000000000122,132.34999999999584,12.35000000000004,0,173.25000000000514,0.25,0,46.0,104.00000000000043
J000258,2023-02-03/BLWE,BLWE,AMR_30,G18_13,WS_2_20,"[""110251"", ""131216""]",2,2040.2499999986921,2420.4000000000397,2313.049999999649,2040.2499999986921,2182.399999999174,2186.4499999991885,2302.9499999996124,2302.9999999996126,2312.999999999649,2313.049999999649,2416.350000000025,2420.4000000000397,18.100000000000122,189.7500000000089,22.95000000000019,0,149.09999999999965,0.25,0,88.00000000000136,108.00000000000063
J000259,2023-02-03/DSET,DSET,AMR_32,G15_12,WS_8_20,"[""101097""]",2,2054.94999999871,2205.799999999259,2119.449999998945,2054.94999999871,2054.94999999871,2058.999999998725,2109.349999998908,2109.3999999989082,2119.3999999989446,2119.449999998945,2201.749999999244,2205.799999999259,18.100000000000122,73.89999999999795,9.5,0,49.149999999999345,0.2,0,0.0,76.00000000000077
J000260,2023-02-03/AMPP,AMPP,AMR_36,G9_12,WS_13_20,"[""111368""]",2,2073.6999999987784,2252.4499999994287,2209.649999999273,2073.6999999987784,2073.6999999987784,2077.749999998793,2199.549999999236,2199.5999999992364,2209.5999999992728,2209.649999999273,2248.399999999414,2252.4499999994287,18.100000000000122,74.6999999999979,13.400000000000055,0,72.34999999999803,0.2,0,0.0,72.00000000000023
J000261,2023-02-03/DSET,DSET,AMR_29,G18_12,WS_8_20,"[""110395""]",1,2086.9499999988266,2406.5999999999894,2280.599999999531,2086.9499999988266,2093.5999999988508,2097.6499999988655,2270.4999999994943,2270.5499999994945,2280.549999999531,2280.599999999531,2402.5499999999747,2406.5999999999894,18.100000000000122,107.64999999999603,11.450000000000028,0,182.20000000000718,0.25,0,4.0,88.00000000000034
J000262,2023-02-03/BKSD,BKSD,AMR_35,G2_15,WS_25_20,"[""101163""]",1,2110.8999999989137,2503.250000000341,2347.049999999773,2110.8999999989137,2110.8999999989137,2114.9499999989284,2336.949999999736,2336.9999999997362,2346.9999999997726,2347.049999999773,2499.2000000003263,2503.250000000341,18.100000000000122,213.65000000001433,20.950000000000163,0,139.44999999999746,0.2,0,0.0,227.9999999999975
J000263,2023-02-03/AMPP,AMPP,AMR_09,G9_15,WS_13_20,"[""110483"", ""118475""]",2,2113.699999998924,2218.699999999306,2192.7499999992115,2113.699999998924,2113.699999998924,2117.7499999989386,2182.6499999991747,2182.699999999175,2192.6999999992113,2192.7499999992115,2214.649999999291,2218.699999999306,18.100000000000122,49.299999999999336,8.549999999999986,0,28.850000000000275,0.2,0,0.0,44.00000000000013
J000264,2023-02-03/BKSD,BKSD,AMR_33,G2_13,WS_25_20,"[""107105""]",1,2118.0499999989397,2340.9499999997506,2206.9999999992633,2118.0499999989397,2118.0499999989397,2122.0999999989544,2196.8999999992266,2196.9499999992267,2206.949999999263,2206.9999999992633,2336.899999999736,2340.9499999997506,18.100000000000122,148.8499999999996,21.000000000000163,0,34.75000000000016,0.2,0,0.0,171.9999999999962
J000265,2023-02-03/DSET,DSET,AMR_25,G5_15,WS_8_20,"[""110533""]",2,2119.499999998945,2218.699999999306,2194.799999999219,2119.499999998945,2119.499999998945,2123.5499999989597,2184.699999999182,2184.7499999991824,2194.7499999992187,2194.799999999219,2214.649999999291,2218.699999999306,18.100000000000122,44.6499999999996,7.649999999999981,0,28.60000000000027,0.2,0,0.0,40.0
J000266,2023-02-03/KJIN,KJIN,AMR_17,G17_13,WS_30_20,"[""107159""]",1,2124.999999998965,2357.599999999811,2243.749999999397,2124.999999998965,2124.999999998965,2129.0499999989797,2233.6499999993603,2233.6999999993604,2243.699999999397,2243.749999999397,2353.5499999997965,2357.599999999811,18.100000000000122,99.94999999999646,13.400000000000055,0,100.94999999999641,0.2,0,0.0,112.00000000000034
J000267,2023-02-03/AMPP,AMPP,AMR_13,G8_12,WS_13_20,"[""110130""]",1,2131.049999998987,2279.0999999995256,2226.699999999335,2131.049999998987,2145.64999999904,2149.699999999055,2216.5999999992982,2216.6499999992984,2226.649999999335,2226.699999999335,2275.049999999511,2279.0999999995256,18.100000000000122,80.29999999999758,13.350000000000055,0,36.05000000000009,0.25,0,8.0,68.00000000000048
J000268,2023-02-03/DSET,DSET,AMR_34,G11_10,WS_8_20,"[""110538""]",1,2135.449999999003,2264.4499999994723,2210.749999999277,2135.449999999003,2135.449999999003,2139.4999999990177,2200.64999999924,2200.6999999992404,2210.6999999992768,2210.749999999277,2260.3999999994576,2264.4499999994723,18.100000000000122,62.94999999999856,7.649999999999981,0,40.09999999999986,0.2,0,0.0,60.000000000000355
J000269,2023-02-03/AMPP,AMPP,AMR_23,G20_13,WS_13_20,"[""110513""]",2,2148.099999999049,2397.5499999999565,2324.599999999691,2148.099999999049,2175.599999999149,2179.649999999164,2314.4999999996544,2314.5499999996546,2324.549999999691,2324.599999999691,2393.499999999942,2397.5499999999565,18.100000000000122,78.54999999999768,13.350000000000055,0,139.1999999999974,0.25,0,12.0,60.000000000000284
J000270,2023-02-03/BLWE,BLWE,AMR_24,G6_14,WS_2_20,"[""124666""]",1,2150.3999999990574,2236.4999999993706,2201.399999999243,2150.3999999990574,2153.349999999068,2157.399999999083,2191.299999999206,2191.3499999992064,2201.3499999992428,2201.399999999243,2232.449999999356,2236.4999999993706,18.100000000000122,54.449999999999044,8.549999999999986,0,4.749999999999991,0.25,0,2.0,52.000000000000455
J000271,2023-02-03/DSET,DSET,AMR_08,G20_15,WS_8_20,"[""107459""]",1,2158.849999999088,2556.4500000005346,2436.700000000099,2158.849999999088,2245.349999999403,2249.3999999994176,2426.600000000062,2426.6500000000624,2436.6500000000988,2436.700000000099,2552.40000000052,2556.4500000005346,18.100000000000122,135.1999999999965,19.100000000000136,0,224.9500000000169,0.25,0,30.0,100.00000000000047
J000272,2023-02-03/AMPP,AMPP,AMR_22,G6_13,WS_13_20,"[""113227""]",1,2165.149999999111,2475.8500000002414,2440.6500000001133,2165.149999999111,2324.6999999996915,2328.7499999997062,2430.5500000000766,2430.6000000000768,2440.600000000113,2440.6500000001133,2471.8000000002266,2475.8500000002414,18.100000000000122,165.5500000000034,28.750000000000274,0,98.04999999999657,0.25,0,96.00000000000128,64.00000000000045
J000273,2023-02-03/BLWE,BLWE,AMR_18,G14_12,WS_2_20,"[""101211""]",1,2167.349999999119,2447.700000000139,2347.149999999773,2167.349999999119,2187.2499999991915,2191.299999999206,2337.0499999997364,2337.0999999997366,2347.099999999773,2347.149999999773,2443.6500000001242,2447.700000000139,18.100000000000122,121.89999999999522,15.300000000000082,0,124.79999999999505,0.25,0,12.0,100.00000000000082
J000274,2023-02-03/DSET,DSET,AMR_38,G17_10,WS_8_20,"[""115794""]",1,2178.899999999161,2413.100000000013,2332.849999999721,2178.899999999161,2185.449999999185,2189.4999999991996,2322.7499999996844,2322.7999999996846,2332.799999999721,2332.849999999721,2409.0499999999984,2413.100000000013,18.100000000000122,105.14999999999617,17.20000000000011,0,93.49999999999683,0.25,0,4.0,96.00000000000065
J000275,2023-02-03/BLWE,BLWE,AMR_10,G21_15,WS_2_20,"[""110254""]",1,2184.399999999181,2368.549999999851,2296.0499999995873,2184.399999999181,2197.4499999992286,2201.4999999992433,2285.9499999995505,2285.9999999995507,2295.999999999587,2296.0499999995873,2364.4999999998363,2368.549999999851,18.100000000000122,110.39999999999587,16.200000000000095,0,39.19999999999991,0.25,0,6.0,104.00000000000102
J000276,2023-02-03/AMPP,AMPP,AMR_40,G14_10,WS_13_20,"[""135096""]",2,2192.7999999992116,2444.2000000001262,2392.7999999999392,2192.7999999992116,2235.199999999366,2239.2499999993806,2382.6999999999025,2382.7499999999027,2392.749999999939,2392.7999999999392,2440.1500000001115,2444.2000000001262,18.100000000000122,79.9999999999976,12.35000000000004,0,140.69999999999774,0.25,0,16.0,56.00000000000048
J000277,2023-02-03/DSET,DSET,AMR_06,G17_9,WS_8_20,"[""107176""]",1,2194.849999999219,2469.700000000219,2348.799999999779,2194.849999999219,2261.1499999994603,2265.199999999475,2338.6999999997424,2338.7499999997426,2348.749999999779,2348.799999999779,2465.6500000002043,2469.700000000219,18.100000000000122,130.24999999999537,19.150000000000137,0,107.09999999999606,0.25,0,46.0000000000004,88.00000000000094
J000278,2023-02-03/BLWE,BLWE,AMR_07,G20_12,WS_2_20,"[""107327""]",1,2201.449999999243,2481.6500000002625,2364.199999999835,2201.449999999243,2226.449999999334,2230.499999999349,2354.0999999997985,2354.1499999997986,2364.149999999835,2364.199999999835,2477.6000000002477,2481.6500000002625,18.100000000000122,138.64999999999728,18.150000000000123,0,105.04999999999617,0.25,0,20.0,132.00000000000216
J000279,2023-02-03/BAMP,BAMP,AMR_27,G3_15,WS_19_20,"[""110222""]",1,2208.89999999927,2417.75000000003,2310.6499999996404,2208.89999999927,2208.89999999927,2212.949999999285,2300.5499999996036,2300.599999999604,2310.59999999964,2310.6499999996404,2413.7000000000153,2417.75000000003,18.100000000000122,104.39999999999621,10.500000000000014,0,75.64999999999785,0.2,0,0.0,112.00000000000132
J000280,2023-02-03/AMPP,AMPP,AMR_14,G3_12,WS_13_20,"[""110170"", ""111328""]",4,2209.699999999273,2373.1499999998678,2307.3499999996284,2209.699999999273,2209.699999999273,2213.749999999288,2297.2499999995916,2297.299999999592,2307.299999999628,2307.3499999996284,2369.099999999853,2373.1499999998678,18.100000000000122,81.14999999999753,9.55,0,54.449999999999044,0.2,0,0.0,80.0000000000007
J000281,2023-02-03/DSET,DSET,AMR_32,G21_12,WS_8_20,"[""107458""]",1,2210.799999999277,2693.8000000010343,2364.749999999837,2210.799999999277,2245.5999999994037,2249.6499999994185,2354.6499999998005,2354.6999999998006,2364.699999999837,2364.749999999837,2689.7500000010195,2693.8000000010343,18.100000000000122,178.95000000000644,28.700000000000273,0,257.00000000002416,0.25,0,16.0,155.99999999999875
J000282,2023-02-03/AMPP,AMPP,AMR_25,G5_15,WS_13_20,"[""110533"", ""112022""]",2,2226.749999999335,2444.2500000001264,2341.649999999753,2226.749999999335,2226.749999999335,2230.79999999935,2331.5499999997164,2331.5999999997166,2341.599999999753,2341.649999999753,2440.2000000001117,2444.2500000001264,18.100000000000122,72.59999999999802,11.450000000000028,0,115.1499999999956,0.2,0,0.0,68.00000000000013
J000283,2023-02-03/MLP2,MLP2,AMR_20,G24_12,WS_30_20,"[""107381"", ""112307""]",2,2243.799999999397,2347.8499999997757,2312.999999999649,2243.799999999397,2256.8499999994447,2260.8999999994594,2302.899999999612,2302.9499999996124,2312.9499999996488,2312.999999999649,2343.799999999761,2347.8499999997757,18.100000000000122,70.04999999999816,13.350000000000055,0,2.3,0.25,0,6.0,68.00000000000026
J000284,2023-02-03/AMPP,AMPP,AMR_02,G8_14,WS_13_20,"[""110215"", ""135158""]",2,2243.799999999397,2435.950000000096,2358.699999999815,2243.799999999397,2243.799999999397,2247.849999999412,2348.5999999997784,2348.6499999997786,2358.649999999815,2358.699999999815,2431.9000000000815,2435.950000000096,18.100000000000122,74.7999999999979,13.350000000000055,0,85.69999999999727,0.2,0,0.0,64.00000000000009
J000285,2023-02-03/DSET,DSET,AMR_09,G9_15,WS_8_20,"[""123035""]",1,2264.4999999994725,2344.6999999997643,2316.899999999663,2264.4999999994725,2264.4999999994725,2268.549999999487,2306.7999999996264,2306.8499999996266,2316.849999999663,2316.899999999663,2340.6499999997495,2344.6999999997643,18.100000000000122,36.650000000000055,7.649999999999981,0,17.600000000000115,0.2,0,0.0,35.999999999999986
J000286,2023-02-03/DSET,DSET,AMR_05,G8_13,WS_8_20,"[""112073""]",1,2280.6499999995312,2482.7000000002663,2380.699999999895,2280.6499999995312,2280.6499999995312,2284.699999999546,2370.5999999998585,2370.6499999998587,2380.649999999895,2380.699999999895,2478.6500000002516,2482.7000000002663,18.100000000000122,57.99999999999884,9.55,0,116.19999999999554,0.2,0,0.0,48.000000000000085
J000287,2023-02-03/BLWE,BLWE,AMR_11,G14_13,WS_2_20,"[""111295""]",1,2296.0999999995875,2554.300000000527,2398.2999999999593,2296.0999999995875,2296.0999999995875,2300.149999999602,2388.1999999999225,2388.2499999999227,2398.249999999959,2398.2999999999593,2550.250000000512,2554.300000000527,18.100000000000122,103.74999999999625,13.350000000000055,0,122.79999999999517,0.2,0,0.0,112.0000000000015
J000288,2023-02-03/AMPP,AMPP,AMR_04,G14_14,WS_13_20,"[""113197""]",1,2307.3999999996286,2422.100000000046,2375.749999999877,2307.3999999996286,2307.3999999996286,2311.4499999996433,2365.6499999998405,2365.6999999998407,2375.699999999877,2375.749999999877,2418.050000000031,2422.100000000046,18.100000000000122,45.04999999999958,9.55,0,41.79999999999976,0.2,0,0.0,40.000000000000114
J000289,2023-02-03/BDMC,BDMC,AMR_39,G17_15,WS_19_20,"[""110166"", ""110225"", ""110231"", ""112034"", ""124704"", ""133300""]",7,2310.6999999996406,2401.9499999999725,2378.7999999998883,2310.6999999996406,2328.5499999997055,2332.5999999997202,2368.6999999998516,2368.7499999998518,2378.749999999888,2378.7999999998883,2397.899999999958,2401.9499999999725,18.100000000000122,50.44999999999927,9.5,0,12.950000000000049,0.25,0,14.0,36.0
J000290,2023-02-03/BDMC,BDMC,AMR_21,G23_15,WS_19_20,"[""107328"", ""110232"", ""110419"", ""111307"", ""124210"", ""134027""]",6,2310.6999999996406,2441.5500000001166,2413.1500000000133,2310.6999999996406,2356.8499999998085,2360.899999999823,2403.0499999999765,2403.0999999999767,2413.100000000013,2413.1500000000133,2437.500000000102,2441.5500000001166,18.100000000000122,68.89999999999823,11.450000000000028,0,32.15000000000031,0.25,0,32.0,40.00000000000003
J000291,2023-02-03/BDMC,BDMC,AMR_15,G24_15,WS_19_20,"[""100949"", ""110522"", ""110530"", ""110597"", ""112059""]",5,2310.6999999996406,2431.9000000000815,2396.0999999999513,2310.6999999996406,2351.6999999997897,2355.7499999998045,2385.9999999999145,2386.0499999999147,2396.049999999951,2396.0999999999513,2427.8500000000668,2431.9000000000815,18.100000000000122,80.49999999999757,14.350000000000069,0,7.99999999999998,0.25,0,36.0,44.00000000000003
J000292,2023-02-03/BDMC,BDMC,AMR_34,G15_15,WS_19_20,"[""101290"", ""107238"", ""124211"", ""124702""]",4,2310.6999999996406,2481.4500000002618,2430.2000000000753,2310.6999999996406,2368.549999999851,2372.5999999998658,2420.1000000000386,2420.1500000000387,2430.150000000075,2430.2000000000753,2477.400000000247,2481.4500000002618,18.100000000000122,94.59999999999677,14.300000000000068,0,43.499999999999666,0.25,0,54.00000000000057,44.00000000000003
J000293,2023-02-03/BDMC,BDMC,AMR_36,G15_13,WS_19_20,"[""107293"", ""110346"", ""112363"", ""137523""]",4,2310.6999999996406,2491.3500000002978,2447.2500000001373,2310.6999999996406,2371.9499999998634,2375.999999999878,2437.1500000001006,2437.2000000001008,2447.200000000137,2447.2500000001373,2487.300000000283,2491.3500000002978,18.100000000000122,83.24999999999741,15.300000000000082,0,63.749999999998515,0.25,0,22.0,52.00000000000013
J000294,2023-02-03/BDMC,BDMC,AMR_13,G26_13,WS_19_20,"[""104356"", ""110219"", ""110319"", ""137330""]",4,2310.6999999996406,2564.850000000565,2505.8500000003505,2310.6999999996406,2434.30000000009,2438.350000000105,2495.750000000314,2495.800000000314,2505.8000000003503,2505.8500000003505,2560.8000000005504,2564.850000000565,18.100000000000122,133.79999999999617,19.150000000000137,0,82.84999999999744,0.25,0,86.00000000000128,60.00000000000004
J000295,2023-02-03/BLWE,BLWE,AMR_12,G15_12,WS_2_20,"[""101097""]",1,2313.0999999996493,2647.4500000008657,2557.2500000005375,2313.0999999996493,2332.9999999997217,2337.0499999997364,2547.1500000005008,2547.200000000501,2557.2000000005373,2557.2500000005375,2643.400000000851,2647.4500000008657,18.100000000000122,139.09999999999738,18.150000000000123,0,158.75000000000185,0.25,0,12.0,120.000000000001
J000296,2023-02-03/DSET,DSET,AMR_37,G9_12,WS_8_20,"[""107266""]",1,2316.9499999996633,2497.750000000321,2396.6499999999533,2316.9499999996633,2335.29999999973,2339.349999999745,2386.5499999999165,2386.5999999999167,2396.599999999953,2396.6499999999533,2493.7000000003063,2497.750000000321,18.100000000000122,67.24999999999832,12.400000000000041,0,82.79999999999744,0.25,0,10.0,52.00000000000023
J000297,2023-02-03/AMPP,AMPP,AMR_01,G5_13,WS_13_20,"[""127276""]",1,2324.6499999996913,2475.3000000002394,2423.6500000000515,2324.6499999996913,2328.649999999706,2332.6999999997206,2413.5500000000147,2413.600000000015,2423.6000000000513,2423.6500000000515,2471.2500000002246,2475.3000000002394,18.100000000000122,85.74999999999727,9.5,0,37.05000000000003,0.25,0,2.0,76.00000000000051
J000298,2023-02-03/BLWE,BLWE,AMR_24,G15_8,WS_2_20,"[""115580""]",1,2330.1499999997113,2600.550000000695,2540.2000000004755,2330.1499999997113,2409.800000000001,2413.850000000016,2530.1000000004387,2530.150000000439,2540.1500000004753,2540.2000000004755,2596.5000000006803,2600.550000000695,18.100000000000122,169.60000000000431,21.050000000000164,0,61.39999999999865,0.25,0,58.000000000000725,132.00000000000227
J000299,2023-02-03/DSET,DSET,AMR_19,G23_13,WS_8_20,"[""110137""]",1,2334.149999999726,2788.9000000013802,2566.0500000005695,2334.149999999726,2432.550000000084,2436.6000000000986,2555.950000000533,2556.000000000533,2566.0000000005693,2566.0500000005695,2784.8500000013655,2788.9000000013802,18.100000000000122,180.5500000000068,30.7000000000003,0,225.15000000001695,0.25,0,46.00000000000013,132.0000000000011
J000300,2023-02-03/AMPP,AMPP,AMR_33,G2_13,WS_13_20,"[""107105"", ""110378""]",2,2341.6999999997533,2506.6500000003534,2457.7000000001754,2341.6999999997533,2341.6999999997533,2345.749999999768,2447.6000000001386,2447.650000000139,2457.650000000175,2457.7000000001754,2502.6000000003387,2506.6500000003534,18.100000000000122,88.34999999999712,9.55,0,48.74999999999937,0.2,0,0.0,88.00000000000064
J000301,2023-02-03/BSAR,BSAR,AMR_09,G24_14,WS_25_20,"[""110391"", ""124207"", ""125176""]",3,2347.099999999773,2543.150000000486,2512.7000000003754,2347.099999999773,2442.0500000001184,2446.100000000133,2502.6000000003387,2502.650000000339,2512.6500000003753,2512.7000000003754,2539.1000000004715,2543.150000000486,18.100000000000122,100.79999999999642,16.250000000000096,0,60.64999999999869,0.25,0,60.0000000000002,44.000000000000114
J000302,2023-02-03/BSAR,BSAR,AMR_28,G18_15,WS_25_20,"[""101095"", ""101296"", ""101330""]",3,2347.1999999997734,2455.400000000167,2397.8499999999576,2347.1999999997734,2351.199999999788,2355.2499999998026,2387.749999999921,2387.799999999921,2397.7999999999574,2397.8499999999576,2451.3500000001522,2455.400000000167,18.100000000000122,53.04999999999912,6.649999999999984,0,30.150000000000293,0.25,0,2.0,56.0
J000303,2023-02-03/BSAR,BSAR,AMR_20,G26_7,WS_25_20,"[""110189"", ""124208""]",2,2347.899999999776,2467.0500000002094,2424.350000000054,2347.899999999776,2366.399999999843,2370.449999999858,2414.2500000000173,2414.3000000000175,2424.300000000054,2424.350000000054,2463.0000000001946,2467.0500000002094,18.100000000000122,80.24999999999758,13.400000000000055,0,7.149999999999983,0.25,0,14.0,72.0000000000008
J000304,2023-02-03/BSAR,BSAR,AMR_26,G23_14,WS_25_20,"[""101026""]",1,2349.1999999997806,2566.5500000005713,2528.6500000004335,2349.1999999997806,2467.000000000209,2471.050000000224,2518.5500000003967,2518.600000000397,2528.6000000004333,2528.6500000004335,2562.5000000005566,2566.5500000005713,18.100000000000122,118.34999999999542,19.100000000000136,0,61.54999999999864,0.25,0,82.00000000000131,48.000000000000114
J000305,2023-02-03/BSAR,BSAR,AMR_17,G27_14,WS_25_20,"[""125463""]",1,2357.6499999998114,2515.1500000003844,2480.5000000002583,2357.6499999998114,2438.850000000107,2442.9000000001215,2470.4000000002216,2470.4500000002217,2480.450000000258,2480.5000000002583,2511.1000000003696,2515.1500000003844,18.100000000000122,80.54999999999757,15.300000000000082,0,43.29999999999968,0.25,0,38.000000000000114,48.000000000000114
J000306,2023-02-03/BLWE,BLWE,AMR_10,G2_14,WS_2_20,"[""110220""]",2,2368.599999999851,2545.2000000004937,2523.2000000004136,2368.599999999851,2472.6000000002296,2476.6500000002443,2513.100000000377,2513.150000000377,2523.1500000004135,2523.2000000004136,2541.150000000479,2545.2000000004937,18.100000000000122,104.29999999999622,16.200000000000095,0,37.74999999999999,0.25,0,56.0000000000001,40.000000000000085
J000307,2023-02-03/DSET,DSET,AMR_14,G26_15,WS_8_20,"[""110575""]",1,2373.199999999868,3048.550000002325,2747.55000000123,2373.199999999868,2518.8000000003976,2522.8500000004124,2737.450000001193,2737.5000000011933,2747.5000000012296,2747.55000000123,3044.50000000231,3048.550000002325,18.100000000000122,220.25000000001583,30.6000000000003,0,406.15000000005807,0.25,0,80.00000000000045,136.0000000000002
J000308,2023-02-03/AMPP,AMPP,AMR_16,G9_14,WS_13_20,"[""107377""]",1,2373.3499999998685,2572.200000000592,2542.550000000484,2373.3499999998685,2487.1000000002823,2491.150000000297,2532.4500000004473,2532.5000000004475,2542.500000000484,2542.550000000484,2568.150000000577,2572.200000000592,18.100000000000122,98.04999999999657,14.300000000000068,0,68.14999999999827,0.25,0,52.00000000000031,48.000000000000085
J000309,2023-02-03/DSET,DSET,AMR_23,G27_15,WS_8_20,"[""110582""]",1,2397.5999999999567,2722.250000001138,2549.8500000005106,2397.5999999999567,2434.550000000091,2438.600000000106,2539.750000000474,2539.800000000474,2549.8000000005104,2549.8500000005106,2718.200000001123,2722.250000001138,18.100000000000122,197.55000000001067,24.800000000000217,0,83.94999999999737,0.25,0,34.0,191.99999999999474
J000310,2023-02-03/BLWE,BLWE,AMR_39,G21_14,WS_2_20,"[""123763""]",1,2401.9999999999727,3054.150000002345,2670.65000000095,2401.9999999999727,2479.850000000256,2483.9000000002707,2660.5500000009133,2660.6000000009135,2670.60000000095,2670.65000000095,3050.1000000023305,3054.150000002345,18.100000000000122,209.1500000000133,25.850000000000232,0,398.8000000000564,0.25,0,22.0,195.99999999999616
J000311,2023-02-03/BDMC,BDMC,AMR_31,G21_15,WS_19_20,"[""107412"", ""110254"", ""110299"", ""110385"", ""110531""]",5,2403.3499999999776,2501.900000000336,2468.350000000214,2403.3499999999776,2438.7500000001064,2442.800000000121,2458.2500000001774,2458.3000000001775,2468.300000000214,2468.350000000214,2497.8500000003214,2501.900000000336,18.100000000000122,53.09999999999912,9.600000000000001,0,17.500000000000114,0.25,0,22.0,32.0
J000312,2023-02-03/BSAR,BSAR,AMR_29,G20_14,WS_25_20,"[""110596""]",1,2406.6499999999896,2634.7500000008195,2583.1500000006317,2406.6499999999896,2425.8000000000593,2429.850000000074,2573.050000000595,2573.100000000595,2583.1000000006316,2583.1500000006317,2630.7000000008047,2634.7500000008195,18.100000000000122,74.14999999999793,12.400000000000041,0,123.19999999999514,0.25,0,8.0,60.00000000000004
J000313,2023-02-03/AMPP,AMPP,AMR_38,G17_13,WS_13_20,"[""110541"", ""122632""]",2,2413.1500000000133,2508.50000000036,2474.7500000002374,2413.1500000000133,2428.200000000068,2432.2500000000828,2464.6500000002006,2464.700000000201,2474.700000000237,2474.7500000002374,2504.4500000003454,2508.50000000036,18.100000000000122,60.09999999999872,12.400000000000041,0,4.499999999999992,0.25,0,10.0,48.000000000000426
J000314,2023-02-03/DSET,DSET,AMR_27,G26_12,WS_8_20,"[""111241""]",1,2417.80000000003,3031.000000002261,2731.5000000011714,2417.80000000003,2557.2000000005373,2561.250000000552,2721.4000000011347,2721.450000001135,2731.4500000011712,2731.5000000011714,3026.9500000022463,3031.000000002261,18.100000000000122,249.50000000002248,29.600000000000286,0,315.7500000000375,0.25,0,124.00000000000261,155.99999999999864
J000315,2023-02-03/BLWE,BLWE,AMR_30,G18_12,WS_2_20,"[""101305""]",1,2420.45000000004,2842.5000000015752,2748.3500000012327,2420.45000000004,2424.350000000054,2428.4000000000688,2738.250000001196,2738.300000001196,2748.3000000012325,2748.3500000012327,2838.4500000015605,2842.5000000015752,18.100000000000122,190.45000000000906,27.75000000000026,0,185.50000000000793,0.25,0,2.0,203.99999999999568
J000316,2023-02-03/BDMC,BDMC,AMR_04,G3_15,WS_19_20,"[""110222"", ""112231"", ""112392"", ""127627""]",6,2422.150000000046,2939.1000000019267,2608.500000000724,2422.150000000046,2517.500000000393,2521.5500000004076,2598.400000000687,2598.4500000006874,2608.450000000724,2608.500000000724,2935.050000001912,2939.1000000019267,18.100000000000122,212.45000000001406,40.24999999999985,0,245.90000000002166,0.25,0,52.00000000000023,159.99999999999693
J000317,2023-02-03/BSAR,BSAR,AMR_15,G24_15,WS_25_20,"[""110597""]",1,2431.9500000000817,2520.7000000004045,2496.7500000003174,2431.9500000000817,2431.9500000000817,2436.0000000000964,2486.6500000002807,2486.700000000281,2496.7000000003172,2496.7500000003174,2516.65000000039,2520.7000000004045,18.100000000000122,40.44999999999984,7.649999999999981,0,22.350000000000183,0.2,0,0.0,36.00000000000003
J000318,2023-02-03/AMPP,AMPP,AMR_02,G14_9,WS_13_20,"[""113195""]",1,2436.0000000000964,2567.3500000005743,2523.800000000416,2436.0000000000964,2473.850000000234,2477.900000000249,2513.700000000379,2513.7500000003793,2523.7500000004156,2523.800000000416,2563.3000000005595,2567.3500000005743,18.100000000000122,83.4999999999974,15.300000000000082,0,14.200000000000067,0.25,0,26.0,60.0000000000005
J000319,2023-02-03/DSET,DSET,AMR_21,G18_13,WS_8_20,"[""101180""]",1,2441.600000000117,2842.6000000015756,2644.850000000856,2441.600000000117,2545.2000000004937,2549.2500000005084,2634.7500000008195,2634.8000000008196,2644.800000000856,2644.850000000856,2838.550000001561,2842.6000000015756,18.100000000000122,140.74999999999775,20.05000000000015,0,221.8500000000162,0.25,0,42.00000000000004,84.0000000000006
J000320,2023-02-03/MLP2,MLP2,AMR_40,G14_10,WS_30_20,"[""112308""]",2,2444.2500000001264,2689.90000000102,2540.5000000004766,2444.2500000001264,2444.2500000001264,2448.300000000141,2530.40000000044,2530.45000000044,2540.4500000004764,2540.5000000004766,2685.8500000010054,2689.90000000102,18.100000000000122,104.79999999999619,10.450000000000014,0,112.09999999999577,0.2,0,0.0,112.00000000000063
J000321,2023-02-03/BDMC,BDMC,AMR_25,G20_10,WS_19_20,"[""101281"", ""110497"", ""134916""]",3,2444.3000000001266,2629.5000000008004,2577.15000000061,2444.3000000001266,2508.5500000003603,2512.600000000375,2567.050000000573,2567.1000000005733,2577.1000000006097,2577.15000000061,2625.4500000007856,2629.5000000008004,18.100000000000122,99.79999999999647,14.300000000000068,0,52.74999999999914,0.25,0,44.000000000000014,56.00000000000048
J000322,2023-02-03/AMPP,AMPP,AMR_18,G18_9,WS_13_20,"[""112275""]",1,2447.750000000139,2887.85000000174,2616.9500000007547,2447.750000000139,2517.6500000003934,2521.700000000408,2606.850000000718,2606.900000000718,2616.9000000007545,2616.9500000007547,2883.8000000017255,2887.85000000174,18.100000000000122,136.0999999999967,24.90000000000022,0,260.750000000025,0.25,0,38.00000000000004,88.00000000000037
J000323,2023-02-03/BDMC,BDMC,AMR_28,G18_15,WS_19_20,"[""101095"", ""101296"", ""110475""]",4,2455.450000000167,2584.5000000006366,2536.550000000462,2455.450000000167,2455.450000000167,2459.500000000182,2526.4500000004255,2526.5000000004256,2536.500000000462,2536.550000000462,2580.450000000622,2584.5000000006366,18.100000000000122,40.14999999999986,9.5,0,61.099999999998666,0.2,0,0.0,36.0
J000324,2023-02-03/AMPP,AMPP,AMR_20,G3_13,WS_13_20,"[""107116""]",2,2467.1000000002095,2686.000000001006,2647.1000000008644,2467.1000000002095,2590.3000000006577,2594.3500000006725,2637.0000000008276,2637.050000000828,2647.050000000864,2647.1000000008644,2681.950000000991,2686.000000001006,18.100000000000122,159.10000000000193,21.050000000000164,0,20.400000000000155,0.25,0,114.00000000000269,76.00000000000081
J000325,2023-02-03/BDMC,BDMC,AMR_06,G23_9,WS_19_20,"[""107251"", ""110248"", ""111357""]",3,2469.750000000219,2767.5500000013026,2642.5000000008476,2469.750000000219,2505.9000000003507,2509.9500000003654,2632.400000000811,2632.450000000811,2642.4500000008475,2642.5000000008476,2763.500000001288,2767.5500000013026,18.100000000000122,119.89999999999533,21.050000000000164,0,138.49999999999724,0.25,0,24.0,100.00000000000108
J000326,2023-02-03/AMPP,AMPP,AMR_01,G24_13,WS_13_20,"[""110360""]",1,2475.3500000002396,3383.5000000035434,3309.950000003276,2475.3500000002396,2616.700000000754,2620.7500000007685,3299.850000003239,3299.9000000032393,3309.9000000032756,3309.950000003276,3379.4500000035287,3383.5000000035434,18.100000000000122,272.00000000002757,45.999999999999524,0,571.8000000000277,0.25,0,90.00000000000057,183.9999999999964
J000327,2023-02-03/BLWE,BLWE,AMR_22,G23_15,WS_2_20,"[""107219""]",1,2475.9000000002416,3019.5500000022193,2830.05000000153,2475.9000000002416,2652.1000000008826,2656.1500000008973,2819.950000001493,2820.0000000014934,2830.0000000015298,2830.05000000153,3015.5000000022046,3019.5500000022193,18.100000000000122,196.95000000001053,25.850000000000232,0,302.5000000000345,0.25,0,90.0000000000006,112.00000000000064
J000328,2023-02-03/BSAR,BSAR,AMR_03,G21_13,WS_25_20,"[""101065""]",1,2477.5500000002476,2737.2500000011923,2694.2000000010357,2477.5500000002476,2595.600000000677,2599.6500000006918,2684.100000000999,2684.150000000999,2694.1500000010356,2694.2000000010357,2733.2000000011776,2737.2500000011923,18.100000000000122,97.24999999999662,19.150000000000137,0,124.94999999999504,0.25,0,34.0,52.00000000000013
J000329,2023-02-03/DSET,DSET,AMR_34,G21_5,WS_8_20,"[""112444""]",1,2481.500000000262,3197.600000002867,3102.3000000025204,2481.500000000262,2665.6000000009317,2669.6500000009464,3092.2000000024836,3092.250000002484,3102.25000000252,3102.3000000025204,3193.5500000028524,3197.600000002867,18.100000000000122,298.35000000003356,39.19999999999991,0,360.2000000000476,0.25,0,112.00000000000233,207.9999999999914
J000330,2023-02-03/BDMC,BDMC,AMR_07,G8_15,WS_19_20,"[""101102"", ""112353"", ""131589""]",4,2481.7000000002627,2744.1500000012174,2625.4500000007856,2481.7000000002627,2545.2000000004937,2549.2500000005084,2615.350000000749,2615.400000000749,2625.4000000007854,2625.4500000007856,2740.1000000012027,2744.1500000012174,18.100000000000122,108.099999999996,11.450000000000028,0,124.54999999999507,0.25,0,34.0,72.00000000000034
J000331,2023-02-03/AMPP,AMPP,AMR_05,G6_9,WS_13_20,"[""110328""]",1,2482.7500000002665,2619.500000000764,2570.600000000586,2482.7500000002665,2507.4500000003563,2511.500000000371,2560.5000000005493,2560.5500000005495,2570.550000000586,2570.600000000586,2615.4500000007492,2619.500000000764,18.100000000000122,87.89999999999715,15.300000000000082,0,15.200000000000081,0.25,0,12.0,80.00000000000068
J000332,2023-02-03/BSAR,BSAR,AMR_36,G18_14,WS_25_20,"[""101080""]",1,2491.400000000298,3020.600000002223,2967.7000000020307,2491.400000000298,2653.300000000887,2657.3500000009017,2957.600000001994,2957.650000001994,2967.6500000020305,2967.7000000020307,3016.5500000022084,3020.600000002223,18.100000000000122,210.60000000001364,34.550000000000175,0,265.70000000002614,0.25,0,52.00000000000024,171.99999999999963
J000333,2023-02-03/BSAR,BSAR,AMR_37,G17_15,WS_25_20,"[""111249""]",1,2497.8000000003212,2894.3000000017637,2678.2000000009775,2497.8000000003212,2553.1000000005224,2557.150000000537,2668.100000000941,2668.150000000941,2678.1500000009773,2678.2000000009775,2890.250000001749,2894.3000000017637,18.100000000000122,113.54999999999569,17.20000000000011,0,247.400000000022,0.25,0,26.0,72.0
J000334,2023-02-03/BDMC,BDMC,AMR_31,G17_6,WS_19_20,"[""110450"", ""110512"", ""123310""]",3,2505.9000000003507,2980.5000000020773,2837.700000001558,2505.9000000003507,2602.0500000007005,2606.100000000715,2827.600000001521,2827.650000001521,2837.6500000015576,2837.700000001558,2976.4500000020626,2980.5000000020773,18.100000000000122,153.95000000000076,20.10000000000015,0,282.2000000000299,0.25,0,46.00000000000014,112.00000000000043
J000335,2023-02-03/BSAR,BSAR,AMR_38,G29_9,WS_25_20,"[""121745""]",1,2512.7500000003756,2707.5500000010843,2637.2500000008285,2512.7500000003756,2588.8000000006523,2592.850000000667,2627.150000000792,2627.200000000792,2637.2000000008284,2637.2500000008285,2703.5000000010696,2707.5500000010843,18.100000000000122,98.84999999999653,17.20000000000011,0,60.399999999998705,0.25,0,36.00000000000003,68.00000000000045
J000336,2023-02-03/BLWE,BLWE,AMR_33,G2_13,WS_2_20,"[""107095""]",1,2523.250000000414,2609.1500000007263,2585.8500000006416,2523.250000000414,2523.250000000414,2527.3000000004286,2575.750000000605,2575.800000000605,2585.8000000006414,2585.8500000006416,2605.1000000007116,2609.1500000007263,18.100000000000122,44.09999999999963,7.649999999999981,0,15.85000000000009,0.2,0,0.0,44.000000000000156
J000337,2023-02-03/AMPP,AMPP,AMR_35,G2_12,WS_13_20,"[""107287""]",1,2523.850000000416,2757.3000000012653,2707.450000001084,2523.850000000416,2610.400000000731,2614.4500000007456,2697.350000001047,2697.4000000010474,2707.4000000010838,2707.450000001084,2753.2500000012506,2757.3000000012653,18.100000000000122,133.4999999999961,16.200000000000095,0,65.39999999999843,0.25,0,62.00000000000085,92.00000000000104
J000338,2023-02-03/BSAR,BSAR,AMR_15,G21_15,WS_25_20,"[""110336""]",1,2528.7000000004336,2883.8500000017257,2802.6500000014303,2528.7000000004336,2668.5500000009424,2672.600000000957,2792.5500000013935,2792.6000000013937,2802.60000000143,2802.6500000014303,2879.800000001711,2883.8500000017257,18.100000000000122,73.54999999999797,17.30000000000011,0,245.95000000002167,0.25,0,22.0,44.0
J000339,2023-02-03/BDMC,BDMC,AMR_17,G3_14,WS_19_20,"[""110344"", ""111226"", ""112367""]",3,2536.6000000004624,3234.5000000030013,2767.3000000013017,2536.6000000004624,2619.8500000007652,2623.90000000078,2757.200000001265,2757.250000001265,2767.2500000013015,2767.3000000013017,3230.4500000029866,3234.5000000030013,18.100000000000122,283.0500000000301,34.50000000000018,0,362.00000000004803,0.25,0,96.00000000000166,219.99999999999113
J000340,2023-02-03/MMKA,MMKA,AMR_09,G24_12,WS_30_20,"[""112307""]",1,2543.2000000004864,2700.7000000010594,2627.6000000007934,2543.2000000004864,2571.350000000589,2575.4000000006035,2617.5000000007567,2617.550000000757,2627.5500000007933,2627.6000000007934,2696.6500000010446,2700.7000000010594,18.100000000000122,82.89999999999743,17.20000000000011,0,39.04999999999992,0.25,0,8.0,76.00000000000031
J000341,2023-02-03/BLWE,BLWE,AMR_10,G23_12,WS_2_20,"[""110600""]",1,2545.250000000494,3235.6500000030055,2788.9000000013802,2545.250000000494,2657.450000000902,2661.5000000009168,2778.8000000013435,2778.8500000013437,2788.85000000138,2788.9000000013802,3231.600000002991,3235.6500000030055,18.100000000000122,215.80000000001482,23.900000000000205,0,432.35000000006403,0.25,0,54.00000000000014,168.00000000000102
J000342,2023-02-03/DSET,DSET,AMR_11,G27_14,WS_8_20,"[""101109""]",1,2554.350000000527,3224.1500000029637,3070.550000002405,2554.350000000527,2851.6000000016084,2855.650000001623,3060.450000002368,3060.5000000023683,3070.5000000024047,3070.550000002405,3220.100000002949,3224.1500000029637,18.100000000000122,222.3000000000163,36.35000000000007,0,392.80000000005504,0.25,0,84.00000000000051,120.00000000000063
J000343,2023-02-03/AMPP,AMPP,AMR_08,G21_8,WS_13_20,"[""107314""]",2,2556.500000000535,3068.900000002399,2950.3000000019674,2556.500000000535,2675.250000000967,2679.3000000009815,2940.2000000019307,2940.250000001931,2950.2500000019672,2950.3000000019674,3064.850000002384,3068.900000002399,18.100000000000122,154.90000000000097,16.200000000000095,0,322.95000000003915,0.25,0,56.00000000000024,92.00000000000065
J000344,2023-02-03/BLWE,BLWE,AMR_13,G26_14,WS_2_20,"[""101147""]",1,2564.9000000005653,3059.7000000023654,2813.1000000014683,2564.9000000005653,2569.0000000005803,2573.050000000595,2803.0000000014315,2803.0500000014317,2813.050000001468,2813.1000000014683,3055.6500000023507,3059.7000000023654,18.100000000000122,156.95000000000144,17.100000000000108,0,302.4000000000345,0.25,0,2.0,160.0000000000002
J000345,2023-02-03/DSET,DSET,AMR_26,G2_14,WS_8_20,"[""110220""]",1,2566.6000000005715,2869.5000000016735,2835.1500000015485,2566.6000000005715,2766.7000000012995,2770.750000001314,2825.0500000015118,2825.100000001512,2835.1000000015483,2835.1500000015485,2865.4500000016587,2869.5000000016735,18.100000000000122,159.450000000002,24.95000000000022,0,100.14999999999645,0.25,0,110.00000000000254,64.00000000000034
J000346,2023-02-03/AMPP,AMPP,AMR_02,G21_7,WS_13_20,"[""118539""]",1,2570.6500000005863,2983.0500000020866,2743.6000000012154,2570.6500000005863,2628.4000000007964,2632.450000000811,2733.5000000011787,2733.550000001179,2743.5500000012153,2743.6000000012154,2979.000000002072,2983.0500000020866,18.100000000000122,183.95000000000758,24.90000000000022,0,185.20000000000786,0.25,0,46.000000000000206,163.99999999999832
J000347,2023-02-03/BDMC,BDMC,AMR_16,G14_13,WS_19_20,"[""101185"", ""110289"", ""111295"", ""126308""]",6,2577.20000000061,3029.050000002254,2863.600000001652,2577.20000000061,2608.4000000007236,2612.4500000007383,2853.5000000016153,2853.5500000016154,2863.550000001652,2863.600000001652,3025.000000002239,3029.050000002254,18.100000000000122,179.55000000000658,26.750000000000245,0,227.2000000000174,0.25,0,20.0,160.00000000000045
J000348,2023-02-03/BSAR,BSAR,AMR_28,G14_15,WS_25_20,"[""107130""]",1,2584.550000000637,3053.800000002344,2882.000000001719,2584.550000000637,2623.650000000779,2627.700000000794,2871.900000001682,2871.9500000016824,2881.9500000017188,2882.000000001719,3049.750000002329,3053.800000002344,18.100000000000122,115.29999999999559,17.15000000000011,0,318.45000000003813,0.25,0,12.0,84.0
J000349,2023-02-03/BLWE,BLWE,AMR_24,G26_10,WS_2_20,"[""111345""]",1,2600.600000000695,3248.8500000030535,2980.750000002078,2600.600000000695,2757.200000001265,2761.2500000012797,2970.6500000020415,2970.7000000020416,2980.700000002078,2980.750000002078,3244.800000003039,3248.8500000030535,18.100000000000122,231.35000000001835,32.50000000000029,0,366.05000000004895,0.25,0,70.00000000000037,168.00000000000009
J000350,2023-02-03/BDMC,BDMC,AMR_33,G20_15,WS_19_20,"[""101075"", ""107459"", ""110221"", ""139323""]",5,2609.2000000007265,2761.600000001281,2710.7000000010958,2609.2000000007265,2664.050000000926,2668.100000000941,2700.600000001059,2700.650000001059,2710.6500000010956,2710.7000000010958,2757.550000001266,2761.600000001281,18.100000000000122,84.94999999999732,14.350000000000069,0,34.75000000000016,0.25,0,52.000000000000284,36.00000000000003
J000351,2023-02-03/AMPP,AMPP,AMR_05,G2_9,WS_13_20,"[""123753""]",1,2619.550000000764,2861.700000001645,2813.7000000014705,2619.550000000764,2660.1000000009117,2664.1500000009264,2803.6000000014337,2803.650000001434,2813.6500000014703,2813.7000000014705,2857.6500000016304,2861.700000001645,18.100000000000122,124.99999999999504,15.300000000000082,0,83.4999999999974,0.25,0,40.00000000000014,104.0000000000016
J000352,2023-02-03/PAGU,PAGU,AMR_25,G32_15,WS_30_20,"[""133910""]",1,2629.5500000008005,2941.950000001937,2916.150000001843,2629.5500000008005,2887.80000000174,2891.850000001755,2906.0500000018064,2906.1000000018066,2916.100000001843,2916.150000001843,2937.9000000019223,2941.950000001937,18.100000000000122,119.29999999999536,20.200000000000152,0,154.5500000000009,0.25,0,102.00000000000156,32.0
J000353,2023-02-03/PAGU,PAGU,AMR_29,G21_9,WS_30_20,"[""115785""]",1,2634.8000000008196,2945.800000001951,2752.600000001248,2634.8000000008196,2687.3000000010106,2691.3500000010254,2742.5000000012114,2742.5500000012116,2752.550000001248,2752.600000001248,2941.7500000019363,2945.800000001951,18.100000000000122,139.29999999999742,24.90000000000022,0,128.44999999999496,0.25,0,20.0,128.00000000000117
J000354,2023-02-03/PAGU,PAGU,AMR_12,G6_13,WS_30_20,"[""129726""]",1,2647.500000000866,3155.1000000027125,3037.300000002284,2647.500000000866,2675.350000000967,2679.400000000982,3027.200000002247,3027.2500000022474,3037.2500000022837,3037.300000002284,3151.0500000026977,3155.1000000027125,18.100000000000122,156.00000000000122,18.250000000000124,0,315.00000000003735,0.25,0,24.000000000000014,136.00000000000003
J000355,2023-02-03/BSAR,BSAR,AMR_20,G18_10,WS_25_20,"[""101328""]",1,2686.050000001006,3111.7500000025548,3024.5000000022374,2686.050000001006,2825.650000001514,2829.7000000015287,3014.4000000022006,3014.450000002201,3024.450000002237,3024.5000000022374,3107.70000000254,3111.7500000025548,18.100000000000122,170.60000000000454,26.750000000000245,0,210.0000000000135,0.25,0,64.00000000000034,112.00000000000097
J000356,2023-02-03/BDMC,BDMC,AMR_40,G24_14,WS_19_20,"[""107297"", ""110391"", ""110482""]",4,2689.9500000010203,3183.050000002814,3114.9500000025664,2689.9500000010203,3048.900000002326,3052.950000002341,3104.8500000025297,3104.90000000253,3114.9000000025662,3114.9500000025664,3179.0000000027994,3183.050000002814,18.100000000000122,179.75000000000662,31.600000000000314,0,263.4000000000256,0.25,0,116.00000000000108,56.00000000000003
J000357,2023-02-03/DSET,DSET,AMR_32,G27_13,WS_8_20,"[""107136""]",1,2693.8500000010345,3249.9500000030575,3086.3500000024624,2693.8500000010345,2783.5000000013606,2787.5500000013753,3076.2500000024256,3076.300000002426,3086.300000002462,3086.3500000024624,3245.900000003043,3249.9500000030575,18.100000000000122,155.000000000001,18.100000000000122,0,364.65000000004864,0.25,0,22.0,124.00000000000094
J000358,2023-02-03/BSAR,BSAR,AMR_09,G17_10,WS_25_20,"[""101325""]",1,2700.7500000010596,3431.9500000037197,3374.000000003509,2700.7500000010596,3065.7000000023872,3069.750000002402,3363.900000003472,3363.9500000034723,3373.9500000035086,3374.000000003509,3427.900000003705,3431.9500000037197,18.100000000000122,209.05000000001328,31.650000000000315,0,472.1500000000731,0.25,0,98.00000000000122,116.00000000000031
J000359,2023-02-03/AMPP,AMPP,AMR_38,G20_10,WS_13_20,"[""110552""]",1,2707.6000000010845,3101.0000000025157,2986.450000002099,2707.6000000010845,2787.9000000013766,2791.9500000013913,2976.350000002062,2976.4000000020624,2986.4000000020987,2986.450000002099,3096.950000002501,3101.0000000025157,18.100000000000122,134.94999999999644,24.95000000000022,0,215.15000000001467,0.25,0,44.0,88.00000000000048
J000360,2023-02-03/BDMC,BDMC,AMR_23,G15_14,WS_19_20,"[""101155"", ""110316""]",2,2722.300000001138,3232.0500000029924,3080.8500000024424,2722.300000001138,2979.600000002074,2983.6500000020887,3070.7500000024056,3070.800000002406,3080.800000002442,3080.8500000024424,3228.0000000029777,3232.0500000029924,18.100000000000122,200.70000000001139,42.099999999999746,0,248.60000000002228,0.25,0,106.00000000000031,76.00000000000043
J000361,2023-02-03/BLWE,BLWE,AMR_03,G24_12,WS_2_20,"[""112307""]",1,2737.3000000011925,3140.100000002658,2946.4500000019534,2737.3000000011925,2759.8500000012746,2763.9000000012893,2936.3500000019167,2936.400000001917,2946.4000000019532,2946.4500000019534,3136.050000002643,3140.100000002658,18.100000000000122,186.95000000000826,27.85000000000026,0,169.65000000000433,0.25,0,12.0,199.99999999999443
J000362,2023-02-03/AMPP,AMPP,AMR_07,G27_12,WS_13_20,"[""101045""]",1,2744.2000000012176,3353.9000000034357,3222.4000000029573,2744.2000000012176,3035.150000002276,3039.200000002291,3212.3000000029206,3212.3500000029208,3222.350000002957,3222.4000000029573,3349.850000003421,3353.9000000034357,18.100000000000122,232.0500000000185,33.35000000000024,0,325.95000000003984,0.25,0,80.00000000000026,151.99999999999906
J000363,2023-02-03/DSET,DSET,AMR_35,G27_10,WS_8_20,"[""101116""]",1,2757.3500000012655,3354.1000000034364,3118.2500000025784,2757.3500000012655,2842.950000001577,2847.0000000015916,3108.1500000025417,3108.200000002542,3118.2000000025782,3118.2500000025784,3350.0500000034217,3354.1000000034364,18.100000000000122,206.35000000001267,19.95000000000015,0,352.1000000000458,0.25,0,98.00000000000142,124.000000000001
J000364,2023-02-03/BSAR,BSAR,AMR_33,G11_9,WS_25_20,"[""111289""]",1,2761.650000001281,3510.7500000040063,3417.800000003668,2761.650000001281,3104.2000000025273,3108.250000002542,3407.7000000036314,3407.7500000036316,3417.750000003668,3417.800000003668,3506.7000000039916,3510.7500000040063,18.100000000000122,270.3000000000272,44.99999999999958,0,415.4500000000602,0.25,0,110.00000000000074,151.9999999999988
J000365,2023-02-03/BDMC,BDMC,AMR_06,G17_12,WS_19_20,"[""110169"", ""110313""]",2,2767.6000000013028,3232.800000002995,3063.8000000023803,2767.6000000013028,2798.1000000014137,2802.1500000014285,3053.7000000023436,3053.7500000023438,3063.75000000238,3063.8000000023803,3228.7500000029804,3232.800000002995,18.100000000000122,202.9000000000119,35.55000000000012,0,208.40000000001314,0.25,0,18.0,192.0000000000004
J000366,2023-02-03/BLWE,BLWE,AMR_19,G21_12,WS_2_20,"[""101022""]",1,2788.9500000013804,3322.350000003321,2963.700000002016,2788.9500000013804,2801.9000000014275,2805.9500000014423,2953.6000000019794,2953.6500000019796,2963.650000002016,2963.700000002016,3318.300000003306,3322.350000003321,18.100000000000122,138.04999999999714,18.150000000000123,0,358.8500000000473,0.25,0,6.0,132.00000000000097
J000367,2023-02-03/BLWE,BLWE,AMR_30,G30_15,WS_2_20,"[""110439""]",1,2842.5500000015754,3389.8000000035663,3220.0000000029486,2842.5500000015754,3026.9500000022463,3031.000000002261,3209.900000002912,3209.950000002912,3219.9500000029484,3220.0000000029486,3385.7500000035516,3389.8000000035663,18.100000000000122,216.1500000000149,22.95000000000019,0,289.8000000000316,0.25,0,102.00000000000156,136.00000000000102
J000368,2023-02-03/AMPP,AMPP,AMR_21,G29_13,WS_13_20,"[""131642""]",1,2842.650000001576,3568.600000004217,3389.0500000035636,2842.650000001576,3055.9000000023516,3059.9500000023663,3378.950000003527,3379.000000003527,3389.0000000035634,3389.0500000035636,3564.550000004202,3568.600000004217,18.100000000000122,230.50000000001816,36.300000000000075,0,440.80000000006595,0.25,0,70.00000000000045,159.99999999999844
J000369,2023-02-03/DSET,DSET,AMR_05,G30_14,WS_8_20,"[""110527""]",2,2861.7500000016453,3985.150000005732,3710.6500000047336,2861.7500000016453,3400.650000003606,3404.7000000036205,3700.550000004697,3700.600000004697,3710.6000000047334,3710.6500000047336,3981.1000000057174,3985.150000005732,18.100000000000122,336.3000000000422,45.84999999999953,0,722.8999999998903,0.25,0,165.99999999999685,175.99999999999588
J000370,2023-02-03/PAGU,PAGU,AMR_26,G2_14,WS_30_20,"[""110351""]",1,2869.5500000016737,3379.6500000035294,3054.4500000023463,2869.5500000016737,2869.5500000016737,2873.6000000016884,3044.3500000023096,3044.4000000023098,3054.400000002346,3054.4500000023463,3375.6000000035147,3379.6500000035294,18.100000000000122,155.40000000000109,13.350000000000055,0,323.0500000000392,0.2,0,0.0,163.99999999999613
J000371,2023-02-03/BDMC,BDMC,AMR_15,G18_12,WS_19_20,"[""101305"", ""110526""]",2,2883.900000001726,3102.20000000252,3029.7000000022563,2883.900000001726,2921.300000001862,2925.3500000018767,3019.6000000022195,3019.6500000022197,3029.650000002256,3029.7000000022563,3098.1500000025053,3102.20000000252,18.100000000000122,87.24999999999719,18.200000000000124,0,94.49999999999677,0.25,0,16.0,64.00000000000021
J000372,2023-02-03/BSAR,BSAR,AMR_18,G3_13,WS_25_20,"[""125462""]",1,2887.9000000017404,3309.6000000032745,3198.45000000287,2887.9000000017404,2959.250000002,2963.3000000020147,3188.3500000028334,3188.4000000028336,3198.40000000287,3198.45000000287,3305.55000000326,3309.6000000032745,18.100000000000122,190.90000000000916,23.050000000000193,0,189.40000000000882,0.25,0,70.00000000000146,143.99999999999955
J000373,2023-02-03/BLWE,BLWE,AMR_37,G30_13,WS_2_20,"[""112444""]",1,2894.350000001764,3465.4500000038415,3360.6500000034603,2894.350000001764,3132.700000002631,3136.7500000026457,3350.5500000034235,3350.6000000034237,3360.60000000346,3360.6500000034603,3461.400000003827,3465.4500000038415,18.100000000000122,297.00000000003325,35.30000000000013,0,220.45000000001588,0.25,0,98.00000000000097,247.99999999998747
J000374,2023-02-03/BDMC,BDMC,AMR_04,G5_15,WS_19_20,"[""110453"", ""110533""]",2,2939.150000001927,3097.550000002503,3046.7500000023183,2939.150000001927,2945.55000000195,2949.600000001965,3036.6500000022816,3036.7000000022817,3046.700000002318,3046.7500000023183,3093.5000000024884,3097.550000002503,18.100000000000122,85.04999999999731,8.599999999999987,0,46.3999999999995,0.25,0,4.0,84.00000000000097
J000375,2023-02-03/AMPP,AMPP,AMR_25,G30_12,WS_13_20,"[""107443""]",1,2942.000000001937,3251.150000003062,3081.900000002446,2942.000000001937,2957.300000001993,2961.3500000020076,3071.8000000024094,3071.8500000024096,3081.850000002446,3081.900000002446,3247.100000003047,3251.150000003062,18.100000000000122,151.15000000000012,18.150000000000123,0,121.49999999999524,0.25,0,10.0,155.99999999999793
J000376,2023-02-03/DSET,DSET,AMR_29,G32_14,WS_8_20,"[""112450""]",1,2945.8500000019512,3508.6500000039987,3422.450000003685,2945.8500000019512,3071.7500000024093,3075.800000002424,3412.3500000036483,3412.4000000036485,3422.400000003685,3422.450000003685,3504.600000003984,3508.6500000039987,18.100000000000122,202.75000000001185,32.50000000000029,0,309.200000000036,0.25,0,52.000000000000114,151.99999999999832
J000377,2023-02-03/BLWE,BLWE,AMR_31,G32_15,WS_2_20,"[""101066""]",1,2980.5500000020775,3392.3000000035754,3298.950000003236,2980.5500000020775,3060.95000000237,3065.0000000023847,3288.850000003199,3288.9000000031992,3298.9000000032356,3298.950000003236,3388.2500000035607,3392.3000000035754,18.100000000000122,234.00000000001896,20.00000000000015,0,139.39999999999745,0.25,0,76.00000000000071,195.99999999999528
J000378,2023-02-03/BSAR,BSAR,AMR_02,G2_10,WS_25_20,"[""111258""]",1,2983.1000000020867,3324.250000003328,3214.5000000029286,2983.1000000020867,3042.250000002302,3046.3000000023167,3204.400000002892,3204.450000002892,3214.4500000029284,3214.5000000029286,3320.200000003313,3324.250000003328,18.100000000000122,198.65000000001092,22.000000000000178,0,102.14999999999634,0.25,0,68.00000000000126,159.99999999999687
J000379,2023-02-03/BDMC,BDMC,AMR_22,G6_12,WS_19_20,"[""107450"", ""113119""]",2,3019.6000000022195,3551.1500000041533,3444.950000003767,3019.6000000022195,3307.6500000032675,3311.700000003282,3434.85000000373,3434.9000000037304,3444.9000000037668,3444.950000003767,3547.1000000041386,3551.1500000041533,18.100000000000122,224.15000000001672,27.70000000000026,0,261.35000000002515,0.25,0,136.00000000000168,92.00000000000088
J000380,2023-02-03/BDMC,BDMC,AMR_36,G18_14,WS_19_20,"[""107317"", ""110504""]",3,3029.7500000022565,3126.2000000026073,3097.9000000025044,3029.7500000022565,3029.7500000022565,3033.800000002271,3087.8000000024676,3087.850000002468,3097.850000002504,3097.9000000025044,3122.1500000025926,3126.2000000026073,18.100000000000122,44.84999999999959,9.55,0,23.750000000000203,0.2,0,0.0,40.000000000000114
J000381,2023-02-03/BLWE,BLWE,AMR_27,G26_12,WS_2_20,"[""101073""]",1,3031.050000002261,3336.6000000033728,3203.1500000028873,3031.050000002261,3031.050000002261,3035.100000002276,3193.0500000028505,3193.1000000028507,3203.100000002887,3203.1500000028873,3332.550000003358,3336.6000000033728,18.100000000000122,128.84999999999505,15.300000000000082,0,143.0999999999983,0.2,0,0.0,144.0000000000001
J000382,2023-02-03/BSAR,BSAR,AMR_16,G23_15,WS_25_20,"[""124210""]",1,3038.650000002289,3454.7500000038026,3433.950000003727,3038.650000002289,3384.7000000035478,3388.7500000035625,3423.85000000369,3423.9000000036904,3433.9000000037267,3433.950000003727,3450.700000003788,3454.7500000038026,18.100000000000122,94.99999999999675,16.300000000000097,0,286.45000000003085,0.25,0,50.0,36.00000000000003
J000383,2023-02-03/BLWE,BLWE,AMR_14,G26_15,WS_2_20,"[""110575""]",1,3048.600000002325,3342.950000003396,3181.350000002808,3048.600000002325,3048.600000002325,3052.6500000023398,3171.2500000027712,3171.3000000027714,3181.300000002808,3181.350000002808,3338.900000003381,3342.950000003396,18.100000000000122,112.99999999999572,6.649999999999984,0,156.4000000000013,0.2,0,0.0,120.00000000000138
J000384,2023-02-03/BDMC,BDMC,AMR_28,G14_15,WS_19_20,"[""111228"", ""112045""]",2,3053.850000002344,3516.2500000040263,3410.850000003643,3053.850000002344,3053.850000002344,3057.900000002359,3400.750000003606,3400.8000000036063,3410.8000000036427,3410.850000003643,3512.2000000040116,3516.2500000040263,18.100000000000122,110.64999999999586,17.15000000000011,0,316.30000000003764,0.2,0,0.0,100.00000000000026
J000385,2023-02-03/PAGU,PAGU,AMR_13,G26_14,WS_30_20,"[""101177""]",1,3059.7500000023656,3176.2500000027894,3112.600000002558,3059.7500000023656,3059.7500000023656,3063.8000000023803,3102.500000002521,3102.5500000025213,3112.5500000025577,3112.600000002558,3172.2000000027747,3176.2500000027894,18.100000000000122,55.249999999999,9.55,0,33.40000000000024,0.2,0,0.0,56.00000000000004
J000386,2023-02-03/BDMC,BDMC,AMR_39,G21_14,WS_19_20,"[""107280"", ""112279"", ""112334""]",3,3063.8500000023805,3280.050000003167,3132.0000000026284,3063.8500000023805,3063.8500000023805,3067.9000000023952,3121.9000000025917,3121.950000002592,3131.9500000026283,3132.0000000026284,3276.0000000031523,3280.050000003167,18.100000000000122,56.44999999999893,11.450000000000028,0,129.9999999999953,0.2,0,0.0,48.00000000000004
J000387,2023-02-03/BDMC,BDMC,AMR_08,G8_8,WS_19_20,"[""110432"", ""111362""]",2,3080.9000000024425,3545.7000000041335,3427.900000003705,3080.9000000024425,3135.400000002641,3139.4500000026555,3417.800000003668,3417.8500000036684,3427.8500000037047,3427.900000003705,3541.6500000041187,3545.7000000041335,18.100000000000122,164.3000000000031,21.050000000000164,0,261.1000000000251,0.25,0,54.00000000000071,120.0000000000012
J000388,2023-02-03/BDMC,BDMC,AMR_04,G2_15,WS_19_20,"[""107301"", ""115355""]",2,3097.9500000025046,3545.550000004133,3393.800000003581,3097.9500000025046,3115.100000002567,3119.1500000025817,3383.700000003544,3383.7500000035443,3393.7500000035807,3393.800000003581,3541.500000004118,3545.550000004133,18.100000000000122,130.3999999999954,21.000000000000163,0,277.8500000000289,0.25,0,10.0,112.00000000000091
J000389,2023-02-03/PANJ,PANJ,AMR_15,G15_13,WS_30_20,"[""101193"", ""107272"", ""107293"", ""110301"", ""112302"", ""121875""]",7,3112.650000002558,3661.5000000045547,3456.500000003809,3112.650000002558,3261.0000000030977,3265.0500000031125,3446.400000003772,3446.4500000037724,3456.450000003809,3456.500000003809,3657.45000000454,3661.5000000045547,18.100000000000122,160.7000000000023,26.750000000000245,0,343.0500000000437,0.25,0,24.0,135.9999999999995
J000390,2023-02-03/PANJ,PANJ,AMR_20,G0_15,WS_30_20,"[""110166"", ""110231"", ""110475"", ""110592"", ""121833"", ""124704""]",6,3112.650000002558,3631.600000004446,3422.400000003685,3112.650000002558,3237.200000003011,3241.250000003026,3412.300000003648,3412.3500000036483,3422.3500000036847,3422.400000003685,3627.5500000044312,3631.600000004446,18.100000000000122,257.1500000000242,22.85000000000019,0,220.6000000000159,0.25,0,82.00000000000195,203.99999999999545
J000391,2023-02-03/PANJ,PANJ,AMR_38,G14_13,WS_30_20,"[""101185"", ""110289"", ""111295"", ""112208"", ""117415""]",5,3112.650000002558,4175.750000006426,3490.600000003933,3112.650000002558,3305.300000003259,3309.3500000032736,3480.5000000038963,3480.5500000038965,3490.550000003933,3490.600000003933,4171.700000006411,4175.750000006426,18.100000000000122,270.8000000000273,43.99999999999964,0,729.9499999998839,0.25,0,38.00000000000004,223.9999999999916
J000392,2023-02-03/PANJ,PANJ,AMR_36,G23_14,WS_30_20,"[""110252"", ""110433"", ""125639"", ""132279""]",4,3126.2500000026075,3431.7000000037187,3354.750000003439,3126.2500000026075,3282.7000000031767,3286.7500000031914,3344.650000003402,3344.7000000034022,3354.7000000034386,3354.750000003439,3427.650000003704,3431.7000000037187,18.100000000000122,92.2499999999969,15.300000000000082,0,179.55000000000658,0.25,0,22.0,68.00000000000014
J000393,2023-02-03/BDMC,BDMC,AMR_03,G17_14,WS_19_20,"[""101191""]",1,3140.150000002658,3595.650000004315,3468.050000003851,3140.150000002658,3293.9500000032176,3298.0000000032323,3457.9500000038142,3458.0000000038144,3468.000000003851,3468.050000003851,3591.6000000043005,3595.650000004315,18.100000000000122,151.0500000000001,23.950000000000205,0,262.15000000002533,0.25,0,94.00000000000165,52.00000000000004
J000394,2023-02-03/PANJ,PANJ,AMR_12,G17_6,WS_30_20,"[""110450"", ""111237"", ""123310"", ""134027""]",5,3155.1500000027127,3400.100000003604,3337.8500000033773,3155.1500000027127,3240.1000000030217,3244.1500000030364,3327.7500000033406,3327.8000000033408,3337.800000003377,3337.8500000033773,3396.050000003589,3400.100000003604,18.100000000000122,181.0000000000069,24.850000000000218,0,20.75000000000016,0.25,0,68.00000000000105,147.99999999999918
J000395,2023-02-03/BDMC,BDMC,AMR_13,G14_14,WS_19_20,"[""111372""]",1,3176.3000000027896,4204.200000006529,3876.250000005336,3176.3000000027896,3474.150000003873,3478.200000003888,3866.1500000052993,3866.2000000052994,3876.200000005336,3876.250000005336,4200.150000006514,4204.200000006529,18.100000000000122,297.95000000003347,49.64999999999932,0,661.9499999999457,0.25,0,76.00000000000009,199.9999999999975
J000396,2023-02-03/DSET,DSET,AMR_40,G24_14,WS_8_20,"[""125176""]",1,3183.1000000028143,3454.600000003802,3358.350000003452,3183.1000000028143,3183.1000000028143,3187.150000002829,3348.250000003415,3348.3000000034153,3358.3000000034517,3358.350000003452,3450.5500000037873,3454.600000003802,18.100000000000122,127.24999999999491,17.15000000000011,0,108.79999999999596,0.2,0,0.0,132.00000000000105
J000397,2023-02-03/PANJ,PANJ,AMR_34,G3_15,WS_30_20,"[""101024"", ""110222"", ""110615"", ""112231""]",6,3197.6500000028673,3630.250000004441,3439.450000003747,3197.6500000028673,3282.750000003177,3286.8000000031916,3429.35000000371,3429.4000000037104,3439.4000000037468,3439.450000003747,3626.2000000044263,3630.250000004441,18.100000000000122,206.40000000001268,21.950000000000177,0,185.90000000000802,0.25,0,68.00000000000138,155.9999999999963
J000398,2023-02-03/PANJ,PANJ,AMR_11,G26_14,WS_30_20,"[""101147"", ""101177"", ""110511""]",3,3337.9000000033775,3422.6000000036856,3388.400000003561,3337.9000000033775,3340.800000003388,3344.850000003403,3378.3000000035245,3378.3500000035247,3388.350000003561,3388.400000003561,3418.550000003671,3422.6000000036856,18.100000000000122,55.04999999999901,7.599999999999981,0,3.699999999999995,0.25,0,2.0,56.00000000000004
J000399,2023-02-03/PANJ,PANJ,AMR_14,G26_15,WS_30_20,"[""110286"", ""110575"", ""112017"", ""112331""]",4,3354.800000003439,3435.300000003732,3405.350000003623,3354.800000003439,3354.800000003439,3358.8500000034537,3395.250000003586,3395.3000000035863,3405.3000000036227,3405.350000003623,3431.250000003717,3435.300000003732,18.100000000000122,43.849999999999646,7.649999999999981,0,10.700000000000017,0.2,0,0.0,44.0
J000400,2023-02-03/KBES,KBES,AMR_32,G27_14,WS_2_20,"[""107285""]",1,3360.7000000034604,3642.900000004487,3456.4000000038086,3360.7000000034604,3364.8500000034755,3368.9000000034903,3446.300000003772,3446.350000003772,3456.3500000038084,3456.4000000038086,3638.8500000044723,3642.900000004487,18.100000000000122,160.00000000000213,17.15000000000011,0,86.69999999999722,0.25,0,2.0,191.99999999999423
J000401,2023-02-03/PANJ,PANJ,AMR_01,G24_15,WS_30_20,"[""100949"", ""110530"", ""110555""]",4,3388.4500000035614,3504.1500000039823,3473.550000003871,3388.4500000035614,3402.950000003614,3407.000000003629,3463.4500000038342,3463.5000000038344,3473.500000003871,3473.550000003871,3500.1000000039676,3504.1500000039823,18.100000000000122,64.1499999999985,11.450000000000028,0,21.750000000000174,0.25,0,8.0,52.0
J000402,2023-02-03/BKAG,BKAG,AMR_25,G30_9,WS_13_20,"[""110221"", ""111212"", ""111391"", ""120450"", ""123310""]",5,3389.1000000035638,3726.20000000479,3535.700000004097,3389.1000000035638,3406.250000003626,3410.300000003641,3525.6000000040603,3525.6500000040605,3535.650000004097,3535.700000004097,3722.1500000047754,3726.20000000479,18.100000000000122,145.44999999999882,21.000000000000163,0,152.30000000000038,0.25,0,10.0,132.00000000000009
J000403,2023-02-03/BKAG,BKAG,AMR_02,G8_14,WS_13_20,"[""110215"", ""110412"", ""111348"", ""135158""]",4,3389.1000000035638,3579.050000004255,3501.600000003973,3389.1000000035638,3414.150000003655,3418.2000000036696,3491.5000000039363,3491.5500000039365,3501.550000003973,3501.600000003973,3575.00000000424,3579.050000004255,18.100000000000122,83.5999999999974,14.350000000000069,0,73.64999999999796,0.25,0,19.999999999999986,60.00000000000033
J000404,2023-02-03/BKAG,BKAG,AMR_06,G18_14,WS_13_20,"[""107317"", ""110285"", ""110594""]",3,3389.1000000035638,3584.000000004273,3467.500000003849,3389.1000000035638,3411.650000003646,3415.7000000036605,3457.4000000038122,3457.4500000038124,3467.450000003849,3467.500000003849,3579.950000004258,3584.000000004273,18.100000000000122,87.89999999999715,18.150000000000123,0,70.49999999999814,0.25,0,14.0,72.0000000000006
J000405,2023-02-03/BKAG,BKAG,AMR_39,G20_15,WS_13_20,"[""107459"", ""112010"", ""136998""]",3,3389.1000000035638,3593.900000004309,3450.4000000037868,3389.1000000035638,3408.6000000036347,3412.6500000036494,3440.30000000375,3440.35000000375,3450.3500000037866,3450.4000000037868,3589.850000004294,3593.900000004309,18.100000000000122,68.39999999999826,14.350000000000069,0,103.69999999999625,0.25,0,12.0,52.00000000000013
J000406,2023-02-03/BKAG,BKAG,AMR_19,G14_10,WS_13_20,"[""110523"", ""111356"", ""135096""]",3,3389.1000000035638,3579.900000004258,3518.650000004035,3389.1000000035638,3426.250000003699,3430.3000000037136,3508.5500000039983,3508.6000000039985,3518.600000004035,3518.650000004035,3575.850000004243,3579.900000004258,18.100000000000122,80.69999999999756,14.300000000000068,0,77.44999999999774,0.25,0,22.0,56.00000000000048
J000407,2023-02-03/BKAG,BKAG,AMR_10,G20_12,WS_13_20,"[""101085"", ""107327"", ""110134""]",3,3389.1000000035638,3661.800000004556,3484.550000003911,3389.1000000035638,3410.550000003642,3414.6000000036565,3474.4500000038743,3474.5000000038744,3484.500000003911,3484.550000003911,3657.750000004541,3661.800000004556,18.100000000000122,93.39999999999684,15.200000000000081,0,145.7499999999989,0.25,0,10.0,72.0000000000002
J000408,2023-02-03/BDMC,BDMC,AMR_30,G30_15,WS_19_20,"[""110536"", ""112319""]",2,3393.850000003581,3780.4500000049875,3504.900000003985,3393.850000003581,3393.850000003581,3397.900000003596,3494.8000000039483,3494.8500000039485,3504.850000003985,3504.900000003985,3776.4000000049728,3780.4500000049875,18.100000000000122,115.89999999999556,24.850000000000218,0,227.5500000000175,0.2,0,0.0,95.99999999999997
J000409,2023-02-03/PANJ,PANJ,AMR_24,G21_14,WS_30_20,"[""107250"", ""110224"", ""112279""]",4,3405.400000003623,3747.4000000048673,3507.650000003995,3405.400000003623,3434.200000003728,3438.2500000037426,3497.5500000039583,3497.6000000039585,3507.600000003995,3507.650000003995,3743.3500000048525,3747.4000000048673,18.100000000000122,112.94999999999573,19.050000000000136,0,191.65000000000933,0.25,0,18.0,96.00000000000006
J000410,2023-02-03/BDMC,BDMC,AMR_35,G26_10,WS_19_20,"[""110462"", ""111325""]",2,3410.900000003643,3707.5500000047223,3521.950000004047,3410.900000003643,3414.9000000036576,3418.9500000036724,3511.8500000040103,3511.9000000040105,3521.900000004047,3521.950000004047,3703.5000000047075,3707.5500000047223,18.100000000000122,78.64999999999768,11.400000000000027,0,188.25000000000855,0.25,0,2.0,76.00000000000031
J000411,2023-02-03/PANJ,PANJ,AMR_23,G20_14,WS_30_20,"[""110186"", ""110499"", ""112287""]",3,3422.450000003685,4300.950000006881,4117.600000006214,3422.450000003685,3608.800000004363,3612.8500000043778,4107.500000006177,4107.5500000061775,4117.550000006214,4117.600000006214,4296.900000006866,4300.950000006881,18.100000000000122,214.90000000001461,40.24999999999985,0,604.9999999999975,0.25,0,98.00000000000185,108.0
J000412,2023-02-03/BDMC,BDMC,AMR_27,G21_12,WS_19_20,"[""101022""]",1,3427.950000003705,3708.800000004727,3539.000000004109,3427.950000003705,3448.4500000037797,3452.5000000037944,3528.9000000040724,3528.9500000040725,3538.950000004109,3539.000000004109,3704.750000004712,3708.800000004727,18.100000000000122,70.74999999999812,12.400000000000041,0,179.35000000000653,0.25,0,14.0,52.0000000000003
J000413,2023-02-03/BURM,BURM,AMR_09,G17_15,WS_25_20,"[""110225"", ""112034"", ""112056"", ""124704""]",6,3434.000000003727,4216.900000006575,4116.50000000621,3434.000000003727,3491.400000003936,3495.4500000039507,4106.400000006173,4106.4500000061735,4116.45000000621,4116.50000000621,4212.850000006561,4216.900000006575,18.100000000000122,158.5000000000018,32.50000000000029,0,573.5500000000261,0.25,0,14.0,135.99999999999937
J000414,2023-02-03/BURM,BURM,AMR_07,G18_12,WS_25_20,"[""110486"", ""110526"", ""112386"", ""125183""]",4,3434.000000003727,3709.950000004731,3532.400000004085,3434.000000003727,3461.500000003827,3465.550000003842,3522.3000000040483,3522.3500000040485,3532.350000004085,3532.400000004085,3705.9000000047163,3709.950000004731,18.100000000000122,91.44999999999695,13.350000000000055,0,152.8000000000005,0.25,0,22.0,68.00000000000014
J000415,2023-02-03/BURM,BURM,AMR_11,G26_14,WS_25_20,"[""101147"", ""110267"", ""110511""]",3,3434.000000003727,3528.750000004072,3498.4000000039614,3434.000000003727,3434.000000003727,3438.050000003742,3488.3000000039247,3488.350000003925,3498.350000003961,3498.4000000039614,3524.700000004057,3528.750000004072,18.100000000000122,45.999999999999524,9.55,0,20.900000000000162,0.2,0,0.0,44.000000000000114
J000416,2023-02-03/BURM,BURM,AMR_36,G18_15,WS_25_20,"[""101296"", ""110475"", ""112288""]",3,3434.000000003727,3674.750000004603,3516.650000004028,3434.000000003727,3466.900000003847,3470.9500000038615,3506.550000003991,3506.600000003991,3516.6000000040276,3516.650000004028,3670.700000004588,3674.750000004603,18.100000000000122,84.24999999999736,16.200000000000095,0,121.94999999999521,0.25,0,16.0,60.0
J000417,2023-02-03/BURM,BURM,AMR_12,G20_13,WS_25_20,"[""101015"", ""107263"", ""110501""]",4,3434.000000003727,3713.250000004743,3548.350000004143,3434.000000003727,3474.2000000038734,3478.250000003888,3538.2500000041064,3538.3000000041066,3548.300000004143,3548.350000004143,3709.2000000047283,3713.250000004743,18.100000000000122,92.69999999999688,15.300000000000082,0,152.90000000000052,0.25,0,24.0,64.00000000000004
J000418,2023-02-03/BURM,BURM,AMR_31,G20_10,WS_25_20,"[""101096"", ""110394"", ""110497""]",4,3434.000000003727,3753.950000004891,3575.00000000424,3434.000000003727,3508.450000003998,3512.5000000040127,3564.9000000042033,3564.9500000042035,3574.95000000424,3575.00000000424,3749.9000000048763,3753.950000004891,18.100000000000122,110.54999999999586,15.250000000000082,0,175.80000000000572,0.25,0,38.0,72.00000000000034
J000419,2023-02-03/PANJ,PANJ,AMR_14,G15_6,WS_30_20,"[""110299"", ""110336"", ""129530""]",3,3439.500000003747,3772.5000000049586,3601.5500000043367,3439.500000003747,3493.7500000039445,3497.800000003959,3591.4500000043,3591.5000000043,3601.5000000043365,3601.5500000043367,3768.450000004944,3772.5000000049586,18.100000000000122,199.35000000001108,23.800000000000203,0,91.49999999999694,0.25,0,52.00000000000013,187.99999999999312
J000420,2023-02-03/BDMC,BDMC,AMR_18,G17_10,WS_19_20,"[""111988"", ""125185""]",2,3445.000000003767,3710.550000004733,3576.400000004245,3445.000000003767,3483.8000000039083,3487.850000003923,3566.3000000042084,3566.3500000042086,3576.350000004245,3576.400000004245,3706.5000000047185,3710.550000004733,18.100000000000122,107.79999999999602,18.150000000000123,0,121.24999999999525,0.25,0,34.0,76.00000000000034
J000421,2023-02-03/BKAG,BKAG,AMR_17,G17_9,WS_13_20,"[""107176"", ""112003"", ""118513""]",3,3450.450000003787,3640.650000004479,3581.000000004262,3450.450000003787,3522.9500000040507,3527.0000000040654,3570.900000004225,3570.9500000042253,3580.9500000042617,3581.000000004262,3636.600000004464,3640.650000004479,18.100000000000122,112.04999999999578,21.000000000000163,0,38.79999999999993,0.25,0,50.00000000000037,64.00000000000057
J000422,2023-02-03/KJRH,KJRH,AMR_16,G12_7,WS_2_20,"[""101296"", ""101330"", ""110148"", ""110595"", ""123305""]",5,3456.450000003809,3694.800000004676,3642.4000000044853,3456.450000003809,3553.9000000041633,3557.950000004178,3632.3000000044485,3632.3500000044487,3642.350000004485,3642.4000000044853,3690.750000004661,3694.800000004676,18.100000000000122,146.54999999999907,16.200000000000095,0,57.249999999998884,0.25,0,54.000000000000455,120.00000000000261
J000423,2023-02-03/KJRH,KJRH,AMR_40,G17_6,WS_2_20,"[""101135"", ""110390"", ""110450"", ""111238"", ""123310""]",5,3456.450000003809,3699.6500000046935,3625.3500000044232,3456.450000003809,3532.950000004087,3537.000000004102,3615.2500000043865,3615.3000000043867,3625.300000004423,3625.3500000044232,3695.600000004679,3699.6500000046935,18.100000000000122,161.00000000000236,19.100000000000136,0,44.749999999999595,0.25,0,50.00000000000013,132.0000000000026
J000424,2023-02-03/KJRH,KJRH,AMR_26,G15_12,WS_2_20,"[""101061"", ""101097"", ""110382"", ""110401""]",4,3456.450000003809,3674.250000004601,3608.250000004361,3456.450000003809,3493.7000000039443,3497.750000003959,3598.1500000043243,3598.2000000043245,3608.200000004361,3608.250000004361,3670.2000000045864,3674.250000004601,18.100000000000122,127.4499999999949,18.100000000000122,0,53.899999999999075,0.25,0,38.00000000000007,100.00000000000159
J000425,2023-02-03/KJRH,KJRH,AMR_37,G29_9,WS_2_20,"[""112009"", ""112435"", ""120049"", ""121745""]",5,3465.5000000038417,3684.4500000046382,3587.850000004287,3465.5000000038417,3491.650000003937,3495.7000000039516,3577.75000000425,3577.8000000042503,3587.8000000042866,3587.850000004287,3680.4000000046235,3684.4500000046382,18.100000000000122,164.6500000000032,19.150000000000137,0,16.800000000000104,0.25,0,18.0,183.99999999999656
J000426,2023-02-03/PANJ,PANJ,AMR_01,G24_14,WS_30_20,"[""110391"", ""112036"", ""112452""]",3,3504.2000000039825,3664.650000004566,3632.200000004448,3504.2000000039825,3508.400000003998,3512.4500000040125,3622.1000000044114,3622.1500000044116,3632.150000004448,3632.200000004448,3660.6000000045515,3664.650000004566,18.100000000000122,56.24999999999894,9.5,0,76.3499999999978,0.25,0,2.0,56.00000000000004
J000427,2023-02-03/BKAG,BKAG,AMR_29,G24_13,WS_13_20,"[""110360"", ""112084"", ""125194""]",3,3508.700000003999,4347.950000007052,4197.900000006506,3508.700000003999,3540.400000004114,3544.450000004129,4187.800000006469,4187.85000000647,4197.850000006506,4197.900000006506,4343.900000007037,4347.950000007052,18.100000000000122,174.3500000000054,28.650000000000272,0,617.8999999999858,0.25,0,26.0,132.00000000000009
J000428,2023-02-03/PANJ,PANJ,AMR_33,G23_15,WS_30_20,"[""111307"", ""124210"", ""124478""]",3,3510.8000000040065,3746.1500000048627,3679.45000000462,3510.8000000040065,3575.4000000042415,3579.4500000042563,3669.3500000045833,3669.4000000045835,3679.40000000462,3679.45000000462,3742.100000004848,3746.1500000048627,18.100000000000122,122.49999999999518,20.10000000000015,0,74.39999999999792,0.25,0,40.00000000000021,92.00000000000033
J000429,2023-02-03/BDMC,BDMC,AMR_28,G26_15,WS_19_20,"[""110286"", ""110575""]",2,3516.3000000040265,4029.100000005892,3935.5500000055517,3516.3000000040265,3666.0500000045713,3670.100000004586,3925.450000005515,3925.500000005515,3935.5000000055516,3935.5500000055517,4025.0500000058773,4029.100000005892,18.100000000000122,148.69999999999956,19.050000000000136,0,326.70000000004,0.25,0,68.00000000000003,68.00000000000001
J000430,2023-02-03/BKAG,BKAG,AMR_11,G26_14,WS_13_20,"[""101147"", ""101291"", ""110267"", ""110572""]",4,3528.800000004072,4377.950000007161,4180.600000006443,3528.800000004072,3528.800000004072,3532.8500000040867,4170.5000000064065,4170.550000006407,4180.550000006443,4180.600000006443,4373.900000007146,4377.950000007161,18.100000000000122,181.350000000007,34.45000000000018,0,615.0499999999884,0.2,0,0.0,163.9999999999993
J000431,2023-02-03/BURM,BURM,AMR_04,G15_14,WS_25_20,"[""123310"", ""124208"", ""126832""]",3,3545.600000004133,4163.15000000638,3970.0500000056772,3545.600000004133,3666.9000000045744,3670.950000004589,3959.9500000056405,3960.0000000056407,3970.000000005677,3970.0500000056772,4159.100000006365,4163.15000000638,18.100000000000122,170.55000000000453,31.550000000000313,0,397.100000000056,0.25,0,64.00000000000026,99.99999999999994
J000432,2023-02-03/BDMC,BDMC,AMR_08,G26_12,WS_19_20,"[""111241""]",1,3545.7500000041337,4029.050000005892,3918.60000000549,3545.7500000041337,3666.850000004574,3670.900000004589,3908.5000000054533,3908.5500000054535,3918.55000000549,3918.60000000549,4025.000000005877,4029.050000005892,18.100000000000122,184.70000000000775,28.750000000000274,0,251.50000000002294,0.25,0,116.0000000000015,80.00000000000031
J000433,2023-02-03/BKAG,BKAG,AMR_22,G15_15,WS_13_20,"[""124702"", ""132437""]",2,3551.2000000041535,3678.4000000046162,3652.1000000045206,3551.2000000041535,3604.900000004349,3608.9500000043636,3642.000000004484,3642.050000004484,3652.0500000045204,3652.1000000045206,3674.3500000046015,3678.4000000046162,18.100000000000122,72.19999999999804,12.450000000000042,0,24.20000000000021,0.25,0,40.00000000000021,32.0
J000434,2023-02-03/BURM,BURM,AMR_21,G20_6,WS_25_20,"[""110252"", ""110283"", ""112374""]",4,3568.650000004217,3989.7000000057487,3716.4500000047547,3568.650000004217,3634.1500000044553,3638.20000000447,3706.350000004718,3706.400000004718,3716.4000000047545,3716.4500000047547,3985.650000005734,3989.7000000057487,18.100000000000122,147.5499999999993,26.850000000000247,0,228.30000000001766,0.25,0,56.00000000000051,96.0000000000006
J000435,2023-02-03/BDMC,BDMC,AMR_02,G29_13,WS_19_20,"[""101167"", ""135012""]",2,3579.100000004255,4085.950000006099,3994.400000005766,3579.100000004255,3630.500000004442,3634.5500000044567,3984.300000005729,3984.3500000057293,3994.3500000057657,3994.400000005766,4081.900000006084,4085.950000006099,18.100000000000122,154.80000000000095,24.800000000000217,0,308.90000000003596,0.25,0,56.00000000000004,100.0000000000002
J000436,2023-02-03/BURM,BURM,AMR_19,G24_15,WS_25_20,"[""100949"", ""110597""]",2,3579.950000004258,4054.950000005986,4031.2500000059,3579.950000004258,3982.050000005721,3986.1000000057356,4021.150000005863,4021.2000000058633,4031.2000000058997,4031.2500000059,4050.9000000059714,4054.950000005986,18.100000000000122,160.95000000000235,39.3499999999999,0,256.350000000024,0.25,0,114.00000000000058,36.0
J000437,2023-02-03/BKAG,BKAG,AMR_06,G8_15,WS_13_20,"[""101102"", ""112353""]",2,3584.050000004273,3789.950000005022,3744.7500000048576,3584.050000004273,3700.600000004697,3704.6500000047117,3734.650000004821,3734.700000004821,3744.7000000048574,3744.7500000048576,3785.9000000050073,3789.950000005022,18.100000000000122,97.74999999999659,18.250000000000124,0,71.54999999999808,0.25,0,46.00000000000024,48.00000000000023
J000438,2023-02-03/KJRH,KJRH,AMR_39,G2_15,WS_2_20,"[""107398"", ""110210"", ""112013"", ""115355""]",4,3593.950000004309,3736.7500000048285,3716.1000000047534,3593.950000004309,3671.800000004592,3675.850000004607,3706.0000000047166,3706.050000004717,3716.050000004753,3716.1000000047534,3732.700000004814,3736.7500000048285,18.100000000000122,84.14999999999736,14.350000000000069,0,25.950000000000234,0.25,0,60.000000000000824,31.999999999999986
J000439,2023-02-03/PANJ,PANJ,AMR_03,G17_14,WS_30_20,"[""107232"", ""110540"", ""110583""]",3,3595.7000000043154,4150.500000006334,3975.4000000056967,3595.7000000043154,3595.7000000043154,3599.75000000433,3965.30000000566,3965.35000000566,3975.3500000056965,3975.4000000056967,4146.450000006319,4150.500000006334,18.100000000000122,115.84999999999556,15.250000000000082,0,405.4000000000579,0.2,0,0.0,120.00000000000011
J000440,2023-02-03/KJRH,KJRH,AMR_34,G8_14,WS_2_20,"[""110412"", ""111348"", ""112283"", ""112430""]",5,3630.3000000044412,3734.150000004819,3698.950000004691,3630.3000000044412,3654.400000004529,3658.4500000045437,3688.8500000046542,3688.9000000046544,3698.900000004691,3698.950000004691,3730.1000000048043,3734.150000004819,18.100000000000122,68.79999999999824,14.300000000000068,0,2.3999999999999995,0.25,0,16.0,52.00000000000044
J000441,2023-02-03/KJRH,KJRH,AMR_20,G21_13,WS_2_20,"[""101065"", ""101149"", ""110593""]",3,3631.650000004446,4484.250000007548,4084.8000000060947,3631.650000004446,3726.3500000047907,3730.4000000048054,4074.700000006058,4074.750000006058,4084.7500000060945,4084.8000000060947,4480.200000007533,4484.250000007548,18.100000000000122,221.95000000001622,28.700000000000273,0,583.600000000017,0.25,0,58.000000000000114,171.9999999999993
J000442,2023-02-03/PANJ,PANJ,AMR_17,G14_15,WS_30_20,"[""101025"", ""110417"", ""112324""]",4,3640.700000004479,4408.600000007273,4100.750000006153,3640.700000004479,3700.7000000046974,3704.750000004712,4090.650000006116,4090.700000006116,4100.700000006153,4100.750000006153,4404.550000007258,4408.600000007273,18.100000000000122,238.35000000001995,39.19999999999991,0,472.00000000007304,0.25,0,30.0,211.99999999999807
J000443,2023-02-03/KJRH,KJRH,AMR_32,G27_14,WS_2_20,"[""101122"", ""101302"", ""107329"", ""110132""]",4,3642.9500000044873,4260.750000006735,4101.650000006156,3642.9500000044873,3642.9500000044873,3647.000000004502,4091.5500000061193,4091.6000000061194,4101.600000006156,4101.650000006156,4256.70000000672,4260.750000006735,18.100000000000122,165.75000000000344,24.95000000000022,0,408.8000000000587,0.2,0,0.0,179.9999999999953
J000444,2023-02-03/BKAG,BKAG,AMR_15,G3_15,WS_13_20,"[""110222"", ""110561"", ""112231""]",3,3661.550000004555,3875.8500000053346,3842.1000000052118,3661.550000004555,3740.2500000048412,3744.300000004856,3832.000000005175,3832.050000005175,3842.0500000052116,3842.1000000052118,3871.80000000532,3875.8500000053346,18.100000000000122,100.19999999999645,12.400000000000041,0,83.34999999999741,0.25,0,40.00000000000024,68.00000000000077
J000445,2023-02-03/BDMC,BDMC,AMR_10,G15_10,WS_19_20,"[""112381""]",1,3661.850000004556,4168.000000006397,4017.0500000058482,3661.850000004556,3682.3000000046304,3686.350000004645,4006.9500000058115,4007.0000000058117,4017.000000005848,4017.0500000058482,4163.950000006383,4168.000000006397,18.100000000000122,91.39999999999695,14.250000000000068,0,382.1500000000526,0.25,0,14.0,64.00000000000004
J000446,2023-02-03/BURM,BURM,AMR_01,G24_14,WS_25_20,"[""101013"", ""112036""]",3,3664.7000000045664,3914.450000005475,3732.6000000048134,3664.7000000045664,3664.7000000045664,3668.750000004581,3722.5000000047767,3722.550000004777,3732.5500000048132,3732.6000000048134,3910.4000000054602,3914.450000005475,18.100000000000122,50.59999999999926,9.55,0,171.3000000000047,0.2,0,0.0,44.00000000000004
J000447,2023-02-03/PANJ,PANJ,AMR_26,G9_14,WS_30_20,"[""107377"", ""110296"", ""110461""]",3,3674.3000000046013,4483.300000007544,4196.700000006502,3674.3000000046013,3724.4500000047838,3728.5000000047985,4186.600000006465,4186.650000006465,4196.650000006502,4196.700000006502,4479.25000000753,4483.300000007544,18.100000000000122,267.8000000000266,39.14999999999991,0,483.7000000000757,0.25,0,20.0,263.999999999991
J000448,2023-02-03/KJRH,KJRH,AMR_36,G17_9,WS_2_20,"[""110243"", ""110423"", ""112003""]",3,3674.800000004603,3899.2500000054197,3809.150000005092,3674.800000004603,3745.8500000048616,3749.9000000048763,3799.050000005055,3799.1000000050553,3809.1000000050917,3809.150000005092,3895.200000005405,3899.2500000054197,18.100000000000122,124.94999999999504,20.10000000000015,0,61.04999999999867,0.25,0,26.0,108.00000000000168
J000449,2023-02-03/BKAG,BKAG,AMR_22,G9_13,WS_13_20,"[""107162"", ""112009""]",2,3678.4500000046164,3850.8500000052436,3778.8500000049817,3678.4500000046164,3710.1500000047317,3714.2000000047465,3768.750000004945,3768.800000004945,3778.8000000049815,3778.8500000049817,3846.800000005229,3850.8500000052436,18.100000000000122,77.04999999999777,14.350000000000069,0,62.64999999999858,0.25,0,20.0,52.00000000000013
J000450,2023-02-03/PANJ,PANJ,AMR_37,G27_15,WS_30_20,"[""110278"", ""110479""]",2,3684.5000000046384,3769.5000000049477,3745.45000000486,3684.5000000046384,3704.700000004712,3708.7500000047266,3735.3500000048234,3735.4000000048236,3745.40000000486,3745.45000000486,3765.450000004933,3769.5000000049477,18.100000000000122,53.4999999999991,10.500000000000014,0,2.6499999999999986,0.25,0,16.0,40.0
J000451,2023-02-03/BDMC,BDMC,AMR_16,G23_10,WS_19_20,"[""110242""]",1,3694.850000004676,4022.250000005867,3893.2000000053977,3694.850000004676,3746.000000004862,3750.050000004877,3883.100000005361,3883.150000005361,3893.1500000053975,3893.2000000053977,4018.2000000058524,4022.250000005867,18.100000000000122,116.34999999999553,19.200000000000138,0,173.5000000000052,0.25,0,56.00000000000061,68.00000000000051
J000452,2023-02-03/KJRH,KJRH,AMR_40,G0_15,WS_2_20,"[""110166"", ""110592""]",2,3699.7000000046937,3863.2500000052887,3842.750000005214,3699.7000000046937,3803.450000005071,3807.500000005086,3832.6500000051774,3832.7000000051776,3842.700000005214,3842.750000005214,3859.200000005274,3863.2500000052887,18.100000000000122,120.5499999999953,17.20000000000011,0,7.4499999999999815,0.25,0,104.00000000000209,35.99999999999998
J000453,2023-02-03/BURM,BURM,AMR_35,G21_15,WS_25_20,"[""110254"", ""110299""]",2,3707.6000000047225,4042.7500000059417,4015.2000000058415,3707.6000000047225,3973.7000000056905,3977.7500000057053,4005.1000000058048,4005.150000005805,4015.1500000058413,4015.2000000058415,4038.700000005927,4042.7500000059417,18.100000000000122,118.89999999999539,23.850000000000204,0,174.05000000000533,0.25,0,72.00000000000037,44.0
J000454,2023-02-03/BKAG,BKAG,AMR_27,G21_12,WS_13_20,"[""101022"", ""107458"", ""124184""]",4,3708.850000004727,4155.550000006352,3886.8500000053746,3708.850000004727,3708.850000004727,3712.9000000047417,3876.750000005338,3876.800000005338,3886.8000000053744,3886.8500000053746,4151.500000006337,4155.550000006352,18.100000000000122,93.89999999999681,14.300000000000068,0,320.20000000003853,0.2,0,0.0,84.00000000000023
J000455,2023-02-03/PANJ,PANJ,AMR_07,G29_14,WS_30_20,"[""101299"", ""110525""]",2,3710.000000004731,3990.1500000057504,3958.450000005635,3710.000000004731,3912.6500000054684,3916.700000005483,3948.3500000055983,3948.4000000055985,3958.400000005635,3958.450000005635,3986.1000000057356,3990.1500000057504,18.100000000000122,103.74999999999625,24.95000000000022,0,133.09999999999602,0.25,0,54.000000000000114,44.00000000000004
J000456,2023-02-03/KJRH,KJRH,AMR_18,G15_13,WS_2_20,"[""107272"", ""110346"", ""137523""]",3,3710.6000000047334,4074.0500000060556,3826.000000005153,3710.6000000047334,3728.9500000048,3733.000000004815,3815.9000000051165,3815.9500000051166,3825.950000005153,3826.000000005153,4070.000000006041,4074.0500000060556,18.100000000000122,113.94999999999567,18.150000000000123,0,213.00000000001418,0.25,0,10.0,104.00000000000108
J000457,2023-02-03/JKTP,JKTP,AMR_12,G6_9,WS_8_20,"[""110432"", ""112357""]",2,3713.300000004743,3855.35000000526,3815.1000000051135,3713.300000004743,3763.600000004926,3767.650000004941,3805.000000005077,3805.050000005077,3815.0500000051134,3815.1000000051135,3851.3000000052452,3855.35000000526,18.100000000000122,93.44999999999683,15.300000000000082,0,14.950000000000077,0.25,0,36.00000000000006,64.00000000000037
J000458,2023-02-03/JKTP,JKTP,AMR_25,G5_10,WS_8_20,"[""110189""]",1,3726.2500000047903,3921.3000000055,3882.85000000536,3726.2500000047903,3826.000000005153,3830.050000005168,3872.7500000053233,3872.8000000053235,3882.80000000536,3882.85000000536,3917.250000005485,3921.3000000055,18.100000000000122,141.74999999999798,20.10000000000015,0,14.850000000000076,0.25,0,100.0000000000015,64.0000000000004
J000459,2023-02-03/JKTP,JKTP,AMR_34,G20_15,WS_8_20,"[""101075""]",1,3734.2000000048192,4089.7500000061127,3991.8000000057564,3734.2000000048192,3822.700000005141,3826.750000005156,3981.7000000057196,3981.75000000572,3991.750000005756,3991.8000000057564,4085.700000006098,4089.7500000061127,18.100000000000122,147.24999999999923,23.950000000000205,0,166.0000000000035,0.25,0,54.00000000000023,104.00000000000122
J000460,2023-02-03/JKTP,JKTP,AMR_39,G3_8,WS_8_20,"[""110305""]",1,3736.8000000048287,3905.900000005444,3842.9000000052147,3736.8000000048287,3767.40000000494,3771.4500000049547,3832.800000005178,3832.850000005178,3842.8500000052145,3842.9000000052147,3901.850000005429,3905.900000005444,18.100000000000122,99.2499999999965,17.20000000000011,0,34.30000000000019,0.25,0,23.999999999999968,80.00000000000064
J000461,2023-02-03/BURM,BURM,AMR_33,G18_13,WS_25_20,"[""107457"", ""110251""]",2,3746.200000004863,4204.50000000653,4148.400000006326,3746.200000004863,3803.900000005073,3807.9500000050875,4138.300000006289,4138.3500000062895,4148.350000006326,4148.400000006326,4200.450000006515,4204.50000000653,18.100000000000122,83.84999999999738,14.350000000000069,0,341.7500000000434,0.25,0,18.0,64.00000000000013
J000462,2023-02-03/JKTP,JKTP,AMR_24,G14_6,WS_8_20,"[""137330""]",1,3747.4500000048674,4186.250000006464,3859.1000000052736,3747.4500000048674,3790.9500000050257,3795.0000000050404,3849.000000005237,3849.050000005237,3859.0500000052734,3859.1000000052736,4182.200000006449,4186.250000006464,18.100000000000122,146.39999999999904,21.050000000000164,0,253.00000000002328,0.25,0,38.00000000000013,112.00000000000114
J000463,2023-02-03/BKAG,BKAG,AMR_31,G17_6,WS_13_20,"[""101135"", ""110450"", ""111238""]",3,3754.0000000048913,4299.650000006876,4232.00000000663,3754.0000000048913,3827.9500000051603,3832.000000005175,4221.9000000065935,4221.950000006594,4231.95000000663,4232.00000000663,4295.600000006862,4299.650000006876,18.100000000000122,207.3000000000129,41.1999999999998,0,278.8000000000291,0.25,0,46.00000000000013,151.9999999999985
J000464,2023-02-03/PANJ,PANJ,AMR_37,G2_15,WS_30_20,"[""101163"", ""115355"", ""115591""]",4,3769.550000004948,4538.8500000077465,4285.700000006826,3769.550000004948,3971.2000000056814,3975.250000005696,4275.600000006789,4275.650000006789,4285.650000006825,4285.700000006826,4534.800000007732,4538.8500000077465,18.100000000000122,322.45000000003904,35.35000000000013,0,393.1500000000551,0.25,0,118.00000000000246,247.99999999999142
J000465,2023-02-03/KJRH,KJRH,AMR_14,G20_13,WS_2_20,"[""101015"", ""107380"", ""110501"", ""121904""]",4,3772.5500000049587,4460.350000007461,4210.550000006552,3772.5500000049587,3813.4000000051074,3817.450000005122,4200.450000006515,4200.500000006516,4210.500000006552,4210.550000006552,4456.300000007446,4460.350000007461,18.100000000000122,200.20000000001127,28.700000000000273,0,440.5500000000659,0.25,0,24.0,167.99999999999804
J000466,2023-02-03/BURM,BURM,AMR_30,G15_12,WS_25_20,"[""101061"", ""101097""]",2,3780.5000000049877,4431.550000007356,4180.300000006442,3780.5000000049877,3861.0000000052805,3865.0500000052953,4170.200000006405,4170.250000006406,4180.250000006442,4180.300000006442,4427.500000007341,4431.550000007356,18.100000000000122,157.45000000000155,25.75000000000023,0,449.5000000000679,0.25,0,44.00000000000003,100.00000000000011
J000467,2023-02-03/JKTP,JKTP,AMR_06,G15_6,WS_8_20,"[""111212""]",1,3790.0000000050222,4020.1500000058595,3939.250000005565,3790.0000000050222,3834.6000000051845,3838.650000005199,3929.1500000055285,3929.2000000055286,3939.200000005565,3939.250000005565,4016.100000005845,4020.1500000058595,18.100000000000122,155.25000000000105,20.05000000000015,0,36.500000000000064,0.25,0,40.00000000000013,140.00000000000188
J000468,2023-02-03/KJRH,KJRH,AMR_22,G21_14,WS_2_20,"[""101014"", ""110224"", ""110283""]",3,3850.900000005244,4534.4500000077305,4442.100000007395,3850.900000005244,4134.050000006274,4138.100000006289,4432.000000007358,4432.050000007358,4442.050000007394,4442.100000007395,4530.400000007716,4534.4500000077305,18.100000000000122,326.2000000000399,40.09999999999986,0,298.9000000000337,0.25,0,205.99999999999457,148.00000000000037
J000469,2023-02-03/BKAG,BKAG,AMR_12,G6_15,WS_13_20,"[""110481"", ""121745""]",2,3855.40000000526,4028.200000005889,3994.450000005766,3855.40000000526,3875.200000005332,3879.250000005347,3984.3500000057293,3984.4000000057295,3994.400000005766,3994.450000005766,4024.150000005874,4028.200000005889,18.100000000000122,69.69999999999818,10.500000000000014,0,74.24999999999793,0.25,0,16.0,56.000000000000284
J000470,2023-02-03/JKTP,JKTP,AMR_40,G23_13,WS_8_20,"[""110137""]",1,3863.300000005289,4551.600000007793,4402.100000007249,3863.300000005289,4164.750000006386,4168.8000000064,4392.000000007212,4392.0500000072125,4402.050000007249,4402.100000007249,4547.550000007778,4551.600000007793,18.100000000000122,276.25000000002854,42.14999999999974,0,351.55000000004566,0.25,0,181.9999999999982,112.00000000000071
J000471,2023-02-03/KJRH,KJRH,AMR_15,G2_14,WS_2_20,"[""110351"", ""112194""]",2,3875.9000000053347,3962.000000005648,3940.1000000055683,3875.9000000053347,3895.9000000054075,3899.950000005422,3930.0000000055315,3930.0500000055317,3940.050000005568,3940.1000000055683,3957.9500000056332,3962.000000005648,18.100000000000122,52.94999999999913,12.450000000000042,0,2.3499999999999996,0.25,0,12.0,40.00000000000006
J000472,2023-02-03/BDMC,BDMC,AMR_36,G18_9,WS_19_20,"[""112275""]",1,3899.30000000542,4235.900000006644,4134.950000006277,3899.30000000542,3902.350000005431,3906.4000000054457,4124.85000000624,4124.900000006241,4134.900000006277,4134.950000006277,4231.85000000663,4235.900000006644,18.100000000000122,73.79999999999795,9.5,0,234.95000000001917,0.25,0,2.0,68.00000000000037
J000473,2023-02-03/BKAG,BKAG,AMR_39,G17_12,WS_13_20,"[""110313"", ""110333""]",2,3905.950000005444,4311.350000006919,4214.950000006568,3905.950000005444,3948.7500000055998,3952.8000000056145,4204.850000006531,4204.900000006532,4214.900000006568,4214.950000006568,4307.300000006904,4311.350000006919,18.100000000000122,116.54999999999552,19.100000000000136,0,251.4000000000229,0.25,0,36.0,72.00000000000011
J000474,2023-02-03/KJRH,KJRH,AMR_01,G3_14,WS_2_20,"[""110349"", ""112367""]",2,3914.500000005475,4149.650000006331,4118.700000006218,3914.500000005475,4080.70000000608,4084.7500000060945,4108.600000006181,4108.6500000061815,4118.650000006218,4118.700000006218,4145.600000006316,4149.650000006331,18.100000000000122,156.70000000000138,21.050000000000164,0,39.04999999999992,0.25,0,134.0000000000025,40.00000000000007
J000475,2023-02-03/BDMC,BDMC,AMR_25,G17_9,WS_19_20,"[""112003""]",1,3921.3500000055,4302.100000006885,4213.400000006563,3921.3500000055,3956.750000005629,3960.8000000056436,4203.300000006526,4203.350000006526,4213.350000006562,4213.400000006563,4298.0500000068705,4302.100000006885,18.100000000000122,116.7999999999955,20.10000000000015,0,225.50000000001702,0.25,0,30.0,80.00000000000037
J000476,2023-02-03/BDMC,BDMC,AMR_15,G9_15,WS_19_20,"[""110484""]",1,3962.050000005648,4630.800000008081,4520.1500000076785,3962.050000005648,3997.700000005778,4001.7500000057926,4510.050000007642,4510.100000007642,4520.100000007678,4520.1500000076785,4626.750000008066,4630.800000008081,18.100000000000122,154.70000000000093,32.600000000000286,0,463.100000000071,0.25,0,27.999999999999954,108.0000000000004
J000477,2023-02-03/PANJ,PANJ,AMR_05,G9_13,WS_30_20,"[""112009"", ""117431"", ""120049""]",3,3985.2000000057324,4735.05000000846,4601.100000007973,3985.2000000057324,4446.800000007412,4450.850000007426,4591.000000007936,4591.050000007936,4601.050000007973,4601.100000007973,4731.000000008446,4735.05000000846,18.100000000000122,305.25000000003513,42.14999999999974,0,384.10000000005306,0.25,0,199.99999999999324,124.00000000000034
J000478,2023-02-03/JKTP,JKTP,AMR_21,G20_6,WS_8_20,"[""120052""]",1,3989.750000005749,4297.650000006869,4215.250000006569,3989.750000005749,3989.750000005749,3993.8000000057636,4205.1500000065325,4205.200000006533,4215.200000006569,4215.250000006569,4293.600000006854,4297.650000006869,18.100000000000122,134.7999999999964,15.300000000000082,0,139.49999999999747,0.2,0,0.0,148.00000000000054
J000479,2023-02-03/BURM,BURM,AMR_07,G18_8,WS_25_20,"[""125180"", ""125701""]",3,3990.2000000057506,4297.700000006869,4196.2500000065,3990.2000000057506,4042.050000005939,4046.100000005954,4186.150000006463,4186.200000006464,4196.2000000065,4196.2500000065,4293.6500000068545,4297.700000006869,18.100000000000122,123.19999999999514,15.300000000000082,0,150.65,0.25,0,34.0,84.00000000000054
J000480,2023-02-03/BDMC,BDMC,AMR_06,G15_9,WS_19_20,"[""110377""]",1,4020.2000000058597,4336.150000007009,4230.350000006624,4020.2000000058597,4036.3000000059183,4040.350000005933,4220.2500000065875,4220.300000006588,4230.300000006624,4230.350000006624,4332.100000006994,4336.150000007009,18.100000000000122,105.74999999999613,19.150000000000137,0,172.70000000000502,0.25,0,10.0,84.00000000000051
J000481,2023-02-03/BKAG,BKAG,AMR_16,G9_12,WS_13_20,"[""107266"", ""107405""]",2,4022.3000000058673,4375.8500000071535,4324.900000006968,4022.3000000058673,4229.550000006621,4233.600000006636,4314.800000006931,4314.850000006932,4324.850000006968,4324.900000006968,4371.800000007139,4375.8500000071535,18.100000000000122,158.35000000000176,22.90000000000019,0,153.95000000000076,0.25,0,76.00000000000105,76.0000000000002
J000482,2023-02-03/BDMC,BDMC,AMR_12,G8_14,WS_19_20,"[""135158""]",1,4028.250000005889,4474.950000007514,4307.050000006903,4028.250000005889,4040.600000005934,4044.6500000059486,4296.9500000068665,4297.000000006867,4307.000000006903,4307.050000006903,4470.900000007499,4474.950000007514,18.100000000000122,172.10000000000488,25.70000000000023,0,230.55000000001817,0.25,0,6.0,167.99999999999656
J000483,2023-02-03/KJRH,KJRH,AMR_08,G6_14,WS_2_20,"[""111271"", ""112387""]",2,4029.100000005892,4230.900000006626,4193.300000006489,4029.100000005892,4148.950000006328,4153.000000006343,4183.200000006453,4183.250000006453,4193.250000006489,4193.300000006489,4226.8500000066115,4230.900000006626,18.100000000000122,138.14999999999716,19.150000000000137,0,26.150000000000237,0.25,0,104.00000000000233,52.000000000000355
J000484,2023-02-03/PANJ,PANJ,AMR_28,G27_13,WS_30_20,"[""107207"", ""124205""]",2,4029.1500000058923,4200.500000006516,4134.650000006276,4029.1500000058923,4059.000000006001,4063.0500000060156,4124.550000006239,4124.6000000062395,4134.600000006276,4134.650000006276,4196.450000006501,4200.500000006516,18.100000000000122,71.04999999999811,16.250000000000096,0,65.69999999999841,0.25,0,18.0,48.00000000000013
J000485,2023-02-03/BURM,BURM,AMR_35,G26_15,WS_25_20,"[""110146"", ""110165"", ""110194"", ""110575"", ""120775""]",7,4042.800000005942,4159.050000006365,4132.450000006268,4042.800000005942,4091.0000000061173,4095.050000006132,4122.350000006231,4122.4000000062315,4132.400000006268,4132.450000006268,4155.00000000635,4159.050000006365,18.100000000000122,58.39999999999882,14.350000000000069,0,25.150000000000222,0.25,0,18.0,36.00000000000003
J000486,2023-02-03/BKAG,BKAG,AMR_19,G18_12,WS_13_20,"[""101305"", ""112386""]",2,4055.0000000059863,4392.0500000072125,4249.050000006692,4055.0000000059863,4124.85000000624,4128.900000006255,4238.9500000066555,4239.000000006656,4249.000000006692,4249.050000006692,4388.000000007198,4392.0500000072125,18.100000000000122,107.49999999999604,19.100000000000136,0,192.10000000000943,0.25,0,26.0,72.00000000000031
J000487,2023-02-03/BDMC,BDMC,AMR_18,G11_10,WS_19_20,"[""112227""]",1,4074.100000006056,4653.350000008163,4554.300000007803,4074.100000006056,4181.400000006446,4185.450000006461,4544.200000007766,4544.250000007766,4554.250000007803,4554.300000007803,4649.300000008148,4653.350000008163,18.100000000000122,150.95000000000007,29.650000000000286,0,380.3000000000522,0.25,0,18.0,120.0000000000008
J000488,2023-02-03/KJRH,KJRH,AMR_02,G0_13,WS_2_20,"[""110150"", ""111897""]",2,4086.000000006099,4371.900000007139,4348.700000007055,4086.000000006099,4303.0000000068885,4307.050000006903,4338.600000007018,4338.650000007018,4348.650000007055,4348.700000007055,4367.850000007124,4371.900000007139,18.100000000000122,149.2499999999997,26.800000000000246,0,91.49999999999694,0.25,0,114.00000000000121,44.00000000000015
J000489,2023-02-03/BURM,BURM,AMR_34,G26_12,WS_25_20,"[""101073"", ""111241""]",3,4089.800000006113,4197.4500000065045,4164.200000006384,4089.800000006113,4118.050000006216,4122.10000000623,4154.100000006347,4154.150000006347,4164.150000006383,4164.200000006384,4193.40000000649,4197.4500000065045,18.100000000000122,71.0999999999981,14.350000000000069,0,3.8499999999999943,0.25,0,22.0,52.0000000000003
J000490,2023-02-03/PANJ,PANJ,AMR_01,G26_13,WS_30_20,"[""101198"", ""122980""]",2,4149.700000006331,4424.800000007332,4302.950000006888,4149.700000006331,4234.900000006641,4238.9500000066555,4292.850000006852,4292.900000006852,4302.900000006888,4302.950000006888,4420.750000007317,4424.800000007332,18.100000000000122,165.85000000000346,24.90000000000022,0,65.9999999999984,0.25,0,100.00000000000179,92.0000000000004
J000491,2023-02-03/BURM,BURM,AMR_03,G15_13,WS_25_20,"[""107293"", ""110301""]",3,4150.550000006334,4524.150000007693,4351.050000007063,4150.550000006334,4175.250000006424,4179.3000000064385,4340.950000007027,4341.000000007027,4351.000000007063,4351.050000007063,4520.100000007678,4524.150000007693,18.100000000000122,111.29999999999582,19.150000000000137,0,224.80000000001687,0.25,0,6.0,104.00000000000028
J000492,2023-02-03/KJRH,KJRH,AMR_27,G8_15,WS_2_20,"[""101102"", ""107101""]",6,4155.600000006352,4295.600000006862,4262.400000006741,4155.600000006352,4201.80000000652,4205.850000006535,4252.300000006704,4252.350000006704,4262.350000006741,4262.400000006741,4291.550000006847,4295.600000006862,18.100000000000122,85.49999999999729,11.450000000000028,0,24.700000000000216,0.25,0,40.00000000000024,48.00000000000034
J000493,2023-02-03/PANJ,PANJ,AMR_35,G20_15,WS_30_20,"[""110502"", ""112010""]",2,4159.100000006365,4784.900000008642,4566.950000007849,4159.100000006365,4475.750000007517,4479.800000007532,4556.850000007812,4556.900000007812,4566.900000007849,4566.950000007849,4780.850000008627,4784.900000008642,18.100000000000122,189.10000000000875,32.50000000000029,0,385.85000000005346,0.25,0,64.00000000000023,99.99999999999986
J000494,2023-02-03/BURM,BURM,AMR_04,G5_15,WS_25_20,"[""110397"", ""110533""]",2,4163.20000000638,5171.800000010049,4887.350000009014,4163.20000000638,4246.550000006683,4250.600000006698,4877.250000008978,4877.300000008978,4887.300000009014,4887.350000009014,5167.7500000100345,5171.800000010049,18.100000000000122,238.80000000002005,34.40000000000018,0,717.0499999998956,0.25,0,29.99999999999997,199.99999999999474
J000495,2023-02-03/BURM,BURM,AMR_10,G3_15,WS_25_20,"[""110222"", ""110615""]",3,4168.050000006398,4658.550000008182,4454.000000007438,4168.050000006398,4212.500000006559,4216.550000006574,4443.900000007401,4443.950000007401,4453.950000007438,4454.000000007438,4654.500000008167,4658.550000008182,18.100000000000122,196.4000000000104,27.600000000000257,0,248.15000000002217,0.25,0,34.0,167.9999999999967
J000496,2023-02-03/BDMC,BDMC,AMR_38,G27_10,WS_19_20,"[""101179""]",2,4175.800000006426,4537.900000007743,4338.300000007017,4175.800000006426,4254.400000006712,4258.450000006726,4328.20000000698,4328.25000000698,4338.250000007017,4338.300000007017,4533.850000007728,4537.900000007743,18.100000000000122,153.7500000000007,22.000000000000178,0,168.00000000000395,0.25,0,68.00000000000051,96.00000000000031
J000497,2023-02-03/BURM,BURM,AMR_24,G2_13,WS_25_20,"[""107095"", ""126347""]",3,4186.300000006464,4694.550000008313,4577.350000007887,4186.300000006464,4236.600000006647,4240.650000006662,4567.25000000785,4567.30000000785,4577.300000007886,4577.350000007887,4690.500000008298,4694.550000008313,18.100000000000122,196.90000000001052,30.5500000000003,0,262.4500000000254,0.25,0,54.00000000000071,155.99999999999721
J000498,2023-02-03/KJRH,KJRH,AMR_34,G17_14,WS_2_20,"[""101028"", ""101191"", ""110284"", ""110583""]",4,4197.500000006505,4533.700000007728,4468.500000007491,4197.500000006505,4362.950000007107,4367.000000007121,4458.400000007454,4458.450000007454,4468.45000000749,4468.500000007491,4529.650000007713,4533.700000007728,18.100000000000122,151.00000000000009,23.050000000000193,0,143.79999999999845,0.25,0,58.00000000000027,104.00000000000145
J000499,2023-02-03/BKAG,BKAG,AMR_28,G14_13,WS_13_20,"[""101104"", ""111295""]",2,4200.550000006516,4606.400000007992,4576.850000007885,4200.550000006516,4499.700000007604,4503.750000007619,4566.750000007848,4566.800000007848,4576.800000007885,4576.850000007885,4602.3500000079775,4606.400000007992,18.100000000000122,146.14999999999898,24.850000000000218,0,216.50000000001498,0.25,0,86.00000000000023,44.00000000000021
J000500,2023-02-03/PANJ,PANJ,AMR_13,G14_14,WS_30_20,"[""110306"", ""111372"", ""113197""]",3,4204.250000006529,4723.200000008417,4549.900000007787,4204.250000006529,4204.250000006529,4208.300000006544,4539.80000000775,4539.85000000775,4549.850000007787,4549.900000007787,4719.1500000084025,4723.200000008417,18.100000000000122,157.55000000000157,21.050000000000164,0,322.05000000003895,0.2,0,0.0,147.99999999999943
J000501,2023-02-03/BURM,BURM,AMR_33,G27_15,WS_25_20,"[""110479""]",1,4204.55000000653,4332.500000006996,4304.350000006893,4204.55000000653,4264.650000006749,4268.700000006764,4294.250000006857,4294.300000006857,4304.300000006893,4304.350000006893,4328.450000006981,4332.500000006996,18.100000000000122,72.14999999999804,12.450000000000042,0,25.00000000000022,0.25,0,42.00000000000013,36.00000000000003
J000502,2023-02-03/KJRH,KJRH,AMR_09,G18_14,WS_2_20,"[""110380"", ""111342""]",2,4216.9500000065755,4637.000000008104,4519.650000007677,4216.9500000065755,4290.3500000068425,4294.400000006857,4509.55000000764,4509.60000000764,4519.6000000076765,4519.650000007677,4632.950000008089,4637.000000008104,18.100000000000122,175.35000000000562,27.85000000000026,0,198.50000000001089,0.25,0,16.0,175.99999999999997
J000503,2023-02-03/BDMC,BDMC,AMR_08,G14_8,WS_19_20,"[""104505""]",1,4230.950000006626,4673.200000008235,4537.250000007741,4230.950000006626,4264.2500000067475,4268.300000006762,4527.150000007704,4527.200000007704,4537.2000000077405,4537.250000007741,4669.150000008221,4673.200000008235,18.100000000000122,155.40000000000109,26.800000000000246,0,241.7000000000207,0.25,0,28.0,120.00000000000097
J000504,2023-02-03/BKAG,BKAG,AMR_36,G21_15,WS_13_20,"[""110254"", ""110531""]",2,4235.950000006645,4707.50000000836,4610.950000008009,4235.950000006645,4312.550000006923,4316.600000006938,4600.850000007972,4600.900000007972,4610.900000008009,4610.950000008009,4703.450000008345,4707.50000000836,18.100000000000122,108.049999999996,16.250000000000096,0,328.9000000000405,0.25,0,38.0,68.0000000000003
J000505,2023-02-03/BKAG,BKAG,AMR_32,G6_14,WS_13_20,"[""111271"", ""112387""]",2,4260.800000006735,4627.70000000807,4593.900000007947,4260.800000006735,4477.200000007522,4481.250000007537,4583.80000000791,4583.85000000791,4593.850000007947,4593.900000007947,4623.650000008055,4627.70000000807,18.100000000000122,151.60000000000022,30.6000000000003,0,166.35000000000358,0.25,0,78.00000000000054,64.00000000000037
J000506,2023-02-03/PANJ,PANJ,AMR_27,G21_12,WS_30_20,"[""101022"", ""107131""]",2,4295.650000006862,4532.200000007722,4436.000000007372,4295.650000006862,4369.650000007131,4373.700000007146,4425.900000007336,4425.950000007336,4435.950000007372,4436.000000007372,4528.150000007708,4532.200000007722,18.100000000000122,118.79999999999539,14.300000000000068,0,85.09999999999731,0.25,0,40.0,88.00000000000026
J000507,2023-02-03/KJRH,KJRH,AMR_21,G15_6,WS_2_20,"[""110385"", ""110418""]",2,4297.700000006869,4504.700000007622,4425.200000007333,4297.700000006869,4331.900000006994,4335.950000007008,4415.100000007296,4415.1500000072965,4425.150000007333,4425.200000007333,4500.650000007608,4504.700000007622,18.100000000000122,139.2499999999974,19.100000000000136,0,30.300000000000296,0.25,0,22.00000000000002,132.00000000000227
J000508,2023-02-03/BKAG,BKAG,AMR_07,G6_13,WS_13_20,"[""113227"", ""115752""]",2,4297.750000006869,4500.950000007609,4465.900000007481,4297.750000006869,4358.850000007092,4362.900000007106,4455.800000007444,4455.850000007445,4465.850000007481,4465.900000007481,4496.900000007594,4500.950000007609,18.100000000000122,116.04999999999555,15.300000000000082,0,53.4999999999991,0.25,0,58.00000000000088,64.0000000000005
J000509,2023-02-03/BURM,BURM,AMR_31,G27_14,WS_25_20,"[""125463""]",1,4299.7000000068765,4472.700000007506,4411.450000007283,4299.7000000068765,4369.600000007131,4373.6500000071455,4401.350000007246,4401.4000000072465,4411.400000007283,4411.450000007283,4468.650000007491,4472.700000007506,18.100000000000122,108.99999999999595,19.100000000000136,0,26.550000000000242,0.25,0,68.0000000000008,48.00000000000004
J000510,2023-02-03/BDMC,BDMC,AMR_23,G21_7,WS_19_20,"[""107429""]",1,4301.000000006881,4831.8500000088125,4725.850000008427,4301.000000006881,4569.400000007858,4573.450000007872,4715.75000000839,4715.80000000839,4725.800000008427,4725.850000008427,4827.800000008798,4831.8500000088125,18.100000000000122,194.00000000000986,40.49999999999984,0,278.00000000002893,0.25,0,96.00000000000082,92.00000000000094
J000511,2023-02-03/PANJ,PANJ,AMR_25,G18_15,WS_30_20,"[""101296"", ""123272""]",3,4302.150000006885,4718.3500000084,4618.100000008035,4302.150000006885,4497.750000007597,4501.800000007612,4608.000000007998,4608.050000007998,4618.050000008035,4618.100000008035,4714.300000008385,4718.3500000084,18.100000000000122,170.8500000000046,29.600000000000286,0,197.40000000001064,0.25,0,82.00000000000026,75.99999999999997
J000512,2023-02-03/KJRH,KJRH,AMR_39,G20_14,WS_2_20,"[""101076"", ""101332"", ""110596"", ""112284""]",4,4311.400000006919,4591.9000000079395,4502.600000007615,4311.400000006919,4367.6000000071235,4371.650000007138,4492.500000007578,4492.550000007578,4502.5500000076145,4502.600000007615,4587.850000007925,4591.9000000079395,18.100000000000122,152.75000000000048,17.15000000000011,0,92.2499999999969,0.25,0,14.0,156.00000000000185
J000513,2023-02-03/BKAG,BKAG,AMR_33,G17_10,WS_13_20,"[""107175"", ""115794""]",2,4332.550000006996,4792.80000000867,4629.300000008076,4332.550000006996,4527.750000007706,4531.800000007721,4619.200000008039,4619.250000008039,4629.250000008075,4629.300000008076,4788.750000008656,4792.80000000867,18.100000000000122,118.49999999999541,21.900000000000176,0,301.5000000000343,0.25,0,42.0,60.00000000000021
J000514,2023-02-03/BURM,BURM,AMR_06,G30_15,WS_25_20,"[""107268""]",2,4336.200000007009,4569.650000007859,4470.000000007496,4336.200000007009,4432.150000007358,4436.200000007373,4459.900000007459,4459.9500000074595,4469.950000007496,4470.000000007496,4565.600000007844,4569.650000007859,18.100000000000122,122.2999999999952,18.150000000000123,0,74.6499999999979,0.25,0,86.000000000001,48.0
J000515,2023-02-03/BDMC,BDMC,AMR_29,G24_13,WS_19_20,"[""125194""]",1,4348.000000007052,4619.850000008041,4475.850000007517,4348.000000007052,4348.000000007052,4352.050000007067,4465.750000007481,4465.800000007481,4475.800000007517,4475.850000007517,4615.8000000080265,4619.850000008041,18.100000000000122,62.89999999999856,9.55,0,181.10000000000693,0.2,0,0.0,60.00000000000021
J000516,2023-02-03/PANJ,PANJ,AMR_02,G21_10,WS_30_20,"[""101292"", ""125181""]",2,4371.950000007139,4576.650000007884,4532.900000007725,4371.950000007139,4472.550000007505,4476.60000000752,4522.800000007688,4522.850000007688,4532.850000007725,4532.900000007725,4572.600000007869,4576.650000007884,18.100000000000122,155.5000000000011,21.950000000000177,0,8.899999999999991,0.25,0,100.00000000000173,84.0000000000004
J000517,2023-02-03/KJRH,KJRH,AMR_16,G17_12,WS_2_20,"[""101183"", ""101221""]",2,4375.900000007154,4543.450000007763,4485.550000007553,4375.900000007154,4401.200000007246,4405.2500000072605,4475.450000007516,4475.500000007516,4485.500000007552,4485.550000007553,4539.4000000077485,4543.450000007763,18.100000000000122,110.64999999999586,16.250000000000096,0,22.300000000000182,0.25,0,20.0,104.00000000000142
J000518,2023-02-03/BKAG,BKAG,AMR_11,G23_15,WS_13_20,"[""110232"", ""111307""]",2,4378.000000007161,4974.8000000093325,4761.100000008555,4378.000000007161,4471.400000007501,4475.450000007516,4751.000000008518,4751.0500000085185,4761.050000008555,4761.100000008555,4970.750000009318,4974.8000000093325,18.100000000000122,122.39999999999519,25.80000000000023,0,430.25000000006355,0.25,0,36.0,76.00000000000016
J000519,2023-02-03/BURM,BURM,AMR_19,G29_14,WS_25_20,"[""110329""]",1,4392.100000007213,4605.80000000799,4557.200000007813,4392.100000007213,4515.450000007661,4519.500000007676,4547.1000000077765,4547.150000007777,4557.150000007813,4557.200000007813,4601.750000007975,4605.80000000799,18.100000000000122,84.69999999999733,16.250000000000096,0,94.39999999999678,0.25,0,38.000000000000114,48.00000000000004
J000520,2023-02-03/BDMC,BDMC,AMR_17,G26_14,WS_19_20,"[""101147""]",1,4408.650000007273,5011.800000009467,4887.700000009016,4408.650000007273,4757.850000008543,4761.900000008558,4877.600000008979,4877.650000008979,4887.6500000090155,4887.700000009016,5007.750000009452,5011.800000009467,18.100000000000122,200.15000000001126,33.45000000000024,0,351.2000000000456,0.25,0,142.00000000000094,56.0
J000521,2023-02-03/BURM,BURM,AMR_01,G26_13,WS_25_20,"[""101074""]",2,4424.850000007332,4556.40000000781,4486.100000007555,4424.850000007332,4424.850000007332,4428.9000000073465,4476.000000007518,4476.050000007518,4486.050000007554,4486.100000007555,4552.350000007796,4556.40000000781,18.100000000000122,52.59999999999915,9.55,0,51.099999999999234,0.2,0,0.0,48.00000000000021
J000522,2023-02-03/KJRH,KJRH,AMR_30,G23_12,WS_2_20,"[""101189"", ""111273""]",2,4431.600000007356,4816.300000008756,4603.700000007982,4431.600000007356,4494.200000007584,4498.250000007599,4593.600000007946,4593.650000007946,4603.650000007982,4603.700000007982,4812.250000008741,4816.300000008756,18.100000000000122,159.25000000000196,16.150000000000095,0,190.95000000000917,0.25,0,20.0,160.0000000000009
J000523,2023-02-03/PANJ,PANJ,AMR_14,G18_13,WS_30_20,"[""110317"", ""131216""]",2,4460.400000007461,4727.800000008434,4635.150000008097,4460.400000007461,4482.600000007542,4486.650000007557,4625.05000000806,4625.10000000806,4635.100000008097,4635.150000008097,4723.750000008419,4727.800000008434,18.100000000000122,96.89999999999664,11.500000000000028,0,140.64999999999773,0.25,0,4.0,84.00000000000009
J000524,2023-02-03/BURM,BURM,AMR_31,G30_14,WS_25_20,"[""111367""]",1,4472.750000007506,4744.500000008495,4593.350000007945,4472.750000007506,4502.050000007613,4506.100000007627,4583.250000007908,4583.300000007908,4593.300000007945,4593.350000007945,4740.45000000848,4744.500000008495,18.100000000000122,88.7499999999971,15.300000000000082,0,149.3499999999997,0.25,0,22.0,60.000000000000114
J000525,2023-02-03/KJRH,KJRH,AMR_12,G24_15,WS_2_20,"[""110522"", ""110597""]",3,4475.000000007514,5003.000000009435,4806.750000008721,4475.000000007514,4688.000000008289,4692.050000008304,4796.650000008684,4796.700000008685,4806.700000008721,4806.750000008721,4998.95000000942,5003.000000009435,18.100000000000122,200.45000000001133,25.75000000000023,0,283.4500000000302,0.25,0,86.00000000000057,112.00000000000108
J000526,2023-02-03/BKAG,BKAG,AMR_26,G9_14,WS_13_20,"[""107377"", ""120382""]",2,4483.350000007545,4589.550000007931,4559.950000007823,4483.350000007545,4483.350000007545,4487.400000007559,4549.850000007787,4549.900000007787,4559.900000007823,4559.950000007823,4585.500000007916,4589.550000007931,18.100000000000122,52.94999999999913,9.55,0,25.400000000000226,0.2,0,0.0,48.000000000000085
J000527,2023-02-03/JKTP,JKTP,AMR_20,G21_13,WS_8_20,"[""110205""]",1,4484.300000007548,4909.450000009095,4775.850000008609,4484.300000007548,4484.300000007548,4488.350000007563,4765.750000008572,4765.800000008572,4775.800000008609,4775.850000008609,4905.40000000908,4909.450000009095,18.100000000000122,127.5499999999949,19.100000000000136,0,260.2000000000249,0.2,0,0.0,124.00000000000105
J000528,2023-02-03/BURM,BURM,AMR_07,G30_13,WS_25_20,"[""112444""]",1,4501.000000007609,4761.550000008557,4653.300000008163,4501.000000007609,4591.000000007936,4595.050000007951,4643.200000008126,4643.250000008126,4653.250000008163,4653.300000008163,4757.500000008542,4761.550000008557,18.100000000000122,151.5000000000002,17.20000000000011,0,73.49999999999797,0.25,0,104.00000000000114,64.00000000000021
J000529,2023-02-03/KJRH,KJRH,AMR_21,G20_6,WS_2_20,"[""110252"", ""120052""]",2,4504.7500000076225,4716.050000008391,4628.700000008073,4504.7500000076225,4533.950000007729,4538.000000007743,4618.600000008037,4618.650000008037,4628.650000008073,4628.700000008073,4712.000000008376,4716.050000008391,18.100000000000122,146.6999999999991,17.20000000000011,0,29.050000000000278,0.25,0,22.00000000000002,155.99999999999963
J000530,2023-02-03/KJRH,KJRH,AMR_03,G26_15,WS_2_20,"[""110194"", ""112017""]",2,4524.200000007693,5050.550000009608,4862.850000008925,4524.200000007693,4578.450000007891,4582.500000007905,4852.7500000088885,4852.800000008889,4862.800000008925,4862.850000008925,5046.500000009593,5050.550000009608,18.100000000000122,214.90000000001461,20.05000000000015,0,273.0500000000278,0.25,0,30.0,199.9999999999995
J000531,2023-02-03/BDMC,BDMC,AMR_27,G15_12,WS_19_20,"[""101097""]",1,4532.2500000077225,4715.550000008389,4681.5000000082655,4532.2500000077225,4569.250000007857,4573.300000007872,4671.400000008229,4671.450000008229,4681.450000008265,4681.5000000082655,4711.500000008375,4715.550000008389,18.100000000000122,74.6499999999979,13.350000000000055,0,76.94999999999777,0.25,0,16.0,56.00000000000017
J000532,2023-02-03/KJRH,KJRH,AMR_34,G29_15,WS_2_20,"[""110577"", ""112053""]",2,4533.750000007728,4915.350000009116,4719.000000008402,4533.750000007728,4593.400000007945,4597.45000000796,4708.900000008365,4708.950000008365,4718.950000008402,4719.000000008402,4911.3000000091015,4915.350000009116,18.100000000000122,178.8000000000064,20.10000000000015,0,164.35000000000312,0.25,0,34.0,183.99999999999676
J000533,2023-02-03/PANJ,PANJ,AMR_22,G20_10,WS_30_20,"[""110497"", ""134916""]",3,4534.500000007731,4762.40000000856,4705.550000008353,4534.500000007731,4597.050000007958,4601.100000007973,4695.450000008316,4695.500000008316,4705.500000008353,4705.550000008353,4758.350000008545,4762.40000000856,18.100000000000122,116.19999999999554,20.10000000000015,0,73.24999999999798,0.25,0,14.0,104.00000000000051
J000534,2023-02-03/BDMC,BDMC,AMR_38,G30_12,WS_19_20,"[""132450""]",1,4537.950000007743,5034.800000009551,4752.350000008523,4537.950000007743,4555.000000007805,4559.05000000782,4742.2500000084865,4742.300000008487,4752.300000008523,4752.350000008523,5030.750000009536,5034.800000009551,18.100000000000122,132.84999999999596,22.80000000000019,0,322.85000000003913,0.25,0,10.0,104.00000000000003
J000535,2023-02-03/BURM,BURM,AMR_37,G2_15,WS_25_20,"[""107301"", ""107398""]",3,4538.900000007747,4925.500000009153,4637.500000008105,4538.900000007747,4538.900000007747,4542.950000007761,4627.400000008069,4627.450000008069,4637.450000008105,4637.500000008105,4921.450000009138,4925.500000009153,18.100000000000122,171.7500000000048,17.15000000000011,0,179.40000000000654,0.2,0,0.0,195.99999999999272
J000536,2023-02-03/KJRH,KJRH,AMR_16,G21_12,WS_2_20,"[""101022"", ""107131""]",3,4543.500000007763,5256.300000010357,5162.050000010014,4543.500000007763,5040.800000009573,5044.850000009587,5151.950000009977,5152.000000009977,5162.0000000100135,5162.050000010014,5252.250000010342,5256.300000010357,18.100000000000122,227.6500000000175,33.500000000000234,0,433.30000000006424,0.25,0,100.00000000000068,120.00000000000125
J000537,2023-02-03/PANJ,PANJ,AMR_40,G18_12,WS_30_20,"[""101305"", ""110526""]",4,4551.650000007793,4946.55000000923,4745.200000008497,4551.650000007793,4596.050000007955,4600.100000007969,4735.1000000084605,4735.150000008461,4745.150000008497,4745.200000008497,4942.500000009215,4946.55000000923,18.100000000000122,166.70000000000366,22.90000000000019,0,186.95000000000826,0.25,0,16.0,160.00000000000048
J000538,2023-02-03/BDMC,BDMC,AMR_01,G32_14,WS_19_20,"[""110591""]",1,4556.450000007811,4929.600000009168,4794.250000008676,4556.450000007811,4588.150000007926,4592.200000007941,4784.150000008639,4784.200000008639,4794.2000000086755,4794.250000008676,4925.550000009153,4929.600000009168,18.100000000000122,137.8999999999971,21.000000000000163,0,195.9000000000103,0.25,0,26.0,104.00000000000003
J000539,2023-02-03/BKAG,BKAG,AMR_06,G26_12,WS_13_20,"[""110609"", ""111241""]",2,4569.700000007859,4999.500000009422,4831.950000008813,4569.700000007859,4609.400000008003,4613.450000008018,4821.850000008776,4821.900000008776,4831.900000008813,4831.950000008813,4995.450000009408,4999.500000009422,18.100000000000122,153.90000000000074,26.800000000000246,0,230.75000000001822,0.25,0,22.0,124.0000000000006
J000540,2023-02-03/BURM,BURM,AMR_02,G21_14,WS_25_20,"[""112279""]",1,4576.700000007884,5059.050000009639,4973.450000009328,4576.700000007884,4689.950000008296,4694.000000008311,4963.350000009291,4963.400000009291,4973.400000009327,4973.450000009328,5055.000000009624,5059.050000009639,18.100000000000122,141.849999999998,25.850000000000232,0,296.3000000000331,0.25,0,44.00000000000013,88.0000000000004
J000541,2023-02-03/PANJ,PANJ,AMR_26,G17_12,WS_30_20,"[""101221"", ""110313""]",2,4589.600000007931,4778.8000000086195,4688.550000008291,4589.600000007931,4619.900000008041,4623.950000008056,4678.450000008254,4678.500000008255,4688.500000008291,4688.550000008291,4774.750000008605,4778.8000000086195,18.100000000000122,114.39999999999564,16.200000000000095,0,40.24999999999985,0.25,0,24.0,100.00000000000048
J000542,2023-02-03/BDMC,BDMC,AMR_39,G33_14,WS_19_20,"[""107154""]",1,4591.95000000794,4922.600000009143,4769.350000008585,4591.95000000794,4636.450000008102,4640.500000008116,4759.250000008548,4759.3000000085485,4769.300000008585,4769.350000008585,4918.550000009128,4922.600000009143,18.100000000000122,150.24999999999991,17.20000000000011,0,144.8499999999987,0.25,0,46.00000000000013,112.00000000000036
J000543,2023-02-03/BKAG,BKAG,AMR_19,G27_13,WS_13_20,"[""101027"", ""107136""]",2,4605.85000000799,5088.450000009746,5006.450000009448,4605.85000000799,4619.1000000080385,4623.150000008053,4996.350000009411,4996.400000009411,5006.4000000094475,5006.450000009448,5084.400000009731,5088.450000009746,18.100000000000122,129.64999999999523,21.050000000000164,0,313.550000000037,0.25,0,6.0,124.00000000000051
J000544,2023-02-03/BURM,BURM,AMR_28,G9_14,WS_25_20,"[""110296"", ""124899""]",4,4606.4500000079925,5238.300000010291,4998.150000009417,4606.4500000079925,4634.850000008096,4638.9000000081105,4988.050000009381,4988.100000009381,4998.100000009417,4998.150000009417,5234.250000010276,5238.300000010291,18.100000000000122,142.04999999999805,23.000000000000192,0,448.4500000000677,0.25,0,20.0,108.00000000000014
J000545,2023-02-03/PANJ,PANJ,AMR_29,G15_15,WS_30_20,"[""123094"", ""124702""]",2,4619.900000008041,5227.550000010252,5111.45000000983,4619.900000008041,4993.900000009402,4997.950000009417,5101.350000009793,5101.400000009793,5111.4000000098295,5111.45000000983,5223.500000010237,5227.550000010252,18.100000000000122,189.60000000000886,22.10000000000018,0,377.6000000000516,0.25,0,98.00000000000134,87.99999999999989
J000546,2023-02-03/BKAG,BKAG,AMR_32,G14_15,WS_13_20,"[""112324""]",1,4627.75000000807,4748.400000008509,4723.750000008419,4627.75000000807,4687.750000008288,4691.800000008303,4713.650000008382,4713.700000008383,4723.700000008419,4723.750000008419,4744.350000008494,4748.400000008509,18.100000000000122,60.89999999999868,12.450000000000042,0,28.950000000000276,0.25,0,26.0,32.0
J000547,2023-02-03/KJRH,KJRH,AMR_15,G9_15,WS_2_20,"[""110484"", ""118475""]",2,4630.850000008081,4712.3000000083775,4679.700000008259,4630.850000008081,4630.850000008081,4634.900000008096,4669.600000008222,4669.650000008222,4679.650000008259,4679.700000008259,4708.250000008363,4712.3000000083775,18.100000000000122,46.94999999999947,6.649999999999984,0,9.55,0.2,0,0.0,52.00000000000054
J000548,2023-02-03/PANJ,PANJ,AMR_09,G18_14,WS_30_20,"[""101181"", ""107317""]",2,4637.050000008104,4937.550000009197,4830.900000008809,4637.050000008104,4637.050000008104,4641.1000000081185,4820.800000008772,4820.850000008772,4830.850000008809,4830.900000008809,4933.500000009182,4937.550000009197,18.100000000000122,100.59999999999643,19.150000000000137,0,162.4500000000027,0.2,0,0.0,99.99999999999994
J000549,2023-02-03/BURM,BURM,AMR_18,G20_14,WS_25_20,"[""101076""]",1,4653.400000008163,5059.100000009639,4945.750000009227,4653.400000008163,4692.600000008306,4696.650000008321,4935.65000000919,4935.70000000919,4945.700000009227,4945.750000009227,5055.0500000096245,5059.100000009639,18.100000000000122,101.49999999999638,20.15000000000015,0,265.70000000002614,0.25,0,26.0,68.00000000000014
J000550,2023-02-03/BKAG,BKAG,AMR_10,G15_14,WS_13_20,"[""110323""]",1,4658.600000008182,4776.550000008611,4743.850000008492,4658.600000008182,4702.250000008341,4706.300000008356,4733.750000008456,4733.800000008456,4743.800000008492,4743.850000008492,4772.5000000085965,4776.550000008611,18.100000000000122,80.09999999999759,14.350000000000069,0,5.14999999999999,0.25,0,38.000000000000114,44.00000000000023
J000551,2023-02-03/BURM,BURM,AMR_08,G29_12,WS_25_20,"[""127332""]",1,4673.2500000082355,5003.350000009436,4794.250000008676,4673.2500000082355,4751.000000008518,4755.050000008533,4784.150000008639,4784.200000008639,4794.2000000086755,4794.250000008676,4999.300000009422,5003.350000009436,18.100000000000122,120.19999999999531,19.100000000000136,0,172.45000000000496,0.25,0,78.0000000000006,56.0000000000003
J000552,2023-02-03/KJRH,KJRH,AMR_24,G26_13,WS_2_20,"[""114899"", ""137330""]",2,4694.600000008313,5238.200000010291,5127.95000000989,4694.600000008313,4849.300000008876,4853.350000008891,5117.850000009853,5117.900000009853,5127.9000000098895,5127.95000000989,5234.150000010276,5238.200000010291,18.100000000000122,254.4500000000236,28.700000000000273,0,242.1000000000208,0.25,0,155.99999999999997,140.00000000000082
J000553,2023-02-03/PANJ,PANJ,AMR_36,G18_9,WS_30_20,"[""111296"", ""112275""]",2,4707.55000000836,5058.3500000096365,4964.300000009294,4707.55000000836,4816.400000008756,4820.450000008771,4954.200000009258,4954.250000009258,4964.250000009294,4964.300000009294,5054.300000009622,5058.3500000096365,18.100000000000122,174.8500000000055,27.70000000000026,0,129.8999999999953,0.25,0,62.00000000000021,108.00000000000011
J000554,2023-02-03/PANJ,PANJ,AMR_15,G15_10,WS_30_20,"[""101182"", ""109969""]",2,4712.350000008378,5157.100000009996,5094.250000009767,4712.350000008378,4779.100000008621,4783.150000008635,5084.15000000973,5084.2000000097305,5094.200000009767,5094.250000009767,5153.050000009981,5157.100000009996,18.100000000000122,235.9500000000194,32.4000000000003,0,158.0500000000017,0.25,0,58.00000000000071,211.9999999999929
J000555,2023-02-03/BDMC,BDMC,AMR_27,G6_14,WS_19_20,"[""112387""]",2,4715.6000000083895,5185.150000010098,5057.450000009633,4715.6000000083895,4780.800000008627,4784.8500000086415,5047.350000009596,5047.400000009597,5057.400000009633,5057.450000009633,5181.100000010083,5185.150000010098,18.100000000000122,174.3500000000054,26.700000000000244,0,250.15000000002263,0.25,0,34.00000000000003,136.00000000000105
J000556,2023-02-03/BKAG,BKAG,AMR_21,G2_13,WS_13_20,"[""107095"", ""107105""]",2,4716.100000008391,5020.7000000094995,4961.550000009284,4716.100000008391,4856.200000008901,4860.250000008916,4951.450000009248,4951.500000009248,4961.500000009284,4961.550000009284,5016.650000009485,5020.7000000094995,18.100000000000122,151.85000000000028,21.050000000000164,0,113.3499999999957,0.25,0,74.00000000000104,88.0000000000009
J000557,2023-02-03/BURM,BURM,AMR_25,G33_15,WS_25_20,"[""107413""]",1,4718.4000000084,5408.950000010912,5366.750000010758,4718.4000000084,5315.750000010573,5319.800000010588,5356.650000010722,5356.700000010722,5366.700000010758,5366.750000010758,5404.900000010897,5408.950000010912,18.100000000000122,319.00000000003826,53.4499999999991,0,299.7500000000339,0.25,0,257.9999999999925,60.00000000000003
J000558,2023-02-03/KJRH,KJRH,AMR_13,G3_15,WS_2_20,"[""110561""]",1,4723.250000008417,4814.200000008748,4789.550000008659,4723.250000008417,4753.500000008527,4757.550000008542,4779.450000008622,4779.500000008622,4789.500000008658,4789.550000008659,4810.1500000087335,4814.200000008748,18.100000000000122,57.99999999999884,12.450000000000042,0,2.1500000000000004,0.25,0,28.000000000000007,31.99999999999997
J000559,2023-02-03/PANJ,PANJ,AMR_14,G12_9,WS_30_20,"[""110443"", ""121567""]",2,4727.850000008434,5082.5500000097245,4878.0500000089805,4727.850000008434,4772.600000008597,4776.650000008612,4867.950000008944,4868.000000008944,4878.00000000898,4878.0500000089805,5078.50000000971,5082.5500000097245,18.100000000000122,188.0500000000085,22.90000000000019,0,125.39999999999502,0.25,0,36.000000000000014,167.99999999999898
J000560,2023-02-03/BDMC,BDMC,AMR_05,G9_13,WS_19_20,"[""107162""]",1,4735.1000000084605,5055.6000000096265,4960.25000000928,4735.1000000084605,4735.1000000084605,4739.150000008475,4950.150000009243,4950.200000009243,4960.200000009279,4960.25000000928,5051.550000009612,5055.6000000096265,18.100000000000122,129.39999999999517,17.15000000000011,0,155.65000000000114,0.2,0,0.0,128.00000000000094
J000561,2023-02-03/BKAG,BKAG,AMR_31,G14_14,WS_13_20,"[""111372""]",1,4744.550000008495,5236.300000010284,5105.300000009807,4744.550000008495,5061.450000009648,5065.5000000096625,5095.2000000097705,5095.250000009771,5105.250000009807,5105.300000009807,5232.250000010269,5236.300000010284,18.100000000000122,241.45000000002065,40.24999999999985,0,191.70000000000934,0.25,0,191.9999999999966,60.000000000000355
J000562,2023-02-03/KJRH,KJRH,AMR_32,G3_13,WS_2_20,"[""111997""]",1,4748.450000008509,4883.050000008999,4845.700000008863,4748.450000008509,4793.600000008673,4797.650000008688,4835.600000008826,4835.650000008826,4845.650000008863,4845.700000008863,4879.000000008984,4883.050000008999,18.100000000000122,72.19999999999804,14.350000000000069,0,29.700000000000287,0.25,0,30.000000000000025,44.0000000000001
J000563,2023-02-03/BKAG,BKAG,AMR_07,G17_15,WS_13_20,"[""112034""]",1,4761.600000008557,5183.00000001009,5138.9000000099295,4761.600000008557,5068.2500000096725,5072.300000009687,5128.800000009893,5128.850000009893,5138.850000009929,5138.9000000099295,5178.950000010075,5183.00000001009,18.100000000000122,128.09999999999488,23.950000000000205,0,251.00000000002282,0.25,0,78.00000000000054,40.00000000000003
J000564,2023-02-03/PANJ,PANJ,AMR_22,G9_15,WS_30_20,"[""110543"", ""123035""]",2,4762.45000000856,5948.500000012875,5638.3500000117465,4762.45000000856,5313.650000010565,5317.70000001058,5628.25000001171,5628.30000001171,5638.300000011746,5638.3500000117465,5944.45000001286,5948.500000012875,18.100000000000122,370.90000000005006,60.34999999999871,0,736.449999999878,0.25,0,171.99999999999574,191.999999999998
J000565,2023-02-03/KKCH,KKCH,AMR_10,G17_14,WS_8_20,"[""101135"", ""107232"", ""110227"", ""110465"", ""110512"", ""111238""]",6,4776.6000000086115,4966.800000009303,4867.700000008943,4776.6000000086115,4806.000000008718,4810.050000008733,4857.600000008906,4857.650000008906,4867.650000008943,4867.700000008943,4962.750000009289,4966.800000009303,18.100000000000122,73.84999999999795,11.500000000000028,0,86.49999999999723,0.25,0,4.0,68.00000000000043
J000566,2023-02-03/KKCH,KKCH,AMR_26,G11_5,WS_8_20,"[""110231"", ""110299"", ""110475"", ""110492"", ""111391"", ""134029""]",6,4778.85000000862,4943.400000009218,4897.950000009053,4778.85000000862,4843.550000008855,4847.60000000887,4887.850000009016,4887.900000009016,4897.900000009053,4897.950000009053,4939.3500000092035,4943.400000009218,18.100000000000122,100.74999999999642,12.400000000000041,0,33.05000000000026,0.25,0,38.00000000000003,80.00000000000125
J000567,2023-02-03/KKCH,KKCH,AMR_35,G3_14,WS_8_20,"[""101151"", ""107177"", ""110349"", ""111996"", ""112040""]",5,4784.950000008642,5100.750000009791,5064.300000009658,4784.950000008642,5015.25000000948,5019.300000009494,5054.200000009621,5054.2500000096215,5064.250000009658,5064.300000009658,5096.700000009776,5100.750000009791,18.100000000000122,128.54999999999498,25.80000000000023,0,143.0999999999983,0.25,0,68.0000000000009,52.00000000000007
J000568,2023-02-03/KKCH,KKCH,AMR_33,G15_13,WS_8_20,"[""101193"", ""107293"", ""112285""]",3,4792.850000008671,5028.750000009529,4986.100000009374,4792.850000008671,4896.4500000090475,4900.500000009062,4976.000000009337,4976.050000009337,4986.050000009373,4986.100000009374,5024.700000009514,5028.750000009529,18.100000000000122,153.60000000000068,23.000000000000192,0,40.94999999999981,0.25,0,90.00000000000148,88.00000000000125
J000569,2023-02-03/BDMC,BDMC,AMR_13,G3_12,WS_19_20,"[""124994""]",1,4814.250000008748,5188.050000010108,5039.500000009568,4814.250000008748,4845.6000000088625,4849.650000008877,5029.400000009531,5029.450000009531,5039.450000009568,5039.500000009568,5184.000000010094,5188.050000010108,18.100000000000122,150.29999999999993,20.05000000000015,0,185.10000000000784,0.25,0,14.0,132.00000000000085
J000570,2023-02-03/KJRH,KJRH,AMR_30,G8_13,WS_2_20,"[""111366""]",1,4816.350000008756,4965.200000009298,4928.950000009166,4816.350000008756,4882.800000008998,4886.850000009013,4918.850000009129,4918.900000009129,4928.9000000091655,4928.950000009166,4961.150000009283,4965.200000009298,18.100000000000122,88.59999999999711,14.300000000000068,0,27.600000000000257,0.25,0,40.000000000000085,56.00000000000054
J000571,2023-02-03/KKCH,KKCH,AMR_23,G18_15,WS_8_20,"[""101296"", ""110595"", ""121833""]",3,4831.900000008813,5236.900000010286,5161.500000010012,4831.900000008813,5023.800000009511,5027.8500000095255,5151.400000009975,5151.450000009975,5161.4500000100115,5161.500000010012,5232.850000010271,5236.900000010286,18.100000000000122,163.75000000000298,31.650000000000315,0,191.25000000000924,0.25,0,70.00000000000004,84.00000000000053
J000572,2023-02-03/KJRH,KJRH,AMR_32,G8_12,WS_2_20,"[""110463""]",1,4883.100000008999,5009.550000009459,4954.400000009258,4883.100000008999,4908.300000009091,4912.350000009105,4944.300000009222,4944.350000009222,4954.350000009258,4954.400000009258,5005.500000009444,5009.550000009459,18.100000000000122,76.3999999999978,13.350000000000055,0,18.350000000000126,0.25,0,16.0,64.00000000000054
J000573,2023-02-03/BDMC,BDMC,AMR_20,G2_14,WS_19_20,"[""111207""]",1,4909.500000009095,5214.100000010203,5085.900000009737,4909.500000009095,4982.050000009359,4986.100000009374,5075.8000000097,5075.8500000097,5085.8500000097365,5085.900000009737,5210.050000010188,5214.100000010203,18.100000000000122,169.75000000000435,15.300000000000082,0,101.1999999999964,0.25,0,88.00000000000212,108.00000000000092
J000574,2023-02-03/KKCH,KKCH,AMR_34,G17_12,WS_8_20,"[""101183"", ""101221"", ""112361""]",3,4915.400000009116,5311.000000010556,5193.400000010128,4915.400000009116,5097.600000009779,5101.650000009794,5183.300000010091,5183.350000010091,5193.350000010128,5193.400000010128,5306.950000010541,5311.000000010556,18.100000000000122,203.9000000000121,25.80000000000023,0,147.5499999999993,0.25,0,142.00000000000207,76.00000000000068
J000575,2023-02-03/BURM,BURM,AMR_39,G21_13,WS_25_20,"[""107256"", ""134683""]",2,4922.650000009143,5206.750000010176,5176.300000010066,4922.650000009143,5111.45000000983,5115.500000009844,5166.200000010029,5166.250000010029,5176.250000010065,5176.300000010066,5202.700000010162,5206.750000010176,18.100000000000122,131.7499999999957,23.000000000000192,0,110.99999999999584,0.25,0,78.00000000000031,52.00000000000013
J000576,2023-02-03/BKAG,BKAG,AMR_37,G2_15,WS_13_20,"[""110210"", ""115355""]",2,4925.550000009153,5075.350000009698,5040.5000000095715,4925.550000009153,4925.550000009153,4929.600000009168,5030.400000009535,5030.450000009535,5040.450000009571,5040.5000000095715,5071.300000009684,5075.350000009698,18.100000000000122,69.54999999999819,6.649999999999984,0,55.299999999998995,0.2,0,0.0,72.00000000000077
J000577,2023-02-03/KJRH,KJRH,AMR_01,G9_12,WS_2_20,"[""112340""]",2,4929.650000009168,5150.05000000997,5110.800000009827,4929.650000009168,5050.500000009608,5054.550000009623,5100.7000000097905,5100.750000009791,5110.750000009827,5110.800000009827,5146.000000009955,5150.05000000997,18.100000000000122,155.80000000000118,20.10000000000015,0,26.150000000000237,0.25,0,106.00000000000242,84.00000000000102
J000578,2023-02-03/PANJ,PANJ,AMR_09,G2_8,WS_30_20,"[""111207"", ""114762""]",2,4937.600000009197,5297.200000010505,5183.300000010091,4937.600000009197,5063.250000009654,5067.300000009669,5173.200000010054,5173.2500000100545,5183.250000010091,5183.300000010091,5293.150000010491,5297.200000010505,18.100000000000122,249.85000000002256,26.800000000000246,0,64.59999999999847,0.25,0,80.00000000000156,227.99999999999096
J000579,2023-02-03/KKCH,KKCH,AMR_26,G18_6,WS_8_20,"[""109989"", ""110499"", ""123763""]",3,4943.4500000092185,5284.8500000104605,5125.100000009879,4943.4500000092185,4993.900000009402,4997.950000009417,5115.000000009843,5115.050000009843,5125.050000009879,5125.100000009879,5280.800000010446,5284.8500000104605,18.100000000000122,161.10000000000238,21.050000000000164,0,140.8999999999978,0.25,0,44.000000000000135,128.00000000000153
J000580,2023-02-03/BURM,BURM,AMR_40,G23_10,WS_25_20,"[""138499""]",1,4946.60000000923,5193.300000010127,5107.900000009817,4946.60000000923,5009.000000009457,5013.050000009472,5097.80000000978,5097.85000000978,5107.8500000098165,5107.900000009817,5189.250000010113,5193.300000010127,18.100000000000122,87.0999999999972,15.300000000000082,0,125.94999999999499,0.25,0,18.0,60.000000000000114
J000581,2023-02-03/KJRH,KJRH,AMR_30,G12_15,WS_2_20,"[""110604""]",1,4965.250000009298,5094.750000009769,5058.200000009636,4965.250000009298,5009.1500000094575,5013.200000009472,5048.100000009599,5048.150000009599,5058.150000009636,5058.200000009636,5090.700000009754,5094.750000009769,18.100000000000122,82.99999999999743,14.350000000000069,0,13.800000000000061,0.25,0,24.0,64.0000000000008
J000582,2023-02-03/BKAG,BKAG,AMR_10,G17_14,WS_13_20,"[""101191""]",1,4966.850000009304,5103.700000009801,5023.4500000095095,4966.850000009304,4966.850000009304,4970.900000009318,5013.350000009473,5013.400000009473,5023.400000009509,5023.4500000095095,5099.650000009787,5103.700000009801,18.100000000000122,47.749999999999424,9.55,0,61.24999999999866,0.2,0,0.0,44.00000000000013
J000583,2023-02-03/PANJ,PANJ,AMR_11,G30_15,WS_30_20,"[""127626""]",1,4974.850000009333,5060.650000009645,5037.850000009562,4974.850000009333,5000.550000009426,5004.600000009441,5027.750000009525,5027.800000009525,5037.800000009562,5037.850000009562,5056.60000000963,5060.650000009645,18.100000000000122,53.64999999999909,11.500000000000028,0,2.3,0.25,0,22.0,32.0
J000584,2023-02-03/BURM,BURM,AMR_06,G27_10,WS_25_20,"[""110567""]",1,4999.550000009423,5159.650000010005,5062.650000009652,4999.550000009423,5012.900000009471,5016.950000009486,5052.550000009615,5052.6000000096155,5062.600000009652,5062.650000009652,5155.60000000999,5159.650000010005,18.100000000000122,67.84999999999829,13.350000000000055,0,60.5499999999987,0.25,0,6.0,60.0000000000004
J000585,2023-02-03/KKCH,KKCH,AMR_12,G20_5,WS_8_20,"[""107573"", ""112247"", ""112435""]",3,5003.050000009435,5293.300000010491,5177.45000001007,5003.050000009435,5087.600000009743,5091.650000009758,5167.350000010033,5167.400000010033,5177.40000001007,5177.45000001007,5289.2500000104765,5293.300000010491,18.100000000000122,148.29999999999947,14.300000000000068,0,109.29999999999593,0.25,0,36.000000000000036,124.0000000000019
J000586,2023-02-03/KJRH,KJRH,AMR_08,G9_10,WS_2_20,"[""110257""]",1,5003.400000009437,5255.600000010354,5213.850000010202,5003.400000009437,5157.000000009995,5161.05000001001,5203.750000010165,5203.800000010166,5213.800000010202,5213.850000010202,5251.550000010339,5255.600000010354,18.100000000000122,142.44999999999814,23.000000000000192,0,68.39999999999826,0.25,0,84.000000000001,72.00000000000077
J000587,2023-02-03/BKAG,BKAG,AMR_32,G15_12,WS_13_20,"[""101097""]",1,5009.600000009459,5214.550000010205,5168.900000010039,5009.600000009459,5030.0500000095335,5034.100000009548,5158.800000010002,5158.850000010002,5168.8500000100385,5168.900000010039,5210.50000001019,5214.550000010205,18.100000000000122,95.64999999999671,16.200000000000095,0,74.7499999999979,0.25,0,18.0,76.00000000000051
J000588,2023-02-03/BURM,BURM,AMR_17,G21_10,WS_25_20,"[""110585""]",1,5011.850000009467,5199.900000010151,5153.300000009982,5011.850000009467,5062.10000000965,5066.150000009665,5143.200000009945,5143.250000009945,5153.250000009982,5153.300000009982,5195.850000010137,5199.900000010151,18.100000000000122,95.7999999999967,17.25000000000011,0,56.64999999999892,0.25,0,18.0,68.00000000000006
J000589,2023-02-03/PANJ,PANJ,AMR_21,G2_13,WS_30_20,"[""101235"", ""110548""]",3,5020.7500000095,5419.950000010952,5260.500000010372,5020.7500000095,5020.7500000095,5024.800000009514,5250.400000010335,5250.450000010335,5260.450000010372,5260.500000010372,5415.900000010937,5419.950000010952,18.100000000000122,182.00000000000713,19.100000000000136,0,179.80000000000663,0.2,0,0.0,195.99999999999574
J000590,2023-02-03/BKAG,BKAG,AMR_33,G15_13,WS_13_20,"[""107293""]",1,5028.800000009529,5162.150000010014,5085.900000009737,5028.800000009529,5028.800000009529,5032.850000009544,5075.8000000097,5075.8500000097,5085.8500000097365,5085.900000009737,5158.100000009999,5162.150000010014,18.100000000000122,50.44999999999927,9.55,0,55.04999999999901,0.2,0,0.0,48.000000000000256
J000591,2023-02-03/KKCH,KKCH,AMR_38,G15_14,WS_8_20,"[""101155"", ""123310""]",2,5034.850000009551,5280.300000010444,5209.350000010186,5034.850000009551,5143.800000009947,5147.850000009962,5199.250000010149,5199.300000010149,5209.300000010186,5209.350000010186,5276.250000010429,5280.300000010444,18.100000000000122,137.79999999999708,18.200000000000124,0,71.0999999999981,0.25,0,78.00000000000057,68.00000000000045
J000592,2023-02-03/BKAG,BKAG,AMR_03,G18_13,WS_13_20,"[""110253""]",1,5050.600000009608,5500.750000011246,5325.400000010608,5050.600000009608,5193.800000010129,5197.850000010144,5315.300000010571,5315.350000010571,5325.350000010608,5325.400000010608,5496.700000011231,5500.750000011246,18.100000000000122,144.09999999999852,27.80000000000026,0,259.9000000000248,0.25,0,68.00000000000063,64.00000000000003
J000593,2023-02-03/KJRH,KJRH,AMR_05,G9_13,WS_2_20,"[""107162""]",1,5055.650000009627,5218.80000001022,5145.000000009952,5055.650000009627,5055.650000009627,5059.700000009641,5134.900000009915,5134.950000009915,5144.9500000099515,5145.000000009952,5214.750000010205,5218.80000001022,18.100000000000122,70.69999999999813,9.55,0,64.59999999999847,0.2,0,0.0,68.00000000000068
J000594,2023-02-03/BURM,BURM,AMR_36,G30_12,WS_25_20,"[""111371""]",1,5058.400000009637,5241.350000010302,5200.500000010154,5058.400000009637,5149.850000009969,5153.900000009984,5190.400000010117,5190.450000010117,5200.450000010153,5200.500000010154,5237.3000000102875,5241.350000010302,18.100000000000122,130.64999999999546,24.90000000000022,0,9.049999999999994,0.25,0,74.00000000000051,68.00000000000026
J000595,2023-02-03/PANJ,PANJ,AMR_02,G29_15,WS_30_20,"[""101275""]",2,5059.100000009639,5330.200000010625,5313.300000010564,5059.100000009639,5239.5000000102955,5243.55000001031,5303.200000010527,5303.250000010527,5313.250000010564,5313.300000010564,5326.150000010611,5330.200000010625,18.100000000000122,119.04999999999538,20.10000000000015,0,113.59999999999569,0.25,0,81.99999999999999,32.0
J000596,2023-02-03/BKAG,BKAG,AMR_18,G8_13,WS_13_20,"[""112073""]",1,5059.150000009639,5247.850000010326,5205.10000001017,5059.150000009639,5120.850000009864,5124.900000009879,5195.000000010134,5195.050000010134,5205.05000001017,5205.10000001017,5243.800000010311,5247.850000010326,18.100000000000122,102.9499999999963,15.300000000000082,0,52.09999999999918,0.25,0,38.00000000000007,64.0000000000004
J000597,2023-02-03/KJRH,KJRH,AMR_11,G14_15,WS_2_20,"[""112045""]",1,5060.700000009645,5451.200000011066,5282.00000001045,5060.700000009645,5214.550000010205,5218.600000010219,5271.900000010413,5271.9500000104135,5281.95000001045,5282.00000001045,5447.150000011051,5451.200000011066,18.100000000000122,126.84999999999494,22.95000000000019,0,222.3500000000163,0.25,0,48.00000000000003,72.00000000000034
J000598,2023-02-03/KKCH,KKCH,AMR_37,G2_15,WS_8_20,"[""101163"", ""107301"", ""107398"", ""110210"", ""112013""]",5,5075.4000000096985,5173.450000010055,5145.600000009954,5075.4000000096985,5075.4000000096985,5079.450000009713,5135.500000009917,5135.550000009917,5145.550000009954,5145.600000009954,5169.4000000100405,5173.450000010055,18.100000000000122,56.9499999999989,11.450000000000028,0,11.350000000000026,0.2,0,0.0,56.00000000000023
J000599,2023-02-03/BURM,BURM,AMR_14,G18_9,WS_25_20,"[""112275""]",1,5082.600000009725,5351.900000010704,5300.750000010518,5082.600000009725,5141.450000009939,5145.5000000099535,5290.650000010482,5290.700000010482,5300.700000010518,5300.750000010518,5347.85000001069,5351.900000010704,18.100000000000122,131.14999999999557,21.100000000000165,0,98.69999999999654,0.25,0,44.00000000000037,96.00000000000045
J000600,2023-02-03/BKAG,BKAG,AMR_19,G21_14,WS_13_20,"[""107250""]",1,5088.500000009746,5329.850000010624,5289.400000010477,5088.500000009746,5156.300000009993,5160.3500000100075,5279.30000001044,5279.35000001044,5289.350000010477,5289.400000010477,5325.800000010609,5329.850000010624,18.100000000000122,112.54999999999575,21.100000000000165,0,89.34999999999707,0.25,0,42.00000000000013,76.00000000000045
J000601,2023-02-03/PANJ,PANJ,AMR_30,G32_15,WS_30_20,"[""101066""]",1,5094.800000009769,5291.750000010486,5243.200000010309,5094.800000009769,5214.400000010204,5218.450000010219,5233.100000010272,5233.150000010272,5243.150000010309,5243.200000010309,5287.700000010471,5291.750000010486,18.100000000000122,100.64999999999642,9.5,0,68.44999999999825,0.25,0,88.00000000000097,32.0
J000602,2023-02-03/BKAG,BKAG,AMR_10,G11_10,WS_13_20,"[""111992""]",1,5105.350000009807,5309.300000010549,5271.150000010411,5105.350000009807,5174.75000001006,5178.800000010075,5261.050000010374,5261.100000010374,5271.10000001041,5271.150000010411,5305.250000010535,5309.300000010549,18.100000000000122,102.7999999999963,20.10000000000015,0,62.699999999998575,0.25,0,36.00000000000003,60.00000000000034
J000603,2023-02-03/BURM,BURM,AMR_35,G23_7,WS_25_20,"[""123094""]",1,5107.950000009817,5330.250000010626,5269.500000010405,5107.950000009817,5176.700000010067,5180.750000010082,5259.400000010368,5259.450000010368,5269.450000010404,5269.500000010405,5326.200000010611,5330.250000010626,18.100000000000122,139.99999999999758,17.20000000000011,0,46.74999999999948,0.25,0,82.00000000000136,76.00000000000057
J000604,2023-02-03/KJRH,KJRH,AMR_01,G14_13,WS_2_20,"[""126308""]",1,5150.10000000997,5471.60000001114,5372.300000010779,5150.10000000997,5216.800000010213,5220.850000010228,5362.200000010742,5362.250000010742,5372.250000010778,5372.300000010779,5467.550000011125,5471.60000001114,18.100000000000122,124.19999999999509,20.05000000000015,0,158.90000000000188,0.25,0,28.0,100.0000000000012
J000605,2023-02-03/KKCH,KKCH,AMR_15,G20_15,WS_8_20,"[""101075"", ""112086""]",2,5157.150000009996,5593.050000011582,5486.550000011194,5157.150000009996,5271.700000010413,5275.750000010427,5476.4500000111575,5476.500000011158,5486.500000011194,5486.550000011194,5589.000000011567,5593.050000011582,18.100000000000122,176.85000000000596,26.750000000000245,0,213.9500000000144,0.25,0,64.00000000000051,120.0000000000014
J000606,2023-02-03/KJRH,KJRH,AMR_06,G11_9,WS_2_20,"[""111289""]",1,5159.700000010005,5413.050000010927,5316.050000010574,5159.700000010005,5243.55000001031,5247.600000010325,5305.950000010537,5306.000000010537,5316.000000010574,5316.050000010574,5409.000000010912,5413.050000010927,18.100000000000122,136.84999999999687,20.10000000000015,0,78.04999999999771,0.25,0,70.00000000000114,84.000000000001
J000607,2023-02-03/KKCH,KKCH,AMR_33,G11_7,WS_8_20,"[""110342"", ""110448""]",2,5162.200000010014,5452.45000001107,5280.200000010444,5162.200000010014,5225.150000010243,5229.200000010258,5270.100000010407,5270.150000010407,5280.150000010443,5280.200000010444,5448.400000011055,5452.45000001107,18.100000000000122,143.74999999999844,19.100000000000136,0,109.04999999999595,0.25,0,44.00000000000024,104.00000000000082
J000608,2023-02-03/BKAG,BKAG,AMR_04,G15_10,WS_13_20,"[""109969""]",1,5171.850000010049,5538.950000011385,5482.850000011181,5171.850000010049,5435.95000001101,5440.000000011025,5472.750000011144,5472.800000011144,5482.800000011181,5482.850000011181,5534.90000001137,5538.950000011385,18.100000000000122,209.1500000000133,37.30000000000002,0,102.29999999999633,0.25,0,165.99999999999818,56.000000000000355
J000609,2023-02-03/KJRH,KJRH,AMR_37,G14_10,WS_2_20,"[""135096""]",1,5173.500000010055,5490.2000000112075,5339.400000010659,5173.500000010055,5273.450000010419,5277.500000010434,5329.300000010622,5329.350000010622,5339.350000010659,5339.400000010659,5486.150000011193,5490.2000000112075,18.100000000000122,166.25000000000355,20.05000000000015,0,112.04999999999578,0.25,0,94.00000000000227,92.00000000000071
J000610,2023-02-03/BURM,BURM,AMR_07,G17_14,WS_25_20,"[""101028""]",1,5183.05000001009,5447.100000011051,5382.600000010816,5183.05000001009,5186.050000010101,5190.100000010116,5372.500000010779,5372.5500000107795,5382.550000010816,5382.600000010816,5443.050000011036,5447.100000011051,18.100000000000122,95.19999999999673,14.300000000000068,0,136.19999999999672,0.25,0,2.0,92.00000000000026
J000611,2023-02-03/PANJ,PANJ,AMR_27,G27_14,WS_30_20,"[""125463""]",1,5185.200000010098,5374.500000010787,5330.350000010626,5185.200000010098,5266.050000010392,5270.100000010407,5320.250000010589,5320.300000010589,5330.300000010626,5330.350000010626,5370.450000010772,5374.500000010787,18.100000000000122,104.29999999999622,17.20000000000011,0,49.44999999999933,0.25,0,58.000000000000114,44.00000000000004
J000612,2023-02-03/KKCH,KKCH,AMR_13,G17_15,WS_8_20,"[""110166"", ""111249""]",2,5188.1000000101085,5532.05000001136,5470.500000011136,5188.1000000101085,5375.700000010791,5379.750000010806,5460.400000011099,5460.450000011099,5470.450000011136,5470.500000011136,5528.000000011345,5532.05000001136,18.100000000000122,148.04999999999941,23.850000000000204,0,153.7000000000007,0.25,0,74.00000000000091,68.00000000000072
J000613,2023-02-03/BKAG,BKAG,AMR_40,G23_14,WS_13_20,"[""110433""]",1,5193.350000010128,5440.200000011026,5308.100000010545,5193.350000010128,5239.300000010295,5243.3500000103095,5298.000000010508,5298.0500000105085,5308.050000010545,5308.100000010545,5436.150000011011,5440.200000011026,18.100000000000122,86.04999999999725,13.400000000000055,0,129.0499999999951,0.25,0,12.0,68.00000000000003
J000614,2023-02-03/KKCH,KKCH,AMR_17,G20_13,WS_8_20,"[""107380"", ""111999""]",2,5199.950000010152,5808.000000012364,5542.950000011399,5199.950000010152,5410.600000010918,5414.650000010933,5532.850000011363,5532.900000011363,5542.900000011399,5542.950000011399,5803.950000012349,5808.000000012364,18.100000000000122,228.9000000000178,38.29999999999996,0,322.50000000003905,0.25,0,124.00000000000225,116.000000000001
J000615,2023-02-03/BURM,BURM,AMR_39,G20_7,WS_25_20,"[""101059""]",1,5206.8000000101765,5557.600000011453,5423.300000010964,5206.8000000101765,5343.150000010673,5347.200000010687,5413.200000010927,5413.250000010928,5423.250000010964,5423.300000010964,5553.550000011438,5557.600000011453,18.100000000000122,153.60000000000068,22.95000000000019,0,155.9000000000012,0.25,0,70.00000000000082,88.00000000000048
J000616,2023-02-03/KJRH,KJRH,AMR_20,G5_15,WS_2_20,"[""110397""]",1,5214.150000010203,5326.300000010611,5299.000000010512,5214.150000010203,5258.950000010366,5263.000000010381,5288.900000010475,5288.950000010475,5298.950000010512,5299.000000010512,5322.2500000105965,5326.300000010611,18.100000000000122,55.74999999999897,12.400000000000041,0,25.65000000000023,0.25,0,15.999999999999979,35.999999999999986
J000617,2023-02-03/KKCH,KKCH,AMR_32,G21_15,WS_8_20,"[""107412"", ""110254""]",2,5214.600000010205,5514.350000011295,5411.750000010922,5214.600000010205,5304.200000010531,5308.250000010546,5401.650000010885,5401.700000010886,5411.700000010922,5411.750000010922,5510.300000011281,5514.350000011295,18.100000000000122,127.69999999999489,15.250000000000082,0,138.44999999999723,0.25,0,26.0,104.00000000000081
J000618,2023-02-03/PANJ,PANJ,AMR_05,G21_13,WS_30_20,"[""101149"", ""110520""]",3,5218.85000001022,5430.45000001099,5371.100000010774,5218.85000001022,5311.300000010557,5315.350000010571,5361.0000000107375,5361.050000010738,5371.050000010774,5371.100000010774,5426.400000010975,5430.45000001099,18.100000000000122,139.39999999999745,19.100000000000136,0,34.75000000000016,0.25,0,80.00000000000054,72.00000000000014
J000619,2023-02-03/BKAG,BKAG,AMR_29,G3_14,WS_13_20,"[""110494""]",1,5227.600000010252,5575.9500000115195,5499.750000011242,5227.600000010252,5274.300000010422,5278.350000010437,5489.6500000112055,5489.700000011206,5499.700000011242,5499.750000011242,5571.900000011505,5575.9500000115195,18.100000000000122,134.54999999999634,20.05000000000015,0,175.40000000000563,0.25,0,30.000000000000004,100.00000000000101
J000620,2023-02-03/BURM,BURM,AMR_31,G23_6,WS_25_20,"[""129530""]",2,5236.350000010284,5616.250000011666,5439.250000011022,5236.350000010284,5334.650000010642,5338.700000010656,5429.150000010985,5429.200000010986,5439.200000011022,5439.250000011022,5612.200000011651,5616.250000011666,18.100000000000122,144.74999999999866,21.050000000000164,0,195.75000000001026,0.25,0,70.00000000000051,80.00000000000031
J000621,2023-02-03/KJRH,KJRH,AMR_23,G3_12,WS_2_20,"[""123128""]",1,5236.950000010286,5422.800000010962,5389.20000001084,5236.950000010286,5337.250000010651,5341.300000010666,5379.100000010803,5379.1500000108035,5389.15000001084,5389.20000001084,5418.750000010948,5422.800000010962,18.100000000000122,110.64999999999586,18.100000000000122,0,38.749999999999936,0.25,0,64.00000000000053,48.00000000000034
J000622,2023-02-03/KKCH,KKCH,AMR_24,G2_14,WS_8_20,"[""110220"", ""114762""]",2,5238.250000010291,5538.650000011384,5504.300000011259,5238.250000010291,5445.450000011045,5449.5000000110595,5494.200000011222,5494.250000011222,5504.250000011259,5504.300000011259,5534.600000011369,5538.650000011384,18.100000000000122,146.199999999999,28.750000000000274,0,107.09999999999606,0.25,0,82.00000000000061,64.00000000000031
J000623,2023-02-03/BDMC,BDMC,AMR_28,G9_14,WS_19_20,"[""107377""]",1,5238.350000010291,5439.400000011023,5313.300000010564,5238.350000010291,5238.350000010291,5242.400000010306,5303.200000010527,5303.250000010527,5313.250000010564,5313.300000010564,5435.350000011008,5439.400000011023,18.100000000000122,77.79999999999772,13.350000000000055,0,91.59999999999694,0.2,0,0.0,76.0000000000002
J000624,2023-02-03/PANJ,PANJ,AMR_36,G29_12,WS_30_20,"[""125175""]",1,5243.250000010309,5331.200000010629,5296.050000010501,5243.250000010309,5246.550000010321,5250.600000010336,5285.9500000104645,5286.000000010465,5296.000000010501,5296.050000010501,5327.150000010614,5331.200000010629,18.100000000000122,55.299999999998995,9.5,0,4.799999999999991,0.25,0,2.0,52.00000000000023
J000625,2023-02-03/PANJ,PANJ,AMR_16,G26_12,WS_30_20,"[""111241""]",1,5260.550000010372,5405.850000010901,5347.400000010688,5260.550000010372,5280.300000010444,5284.350000010459,5337.300000010651,5337.3500000106515,5347.350000010688,5347.400000010688,5401.800000010886,5405.850000010901,18.100000000000122,78.64999999999768,13.350000000000055,0,34.95000000000015,0.25,0,14.0,64.00000000000023
J000626,2023-02-03/BURM,BURM,AMR_08,G21_12,WS_25_20,"[""101022""]",1,5269.550000010405,5560.950000011465,5407.300000010906,5269.550000010405,5323.450000010601,5327.500000010616,5397.200000010869,5397.250000010869,5407.250000010906,5407.300000010906,5556.90000001145,5560.950000011465,18.100000000000122,130.89999999999552,21.950000000000177,0,120.19999999999531,0.25,0,28.0,104.00000000000023
J000627,2023-02-03/BKAG,BKAG,AMR_18,G18_15,WS_13_20,"[""123305""]",1,5271.200000010411,5432.400000010997,5354.750000010715,5271.200000010411,5309.55000001055,5313.600000010565,5344.650000010678,5344.700000010678,5354.700000010715,5354.750000010715,5428.3500000109825,5432.400000010997,18.100000000000122,76.74999999999778,12.450000000000042,0,53.64999999999909,0.25,0,36.00000000000003,44.00000000000007
J000628,2023-02-03/KKCH,KKCH,AMR_38,G14_14,WS_8_20,"[""107224"", ""112374"", ""113197""]",3,5280.350000010444,5482.65000001118,5395.550000010863,5280.350000010444,5283.400000010455,5287.45000001047,5385.450000010826,5385.500000010827,5395.500000010863,5395.550000010863,5478.600000011165,5482.65000001118,18.100000000000122,62.39999999999859,7.599999999999981,0,113.94999999999567,0.25,0,2.0,56.00000000000021
J000629,2023-02-03/KJRH,KJRH,AMR_26,G15_14,WS_2_20,"[""112359""]",1,5284.900000010461,5510.15000001128,5449.200000011058,5284.900000010461,5328.100000010618,5332.1500000106325,5439.100000011022,5439.150000011022,5449.150000011058,5449.200000011058,5506.100000011265,5510.15000001128,18.100000000000122,139.34999999999744,19.100000000000136,0,48.449999999999385,0.25,0,26.0,120.00000000000139
J000630,2023-02-03/BKAG,BKAG,AMR_30,G14_8,WS_13_20,"[""104505""]",1,5291.800000010486,5504.400000011259,5430.950000010992,5291.800000010486,5359.05000001073,5363.100000010745,5420.850000010955,5420.900000010955,5430.900000010992,5430.950000010992,5500.350000011244,5504.400000011259,18.100000000000122,133.29999999999606,16.200000000000095,0,44.749999999999595,0.25,0,74.00000000000051,68.00000000000031
J000631,2023-02-03/PANJ,PANJ,AMR_12,G23_13,WS_30_20,"[""110142""]",1,5296.100000010501,5437.300000011015,5393.100000010854,5296.100000010501,5336.150000010647,5340.200000010662,5383.0000000108175,5383.050000010818,5393.050000010854,5393.100000010854,5433.250000011,5437.300000011015,18.100000000000122,95.7999999999967,15.300000000000082,0,11.750000000000032,0.25,0,26.0,72.00000000000003
J000632,2023-02-03/KJRH,KJRH,AMR_09,G17_13,WS_2_20,"[""122632""]",1,5299.050000010512,5640.500000011754,5592.300000011579,5299.050000010512,5346.350000010684,5350.400000010699,5582.200000011542,5582.250000011542,5592.250000011579,5592.300000011579,5636.45000001174,5640.500000011754,18.100000000000122,169.30000000000425,26.850000000000247,0,126.94999999999493,0.25,0,44.000000000000114,136.00000000000105
J000633,2023-02-03/BURM,BURM,AMR_10,G15_8,WS_25_20,"[""115580""]",1,5309.35000001055,5803.750000012348,5455.20000001108,5309.35000001055,5353.800000010711,5357.850000010726,5445.100000011043,5445.150000011044,5455.15000001108,5455.20000001108,5799.7000000123335,5803.750000012348,18.100000000000122,182.65000000000728,27.75000000000026,0,265.6500000000261,0.25,0,20.0,171.99999999999596
J000634,2023-02-03/BKAG,BKAG,AMR_34,G24_14,WS_13_20,"[""110492""]",1,5311.050000010556,5826.35000001243,5689.500000011933,5311.050000010556,5602.750000011617,5606.800000011632,5679.400000011896,5679.450000011896,5689.450000011932,5689.500000011933,5822.300000012416,5826.35000001243,18.100000000000122,178.10000000000625,28.700000000000273,0,290.1500000000317,0.25,0,86.00000000000028,80.00000000000014
J000635,2023-02-03/JETG,JETG,AMR_20,G26_8,WS_19_20,"[""110166"", ""110225"", ""110231"", ""110233"", ""110592"", ""111276"", ""112034"", ""112056"", ""124704"", ""133300""]",12,5326.350000010611,5565.450000011481,5464.400000011114,5326.350000010611,5405.6500000109,5409.700000010915,5454.300000011077,5454.350000011077,5464.3500000111135,5464.400000011114,5561.400000011467,5565.450000011481,18.100000000000122,158.75000000000185,21.950000000000177,0,40.04999999999986,0.25,0,92.00000000000134,88.00000000000034
J000636,2023-02-03/JETG,JETG,AMR_19,G30_9,WS_19_20,"[""101330"", ""110148"", ""110221"", ""110299"", ""110475"", ""111212"", ""120450"", ""123310"", ""125413""]",11,5329.900000010624,5664.600000011842,5541.800000011395,5329.900000010624,5397.650000010871,5401.700000010886,5531.7000000113585,5531.750000011359,5541.750000011395,5541.800000011395,5660.550000011827,5664.600000011842,18.100000000000122,146.79999999999913,22.95000000000019,0,146.59999999999908,0.25,0,52.00000000000058,100.00000000000006
J000637,2023-02-03/JETG,JETG,AMR_02,G24_15,WS_19_20,"[""100949"", ""101295"", ""110141"", ""110522"", ""110555"", ""111277"", ""112059"", ""112394""]",10,5330.250000010626,5489.050000011203,5429.200000010986,5330.250000010626,5372.80000001078,5376.850000010795,5419.100000010949,5419.150000010949,5429.150000010985,5429.200000010986,5485.000000011189,5489.050000011203,18.100000000000122,60.29999999999871,11.450000000000028,0,68.69999999999824,0.25,0,14.0,44.00000000000003
J000638,2023-02-03/JETG,JETG,AMR_35,G18_14,WS_19_20,"[""101080"", ""107317"", ""110189"", ""110380"", ""110504"", ""110594"", ""112326""]",11,5330.300000010626,5936.10000001283,5842.350000012489,5330.300000010626,5799.250000012332,5803.300000012347,5832.250000012452,5832.300000012452,5842.300000012488,5842.350000012489,5932.050000012815,5936.10000001283,18.100000000000122,228.80000000001777,38.34999999999996,0,320.30000000003855,0.25,0,199.9999999999961,48.00000000000004
J000639,2023-02-03/PANJ,PANJ,AMR_36,G24_12,WS_30_20,"[""107294""]",1,5331.250000010629,5450.950000011065,5412.550000010925,5331.250000010629,5351.250000010702,5355.300000010717,5402.450000010888,5402.5000000108885,5412.500000010925,5412.550000010925,5446.90000001105,5450.950000011065,18.100000000000122,83.69999999999739,13.300000000000054,0,4.3499999999999925,0.25,0,14.0,76.00000000000023
J000640,2023-02-03/KJRH,KJRH,AMR_14,G18_9,WS_2_20,"[""107094""]",1,5351.950000010705,5826.700000012432,5528.000000011345,5351.950000010705,5351.950000010705,5356.000000010719,5517.900000011308,5517.9500000113085,5527.950000011345,5528.000000011345,5822.650000012417,5826.700000012432,18.100000000000122,137.8499999999971,21.050000000000164,0,297.5500000000334,0.2,0,0.0,148.000000000001
J000641,2023-02-03/PANJ,PANJ,AMR_27,G27_10,WS_30_20,"[""101179""]",1,5374.550000010787,5497.850000011235,5454.250000011077,5374.550000010787,5395.500000010863,5399.550000010878,5444.15000001104,5444.20000001104,5454.200000011077,5454.250000011077,5493.800000011221,5497.850000011235,18.100000000000122,78.89999999999766,15.250000000000082,0,10.800000000000018,0.25,0,12.0,68.00000000000031
J000642,2023-02-03/KJRH,KJRH,AMR_16,G20_12,WS_2_20,"[""110134""]",1,5405.900000010901,5988.050000013019,5826.500000012431,5405.900000010901,5483.500000011183,5487.550000011198,5816.400000012394,5816.450000012394,5826.450000012431,5826.500000012431,5984.000000013004,5988.050000013019,18.100000000000122,163.800000000003,20.00000000000015,0,380.0000000000521,0.25,0,56.00000000000048,120.00000000000122
J000643,2023-02-03/BURM,BURM,AMR_25,G17_12,WS_25_20,"[""101297""]",1,5409.000000010912,5877.900000012618,5621.3000000116845,5409.000000010912,5489.250000011204,5493.300000011219,5611.200000011648,5611.250000011648,5621.250000011684,5621.3000000116845,5873.850000012603,5877.900000012618,18.100000000000122,168.35000000000403,22.000000000000178,0,260.2000000000249,0.25,0,54.0,128.0000000000013
J000644,2023-02-03/PANJ,PANJ,AMR_06,G23_10,WS_30_20,"[""131980""]",1,5413.100000010927,5644.4000000117685,5568.600000011493,5413.100000010927,5499.350000011241,5503.4000000112555,5558.500000011456,5558.550000011456,5568.550000011493,5568.600000011493,5640.350000011754,5644.4000000117685,18.100000000000122,140.0499999999976,21.050000000000164,0,51.84999999999919,0.25,0,74.00000000000068,84.00000000000048
J000645,2023-02-03/PANJ,PANJ,AMR_21,G17_10,WS_30_20,"[""115794""]",1,5420.000000010952,5936.6000000128315,5833.050000012455,5420.000000010952,5541.0500000113925,5545.100000011407,5822.950000012418,5823.000000012418,5833.000000012455,5833.050000012455,5932.550000012817,5936.6000000128315,18.100000000000122,196.90000000001052,25.850000000000232,0,275.50000000002836,0.25,0,112.00000000000227,100.00000000000023
J000646,2023-02-03/KKCH,KKCH,AMR_23,G17_9,WS_8_20,"[""112003"", ""118513""]",2,5422.8500000109625,5674.9000000118795,5610.450000011645,5422.8500000109625,5520.100000011316,5524.150000011331,5600.350000011608,5600.400000011608,5610.400000011645,5610.450000011645,5670.850000011865,5674.9000000118795,18.100000000000122,140.79999999999777,19.100000000000136,0,73.79999999999795,0.25,0,58.00000000000057,88.00000000000097
J000647,2023-02-03/JETG,JETG,AMR_05,G15_15,WS_19_20,"[""101290"", ""110604"", ""123094"", ""124211"", ""124702"", ""132437"", ""134029""]",9,5430.50000001099,5712.500000012016,5681.200000011902,5430.50000001099,5615.400000011663,5619.450000011678,5671.100000011866,5671.150000011866,5681.150000011902,5681.200000011902,5708.4500000120015,5712.500000012016,18.100000000000122,126.89999999999493,24.000000000000206,0,112.74999999999574,0.25,0,80.00000000000037,44.00000000000003
J000648,2023-02-03/BKAG,BKAG,AMR_18,G21_10,WS_13_20,"[""101292""]",1,5432.450000010997,5943.400000012856,5672.35000001187,5432.450000010997,5514.6500000112965,5518.700000011311,5662.250000011833,5662.300000011834,5672.30000001187,5672.35000001187,5939.3500000128415,5943.400000012856,18.100000000000122,160.90000000000234,21.950000000000177,0,309.75000000003615,0.25,0,16.0,144.00000000000134
J000649,2023-02-03/BURM,BURM,AMR_12,G12_9,WS_25_20,"[""134639""]",1,5437.350000011015,6043.700000013221,5722.550000012053,5437.350000011015,5564.300000011477,5568.350000011492,5712.450000012016,5712.500000012016,5722.500000012053,5722.550000012053,6039.650000013206,6043.700000013221,18.100000000000122,225.90000000001712,30.6000000000003,0,331.5000000000411,0.25,0,90.00000000000153,139.99999999999926
J000650,2023-02-03/BURM,BURM,AMR_28,G11_10,WS_25_20,"[""112320""]",1,5439.450000011023,5800.500000012336,5637.2500000117425,5439.450000011023,5456.550000011085,5460.6000000111,5627.150000011706,5627.200000011706,5637.200000011742,5637.2500000117425,5796.450000012322,5800.500000012336,18.100000000000122,119.94999999999533,16.200000000000095,0,206.55000000001272,0.25,0,12.0,104.00000000000051
J000651,2023-02-03/KJRH,KJRH,AMR_40,G2_13,WS_2_20,"[""126347""]",1,5440.250000011026,5957.250000012907,5932.150000012815,5440.250000011026,5886.450000012649,5890.500000012664,5922.050000012779,5922.100000012779,5932.100000012815,5932.150000012815,5953.200000012892,5957.250000012907,18.100000000000122,225.20000000001696,36.500000000000064,0,236.95000000001963,0.25,0,191.99999999999238,44.000000000000156
J000652,2023-02-03/PANJ,PANJ,AMR_07,G3_12,WS_30_20,"[""111328"", ""124994""]",2,5447.150000011051,5855.200000012535,5621.100000011684,5447.150000011051,5494.500000011223,5498.550000011238,5611.000000011647,5611.050000011647,5621.050000011684,5621.100000011684,5851.150000012521,5855.200000012535,18.100000000000122,196.65000000001046,20.05000000000015,0,173.0000000000051,0.25,0,36.00000000000003,203.99999999999403
J000653,2023-02-03/JETG,JETG,AMR_36,G23_15,WS_19_20,"[""107312"", ""107328"", ""110390"", ""110419"", ""111237"", ""111307"", ""124210""]",9,5451.000000011065,5670.000000011862,5596.250000011593,5451.000000011065,5549.600000011424,5553.650000011438,5586.150000011557,5586.200000011557,5596.200000011593,5596.250000011593,5665.950000011847,5670.000000011862,18.100000000000122,89.44999999999706,20.15000000000015,0,91.04999999999697,0.25,0,48.00000000000003,40.00000000000003
J000654,2023-02-03/BKAG,BKAG,AMR_11,G21_13,WS_13_20,"[""107259"", ""110520""]",2,5451.250000011066,5850.0000000125165,5727.450000012071,5451.250000011066,5607.250000011633,5611.300000011648,5717.350000012034,5717.400000012034,5727.40000001207,5727.450000012071,5845.950000012502,5850.0000000125165,18.100000000000122,117.49999999999547,16.250000000000096,0,246.65000000002183,0.25,0,34.0,72.00000000000023
J000655,2023-02-03/BURM,BURM,AMR_33,G9_12,WS_25_20,"[""107405""]",1,5452.50000001107,5893.950000012676,5605.050000011625,5452.50000001107,5471.150000011138,5475.200000011153,5594.950000011589,5595.000000011589,5605.000000011625,5605.050000011625,5889.900000012662,5893.950000012676,18.100000000000122,138.09999999999715,19.100000000000136,0,265.9000000000262,0.25,0,14.0,124.00000000000068
J000656,2023-02-03/KKCH,KKCH,AMR_01,G15_5,WS_8_20,"[""101200"", ""110168""]",2,5471.65000001114,5706.8000000119955,5626.2500000117025,5471.65000001114,5550.500000011427,5554.550000011442,5616.150000011666,5616.200000011666,5626.200000011702,5626.2500000117025,5702.750000011981,5706.8000000119955,18.100000000000122,155.4500000000011,22.95000000000019,0,38.399999999999956,0.25,0,50.000000000000185,120.00000000000222
J000657,2023-02-03/KJRH,KJRH,AMR_38,G9_14,WS_2_20,"[""107377"", ""110296""]",2,5482.70000001118,5661.35000001183,5609.20000001164,5482.70000001118,5558.1000000114545,5562.150000011469,5599.100000011604,5599.150000011604,5609.15000001164,5609.20000001164,5657.300000011815,5661.35000001183,18.100000000000122,93.39999999999684,17.20000000000011,0,49.699999999999314,0.25,0,18.0,76.00000000000105
J000658,2023-02-03/PANJ,PANJ,AMR_02,G15_12,WS_30_20,"[""101097""]",1,5489.1000000112035,6271.750000014051,6064.600000013297,5489.1000000112035,5662.700000011835,5666.75000001185,6054.50000001326,6054.550000013261,6064.550000013297,6064.600000013297,6267.700000014036,6271.750000014051,18.100000000000122,317.25000000003786,50.749999999999254,0,396.30000000005583,0.25,0,148.00000000000028,195.99999999999932
J000659,2023-02-03/JETG,JETG,AMR_37,G21_14,WS_19_20,"[""101018"", ""107280"", ""110224"", ""110283"", ""112279"", ""112334""]",8,5490.250000011208,5696.600000011958,5661.600000011831,5490.250000011208,5610.550000011645,5614.60000001166,5651.500000011794,5651.5500000117945,5661.550000011831,5661.600000011831,5692.550000011944,5696.600000011958,18.100000000000122,108.54999999999598,19.100000000000136,0,60.34999999999871,0.25,0,62.00000000000031,44.000000000000114
J000660,2023-02-03/BKAG,BKAG,AMR_27,G20_9,WS_13_20,"[""110478""]",1,5497.9000000112355,6201.050000013794,6061.300000013285,5497.9000000112355,5894.100000012677,5898.150000012692,6051.200000013248,6051.250000013249,6061.250000013285,6061.300000013285,6197.000000013779,6201.050000013794,18.100000000000122,253.00000000002328,42.14999999999974,0,389.6500000000543,0.25,0,144.0000000000007,112.00000000000153
J000661,2023-02-03/BURM,BURM,AMR_03,G14_10,WS_25_20,"[""107291""]",1,5500.800000011246,6436.750000014651,6344.350000014315,5500.800000011246,5797.000000012324,5801.050000012338,6334.250000014278,6334.300000014278,6344.300000014315,6344.350000014315,6432.700000014636,6436.750000014651,18.100000000000122,170.8000000000046,29.750000000000288,0,717.0499999998956,0.25,0,34.0,128.00000000000037
J000662,2023-02-03/KKCH,KKCH,AMR_30,G26_15,WS_8_20,"[""110575"", ""112331""]",4,5504.450000011259,6228.750000013894,6066.000000013302,5504.450000011259,5720.450000012045,5724.50000001206,6055.9000000132655,6055.950000013266,6065.950000013302,6066.000000013302,6224.70000001388,6228.750000013894,18.100000000000122,246.65000000002183,41.0999999999998,0,418.2000000000608,0.25,0,90.00000000000081,143.99999999999892
J000663,2023-02-03/BKAG,BKAG,AMR_26,G24_12,WS_13_20,"[""134028""]",1,5510.20000001128,5819.750000012406,5648.000000011782,5510.20000001128,5546.450000011412,5550.500000011427,5637.900000011745,5637.950000011745,5647.950000011781,5648.000000011782,5815.700000012392,5819.750000012406,18.100000000000122,115.99999999999555,15.250000000000082,0,159.95000000000212,0.25,0,26.0,88.00000000000014
J000664,2023-02-03/KKCH,KKCH,AMR_32,G26_14,WS_8_20,"[""101177"", ""101291""]",2,5514.400000011296,6465.4500000147555,6225.950000013884,5514.400000011296,5887.850000012654,5891.900000012669,6215.850000013847,6215.900000013848,6225.900000013884,6225.950000013884,6461.400000014741,6465.4500000147555,18.100000000000122,248.55000000002227,46.89999999999947,0,637.2499999999682,0.25,0,60.00000000000004,163.99999999999787
J000665,2023-02-03/KJRH,KJRH,AMR_13,G18_8,WS_2_20,"[""115120""]",1,5532.10000001136,6146.900000013597,5966.950000012942,5532.10000001136,5859.3500000125505,5863.400000012565,5956.850000012905,5956.900000012905,5966.900000012942,5966.950000012942,6142.850000013582,6146.900000013597,18.100000000000122,217.9000000000153,35.50000000000012,0,343.0500000000437,0.25,0,52.000000000000085,163.9999999999997
J000666,2023-02-03/PANJ,PANJ,AMR_24,G14_12,WS_30_20,"[""112431""]",1,5538.700000011384,6102.650000013436,6030.200000013172,5538.700000011384,5577.100000011524,5581.150000011538,6020.100000013135,6020.1500000131355,6030.150000013172,6030.200000013172,6098.600000013421,6102.650000013436,18.100000000000122,272.0500000000276,39.24999999999991,0,234.30000000001903,0.25,0,35.99999999999996,255.99999999998704
J000667,2023-02-03/JETG,JETG,AMR_04,G3_15,WS_19_20,"[""101024"", ""110222"", ""110255"", ""110305"", ""110561"", ""112231""]",8,5539.000000011385,5739.750000012115,5698.300000011965,5539.000000011385,5624.250000011695,5628.30000001171,5688.200000011928,5688.250000011928,5698.250000011964,5698.300000011965,5735.700000012101,5739.750000012115,18.100000000000122,125.44999999999501,15.300000000000082,0,41.64999999999977,0.25,0,50.00000000000067,92.00000000000114
J000668,2023-02-03/KKCH,KKCH,AMR_39,G9_13,WS_8_20,"[""134669""]",1,5557.650000011453,5703.900000011985,5667.700000011853,5557.650000011453,5631.15000001172,5635.200000011735,5657.6000000118165,5657.650000011817,5667.650000011853,5667.700000011853,5699.85000001197,5703.900000011985,18.100000000000122,98.04999999999657,15.350000000000083,0,14.500000000000071,0.25,0,62.00000000000108,48.000000000000384
J000669,2023-02-03/BURM,BURM,AMR_08,G8_14,WS_25_20,"[""135158""]",1,5561.000000011465,5994.6000000130425,5820.900000012411,5561.000000011465,5673.050000011873,5677.1000000118875,5810.800000012374,5810.850000012374,5820.85000001241,5820.900000012411,5990.550000013028,5994.6000000130425,18.100000000000122,217.9500000000153,29.600000000000286,0,167.70000000000388,0.25,0,66.00000000000054,167.9999999999972
J000670,2023-02-03/BKAG,BKAG,AMR_20,G2_14,WS_13_20,"[""111207""]",2,5565.5000000114815,5754.150000012168,5710.1000000120075,5565.5000000114815,5650.750000011792,5654.800000011806,5700.000000011971,5700.050000011971,5710.050000012007,5710.1000000120075,5750.100000012153,5754.150000012168,18.100000000000122,140.34999999999766,15.300000000000082,0,14.650000000000073,0.25,0,84.00000000000175,84.00000000000095
J000671,2023-02-03/KJRH,KJRH,AMR_29,G15_10,WS_2_20,"[""101182""]",1,5576.00000001152,5749.35000001215,5697.300000011961,5576.00000001152,5609.550000011642,5613.600000011656,5687.200000011924,5687.250000011924,5697.250000011961,5697.300000011961,5745.300000012136,5749.35000001215,18.100000000000122,110.59999999999586,16.250000000000096,0,28.150000000000265,0.25,0,32.0,96.00000000000139
J000672,2023-02-03/PANJ,PANJ,AMR_15,G17_15,WS_30_20,"[""107120""]",1,5593.100000011582,5984.200000013005,5782.20000001227,5593.100000011582,5651.800000011795,5655.85000001181,5772.100000012233,5772.150000012233,5782.15000001227,5782.20000001227,5980.15000001299,5984.200000013005,18.100000000000122,105.14999999999617,17.20000000000011,0,250.4000000000227,0.25,0,10.0,88.0
J000673,2023-02-03/JETG,JETG,AMR_31,G21_15,WS_19_20,"[""110254"", ""110274"", ""110385"", ""110418"", ""110531""]",7,5616.300000011666,6259.600000014007,6205.65000001381,5616.300000011666,6166.700000013669,6170.750000013683,6195.550000013774,6195.600000013774,6205.60000001381,6205.65000001381,6255.550000013992,6259.600000014007,18.100000000000122,153.85000000000073,31.650000000000315,0,439.45000000006564,0.25,0,110.00000000000063,32.0
J000674,2023-02-03/KKCH,KKCH,AMR_09,G6_13,WS_8_20,"[""135013""]",1,5640.5500000117545,5779.50000001226,5748.950000012149,5640.5500000117545,5702.9500000119815,5707.000000011996,5738.850000012112,5738.900000012112,5748.900000012149,5748.950000012149,5775.450000012245,5779.50000001226,18.100000000000122,81.19999999999753,15.300000000000082,0,24.100000000000207,0.25,0,34.000000000000014,48.00000000000013
J000675,2023-02-03/BURM,BURM,AMR_06,G6_14,WS_25_20,"[""112387""]",1,5644.450000011769,6169.85000001368,6085.950000013375,5644.450000011769,5751.90000001216,5755.950000012174,6075.850000013338,6075.900000013338,6085.900000013375,6085.950000013375,6165.800000013665,6169.85000001368,18.100000000000122,225.0000000000169,26.750000000000245,0,255.3000000000238,0.25,0,98.00000000000185,151.99999999999787
J000676,2023-02-03/KJRH,KJRH,AMR_38,G18_13,WS_2_20,"[""101180""]",1,5661.40000001183,6067.800000013309,5910.7500000127375,5661.40000001183,5810.750000012374,5814.800000012388,5900.650000012701,5900.700000012701,5910.700000012737,5910.7500000127375,6063.750000013294,6067.800000013309,18.100000000000122,187.5500000000084,24.90000000000022,0,175.60000000000568,0.25,0,96.00000000000156,112.00000000000159
J000677,2023-02-03/PANJ,PANJ,AMR_19,G17_13,WS_30_20,"[""107159""]",1,5664.650000011842,6277.4500000140715,6047.550000013235,5664.650000011842,5946.100000012866,5950.150000012881,6037.450000013198,6037.500000013199,6047.500000013235,6047.550000013235,6273.400000014057,6277.4500000140715,18.100000000000122,232.4000000000186,47.84999999999942,0,314.20000000003716,0.25,0,94.00000000000031,128.00000000000048
J000678,2023-02-03/KKCH,KKCH,AMR_36,G23_15,WS_8_20,"[""107328"", ""111307""]",2,5670.050000011862,6089.600000013388,5972.00000001296,5670.050000011862,5670.050000011862,5674.100000011877,5961.900000012924,5961.950000012924,5971.95000001296,5972.00000001296,6085.550000013373,6089.600000013388,18.100000000000122,108.54999999999598,9.5,0,283.2000000000301,0.2,0,0.0,104.00000000000075
J000679,2023-02-03/BKAG,BKAG,AMR_23,G23_10,WS_13_20,"[""131980""]",1,5674.95000001188,6068.900000013313,5880.350000012627,5674.95000001188,5759.200000012186,5763.250000012201,5870.25000001259,5870.30000001259,5880.300000012627,5880.350000012627,6064.850000013298,6068.900000013313,18.100000000000122,170.20000000000445,19.100000000000136,0,186.3000000000081,0.25,0,66.00000000000045,120.00000000000136
J000680,2023-02-03/JETG,JETG,AMR_37,G20_15,WS_19_20,"[""101134"", ""107459"", ""110502"", ""112010"", ""112066"", ""112086"", ""136998""]",10,5696.650000011959,6196.9000000137785,5976.900000012978,5696.650000011959,5820.200000012408,5824.250000012423,5966.800000012941,5966.850000012942,5976.850000012978,5976.900000012978,6192.850000013764,6196.9000000137785,18.100000000000122,121.59999999999523,21.950000000000177,0,338.35000000004266,0.25,0,68.0000000000006,48.0
J000681,2023-02-03/JETG,JETG,AMR_39,G20_14,WS_19_20,"[""101076"", ""101332"", ""110186"", ""110362"", ""112284""]",6,5703.950000011985,6444.500000014679,6381.40000001445,5703.950000011985,6315.1000000142085,6319.150000014223,6371.300000014413,6371.350000014413,6381.3500000144495,6381.40000001445,6440.4500000146645,6444.500000014679,18.100000000000122,319.85000000003845,61.34999999999865,0,341.00000000004326,0.25,0,283.99999999999386,40.000000000000114
J000682,2023-02-03/BURM,BURM,AMR_01,G3_13,WS_25_20,"[""110153""]",1,5706.850000011996,6340.700000014302,5933.35000001282,5706.850000011996,5756.0000000121745,5760.050000012189,5923.250000012783,5923.300000012783,5933.3000000128195,5933.35000001282,6336.650000014287,6340.700000014302,18.100000000000122,184.40000000000768,26.700000000000244,0,404.4000000000577,0.25,0,52.00000000000078,136.00000000000017
J000683,2023-02-03/BKAG,BKAG,AMR_05,G3_10,WS_13_20,"[""110574""]",1,5712.550000012016,5914.950000012753,5863.450000012565,5712.550000012016,5803.650000012348,5807.700000012363,5853.350000012529,5853.400000012529,5863.400000012565,5863.450000012565,5910.900000012738,5914.950000012753,18.100000000000122,136.24999999999673,19.100000000000136,0,28.700000000000273,0.25,0,62.000000000000654,88.00000000000105
J000684,2023-02-03/BKAG,BKAG,AMR_04,G26_13,WS_13_20,"[""140089""]",1,5739.800000012116,6277.350000014071,6095.400000013409,5739.800000012116,5924.550000012788,5928.600000012802,6085.3000000133725,6085.350000013373,6095.350000013409,6095.400000013409,6273.300000014056,6277.350000014071,18.100000000000122,162.60000000000272,22.000000000000178,0,334.6000000000418,0.25,0,66.00000000000023,92.00000000000043
J000685,2023-02-03/KKCH,KKCH,AMR_29,G3_15,WS_8_20,"[""110615""]",1,5749.4000000121505,5869.2500000125865,5842.400000012489,5749.4000000121505,5796.550000012322,5800.600000012337,5832.300000012452,5832.350000012452,5842.350000012489,5842.400000012489,5865.200000012572,5869.2500000125865,18.100000000000122,79.79999999999761,13.400000000000055,0,8.299999999999983,0.25,0,38.00000000000007,48.0000000000001
J000686,2023-02-03/KJRH,KJRH,AMR_20,G20_10,WS_2_20,"[""110212""]",1,5754.200000012168,6304.200000014169,6092.300000013398,5754.200000012168,5971.700000012959,5975.750000012974,6082.200000013361,6082.250000013361,6092.250000013398,6092.300000013398,6300.150000014154,6304.200000014169,18.100000000000122,274.50000000002814,30.6500000000003,0,226.50000000001725,0.25,0,199.99999999999622,116.00000000000134
J000687,2023-02-03/JETG,JETG,AMR_09,G14_15,WS_19_20,"[""101025"", ""107130"", ""110417"", ""111228"", ""112324""]",6,5779.55000001226,6008.400000013093,5915.250000012754,5779.55000001226,5813.500000012384,5817.550000012398,5905.150000012717,5905.200000012717,5915.200000012754,5915.250000012754,6004.350000013078,6008.400000013093,18.100000000000122,88.44999999999712,16.200000000000095,0,105.84999999999613,0.25,0,28.0,52.0
J000688,2023-02-03/PANJ,PANJ,AMR_28,G17_9,WS_30_20,"[""112003""]",2,5800.550000012337,6098.5000000134205,5996.000000013048,5800.550000012337,5828.700000012439,5832.750000012454,5985.900000013011,5985.950000013011,5995.950000013047,5996.000000013048,6094.450000013406,6098.5000000134205,18.100000000000122,140.9999999999978,23.900000000000205,0,114.69999999999563,0.25,0,18.0,124.00000000000006
J000689,2023-02-03/BURM,BURM,AMR_10,G2_14,WS_25_20,"[""110198""]",1,5803.800000012348,6087.800000013382,5964.600000012933,5803.800000012348,5854.100000012531,5858.150000012546,5954.500000012897,5954.550000012897,5964.550000012933,5964.600000012933,6083.750000013367,6087.800000013382,18.100000000000122,180.80000000000686,19.150000000000137,0,65.69999999999841,0.25,0,54.00000000000067,155.99999999999864
J000690,2023-02-03/BKAG,BKAG,AMR_17,G23_9,WS_13_20,"[""101017""]",1,5808.050000012364,6205.60000001381,6044.400000013224,5808.050000012364,5938.85000001284,5942.900000012854,6034.300000013187,6034.350000013187,6044.3500000132235,6044.400000013224,6201.550000013795,6205.60000001381,18.100000000000122,169.80000000000436,26.750000000000245,0,182.65000000000728,0.25,0,62.0000000000003,92.00000000000031
J000691,2023-02-03/KKCH,KKCH,AMR_26,G5_13,WS_8_20,"[""110236""]",1,5819.800000012407,6020.300000013136,5988.150000013019,5819.800000012407,5931.200000012812,5935.250000012827,5978.050000012982,5978.1000000129825,5988.100000013019,5988.150000013019,6016.250000013121,6020.300000013136,18.100000000000122,129.84999999999528,21.050000000000164,0,31.25000000000031,0.25,0,88.00000000000156,56.000000000000185
J000692,2023-02-03/BURM,BURM,AMR_34,G2_12,WS_25_20,"[""110518""]",1,5826.400000012431,6298.500000014148,6146.950000013597,5826.400000012431,5919.900000012771,5923.9500000127855,6136.85000001356,6136.90000001356,6146.900000013597,6146.950000013597,6294.450000014133,6298.500000014148,18.100000000000122,244.90000000002144,26.700000000000244,0,182.15000000000717,0.25,0,88.00000000000165,195.99999999999278
J000693,2023-02-03/KJRH,KJRH,AMR_14,G15_8,WS_2_20,"[""149346""]",1,5826.750000012432,6168.150000013674,6044.950000013226,5826.750000012432,5915.600000012755,5919.65000001277,6034.850000013189,6034.900000013189,6044.9000000132255,6044.950000013226,6164.100000013659,6168.150000013674,18.100000000000122,165.30000000000334,21.100000000000165,0,136.64999999999682,0.25,0,36.000000000000014,152.00000000000023
J000694,2023-02-03/JETG,JETG,AMR_11,G14_14,WS_19_20,"[""107034"", ""107224"", ""110306"", ""112374"", ""113162""]",6,5850.050000012517,6276.250000014067,6236.900000013924,5850.050000012517,6123.500000013511,6127.550000013526,6226.800000013887,6226.850000013887,6236.850000013924,6236.900000013924,6272.200000014052,6276.250000014067,18.100000000000122,198.50000000001089,34.50000000000018,0,174.8500000000055,0.25,0,136.0000000000013,76.0000000000002
J000695,2023-02-03/PANJ,PANJ,AMR_07,G20_13,WS_30_20,"[""107263""]",1,5855.250000012536,6418.350000014584,6326.150000014249,5855.250000012536,6077.650000013345,6081.700000013359,6316.050000014212,6316.100000014212,6326.1000000142485,6326.150000014249,6414.300000014569,6418.350000014584,18.100000000000122,175.35000000000562,27.650000000000258,0,341.7500000000434,0.25,0,80.00000000000031,96.0000000000004
J000696,2023-02-03/BKAG,BKAG,AMR_29,G18_9,WS_13_20,"[""112275""]",1,5869.300000012587,6226.200000013885,6078.350000013347,5869.300000012587,5936.950000012833,5941.0000000128475,6068.2500000133105,6068.300000013311,6078.300000013347,6078.350000013347,6222.15000001387,6226.200000013885,18.100000000000122,144.19999999999854,18.100000000000122,0,176.25000000000583,0.25,0,82.00000000000159,76.00000000000051
J000697,2023-02-03/KKCH,KKCH,AMR_25,G24_14,WS_8_20,"[""112036"", ""112452""]",2,5877.950000012618,6511.450000014923,6341.250000014304,5877.950000012618,6071.900000013324,6075.9500000133385,6331.150000014267,6331.200000014267,6341.200000014303,6341.250000014304,6507.400000014908,6511.450000014923,18.100000000000122,296.55000000003315,39.999999999999865,0,278.60000000002907,0.25,0,138.0000000000014,171.9999999999953
J000698,2023-02-03/BKAG,BKAG,AMR_33,G27_15,WS_13_20,"[""110582""]",1,5894.0000000126765,6353.500000014348,6188.900000013749,5894.0000000126765,6035.650000013192,6039.700000013207,6178.800000013713,6178.850000013713,6188.850000013749,6188.900000013749,6349.450000014333,6353.500000014348,18.100000000000122,178.85000000000642,31.550000000000313,0,230.75000000001822,0.25,0,94.00000000000085,87.99999999999999
J000699,2023-02-03/KJRH,KJRH,AMR_05,G23_13,WS_2_20,"[""110137""]",1,5915.000000012753,6767.100000015853,6324.750000014244,5915.000000012753,6040.950000013211,6045.000000013226,6314.650000014207,6314.700000014207,6324.700000014243,6324.750000014244,6763.050000015838,6767.100000015853,18.100000000000122,261.7000000000252,33.45000000000024,0,538.6000000000579,0.25,0,114.0000000000017,175.99999999999827
J000700,2023-02-03/BURM,BURM,AMR_35,G3_12,WS_25_20,"[""111328""]",1,5936.15000001283,6627.500000015345,6292.150000014125,5936.15000001283,6120.600000013501,6124.650000013516,6282.050000014088,6282.100000014088,6292.100000014125,6292.150000014125,6623.45000001533,6627.500000015345,18.100000000000122,178.8000000000064,25.900000000000233,0,468.3000000000722,0.25,0,46.000000000000355,143.99999999999875
J000701,2023-02-03/JETG,JETG,AMR_21,G2_15,WS_19_20,"[""101163"", ""107301"", ""110210"", ""110218"", ""115591""]",6,5936.650000012832,6239.250000013933,6120.950000013502,5936.650000012832,5977.35000001298,5981.4000000129945,6110.850000013465,6110.900000013466,6120.900000013502,6120.950000013502,6235.200000013918,6239.250000013933,18.100000000000122,148.19999999999945,17.20000000000011,0,118.84999999999539,0.25,0,44.00000000000021,120.00000000000159
J000702,2023-02-03/KJRH,KJRH,AMR_18,G21_7,WS_2_20,"[""107321""]",1,5943.450000012856,6429.950000014626,6307.450000014181,5943.450000012856,5988.950000013022,5993.000000013037,6297.350000014144,6297.400000014144,6307.4000000141805,6307.450000014181,6425.900000014612,6429.950000014626,18.100000000000122,177.75000000000617,24.850000000000218,0,265.5500000000261,0.25,0,14.0,171.99999999999775
J000703,2023-02-03/PANJ,PANJ,AMR_22,G8_15,WS_30_20,"[""131589""]",1,5948.550000012875,6356.900000014361,6244.750000013953,5948.550000012875,5951.650000012886,5955.700000012901,6234.650000013916,6234.700000013916,6244.700000013952,6244.750000013953,6352.850000014346,6356.900000014361,18.100000000000122,137.8499999999971,22.15000000000018,0,230.00000000001805,0.25,0,2.0,135.99999999999937
J000704,2023-02-03/KKCH,KKCH,AMR_40,G21_13,WS_8_20,"[""110520"", ""110590""]",2,5957.300000012907,6553.750000015077,6405.050000014536,5957.300000012907,6138.850000013567,6142.900000013582,6394.950000014499,6395.000000014499,6405.0000000145355,6405.050000014536,6549.700000015062,6553.750000015077,18.100000000000122,289.55000000003156,43.99999999999964,0,244.55000000002136,0.25,0,110.00000000000142,207.99999999999793
J000705,2023-02-03/BURM,BURM,AMR_15,G9_15,WS_25_20,"[""110483""]",1,5984.250000013005,6762.150000015835,6455.70000001472,5984.250000013005,6054.30000001326,6058.350000013274,6445.600000014683,6445.650000014683,6455.65000001472,6455.70000001472,6758.10000001582,6762.150000015835,18.100000000000122,203.8000000000121,34.350000000000186,0,521.4000000000735,0.25,0,20.0,167.99999999999767
J000706,2023-02-03/JETG,JETG,AMR_16,G18_15,WS_19_20,"[""101095"", ""101296"", ""112288"", ""123305""]",6,5988.100000013019,6451.700000014705,6398.450000014512,5988.100000013019,6338.350000014293,6342.400000014308,6388.350000014475,6388.400000014475,6398.4000000145115,6398.450000014512,6447.650000014691,6451.700000014705,18.100000000000122,102.7999999999963,19.200000000000138,0,323.2500000000392,0.25,0,62.000000000000256,32.0
J000707,2023-02-03/KJRH,KJRH,AMR_08,G21_5,WS_2_20,"[""112444""]",1,5994.650000013043,6234.750000013916,6149.550000013606,5994.650000013043,6056.650000013268,6060.700000013283,6139.4500000135695,6139.50000001357,6149.500000013606,6149.550000013606,6230.700000013901,6234.750000013916,18.100000000000122,191.85000000000937,17.20000000000011,0,12.700000000000045,0.25,0,72.00000000000091,175.99999999999713
J000708,2023-02-03/KKCH,KKCH,AMR_09,G14_15,WS_8_20,"[""112324""]",1,6008.450000013093,6192.000000013761,6082.200000013361,6008.450000013093,6008.450000013093,6012.500000013108,6072.1000000133245,6072.150000013325,6082.150000013361,6082.200000013361,6187.950000013746,6192.000000013761,18.100000000000122,57.44999999999887,10.500000000000014,0,97.29999999999661,0.2,0,0.0,52.0000000000002
J000709,2023-02-03/BKAG,BKAG,AMR_26,G2_10,WS_13_20,"[""111258""]",1,6020.350000013136,6263.650000014021,6171.9000000136875,6020.350000013136,6040.350000013209,6044.400000013224,6161.800000013651,6161.850000013651,6171.850000013687,6171.9000000136875,6259.600000014007,6263.650000014021,18.100000000000122,102.99999999999629,14.300000000000068,0,107.64999999999603,0.25,0,11.999999999999996,96.00000000000097
J000710,2023-02-03/PANJ,PANJ,AMR_12,G8_14,WS_30_20,"[""112283""]",2,6043.750000013221,6680.950000015539,6547.000000015052,6043.750000013221,6079.400000013351,6083.450000013366,6536.900000015015,6536.950000015016,6546.950000015052,6547.000000015052,6676.900000015525,6680.950000015539,18.100000000000122,243.70000000002116,42.14999999999974,0,333.00000000004144,0.25,0,26.000000000000014,223.99999999999292
J000711,2023-02-03/PANJ,PANJ,AMR_38,G9_10,WS_30_20,"[""112400""]",1,6067.850000013309,6523.400000014966,6429.800000014626,6067.850000013309,6334.80000001428,6338.850000014295,6419.700000014589,6419.750000014589,6429.750000014626,6429.800000014626,6519.350000014952,6523.400000014966,18.100000000000122,162.9000000000028,17.20000000000011,0,257.1000000000242,0.25,0,28.0,159.9999999999975
J000712,2023-02-03/KJRH,KJRH,AMR_23,G26_12,WS_2_20,"[""111241""]",2,6068.950000013313,6388.000000014474,6218.400000013857,6068.950000013313,6083.750000013367,6087.800000013382,6208.30000001382,6208.35000001382,6218.3500000138565,6218.400000013857,6383.950000014459,6388.000000014474,18.100000000000122,175.45000000000564,18.100000000000122,0,107.14999999999606,0.25,0,10.0,195.99999999999744
J000713,2023-02-03/KKCH,KKCH,AMR_10,G9_12,WS_8_20,"[""112340""]",1,6087.850000013382,6219.500000013861,6177.250000013707,6087.850000013382,6139.100000013568,6143.150000013583,6167.15000001367,6167.20000001367,6177.200000013707,6177.250000013707,6215.450000013846,6219.500000013861,18.100000000000122,85.39999999999729,14.350000000000069,0,13.550000000000058,0.25,0,38.000000000000085,52.00000000000041
J000714,2023-02-03/BKAG,BKAG,AMR_36,G27_14,WS_13_20,"[""101122""]",1,6089.650000013388,6757.050000015816,6358.300000014366,6089.650000013388,6135.400000013555,6139.4500000135695,6348.200000014329,6348.250000014329,6358.2500000143655,6358.300000014366,6753.000000015802,6757.050000015816,18.100000000000122,229.4000000000179,33.35000000000024,0,386.30000000005356,0.25,0,30.0,203.99999999999673
J000715,2023-02-03/BKAG,BKAG,AMR_28,G29_14,WS_13_20,"[""101299""]",1,6098.550000013421,6463.85000001475,6309.100000014187,6098.550000013421,6154.800000013625,6158.85000001364,6299.00000001415,6299.05000001415,6309.0500000141865,6309.100000014187,6459.800000014735,6463.85000001475,18.100000000000122,148.74999999999957,19.100000000000136,0,179.10000000000647,0.25,0,62.000000000000746,96.0000000000002
J000716,2023-02-03/PANJ,PANJ,AMR_24,G3_14,WS_30_20,"[""110494""]",1,6102.700000013436,6661.400000015468,6458.750000014731,6102.700000013436,6137.000000013561,6141.050000013575,6448.650000014694,6448.7000000146945,6458.700000014731,6458.750000014731,6657.350000015454,6661.400000015468,18.100000000000122,270.4000000000272,41.1499999999998,0,228.80000000001777,0.25,0,30.00000000000001,271.9999999999867
J000717,2023-02-03/JETG,JETG,AMR_13,G23_14,WS_19_20,"[""101117"", ""101146"", ""110252"", ""110433""]",7,6146.950000013597,6401.1500000145215,6327.100000014252,6146.950000013597,6283.000000014092,6287.050000014106,6317.000000014215,6317.050000014216,6327.050000014252,6327.100000014252,6397.100000014507,6401.1500000145215,18.100000000000122,100.94999999999641,21.050000000000164,0,113.84999999999567,0.25,0,50.000000000000156,44.000000000000114
J000718,2023-02-03/KJRH,KJRH,AMR_14,G29_13,WS_2_20,"[""110307""]",1,6168.200000013674,6717.750000015673,6373.30000001442,6168.200000013674,6220.700000013865,6224.75000001388,6363.2000000143835,6363.250000014384,6373.25000001442,6373.30000001442,6713.700000015659,6717.750000015673,18.100000000000122,186.95000000000826,17.20000000000011,0,327.0500000000401,0.25,0,58.00000000000075,140.0000000000003
J000719,2023-02-03/KKCH,KKCH,AMR_06,G15_15,WS_8_20,"[""101290""]",1,6169.90000001368,6451.050000014703,6325.050000014245,6169.90000001368,6257.250000013998,6261.300000014013,6314.950000014208,6315.000000014208,6325.0000000142445,6325.050000014245,6447.000000014688,6451.050000014703,18.100000000000122,108.59999999999597,18.200000000000124,0,135.99999999999667,0.25,0,56.000000000000654,56.00000000000031
J000720,2023-02-03/BKAG,BKAG,AMR_09,G29_12,WS_13_20,"[""107230""]",1,6192.050000013761,6628.550000015349,6340.9500000143025,6192.050000013761,6241.30000001394,6245.350000013955,6330.850000014266,6330.900000014266,6340.900000014302,6340.9500000143025,6624.500000015334,6628.550000015349,18.100000000000122,143.79999999999845,15.250000000000082,0,259.10000000002464,0.25,0,44.0000000000003,104.00000000000023
J000721,2023-02-03/BKAG,BKAG,AMR_37,G27_8,WS_13_20,"[""110398""]",1,6196.950000013779,6767.200000015853,6624.300000015333,6196.950000013779,6339.150000014296,6343.200000014311,6614.200000015297,6614.250000015297,6624.250000015333,6624.300000015333,6763.1500000158385,6767.200000015853,18.100000000000122,158.1000000000017,20.05000000000015,0,373.7500000000507,0.25,0,36.000000000000014,124.00000000000028
J000722,2023-02-03/KJRH,KJRH,AMR_27,G30_15,WS_2_20,"[""110536""]",1,6201.100000013794,6755.4500000158105,6450.700000014702,6201.100000013794,6263.100000014019,6267.150000014034,6440.600000014665,6440.650000014665,6450.650000014702,6450.700000014702,6751.400000015796,6755.4500000158105,18.100000000000122,241.50000000002066,26.700000000000244,0,267.8000000000266,0.25,0,64.00000000000094,199.99999999999463
J000723,2023-02-03/KKCH,KKCH,AMR_17,G2_13,WS_8_20,"[""110624""]",1,6205.65000001381,6418.350000014584,6373.15000001442,6205.65000001381,6291.600000014123,6295.650000014138,6363.050000014383,6363.100000014383,6373.1000000144195,6373.15000001442,6414.300000014569,6418.350000014584,18.100000000000122,118.29999999999542,17.20000000000011,0,58.84999999999879,0.25,0,54.000000000000654,68.0000000000003
J000724,2023-02-03/JETG,JETG,AMR_10,G15_13,WS_19_20,"[""107293"", ""110179"", ""110182"", ""110346""]",6,6219.550000013861,6399.950000014517,6344.000000014314,6219.550000013861,6259.350000014006,6263.40000001402,6333.900000014277,6333.950000014277,6343.950000014313,6344.000000014314,6395.900000014502,6399.950000014517,18.100000000000122,76.74999999999778,14.300000000000068,0,70.99999999999811,0.25,0,22.0,52.00000000000013
J000725,2023-02-03/BKAG,BKAG,AMR_29,G33_15,WS_13_20,"[""110314""]",1,6226.250000013885,6587.950000015201,6457.250000014726,6226.250000013885,6298.750000014149,6302.800000014164,6447.150000014689,6447.200000014689,6457.200000014725,6457.250000014726,6583.900000015186,6587.950000015201,18.100000000000122,190.200000000009,22.95000000000019,0,130.19999999999536,0.25,0,74.00000000000095,139.99999999999986
J000726,2023-02-03/KJRH,KJRH,AMR_30,G30_14,WS_2_20,"[""111367""]",1,6228.8000000138945,6723.950000015696,6433.65000001464,6228.8000000138945,6252.7000000139815,6256.750000013996,6423.550000014603,6423.600000014603,6433.60000001464,6433.65000001464,6719.900000015681,6723.950000015696,18.100000000000122,226.40000000001723,25.850000000000232,0,224.5500000000168,0.25,0,18.0,235.99999999998997
J000727,2023-02-03/KKCH,KKCH,AMR_08,G14_12,WS_8_20,"[""122645""]",1,6234.800000013916,6489.550000014843,6389.100000014478,6234.800000013916,6315.050000014208,6319.100000014223,6379.000000014441,6379.050000014441,6389.0500000144775,6389.100000014478,6485.500000014828,6489.550000014843,18.100000000000122,117.19999999999548,15.250000000000082,0,103.94999999999624,0.25,0,52.000000000000156,64.00000000000041
J000728,2023-02-03/JETG,JETG,AMR_21,G26_15,WS_19_20,"[""110165"", ""110194"", ""110353"", ""110575"", ""112017"", ""112331""]",7,6239.300000013933,6749.650000015789,6690.500000015574,6239.300000013933,6435.550000014647,6439.600000014661,6680.400000015537,6680.450000015538,6690.450000015574,6690.500000015574,6745.600000015775,6749.650000015789,18.100000000000122,162.80000000000277,19.050000000000136,0,310.15000000003624,0.25,0,80.00000000000065,80.00000000000004
J000729,2023-02-03/KJRH,KJRH,AMR_31,G30_12,WS_2_20,"[""111371""]",1,6259.650000014007,6500.450000014883,6416.750000014578,6259.650000014007,6315.350000014209,6319.400000014224,6406.650000014542,6406.700000014542,6416.700000014578,6416.750000014578,6496.400000014868,6500.450000014883,18.100000000000122,179.90000000000666,17.15000000000011,0,25.400000000000226,0.25,0,36.0,191.9999999999946
J000730,2023-02-03/PANJ,PANJ,AMR_26,G2_10,WS_30_20,"[""112210""]",1,6263.7000000140215,6649.600000015425,6487.550000014836,6263.7000000140215,6263.7000000140215,6267.750000014036,6477.450000014799,6477.500000014799,6487.500000014836,6487.550000014836,6645.550000015411,6649.600000015425,18.100000000000122,171.55000000000476,20.950000000000163,0,175.10000000000556,0.2,0,0.0,187.99999999999386
J000731,2023-02-03/KKCH,KKCH,AMR_02,G11_10,WS_8_20,"[""111992""]",1,6271.800000014051,6414.35000001457,6357.200000014362,6271.800000014051,6288.250000014111,6292.3000000141255,6347.100000014325,6347.150000014325,6357.1500000143615,6357.200000014362,6410.300000014555,6414.35000001457,18.100000000000122,74.6499999999979,11.400000000000027,0,38.14999999999997,0.25,0,12.0,60.0000000000005
J000732,2023-02-03/JETG,JETG,AMR_11,G18_12,WS_19_20,"[""101305"", ""110347"", ""110526"", ""112386""]",5,6276.300000014067,6440.000000014663,6364.450000014388,6276.300000014067,6301.500000014159,6305.550000014174,6354.350000014351,6354.4000000143515,6364.400000014388,6364.450000014388,6435.950000014648,6440.000000014663,18.100000000000122,69.59999999999819,13.350000000000055,0,62.39999999999859,0.25,0,20.0,48.0000000000003
J000733,2023-02-03/KJRH,KJRH,AMR_04,G32_15,WS_2_20,"[""101066""]",1,6307.500000014181,6782.500000015909,6485.600000014829,6307.500000014181,6343.400000014311,6347.450000014326,6475.500000014792,6475.550000014792,6485.550000014829,6485.600000014829,6778.450000015894,6782.500000015909,18.100000000000122,230.75000000001822,22.85000000000019,0,203.05000000001192,0.25,0,28.0,239.99999999999486
J000734,2023-02-03/KKCH,KKCH,AMR_34,G2_12,WS_8_20,"[""110518""]",1,6325.100000014245,6489.000000014841,6451.500000014705,6325.100000014245,6325.100000014245,6329.15000001426,6441.400000014668,6441.450000014668,6451.4500000147045,6451.500000014705,6484.950000014826,6489.000000014841,18.100000000000122,69.84999999999818,11.450000000000028,0,64.29999999999849,0.2,0,0.0,72.00000000000053
J000735,2023-02-03/JETG,JETG,AMR_19,G17_13,WS_19_20,"[""101318"", ""110193"", ""110541"", ""111362"", ""112317"", ""123788""]",10,6327.150000014252,6472.850000014782,6442.1000000146705,6327.150000014252,6327.150000014252,6331.200000014267,6432.000000014634,6432.050000014634,6442.05000001467,6442.1000000146705,6468.800000014768,6472.850000014782,18.100000000000122,54.34999999999905,11.450000000000028,0,61.59999999999864,0.2,0,0.0,52.00000000000013
J000736,2023-02-03/KKCH,KKCH,AMR_01,G3_13,WS_8_20,"[""107290""]",1,6341.300000014304,6499.900000014881,6467.750000014764,6341.300000014304,6341.300000014304,6345.3500000143185,6457.650000014727,6457.700000014727,6467.700000014764,6467.750000014764,6495.850000014866,6499.900000014881,18.100000000000122,60.64999999999869,9.55,0,70.09999999999816,0.2,0,0.0,56.00000000000021
J000737,2023-02-03/JETG,JETG,AMR_20,G18_13,WS_19_20,"[""101180"", ""107457"", ""110251"", ""110452"", ""131216""]",5,6344.050000014314,7153.500000017259,7094.200000017043,6344.050000014314,7023.450000016785,7027.5000000168,7084.100000017006,7084.150000017006,7094.150000017043,7094.200000017043,7149.450000017244,7153.500000017259,18.100000000000122,357.70000000004705,63.24999999999854,0,370.1500000000499,0.25,0,317.9999999999919,44.000000000000114
J000738,2023-02-03/KJRH,KJRH,AMR_33,G27_15,WS_2_20,"[""110293""]",1,6353.550000014348,7035.050000016828,6784.800000015917,6353.550000014348,6353.550000014348,6357.600000014363,6774.7000000158805,6774.750000015881,6784.750000015917,6784.800000015917,7031.000000016813,7035.050000016828,18.100000000000122,216.1000000000149,28.700000000000273,0,418.40000000006086,0.2,0,0.0,235.99999999999335
J000739,2023-02-03/KKCH,KKCH,AMR_22,G12_9,WS_8_20,"[""121567""]",1,6357.250000014362,6533.050000015001,6483.700000014822,6357.250000014362,6391.900000014488,6395.950000014503,6473.600000014785,6473.650000014785,6483.650000014822,6483.700000014822,6529.000000014987,6533.050000015001,18.100000000000122,110.84999999999584,20.05000000000015,0,26.550000000000242,0.25,0,28.0,84.00000000000077
J000740,2023-02-03/JETG,JETG,AMR_23,G18_9,WS_19_20,"[""112275"", ""112305"", ""112312"", ""134680""]",4,6388.050000014474,6757.050000015816,6607.400000015272,6388.050000014474,6435.900000014648,6439.950000014663,6597.300000015235,6597.350000015235,6607.350000015272,6607.400000015272,6753.000000015802,6757.050000015816,18.100000000000122,115.59999999999557,18.150000000000123,0,216.90000000001507,0.25,0,46.0000000000004,68.00000000000011
J000741,2023-02-03/KKCH,KKCH,AMR_10,G14_9,WS_8_20,"[""107265""]",1,6400.000000014517,6549.05000001506,6499.65000001488,6400.000000014517,6426.750000014615,6430.800000014629,6489.550000014843,6489.600000014843,6499.60000001488,6499.65000001488,6545.000000015045,6549.05000001506,18.100000000000122,93.04999999999686,17.20000000000011,0,20.450000000000156,0.25,0,18.0,76.00000000000082
J000742,2023-02-03/JETG,JETG,AMR_13,G29_15,WS_19_20,"[""110139"", ""112007"", ""112053"", ""112347""]",6,6401.200000014522,6729.100000015715,6624.500000015334,6401.200000014522,6430.400000014628,6434.450000014643,6614.400000015297,6614.4500000152975,6624.450000015334,6624.500000015334,6725.0500000157,6729.100000015715,18.100000000000122,93.79999999999681,16.300000000000097,0,199.4500000000111,0.25,0,26.0,68.00000000000001
J000743,2023-02-03/KKCH,KKCH,AMR_02,G21_14,WS_8_20,"[""112279""]",1,6414.40000001457,7103.650000017077,6959.750000016554,6414.40000001457,6727.80000001571,6731.850000015725,6949.650000016517,6949.700000016517,6959.7000000165535,6959.750000016554,7099.6000000170625,7103.650000017077,18.100000000000122,191.90000000000938,30.6000000000003,0,448.4000000000677,0.25,0,76.00000000000045,112.00000000000117
J000744,2023-02-03/JETG,JETG,AMR_07,G17_6,WS_19_20,"[""101135"", ""110450"", ""110512"", ""124208""]",5,6418.400000014584,6763.900000015841,6673.400000015512,6418.400000014584,6461.850000014742,6465.900000014757,6663.300000015475,6663.350000015475,6673.350000015512,6673.400000015512,6759.8500000158265,6763.900000015841,18.100000000000122,106.54999999999609,15.300000000000082,0,205.30000000001243,0.25,0,24.00000000000003,80.00000000000051
J000745,2023-02-03/KKCH,KKCH,AMR_17,G20_12,WS_8_20,"[""111387""]",1,6418.400000014584,6752.250000015799,6625.050000015336,6418.400000014584,6468.000000014765,6472.0500000147795,6614.950000015299,6615.0000000152995,6625.000000015336,6625.050000015336,6748.200000015784,6752.250000015799,18.100000000000122,132.39999999999586,15.250000000000082,0,167.85000000000392,0.25,0,46.00000000000007,88.00000000000071
J000746,2023-02-03/PANJ,PANJ,AMR_03,G14_10,WS_30_20,"[""135096""]",2,6436.800000014651,6616.700000015306,6515.450000014937,6436.800000014651,6436.800000014651,6440.850000014666,6505.350000014901,6505.400000014901,6515.400000014937,6515.450000014937,6612.650000015291,6616.700000015306,18.100000000000122,111.49999999999581,13.400000000000055,0,36.70000000000005,0.2,0,0.0,128.00000000000037
J000747,2023-02-03/JETG,JETG,AMR_11,G20_13,WS_19_20,"[""110154"", ""111220"", ""121904""]",3,6442.150000014671,6866.350000016214,6749.90000001579,6442.150000014671,6455.000000014717,6459.050000014732,6739.8000000157535,6739.850000015754,6749.85000001579,6749.90000001579,6862.300000016199,6866.350000016214,18.100000000000122,85.1999999999973,25.05000000000022,0,295.60000000003294,0.25,0,6.0,64.00000000000013
J000748,2023-02-03/KKCH,KKCH,AMR_39,G20_14,WS_8_20,"[""110596""]",1,6451.550000014705,6694.600000015589,6609.250000015279,6451.550000014705,6451.550000014705,6455.60000001472,6599.150000015242,6599.200000015242,6609.200000015278,6609.250000015279,6690.550000015574,6694.600000015589,18.100000000000122,82.54999999999745,11.450000000000028,0,130.74999999999548,0.2,0,0.0,80.00000000000057
J000749,2023-02-03/DSHA,DSHA,AMR_18,G24_12,WS_25_20,"[""112307""]",1,6455.75000001472,6627.300000015344,6585.800000015193,6455.75000001472,6478.050000014801,6482.100000014816,6575.700000015157,6575.750000015157,6585.750000015193,6585.800000015193,6623.2500000153295,6627.300000015344,18.100000000000122,71.04999999999811,13.350000000000055,0,68.79999999999824,0.25,0,16.0,52.0000000000003
J000750,2023-02-03/DSHA,DSHA,AMR_16,G23_8,WS_25_20,"[""149303""]",1,6455.75000001472,6830.450000016083,6745.100000015773,6455.75000001472,6643.400000015403,6647.450000015418,6735.000000015736,6735.050000015736,6745.050000015773,6745.100000015773,6826.400000016069,6830.450000016083,18.100000000000122,142.94999999999825,22.05000000000018,0,191.35000000000926,0.25,0,80.00000000000105,72.00000000000037
J000751,2023-02-03/KJRH,KJRH,AMR_28,G29_14,WS_2_20,"[""214618""]",1,6463.90000001475,7148.000000017239,6842.400000016127,6463.90000001475,6463.90000001475,6467.950000014765,6832.30000001609,6832.35000001609,6842.350000016127,6842.400000016127,7143.950000017224,7148.000000017239,18.100000000000122,215.95000000001485,28.650000000000272,0,421.2000000000615,0.2,0,0.0,231.99999999999417
J000752,2023-02-03/KKCH,KKCH,AMR_06,G23_14,WS_8_20,"[""125639""]",1,6467.800000014764,7025.600000016793,6752.250000015799,6467.800000014764,6538.750000015022,6542.800000015037,6742.150000015762,6742.200000015762,6752.200000015799,6752.250000015799,7021.5500000167785,7025.600000016793,18.100000000000122,153.40000000000063,27.80000000000026,0,358.2500000000472,0.25,0,42.00000000000013,116.00000000000097
J000753,2023-02-03/KKCH,KKCH,AMR_19,G18_7,WS_8_20,"[""137575""]",1,6483.750000014822,6906.45000001636,6659.10000001546,6483.750000014822,6513.45000001493,6517.500000014945,6649.000000015423,6649.050000015423,6659.05000001546,6659.10000001546,6902.400000016345,6906.45000001636,18.100000000000122,141.54999999999794,22.95000000000019,0,239.8500000000203,0.25,0,22.00000000000003,124.00000000000139
J000754,2023-02-03/KKCH,KKCH,AMR_08,G21_10,WS_8_20,"[""101071""]",1,6499.70000001488,7099.800000017063,6975.950000016613,6499.70000001488,6519.650000014953,6523.700000014967,6965.850000016576,6965.900000016576,6975.9000000166125,6975.950000016613,7095.7500000170485,7099.800000017063,18.100000000000122,144.14999999999853,18.05000000000012,0,419.5500000000611,0.25,0,18.0,128.00000000000125
J000755,2023-02-03/KJRH,KJRH,AMR_25,G24_14,WS_2_20,"[""110391""]",1,6511.500000014923,6958.85000001655,6650.350000015428,6511.500000014923,6511.500000014923,6515.550000014938,6640.250000015391,6640.300000015392,6650.300000015428,6650.350000015428,6954.800000016536,6958.85000001655,18.100000000000122,149.99999999999986,13.350000000000055,0,265.70000000002614,0.2,0,0.0,168.00000000000145
J000756,2023-02-03/SETA,SETA,AMR_31,G32_10,WS_30_20,"[""101329"", ""101330"", ""110166"", ""110221"", ""110231"", ""110475"", ""111276"", ""111376"", ""132437"", ""134029""]",10,6547.050000015052,6642.300000015399,6607.400000015272,6547.050000015052,6560.600000015102,6564.650000015116,6597.300000015235,6597.350000015235,6607.350000015272,6607.400000015272,6638.250000015384,6642.300000015399,18.100000000000122,62.2499999999986,12.400000000000041,0,2.25,0.25,0,8.0,56.00000000000041
J000757,2023-02-03/SETA,SETA,AMR_22,G14_15,WS_30_20,"[""101025"", ""110262"", ""110417"", ""111212"", ""111228"", ""112324"", ""129530"", ""136923""]",9,6547.050000015052,6953.750000016532,6776.600000015887,6547.050000015052,6575.500000015156,6579.550000015171,6766.500000015851,6766.550000015851,6776.550000015887,6776.600000015887,6949.700000016517,6953.750000016532,18.100000000000122,159.55000000000203,21.950000000000177,0,206.85000000001278,0.25,0,16.0,151.99999999999892
J000758,2023-02-03/SETA,SETA,AMR_32,G23_15,WS_30_20,"[""107312"", ""110232"", ""110419"", ""111307"", ""124210"", ""124478"", ""134027""]",7,6547.050000015052,6690.800000015575,6661.200000015468,6547.050000015052,6604.300000015261,6608.350000015275,6651.100000015431,6651.150000015431,6661.150000015467,6661.200000015468,6686.7500000155605,6690.800000015575,18.100000000000122,73.99999999999794,14.350000000000069,0,37.05000000000003,0.25,0,20.0,56.0
J000759,2023-02-03/SETA,SETA,AMR_38,G18_14,WS_30_20,"[""101207"", ""107317"", ""110189"", ""110380"", ""110594"", ""111342"", ""112326""]",8,6547.050000015052,7036.6500000168335,6865.850000016212,6547.050000015052,6717.950000015674,6722.000000015689,6855.750000016175,6855.8000000161755,6865.800000016212,6865.850000016212,7032.600000016819,7036.6500000168335,18.100000000000122,201.90000000001166,28.700000000000273,0,240.65000000002047,0.25,0,86.00000000000136,112.00000000000028
J000760,2023-02-03/SETA,SETA,AMR_34,G15_14,WS_30_20,"[""110143"", ""110191"", ""110323"", ""110450"", ""123310"", ""124208"", ""126832""]",7,6547.050000015052,7004.450000016716,6930.500000016447,6547.050000015052,6785.300000015919,6789.350000015934,6920.400000016411,6920.450000016411,6930.450000016447,6930.500000016447,7000.400000016702,7004.450000016716,18.100000000000122,280.65000000002954,47.749999999999424,0,110.64999999999586,0.25,0,157.999999999998,147.9999999999999
J000761,2023-02-03/SETA,SETA,AMR_01,G21_15,WS_30_20,"[""107412"", ""110254"", ""110299"", ""110531"", ""111391"", ""123304""]",6,6547.050000015052,6786.900000015925,6740.150000015755,6547.050000015052,6679.6000000155345,6683.650000015549,6730.050000015718,6730.100000015718,6740.100000015755,6740.150000015755,6782.85000001591,6786.900000015925,18.100000000000122,117.84999999999545,18.150000000000123,0,85.49999999999729,0.25,0,56.00000000000004,64.0
J000762,2023-02-03/KJRH,KJRH,AMR_29,G33_15,WS_2_20,"[""115077""]",1,6588.000000015201,7150.000000017246,6929.500000016444,6588.000000015201,6588.000000015201,6592.050000015216,6919.400000016407,6919.450000016407,6929.4500000164435,6929.500000016444,7145.950000017231,7150.000000017246,18.100000000000122,182.3000000000072,24.800000000000217,0,336.60000000004226,0.2,0,0.0,187.99999999999736
J000763,2023-02-03/JETG,JETG,AMR_40,G21_13,WS_19_20,"[""101065"", ""110440"", ""110520"", ""134683""]",6,6607.450000015272,6778.600000015895,6732.6500000157275,6607.450000015272,6607.450000015272,6611.500000015287,6722.550000015691,6722.600000015691,6732.600000015727,6732.6500000157275,6774.55000001588,6778.600000015895,18.100000000000122,68.29999999999826,11.450000000000028,0,73.09999999999799,0.2,0,0.0,64.00000000000021
J000764,2023-02-03/SETA,SETA,AMR_10,G3_15,WS_30_20,"[""101024"", ""110222"", ""110255"", ""110561"", ""110615"", ""112392""]",6,6607.450000015272,7107.000000017089,6974.850000016609,6607.450000015272,6644.700000015408,6648.750000015422,6964.750000016572,6964.800000016572,6974.8000000166085,6974.850000016609,7102.950000017075,7107.000000017089,18.100000000000122,222.45000000001633,29.600000000000286,0,229.15000000001785,0.25,0,34.00000000000003,203.99999999999363
J000765,2023-02-03/KKCH,KKCH,AMR_03,G14_10,WS_8_20,"[""107291""]",1,6616.750000015306,6784.350000015916,6726.200000015704,6616.750000015306,6616.750000015306,6620.800000015321,6716.100000015667,6716.1500000156675,6726.150000015704,6726.200000015704,6780.300000015901,6784.350000015916,18.100000000000122,70.84999999999812,9.5,0,68.94999999999823,0.2,0,0.0,72.0000000000008
J000766,2023-02-03/JETG,JETG,AMR_18,G3_13,WS_19_20,"[""107290"", ""110153"", ""110201"", ""125462""]",4,6627.350000015344,7156.900000017271,7077.200000016981,6627.350000015344,6728.2500000157115,6732.300000015726,7067.100000016944,7067.150000016944,7077.150000016981,7077.200000016981,7152.850000017256,7156.900000017271,18.100000000000122,198.1500000000108,26.700000000000244,0,286.35000000003083,0.25,0,68.0000000000009,132.00000000000108
J000767,2023-02-03/KKCH,KKCH,AMR_35,G24_15,WS_8_20,"[""112369""]",1,6627.550000015345,7165.450000017302,7025.750000016794,6627.550000015345,6941.300000016487,6945.350000016501,7015.650000016757,7015.700000016757,7025.700000016794,7025.750000016794,7161.400000017287,7165.450000017302,18.100000000000122,160.10000000000215,19.100000000000136,0,340.3500000000431,0.25,0,64.00000000000003,92.00000000000024
J000768,2023-02-03/KKCH,KKCH,AMR_09,G21_8,WS_8_20,"[""110535""]",1,6659.15000001546,6862.6500000162005,6782.250000015908,6659.15000001546,6692.5000000155815,6696.550000015596,6772.150000015871,6772.200000015871,6782.200000015908,6782.250000015908,6858.600000016186,6862.6500000162005,18.100000000000122,142.2999999999981,17.15000000000011,0,25.70000000000023,0.25,0,24.0,136.0000000000018
J000769,2023-02-03/SETA,SETA,AMR_31,G20_15,WS_30_20,"[""101075"", ""110502"", ""110603"", ""112086"", ""139323""]",5,6661.250000015468,7103.750000017078,7062.5000000169275,6661.250000015468,6954.400000016534,6958.450000016549,7052.400000016891,7052.450000016891,7062.450000016927,7062.5000000169275,7099.700000017063,7103.750000017078,18.100000000000122,228.9000000000178,41.1999999999998,0,154.05000000000078,0.25,0,137.99999999999955,92.00000000000026
J000770,2023-02-03/JETG,JETG,AMR_26,G17_12,WS_19_20,"[""101183"", ""110169"", ""112361""]",3,6673.450000015512,6965.250000016574,6890.800000016303,6673.450000015512,6807.750000016001,6811.8000000160155,6880.700000016266,6880.750000016266,6890.750000016303,6890.800000016303,6961.200000016559,6965.250000016574,18.100000000000122,127.4499999999949,22.000000000000178,0,123.9999999999951,0.25,0,58.0000000000005,72.00000000000026
J000771,2023-02-03/JETG,JETG,AMR_12,G24_13,WS_19_20,"[""110138"", ""110432"", ""138500""]",3,6690.550000015574,7074.850000016972,6981.500000016633,6690.550000015574,6903.150000016348,6907.2000000163625,6971.400000016596,6971.450000016596,6981.450000016633,6981.500000016633,7070.800000016958,7074.850000016972,18.100000000000122,210.35000000001358,32.55000000000029,0,123.04999999999515,0.25,0,142.00000000000043,76.00000000000003
J000772,2023-02-03/BKAG,BKAG,AMR_14,G29_13,WS_13_20,"[""110307""]",1,6717.8000000156735,7083.900000017005,6829.150000016079,6717.8000000156735,6717.8000000156735,6721.850000015688,6819.050000016042,6819.100000016042,6829.100000016078,6829.150000016079,7079.850000016991,7083.900000017005,18.100000000000122,95.94999999999669,11.450000000000028,0,240.4000000000204,0.2,0,0.0,96.00000000000023
J000773,2023-02-03/KKCH,KKCH,AMR_32,G26_12,WS_8_20,"[""111241""]",1,6726.250000015704,7103.4500000170765,6938.950000016478,6726.250000015704,6766.800000015852,6770.8500000158665,6928.850000016441,6928.9000000164415,6938.900000016478,6938.950000016478,7099.400000017062,7103.4500000170765,18.100000000000122,127.94999999999487,19.150000000000137,0,211.7500000000139,0.25,0,16.0,128.00000000000165
J000774,2023-02-03/JETG,JETG,AMR_13,G26_14,WS_19_20,"[""101147"", ""101177"", ""101291""]",4,6732.700000015728,6941.750000016488,6816.150000016031,6732.700000015728,6770.3000000158645,6774.350000015879,6806.050000015995,6806.100000015995,6816.100000016031,6816.150000016031,6937.7000000164735,6941.750000016488,18.100000000000122,77.79999999999772,14.350000000000069,0,98.54999999999654,0.25,0,16.0,56.000000000000085
J000775,2023-02-03/SETA,SETA,AMR_39,G18_15,WS_30_20,"[""101095"", ""101296"", ""110185"", ""110595"", ""123272""]",5,6740.200000015755,7081.750000016998,7045.900000016867,6740.200000015755,6920.900000016412,6924.950000016427,7035.80000001683,7035.850000016831,7045.850000016867,7045.900000016867,7077.700000016983,7081.750000016998,18.100000000000122,138.7499999999973,21.900000000000176,0,162.5500000000027,0.25,0,62.00000000000003,80.0
J000776,2023-02-03/IPMG,IPMG,AMR_30,G32_10,WS_25_20,"[""110166"", ""110221"", ""110231"", ""110475"", ""111276"", ""111376"", ""134029""]",9,6745.150000015773,6901.10000001634,6846.300000016141,6745.150000015773,6796.65000001596,6800.700000015975,6836.200000016104,6836.250000016104,6846.250000016141,6846.300000016141,6897.050000016326,6901.10000001634,18.100000000000122,96.89999999999664,16.200000000000095,0,24.500000000000213,0.25,0,28.0,76.00000000000026
J000777,2023-02-03/IPMG,IPMG,AMR_24,G21_6,WS_25_20,"[""110146"", ""110179"", ""111362"", ""112302"", ""112380"", ""121875"", ""131216""]",7,6745.150000015773,7084.2000000170065,6972.650000016601,6745.150000015773,6854.900000016172,6858.950000016187,6962.550000016564,6962.600000016564,6972.6000000166005,6972.650000016601,7080.150000016992,7084.2000000170065,18.100000000000122,156.20000000000127,21.050000000000164,0,143.44999999999837,0.25,0,56.00000000000033,104.0000000000006
J000778,2023-02-03/BKAG,BKAG,AMR_21,G26_15,WS_13_20,"[""110575""]",1,6749.70000001579,7160.500000017284,7081.600000016997,6749.70000001579,6749.70000001579,6753.750000015804,7071.50000001696,7071.55000001696,7081.550000016997,7081.600000016997,7156.450000017269,7160.500000017284,18.100000000000122,137.8999999999971,20.950000000000163,0,233.65000000001888,0.2,0,0.0,139.99999999999972
J000779,2023-02-03/IPMG,IPMG,AMR_17,G14_13,WS_25_20,"[""101104"", ""110289"", ""110703"", ""111295"", ""113194""]",5,6752.300000015799,7355.000000017992,7128.900000017169,6752.300000015799,6777.600000015891,6781.650000015906,7118.800000017132,7118.8500000171325,7128.850000017169,7128.900000017169,7350.950000017977,7355.000000017992,18.100000000000122,192.20000000000945,30.6000000000003,0,361.55000000004793,0.25,0,22.0,167.99999999999937
J000780,2023-02-03/IPMG,IPMG,AMR_27,G32_9,WS_25_20,"[""110150"", ""110278"", ""110299"", ""110328"", ""110342""]",5,6755.500000015811,6913.150000016384,6862.1000000161985,6755.500000015811,6797.2500000159625,6801.300000015977,6852.000000016162,6852.050000016162,6862.050000016198,6862.1000000161985,6909.100000016369,6913.150000016384,18.100000000000122,106.99999999999606,19.100000000000136,0,13.200000000000053,0.25,0,32.0,80.00000000000045
J000781,2023-02-03/IPMG,IPMG,AMR_23,G2_15,WS_25_20,"[""101163"", ""101192"", ""110210"", ""110218"", ""115355""]",5,6757.1000000158165,7158.450000017277,7072.300000016963,6757.1000000158165,6834.800000016099,6838.850000016114,7062.200000016926,7062.250000016927,7072.250000016963,7072.300000016963,7154.400000017262,7158.450000017277,18.100000000000122,202.00000000001168,20.00000000000015,0,161.00000000000236,0.25,0,88.0000000000018,143.99999999999994
J000782,2023-02-03/KKCH,KKCH,AMR_36,G27_12,WS_8_20,"[""111229""]",1,6757.1000000158165,7150.750000017249,7070.450000016956,6757.1000000158165,6771.70000001587,6775.750000015884,7060.35000001692,7060.40000001692,7070.400000016956,7070.450000016956,7146.700000017234,7150.750000017249,18.100000000000122,173.5000000000052,25.80000000000023,0,176.00000000000577,0.25,0,8.0,175.99999999999568
J000783,2023-02-03/JETG,JETG,AMR_15,G26_13,WS_19_20,"[""101074"", ""104356"", ""140089""]",4,6762.200000015835,7462.850000018384,7385.150000018101,6762.200000015835,7163.850000017296,7167.900000017311,7375.050000018065,7375.100000018065,7385.100000018101,7385.150000018101,7458.800000018369,7462.850000018384,18.100000000000122,273.3500000000279,41.1499999999998,0,367.80000000004935,0.25,0,177.99999999999946,100.0000000000004
J000784,2023-02-03/IPMG,IPMG,AMR_07,G36_15,WS_25_20,"[""110314"", ""110423"", ""112444"", ""118513""]",4,6763.950000015841,6951.000000016522,6893.100000016311,6763.950000015841,6840.150000016119,6844.200000016133,6883.0000000162745,6883.050000016275,6893.050000016311,6893.100000016311,6946.950000016507,6951.000000016522,18.100000000000122,124.19999999999509,14.300000000000068,0,30.200000000000294,0.25,0,76.00000000000095,72.0
J000785,2023-02-03/SETA,SETA,AMR_05,G14_14,WS_30_20,"[""107224"", ""110306"", ""112374"", ""113197"", ""120052""]",6,6776.650000015888,7368.7000000180415,7193.750000017405,6776.650000015888,7029.850000016809,7033.9000000168235,7183.650000017368,7183.700000017368,7193.700000017405,7193.750000017405,7364.650000018027,7368.7000000180415,18.100000000000122,213.75000000001435,28.700000000000273,0,331.25000000004104,0.25,0,100.0000000000019,108.00000000000023
J000786,2023-02-03/KKCH,KKCH,AMR_40,G9_15,WS_8_20,"[""110543""]",3,6782.300000015908,7098.95000001706,7052.950000016893,6782.300000015908,6969.400000016589,6973.450000016604,7042.850000016856,7042.900000016856,7052.900000016893,7052.950000016893,7094.900000017045,7098.95000001706,18.100000000000122,124.19999999999509,25.80000000000023,0,148.29999999999947,0.25,0,84.00000000000105,36.000000000000014
J000787,2023-02-03/JETG,JETG,AMR_01,G23_10,WS_19_20,"[""110239"", ""110242"", ""131980""]",3,6816.2000000160315,7009.950000016736,6917.650000016401,6816.2000000160315,6836.500000016105,6840.55000001612,6907.550000016364,6907.600000016364,6917.6000000164,6917.650000016401,7005.900000016722,7009.950000016736,18.100000000000122,82.09999999999748,13.300000000000054,0,79.9999999999976,0.25,0,14.0,60.00000000000023
J000788,2023-02-03/IPMG,IPMG,AMR_16,G21_15,WS_25_20,"[""110254"", ""110274"", ""110336"", ""110418"", ""110531""]",6,6846.350000016141,6996.850000016689,6956.4000000165415,6846.350000016141,6879.600000016262,6883.650000016277,6946.300000016505,6946.350000016505,6956.350000016541,6956.4000000165415,6992.800000016674,6996.850000016689,18.100000000000122,69.24999999999821,14.300000000000068,0,48.599999999999376,0.25,0,18.0,48.0
J000789,2023-02-03/IPMG,IPMG,AMR_03,G2_8,WS_25_20,"[""110195"", ""111207"", ""111997"", ""113097""]",6,6862.150000016199,7565.400000018757,7201.400000017433,6862.150000016199,6910.100000016373,6914.150000016388,7191.300000017396,7191.350000017396,7201.350000017433,7201.400000017433,7561.350000018742,7565.400000018757,18.100000000000122,255.15000000002377,25.70000000000023,0,404.0500000000576,0.25,0,52.00000000000054,235.9999999999892
J000790,2023-02-03/SETA,SETA,AMR_09,G18_5,WS_30_20,"[""112009"", ""120049"", ""123034"", ""132276"", ""134028""]",6,6865.900000016212,7057.0000000169075,6994.850000016681,6865.900000016212,6900.750000016339,6904.800000016354,6984.750000016645,6984.800000016645,6994.800000016681,6994.850000016681,7052.950000016893,7057.0000000169075,18.100000000000122,136.89999999999688,21.000000000000163,0,14.850000000000076,0.25,0,24.0,132.00000000000128
J000791,2023-02-03/JETG,JETG,AMR_11,G9_13,WS_19_20,"[""107162"", ""112009"", ""120049""]",4,6890.850000016303,7154.500000017262,7111.250000017105,6890.850000016303,6930.750000016448,6934.800000016463,7101.150000017068,7101.200000017068,7111.200000017105,7111.250000017105,7150.4500000172475,7154.500000017262,18.100000000000122,109.64999999999591,19.100000000000136,0,116.54999999999552,0.25,0,30.0,80.0000000000006
J000792,2023-02-03/IPMG,IPMG,AMR_04,G30_15,WS_25_20,"[""110536"", ""124183"", ""132276""]",3,6893.150000016311,7059.950000016918,6993.650000016677,6893.150000016311,6899.300000016334,6903.3500000163485,6983.55000001664,6983.6000000166405,6993.600000016677,6993.650000016677,7055.9000000169035,7059.950000016918,18.100000000000122,55.849999999998964,8.599999999999987,0,83.99999999999737,0.25,0,4.0,48.00000000000003
J000793,2023-02-03/JETG,JETG,AMR_37,G27_8,WS_19_20,"[""110484"", ""110543"", ""113194""]",3,6917.700000016401,7084.500000017008,6998.500000016695,6917.700000016401,6917.700000016401,6921.7500000164155,6988.400000016658,6988.450000016658,6998.4500000166945,6998.500000016695,7080.450000016993,7084.500000017008,18.100000000000122,91.49999999999694,11.450000000000028,0,45.54999999999955,0.2,0,0.0,92.0000000000006
J000794,2023-02-03/KKIN,KKIN,AMR_19,G5_15,WS_2_20,"[""110533""]",1,6929.550000016444,7048.900000016878,7021.700000016779,6929.550000016444,6987.950000016656,6992.000000016671,7011.600000016742,7011.6500000167425,7021.650000016779,7021.700000016779,7044.850000016863,7048.900000016878,18.100000000000122,86.14999999999725,12.450000000000042,0,2.3999999999999995,0.25,0,66.00000000000125,35.99999999999997
J000795,2023-02-03/KKIN,KKIN,AMR_30,G8_15,WS_2_20,"[""138501""]",1,6929.550000016444,7107.750000017092,7057.350000016909,6929.550000016444,7008.15000001673,7012.2000000167445,7047.250000016872,7047.300000016872,7057.300000016909,7057.350000016909,7103.700000017077,7107.750000017092,18.100000000000122,118.5999999999954,13.350000000000055,0,27.90000000000026,0.25,0,90.00000000000176,48.00000000000013
J000796,2023-02-03/KKIN,KKIN,AMR_27,G3_8,WS_2_20,"[""110615""]",1,6929.550000016444,7084.850000017009,7040.350000016847,6929.550000016444,6997.000000016689,7001.050000016704,7030.25000001681,7030.30000001681,7040.300000016847,7040.350000016847,7080.800000016994,7084.850000017009,18.100000000000122,116.7999999999955,13.400000000000055,0,6.749999999999984,0.25,0,80.00000000000138,64.00000000000053
J000797,2023-02-03/KKIN,KKIN,AMR_13,G17_6,WS_2_20,"[""123310""]",1,6941.800000016488,7172.400000017327,7114.250000017116,6941.800000016488,7018.850000016769,7022.900000016783,7104.150000017079,7104.200000017079,7114.200000017116,7114.250000017116,7168.350000017313,7172.400000017327,18.100000000000122,153.55000000000067,19.150000000000137,0,39.54999999999989,0.25,0,54.00000000000041,132.00000000000293
J000798,2023-02-03/KKCH,KKCH,AMR_07,G18_9,WS_8_20,"[""112275""]",1,6951.050000016522,7256.750000017634,7199.6500000174265,6951.050000016522,7088.150000017021,7092.200000017036,7189.55000001739,7189.60000001739,7199.600000017426,7199.6500000174265,7252.7000000176195,7256.750000017634,18.100000000000122,204.45000000001224,29.650000000000286,0,53.24999999999911,0.25,0,96.00000000000045,132.00000000000213
J000799,2023-02-03/SETA,SETA,AMR_22,G23_12,WS_30_20,"[""101189"", ""101203"", ""110149"", ""110600""]",5,6953.800000016532,7249.7000000176085,7176.700000017343,6953.800000016532,7067.900000016947,7071.950000016962,7166.600000017306,7166.650000017306,7176.650000017343,7176.700000017343,7245.650000017594,7249.7000000176085,18.100000000000122,119.34999999999536,20.05000000000015,0,138.14999999999716,0.25,0,40.0,76.00000000000023
J000800,2023-02-03/IPMG,IPMG,AMR_25,G21_13,WS_25_20,"[""101149"", ""110205"", ""134683""]",3,6958.900000016551,7271.700000017689,7144.800000017227,6958.900000016551,6989.950000016664,6994.000000016678,7134.70000001719,7134.75000001719,7144.750000017227,7144.800000017227,7267.650000017674,7271.700000017689,18.100000000000122,114.84999999999562,23.000000000000192,0,156.60000000000136,0.25,0,20.0,80.00000000000028
J000801,2023-02-03/KKIN,KKIN,AMR_26,G26_14,WS_2_20,"[""101147""]",1,6965.300000016574,7232.950000017548,7159.050000017279,6965.300000016574,7021.85000001678,7025.900000016794,7148.950000017242,7149.000000017242,7159.000000017279,7159.050000017279,7228.900000017533,7232.950000017548,18.100000000000122,138.54999999999725,13.350000000000055,0,97.39999999999661,0.25,0,26.0,136.00000000000173
J000802,2023-02-03/KKCH,KKCH,AMR_16,G23_13,WS_8_20,"[""126834""]",1,6996.900000016689,7202.850000017438,7095.150000017046,6996.900000016689,7030.950000016813,7035.0000000168275,7085.05000001701,7085.10000001701,7095.100000017046,7095.150000017046,7198.800000017423,7202.850000017438,18.100000000000122,105.59999999999614,14.300000000000068,0,67.6999999999983,0.25,0,8.0,100.00000000000063
J000803,2023-02-03/JETG,JETG,AMR_34,G24_14,WS_19_20,"[""110482"", ""110492"", ""124207""]",4,7004.5000000167165,7413.150000018203,7315.300000017847,7004.5000000167165,7174.300000017334,7178.350000017349,7305.20000001781,7305.250000017811,7315.250000017847,7315.300000017847,7409.100000018188,7413.150000018203,18.100000000000122,205.5500000000125,32.600000000000286,0,152.15000000000035,0.25,0,153.99999999999963,72.00000000000011
J000804,2023-02-03/SETA,SETA,AMR_01,G17_12,WS_30_20,"[""101221"", ""101337"", ""110313"", ""110333"", ""112083""]",5,7010.0000000167365,7268.400000017677,7159.8000000172815,7010.0000000167365,7042.450000016855,7046.500000016869,7149.700000017245,7149.750000017245,7159.750000017281,7159.8000000172815,7264.350000017662,7268.400000017677,18.100000000000122,121.09999999999526,17.20000000000011,0,101.74999999999636,0.25,0,16.0,104.00000000000054
J000805,2023-02-03/IPMG,IPMG,AMR_06,G21_12,WS_25_20,"[""101022"", ""110294"", ""111246""]",3,7025.6500000167935,7124.750000017154,7093.050000017039,7025.6500000167935,7041.20000001685,7045.250000016865,7082.950000017002,7083.000000017002,7093.0000000170385,7093.050000017039,7120.700000017139,7124.750000017154,18.100000000000122,63.79999999999851,13.400000000000055,0,3.5499999999999954,0.25,0,8.0,56.00000000000023
J000806,2023-02-03/KKCH,KKCH,AMR_33,G27_15,WS_8_20,"[""110293""]",1,7035.100000016828,7362.85000001802,7111.250000017105,7035.100000016828,7035.100000016828,7039.150000016843,7101.150000017068,7101.200000017068,7111.200000017105,7111.250000017105,7358.800000018005,7362.85000001802,18.100000000000122,139.79999999999754,14.300000000000068,0,155.35000000000107,0.2,0,0.0,155.99999999999753
J000807,2023-02-03/JETG,JETG,AMR_38,G3_14,WS_19_20,"[""101151"", ""107336"", ""110344""]",4,7036.700000016834,7417.250000018218,7368.100000018039,7036.700000016834,7207.600000017455,7211.65000001747,7358.0000000180025,7358.050000018003,7368.050000018039,7368.100000018039,7413.200000018203,7417.250000018218,18.100000000000122,181.10000000000693,22.90000000000019,0,158.20000000000172,0.25,0,90.00000000000183,112.0000000000011
J000808,2023-02-03/SETA,SETA,AMR_19,G20_13,WS_30_20,"[""107380"", ""110513"", ""112332"", ""121904""]",4,7048.950000016878,7497.000000018508,7324.950000017882,7048.950000016878,7156.050000017268,7160.100000017283,7314.850000017846,7314.900000017846,7324.900000017882,7324.950000017882,7492.9500000184935,7497.000000018508,18.100000000000122,169.30000000000425,23.900000000000205,0,236.50000000001953,0.25,0,42.00000000000003,132.0000000000002
J000809,2023-02-03/KKCH,KKCH,AMR_09,G27_10,WS_8_20,"[""101179""]",1,7057.050000016908,7447.650000018329,7363.500000018023,7057.050000016908,7117.650000017128,7121.700000017143,7353.400000017986,7353.450000017986,7363.450000018022,7363.500000018023,7443.600000018314,7447.650000018329,18.100000000000122,197.7000000000107,23.850000000000204,0,150.70000000000002,0.25,0,60.00000000000047,155.99999999999898
J000810,2023-02-03/IPMG,IPMG,AMR_04,G29_9,WS_25_20,"[""111988"", ""112435"", ""120049""]",3,7060.000000016918,7328.100000017894,7160.750000017285,7060.000000016918,7091.800000017034,7095.850000017049,7150.650000017248,7150.700000017248,7160.700000017285,7160.750000017285,7324.050000017879,7328.100000017894,18.100000000000122,88.8499999999971,14.350000000000069,0,146.54999999999907,0.25,0,22.0,68.00000000000051
J000811,2023-02-03/KKIN,KKIN,AMR_12,G24_13,WS_2_20,"[""138500""]",1,7074.900000016973,7297.650000017783,7183.250000017367,7074.900000016973,7074.900000016973,7078.950000016987,7173.15000001733,7173.20000001733,7183.200000017367,7183.250000017367,7293.600000017768,7297.650000017783,18.100000000000122,118.49999999999541,9.55,0,76.3999999999978,0.2,0,0.0,128.00000000000153
J000812,2023-02-03/BKTM,BKTM,AMR_39,G8_13,WS_13_20,"[""110310""]",1,7081.800000016998,7223.450000017513,7188.250000017385,7081.800000016998,7135.950000017195,7140.0000000172095,7178.150000017348,7178.200000017348,7188.200000017385,7188.250000017385,7219.400000017498,7223.450000017513,18.100000000000122,87.49999999999717,14.350000000000069,0,21.45000000000017,0.25,0,32.000000000000014,64.0000000000005
J000813,2023-02-03/BKTM,BKTM,AMR_14,G2_14,WS_13_20,"[""112194""]",1,7083.950000017006,7362.950000018021,7316.10000001785,7083.950000017006,7256.700000017634,7260.750000017649,7306.000000017813,7306.0500000178135,7316.05000001785,7316.10000001785,7358.900000018006,7362.950000018021,18.100000000000122,165.45000000000337,19.100000000000136,0,76.09999999999782,0.25,0,112.00000000000271,84.00000000000081
J000814,2023-02-03/BKTM,BKTM,AMR_24,G24_12,WS_13_20,"[""112307""]",1,7084.250000017007,7656.750000019089,7565.400000018757,7084.250000017007,7108.100000017093,7112.150000017108,7555.30000001872,7555.3500000187205,7565.350000018757,7565.400000018757,7652.700000019075,7656.750000019089,18.100000000000122,178.90000000000643,25.75000000000023,0,349.5000000000452,0.25,0,18.0,159.99999999999739
J000815,2023-02-03/SETA,SETA,AMR_37,G20_12,WS_30_20,"[""101218"", ""107327"", ""110211"", ""111995""]",4,7084.550000017008,7568.350000018768,7523.400000018604,7084.550000017008,7417.950000018221,7422.000000018235,7513.3000000185675,7513.350000018568,7523.350000018604,7523.400000018604,7564.300000018753,7568.350000018768,18.100000000000122,185.05000000000783,37.350000000000016,0,243.05000000002102,0.25,0,98.00000000000014,88.00000000000031
J000816,2023-02-03/JETG,JETG,AMR_27,G17_15,WS_19_20,"[""107120"", ""111249""]",3,7084.900000017009,7210.600000017466,7183.400000017367,7084.900000017009,7127.400000017164,7131.450000017178,7173.300000017331,7173.350000017331,7183.350000017367,7183.400000017367,7206.550000017452,7210.600000017466,18.100000000000122,75.64999999999785,12.400000000000041,0,19.30000000000014,0.25,0,42.00000000000023,36.0
J000817,2023-02-03/KKCH,KKCH,AMR_40,G29_13,WS_8_20,"[""135012""]",2,7099.00000001706,7616.000000018941,7389.150000018116,7099.00000001706,7159.950000017282,7164.000000017297,7379.050000018079,7379.100000018079,7389.100000018116,7389.150000018116,7611.950000018926,7616.000000018941,18.100000000000122,167.20000000000377,14.300000000000068,0,317.15000000003783,0.25,0,52.00000000000004,120.00000000000134
J000818,2023-02-03/BKTM,BKTM,AMR_08,G21_6,WS_13_20,"[""131216""]",1,7099.850000017063,7295.900000017777,7222.250000017509,7099.850000017063,7138.400000017204,7142.450000017218,7212.150000017472,7212.200000017472,7222.2000000175085,7222.250000017509,7291.850000017762,7295.900000017777,18.100000000000122,118.89999999999539,20.10000000000015,0,38.69999999999994,0.25,0,16.0,116.00000000000125
J000819,2023-02-03/IPMG,IPMG,AMR_32,G18_15,WS_25_20,"[""101296"", ""110595"", ""123272""]",3,7103.500000017077,7486.950000018472,7337.250000017927,7103.500000017077,7189.900000017391,7193.950000017406,7327.15000001789,7327.2000000178905,7337.200000017927,7337.250000017927,7482.900000018457,7486.950000018472,18.100000000000122,88.6999999999971,11.450000000000028,0,264.95000000002597,0.25,0,26.0,56.0
J000820,2023-02-03/SETA,SETA,AMR_02,G17_14,WS_30_20,"[""101135"", ""107232"", ""110178"", ""110227""]",4,7103.700000017077,7523.450000018604,7358.750000018005,7103.700000017077,7169.800000017318,7173.850000017333,7348.6500000179685,7348.700000017969,7358.700000018005,7358.750000018005,7519.40000001859,7523.450000018604,18.100000000000122,156.95000000000144,28.60000000000027,0,215.85000000001483,0.25,0,28.0,115.99999999999997
J000821,2023-02-03/JETG,JETG,AMR_31,G15_12,WS_19_20,"[""101097"", ""110468""]",2,7103.800000017078,7387.65000001811,7351.050000017977,7103.800000017078,7164.100000017297,7168.150000017312,7340.9500000179405,7341.000000017941,7351.000000017977,7351.050000017977,7383.600000018096,7387.65000001811,18.100000000000122,95.94999999999669,22.000000000000178,0,147.5499999999993,0.25,0,24.0,64.00000000000023
J000822,2023-02-03/IPMG,IPMG,AMR_10,G3_15,WS_25_20,"[""110222"", ""110561"", ""110615"", ""112231""]",5,7107.05000001709,7479.000000018443,7276.100000017705,7107.05000001709,7107.05000001709,7111.100000017104,7266.000000017668,7266.050000017668,7276.050000017704,7276.100000017705,7474.950000018428,7479.000000018443,18.100000000000122,106.94999999999607,7.649999999999981,0,239.0500000000201,0.2,0,0.0,116.00000000000108
J000823,2023-02-03/JETG,JETG,AMR_30,G14_12,WS_19_20,"[""101333"", ""124826""]",2,7111.300000017105,7348.400000017968,7271.350000017687,7111.300000017105,7141.900000017216,7145.950000017231,7261.250000017651,7261.300000017651,7271.300000017687,7271.350000017687,7344.350000017953,7348.400000017968,18.100000000000122,94.94999999999675,15.200000000000081,0,108.59999999999597,0.25,0,26.0,68.00000000000031
J000824,2023-02-03/IPMG,IPMG,AMR_06,G20_15,WS_25_20,"[""101075"", ""110603"", ""112066"", ""112086""]",4,7128.950000017169,7460.650000018376,7292.750000017765,7128.950000017169,7176.950000017344,7181.000000017359,7282.650000017728,7282.700000017729,7292.700000017765,7292.750000017765,7456.600000018361,7460.650000018376,18.100000000000122,76.19999999999781,16.300000000000097,0,220.85000000001597,0.25,0,16.0,52.0
J000825,2023-02-03/IPMG,IPMG,AMR_28,G21_14,WS_25_20,"[""107280"", ""112279"", ""123763""]",4,7148.050000017239,7497.50000001851,7397.8500000181475,7148.050000017239,7203.700000017441,7207.750000017456,7387.750000018111,7387.800000018111,7397.800000018147,7397.8500000181475,7493.450000018495,7497.50000001851,18.100000000000122,100.04999999999646,21.000000000000163,0,210.0500000000135,0.25,0,28.0,60.00000000000004
J000826,2023-02-03/KKCH,KKCH,AMR_20,G18_13,WS_8_20,"[""107310""]",1,7153.550000017259,7297.850000017784,7215.750000017485,7153.550000017259,7153.550000017259,7157.6000000172735,7205.650000017448,7205.7000000174485,7215.700000017485,7215.750000017485,7293.800000017769,7297.850000017784,18.100000000000122,80.54999999999757,9.55,0,35.9000000000001,0.2,0,0.0,84.00000000000071
J000827,2023-02-03/KKIN,KKIN,AMR_18,G3_13,WS_2_20,"[""104397""]",1,7156.950000017271,7238.100000017566,7200.350000017429,7156.950000017271,7156.950000017271,7161.000000017286,7190.250000017392,7190.300000017392,7200.300000017429,7200.350000017429,7234.050000017552,7238.100000017566,18.100000000000122,44.29999999999962,7.649999999999981,0,10.90000000000002,0.2,0,0.0,44.00000000000003
J000828,2023-02-03/SETA,SETA,AMR_36,G21_12,WS_30_20,"[""101022"", ""107458"", ""110448"", ""110524""]",4,7159.850000017282,7421.850000018235,7275.400000017702,7159.850000017282,7195.10000001741,7199.150000017425,7265.300000017665,7265.3500000176655,7275.350000017702,7275.400000017702,7417.80000001822,7421.850000018235,18.100000000000122,99.59999999999648,14.350000000000069,0,129.69999999999524,0.25,0,16.0,80.0000000000002
J000829,2023-02-03/IPMG,IPMG,AMR_21,G21_10,WS_25_20,"[""101071"", ""110585"", ""115770""]",3,7160.800000017285,7607.250000018909,7491.8500000184895,7160.800000017285,7319.550000017863,7323.600000017877,7481.750000018453,7481.800000018453,7491.800000018489,7491.8500000184895,7603.200000018895,7607.250000018909,18.100000000000122,133.4499999999961,25.850000000000232,0,268.80000000002684,0.25,0,36.0,80.00000000000026
J000830,2023-02-03/SETA,SETA,AMR_13,G15_15,WS_30_20,"[""101290"", ""107238"", ""110233"", ""124211""]",4,7176.750000017343,7508.650000018551,7341.750000017943,7176.750000017343,7200.70000001743,7204.750000017445,7331.650000017907,7331.700000017907,7341.700000017943,7341.750000017943,7504.600000018536,7508.650000018551,18.100000000000122,132.04999999999578,16.200000000000095,0,165.30000000000334,0.25,0,22.0,108.0
J000831,2023-02-03/JETG,JETG,AMR_35,G27_14,WS_19_20,"[""101302"", ""125463""]",2,7183.4500000173675,7630.9500000189955,7480.3000000184475,7183.4500000173675,7282.050000017726,7286.100000017741,7470.200000018411,7470.250000018411,7480.250000018447,7480.3000000184475,7626.900000018981,7630.9500000189955,18.100000000000122,163.95000000000303,27.70000000000026,0,237.50000000001975,0.25,0,24.0,136.0000000000002
J000832,2023-02-03/SETA,SETA,AMR_11,G15_13,WS_30_20,"[""101193"", ""107293"", ""110346"", ""137523""]",5,7193.800000017405,7568.500000018768,7410.700000018194,7193.800000017405,7224.300000017516,7228.350000017531,7400.6000000181575,7400.650000018158,7410.650000018194,7410.700000018194,7564.450000018754,7568.500000018768,18.100000000000122,149.54999999999976,24.90000000000022,0,181.9000000000071,0.25,0,24.0,136.00000000000028
J000833,2023-02-03/KPBR,KPBR,AMR_23,G3_10,WS_2_20,"[""134101""]",1,7200.400000017429,7300.400000017793,7263.95000001766,7200.400000017429,7221.750000017507,7225.800000017522,7253.850000017624,7253.900000017624,7263.90000001766,7263.95000001766,7296.350000017778,7300.400000017793,18.100000000000122,63.24999999999854,9.5,0,8.899999999999991,0.25,0,15.999999999999993,52.0000000000004
J000834,2023-02-03/KPBR,KPBR,AMR_29,G15_9,WS_2_20,"[""107364""]",1,7200.400000017429,7415.15000001821,7356.400000017997,7200.400000017429,7277.55000001771,7281.600000017725,7346.30000001796,7346.35000001796,7356.3500000179965,7356.400000017997,7411.100000018196,7415.15000001821,18.100000000000122,173.4500000000052,17.20000000000011,0,5.749999999999988,0.25,0,88.00000000000074,132.00000000000273
J000835,2023-02-03/KPBR,KPBR,AMR_16,G30_15,WS_2_20,"[""110439""]",1,7202.900000017438,7554.900000018719,7422.050000018236,7202.900000017438,7258.900000017642,7262.950000017657,7411.950000018199,7412.000000018199,7422.000000018235,7422.050000018236,7550.850000018704,7554.900000018719,18.100000000000122,218.8500000000155,27.75000000000026,0,87.0499999999972,0.25,0,46.00000000000023,203.99999999999773
J000836,2023-02-03/IPMG,IPMG,AMR_27,G14_15,WS_25_20,"[""101025"", ""110262"", ""112324""]",3,7210.6500000174665,7609.100000018916,7514.800000018573,7210.6500000174665,7226.850000017525,7230.90000001754,7504.700000018536,7504.750000018536,7514.750000018573,7514.800000018573,7605.050000018901,7609.100000018916,18.100000000000122,149.04999999999964,26.850000000000247,0,204.20000000001218,0.25,0,10.0,132.00000000000074
J000837,2023-02-03/JETG,JETG,AMR_07,G20_10,WS_19_20,"[""110394"", ""110497""]",2,7271.4000000176875,7386.600000018107,7334.050000017915,7271.4000000176875,7284.400000017735,7288.4500000177495,7323.950000017879,7324.000000017879,7334.000000017915,7334.050000017915,7382.550000018092,7386.600000018107,18.100000000000122,66.49999999999837,13.350000000000055,0,17.000000000000107,0.25,0,6.0,56.00000000000027
J000838,2023-02-03/SETA,SETA,AMR_26,G26_14,WS_30_20,"[""101147"", ""101291"", ""110511"", ""110572""]",4,7275.450000017702,7419.350000018226,7375.800000018067,7275.450000017702,7275.450000017702,7279.500000017717,7365.700000018031,7365.750000018031,7375.750000018067,7375.800000018067,7415.300000018211,7419.350000018226,18.100000000000122,79.34999999999764,13.400000000000055,0,32.85000000000027,0.2,0,0.0,80.00000000000037
J000839,2023-02-03/IPMG,IPMG,AMR_25,G24_15,WS_25_20,"[""110530"", ""110555"", ""112059""]",3,7276.150000017705,7597.750000018875,7475.650000018431,7276.150000017705,7361.750000018016,7365.800000018031,7465.550000018394,7465.600000018394,7475.60000001843,7475.650000018431,7593.70000001886,7597.750000018875,18.100000000000122,70.74999999999812,16.300000000000097,0,216.2000000000149,0.25,0,22.0,36.00000000000003
J000840,2023-02-03/IPMG,IPMG,AMR_01,G17_12,WS_25_20,"[""101183"", ""101297"", ""110313""]",3,7292.800000017765,7743.350000019404,7531.450000018634,7292.800000017765,7292.800000017765,7296.85000001778,7521.350000018597,7521.400000018597,7531.400000018633,7531.450000018634,7739.30000001939,7743.350000019404,18.100000000000122,148.79999999999959,20.00000000000015,0,263.4500000000256,0.2,0,0.0,140.00000000000048
J000841,2023-02-03/JETG,JETG,AMR_22,G17_10,WS_19_20,"[""101325"", ""111897""]",2,7315.350000017847,7582.75000001882,7497.3500000185095,7315.350000017847,7395.250000018138,7399.300000018153,7487.250000018473,7487.300000018473,7497.300000018509,7497.3500000185095,7578.700000018805,7582.75000001882,18.100000000000122,97.39999999999661,16.200000000000095,0,135.44999999999655,0.25,0,32.0,64.00000000000031
J000842,2023-02-03/SETA,SETA,AMR_20,G18_13,WS_30_20,"[""101180"", ""107310"", ""107457"", ""110251"", ""125535"", ""131216""]",6,7325.0000000178825,7885.550000019922,7650.250000019066,7325.0000000178825,7325.0000000178825,7329.050000017897,7640.150000019029,7640.200000019029,7650.200000019066,7650.250000019066,7881.500000019907,7885.550000019922,18.100000000000122,145.49999999999883,19.100000000000136,0,377.6500000000516,0.2,0,0.0,147.9999999999997
J000843,2023-02-03/JETG,JETG,AMR_12,G26_12,WS_19_20,"[""110151"", ""111241""]",2,7334.100000017916,7910.050000020011,7690.400000019212,7334.100000017916,7347.100000017963,7351.150000017978,7680.300000019175,7680.350000019175,7690.350000019212,7690.400000019212,7906.000000019996,7910.050000020011,18.100000000000122,153.7500000000007,25.850000000000232,0,378.00000000005167,0.25,0,6.0,132.00000000000034
J000844,2023-02-03/IPMG,IPMG,AMR_23,G9_14,WS_25_20,"[""110296"", ""112329"", ""120382""]",5,7337.300000017927,7785.500000019558,7660.200000019102,7337.300000017927,7365.350000018029,7369.400000018044,7650.100000019065,7650.150000019065,7660.150000019102,7660.200000019102,7781.450000019543,7785.500000019558,18.100000000000122,206.0500000000126,27.70000000000026,0,196.10000000001034,0.25,0,24.0,199.9999999999921
J000845,2023-02-03/SETA,SETA,AMR_08,G21_13,WS_30_20,"[""101149"", ""110440"", ""110520"", ""134683""]",4,7341.800000017944,7811.300000019652,7745.500000019412,7341.800000017944,7653.450000019077,7657.500000019092,7735.4000000193755,7735.450000019376,7745.450000019412,7745.500000019412,7807.250000019637,7811.300000019652,18.100000000000122,234.250000000019,44.049999999999635,0,172.85000000000505,0.25,0,146.00000000000003,96.00000000000045
J000846,2023-02-03/JETG,JETG,AMR_04,G30_14,WS_19_20,"[""110449"", ""111367""]",3,7351.100000017977,7845.050000019774,7673.45000001915,7351.100000017977,7378.800000018078,7382.850000018093,7663.350000019113,7663.400000019114,7673.40000001915,7673.45000001915,7841.00000001976,7845.050000019774,18.100000000000122,149.19999999999968,22.95000000000019,0,303.4500000000347,0.25,0,20.0,124.00000000000034
J000847,2023-02-03/SETA,SETA,AMR_30,G23_14,WS_30_20,"[""101117"", ""101335"", ""110433""]",3,7358.800000018005,7669.1500000191345,7616.700000018944,7358.800000018005,7387.750000018111,7391.8000000181255,7606.600000018907,7606.650000018907,7616.6500000189435,7616.700000018944,7665.10000001912,7669.1500000191345,18.100000000000122,108.59999999999597,22.05000000000018,0,161.35000000000244,0.25,0,26.0,88.00000000000003
J000848,2023-02-03/JETG,JETG,AMR_39,G8_13,WS_19_20,"[""110310"", ""111366""]",3,7368.1500000180395,7731.10000001936,7514.4000000185715,7368.1500000180395,7368.1500000180395,7372.200000018054,7504.300000018535,7504.350000018535,7514.350000018571,7514.4000000185715,7727.050000019345,7731.10000001936,18.100000000000122,95.49999999999672,11.450000000000028,0,237.7000000000198,0.2,0,0.0,92.00000000000065
J000849,2023-02-03/SETA,SETA,AMR_33,G20_14,WS_30_20,"[""101076"", ""101332"", ""110499""]",3,7375.8500000180675,7809.050000019643,7679.300000019171,7375.8500000180675,7596.900000018872,7600.950000018886,7669.200000019135,7669.250000019135,7679.250000019171,7679.300000019171,7805.000000019629,7809.050000019643,18.100000000000122,141.49999999999793,22.90000000000019,0,250.4500000000227,0.25,0,52.00000000000004,84.00000000000011
J000850,2023-02-03/JETG,JETG,AMR_05,G15_14,WS_19_20,"[""110143""]",1,7385.2000000181015,7504.350000018535,7463.300000018386,7385.2000000181015,7388.250000018113,7392.300000018127,7453.200000018349,7453.250000018349,7463.250000018385,7463.300000018386,7500.30000001852,7504.350000018535,18.100000000000122,55.94999999999896,7.599999999999981,0,37.25000000000002,0.25,0,2.0,48.00000000000004
J000851,2023-02-03/PMJY,PMJY,AMR_18,G5_15,WS_8_20,"[""110533""]",1,7389.200000018116,7468.450000018404,7444.250000018316,7389.200000018116,7403.650000018169,7407.700000018183,7434.15000001828,7434.20000001828,7444.200000018316,7444.250000018316,7464.40000001839,7468.450000018404,18.100000000000122,48.99999999999935,10.500000000000014,0,1.4000000000000006,0.25,0,8.0,40.0
J000852,2023-02-03/PMJY,PMJY,AMR_31,G15_10,WS_8_20,"[""112286""]",1,7389.200000018116,7507.2500000185455,7460.500000018375,7389.200000018116,7394.600000018136,7398.65000001815,7450.400000018339,7450.450000018339,7460.450000018375,7460.500000018375,7503.200000018531,7507.2500000185455,18.100000000000122,73.39999999999797,10.500000000000014,0,15.80000000000009,0.25,0,4.0,76.00000000000097
J000853,2023-02-03/PMJY,PMJY,AMR_07,G27_12,WS_8_20,"[""133306""]",1,7389.200000018116,7692.200000019218,7551.750000018707,7389.200000018116,7433.150000018276,7437.200000018291,7541.650000018671,7541.700000018671,7551.700000018707,7551.750000018707,7688.150000019204,7692.200000019218,18.100000000000122,151.00000000000009,14.300000000000068,0,119.34999999999536,0.25,0,18.0,148.0000000000009
J000854,2023-02-03/IPMG,IPMG,AMR_17,G11_7,WS_25_20,"[""101102"", ""111208"", ""111233""]",4,7397.900000018148,7946.250000020143,7616.150000018942,7397.900000018148,7429.300000018262,7433.350000018277,7606.050000018905,7606.100000018905,7616.1000000189415,7616.150000018942,7942.200000020128,7946.250000020143,18.100000000000122,207.25000000001288,28.700000000000273,0,294.0500000000326,0.25,0,22.00000000000003,195.9999999999929
J000855,2023-02-03/SETA,SETA,AMR_14,G27_8,WS_30_20,"[""110161"", ""110398"", ""110484""]",3,7410.750000018194,7603.850000018897,7558.1000000187305,7410.750000018194,7498.000000018512,7502.050000018527,7548.000000018694,7548.050000018694,7558.05000001873,7558.1000000187305,7599.800000018882,7603.850000018897,18.100000000000122,124.09999999999509,17.20000000000011,0,33.45000000000024,0.25,0,70.00000000000037,68.00000000000063
J000856,2023-02-03/PMJY,PMJY,AMR_38,G3_14,WS_8_20,"[""107336""]",1,7417.300000018218,7507.200000018545,7476.4500000184335,7417.300000018218,7417.300000018218,7421.350000018233,7466.350000018397,7466.400000018397,7476.400000018433,7476.4500000184335,7503.150000018531,7507.200000018545,18.100000000000122,51.84999999999919,9.55,0,10.20000000000001,0.2,0,0.0,52.00000000000007
J000857,2023-02-03/PMJY,PMJY,AMR_06,G20_15,WS_8_20,"[""107459""]",1,7460.700000018376,7565.350000018757,7509.500000018554,7460.700000018376,7460.700000018376,7464.750000018391,7499.400000018517,7499.450000018517,7509.4500000185535,7509.500000018554,7561.300000018742,7565.350000018757,18.100000000000122,67.5499999999983,10.500000000000014,0,8.299999999999983,0.2,0,0.0,76.00000000000085
J000858,2023-02-03/JETG,JETG,AMR_36,G21_12,WS_19_20,"[""101022"", ""110448""]",2,7463.350000018386,7739.600000019391,7597.450000018874,7463.350000018386,7463.350000018386,7467.4000000184005,7587.350000018837,7587.400000018837,7597.4000000188735,7597.450000018874,7735.550000019376,7739.600000019391,18.100000000000122,66.74999999999835,13.400000000000055,0,177.80000000000618,0.2,0,0.0,60.00000000000023
J000859,2023-02-03/IPMG,IPMG,AMR_26,G26_14,WS_25_20,"[""101147"", ""101177"", ""101291"", ""110511"", ""111363""]",5,7475.700000018431,7635.250000019011,7575.450000018794,7475.700000018431,7475.700000018431,7479.7500000184455,7565.350000018757,7565.400000018757,7575.400000018793,7575.450000018794,7631.200000018996,7635.250000019011,18.100000000000122,51.39999999999922,9.55,0,80.29999999999758,0.2,0,0.0,44.00000000000004
J000860,2023-02-03/JETG,JETG,AMR_29,G15_9,WS_19_20,"[""110377"", ""127717""]",2,7480.350000018448,7754.400000019445,7580.350000018811,7480.350000018448,7480.350000018448,7484.400000018462,7570.250000018775,7570.300000018775,7580.300000018811,7580.350000018811,7750.35000001943,7754.400000019445,18.100000000000122,76.89999999999777,11.450000000000028,0,167.4000000000038,0.2,0,0.0,72.00000000000051
J000861,2023-02-03/IPMG,IPMG,AMR_10,G3_13,WS_25_20,"[""101280"", ""107116"", ""107290""]",3,7491.90000001849,7889.500000019936,7676.10000001916,7491.90000001849,7512.650000018565,7516.70000001858,7666.000000019123,7666.050000019123,7676.05000001916,7676.10000001916,7885.450000019921,7889.500000019936,18.100000000000122,151.5000000000002,23.850000000000204,0,203.9000000000121,0.25,0,8.0,139.99999999999977
J000862,2023-02-03/JETG,JETG,AMR_09,G23_13,WS_19_20,"[""126834""]",1,7497.40000001851,7743.300000019404,7638.6500000190235,7497.40000001851,7524.3000000186075,7528.350000018622,7628.550000018987,7628.600000018987,7638.600000019023,7638.6500000190235,7739.2500000193895,7743.300000019404,18.100000000000122,93.9999999999968,18.200000000000124,0,115.34999999999559,0.25,0,18.0,76.00000000000023
J000863,2023-02-03/JETG,JETG,AMR_31,G14_13,WS_19_20,"[""126308""]",1,7514.450000018572,7778.900000019534,7655.750000019086,7514.450000018572,7535.450000018648,7539.500000018663,7645.650000019049,7645.700000019049,7655.700000019086,7655.750000019086,7774.850000019519,7778.900000019534,18.100000000000122,81.14999999999753,14.350000000000069,0,150.6,0.25,0,12.0,64.00000000000034
J000864,2023-02-03/IPMG,IPMG,AMR_18,G2_13,WS_25_20,"[""107105"", ""110548"", ""126347""]",3,7514.850000018573,8525.400000016185,8079.0000000206255,7514.850000018573,7538.70000001866,7542.750000018675,8068.900000020589,8068.950000020589,8078.950000020625,8079.0000000206255,8521.350000016244,8525.400000016185,18.100000000000122,239.5000000000202,39.14999999999991,0,713.5499999998988,0.25,0,17.999999999999993,215.9999999999967
J000865,2023-02-03/SETA,SETA,AMR_15,G26_13,WS_30_20,"[""101198"", ""110319"", ""112333"", ""137330""]",4,7523.450000018604,7676.650000019162,7633.300000019004,7523.450000018604,7523.450000018604,7527.500000018619,7623.200000018967,7623.2500000189675,7633.250000019004,7633.300000019004,7672.600000019147,7676.650000019162,18.100000000000122,60.09999999999872,9.55,0,65.24999999999844,0.2,0,0.0,60.00000000000013
J000866,2023-02-03/IPMG,IPMG,AMR_34,G26_15,WS_25_20,"[""110165"", ""110575""]",2,7531.500000018634,7683.950000019188,7632.650000019002,7531.500000018634,7553.900000018715,7557.95000001873,7622.550000018965,7622.600000018965,7632.6000000190015,7632.650000019002,7679.900000019174,7683.950000019188,18.100000000000122,53.199999999999115,10.500000000000014,0,70.39999999999814,0.25,0,6.0,36.00000000000003
J000867,2023-02-03/RUDA,RUDA,AMR_19,G20_6,WS_8_20,"[""110252"", ""110283"", ""110306"", ""111277"", ""112059"", ""112374"", ""112394"", ""120052"", ""138468""]",9,7551.800000018708,7712.800000019293,7651.800000019071,7551.800000018708,7573.150000018785,7577.2000000188,7641.700000019035,7641.750000019035,7651.750000019071,7651.800000019071,7708.750000019279,7712.800000019293,18.100000000000122,119.79999999999534,15.300000000000082,0,7.549999999999981,0.25,0,18.0,124.00000000000222
J000868,2023-02-03/RUDA,RUDA,AMR_13,G15_15,WS_8_20,"[""101290"", ""101329"", ""110604"", ""123094"", ""124211"", ""124702"", ""134029""]",7,7551.800000018708,7632.700000019002,7593.70000001886,7551.800000018708,7551.800000018708,7555.850000018722,7583.600000018823,7583.650000018823,7593.65000001886,7593.70000001886,7628.650000018987,7632.700000019002,18.100000000000122,52.19999999999917,7.649999999999981,0,2.7499999999999982,0.2,0,0.0,56.0000000000005
J000869,2023-02-03/RUDA,RUDA,AMR_28,G26_8,WS_8_20,"[""110166"", ""110225"", ""110231"", ""111276"", ""112034"", ""121833"", ""133300""]",7,7551.800000018708,7846.50000001978,7680.800000019177,7551.800000018708,7592.500000018856,7596.55000001887,7670.70000001914,7670.75000001914,7680.750000019177,7680.800000019177,7842.450000019765,7846.50000001978,18.100000000000122,170.4000000000045,22.95000000000019,0,82.99999999999743,0.25,0,22.0,171.99999999999764
J000870,2023-02-03/RUDA,RUDA,AMR_32,G23_6,WS_8_20,"[""110221"", ""110385"", ""110595"", ""111391"", ""120450"", ""134027""]",6,7551.800000018708,8023.300000020423,7915.050000020029,7551.800000018708,7793.750000019588,7797.8000000196025,7904.950000019992,7905.0000000199925,7915.000000020029,7915.050000020029,8019.250000020408,8023.300000020423,18.100000000000122,217.75000000001526,35.55000000000012,0,199.8500000000112,0.25,0,64.00000000000055,179.99999999999673
J000871,2023-02-03/RUDA,RUDA,AMR_38,G3_15,WS_8_20,"[""110222"", ""110255"", ""110305"", ""112392""]",4,7551.800000018708,7652.600000019074,7625.500000018976,7551.800000018708,7555.850000018722,7559.900000018737,7615.400000018939,7615.450000018939,7625.4500000189755,7625.500000018976,7648.55000001906,7652.600000019074,18.100000000000122,51.19999999999923,6.649999999999984,0,24.600000000000215,0.25,0,2.0,48.000000000000114
J000872,2023-02-03/RUDA,RUDA,AMR_05,G15_14,WS_8_20,"[""110316"", ""110450"", ""111261"", ""124208""]",4,7551.800000018708,7723.8500000193335,7609.550000018918,7551.800000018708,7551.800000018708,7555.850000018722,7599.450000018881,7599.500000018881,7609.5000000189175,7609.550000018918,7719.800000019319,7723.8500000193335,18.100000000000122,85.44999999999729,13.400000000000055,0,54.89999999999902,0.2,0,0.0,88.00000000000105
J000873,2023-02-03/SETA,SETA,AMR_16,G24_14,WS_30_20,"[""110391"", ""110482"", ""124207""]",3,7558.150000018731,7794.750000019591,7762.450000019474,7558.150000018731,7637.400000019019,7641.450000019034,7752.350000019437,7752.400000019437,7762.400000019474,7762.450000019474,7790.700000019577,7794.750000019591,18.100000000000122,105.79999999999613,22.05000000000018,0,90.39999999999701,0.25,0,37.99999999999999,68.00000000000006
J000874,2023-02-03/KKDG,KKDG,AMR_02,G17_4,WS_13_20,"[""110221"", ""111376"", ""111391"", ""123310""]",4,7565.450000018757,8476.000000016904,8207.350000020813,7565.450000018757,7590.8000000188495,7594.850000018864,8197.25000002096,8197.30000002096,8207.300000020814,8207.350000020813,8471.950000016963,8476.000000016904,18.100000000000122,220.45000000001588,32.50000000000029,0,639.2499999999663,0.25,0,24.00000000000003,191.9999999999961
J000875,2023-02-03/KKDG,KKDG,AMR_03,G3_14,WS_13_20,"[""110349"", ""112040""]",2,7565.450000018757,7845.250000019775,7794.750000019591,7565.450000018757,7622.250000018964,7626.300000018979,7784.650000019555,7784.700000019555,7794.700000019591,7794.750000019591,7841.20000001976,7845.250000019775,18.100000000000122,145.2999999999988,26.800000000000246,0,89.34999999999707,0.25,0,42.00000000000006,108.00000000000138
J000876,2023-02-03/KKDG,KKDG,AMR_06,G17_9,WS_13_20,"[""112003"", ""118513""]",2,7565.450000018757,8050.9500000205235,7850.450000019794,7565.450000018757,7646.0500000190505,7650.100000019065,7840.350000019757,7840.4000000197575,7850.400000019794,7850.450000019794,8046.900000020509,8050.9500000205235,18.100000000000122,182.7000000000073,28.750000000000274,0,255.7000000000239,0.25,0,50.00000000000041,128.0000000000013
J000877,2023-02-03/KKDG,KKDG,AMR_37,G2_15,WS_13_20,"[""107439"", ""115355""]",2,7568.400000018768,7902.350000019983,7867.500000019856,7568.400000018768,7766.150000019487,7770.200000019502,7857.400000019819,7857.4500000198195,7867.450000019856,7867.500000019856,7898.300000019968,7902.350000019983,18.100000000000122,132.6499999999959,21.150000000000166,0,161.80000000000254,0.25,0,62.00000000000088,76.00000000000077
J000878,2023-02-03/KKDG,KKDG,AMR_11,G12_7,WS_13_20,"[""110595"", ""136998""]",2,7568.5500000187685,7709.650000019282,7656.85000001909,7568.5500000187685,7604.200000018898,7608.250000018913,7646.750000019053,7646.800000019053,7656.80000001909,7656.85000001909,7705.600000019267,7709.650000019282,18.100000000000122,84.94999999999732,15.300000000000082,0,22.500000000000185,0.25,0,22.00000000000003,68.00000000000065
J000879,2023-02-03/JETG,JETG,AMR_22,G17_14,WS_19_20,"[""101028""]",2,7582.80000001882,8030.400000020449,7820.750000019686,7582.80000001882,7601.200000018887,7605.250000018902,7810.650000019649,7810.700000019649,7820.700000019686,7820.750000019686,8026.350000020434,8030.400000020449,18.100000000000122,97.69999999999659,23.950000000000205,0,307.60000000003566,0.25,0,12.0,72.00000000000006
J000880,2023-02-03/IPMG,IPMG,AMR_25,G15_13,WS_25_20,"[""107293"", ""110346"", ""112285""]",3,7597.800000018875,8308.500000019341,7961.9000000201995,7597.800000018875,7626.950000018981,7631.000000018996,7951.800000020163,7951.850000020163,7961.850000020199,7961.9000000201995,8304.4500000194,8308.500000019341,18.100000000000122,173.70000000000525,29.650000000000286,0,489.0000000000769,0.25,0,26.0,143.9999999999996
J000881,2023-02-03/RUDA,RUDA,AMR_14,G27_8,WS_8_20,"[""110161"", ""110484"", ""111330"", ""113194"", ""118475""]",5,7603.900000018897,8196.500000020971,7988.500000020296,7603.900000018897,7603.900000018897,7607.950000018912,7978.4000000202595,7978.45000002026,7988.450000020296,7988.500000020296,8192.45000002103,8196.500000020971,18.100000000000122,161.95000000000258,19.050000000000136,0,393.30000000005515,0.2,0,0.0,159.9999999999973
J000882,2023-02-03/KKDG,KKDG,AMR_21,G14_14,WS_13_20,"[""113197""]",1,7607.3000000189095,7864.300000019844,7833.350000019732,7607.3000000189095,7744.600000019409,7748.650000019424,7823.250000019695,7823.300000019695,7833.300000019732,7833.350000019732,7860.25000001983,7864.300000019844,18.100000000000122,146.29999999999902,24.90000000000022,0,67.44999999999831,0.25,0,118.00000000000233,40.00000000000004
J000883,2023-02-03/JETG,JETG,AMR_27,G20_12,WS_19_20,"[""101085""]",1,7609.150000018916,8018.750000020406,7930.750000020086,7609.150000018916,7825.600000019704,7829.650000019718,7920.650000020049,7920.70000002005,7930.700000020086,7930.750000020086,8014.700000020392,8018.750000020406,18.100000000000122,163.25000000000287,27.75000000000026,0,200.25000000001128,0.25,0,114.0000000000021,48.00000000000023
J000884,2023-02-03/RUDA,RUDA,AMR_40,G18_14,WS_8_20,"[""101207"", ""107317"", ""110594"", ""112326""]",4,7616.050000018941,8429.950000017574,8130.9500000208145,7616.050000018941,7734.8500000193735,7738.900000019388,8120.850000020778,8120.900000020778,8130.900000020814,8130.9500000208145,8425.900000017633,8429.950000017574,18.100000000000122,222.20000000001627,34.60000000000017,0,538.7500000000578,0.25,0,80.00000000000091,143.99999999999974
J000885,2023-02-03/SETA,SETA,AMR_35,G17_13,WS_30_20,"[""107159"", ""110541"", ""123788""]",3,7631.000000018996,8464.250000017075,8282.550000019719,7631.000000018996,8127.900000020803,8131.950000020818,8272.450000019866,8272.500000019865,8282.50000001972,8282.550000019719,8460.200000017134,8464.250000017075,18.100000000000122,277.55000000002883,45.999999999999524,0,491.35000000007744,0.25,0,177.9999999999998,108.00000000000043
J000886,2023-02-03/IPMG,IPMG,AMR_13,G23_15,WS_25_20,"[""107312"", ""107328""]",3,7632.750000019002,7809.850000019646,7792.000000019581,7632.750000019002,7724.550000019336,7728.600000019351,7781.900000019545,7781.950000019545,7791.950000019581,7792.000000019581,7805.800000019632,7809.850000019646,18.100000000000122,80.19999999999759,11.450000000000028,0,67.09999999999833,0.25,0,44.00000000000023,36.00000000000003
J000887,2023-02-03/RUDA,RUDA,AMR_26,G20_15,WS_8_20,"[""101134"", ""110502"", ""110603"", ""112086""]",4,7635.300000019011,8051.250000020525,7972.600000020238,7635.300000019011,7706.050000019269,7710.1000000192835,7962.500000020202,7962.550000020202,7972.550000020238,7972.600000020238,8047.20000002051,8051.250000020525,18.100000000000122,110.64999999999586,18.200000000000124,0,268.75000000002683,0.25,0,18.0,88.00000000000064
J000888,2023-02-03/SETA,SETA,AMR_38,G3_6,WS_30_20,"[""110195"", ""110343"", ""110349""]",3,7652.6500000190745,8214.750000020706,8130.750000020814,7652.6500000190745,7675.450000019157,7679.500000019172,8120.650000020777,8120.700000020777,8130.700000020814,8130.750000020814,8210.700000020764,8214.750000020706,18.100000000000122,256.90000000002414,35.450000000000124,0,251.4000000000229,0.25,0,22.000000000000025,275.99999999998386
J000889,2023-02-03/KPBR,KPBR,AMR_24,G24_12,WS_2_20,"[""112307""]",1,7656.80000001909,7998.200000020332,7904.600000019991,7656.80000001909,7656.80000001909,7660.850000019104,7894.500000019954,7894.5500000199545,7904.550000019991,7904.600000019991,7994.150000020317,7998.200000020332,18.100000000000122,133.79999999999617,19.000000000000135,0,170.30000000000447,0.2,0,0.0,140.0000000000012
J000890,2023-02-03/JETG,JETG,AMR_30,G21_10,WS_19_20,"[""110585"", ""110607""]",2,7669.200000019135,7932.900000020094,7767.950000019494,7669.200000019135,7687.350000019201,7691.400000019215,7757.850000019457,7757.900000019457,7767.900000019494,7767.950000019494,7928.850000020079,7932.900000020094,18.100000000000122,79.59999999999762,16.200000000000095,0,149.54999999999976,0.25,0,12.0,60.00000000000027
J000891,2023-02-03/IPMG,IPMG,AMR_15,G23_14,WS_25_20,"[""110252"", ""132279""]",3,7676.700000019162,8051.050000020524,8022.050000020418,7676.700000019162,7913.000000020022,7917.050000020036,8011.950000020382,8012.000000020382,8022.000000020418,8022.050000020418,8047.000000020509,8051.050000020524,18.100000000000122,178.95000000000644,28.750000000000274,0,148.29999999999947,0.25,0,136.00000000000196,48.00000000000004
J000892,2023-02-03/RUDA,RUDA,AMR_34,G12_6,WS_8_20,"[""110146"", ""110362"", ""112302"", ""121875""]",4,7684.0000000191885,7938.500000020114,7875.450000019885,7684.0000000191885,7813.300000019659,7817.350000019674,7865.350000019848,7865.400000019848,7875.400000019885,7875.450000019885,7934.4500000201,7938.500000020114,18.100000000000122,150.85000000000005,21.950000000000177,0,63.34999999999854,0.25,0,74.00000000000065,88.00000000000102
J000893,2023-02-03/JETG,JETG,AMR_07,G23_12,WS_19_20,"[""110600""]",1,7692.2500000192185,7927.000000020073,7796.000000019596,7692.2500000192185,7727.100000019345,7731.15000001936,7785.900000019559,7785.950000019559,7795.950000019596,7796.000000019596,7922.950000020058,7927.000000020073,18.100000000000122,74.14999999999793,12.35000000000004,0,129.8999999999953,0.25,0,16.0,52.000000000000156
J000894,2023-02-03/SETA,SETA,AMR_11,G27_15,WS_30_20,"[""110171"", ""112292""]",2,7709.700000019282,7921.450000020052,7897.200000019964,7709.700000019282,7840.000000019756,7844.050000019771,7887.100000019927,7887.150000019928,7897.150000019964,7897.200000019964,7917.400000020038,7921.450000020052,18.100000000000122,134.64999999999637,18.200000000000124,0,40.549999999999834,0.25,0,118.00000000000205,40.0
J000895,2023-02-03/IPMG,IPMG,AMR_19,G24_13,WS_25_20,"[""107395"", ""125194""]",2,7712.8500000192935,7877.750000019893,7845.950000019778,7712.8500000192935,7789.5500000195725,7793.600000019587,7835.850000019741,7835.900000019741,7845.9000000197775,7845.950000019778,7873.700000019879,7877.750000019893,18.100000000000122,77.54999999999774,15.300000000000082,0,53.699999999999086,0.25,0,30.0,48.00000000000021
J000896,2023-02-03/JETG,JETG,AMR_05,G27_13,WS_19_20,"[""110322""]",1,7723.900000019334,8022.950000020422,7913.600000020024,7723.900000019334,7829.200000019717,7833.2500000197315,7903.500000019987,7903.550000019987,7913.550000020024,7913.600000020024,8018.900000020407,8022.950000020422,18.100000000000122,128.04999999999487,19.100000000000136,0,133.54999999999612,0.25,0,38.00000000000004,88.00000000000006
J000897,2023-02-03/KKDG,KKDG,AMR_39,G14_15,WS_13_20,"[""101025""]",1,7731.15000001936,7840.250000019757,7811.950000019654,7731.15000001936,7764.300000019481,7768.350000019495,7801.850000019617,7801.900000019617,7811.900000019654,7811.950000019654,7836.200000019742,7840.250000019757,18.100000000000122,64.29999999999849,13.350000000000055,0,13.100000000000051,0.25,0,28.0,32.0
J000898,2023-02-03/RUDA,RUDA,AMR_36,G14_12,WS_8_20,"[""110514"", ""122645"", ""124826""]",3,7739.650000019391,8114.900000020756,8021.400000020416,7739.650000019391,7871.650000019871,7875.700000019886,8011.300000020379,8011.350000020379,8021.350000020416,8021.400000020416,8110.850000020741,8114.900000020756,18.100000000000122,141.14999999999785,19.200000000000138,0,196.55000000001044,0.25,0,66.00000000000085,76.00000000000048
J000899,2023-02-03/SETA,SETA,AMR_09,G26_15,WS_30_20,"[""110286"", ""110575""]",2,7743.350000019404,7905.700000019995,7880.000000019902,7743.350000019404,7838.100000019749,7842.150000019764,7869.900000019865,7869.950000019865,7879.950000019901,7880.000000019902,7901.65000001998,7905.700000019995,18.100000000000122,72.09999999999805,14.350000000000069,0,57.54999999999887,0.25,0,30.0,44.0
J000900,2023-02-03/IPMG,IPMG,AMR_01,G26_13,WS_25_20,"[""112333"", ""114899""]",2,7743.400000019405,7893.700000019951,7862.000000019836,7743.400000019405,7806.6000000196345,7810.650000019649,7851.900000019799,7851.9500000197995,7861.950000019836,7862.000000019836,7889.650000019937,7893.700000019951,18.100000000000122,73.59999999999796,13.350000000000055,0,44.99999999999958,0.25,0,24.0,48.00000000000021
J000901,2023-02-03/JETG,JETG,AMR_29,G14_10,WS_19_20,"[""135096""]",1,7754.450000019445,8441.800000017402,8050.850000020523,7754.450000019445,7782.800000019548,7786.850000019563,8040.750000020486,8040.800000020487,8050.800000020523,8050.850000020523,8437.75000001746,8441.800000017402,18.100000000000122,106.99999999999606,22.05000000000018,0,539.9500000000567,0.25,0,12.0,76.0000000000002
J000902,2023-02-03/SETA,SETA,AMR_31,G27_14,WS_30_20,"[""107329"", ""125463""]",2,7778.950000019534,7942.450000020129,7914.250000020026,7778.950000019534,7850.950000019796,7855.000000019811,7904.150000019989,7904.20000001999,7914.200000020026,7914.250000020026,7938.400000020114,7942.450000020129,18.100000000000122,89.34999999999707,15.300000000000082,0,40.49999999999984,0.25,0,44.0,44.00000000000004
J000903,2023-02-03/JETG,JETG,AMR_23,G9_15,WS_19_20,"[""107407""]",2,7785.550000019558,8266.450000019953,8084.750000020646,7785.550000019558,7789.600000019573,7793.650000019587,8074.65000002061,8074.70000002061,8084.700000020646,8084.750000020646,8262.400000020012,8266.450000019953,18.100000000000122,121.49999999999524,14.300000000000068,0,326.75000000004,0.25,0,2.0,112.00000000000074
J000904,2023-02-03/KKDG,KKDG,AMR_16,G15_15,WS_13_20,"[""124211""]",1,7794.800000019592,8054.750000020537,8028.650000020442,7794.800000019592,7896.2000000199605,7900.250000019975,8018.550000020406,8018.600000020406,8028.600000020442,8028.650000020442,8050.700000020523,8054.750000020537,18.100000000000122,72.69999999999801,16.300000000000097,0,152.60000000000045,0.25,0,28.0,40.00000000000014
J000905,2023-02-03/IPMG,IPMG,AMR_33,G29_14,WS_25_20,"[""120778"", ""214618""]",2,7809.100000019644,8024.400000020427,7990.300000020303,7809.100000019644,7945.300000020139,7949.350000020154,7980.200000020266,7980.250000020266,7990.250000020303,7990.300000020303,8020.350000020412,8024.400000020427,18.100000000000122,82.29999999999747,15.300000000000082,0,99.3499999999965,0.25,0,34.0,48.00000000000004
J000906,2023-02-03/SETA,SETA,AMR_13,G30_13,WS_30_20,"[""111326"", ""112444""]",3,7809.9000000196465,7962.200000020201,7931.300000020088,7809.9000000196465,7856.3500000198155,7860.40000001983,7921.200000020051,7921.250000020052,7931.250000020088,7931.300000020088,7958.150000020186,7962.200000020201,18.100000000000122,77.64999999999773,16.250000000000096,0,40.04999999999986,0.25,0,30.0,44.00000000000021
J000907,2023-02-03/JETG,JETG,AMR_08,G9_14,WS_19_20,"[""124899""]",1,7811.350000019652,8684.950000013863,8504.050000016496,7811.350000019652,8143.700000020861,8147.750000020876,8493.950000016643,8494.000000016642,8504.000000016496,8504.050000016496,8680.900000013922,8684.950000013863,18.100000000000122,218.05000000001533,45.89999999999953,0,591.30000000001,0.25,0,114.00000000000034,80.00000000000057
J000908,2023-02-03/KKDG,KKDG,AMR_39,G17_15,WS_13_20,"[""111276""]",1,7840.300000019757,8165.250000020939,8099.0500000206985,7840.300000019757,8040.700000020486,8044.750000020501,8088.950000020662,8089.000000020662,8099.000000020698,8099.0500000206985,8161.200000020925,8165.250000020939,18.100000000000122,82.74999999999744,19.100000000000136,0,204.7500000000123,0.25,0,30.0,40.0
J000909,2023-02-03/JETG,JETG,AMR_04,G8_15,WS_19_20,"[""110223""]",2,7845.100000019775,8263.650000019994,8067.700000020584,7845.100000019775,7935.800000020105,7939.850000020119,8057.600000020548,8057.650000020548,8067.650000020584,8067.700000020584,8259.600000020053,8263.650000019994,18.100000000000122,151.85000000000028,16.200000000000095,0,232.15000000001854,0.25,0,98.00000000000176,76.00000000000048
J000910,2023-02-03/KKDG,KKDG,AMR_03,G14_13,WS_13_20,"[""111295""]",1,7845.300000019775,8086.400000020652,8045.700000020504,7845.300000019775,7881.500000019907,7885.550000019922,8035.600000020468,8035.650000020468,8045.650000020504,8045.700000020504,8082.350000020638,8086.400000020652,18.100000000000122,93.89999999999681,21.100000000000165,0,107.74999999999602,0.25,0,32.0,60.00000000000021
J000911,2023-02-03/IPMG,IPMG,AMR_28,G23_10,WS_25_20,"[""131531"", ""131980""]",2,7846.55000001978,7992.650000020311,7929.900000020083,7846.55000001978,7862.850000019839,7866.900000019854,7919.800000020046,7919.8500000200465,7929.850000020083,7929.900000020083,7988.600000020297,7992.650000020311,18.100000000000122,68.59999999999825,13.400000000000055,0,45.74999999999954,0.25,0,10.0,60.00000000000048
J000912,2023-02-03/KKDG,KKDG,AMR_21,G9_13,WS_13_20,"[""134669""]",1,7864.350000019845,8155.500000020904,8121.900000020782,7864.350000019845,8007.100000020364,8011.150000020379,8111.800000020745,8111.850000020745,8121.850000020781,8121.900000020782,8151.450000020889,8155.500000020904,18.100000000000122,94.0499999999968,21.150000000000166,0,157.6000000000016,0.25,0,28.0,52.00000000000013
J000913,2023-02-03/RUDA,RUDA,AMR_19,G18_12,WS_8_20,"[""110347"", ""110395"", ""110486""]",3,7877.800000019894,8472.85000001695,8114.750000020756,7877.800000019894,7971.350000020234,7975.400000020249,8104.650000020719,8104.700000020719,8114.700000020755,8114.750000020756,8468.800000017009,8472.85000001695,18.100000000000122,163.05000000000283,22.000000000000178,0,391.6500000000548,0.25,0,34.0,132.000000000002
J000914,2023-02-03/SETA,SETA,AMR_20,G24_15,WS_30_20,"[""100949"", ""110555""]",2,7885.600000019922,8075.500000020613,8047.500000020511,7885.600000019922,7996.400000020325,8000.45000002034,8037.400000020474,8037.450000020474,8047.450000020511,8047.500000020511,8071.450000020598,8075.500000020613,18.100000000000122,86.54999999999723,18.250000000000124,0,66.74999999999835,0.25,0,36.00000000000003,52.0
J000915,2023-02-03/IPMG,IPMG,AMR_10,G23_9,WS_25_20,"[""111357"", ""135025""]",2,7889.550000019936,8041.80000002049,8006.10000002036,7889.550000019936,7942.050000020127,7946.100000020142,7996.000000020324,7996.050000020324,8006.05000002036,8006.10000002036,8037.750000020475,8041.80000002049,18.100000000000122,103.89999999999624,13.350000000000055,0,16.6500000000001,0.25,0,48.00000000000004,64.0000000000005
J000916,2023-02-03/KKDG,KKDG,AMR_01,G17_12,WS_13_20,"[""110313""]",1,7893.750000019952,8164.950000020938,8082.050000020637,7893.750000019952,7959.500000020191,7963.5500000202055,8071.9500000206,8072.0000000206,8082.000000020636,8082.050000020637,8160.9000000209235,8164.950000020938,18.100000000000122,102.8999999999963,17.20000000000011,0,132.74999999999594,0.25,0,36.0,56.00000000000027
J000917,2023-02-03/SETA,SETA,AMR_37,G35_14,WS_30_20,"[""110209"", ""120318""]",2,7902.400000019983,8381.200000018283,8346.40000001879,7902.400000019983,8303.400000019416,8307.450000019357,8336.300000018937,8336.350000018936,8346.35000001879,8346.40000001879,8377.150000018342,8381.200000018283,18.100000000000122,233.40000000001882,43.09999999999969,0,183.95000000000758,0.25,0,195.9999999999927,48.00000000000004
J000918,2023-02-03/MMIM,MMIM,AMR_09,G12_15,WS_2_20,"[""110604""]",1,7905.750000019995,8274.100000019842,8148.500000020878,7905.750000019995,8097.300000020692,8101.350000020707,8138.400000020842,8138.450000020842,8148.450000020878,8148.500000020878,8270.0500000199,8274.100000019842,18.100000000000122,140.69999999999774,21.900000000000176,0,187.40000000000836,0.25,0,52.000000000000284,88.00000000000117
J000919,2023-02-03/MMIM,MMIM,AMR_12,G14_14,WS_2_20,"[""120052""]",1,7910.100000020011,8491.750000016675,8314.000000019261,7910.100000020011,8232.200000020452,8236.250000020393,8303.900000019408,8303.950000019408,8313.950000019262,8314.000000019261,8487.700000016734,8491.750000016675,18.100000000000122,263.15000000002556,35.35000000000013,0,264.80000000002593,0.25,0,203.9999999999954,80.0000000000004
J000920,2023-02-03/MMIM,MMIM,AMR_11,G18_13,WS_2_20,"[""131216""]",1,7921.5000000200525,8461.10000001712,8253.350000020144,7921.5000000200525,7976.2000000202515,7980.250000020266,8243.25000002029,8243.30000002029,8253.300000020145,8253.350000020144,8457.05000001718,8461.10000001712,18.100000000000122,141.49999999999793,20.05000000000015,0,359.7000000000475,0.25,0,26.0,108.00000000000114
J000921,2023-02-03/MMIM,MMIM,AMR_07,G21_12,WS_2_20,"[""101022""]",1,7927.050000020073,8450.350000017277,8118.450000020769,7927.050000020073,7933.3000000200955,7937.35000002011,8108.350000020732,8108.4000000207325,8118.400000020769,8118.450000020769,8446.300000017336,8450.350000017277,18.100000000000122,138.94999999999735,23.050000000000193,0,342.9500000000437,0.25,0,4.0,144.00000000000026
J000922,2023-02-03/JETG,JETG,AMR_30,G27_15,WS_19_20,"[""110582""]",1,7932.950000020094,8273.650000019848,8101.8000000207085,7932.950000020094,8038.95000002048,8043.000000020495,8091.700000020672,8091.750000020672,8101.750000020708,8101.8000000207085,8269.600000019907,8273.650000019848,18.100000000000122,135.29999999999652,22.95000000000019,0,164.10000000000306,0.25,0,86.00000000000114,56.0
J000923,2023-02-03/SETA,SETA,AMR_34,G21_14,WS_30_20,"[""112279"", ""112334""]",2,7938.550000020115,8401.800000017984,8299.800000019468,7938.550000020115,8235.7000000204,8239.750000020342,8289.700000019615,8289.750000019614,8299.750000019469,8299.800000019468,8397.750000018043,8401.800000017984,18.100000000000122,174.30000000000538,30.750000000000302,0,239.8500000000203,0.25,0,106.00000000000142,68.00000000000006
J000924,2023-02-03/RUDA,RUDA,AMR_31,G12_5,WS_8_20,"[""112247"", ""112357"", ""120049""]",3,7942.500000020129,8183.150000021004,8099.100000020699,7942.500000020129,8011.700000020381,8015.750000020395,8089.000000020662,8089.050000020662,8099.0500000206985,8099.100000020699,8179.10000002099,8183.150000021004,18.100000000000122,163.05000000000283,21.050000000000164,0,38.19999999999997,0.25,0,72.00000000000054,120.00000000000196
J000925,2023-02-03/IPMG,IPMG,AMR_17,G33_12,WS_25_20,"[""112357"", ""115951""]",2,7946.300000020143,8377.600000018336,8332.850000018987,7946.300000020143,8278.200000019782,8282.250000019723,8322.750000019134,8322.800000019133,8332.800000018988,8332.850000018987,8373.550000018395,8377.600000018336,18.100000000000122,178.90000000000643,34.550000000000175,0,199.5000000000111,0.25,0,114.00000000000077,80.0000000000003
J000926,2023-02-03/JETG,JETG,AMR_13,G12_10,WS_19_20,"[""107311""]",1,7962.250000020201,9014.050000009074,8724.30000001329,7962.250000020201,8305.85000001938,8309.900000019321,8714.200000013438,8714.250000013437,8724.250000013291,8724.30000001329,9010.000000009133,9014.050000009074,18.100000000000122,296.000000000033,44.09999999999963,0,693.3499999999171,0.25,0,189.99999999999704,124.00000000000065
J000927,2023-02-03/RUDA,RUDA,AMR_28,G24_14,WS_8_20,"[""101013"", ""110324"", ""110482""]",3,7992.700000020312,8498.100000016582,8256.050000020105,7992.700000020312,8009.850000020374,8013.900000020389,8245.950000020252,8246.00000002025,8256.000000020105,8256.050000020105,8494.050000016641,8498.100000016582,18.100000000000122,154.35000000000085,24.850000000000218,0,307.8500000000357,0.25,0,14.0,128.00000000000068
J000928,2023-02-03/IPMG,IPMG,AMR_24,G15_14,WS_25_20,"[""110450"", ""123310""]",2,7998.250000020332,8651.200000014354,8218.950000020644,7998.250000020332,8105.400000020722,8109.450000020736,8208.850000020791,8208.90000002079,8218.900000020645,8218.950000020644,8647.150000014413,8651.200000014354,18.100000000000122,183.00000000000736,25.80000000000023,0,425.80000000006254,0.25,0,34.0,136.00000000000028
J000929,2023-02-03/IPMG,IPMG,AMR_27,G26_8,WS_25_20,"[""110225"", ""112034""]",3,8018.8000000204065,8241.400000020318,8203.100000020875,8018.8000000204065,8152.300000020892,8156.350000020907,8193.000000021022,8193.050000021021,8203.050000020876,8203.100000020875,8237.350000020377,8241.400000020318,18.100000000000122,98.84999999999653,17.25000000000011,0,88.14999999999714,0.25,0,36.000000000000014,68.00000000000068
J000930,2023-02-03/RUDA,RUDA,AMR_05,G27_14,WS_8_20,"[""101122"", ""110132"", ""125463""]",3,8023.000000020422,8787.100000012377,8581.000000015376,8023.000000020422,8027.200000020437,8031.250000020452,8570.900000015523,8570.950000015522,8580.950000015377,8581.000000015376,8783.050000012436,8787.100000012377,18.100000000000122,212.30000000001402,28.55000000000027,0,504.9000000000805,0.25,0,2.0,187.99999999999667
J000931,2023-02-03/IPMG,IPMG,AMR_32,G21_8,WS_25_20,"[""107314"", ""134122""]",3,8023.350000020423,8146.600000020871,8095.2000000206845,8023.350000020423,8037.800000020476,8041.85000002049,8085.100000020648,8085.150000020648,8095.150000020684,8095.2000000206845,8142.550000020857,8146.600000020871,18.100000000000122,76.14999999999782,13.400000000000055,0,15.350000000000083,0.25,0,8.0,72.00000000000048
J000932,2023-02-03/SETA,SETA,AMR_33,G20_8,WS_30_20,"[""104398"", ""117030""]",2,8024.450000020427,8289.600000019616,8178.650000020988,8024.450000020427,8107.900000020731,8111.950000020745,8168.550000020951,8168.6000000209515,8178.600000020988,8178.650000020988,8285.550000019675,8289.600000019616,18.100000000000122,132.69999999999592,19.100000000000136,0,94.99999999999675,0.25,0,34.0,108.00000000000057
J000933,2023-02-03/KKDG,KKDG,AMR_22,G3_13,WS_13_20,"[""104397"", ""107290""]",2,8030.450000020449,8248.000000020222,8167.400000020947,8030.450000020449,8090.5500000206675,8094.600000020682,8157.30000002091,8157.350000020911,8167.350000020947,8167.400000020947,8243.95000002028,8248.000000020222,18.100000000000122,104.34999999999621,15.300000000000082,0,79.54999999999762,0.25,0,38.00000000000014,76.00000000000067
J000934,2023-02-03/RUDA,RUDA,AMR_10,G2_15,WS_8_20,"[""101192"", ""107301""]",2,8041.85000002049,8651.100000014356,8623.050000014764,8041.85000002049,8552.300000015794,8556.350000015735,8612.950000014911,8613.00000001491,8623.000000014765,8623.050000014764,8647.050000014415,8651.100000014356,18.100000000000122,222.8000000000164,31.500000000000313,0,336.60000000004226,0.25,0,177.9999999999954,52.00000000000017
J000935,2023-02-03/JETG,JETG,AMR_06,G24_12,WS_19_20,"[""111285"", ""120779""]",2,8051.000000020524,8372.600000018409,8262.950000020004,8051.000000020524,8117.600000020766,8121.650000020781,8252.850000020151,8252.90000002015,8262.900000020005,8262.950000020004,8368.550000018467,8372.600000018409,18.100000000000122,111.6999999999958,18.150000000000123,0,173.40000000000518,0.25,0,52.000000000000455,64.0000000000004
J000936,2023-02-03/IPMG,IPMG,AMR_15,G5_13,WS_25_20,"[""112229"", ""127276""]",2,8051.100000020524,8761.750000012746,8707.350000013537,8051.100000020524,8549.15000001584,8553.20000001578,8697.250000013684,8697.300000013684,8707.300000013538,8707.350000013537,8757.700000012805,8761.750000012746,18.100000000000122,229.90000000001803,36.35000000000007,0,426.0500000000626,0.25,0,90.0000000000008,151.99999999999872
J000937,2023-02-03/SETA,SETA,AMR_26,G15_12,WS_30_20,"[""101097"", ""110382""]",3,8051.300000020525,8593.950000015187,8246.500000020244,8051.300000020525,8177.050000020982,8181.100000020997,8236.40000002039,8236.45000002039,8246.450000020244,8246.500000020244,8589.900000015246,8593.950000015187,18.100000000000122,217.20000000001514,34.45000000000018,0,272.6500000000277,0.25,0,76.00000000000111,143.9999999999995
J000938,2023-02-03/KKDG,KKDG,AMR_16,G20_13,WS_13_20,"[""111999""]",1,8054.8000000205375,9208.950000006238,8780.500000012473,8054.8000000205375,8709.000000013513,8713.050000013454,8770.40000001262,8770.450000012619,8780.450000012474,8780.500000012473,9204.900000006297,9208.950000006238,18.100000000000122,394.9500000000555,71.99999999999805,0,668.8499999999394,0.25,0,213.99999999999918,171.99999999999878
J000939,2023-02-03/JETG,JETG,AMR_20,G11_10,WS_19_20,"[""112320""]",1,8075.550000020613,9046.400000008603,8989.500000009431,8075.550000020613,8677.700000013969,8681.75000001391,8979.400000009578,8979.450000009578,8989.450000009432,8989.500000009431,9042.350000008662,9046.400000008603,18.100000000000122,264.2500000000258,45.89999999999953,0,642.3499999999635,0.25,0,167.99999999999767,80.00000000000037
J000940,2023-02-03/IPMG,IPMG,AMR_03,G17_14,WS_25_20,"[""101028"", ""110284""]",2,8086.450000020653,8657.600000014261,8282.000000019727,8086.450000020653,8171.200000020961,8175.250000020976,8271.900000019874,8271.950000019873,8281.950000019728,8282.000000019727,8653.55000001432,8657.600000014261,18.100000000000122,190.6500000000091,28.750000000000274,0,333.40000000004153,0.25,0,40.00000000000006,140.00000000000043
J000941,2023-02-03/RUDA,RUDA,AMR_36,G23_14,WS_8_20,"[""101012"", ""101117"", ""111272"", ""125639"", ""132279""]",5,8114.950000020756,8860.150000011314,8735.150000013133,8114.950000020756,8481.600000016822,8485.650000016763,8725.05000001328,8725.100000013279,8735.100000013133,8735.150000013133,8856.100000011373,8860.150000011314,18.100000000000122,279.5500000000293,65.54999999999842,0,381.7500000000525,0.25,0,142.0000000000003,136.00000000000117
J000942,2023-02-03/KKDG,KKDG,AMR_32,G6_13,WS_13_20,"[""135013""]",1,8146.650000020872,8788.20000001236,8665.350000014148,8146.650000020872,8217.25000002067,8221.30000002061,8655.250000014295,8655.300000014295,8665.30000001415,8665.350000014148,8784.15000001242,8788.20000001236,18.100000000000122,172.00000000000486,24.850000000000218,0,426.35000000006266,0.25,0,76.00000000000148,100.00000000000054
J000943,2023-02-03/JETG,JETG,AMR_21,G8_12,WS_19_20,"[""110130""]",1,8155.550000020904,9042.400000008662,8758.800000012789,8155.550000020904,8178.100000020986,8182.150000021001,8748.700000012936,8748.750000012935,8758.75000001279,8758.800000012789,9038.35000000872,9042.400000008662,18.100000000000122,173.65000000000524,28.700000000000273,0,666.1499999999419,0.25,0,12.0,147.99999999999963
J000944,2023-02-03/RUDA,RUDA,AMR_01,G14_13,WS_8_20,"[""110703"", ""134598""]",2,8165.000000020938,8590.650000015235,8450.650000017273,8165.000000020938,8277.900000019787,8281.950000019728,8440.55000001742,8440.600000017419,8450.600000017273,8450.650000017273,8586.600000015294,8590.650000015235,18.100000000000122,169.9500000000044,24.800000000000217,0,212.55000000001408,0.25,0,96.00000000000182,80.00000000000045
J000945,2023-02-03/KKDG,KKDG,AMR_39,G15_10,WS_13_20,"[""109969""]",1,8165.3000000209395,8658.750000014245,8500.000000016555,8165.3000000209395,8185.400000021013,8189.450000021027,8489.900000016702,8489.9500000167,8499.950000016555,8500.000000016555,8654.700000014303,8658.750000014245,18.100000000000122,116.59999999999552,29.90000000000029,0,328.60000000004044,0.25,0,14.0,88.00000000000043
J000946,2023-02-03/SETA,SETA,AMR_31,G17_15,WS_30_20,"[""110592"", ""111249""]",2,8183.200000021005,8692.800000013749,8606.700000015002,8183.200000021005,8432.000000017544,8436.050000017485,8596.600000015149,8596.650000015148,8606.650000015003,8606.700000015002,8688.750000013808,8692.800000013749,18.100000000000122,126.44999999999496,22.10000000000018,0,342.70000000004364,0.25,0,42.000000000000156,83.99999999999996
J000947,2023-02-03/KKDG,KKDG,AMR_14,G21_13,WS_13_20,"[""107259""]",1,8196.55000002097,8836.35000001166,8431.250000017555,8196.55000002097,8228.050000020512,8232.100000020453,8421.150000017702,8421.200000017701,8431.200000017556,8431.250000017555,8832.300000011719,8836.35000001166,18.100000000000122,134.09999999999624,22.95000000000019,0,464.4000000000713,0.25,0,26.0,100.00000000000054
J000948,2023-02-03/IPMG,IPMG,AMR_38,G15_15,WS_25_20,"[""101290"", ""124702""]",2,8214.800000020705,8465.850000017052,8415.75000001778,8214.800000020705,8362.20000001856,8366.250000018501,8405.650000017928,8405.700000017927,8415.700000017781,8415.75000001778,8461.80000001711,8465.850000017052,18.100000000000122,120.3999999999953,18.250000000000124,0,94.0499999999968,0.25,0,66.00000000000068,68.00000000000006
J000949,2023-02-03/KKDG,KKDG,AMR_27,G23_15,WS_13_20,"[""110232""]",1,8241.450000020317,8796.45000001224,8465.700000017054,8241.450000020317,8276.000000019814,8280.050000019755,8455.6000000172,8455.6500000172,8465.650000017054,8465.700000017054,8792.4000000123,8796.45000001224,18.100000000000122,136.24999999999673,24.90000000000022,0,375.5000000000511,0.25,0,24.0,108.00000000000097
J000950,2023-02-03/SETA,SETA,AMR_22,G17_9,WS_30_20,"[""107449"", ""110370""]",3,8248.050000020221,9138.100000007269,8745.750000012978,8248.050000020221,8634.100000014603,8638.150000014544,8735.650000013125,8735.700000013125,8745.70000001298,8745.750000012978,9134.050000007328,9138.100000007269,18.100000000000122,266.60000000002634,49.8999999999993,0,555.2000000000428,0.25,0,96.00000000000057,175.9999999999981
J000951,2023-02-03/MMIM,MMIM,AMR_04,G8_15,WS_2_20,"[""112353""]",1,8263.700000019993,8438.100000017455,8331.150000019012,8263.700000019993,8263.700000019993,8267.750000019934,8321.050000019159,8321.100000019158,8331.100000019012,8331.150000019012,8434.050000017514,8438.100000017455,18.100000000000122,51.599999999999206,8.599999999999987,0,95.8999999999967,0.2,0,0.0,48.00000000000017
J000952,2023-02-03/JETG,JETG,AMR_23,G6_15,WS_19_20,"[""107106""]",1,8266.500000019952,9018.650000009007,8741.450000013041,8266.500000019952,8299.550000019472,8303.600000019413,8731.350000013188,8731.400000013187,8741.400000013042,8741.450000013041,9014.600000009066,9018.650000009007,18.100000000000122,140.29999999999765,21.050000000000164,0,572.4500000000271,0.25,0,10.0,116.0000000000008
J000953,2023-02-03/RUDA,RUDA,AMR_30,G27_15,WS_8_20,"[""110293"", ""110479"", ""112070""]",3,8273.700000019848,8681.850000013908,8466.450000017043,8273.700000019848,8273.700000019848,8277.750000019789,8456.35000001719,8456.400000017189,8466.400000017044,8466.450000017043,8677.800000013967,8681.850000013908,18.100000000000122,133.14999999999603,14.300000000000068,0,242.40000000002087,0.2,0,0.0,128.00000000000037
J000954,2023-02-03/IPMG,IPMG,AMR_09,G9_13,WS_25_20,"[""107162"", ""110200""]",2,8274.150000019841,8790.200000012332,8475.900000016905,8274.150000019841,8294.300000019548,8298.350000019489,8465.800000017052,8465.850000017052,8475.850000016906,8475.900000016905,8786.15000001239,8790.200000012332,18.100000000000122,197.80000000001073,30.5500000000003,0,269.35000000002697,0.25,0,14.0,199.99999999999864
J000955,2023-02-03/SETA,SETA,AMR_33,G8_14,WS_30_20,"[""110412"", ""131976""]",2,8289.650000019616,8736.150000013118,8623.750000014754,8289.650000019616,8346.600000018787,8350.650000018728,8613.6500000149,8613.7000000149,8623.700000014755,8623.750000014754,8732.100000013177,8736.150000013118,18.100000000000122,232.0500000000185,28.700000000000273,0,167.4000000000038,0.25,0,60.000000000000824,199.99999999999832
J000956,2023-02-03/IPMG,IPMG,AMR_25,G2_14,WS_25_20,"[""111268"", ""112194""]",2,8308.55000001934,9218.150000006104,8566.550000015586,8308.55000001934,8353.000000018694,8357.050000018635,8556.450000015733,8556.500000015732,8566.500000015587,8566.550000015586,9214.100000006163,9218.150000006104,18.100000000000122,213.70000000001434,26.750000000000245,0,650.7999999999558,0.25,0,44.0000000000002,175.99999999999477
J000957,2023-02-03/SETA,SETA,AMR_06,G6_14,WS_30_20,"[""112216"", ""112387""]",3,8372.650000018408,8878.450000011047,8762.750000012731,8372.650000018408,8466.900000017036,8470.950000016977,8752.650000012878,8752.700000012877,8762.700000012732,8762.750000012731,8874.400000011106,8878.450000011047,18.100000000000122,219.10000000001557,29.550000000000285,0,238.80000000002005,0.25,0,100.00000000000207,136.0000000000003
J000958,2023-02-03/IPMG,IPMG,AMR_17,G27_13,WS_25_20,"[""101027""]",1,8377.650000018335,8478.950000016861,8443.550000017376,8377.650000018335,8400.550000018002,8404.600000017943,8433.450000017523,8433.500000017522,8443.500000017377,8443.550000017376,8474.90000001692,8478.950000016861,18.100000000000122,67.44999999999831,13.350000000000055,0,2.1500000000000004,0.25,0,18.0,52.00000000000021
J000959,2023-02-03/SETA,SETA,AMR_37,G6_12,WS_30_20,"[""107107"", ""113119""]",2,8381.250000018283,8896.15000001079,8824.400000011834,8381.250000018283,8692.650000013751,8696.700000013692,8814.300000011981,8814.35000001198,8824.350000011835,8824.400000011834,8892.100000010849,8896.15000001079,18.100000000000122,288.9000000000314,34.40000000000018,0,173.25000000000514,0.25,0,149.9999999999997,191.99999999999554
J000960,2023-02-03/KKDG,KKDG,AMR_34,G21_14,WS_13_20,"[""107250""]",1,8401.850000017983,8920.650000010433,8689.000000013804,8401.850000017983,8401.850000017983,8405.900000017924,8678.900000013951,8678.95000001395,8688.950000013805,8689.000000013804,8916.600000010492,8920.650000010433,18.100000000000122,90.649999999997,15.300000000000082,0,394.55000000005543,0.2,0,0.0,84.0000000000004
J000961,2023-02-03/IPMG,IPMG,AMR_40,G18_14,WS_25_20,"[""101207"", ""112326""]",2,8430.000000017573,8607.700000014987,8518.350000016288,8430.000000017573,8430.000000017573,8434.050000017514,8508.250000016435,8508.300000016434,8518.300000016288,8518.350000016288,8603.650000015046,8607.700000014987,18.100000000000122,82.54999999999745,13.400000000000055,0,63.44999999999853,0.2,0,0.0,84.00000000000028
J000962,2023-02-03/JETG,JETG,AMR_04,G32_13,WS_19_20,"[""107451""]",1,8438.150000017455,8748.750000012935,8693.700000013736,8438.150000017455,8606.050000015011,8610.100000014952,8683.600000013883,8683.650000013882,8693.650000013737,8693.700000013736,8744.700000012994,8748.750000012935,18.100000000000122,188.30000000000857,23.000000000000192,0,80.94999999999754,0.25,0,128.00000000000244,84.00000000000023
J000963,2023-02-03/RUDA,RUDA,AMR_29,G11_7,WS_8_20,"[""110448"", ""111208""]",2,8441.8500000174,8739.800000013065,8683.85000001388,8441.8500000174,8476.700000016894,8480.750000016835,8673.750000014026,8673.800000014025,8683.80000001388,8683.85000001388,8735.750000013124,8739.800000013065,18.100000000000122,147.89999999999938,18.150000000000123,0,113.54999999999569,0.25,0,32.0,136.0000000000017
J000964,2023-02-03/IPMG,IPMG,AMR_07,G35_14,WS_25_20,"[""110209"", ""131642""]",2,8450.400000017276,8576.800000015437,8534.400000016054,8450.400000017276,8484.950000016774,8489.000000016715,8524.300000016201,8524.3500000162,8534.350000016055,8534.400000016054,8572.750000015496,8576.800000015437,18.100000000000122,92.49999999999689,13.350000000000055,0,2.2,0.25,0,36.000000000000014,72.0000000000001
J000965,2023-02-03/SETA,SETA,AMR_11,G8_15,WS_30_20,"[""120449"", ""131589""]",2,8461.15000001712,9418.300000003192,9260.450000005489,8461.15000001712,8719.000000013368,8723.050000013309,9250.350000005636,9250.400000005635,9260.40000000549,9260.450000005489,9414.25000000325,9418.300000003192,18.100000000000122,276.0000000000285,48.799999999999365,0,613.9999999999893,0.25,0,76.00000000000061,199.99999999999693
J000966,2023-02-03/KKDG,KKDG,AMR_35,G14_10,WS_13_20,"[""111356""]",1,8464.300000017074,8802.800000012148,8742.000000013033,8464.300000017074,8484.200000016785,8488.250000016726,8731.90000001318,8731.95000001318,8741.950000013034,8742.000000013033,8798.750000012207,8802.800000012148,18.100000000000122,106.69999999999608,21.050000000000164,0,192.4000000000095,0.25,0,12.0,84.00000000000043
J000967,2023-02-03/RUDA,RUDA,AMR_38,G20_14,WS_8_20,"[""110186"", ""110596""]",2,8465.90000001705,8971.0500000097,8850.350000011456,8465.90000001705,8705.650000013562,8709.700000013503,8840.250000011603,8840.300000011603,8850.300000011457,8850.350000011456,8967.000000009759,8971.0500000097,18.100000000000122,129.64999999999523,22.000000000000178,0,335.1500000000419,0.25,0,32.0,84.00000000000074
J000968,2023-02-03/MMIM,MMIM,AMR_19,G18_12,WS_2_20,"[""112386""]",1,8472.900000016949,8756.750000012818,8681.900000013908,8472.900000016949,8472.900000016949,8476.95000001689,8671.800000014055,8671.850000014054,8681.850000013908,8681.900000013908,8752.700000012877,8756.750000012818,18.100000000000122,123.09999999999515,11.450000000000028,0,130.99999999999554,0.2,0,0.0,140.00000000000216
J000969,2023-02-03/IPMG,IPMG,AMR_02,G18_13,WS_25_20,"[""101180"", ""107310"", ""110251""]",3,8476.050000016903,8781.500000012458,8739.250000013073,8476.050000016903,8505.15000001648,8509.20000001642,8729.15000001322,8729.20000001322,8739.200000013074,8739.250000013073,8777.450000012517,8781.500000012458,18.100000000000122,91.24999999999696,13.350000000000055,0,182.50000000000725,0.25,0,28.0,64.00000000000013
J000970,2023-02-03/KKDG,KKDG,AMR_17,G3_15,WS_13_20,"[""110615""]",1,8479.00000001686,8899.150000010746,8859.100000011329,8479.00000001686,8707.400000013537,8711.450000013478,8849.000000011476,8849.050000011475,8859.05000001133,8859.100000011329,8895.100000010805,8899.150000010746,18.100000000000122,181.55000000000703,29.600000000000286,0,190.6500000000091,0.25,0,88.00000000000094,100.00000000000125
J000971,2023-02-03/RUDA,RUDA,AMR_12,G17_10,WS_8_20,"[""111350"", ""111988""]",2,8491.800000016674,8943.100000010107,8834.200000011691,8491.800000016674,8723.00000001331,8727.05000001325,8824.100000011838,8824.150000011838,8834.150000011692,8834.200000011691,8939.050000010166,8943.100000010107,18.100000000000122,153.35000000000062,25.850000000000232,0,253.75000000002345,0.25,0,58.00000000000048,84.000000000001
J000972,2023-02-03/IPMG,IPMG,AMR_28,G24_14,WS_25_20,"[""110482""]",1,8498.150000016582,8580.950000015377,8550.600000015818,8498.150000016582,8498.150000016582,8502.200000016523,8540.500000015965,8540.550000015965,8550.550000015819,8550.600000015818,8576.900000015436,8580.950000015377,18.100000000000122,45.94999999999953,9.55,0,8.999999999999993,0.2,0,0.0,44.00000000000004
J000973,2023-02-03/JETG,JETG,AMR_18,G5_15,WS_19_20,"[""110397""]",2,8525.450000016184,9043.500000008646,8962.000000009832,8525.450000016184,8551.8500000158,8555.900000015741,8951.900000009979,8951.950000009978,8961.950000009832,8962.000000009832,9039.450000008705,9043.500000008646,18.100000000000122,146.29999999999902,18.150000000000123,0,335.25000000004195,0.25,0,21.99999999999998,112.00000000000071
J000974,2023-02-03/IPMG,IPMG,AMR_07,G24_12,WS_25_20,"[""111285""]",1,8576.850000015436,8706.150000013555,8657.300000014266,8576.850000015436,8608.550000014975,8612.600000014916,8647.200000014413,8647.250000014412,8657.250000014266,8657.300000014266,8702.100000013614,8706.150000013555,18.100000000000122,81.59999999999751,13.350000000000055,0,16.000000000000092,0.25,0,30.0,52.00000000000021
J000975,2023-02-03/IPMG,IPMG,AMR_28,G26_12,WS_25_20,"[""111241""]",2,8581.000000015376,8699.250000013655,8641.2000000145,8581.000000015376,8595.500000015165,8599.550000015106,8631.100000014647,8631.150000014646,8641.1500000145,8641.2000000145,8695.200000013714,8699.250000013655,18.100000000000122,62.699999999998575,13.400000000000055,0,23.800000000000203,0.25,0,8.0,52.00000000000023
J000976,2023-02-03/IPMG,IPMG,AMR_01,G30_13,WS_25_20,"[""110256""]",1,8590.700000015235,8774.700000012557,8723.300000013305,8590.700000015235,8662.800000014186,8666.850000014127,8713.200000013452,8713.250000013451,8723.250000013306,8723.300000013305,8770.650000012616,8774.700000012557,18.100000000000122,124.74999999999505,17.20000000000011,0,23.700000000000202,0.25,0,80.00000000000063,64.00000000000013
J000977,2023-02-03/KKDG,KKDG,AMR_26,G18_9,WS_13_20,"[""111296""]",1,8594.000000015187,8926.150000010353,8797.550000012225,8594.000000015187,8616.40000001486,8620.450000014802,8787.450000012372,8787.500000012371,8797.500000012225,8797.550000012225,8922.100000010412,8926.150000010353,18.100000000000122,141.49999999999793,23.950000000000205,0,148.34999999999948,0.25,0,16.0,124.00000000000082
J000978,2023-02-03/SETA,SETA,AMR_40,G2_13,WS_30_20,"[""101322"", ""107095"", ""107105""]",3,8607.750000014987,9072.900000008218,8896.700000010782,8607.750000014987,8755.500000012837,8759.550000012778,8886.600000010929,8886.650000010928,8896.650000010783,8896.700000010782,9068.850000008277,9072.900000008218,18.100000000000122,229.45000000001792,24.800000000000217,0,192.55000000000953,0.25,0,50.00000000000047,215.9999999999945
J000979,2023-02-03/RUDA,RUDA,AMR_10,G14_6,WS_8_20,"[""110461"", ""132276""]",2,8651.150000014355,8852.350000011427,8799.2000000122,8651.150000014355,8718.600000013374,8722.650000013315,8789.100000012348,8789.150000012347,8799.150000012201,8799.2000000122,8848.300000011486,8852.350000011427,18.100000000000122,128.34999999999494,18.150000000000123,0,36.35000000000007,0.25,0,50.0000000000004,88.00000000000114
J000980,2023-02-03/IPMG,IPMG,AMR_24,G32_15,WS_25_20,"[""110341""]",1,8651.250000014354,8944.20000001009,8891.850000010852,8651.250000014354,8843.95000001155,8848.00000001149,8881.750000011,8881.800000010999,8891.800000010853,8891.850000010852,8940.15000001015,8944.20000001009,18.100000000000122,114.19999999999565,22.05000000000018,0,138.3499999999972,0.25,0,60.0,56.0
J000981,2023-02-03/IPMG,IPMG,AMR_03,G29_12,WS_25_20,"[""134500""]",1,8657.65000001426,8902.450000010698,8842.700000011568,8657.65000001426,8797.450000012226,8801.500000012167,8832.600000011715,8832.650000011714,8842.650000011568,8842.700000011568,8898.400000010757,8902.450000010698,18.100000000000122,104.94999999999618,21.150000000000166,0,100.34999999999644,0.25,0,56.0000000000003,56.00000000000023
J000982,2023-02-03/SETA,SETA,AMR_39,G3_13,WS_30_20,"[""107290"", ""125462""]",2,8658.800000014244,9074.75000000819,8855.400000011383,8658.800000014244,8725.950000013267,8730.000000013208,8845.30000001153,8845.35000001153,8855.350000011384,8855.400000011383,9070.70000000825,9074.75000000819,18.100000000000122,219.2000000000156,25.75000000000023,0,152.65000000000046,0.25,0,62.000000000001066,175.99999999999875
J000983,2023-02-03/KKDG,KKDG,AMR_30,G17_14,WS_13_20,"[""110583""]",1,8681.900000013908,9356.850000004086,9310.150000004765,8681.900000013908,9246.050000005698,9250.10000000564,9300.050000004912,9300.100000004912,9310.100000004766,9310.150000004765,9352.800000004145,9356.850000004086,18.100000000000122,274.05000000002804,53.59999999999909,0,328.9500000000405,0.25,0,221.9999999999949,44.00000000000023
J000984,2023-02-03/MMMA,MMMA,AMR_08,G15_9,WS_2_20,"[""107364""]",1,8685.000000013863,8980.350000009565,8848.150000011488,8685.000000013863,8766.25000001268,8770.300000012621,8838.050000011635,8838.100000011635,8848.10000001149,8848.150000011488,8976.300000009624,8980.350000009565,18.100000000000122,157.40000000000154,19.150000000000137,0,100.44999999999644,0.25,0,26.0,152.00000000000028
J000985,2023-02-03/RUDA,RUDA,AMR_31,G9_14,WS_8_20,"[""110296"", ""120382""]",2,8692.850000013748,8817.85000001193,8783.050000012436,8692.850000013748,8735.100000013133,8739.150000013075,8772.950000012583,8773.000000012582,8783.000000012436,8783.050000012436,8813.800000011988,8817.85000001193,18.100000000000122,66.49999999999837,12.450000000000042,0,27.70000000000026,0.25,0,22.0,44.000000000000185
J000986,2023-02-03/JETG,JETG,AMR_28,G3_12,WS_19_20,"[""107347""]",1,8699.300000013654,9161.250000006932,9072.950000008217,8699.300000013654,8790.550000012327,8794.600000012268,9062.850000008364,9062.900000008363,9072.900000008218,9072.950000008217,9157.200000006991,9161.250000006932,18.100000000000122,178.10000000000625,19.050000000000136,0,246.4500000000218,0.25,0,90.00000000000162,108.00000000000126
J000987,2023-02-03/IPMG,IPMG,AMR_07,G27_15,WS_25_20,"[""110479""]",1,8706.200000013554,8808.950000012059,8781.250000012462,8706.200000013554,8746.500000012968,8750.550000012909,8771.150000012609,8771.200000012608,8781.200000012463,8781.250000012462,8804.900000012118,8808.950000012059,18.100000000000122,53.99999999999907,10.550000000000015,0,19.850000000000147,0.25,0,20.0,36.00000000000003
J000988,2023-02-03/RUDA,RUDA,AMR_33,G15_10,WS_8_20,"[""107573"", ""110229""]",2,8736.200000013117,8945.400000010073,8866.300000011224,8736.200000013117,8779.200000012492,8783.250000012433,8856.200000011371,8856.25000001137,8866.250000011225,8866.300000011224,8941.350000010132,8945.400000010073,18.100000000000122,101.34999999999638,16.250000000000096,0,73.24999999999798,0.25,0,26.0,76.00000000000085
J000989,2023-02-03/IPMG,IPMG,AMR_29,G20_12,WS_25_20,"[""111995""]",1,8739.850000013064,9188.500000006536,8952.350000009972,8739.850000013064,8793.80000001228,8797.85000001222,8942.250000010119,8942.300000010118,8952.300000009973,8952.350000009972,9184.450000006595,9188.500000006536,18.100000000000122,112.24999999999577,17.20000000000011,0,300.85000000003413,0.25,0,32.0,80.00000000000026
J000990,2023-02-03/KKDG,KKDG,AMR_04,G23_13,WS_13_20,"[""126834""]",1,8748.800000012934,9330.150000004474,8898.20000001076,8748.800000012934,8825.900000011812,8829.950000011753,8888.100000010907,8888.150000010906,8898.15000001076,8898.20000001076,9326.100000004533,9330.150000004474,18.100000000000122,138.84999999999732,24.850000000000218,0,399.3000000000565,0.25,0,42.00000000000013,96.00000000000048
J000991,2023-02-03/JETG,JETG,AMR_19,G2_8,WS_19_20,"[""111207""]",1,8756.800000012818,9261.500000005473,9099.000000007838,8756.800000012818,8815.400000011965,8819.450000011906,9088.900000007985,9088.950000007984,9098.950000007839,9099.000000007838,9257.450000005532,9261.500000005473,18.100000000000122,222.90000000001643,27.70000000000026,0,235.75000000001936,0.25,0,68.00000000000128,175.9999999999967
J000992,2023-02-03/IPMG,IPMG,AMR_15,G18_12,WS_25_20,"[""110526"", ""112386""]",2,8761.800000012745,9195.10000000644,9017.000000009031,8761.800000012745,8797.450000012226,8801.500000012167,9006.900000009178,9006.950000009178,9016.950000009032,9017.000000009031,9191.050000006499,9195.10000000644,18.100000000000122,103.59999999999626,13.350000000000055,0,298.0000000000335,0.25,0,36.0,68.00000000000003
J000993,2023-02-03/SETA,SETA,AMR_01,G2_15,WS_30_20,"[""101163"", ""107301""]",2,8774.750000012556,9239.550000005793,9130.000000007387,8774.750000012556,8862.000000011287,8866.050000011228,9119.900000007534,9119.950000007533,9129.950000007388,9130.000000007387,9235.500000005852,9239.550000005793,18.100000000000122,216.1000000000149,23.900000000000205,0,206.4500000000127,0.25,0,72.00000000000122,175.999999999997
J000994,2023-02-03/KKDG,KKDG,AMR_02,G24_13,WS_13_20,"[""138500""]",1,8781.550000012458,9156.600000007,8921.050000010428,8781.550000012458,8813.350000011995,8817.400000011936,8910.950000010575,8911.000000010574,8921.000000010428,8921.050000010428,9152.550000007059,9156.600000007,18.100000000000122,121.04999999999526,19.100000000000136,0,216.550000000015,0.25,0,24.0,100.00000000000065
J000995,2023-02-03/RUDA,RUDA,AMR_05,G18_13,WS_8_20,"[""107457"", ""110251"", ""110452""]",3,8787.150000012376,9198.400000006392,9037.900000008727,8787.150000012376,8872.500000011134,8876.550000011075,9027.800000008874,9027.850000008873,9037.850000008728,9037.900000008727,9194.35000000645,9198.400000006392,18.100000000000122,146.04999999999896,21.050000000000164,0,225.8000000000171,0.25,0,56.00000000000013,84.0000000000004
J000996,2023-02-03/JETG,JETG,AMR_32,G5_13,WS_19_20,"[""112067""]",2,8788.25000001236,9081.600000008091,9025.250000008911,8788.25000001236,8791.300000012316,8795.350000012257,9015.150000009058,9015.200000009057,9025.200000008912,9025.250000008911,9077.55000000815,9081.600000008091,18.100000000000122,111.49999999999581,11.400000000000027,0,152.10000000000034,0.25,0,2.0,104.00000000000077
J000997,2023-02-03/IPMG,IPMG,AMR_09,G30_12,WS_25_20,"[""112233""]",1,8790.250000012331,9029.300000008852,8984.8000000095,8790.250000012331,8937.550000010187,8941.600000010128,8974.700000009647,8974.750000009646,8984.7500000095,8984.8000000095,9025.250000008911,9029.300000008852,18.100000000000122,105.79999999999613,14.300000000000068,0,100.59999999999643,0.25,0,48.0,68.0000000000004
J000998,2023-02-03/SETA,SETA,AMR_27,G30_15,WS_30_20,"[""110136""]",1,8796.50000001224,8951.350000009987,8928.250000010323,8796.50000001224,8889.000000010894,8893.050000010835,8918.15000001047,8918.200000010469,8928.200000010323,8928.250000010323,8947.300000010046,8951.350000009987,18.100000000000122,71.89999999999806,14.300000000000068,0,50.29999999999928,0.25,0,38.0,32.0
J000999,2023-02-03/KKDG,KKDG,AMR_35,G15_7,WS_13_20,"[""101195""]",1,8802.850000012148,8935.30000001022,8880.850000011013,8802.850000012148,8825.750000011814,8829.800000011755,8870.75000001116,8870.800000011159,8880.800000011013,8880.850000011013,8931.25000001028,8935.30000001022,18.100000000000122,86.44999999999723,15.250000000000082,0,12.400000000000041,0.25,0,16.0,72.00000000000063
J001000,2023-02-03/RUDA,RUDA,AMR_07,G20_10,WS_8_20,"[""112313"", ""134916""]",2,8809.000000012058,9227.250000005972,9154.250000007034,8809.000000012058,8856.450000011368,8860.500000011309,9144.150000007181,9144.20000000718,9154.200000007035,9154.250000007034,9223.20000000603,9227.250000005972,18.100000000000122,148.59999999999954,20.950000000000163,0,230.35000000001813,0.25,0,28.0,128.00000000000114
J001001,2023-02-03/IPMG,IPMG,AMR_31,G27_14,WS_25_20,"[""125463""]",1,8817.900000011929,9035.400000008764,9001.050000009263,8817.900000011929,8952.150000009975,8956.200000009916,8990.95000000941,8991.00000000941,9001.000000009264,9001.050000009263,9031.350000008822,9035.400000008764,18.100000000000122,97.5999999999966,15.300000000000082,0,86.24999999999724,0.25,0,52.00000000000013,48.000000000000114
J001002,2023-02-03/RUDA,RUDA,AMR_14,G21_13,WS_8_20,"[""101149"", ""110205""]",2,8836.40000001166,9123.950000007475,8916.150000010499,8836.40000001166,8836.40000001166,8840.4500000116,8906.050000010646,8906.100000010645,8916.1000000105,8916.150000010499,9119.900000007534,9123.950000007475,18.100000000000122,98.74999999999653,11.450000000000028,0,159.05000000000192,0.2,0,0.0,104.00000000000117
J001003,2023-02-03/MMSA,MMSA,AMR_10,G14_15,WS_2_20,"[""111228""]",1,8852.400000011427,9378.650000003769,9281.100000005188,8852.400000011427,9227.550000005967,9231.600000005908,9271.000000005335,9271.050000005334,9281.050000005189,9281.100000005188,9374.600000003828,9378.650000003769,18.100000000000122,221.000000000016,29.80000000000029,0,257.1000000000242,0.25,0,170.00000000000102,72.00000000000064
J001004,2023-02-03/MMSA,MMSA,AMR_36,G2_7,WS_2_20,"[""113097""]",1,8860.200000011313,9010.85000000912,8979.550000009576,8860.200000011313,8926.050000010355,8930.100000010296,8969.450000009723,8969.500000009722,8979.500000009577,8979.550000009576,9006.80000000918,9010.85000000912,18.100000000000122,115.29999999999559,13.400000000000055,0,3.599999999999995,0.25,0,76.0000000000015,68.00000000000077
J001005,2023-02-03/MMSA,MMSA,AMR_06,G14_6,WS_2_20,"[""137330""]",1,8878.500000011047,9086.800000008016,9025.200000008912,8878.500000011047,8953.85000000995,8957.900000009891,9015.100000009059,9015.150000009058,9025.150000008913,9025.200000008912,9082.750000008074,9086.800000008016,18.100000000000122,147.64999999999932,19.150000000000137,0,23.150000000000194,0.25,0,48.000000000000384,132.00000000000307
J001006,2023-02-03/KKDG,KKDG,AMR_37,G23_14,WS_13_20,"[""132279""]",1,8896.20000001079,9335.000000004404,9258.750000005513,8896.20000001079,9110.750000007667,9114.800000007608,9248.65000000566,9248.70000000566,9258.700000005514,9258.750000005513,9330.950000004463,9335.000000004404,18.100000000000122,145.7499999999989,24.850000000000218,0,249.85000000002256,0.25,0,70.00000000000011,72.00000000000034
J001007,2023-02-03/SETA,SETA,AMR_17,G9_14,WS_30_20,"[""110296"", ""120382""]",2,8899.200000010745,9431.400000003001,9294.75000000499,8899.200000010745,8927.300000010337,8931.350000010278,9284.650000005136,9284.700000005136,9294.70000000499,9294.75000000499,9427.35000000306,9431.400000003001,18.100000000000122,190.75000000000912,25.70000000000023,0,297.40000000003334,0.25,0,22.0,163.99999999999784
J001008,2023-02-03/RUDA,RUDA,AMR_03,G23_12,WS_8_20,"[""101092"", ""110600""]",2,8902.500000010697,9284.050000005145,9222.100000006047,8902.500000010697,8921.250000010425,8925.300000010366,9212.000000006194,9212.050000006193,9222.050000006047,9222.100000006047,9280.000000005204,9284.050000005145,18.100000000000122,113.64999999999569,14.250000000000068,0,235.30000000001925,0.25,0,16.0,104.00000000000117
J001009,2023-02-03/MMSA,MMSA,AMR_34,G21_15,WS_2_20,"[""110274""]",1,8920.700000010433,9429.750000003025,9257.900000005526,8920.700000010433,8924.800000010373,8928.850000010314,9247.800000005673,9247.850000005672,9257.850000005526,9257.900000005526,9425.700000003084,9429.750000003025,18.100000000000122,108.64999999999597,10.450000000000014,0,371.6000000000502,0.25,0,2.0,104.00000000000084
J001010,2023-02-03/KKDG,KKDG,AMR_26,G21_9,WS_13_20,"[""107165""]",1,8926.200000010353,9300.9000000049,9217.05000000612,8926.200000010353,8956.350000009914,8960.400000009855,9206.950000006267,9207.000000006266,9217.00000000612,9217.05000000612,9296.850000004959,9300.9000000049,18.100000000000122,124.24999999999508,21.000000000000163,0,211.10000000001375,0.25,0,18.0,96.00000000000063
J001011,2023-02-03/SETA,SETA,AMR_35,G29_15,WS_30_20,"[""130011""]",1,8935.35000001022,9045.450000008617,9028.400000008865,8935.35000001022,8990.95000000941,8995.000000009351,9018.300000009012,9018.350000009012,9028.350000008866,9028.400000008865,9041.400000008676,9045.450000008617,18.100000000000122,67.44999999999831,10.500000000000014,0,13.800000000000061,0.25,0,44.00000000000023,32.0
J001012,2023-02-03/RUDA,RUDA,AMR_12,G18_9,WS_8_20,"[""111296"", ""112305""]",2,8943.150000010106,9175.650000006723,9022.150000008956,8943.150000010106,8963.050000009816,8967.100000009757,9012.050000009103,9012.100000009103,9022.100000008957,9022.150000008956,9171.600000006782,9175.650000006723,18.100000000000122,107.74999999999602,16.250000000000096,0,90.14999999999702,0.25,0,12.0,100.00000000000088
J001013,2023-02-03/KKDG,KKDG,AMR_24,G26_15,WS_13_20,"[""110575""]",2,8944.25000001009,9253.850000005585,9135.400000007308,8944.25000001009,8981.850000009543,8985.900000009484,9125.300000007455,9125.350000007455,9135.350000007309,9135.400000007308,9249.800000005644,9253.850000005585,18.100000000000122,123.09999999999515,18.200000000000124,0,149.94999999999985,0.25,0,16.0,100.00000000000088
J001014,2023-02-03/IPMG,IPMG,AMR_33,G17_13,WS_25_20,"[""112317""]",1,8945.450000010072,9397.0500000035,9254.20000000558,8945.450000010072,8963.900000009804,8967.950000009745,9244.100000005727,9244.150000005726,9254.15000000558,9254.20000000558,9393.00000000356,9397.0500000035,18.100000000000122,123.74999999999511,22.05000000000018,0,287.4500000000311,0.25,0,10.0,108.00000000000014
J001015,2023-02-03/MMSA,MMSA,AMR_27,G23_15,WS_2_20,"[""110232""]",1,8951.400000009986,9494.300000002086,9174.45000000674,8951.400000009986,9001.850000009252,9005.900000009193,9164.350000006887,9164.400000006886,9174.40000000674,9174.45000000674,9490.250000002145,9494.300000002086,18.100000000000122,145.44999999999882,20.10000000000015,0,359.00000000004735,0.25,0,18.0,116.0000000000006
J001016,2023-02-03/JETG,JETG,AMR_38,G6_14,WS_19_20,"[""124666""]",1,8971.1000000097,9391.050000003588,9325.150000004547,8971.1000000097,9028.950000008857,9033.000000008798,9315.050000004694,9315.100000004693,9325.100000004548,9325.150000004547,9387.000000003647,9391.050000003588,18.100000000000122,161.50000000000247,24.850000000000218,0,215.2500000000147,0.25,0,36.00000000000006,128.00000000000128
J001017,2023-02-03/SETA,SETA,AMR_08,G32_15,WS_30_20,"[""101084""]",1,8980.400000009564,9175.600000006723,9147.350000007134,8980.400000009564,9112.100000007647,9116.150000007588,9137.250000007281,9137.30000000728,9147.300000007135,9147.350000007134,9171.550000006782,9175.600000006723,18.100000000000122,77.09999999999776,11.450000000000028,0,88.29999999999713,0.25,0,46.00000000000023,32.0
J001018,2023-02-03/IPMG,IPMG,AMR_36,G26_9,WS_25_20,"[""112077""]",1,9010.90000000912,9186.85000000656,9142.9000000072,9010.90000000912,9085.650000008032,9089.700000007973,9132.800000007346,9132.850000007345,9142.8500000072,9142.9000000072,9182.800000006619,9186.85000000656,18.100000000000122,129.74999999999525,19.100000000000136,0,8.74999999999999,0.25,0,84.000000000001,68.0000000000006
J001019,2023-02-03/IPMG,IPMG,AMR_13,G27_8,WS_25_20,"[""110484""]",1,9014.100000009073,9175.050000006731,9116.400000007585,9014.100000009073,9067.000000008304,9071.050000008245,9106.300000007732,9106.350000007731,9116.350000007586,9116.400000007585,9171.00000000679,9175.050000006731,18.100000000000122,110.64999999999586,15.300000000000082,0,16.6500000000001,0.25,0,58.0000000000003,72.00000000000068
J001020,2023-02-03/IPMG,IPMG,AMR_23,G18_10,WS_25_20,"[""101328""]",1,9018.700000009007,9326.450000004528,9158.750000006969,9018.700000009007,9091.500000007947,9095.550000007888,9148.650000007116,9148.700000007115,9158.70000000697,9158.750000006969,9322.400000004587,9326.450000004528,18.100000000000122,114.59999999999563,16.200000000000095,0,158.6000000000018,0.25,0,34.0,80.00000000000011
J001021,2023-02-03/RUDA,RUDA,AMR_09,G12_10,WS_8_20,"[""101033"", ""112217""]",2,9029.350000008852,9234.600000005865,9191.900000006486,9029.350000008852,9148.150000007123,9152.200000007064,9181.800000006633,9181.850000006632,9191.850000006487,9191.900000006486,9230.550000005924,9234.600000005865,18.100000000000122,130.4499999999954,21.000000000000163,0,35.450000000000124,0.25,0,72.00000000000031,64.00000000000064
J001022,2023-02-03/MMSA,MMSA,AMR_31,G24_14,WS_2_20,"[""125176""]",1,9035.450000008763,9436.050000002933,9240.850000005774,9035.450000008763,9062.050000008376,9066.100000008317,9230.75000000592,9230.80000000592,9240.800000005775,9240.850000005774,9432.000000002992,9436.050000002933,18.100000000000122,142.94999999999825,21.000000000000163,0,218.3000000000154,0.25,0,18.0,128.00000000000148
J001023,2023-02-03/RUDA,RUDA,AMR_21,G23_10,WS_8_20,"[""101301"", ""110242""]",2,9042.450000008661,9420.200000003164,9342.050000004301,9042.450000008661,9140.650000007232,9144.700000007173,9331.950000004448,9332.000000004447,9342.000000004302,9342.050000004301,9416.150000003223,9420.200000003164,18.100000000000122,172.40000000000495,20.05000000000015,0,166.9500000000037,0.25,0,82.00000000000122,108.00000000000108
J001024,2023-02-03/KKDG,KKDG,AMR_18,G26_14,WS_13_20,"[""101147""]",1,9043.550000008645,9506.500000001908,9375.75000000381,9043.550000008645,9257.900000005526,9261.950000005467,9365.650000003958,9365.700000003957,9375.700000003812,9375.75000000381,9502.450000001967,9506.500000001908,18.100000000000122,164.2000000000031,27.80000000000026,0,252.6000000000232,0.25,0,80.00000000000054,80.0000000000002
J001025,2023-02-03/SETA,SETA,AMR_35,G29_14,WS_30_20,"[""214618""]",1,9045.500000008617,9137.000000007285,9093.250000007922,9045.500000008617,9048.70000000857,9052.750000008511,9083.150000008069,9083.200000008068,9093.200000007922,9093.250000007922,9132.950000007344,9137.000000007285,18.100000000000122,47.09999999999946,8.549999999999986,0,17.500000000000114,0.25,0,2.0,44.00000000000004
J001026,2023-02-03/IPMG,IPMG,AMR_20,G15_12,WS_25_20,"[""101097""]",1,9046.450000008603,9421.700000003142,9285.950000005118,9046.450000008603,9073.000000008216,9077.050000008157,9275.850000005265,9275.900000005264,9285.900000005118,9285.950000005118,9417.650000003201,9421.700000003142,18.100000000000122,110.34999999999587,18.150000000000123,0,228.40000000001768,0.25,0,12.0,88.00000000000003
J001027,2023-02-03/RUDA,RUDA,AMR_40,G2_13,WS_8_20,"[""110624""]",1,9072.950000008217,9206.300000006277,9170.450000006798,9072.950000008217,9072.950000008217,9077.000000008158,9160.350000006945,9160.400000006945,9170.400000006799,9170.450000006798,9202.250000006336,9206.300000006277,18.100000000000122,63.399999999998535,9.55,0,42.099999999999746,0.2,0,0.0,68.00000000000044
J001028,2023-02-03/KKDG,KKDG,AMR_39,G26_13,WS_13_20,"[""137330""]",1,9074.80000000819,9353.300000004137,9276.050000005262,9074.80000000819,9136.400000007294,9140.450000007235,9265.950000005409,9266.000000005408,9276.000000005262,9276.050000005262,9349.250000004196,9353.300000004137,18.100000000000122,139.44999999999746,17.20000000000011,0,103.49999999999626,0.25,0,54.00000000000004,92.00000000000051
J001029,2023-02-03/SETA,SETA,AMR_32,G32_14,WS_30_20,"[""112450""]",1,9081.65000000809,9236.30000000584,9206.900000006268,9081.65000000809,9165.450000006871,9169.500000006812,9196.800000006415,9196.850000006414,9206.850000006269,9206.900000006268,9232.250000005899,9236.30000000584,18.100000000000122,115.34999999999559,15.300000000000082,0,5.649999999999988,0.25,0,100.0000000000015,40.00000000000004
J001030,2023-02-03/IPMG,IPMG,AMR_06,G17_10,WS_25_20,"[""110500""]",1,9086.850000008015,9364.300000003977,9270.00000000535,9086.850000008015,9181.400000006639,9185.45000000658,9259.900000005497,9259.950000005496,9269.95000000535,9270.00000000535,9360.250000004036,9364.300000003977,18.100000000000122,128.599999999995,18.150000000000123,0,112.34999999999576,0.25,0,46.000000000000284,80.0000000000002
J001031,2023-02-03/MMSA,MMSA,AMR_14,G21_13,WS_2_20,"[""101149""]",1,9124.000000007474,9504.800000001933,9364.400000003976,9124.000000007474,9124.000000007474,9128.050000007415,9354.300000004123,9354.350000004122,9364.350000003977,9364.400000003976,9500.750000001992,9504.800000001933,18.100000000000122,141.3499999999979,17.20000000000011,0,203.95000000001212,0.2,0,0.0,156.00000000000156
J001032,2023-02-03/SETA,SETA,AMR_35,G33_14,WS_30_20,"[""101072""]",1,9137.050000007284,9257.250000005535,9223.800000006022,9137.050000007284,9168.700000006824,9172.750000006765,9213.700000006169,9213.750000006168,9223.750000006023,9223.800000006022,9253.200000005594,9257.250000005535,18.100000000000122,74.44999999999791,15.300000000000082,0,12.100000000000037,0.25,0,24.0,48.00000000000004
J001033,2023-02-03/RUDA,RUDA,AMR_22,G3_13,WS_8_20,"[""111275""]",1,9138.150000007268,9290.60000000505,9258.200000005521,9138.150000007268,9202.450000006333,9206.500000006274,9248.100000005668,9248.150000005668,9258.150000005522,9258.200000005521,9286.550000005109,9290.60000000505,18.100000000000122,92.2999999999969,19.200000000000138,0,22.600000000000186,0.25,0,40.000000000000085,56.000000000000185
J001034,2023-02-03/IPMG,IPMG,AMR_02,G17_9,WS_25_20,"[""110180"", ""111147""]",2,9156.650000007,9440.050000002875,9358.350000004064,9156.650000007,9227.800000005964,9231.850000005905,9348.250000004211,9348.30000000421,9358.300000004065,9358.350000004064,9436.000000002934,9440.050000002875,18.100000000000122,161.80000000000254,24.90000000000022,0,78.34999999999769,0.25,0,62.0000000000004,108.00000000000028
J001035,2023-02-03/SETA,SETA,AMR_28,G29_13,WS_30_20,"[""112266""]",1,9161.300000006931,9341.40000000431,9311.800000004741,9161.300000006931,9252.8500000056,9256.90000000554,9301.700000004888,9301.750000004888,9311.750000004742,9311.800000004741,9337.35000000437,9341.40000000431,18.100000000000122,129.64999999999523,19.100000000000136,0,13.00000000000005,0.25,0,102.00000000000156,48.00000000000013
J001036,2023-02-03/RUDA,RUDA,AMR_13,G15_13,WS_8_20,"[""112285""]",1,9175.10000000673,9464.250000002523,9379.450000003757,9175.10000000673,9322.300000004589,9326.35000000453,9369.350000003904,9369.400000003903,9379.400000003758,9379.450000003757,9460.200000002582,9464.250000002523,18.100000000000122,138.09999999999715,21.000000000000163,0,111.6999999999958,0.25,0,66.00000000000014,72.00000000000057
J001037,2023-02-03/IPMG,IPMG,AMR_08,G18_8,WS_25_20,"[""115120""]",1,9175.650000006723,9672.499999999493,9600.000000000548,9175.650000006723,9499.750000002006,9503.800000001947,9589.900000000694,9589.950000000694,9599.950000000548,9600.000000000548,9668.449999999551,9672.499999999493,18.100000000000122,199.70000000001116,42.299999999999734,0,236.50000000001953,0.25,0,118.0000000000008,84.00000000000054
J001038,2023-02-03/KKDG,KKDG,AMR_12,G27_10,WS_13_20,"[""101179""]",1,9175.700000006722,9527.750000001599,9398.000000003487,9175.700000006722,9220.150000006075,9224.200000006016,9387.900000003634,9387.950000003633,9397.950000003488,9398.000000003487,9523.700000001658,9527.750000001599,18.100000000000122,155.000000000001,20.950000000000163,0,157.75000000000162,0.25,0,24.0,136.00000000000014
J001039,2023-02-03/SETA,SETA,AMR_36,G30_12,WS_30_20,"[""111371""]",1,9186.900000006559,9319.350000004632,9277.700000005238,9186.900000006559,9215.00000000615,9219.050000006091,9267.600000005385,9267.650000005384,9277.650000005238,9277.700000005238,9315.30000000469,9319.350000004632,18.100000000000122,69.4999999999982,13.350000000000055,0,31.25000000000031,0.25,0,18.0,48.0000000000003
J001040,2023-02-03/RUDA,RUDA,AMR_29,G11_10,WS_8_20,"[""112320""]",1,9188.550000006535,9376.850000003795,9316.100000004679,9188.550000006535,9276.10000000526,9280.150000005202,9306.000000004826,9306.050000004825,9316.05000000468,9316.100000004679,9372.800000003854,9376.850000003795,18.100000000000122,100.64999999999642,16.200000000000095,0,53.09999999999912,0.25,0,42.00000000000006,60.0000000000005
J001041,2023-02-03/IPMG,IPMG,AMR_15,G18_9,WS_25_20,"[""112275""]",1,9195.150000006439,9439.450000002884,9395.400000003525,9195.150000006439,9317.000000004666,9321.050000004607,9385.300000003672,9385.350000003671,9395.350000003526,9395.400000003525,9435.400000002943,9439.450000002884,18.100000000000122,120.89999999999527,19.100000000000136,0,85.94999999999726,0.25,0,38.0,80.00000000000051
J001042,2023-02-03/RUDA,RUDA,AMR_05,G18_15,WS_8_20,"[""101296""]",1,9198.45000000639,9429.850000003024,9284.000000005146,9198.45000000639,9227.35000000597,9231.400000005911,9273.900000005293,9273.950000005292,9283.950000005147,9284.000000005146,9425.800000003082,9429.850000003024,18.100000000000122,80.24999999999758,10.500000000000014,0,122.2999999999952,0.25,0,8.0,68.00000000000038
J001043,2023-02-03/SETA,SETA,AMR_40,G29_12,WS_30_20,"[""125175""]",1,9206.950000006267,9376.750000003796,9345.900000004245,9206.950000006267,9286.050000005116,9290.100000005057,9335.800000004392,9335.850000004391,9345.850000004246,9345.900000004245,9372.700000003855,9376.750000003796,18.100000000000122,110.89999999999584,15.250000000000082,0,25.300000000000225,0.25,0,64.0,60.00000000000023
J001044,2023-02-03/KKDG,KKDG,AMR_25,G2_14,WS_13_20,"[""110220""]",1,9218.200000006103,9334.55000000441,9293.100000005013,9218.200000006103,9218.200000006103,9222.250000006045,9283.00000000516,9283.05000000516,9293.050000005014,9293.100000005013,9330.50000000447,9334.55000000441,18.100000000000122,74.29999999999792,9.55,0,14.200000000000067,0.2,0,0.0,84.00000000000095
J001045,2023-02-03/RUDA,RUDA,AMR_16,G20_13,WS_8_20,"[""110164"", ""112332""]",2,9222.150000006046,9446.950000002775,9363.250000003993,9222.150000006046,9222.150000006046,9226.200000005987,9353.15000000414,9353.200000004139,9363.200000003993,9363.250000003993,9442.900000002834,9446.950000002775,18.100000000000122,95.54999999999671,13.400000000000055,0,97.5499999999966,0.2,0,0.0,100.00000000000102
J001046,2023-02-03/SETA,SETA,AMR_07,G18_12,WS_30_20,"[""101305"", ""112386""]",2,9227.300000005971,9400.750000003447,9328.850000004493,9227.300000005971,9240.750000005775,9244.800000005716,9318.75000000464,9318.80000000464,9328.800000004494,9328.850000004493,9396.700000003506,9400.750000003447,18.100000000000122,95.14999999999674,12.35000000000004,0,47.59999999999943,0.25,0,8.0,92.00000000000028
J001047,2023-02-03/IPMG,IPMG,AMR_09,G20_10,WS_25_20,"[""110552""]",1,9254.250000005579,9590.550000000685,9552.150000001244,9254.250000005579,9352.700000004146,9356.750000004087,9542.05000000139,9542.10000000139,9552.100000001245,9552.150000001244,9586.500000000744,9590.550000000685,18.100000000000122,163.65000000000296,26.800000000000246,0,127.4999999999949,0.25,0,84.00000000000114,92.00000000000026
J001048,2023-02-03/RUDA,RUDA,AMR_24,G26_15,WS_8_20,"[""110165"", ""112017""]",2,9258.25000000552,9516.500000001763,9457.850000002616,9258.25000000552,9258.25000000552,9262.300000005462,9447.750000002763,9447.800000002762,9457.800000002617,9457.850000002616,9512.450000001822,9516.500000001763,18.100000000000122,120.99999999999527,14.250000000000068,0,104.6999999999962,0.2,0,0.0,128.00000000000057
J001049,2023-02-03/SETA,SETA,AMR_32,G27_12,WS_30_20,"[""112019""]",1,9260.500000005488,9393.800000003548,9362.850000003999,9260.500000005488,9310.200000004765,9314.250000004706,9352.750000004145,9352.800000004145,9362.800000004,9362.850000003999,9389.750000003607,9393.800000003548,18.100000000000122,91.59999999999694,19.100000000000136,0,4.249999999999993,0.25,0,38.000000000000114,56.00000000000023
J001050,2023-02-03/IPMG,IPMG,AMR_35,G24_6,WS_25_20,"[""112403""]",1,9270.050000005349,9499.650000002008,9379.550000003755,9270.050000005349,9317.550000004658,9321.600000004599,9369.450000003902,9369.500000003902,9379.500000003756,9379.550000003755,9495.600000002067,9499.650000002008,18.100000000000122,144.64999999999864,23.000000000000192,0,43.59999999999966,0.25,0,50.000000000000114,112.000000000001
J001051,2023-02-03/SETA,SETA,AMR_01,G26_12,WS_30_20,"[""111241""]",1,9277.750000005237,9525.000000001639,9486.700000002196,9277.750000005237,9401.750000003432,9405.800000003373,9476.600000002343,9476.650000002342,9486.650000002197,9486.700000002196,9520.950000001698,9525.000000001639,18.100000000000122,145.3499999999988,17.15000000000011,0,66.39999999999837,0.25,0,90.00000000000111,72.0000000000002
J001052,2023-02-03/RUDA,RUDA,AMR_19,G14_10,WS_8_20,"[""135096""]",1,9284.050000005145,9472.150000002408,9395.400000003525,9284.050000005145,9333.500000004426,9337.550000004367,9385.300000003672,9385.350000003671,9395.350000003526,9395.400000003525,9468.100000002467,9472.150000002408,18.100000000000122,110.94999999999584,15.300000000000082,0,43.499999999999666,0.25,0,52.00000000000054,72.00000000000077
J001053,2023-02-03/IPMG,IPMG,AMR_03,G15_9,WS_25_20,"[""111312""]",1,9286.000000005117,9537.100000001463,9411.650000003288,9286.000000005117,9314.300000004705,9318.350000004646,9401.550000003435,9401.600000003435,9411.60000000329,9411.650000003288,9533.050000001522,9537.100000001463,18.100000000000122,128.94999999999507,22.000000000000178,0,81.7999999999975,0.25,0,22.0,108.00000000000031
J001054,2023-02-03/SETA,SETA,AMR_22,G26_10,WS_30_20,"[""118520""]",2,9294.800000004989,9507.0000000019,9469.450000002447,9294.800000004989,9410.650000003303,9414.700000003244,9459.350000002594,9459.400000002594,9469.400000002448,9469.450000002447,9502.95000000196,9507.0000000019,18.100000000000122,146.49999999999906,20.05000000000015,0,27.300000000000253,0.25,0,104.00000000000136,64.00000000000031
J001055,2023-02-03/SETA,SETA,AMR_26,G29_9,WS_30_20,"[""107573""]",3,9311.85000000474,9555.700000001192,9520.8000000017,9311.85000000474,9440.150000002874,9444.200000002815,9510.700000001847,9510.750000001846,9520.7500000017,9520.8000000017,9551.650000001251,9555.700000001192,18.100000000000122,126.94999999999493,17.20000000000011,0,81.34999999999752,0.25,0,72.000000000001,64.0000000000005
J001056,2023-02-03/RUDA,RUDA,AMR_36,G9_8,WS_8_20,"[""112269""]",1,9319.40000000463,9667.099999999571,9596.150000000604,9319.40000000463,9500.400000001997,9504.450000001938,9586.05000000075,9586.10000000075,9596.100000000604,9596.150000000604,9663.04999999963,9667.099999999571,18.100000000000122,179.6000000000066,21.050000000000164,0,128.69999999999501,0.25,0,130.00000000000188,68.00000000000063
J001057,2023-02-03/JJNG,JJNG,AMR_23,G24_12,WS_19_20,"[""112307""]",1,9326.500000004527,9599.300000000558,9547.750000001308,9326.500000004527,9389.750000003607,9393.800000003548,9537.650000001455,9537.700000001454,9547.700000001309,9547.750000001308,9595.250000000617,9599.300000000558,18.100000000000122,105.24999999999616,17.15000000000011,0,132.04999999999578,0.25,0,44.000000000000085,64.0000000000003
J001058,2023-02-03/JJNG,JJNG,AMR_04,G8_13,WS_19_20,"[""110310""]",1,9330.200000004474,9577.10000000088,9530.45000000156,9330.200000004474,9470.400000002433,9474.450000002375,9520.350000001707,9520.400000001706,9530.40000000156,9530.45000000156,9573.05000000094,9577.10000000088,18.100000000000122,137.29999999999697,24.850000000000218,0,66.39999999999837,0.25,0,58.000000000000384,88.00000000000088
J001059,2023-02-03/SETA,SETA,AMR_25,G26_9,WS_30_20,"[""107197""]",2,9334.60000000441,9542.600000001383,9503.750000001948,9334.60000000441,9391.300000003585,9395.350000003526,9493.650000002095,9493.700000002094,9503.700000001949,9503.750000001948,9538.550000001442,9542.600000001383,18.100000000000122,122.69999999999517,17.20000000000011,0,49.74999999999931,0.25,0,62.00000000000027,76.00000000000051
J001060,2023-02-03/RUDA,RUDA,AMR_37,G23_13,WS_8_20,"[""111239"", ""126834""]",2,9342.1000000043,9589.950000000694,9532.250000001533,9342.1000000043,9346.100000004242,9350.150000004183,9522.15000000168,9522.20000000168,9532.200000001534,9532.250000001533,9585.900000000753,9589.950000000694,18.100000000000122,104.24999999999622,15.350000000000083,0,109.8999999999959,0.25,0,2.0,112.00000000000142
J001061,2023-02-03/JJNG,JJNG,AMR_28,G18_10,WS_19_20,"[""101067""]",1,9345.950000004244,9598.300000000572,9564.80000000106,9345.950000004244,9483.250000002246,9487.300000002188,9554.700000001207,9554.750000001206,9564.75000000106,9564.80000000106,9594.250000000631,9598.300000000572,18.100000000000122,133.4999999999961,22.95000000000019,0,77.54999999999774,0.25,0,84.00000000000037,56.00000000000041
J001062,2023-02-03/SETA,SETA,AMR_39,G21_10,WS_30_20,"[""110607""]",1,9353.350000004137,9638.849999999982,9584.800000000769,9353.350000004137,9494.100000002089,9498.15000000203,9574.700000000916,9574.750000000915,9584.75000000077,9584.800000000769,9634.800000000041,9638.849999999982,18.100000000000122,118.89999999999539,23.950000000000205,0,124.29999999999508,0.25,0,36.00000000000003,84.00000000000031
J001063,2023-02-03/IPMG,IPMG,AMR_30,G21_9,WS_25_20,"[""115785""]",1,9358.400000004063,9553.900000001218,9504.050000001944,9358.400000004063,9431.750000002996,9435.800000002937,9493.95000000209,9494.00000000209,9504.000000001944,9504.050000001944,9549.850000001277,9553.900000001218,18.100000000000122,108.99999999999595,21.100000000000165,0,47.049999999999464,0.25,0,38.00000000000004,68.00000000000037
J001064,2023-02-03/RUDA,RUDA,AMR_06,G17_14,WS_8_20,"[""110227""]",1,9364.350000003977,9533.950000001509,9490.000000002148,9364.350000003977,9388.15000000363,9392.200000003571,9479.900000002295,9479.950000002294,9489.950000002149,9490.000000002148,9529.900000001568,9533.950000001509,18.100000000000122,78.1499999999977,12.400000000000041,0,60.69999999999869,0.25,0,12.0,68.00000000000088
J001065,2023-02-03/SETA,SETA,AMR_40,G23_8,WS_30_20,"[""118531""]",1,9376.800000003796,9598.350000000572,9542.650000001382,9376.800000003796,9432.350000002987,9436.400000002928,9532.550000001529,9532.600000001528,9542.600000001383,9542.650000001382,9594.30000000063,9598.350000000572,18.100000000000122,154.00000000000077,22.90000000000019,0,26.30000000000024,0.25,0,52.00000000000031,120.00000000000117
J001066,2023-02-03/RUDA,RUDA,AMR_10,G14_15,WS_8_20,"[""107130""]",1,9379.500000003756,9471.200000002422,9420.50000000316,9379.500000003756,9379.500000003756,9383.550000003697,9410.400000003307,9410.450000003306,9420.45000000316,9420.50000000316,9467.15000000248,9471.200000002422,18.100000000000122,50.59999999999926,7.649999999999981,0,15.15000000000008,0.2,0,0.0,52.00000000000037
J001067,2023-02-03/IPMG,IPMG,AMR_29,G14_9,WS_25_20,"[""112442""]",1,9379.600000003755,9567.950000001014,9520.250000001708,9379.600000003755,9399.400000003467,9403.450000003408,9510.150000001855,9510.200000001854,9520.200000001709,9520.250000001708,9563.900000001073,9567.950000001014,18.100000000000122,111.14999999999583,16.250000000000096,0,42.59999999999972,0.25,0,12.0,104.00000000000088
J001068,2023-02-03/RUDA,RUDA,AMR_38,G6_14,WS_8_20,"[""112387""]",1,9395.450000003524,9504.95000000193,9474.05000000238,9395.450000003524,9395.450000003524,9399.500000003465,9463.950000002527,9464.000000002527,9474.000000002381,9474.05000000238,9500.90000000199,9504.95000000193,18.100000000000122,49.19999999999934,9.55,0,32.450000000000294,0.2,0,0.0,44.00000000000004
J001069,2023-02-03/IPMG,IPMG,AMR_32,G14_8,WS_25_20,"[""111225""]",1,9395.450000003524,9636.850000000011,9568.100000001012,9395.450000003524,9477.800000002326,9481.850000002267,9558.000000001159,9558.050000001158,9568.050000001012,9568.100000001012,9632.80000000007,9636.850000000011,18.100000000000122,157.15000000000148,17.20000000000011,0,48.69999999999937,0.25,0,78.00000000000054,108.00000000000077
J001070,2023-02-03/IPMG,IPMG,AMR_07,G11_10,WS_25_20,"[""112320""]",1,9411.700000003288,9668.449999999551,9536.200000001476,9411.700000003288,9436.000000002934,9440.050000002875,9526.100000001623,9526.150000001622,9536.150000001477,9536.200000001476,9664.39999999961,9668.449999999551,18.100000000000122,142.54999999999816,17.15000000000011,0,78.69999999999767,0.25,0,18.0,136.00000000000028
J001071,2023-02-03/KKDG,KKDG,AMR_11,G8_15,WS_13_20,"[""138501""]",1,9418.35000000319,9531.950000001538,9495.900000002062,9418.35000000319,9418.35000000319,9422.400000003132,9485.80000000221,9485.850000002209,9495.850000002063,9495.900000002062,9527.900000001597,9531.950000001538,18.100000000000122,47.24999999999945,7.649999999999981,0,40.39999999999984,0.2,0,0.0,48.00000000000021
J001072,2023-02-03/RUDA,RUDA,AMR_33,G12_8,WS_8_20,"[""107123""]",1,9420.550000003159,9617.300000000296,9564.250000001068,9420.550000003159,9484.750000002225,9488.800000002166,9554.150000001215,9554.200000001214,9564.200000001068,9564.250000001068,9613.250000000355,9617.300000000296,18.100000000000122,122.84999999999516,19.150000000000137,0,36.40000000000007,0.25,0,48.00000000000034,80.00000000000091
J001073,2023-02-03/RUDA,RUDA,AMR_20,G15_12,WS_8_20,"[""138352""]",1,9457.900000002615,9681.049999999368,9548.3000000013,9457.900000002615,9457.900000002615,9461.950000002556,9538.200000001447,9538.250000001446,9548.2500000013,9548.3000000013,9676.999999999427,9681.049999999368,18.100000000000122,80.74999999999756,10.500000000000014,0,113.59999999999569,0.2,0,0.0,84.00000000000094
J001074,2023-02-03/SETA,SETA,AMR_21,G23_10,WS_30_20,"[""131980""]",1,9469.500000002447,9598.900000000564,9559.850000001132,9469.500000002447,9469.500000002447,9473.550000002388,9549.750000001279,9549.800000001278,9559.800000001133,9559.850000001132,9594.850000000622,9598.900000000564,18.100000000000122,76.84999999999778,10.500000000000014,0,23.750000000000203,0.2,0,0.0,84.00000000000048
J001075,2023-02-03/RUDA,RUDA,AMR_34,G21_15,WS_8_20,"[""110254""]",1,9474.10000000238,9640.99999999995,9580.200000000836,9474.10000000238,9474.10000000238,9478.15000000232,9570.100000000983,9570.150000000982,9580.150000000836,9580.200000000836,9636.95000000001,9640.99999999995,18.100000000000122,74.49999999999791,7.649999999999981,0,66.44999999999837,0.2,0,0.0,80.00000000000084
J001076,2023-02-03/SETA,SETA,AMR_19,G21_8,WS_30_20,"[""107314""]",1,9486.750000002196,9658.099999999702,9601.650000000524,9486.750000002196,9520.200000001709,9524.25000000165,9591.55000000067,9591.60000000067,9601.600000000524,9601.650000000524,9654.049999999761,9658.099999999702,18.100000000000122,111.5999999999958,17.15000000000011,0,24.25000000000021,0.25,0,26.0,92.00000000000054
J001077,2023-02-03/RUDA,RUDA,AMR_02,G17_9,WS_8_20,"[""111147""]",1,9490.050000002147,9687.349999999276,9612.100000000371,9490.050000002147,9490.050000002147,9494.100000002089,9602.000000000518,9602.050000000518,9612.050000000372,9612.100000000371,9683.299999999335,9687.349999999276,18.100000000000122,88.19999999999713,9.55,0,81.24999999999753,0.2,0,0.0,88.00000000000131
J001078,2023-02-03/SETA,SETA,AMR_27,G21_7,WS_30_20,"[""113118""]",1,9503.800000001947,9781.349999997909,9652.79999999978,9503.800000001947,9528.850000001583,9532.900000001524,9642.699999999926,9642.749999999925,9652.74999999978,9652.79999999978,9777.299999997967,9781.349999997909,18.100000000000122,126.14999999999498,17.20000000000011,0,115.84999999999556,0.25,0,20.00000000000003,120.00000000000156
J001079,2023-02-03/IPMG,IPMG,AMR_16,G20_13,WS_25_20,"[""121904""]",1,9504.100000001943,9631.350000000091,9584.05000000078,9504.100000001943,9504.100000001943,9508.150000001884,9573.950000000927,9574.000000000926,9584.00000000078,9584.05000000078,9627.30000000015,9631.350000000091,18.100000000000122,65.39999999999843,9.55,0,34.000000000000206,0.2,0,0.0,64.00000000000013
J001080,2023-02-03/IPMG,IPMG,AMR_10,G14_10,WS_25_20,"[""135096""]",1,9520.300000001707,9738.64999999853,9642.899999999923,9520.300000001707,9537.95000000145,9542.000000001392,9632.80000000007,9632.85000000007,9642.849999999924,9642.899999999923,9734.599999998589,9738.64999999853,18.100000000000122,106.3999999999961,12.35000000000004,0,81.24999999999753,0.25,0,14.0,96.00000000000057
J001081,2023-02-03/SETA,SETA,AMR_15,G18_9,WS_30_20,"[""112275""]",1,9520.8500000017,9688.349999999262,9635.750000000027,9520.8500000017,9520.8500000017,9524.90000000164,9625.650000000174,9625.700000000174,9635.700000000028,9635.750000000027,9684.29999999932,9688.349999999262,18.100000000000122,91.14999999999696,9.55,0,48.49999999999938,0.2,0,0.0,100.00000000000048
J001082,2023-02-03/RUDA,RUDA,AMR_14,G21_14,WS_8_20,"[""101014""]",1,9532.300000001533,9719.649999998806,9628.05000000014,9532.300000001533,9536.400000001473,9540.450000001414,9617.950000000286,9618.000000000286,9628.00000000014,9628.05000000014,9715.599999998865,9719.649999998806,18.100000000000122,88.7499999999971,9.5,0,70.74999999999812,0.25,0,2.0,92.00000000000068
J001083,2023-02-03/IPMG,IPMG,AMR_11,G8_14,WS_25_20,"[""131976""]",1,9536.250000001475,9747.099999998407,9626.65000000016,9536.250000001475,9539.30000000143,9543.350000001372,9616.550000000307,9616.600000000306,9626.60000000016,9626.65000000016,9743.049999998466,9747.099999998407,18.100000000000122,101.44999999999638,8.549999999999986,0,82.49999999999746,0.25,0,2.0,108.00000000000031
J001084,2023-02-03/SETA,SETA,AMR_12,G27_10,WS_30_20,"[""101179""]",1,9542.700000001381,9652.199999999788,9618.700000000275,9542.700000001381,9542.700000001381,9546.750000001322,9608.600000000422,9608.650000000422,9618.650000000276,9618.700000000275,9648.149999999847,9652.199999999788,18.100000000000122,58.649999999998805,9.5,0,23.050000000000193,0.2,0,0.0,60.00000000000041
J001085,2023-02-03/RUDA,RUDA,AMR_05,G20_12,WS_8_20,"[""111995""]",1,9548.3500000013,9720.349999998796,9655.299999999743,9548.3500000013,9563.35000000108,9567.400000001022,9645.19999999989,9645.249999999889,9655.249999999744,9655.299999999743,9716.299999998855,9720.349999998796,18.100000000000122,90.24999999999702,12.400000000000041,0,50.99999999999924,0.25,0,10.0,88.00000000000105
J001086,2023-02-03/IPMG,IPMG,AMR_38,G6_15,WS_25_20,"[""111210""]",1,9552.200000001243,9755.999999998277,9658.849999999691,9552.200000001243,9556.200000001185,9560.250000001126,9648.749999999838,9648.799999999837,9658.799999999692,9658.849999999691,9751.949999998336,9755.999999998277,18.100000000000122,100.49999999999643,6.649999999999984,0,78.2999999999977,0.25,0,2.0,104.00000000000043
J001087,2023-02-03/SETA,SETA,AMR_13,G14_13,WS_30_20,"[""111295""]",1,9559.900000001131,9744.19999999845,9669.849999999531,9559.900000001131,9562.950000001087,9567.000000001028,9659.749999999678,9659.799999999677,9669.799999999532,9669.849999999531,9740.149999998508,9744.19999999845,18.100000000000122,96.74999999999665,7.599999999999981,0,61.59999999999864,0.25,0,2.0,108.00000000000023
J001088,2023-02-03/RUDA,RUDA,AMR_30,G21_12,WS_8_20,"[""101022""]",1,9564.300000001067,10087.74999999345,9760.049999998218,9564.300000001067,9667.649999999563,9671.699999999504,9749.949999998365,9749.999999998365,9759.99999999822,9760.049999998218,10083.699999993509,10087.74999999345,18.100000000000122,184.1000000000076,24.90000000000022,0,296.10000000003305,0.25,0,90.00000000000117,108.00000000000082
J001089,2023-02-03/KULA,KULA,AMR_17,G3_14,WS_19_20,"[""107336"", ""111996""]",2,9564.850000001059,9879.849999996475,9710.849999998934,9564.850000001059,9633.850000000055,9637.899999999996,9700.749999999081,9700.79999999908,9710.799999998935,9710.849999998934,9875.799999996534,9879.849999996475,18.100000000000122,158.0500000000017,28.750000000000274,0,109.8499999999959,0.25,0,36.00000000000006,132.00000000000153
J001090,2023-02-03/KULA,KULA,AMR_06,G15_15,WS_19_20,"[""124211""]",1,9564.850000001059,9673.599999999476,9647.849999999851,9564.850000001059,9577.90000000087,9581.95000000081,9637.749999999998,9637.799999999997,9647.799999999852,9647.849999999851,9669.549999999535,9673.599999999476,18.100000000000122,53.99999999999907,12.450000000000042,0,23.950000000000205,0.25,0,6.0,44.00000000000003
J001091,2023-02-03/KULA,KULA,AMR_01,G21_13,WS_19_20,"[""110216""]",1,9564.850000001059,9729.949999998656,9681.949999999355,9564.850000001059,9598.550000000569,9602.60000000051,9671.849999999502,9671.899999999501,9681.899999999356,9681.949999999355,9725.899999998715,9729.949999998656,18.100000000000122,71.89999999999806,14.350000000000069,0,60.4999999999987,0.25,0,16.0,48.00000000000021
J001092,2023-02-03/KULA,KULA,AMR_24,G26_15,WS_19_20,"[""112380""]",1,9564.850000001059,9669.399999999538,9630.8000000001,9564.850000001059,9564.850000001059,9568.900000001,9620.700000000246,9620.750000000246,9630.7500000001,9630.8000000001,9665.349999999597,9669.399999999538,18.100000000000122,49.74999999999931,7.599999999999981,0,28.900000000000276,0.2,0,0.0,52.00000000000003
J001093,2023-02-03/KULA,KULA,AMR_03,G9_13,WS_19_20,"[""120049""]",1,9564.850000001059,9947.59999999549,9883.799999996418,9564.850000001059,9715.499999998867,9719.549999998808,9873.699999996565,9873.749999996564,9883.749999996418,9883.799999996418,9943.549999995548,9947.59999999549,18.100000000000122,187.20000000000832,28.750000000000274,0,148.4499999999995,0.25,0,116.00000000000247,76.00000000000023
J001094,2023-02-03/KULA,KULA,AMR_26,G27_8,WS_19_20,"[""113194""]",1,9564.850000001059,9713.84999999889,9664.899999999603,9564.850000001059,9577.90000000087,9581.95000000081,9654.79999999975,9654.84999999975,9664.849999999604,9664.899999999603,9709.79999999895,9713.84999999889,18.100000000000122,91.59999999999694,13.400000000000055,0,25.65000000000023,0.25,0,6.0,92.00000000000065
J001095,2023-02-03/IPMG,IPMG,AMR_29,G6_13,WS_25_20,"[""113227""]",1,9568.150000001011,10216.999999991569,9926.149999995801,9568.150000001011,9750.899999998352,9754.949999998293,9916.049999995948,9916.099999995948,9926.099999995802,9926.149999995801,10212.949999991628,10216.999999991569,18.100000000000122,241.95000000002076,30.6500000000003,0,357.9000000000471,0.25,0,44.00000000000006,219.99999999999548
J001096,2023-02-03/RUDA,RUDA,AMR_04,G14_9,WS_8_20,"[""113195""]",1,9580.250000000835,10063.549999993802,9743.949999998453,9580.250000000835,9686.149999999294,9690.199999999235,9733.8499999986,9733.899999998599,9743.899999998453,9743.949999998453,10059.499999993861,10063.549999993802,18.100000000000122,135.04999999999646,21.050000000000164,0,308.85000000003595,0.25,0,68.00000000000105,80.00000000000088
J001097,2023-02-03/IPMG,IPMG,AMR_18,G5_15,WS_25_20,"[""110533""]",1,9584.100000000779,10673.849999984921,10491.899999987569,9584.100000000779,10058.749999993872,10062.799999993813,10481.799999987716,10481.849999987715,10491.84999998757,10491.899999987569,10669.79999998498,10673.849999984921,18.100000000000122,334.6000000000418,54.449999999999044,0,682.3499999999271,0.25,0,132.00000000000028,175.99999999999756
J001098,2023-02-03/SETA,SETA,AMR_22,G17_8,WS_30_20,"[""107149""]",1,9584.850000000768,9848.54999999693,9706.299999999,9584.850000000768,9616.150000000313,9620.200000000254,9696.199999999148,9696.249999999147,9706.249999999001,9706.299999999,9844.49999999699,9848.54999999693,18.100000000000122,136.19999999999672,18.150000000000123,0,90.99999999999697,0.25,0,30.0,120.00000000000051
J001099,2023-02-03/MMSI,MMSI,AMR_37,G23_13,WS_2_20,"[""101202""]",1,9590.000000000693,9783.599999997876,9683.849999999327,9590.000000000693,9590.000000000693,9594.050000000634,9673.749999999474,9673.799999999474,9683.799999999328,9683.849999999327,9779.549999997935,9783.599999997876,18.100000000000122,105.79999999999613,9.55,0,59.94999999999873,0.2,0,0.0,124.00000000000216
J001100,2023-02-03/RUDA,RUDA,AMR_31,G23_15,WS_8_20,"[""110419""]",1,9596.200000000603,9897.299999996221,9721.549999998779,9596.200000000603,9647.94999999985,9651.99999999979,9711.449999998926,9711.499999998925,9721.49999999878,9721.549999998779,9893.24999999628,9897.299999996221,18.100000000000122,102.9499999999963,14.350000000000069,0,165.45000000000337,0.25,0,16.0,88.00000000000041
J001101,2023-02-03/KTTG,KTTG,AMR_23,G24_12,WS_13_20,"[""112307""]",1,9599.350000000557,9836.8499999971,9672.499999999493,9599.350000000557,9599.350000000557,9603.400000000498,9662.39999999964,9662.449999999639,9672.449999999493,9672.499999999493,9832.79999999716,9836.8499999971,18.100000000000122,88.94999999999709,11.400000000000027,0,118.84999999999539,0.2,0,0.0,88.00000000000043
J001102,2023-02-03/IPMG,IPMG,AMR_28,G8_13,WS_25_20,"[""111366""]",1,9600.050000000547,10097.499999993308,9893.99999999627,9600.050000000547,9678.19999999941,9682.24999999935,9883.899999996416,9883.949999996415,9893.94999999627,9893.99999999627,10093.449999993367,10097.499999993308,18.100000000000122,164.6500000000032,24.800000000000217,0,289.6500000000316,0.25,0,50.000000000000526,124.00000000000051
J001103,2023-02-03/SETA,SETA,AMR_09,G14_12,WS_30_20,"[""101093""]",2,9601.700000000523,9885.799999996389,9813.349999997443,9601.700000000523,9623.100000000211,9627.150000000152,9803.24999999759,9803.29999999759,9813.299999997444,9813.349999997443,9881.749999996448,9885.799999996389,18.100000000000122,139.54999999999748,19.200000000000138,0,106.99999999999606,0.25,0,16.0,132.00000000000023
J001104,2023-02-03/RUDA,RUDA,AMR_21,G20_9,WS_8_20,"[""113232""]",1,9612.15000000037,9845.249999996979,9705.399999999014,9612.15000000037,9633.45000000006,9637.500000000002,9695.29999999916,9695.34999999916,9705.349999999014,9705.399999999014,9841.199999997038,9845.249999996979,18.100000000000122,114.49999999999564,15.250000000000082,0,84.99999999999731,0.25,0,16.0,100.00000000000077
J001105,2023-02-03/SETA,SETA,AMR_33,G15_9,WS_30_20,"[""127717""]",1,9618.750000000275,9944.449999995535,9877.049999996516,9618.750000000275,9672.549999999492,9676.599999999433,9866.949999996663,9866.999999996662,9876.999999996517,9877.049999996516,9940.399999995594,9944.449999995535,18.100000000000122,134.19999999999627,21.100000000000165,0,152.05000000000032,0.25,0,20.0,124.00000000000017
J001106,2023-02-03/IPMG,IPMG,AMR_40,G5_12,WS_25_20,"[""101289""]",1,9626.700000000159,10427.9499999885,10008.899999994597,9626.700000000159,9689.099999999251,9693.149999999192,9998.799999994744,9998.849999994743,10008.849999994598,10008.899999994597,10423.899999988558,10427.9499999885,18.100000000000122,256.300000000024,35.450000000000124,0,491.1500000000774,0.25,0,68.00000000000125,207.99999999999608
J001107,2023-02-03/RUDA,RUDA,AMR_25,G24_15,WS_8_20,"[""110555""]",1,9628.100000000139,10098.799999993289,9842.049999997025,9628.100000000139,9652.599999999782,9656.649999999723,9831.949999997172,9831.999999997171,9841.999999997026,9842.049999997025,10094.749999993348,10098.799999993289,18.100000000000122,181.75000000000708,28.60000000000027,0,242.00000000002078,0.25,0,16.0,163.99999999999883
J001108,2023-02-03/KULA,KULA,AMR_35,G20_10,WS_19_20,"[""112313""]",1,9630.850000000099,9820.349999997341,9728.149999998683,9630.850000000099,9664.749999999605,9668.799999999546,9718.04999999883,9718.099999998829,9728.099999998683,9728.149999998683,9816.2999999974,9820.349999997341,18.100000000000122,83.3999999999974,13.350000000000055,0,74.39999999999792,0.25,0,24.0,56.00000000000034
J001109,2023-02-03/SETA,SETA,AMR_16,G15_8,WS_30_20,"[""115580""]",1,9635.800000000027,9879.349999996482,9756.199999998275,9635.800000000027,9663.499999999623,9667.549999999565,9746.099999998421,9746.14999999842,9756.149999998275,9756.199999998275,9875.299999996541,9879.349999996482,18.100000000000122,140.74999999999775,19.100000000000136,0,65.34999999999843,0.25,0,20.0,144.00000000000006
J001110,2023-02-03/IPMG,IPMG,AMR_32,G3_10,WS_25_20,"[""112230""]",1,9642.949999999923,9947.049999995497,9815.64999999741,9642.949999999923,9699.049999999106,9703.099999999047,9805.549999997556,9805.599999997556,9815.59999999741,9815.64999999741,9942.999999995556,9947.049999995497,18.100000000000122,197.90000000001075,20.00000000000015,0,67.84999999999829,0.25,0,50.00000000000044,179.99999999999773
J001111,2023-02-03/SETA,SETA,AMR_34,G9_15,WS_30_20,"[""110483""]",1,9652.849999999778,10449.349999988188,10258.399999990967,9652.849999999778,10028.399999994313,10032.449999994255,10248.299999991114,10248.349999991113,10258.349999990967,10258.399999990967,10445.299999988247,10449.349999988188,18.100000000000122,292.10000000003214,38.249999999999964,0,447.80000000006754,0.25,0,104.00000000000097,211.99999999999545
J001112,2023-02-03/RUDA,RUDA,AMR_39,G20_8,WS_8_20,"[""118532""]",1,9655.349999999742,10148.14999999257,9985.549999994937,9655.349999999742,9754.299999998302,9758.349999998243,9975.449999995084,9975.499999995083,9985.499999994938,9985.549999994937,10144.09999999263,10148.14999999257,18.100000000000122,201.40000000001154,27.85000000000026,0,245.2000000000215,0.25,0,66.00000000000091,140.00000000000014
J001113,2023-02-03/IPMG,IPMG,AMR_12,G2_10,WS_25_20,"[""111258""]",1,9658.89999999969,10096.149999993328,9910.199999996034,9658.89999999969,9795.499999997703,9799.549999997644,9900.09999999618,9900.14999999618,9910.149999996034,9910.199999996034,10092.099999993387,10096.149999993328,18.100000000000122,199.55000000001112,18.100000000000122,0,201.2500000000115,0.25,0,54.00000000000054,171.99999999999687
J001114,2023-02-03/SETA,SETA,AMR_07,G11_10,WS_30_20,"[""110538""]",1,9669.89999999953,9915.049999995963,9796.39999999769,9669.89999999953,9669.89999999953,9673.949999999471,9786.299999997836,9786.349999997836,9796.34999999769,9796.39999999769,9910.999999996022,9915.049999995963,18.100000000000122,115.79999999999556,10.450000000000014,0,100.59999999999643,0.2,0,0.0,124.00000000000034
J001115,2023-02-03/MMJJ,MMJJ,AMR_36,G6_12,WS_13_20,"[""107180""]",1,9672.549999999492,9930.599999995737,9885.999999996386,9672.549999999492,9702.999999999049,9707.04999999899,9875.899999996533,9875.949999996532,9885.949999996386,9885.999999996386,9926.549999995796,9930.599999995737,18.100000000000122,88.7499999999971,15.300000000000082,0,135.6499999999966,0.25,0,17.999999999999986,68.00000000000048
J001116,2023-02-03/TPKA,TPKA,AMR_20,G15_6,WS_2_20,"[""110299"", ""110336"", ""110418"", ""120450"", ""129530""]",5,9683.899999999327,9912.699999995997,9824.399999997282,9683.899999999327,9737.549999998546,9741.599999998487,9814.299999997429,9814.349999997428,9824.349999997283,9824.399999997282,9908.649999996056,9912.699999995997,18.100000000000122,160.65000000000228,18.150000000000123,0,31.650000000000315,0.25,0,36.000000000000014,156.00000000000023
J001117,2023-02-03/TPKA,TPKA,AMR_06,G17_15,WS_2_20,"[""107120"", ""110225"", ""111276"", ""124704""]",4,9683.899999999327,9988.399999994896,9841.449999997034,9683.899999999327,9759.94999999822,9763.999999998161,9831.349999997181,9831.39999999718,9841.399999997035,9841.449999997034,9984.349999994954,9988.399999994896,18.100000000000122,89.29999999999707,11.400000000000027,0,185.45000000000792,0.25,0,4.0,88.00000000000064
J001118,2023-02-03/TPKA,TPKA,AMR_08,G18_14,WS_2_20,"[""101181"", ""110285"", ""110594"", ""112326""]",5,9683.899999999327,10008.6499999946,9858.499999996786,9683.899999999327,9704.099999999033,9708.149999998974,9848.399999996933,9848.449999996932,9858.449999996787,9858.499999996786,10004.59999999466,10008.6499999946,18.100000000000122,121.29999999999525,19.100000000000136,0,166.0000000000035,0.25,0,16.0,108.00000000000088
J001119,2023-02-03/TPKA,TPKA,AMR_24,G18_13,WS_2_20,"[""101180"", ""110253"", ""110298"", ""131216""]",4,9683.899999999327,10310.049999990215,10085.749999993479,9683.899999999327,9904.399999996118,9908.449999996059,10075.649999993626,10075.699999993625,10085.69999999348,10085.749999993479,10305.999999990274,10310.049999990215,18.100000000000122,185.60000000000795,31.550000000000313,0,390.65000000005455,0.25,0,64.00000000000026,112.00000000000091
J001120,2023-02-03/TPKA,TPKA,AMR_19,G15_13,WS_2_20,"[""107272"", ""112285"", ""112302""]",3,9683.899999999327,9924.049999995832,9790.14999999778,9683.899999999327,9715.799999998862,9719.849999998803,9780.049999997927,9780.099999997927,9790.099999997781,9790.14999999778,9919.99999999589,9924.049999995832,18.100000000000122,113.99999999999567,19.100000000000136,0,88.6999999999971,0.25,0,26.0,96.00000000000082
J001121,2023-02-03/TPKA,TPKA,AMR_02,G17_13,WS_2_20,"[""111362"", ""112317"", ""122632""]",3,9687.399999999276,9977.399999995056,9807.34999999753,9687.399999999276,9708.599999998967,9712.649999998908,9797.249999997677,9797.299999997676,9807.29999999753,9807.34999999753,9973.349999995115,9977.399999995056,18.100000000000122,119.34999999999536,21.050000000000164,0,131.2499999999956,0.25,0,12.0,108.0000000000012
J001122,2023-02-03/RUDA,RUDA,AMR_15,G21_9,WS_8_20,"[""107165""]",1,9705.449999999013,10018.099999994463,9900.199999996179,9705.449999999013,9736.999999998554,9741.049999998495,9890.099999996326,9890.149999996325,9900.14999999618,9900.199999996179,10014.049999994522,10018.099999994463,18.100000000000122,133.79999999999617,21.000000000000163,0,139.49999999999747,0.25,0,18.0,116.00000000000139
J001123,2023-02-03/SETA,SETA,AMR_26,G9_12,WS_30_20,"[""107266""]",2,9713.89999999889,10091.249999993399,9894.249999996266,9713.89999999889,9792.999999997739,9797.04999999768,9884.149999996413,9884.199999996412,9894.199999996266,9894.249999996266,10087.199999993458,10091.249999993399,18.100000000000122,158.45000000000178,14.300000000000068,0,186.2500000000081,0.25,0,48.00000000000058,128.00000000000023
J001124,2023-02-03/RUDA,RUDA,AMR_05,G24_13,WS_8_20,"[""112084""]",1,9721.599999998778,10142.04999999266,9969.049999995177,9721.599999998778,9801.999999997608,9806.04999999755,9958.949999995324,9958.999999995323,9968.999999995178,9969.049999995177,10137.999999992719,10142.04999999266,18.100000000000122,146.199999999999,15.250000000000082,0,240.65000000002047,0.25,0,30.0,108.00000000000071
J001125,2023-02-03/KULA,KULA,AMR_10,G14_10,WS_19_20,"[""111356""]",1,9738.69999999853,9934.749999995676,9866.44999999667,9738.69999999853,9738.69999999853,9742.74999999847,9856.349999996817,9856.399999996816,9866.39999999667,9866.44999999667,9930.699999995735,9934.749999995676,18.100000000000122,73.39999999999797,12.400000000000041,0,91.94999999999692,0.2,0,0.0,76.0000000000004
J001126,2023-02-03/RUDA,RUDA,AMR_14,G26_14,WS_8_20,"[""101177""]",1,9743.999999998452,10134.549999992769,9953.09999999541,9743.999999998452,9794.449999997718,9798.499999997659,9942.999999995556,9943.049999995555,9953.04999999541,9953.09999999541,10130.499999992828,10134.549999992769,18.100000000000122,126.24999999999497,15.300000000000082,0,230.6500000000182,0.25,0,18.0,104.00000000000074
J001127,2023-02-03/SETA,SETA,AMR_11,G9_10,WS_30_20,"[""122687""]",1,9756.249999998274,10097.749999993304,9911.299999996018,9756.249999998274,9786.649999997831,9790.699999997772,9901.199999996164,9901.249999996164,9911.249999996018,9911.299999996018,10093.699999993363,10097.749999993304,18.100000000000122,147.1499999999992,17.15000000000011,0,158.85000000000187,0.25,0,14.0,140.00000000000017
J001128,2023-02-03/RUDA,RUDA,AMR_01,G21_5,WS_8_20,"[""112444""]",1,9760.099999998218,10106.799999993173,9916.249999995945,9760.099999998218,9807.39999999753,9811.44999999747,9906.149999996092,9906.199999996092,9916.199999995946,9916.249999995945,10102.749999993232,10106.799999993173,18.100000000000122,149.04999999999964,15.300000000000082,0,164.00000000000304,0.25,0,20.00000000000003,155.99999999999935
J001129,2023-02-03/MMJJ,MMJJ,AMR_37,G23_13,WS_13_20,"[""101202""]",1,9783.649999997875,10072.149999993677,9903.049999996138,9783.649999997875,9783.649999997875,9787.699999997816,9892.949999996285,9892.999999996284,9902.999999996138,9903.049999996138,10068.099999993736,10072.149999993677,18.100000000000122,104.04999999999623,13.350000000000055,0,152.8000000000005,0.2,0,0.0,96.00000000000043
J001130,2023-02-03/TPKA,TPKA,AMR_13,G18_12,WS_2_20,"[""101305"", ""112386"", ""125183""]",3,9790.19999999778,10213.649999991618,10062.499999993817,9790.19999999778,9976.299999995072,9980.349999995013,10052.399999993964,10052.449999993964,10062.449999993818,10062.499999993817,10209.599999991677,10213.649999991618,18.100000000000122,258.30000000002445,35.35000000000013,0,111.44999999999581,0.25,0,102.00000000000108,179.99999999999716
J001131,2023-02-03/SETA,SETA,AMR_38,G6_15,WS_30_20,"[""112277""]",1,9796.449999997689,10217.799999991557,10018.99999999445,9796.449999997689,9796.449999997689,9800.49999999763,10008.899999994597,10008.949999994597,10018.949999994451,10018.99999999445,10213.749999991616,10217.799999991557,18.100000000000122,205.70000000001252,24.850000000000218,0,172.50000000000497,0.2,0,0.0,235.99999999999397
J001132,2023-02-03/TPKA,TPKA,AMR_27,G12_5,WS_2_20,"[""112247"", ""112357"", ""120049""]",3,9807.39999999753,10083.399999993513,9986.449999994924,9807.39999999753,9844.199999996994,9848.249999996935,9976.34999999507,9976.39999999507,9986.399999994925,9986.449999994924,10079.349999993572,10083.399999993513,18.100000000000122,144.54999999999862,19.100000000000136,0,93.9999999999968,0.25,0,34.000000000000014,116.00000000000153
J001133,2023-02-03/SETA,SETA,AMR_35,G2_14,WS_30_20,"[""111207""]",1,9820.39999999734,10461.049999988018,10135.999999992748,9820.39999999734,9886.39999999638,9890.449999996321,10125.899999992895,10125.949999992894,10135.949999992748,10135.999999992748,10456.999999988077,10461.049999988018,18.100000000000122,246.9500000000219,32.450000000000294,0,342.9000000000437,0.25,0,76.00000000000163,187.9999999999962
J001134,2023-02-03/TPKA,TPKA,AMR_23,G21_15,WS_2_20,"[""107412"", ""110274"", ""123304""]",3,9836.8999999971,10423.79999998856,10102.699999993232,9836.8999999971,9885.149999996398,9889.19999999634,10092.59999999338,10092.649999993379,10102.649999993233,10102.699999993232,10419.749999988619,10423.79999998856,18.100000000000122,147.1499999999992,19.95000000000015,0,401.450000000057,0.25,0,16.0,116.00000000000054
J001135,2023-02-03/RUDA,RUDA,AMR_21,G27_13,WS_8_20,"[""111247""]",1,9845.299999996978,10506.24999998736,10402.149999988875,9845.299999996978,9907.299999996076,9911.349999996017,10392.049999989022,10392.099999989021,10402.099999988875,10402.149999988875,10502.199999987419,10506.24999998736,18.100000000000122,250.35000000002267,42.099999999999746,0,350.15000000004534,0.25,0,58.00000000000075,207.99999999999434
J001136,2023-02-03/TPKA,TPKA,AMR_22,G24_14,WS_2_20,"[""110297"", ""110324"", ""112452""]",3,9848.59999999693,10381.549999989174,10129.949999992836,9848.59999999693,9948.999999995469,9953.04999999541,10119.849999992983,10119.899999992982,10129.899999992836,10129.949999992836,10377.499999989233,10381.549999989174,18.100000000000122,264.05000000002576,38.249999999999964,0,212.30000000001402,0.25,0,82.00000000000085,203.99999999999952
J001137,2023-02-03/SETA,SETA,AMR_16,G2_12,WS_30_20,"[""107144""]",1,9879.399999996482,10416.89999998866,10294.149999990446,9879.399999996482,9937.399999995638,9941.449999995579,10284.049999990593,10284.099999990593,10294.099999990447,10294.149999990446,10412.849999988719,10416.89999998866,18.100000000000122,295.60000000003294,33.45000000000024,0,190.10000000000898,0.25,0,62.00000000000091,279.999999999986
J001138,2023-02-03/IPMG,IPMG,AMR_17,G3_14,WS_25_20,"[""110494""]",1,9879.899999996474,10210.199999991668,9989.799999994875,9879.899999996474,9879.899999996474,9883.949999996415,9979.699999995022,9979.749999995021,9989.749999994876,9989.799999994875,10206.149999991727,10210.199999991668,18.100000000000122,127.09999999999492,15.250000000000082,0,169.65000000000433,0.2,0,0.0,124.00000000000021
J001139,2023-02-03/MBPN,MBPN,AMR_09,G24_12,WS_19_20,"[""112307""]",1,9885.849999996388,10126.24999999289,10077.049999993606,9885.849999996388,9910.899999996023,9914.949999995964,10066.949999993752,10066.999999993752,10076.999999993606,10077.049999993606,10122.199999992949,10126.24999999289,18.100000000000122,88.54999999999711,16.250000000000096,0,117.24999999999548,0.25,0,24.0,68.00000000000023
J001140,2023-02-03/TPKA,TPKA,AMR_31,G2_15,WS_2_20,"[""107439"", ""115355""]",2,9897.34999999622,10170.399999992247,10147.249999992584,9897.34999999622,10101.049999993256,10105.099999993197,10137.149999992731,10137.19999999273,10147.199999992585,10147.249999992584,10166.349999992306,10170.399999992247,18.100000000000122,116.59999999999552,21.000000000000163,0,117.09999999999549,0.25,0,82.00000000000037,31.999999999999986
J001141,2023-02-03/MMNB,MMNB,AMR_20,G8_15,WS_13_20,"[""107101"", ""112353""]",2,9912.749999995996,10100.649999993262,10073.34999999366,9912.749999995996,9987.599999994907,9991.649999994848,10063.249999993806,10063.299999993806,10073.29999999366,10073.34999999366,10096.599999993321,10100.649999993262,18.100000000000122,108.44999999999598,16.250000000000096,0,44.84999999999959,0.25,0,68.000000000001,48.00000000000023
J001142,2023-02-03/MMNB,MMNB,AMR_07,G21_14,WS_13_20,"[""112279""]",1,9915.099999995962,10173.5999999922,10107.64999999316,9915.099999995962,9994.9999999948,9999.04999999474,10097.549999993307,10097.599999993306,10107.599999993161,10107.64999999316,10169.54999999226,10173.5999999922,18.100000000000122,109.39999999999593,16.250000000000096,0,114.49999999999564,0.25,0,32.0,80.0000000000004
J001143,2023-02-03/MMNB,MMNB,AMR_19,G21_13,WS_13_20,"[""110440""]",1,9924.099999995831,10181.099999992091,10124.699999992912,9924.099999995831,9978.099999995045,9982.149999994987,10114.59999999306,10114.649999993058,10124.649999992913,10124.699999992912,10177.04999999215,10181.099999992091,18.100000000000122,115.1499999999956,19.150000000000137,0,104.34999999999621,0.25,0,24.0,88.00000000000045
J001144,2023-02-03/MMNB,MMNB,AMR_36,G6_12,WS_13_20,"[""113119""]",1,9930.649999995736,10050.149999993997,9992.299999994839,9930.649999995736,9930.649999995736,9934.699999995677,9982.199999994986,9982.249999994985,9992.24999999484,9992.299999994839,10046.099999994056,10050.149999993997,18.100000000000122,67.7499999999983,11.450000000000028,0,22.000000000000178,0.2,0,0.0,68.00000000000054
J001145,2023-02-03/RUDA,RUDA,AMR_10,G26_9,WS_8_20,"[""112077""]",1,9934.799999995676,10308.849999990232,10209.299999991681,9934.799999995676,10078.74999999358,10082.799999993522,10199.199999991828,10199.249999991827,10209.249999991682,10209.299999991681,10304.799999990291,10308.849999990232,18.100000000000122,193.95000000000985,22.000000000000178,0,139.74999999999753,0.25,0,62.00000000000041,159.9999999999994
J001146,2023-02-03/SETA,SETA,AMR_33,G14_10,WS_30_20,"[""112323""]",1,9944.499999995534,10245.249999991158,10162.499999992362,9944.499999995534,9994.899999994801,9998.949999994742,10152.399999992509,10152.449999992508,10162.449999992363,10162.499999992362,10241.199999991217,10245.249999991158,18.100000000000122,139.49999999999747,18.200000000000124,0,124.69999999999506,0.25,0,40.000000000000185,116.00000000000031
J001147,2023-02-03/MMNB,MMNB,AMR_32,G3_15,WS_13_20,"[""101024""]",2,9947.099999995497,10194.749999991893,10090.599999993408,9947.099999995497,9964.74999999524,9968.79999999518,10080.499999993555,10080.549999993555,10090.549999993409,10090.599999993408,10190.699999991952,10194.749999991893,18.100000000000122,90.39999999999701,13.350000000000055,0,125.54999999999501,0.25,0,14.0,72.00000000000037
J001148,2023-02-03/RUDA,RUDA,AMR_03,G29_14,WS_8_20,"[""214618""]",1,9947.649999995489,10444.299999988261,10250.099999991087,9947.649999995489,10049.399999994008,10053.449999993949,10239.999999991234,10240.049999991234,10250.049999991088,10250.099999991087,10440.24999998832,10444.299999988261,18.100000000000122,231.5000000000184,26.800000000000246,0,220.00000000001577,0.25,0,86.00000000000108,179.99999999999622
J001149,2023-02-03/MBPN,MBPN,AMR_02,G17_13,WS_19_20,"[""101276""]",1,9977.449999995055,10157.84999999243,10126.94999999288,9977.449999995055,9977.449999995055,9981.499999994996,10116.849999993026,10116.899999993026,10126.89999999288,10126.94999999288,10153.799999992489,10157.84999999243,18.100000000000122,81.54999999999751,15.300000000000082,0,65.24999999999844,0.2,0,0.0,84.00000000000031
J001150,2023-02-03/RUDA,RUDA,AMR_06,G29_12,WS_8_20,"[""134500""]",1,9988.449999994895,10385.399999989118,10234.199999991319,9988.449999994895,10116.899999993026,10120.949999992967,10224.099999991466,10224.149999991465,10234.14999999132,10234.199999991319,10381.349999989177,10385.399999989118,18.100000000000122,207.60000000001295,30.5500000000003,0,140.4499999999977,0.25,0,62.0000000000003,163.9999999999979
J001151,2023-02-03/MMNB,MMNB,AMR_08,G26_10,WS_13_20,"[""131990""]",1,10008.6999999946,10359.699999989492,10263.049999990899,10008.6999999946,10120.999999992966,10125.049999992907,10252.949999991046,10252.999999991045,10262.9999999909,10263.049999990899,10355.649999989551,10359.699999989492,18.100000000000122,154.25000000000082,26.800000000000246,0,151.60000000000022,0.25,0,60.00000000000034,96.00000000000031
J001152,2023-02-03/RUDA,RUDA,AMR_15,G30_15,WS_8_20,"[""107268""]",1,10018.149999994463,10467.899999987918,10353.799999989578,10018.149999994463,10099.749999993275,10103.799999993216,10343.699999989725,10343.749999989725,10353.749999989579,10353.799999989578,10463.849999987977,10467.899999987918,18.100000000000122,183.05000000000737,20.10000000000015,0,228.25000000001765,0.25,0,78.00000000000102,120.00000000000027
J001153,2023-02-03/SETA,SETA,AMR_36,G9_13,WS_30_20,"[""117431""]",1,10050.199999993996,10458.949999988048,10275.39999999072,10050.199999993996,10072.049999993678,10076.09999999362,10265.299999990866,10265.349999990865,10275.34999999072,10275.39999999072,10454.899999988107,10458.949999988048,18.100000000000122,181.20000000000695,24.850000000000218,0,184.35000000000767,0.25,0,16.0,183.99999999999795
J001154,2023-02-03/TPKA,TPKA,AMR_04,G3_13,WS_2_20,"[""107290"", ""110201""]",2,10063.599999993801,10205.149999991741,10164.299999992336,10063.599999993801,10125.4999999929,10129.549999992842,10154.199999992483,10154.249999992482,10164.249999992337,10164.299999992336,10201.0999999918,10205.149999991741,18.100000000000122,87.79999999999715,13.400000000000055,0,22.000000000000178,0.25,0,54.00000000000078,44.0000000000002
J001155,2023-02-03/MMNB,MMNB,AMR_37,G32_15,WS_13_20,"[""101066""]",1,10072.199999993676,10494.449999987532,10407.549999988796,10072.199999993676,10201.199999991799,10205.24999999174,10397.449999988943,10397.499999988942,10407.499999988797,10407.549999988796,10490.39999998759,10494.449999987532,18.100000000000122,191.70000000000934,29.700000000000287,0,182.50000000000725,0.25,0,78.00000000000054,124.00000000000016
J001156,2023-02-03/RUDA,RUDA,AMR_27,G30_14,WS_8_20,"[""110449""]",1,10083.449999993512,10516.049999987217,10418.399999988638,10083.449999993512,10151.799999992518,10155.849999992459,10408.299999988785,10408.349999988784,10418.349999988639,10418.399999988638,10511.999999987276,10516.049999987217,18.100000000000122,192.8500000000096,24.850000000000218,0,196.55000000001044,0.25,0,66.00000000000071,151.99999999999918
J001157,2023-02-03/TPKA,TPKA,AMR_30,G3_8,WS_2_20,"[""110255"", ""110615""]",2,10087.79999999345,10271.549999990775,10232.549999991343,10087.79999999345,10189.249999991973,10193.299999991914,10222.44999999149,10222.499999991489,10232.499999991343,10232.549999991343,10267.499999990834,10271.549999990775,18.100000000000122,127.29999999999491,17.25000000000011,0,20.85000000000016,0.25,0,88.00000000000192,64.0000000000006
J001158,2023-02-03/SETA,SETA,AMR_26,G14_9,WS_30_20,"[""113195""]",1,10091.299999993398,10426.349999988523,10311.149999990199,10091.299999993398,10171.649999992229,10175.69999999217,10301.049999990346,10301.099999990345,10311.0999999902,10311.149999990199,10422.299999988581,10426.349999988523,18.100000000000122,168.80000000000413,20.05000000000015,0,127.84999999999488,0.25,0,48.00000000000037,136.00000000000034
J001159,2023-02-03/TPKA,TPKA,AMR_12,G14_14,WS_2_20,"[""107034"", ""120052""]",2,10096.199999993327,10424.44999998855,10290.549999990499,10096.199999993327,10196.199999991872,10200.249999991813,10280.449999990646,10280.499999990645,10290.4999999905,10290.549999990499,10420.39999998861,10424.44999998855,18.100000000000122,156.20000000000127,23.900000000000205,0,129.79999999999526,0.25,0,88.00000000000173,80.00000000000065
J001160,2023-02-03/TPKA,TPKA,AMR_25,G24_15,WS_2_20,"[""110530"", ""110555"", ""123306""]",4,10102.749999993232,10503.949999987393,10421.899999988587,10102.749999993232,10102.749999993232,10106.799999993173,10411.799999988734,10411.849999988734,10421.849999988588,10421.899999988587,10499.899999987452,10503.949999987393,18.100000000000122,123.9999999999951,10.500000000000014,0,248.40000000002223,0.2,0,0.0,140.0000000000008
J001161,2023-02-03/MMTU,MMTU,AMR_09,G21_12,WS_19_20,"[""101022""]",1,10126.999999992879,10266.999999990841,10211.849999991644,10126.999999992879,10153.199999992497,10157.249999992438,10201.74999999179,10201.79999999179,10211.799999991645,10211.849999991644,10262.9499999909,10266.999999990841,18.100000000000122,62.44999999999859,12.35000000000004,0,46.849999999999476,0.25,0,10.0,52.00000000000031
J001162,2023-02-03/TPKA,TPKA,AMR_20,G15_15,WS_2_20,"[""111376"", ""124702""]",2,10129.999999992835,10472.049999987858,10387.34999998909,10129.999999992835,10249.799999991092,10253.849999991033,10377.249999989237,10377.299999989236,10387.29999998909,10387.34999998909,10467.999999987916,10472.049999987858,18.100000000000122,122.34999999999519,13.350000000000055,0,188.0000000000085,0.25,0,42.00000000000013,76.00000000000053
J001163,2023-02-03/SETA,SETA,AMR_01,G23_13,WS_30_20,"[""101060""]",1,10136.049999992747,10274.849999990727,10231.799999991354,10136.049999992747,10158.849999992415,10162.899999992356,10221.6999999915,10221.7499999915,10231.749999991354,10231.799999991354,10270.799999990786,10274.849999990727,18.100000000000122,81.89999999999749,13.400000000000055,0,25.150000000000222,0.25,0,20.0,72.00000000000014
J001164,2023-02-03/TPKA,TPKA,AMR_11,G15_14,WS_2_20,"[""110191"", ""123310""]",2,10147.299999992583,10567.999999986461,10520.149999987158,10147.299999992583,10363.449999989438,10367.499999989379,10510.049999987305,10510.099999987304,10520.099999987158,10520.149999987158,10563.94999998652,10567.999999986461,18.100000000000122,171.65000000000478,24.750000000000217,0,205.95000000001258,0.25,0,84.00000000000063,88.00000000000111
J001165,2023-02-03/SETA,SETA,AMR_28,G8_13,WS_30_20,"[""112073""]",1,10162.549999992361,10848.699999982377,10633.34999998551,10162.549999992361,10162.549999992361,10166.599999992302,10623.249999985657,10623.299999985657,10633.299999985511,10633.34999998551,10844.649999982435,10848.699999982377,18.100000000000122,194.35000000000994,32.4000000000003,0,441.100000000066,0.2,0,0.0,183.9999999999977
J001166,2023-02-03/TPKA,TPKA,AMR_02,G17_14,WS_2_20,"[""101028"", ""107232""]",2,10164.349999992335,10546.999999986767,10468.349999987911,10164.349999992335,10168.349999992277,10172.399999992218,10458.249999988058,10458.299999988058,10468.299999987912,10468.349999987911,10542.949999986826,10546.999999986767,18.100000000000122,132.74999999999594,19.050000000000136,0,212.50000000001407,0.25,0,2.0,128.0000000000021
J001167,2023-02-03/RUDA,RUDA,AMR_05,G24_12,WS_8_20,"[""107366""]",1,10209.34999999168,10486.799999987643,10383.749999989142,10209.34999999168,10213.44999999162,10217.499999991562,10373.64999998929,10373.699999989289,10383.699999989143,10383.749999989142,10482.749999987702,10486.799999987643,18.100000000000122,145.84999999999891,15.300000000000082,0,97.94999999999658,0.25,0,2.0,139.99999999999974
J001168,2023-02-03/SEMY,SEMY,AMR_39,G18_15,WS_19_20,"[""101296"", ""101330"", ""110185"", ""121833""]",6,10211.899999991643,10546.949999986768,10530.049999987014,10211.899999991643,10463.59999998798,10467.649999987922,10519.94999998716,10519.99999998716,10529.999999987014,10530.049999987014,10542.899999986827,10546.949999986768,18.100000000000122,126.84999999999494,22.05000000000018,0,167.8000000000039,0.25,0,94.0000000000008,32.0
J001169,2023-02-03/SEMY,SEMY,AMR_19,G23_5,WS_19_20,"[""111380"", ""111391"", ""120450"", ""123310""]",5,10211.899999991643,10434.899999988398,10345.799999989695,10211.899999991643,10277.949999990682,10281.999999990623,10335.699999989842,10335.749999989841,10345.749999989695,10345.799999989695,10430.849999988457,10434.899999988398,18.100000000000122,135.39999999999654,22.90000000000019,0,46.349999999999504,0.25,0,40.00000000000005,96.00000000000111
J001170,2023-02-03/SEMY,SEMY,AMR_07,G17_9,WS_19_20,"[""110423"", ""112003"", ""118513""]",3,10211.899999991643,10498.099999987478,10461.899999988005,10211.899999991643,10360.54999998948,10364.599999989421,10451.799999988152,10451.849999988151,10461.849999988006,10461.899999988005,10494.049999987537,10498.099999987478,18.100000000000122,129.24999999999514,28.750000000000274,0,109.8499999999959,0.25,0,58.000000000000426,68.00000000000051
J001171,2023-02-03/SEMY,SEMY,AMR_14,G20_6,WS_19_20,"[""110252"", ""112374"", ""120052""]",4,10211.899999991643,10543.34999998682,10478.899999987758,10211.899999991643,10249.549999991095,10253.599999991036,10468.799999987905,10468.849999987904,10478.849999987759,10478.899999987758,10539.299999986879,10543.34999998682,18.100000000000122,118.84999999999539,19.150000000000137,0,175.10000000000556,0.25,0,32.00000000000003,92.00000000000091
J001172,2023-02-03/SEMY,SEMY,AMR_04,G21_6,WS_19_20,"[""110168"", ""111362"", ""131216""]",4,10211.899999991643,10420.449999988608,10328.799999989942,10211.899999991643,10273.149999990752,10277.199999990693,10318.699999990089,10318.749999990088,10328.749999989943,10328.799999989942,10416.399999988667,10420.449999988608,18.100000000000122,138.6999999999973,17.20000000000011,0,34.30000000000019,0.25,0,66.0000000000006,88.00000000000068
J001173,2023-02-03/SEMY,SEMY,AMR_31,G2_15,WS_19_20,"[""107301"", ""110210"", ""110218""]",4,10211.899999991643,10502.899999987409,10438.749999988342,10211.899999991643,10211.899999991643,10215.949999991584,10428.649999988489,10428.699999988488,10438.699999988343,10438.749999988342,10498.849999987468,10502.899999987409,18.100000000000122,104.5999999999962,11.450000000000028,0,156.65000000000137,0.2,0,0.0,100.00000000000071
J001174,2023-02-03/MMNB,MMNB,AMR_13,G18_12,WS_13_20,"[""101305""]",1,10213.699999991617,10512.699999987266,10466.599999987937,10213.699999991617,10213.699999991617,10217.749999991558,10456.499999988084,10456.549999988083,10466.549999987938,10466.599999987937,10508.649999987325,10512.699999987266,18.100000000000122,130.59999999999545,23.950000000000205,0,126.14999999999498,0.2,0,0.0,124.00000000000125
J001175,2023-02-03/SETA,SETA,AMR_17,G3_10,WS_30_20,"[""110574""]",1,10231.849999991353,10500.74999998744,10368.199999989369,10231.849999991353,10249.2499999911,10253.29999999104,10358.099999989516,10358.149999989515,10368.14999998937,10368.199999989369,10496.699999987499,10500.74999998744,18.100000000000122,176.70000000000593,20.05000000000015,0,53.79999999999908,0.25,0,12.0,195.99999999999665
J001176,2023-02-03/TPKA,TPKA,AMR_29,G12_7,WS_2_20,"[""101075"", ""101296""]",2,10232.599999991342,10396.499999988957,10333.649999989872,10232.599999991342,10271.749999990772,10275.799999990713,10323.549999990018,10323.599999990018,10333.599999989872,10333.649999989872,10392.449999989016,10396.499999988957,18.100000000000122,121.69999999999523,15.300000000000082,0,8.549999999999986,0.25,0,28.00000000000003,120.00000000000261
J001177,2023-02-03/RUDA,RUDA,AMR_38,G30_12,WS_8_20,"[""111371""]",1,10234.249999991318,10576.34999998634,10484.29999998768,10234.249999991318,10293.84999999045,10297.899999990392,10474.199999987826,10474.249999987826,10484.24999998768,10484.29999998768,10572.299999986399,10576.34999998634,18.100000000000122,216.1500000000149,19.000000000000135,0,88.59999999999711,0.25,0,58.0,203.99999999999233
J001178,2023-02-03/TPKA,TPKA,AMR_09,G21_13,WS_2_20,"[""101065"", ""134683""]",2,10290.599999990498,10655.149999985193,10537.19999998691,10290.599999990498,10293.89999999045,10297.949999990391,10527.099999987056,10527.149999987056,10537.14999998691,10537.19999998691,10651.099999985252,10655.149999985193,18.100000000000122,122.34999999999519,8.549999999999986,0,215.3000000000147,0.25,0,2.0,116.00000000000111
J001179,2023-02-03/SEMY,SEMY,AMR_24,G17_15,WS_19_20,"[""107120"", ""111249""]",3,10328.849999989941,10444.599999988257,10421.599999988592,10328.849999989941,10371.799999989316,10375.849999989257,10411.499999988739,10411.549999988738,10421.549999988592,10421.599999988592,10440.549999988316,10444.599999988257,18.100000000000122,69.69999999999818,14.350000000000069,0,13.350000000000055,0.25,0,30.0,36.0
J001180,2023-02-03/TPKA,TPKA,AMR_10,G26_15,WS_2_20,"[""110194"", ""110575""]",2,10333.69999998987,10591.949999986113,10485.899999987656,10333.69999998987,10353.64999998958,10357.699999989522,10475.799999987803,10475.849999987802,10485.849999987657,10485.899999987656,10587.899999986172,10591.949999986113,18.100000000000122,150.85000000000005,18.200000000000124,0,70.84999999999812,0.25,0,16.0,155.99999999999972
J001181,2023-02-03/SEMY,SEMY,AMR_33,G20_13,WS_19_20,"[""107380"", ""110501""]",3,10345.849999989694,10627.999999985588,10581.19999998627,10345.849999989694,10516.999999987203,10521.049999987144,10571.099999986416,10571.149999986415,10581.14999998627,10581.19999998627,10623.949999985647,10627.999999985588,18.100000000000122,157.55000000000157,23.900000000000205,0,82.34999999999746,0.25,0,122.00000000000298,44.00000000000021
J001182,2023-02-03/TPKA,TPKA,AMR_32,G3_14,WS_2_20,"[""101151""]",1,10387.39999998909,10491.549999987574,10438.749999988342,10387.39999998909,10390.699999989041,10394.749999988982,10428.649999988489,10428.699999988488,10438.699999988343,10438.749999988342,10487.499999987633,10491.549999987574,18.100000000000122,44.34999999999962,6.649999999999984,0,34.80000000000016,0.25,0,2.0,40.000000000000085
J001183,2023-02-03/SEMY,SEMY,AMR_08,G26_12,WS_19_20,"[""111241"", ""112435""]",3,10421.649999988591,10555.849999986638,10495.94999998751,10421.649999988591,10427.299999988509,10431.34999998845,10485.849999987657,10485.899999987656,10495.89999998751,10495.94999998751,10551.799999986697,10555.849999986638,18.100000000000122,69.4499999999982,9.5,0,36.90000000000004,0.25,0,4.0,64.0000000000003
J001184,2023-02-03/TPKA,TPKA,AMR_16,G6_15,WS_2_20,"[""135157""]",1,10421.949999988587,10531.949999986986,10503.099999987406,10421.949999988587,10452.59999998814,10456.649999988082,10492.999999987553,10493.049999987552,10503.049999987406,10503.099999987406,10527.899999987045,10531.949999986986,18.100000000000122,67.24999999999832,11.450000000000028,0,12.950000000000049,0.25,0,25.99999999999998,40.000000000000085
J001185,2023-02-03/SEMY,SEMY,AMR_23,G21_15,WS_19_20,"[""107412"", ""110385""]",2,10438.799999988341,10603.199999985949,10512.999999987262,10438.799999988341,10438.799999988341,10442.849999988282,10502.899999987409,10502.949999987408,10512.949999987262,10512.999999987262,10599.149999986008,10603.199999985949,18.100000000000122,53.79999999999908,9.5,0,82.79999999999744,0.2,0,0.0,44.0
J001186,2023-02-03/TPKA,TPKA,AMR_40,G2_13,WS_2_20,"[""110548""]",1,10438.799999988341,10577.549999986322,10554.249999986661,10438.799999988341,10461.099999988017,10465.149999987958,10544.149999986808,10544.199999986808,10554.199999986662,10554.249999986661,10573.499999986381,10577.549999986322,18.100000000000122,63.749999999998515,12.450000000000042,0,44.199999999999626,0.25,0,15.999999999999996,44.0000000000002
J001187,2023-02-03/SEMY,SEMY,AMR_34,G9_14,WS_19_20,"[""107210"", ""107377""]",2,10461.949999988004,10864.699999982144,10564.149999986517,10461.949999988004,10464.94999998796,10468.999999987902,10554.049999986664,10554.099999986664,10564.099999986518,10564.149999986517,10860.649999982203,10864.699999982144,18.100000000000122,122.39999999999519,23.900000000000205,0,238.1000000000199,0.25,0,2.0,108.00000000000026
J001188,2023-02-03/PUJA,PUJA,AMR_12,G14_15,WS_13_20,"[""107130"", ""110417""]",2,10466.649999987936,10532.749999986974,10505.54999998737,10466.649999987936,10470.849999987875,10474.899999987816,10495.449999987517,10495.499999987516,10505.49999998737,10505.54999998737,10528.699999987033,10532.749999986974,18.100000000000122,37.699999999999996,7.599999999999981,0,2.4499999999999993,0.25,0,2.0,32.0
J001189,2023-02-03/PUJA,PUJA,AMR_24,G15_13,WS_13_20,"[""112363"", ""121875""]",3,10466.649999987936,10565.149999986503,10524.649999987092,10466.649999987936,10481.54999998772,10485.59999998766,10514.549999987239,10514.599999987238,10524.599999987093,10524.649999987092,10561.099999986562,10565.149999986503,18.100000000000122,58.999999999998785,12.400000000000041,0,8.74999999999999,0.25,0,8.0,48.00000000000033
J001190,2023-02-03/PUJA,PUJA,AMR_36,G9_13,WS_13_20,"[""107162"", ""112009""]",2,10466.649999987936,10583.94999998623,10541.599999986845,10466.649999987936,10466.649999987936,10470.699999987877,10531.499999986992,10531.549999986992,10541.549999986846,10541.599999986845,10579.899999986288,10583.94999998623,18.100000000000122,59.04999999999878,9.55,0,30.400000000000297,0.2,0,0.0,52.00000000000013
J001191,2023-02-03/PUJA,PUJA,AMR_01,G20_14,WS_13_20,"[""110186"", ""110596""]",2,10466.649999987936,10643.69999998536,10575.69999998635,10466.649999987936,10494.54999998753,10498.599999987471,10565.599999986496,10565.649999986495,10575.64999998635,10575.69999998635,10639.649999985419,10643.69999998536,18.100000000000122,83.94999999999737,15.300000000000082,0,59.44999999999876,0.25,0,20.0,56.000000000000156
J001192,2023-02-03/PUJA,PUJA,AMR_04,G21_14,WS_13_20,"[""101293"", ""110224""]",3,10466.649999987936,10643.999999985355,10558.649999986597,10466.649999987936,10489.399999987605,10493.449999987546,10548.549999986744,10548.599999986744,10558.599999986598,10558.649999986597,10639.949999985414,10643.999999985355,18.100000000000122,86.19999999999725,13.400000000000055,0,59.39999999999876,0.25,0,20.0,68.00000000000028
J001193,2023-02-03/PUJA,PUJA,AMR_22,G23_15,WS_13_20,"[""110390"", ""111307""]",2,10466.649999987936,10746.899999983858,10660.399999985117,10466.649999987936,10498.099999987478,10502.14999998742,10650.299999985264,10650.349999985263,10660.349999985117,10660.399999985117,10742.849999983917,10746.899999983858,18.100000000000122,80.49999999999757,12.450000000000042,0,168.95000000000417,0.25,0,12.0,64.00000000000031
J001194,2023-02-03/TPKA,TPKA,AMR_35,G2_14,WS_2_20,"[""110351"", ""112194""]",2,10468.39999998791,10593.349999986092,10571.299999986413,10468.39999998791,10468.39999998791,10472.449999987852,10561.19999998656,10561.24999998656,10571.249999986414,10571.299999986413,10589.299999986151,10593.349999986092,18.100000000000122,46.19999999999951,7.649999999999981,0,52.79999999999914,0.2,0,0.0,40.0000000000001
J001195,2023-02-03/SEMY,SEMY,AMR_20,G15_15,WS_19_20,"[""101290"", ""124211"", ""132437""]",3,10478.949999987757,10574.499999986367,10547.099999986765,10478.949999987757,10478.949999987757,10482.999999987698,10536.999999986912,10537.049999986912,10547.049999986766,10547.099999986765,10570.449999986426,10574.499999986367,18.100000000000122,45.34999999999956,7.649999999999981,0,24.25000000000021,0.2,0,0.0,44.0
J001196,2023-02-03/TPKA,TPKA,AMR_15,G30_15,WS_2_20,"[""107255"", ""107268""]",2,10485.949999987655,10795.099999983157,10667.899999985008,10485.949999987655,10485.949999987655,10489.999999987596,10657.799999985154,10657.849999985154,10667.849999985008,10667.899999985008,10791.049999983215,10795.099999983157,18.100000000000122,133.4499999999961,13.350000000000055,0,144.0499999999985,0.2,0,0.0,159.9999999999975
J001197,2023-02-03/KIDP,KIDP,AMR_05,G24_12,WS_25_20,"[""112307""]",1,10491.949999987568,10578.34999998631,10537.499999986905,10491.949999987568,10491.949999987568,10495.999999987509,10527.399999987052,10527.449999987051,10537.449999986906,10537.499999986905,10574.29999998637,10578.34999998631,18.100000000000122,51.19999999999923,9.55,0,7.349999999999982,0.2,0,0.0,52.00000000000021
J001198,2023-02-03/RUDA,RUDA,AMR_37,G32_15,WS_8_20,"[""133910""]",1,10494.49999998753,10729.649999984109,10586.299999986195,10494.49999998753,10494.49999998753,10498.549999987472,10576.199999986342,10576.249999986341,10586.249999986196,10586.299999986195,10725.599999984168,10729.649999984109,18.100000000000122,155.65000000000114,12.35000000000004,0,48.84999999999936,0.2,0,0.0,187.99999999999662
J001199,2023-02-03/SEMY,SEMY,AMR_32,G6_14,WS_19_20,"[""111271"", ""121570""]",2,10495.999999987509,10802.299999983052,10638.399999985437,10495.999999987509,10522.599999987122,10526.649999987063,10628.299999985584,10628.349999985583,10638.349999985438,10638.399999985437,10798.24999998311,10802.299999983052,18.100000000000122,148.19999999999945,24.850000000000218,0,114.89999999999561,0.25,0,17.999999999999986,112.00000000000057
J001200,2023-02-03/TPKA,TPKA,AMR_31,G8_14,WS_2_20,"[""112283""]",1,10503.149999987405,10657.549999985158,10622.449999985669,10503.149999987405,10528.849999987031,10532.899999986972,10612.349999985816,10612.399999985815,10622.39999998567,10622.449999985669,10653.499999985217,10657.549999985158,18.100000000000122,76.19999999999781,14.350000000000069,0,45.49999999999955,0.25,0,17.999999999999986,52.000000000000455
J001201,2023-02-03/PUJA,PUJA,AMR_17,G3_14,WS_13_20,"[""110344"", ""112367""]",3,10505.59999998737,10686.99999998473,10592.249999986108,10505.59999998737,10522.149999987128,10526.19999998707,10582.149999986255,10582.199999986255,10592.19999998611,10592.249999986108,10682.949999984789,10686.99999998473,18.100000000000122,84.84999999999732,12.400000000000041,0,65.7999999999984,0.25,0,12.0,72.00000000000058
J001202,2023-02-03/SEMY,SEMY,AMR_13,G18_12,WS_19_20,"[""112386"", ""115988""]",2,10513.04999998726,10636.499999985464,10598.249999986021,10513.04999998726,10513.04999998726,10517.099999987202,10588.149999986168,10588.199999986167,10598.199999986022,10598.249999986021,10632.449999985523,10636.499999985464,18.100000000000122,54.54999999999904,9.55,0,41.049999999999805,0.2,0,0.0,48.000000000000284
J001203,2023-02-03/TPKA,TPKA,AMR_30,G6_10,WS_2_20,"[""112403""]",1,10520.199999987157,10636.299999985467,10588.349999986165,10520.199999987157,10541.499999986847,10545.549999986788,10578.249999986312,10578.299999986311,10588.299999986166,10588.349999986165,10632.249999985526,10636.299999985467,18.100000000000122,72.34999999999803,12.450000000000042,0,12.950000000000049,0.25,0,14.0,60.00000000000064
J001204,2023-02-03/PUJA,PUJA,AMR_07,G17_9,WS_13_20,"[""107449"", ""118513""]",2,10524.699999987091,10740.54999998395,10609.249999985861,10524.699999987091,10524.699999987091,10528.749999987032,10599.149999986008,10599.199999986007,10609.199999985862,10609.249999985861,10736.49999998401,10740.54999998395,18.100000000000122,83.74999999999739,15.300000000000082,0,98.49999999999655,0.2,0,0.0,84.00000000000068
J001205,2023-02-03/SEMY,SEMY,AMR_25,G20_15,WS_19_20,"[""112066""]",1,10530.099999987013,10730.749999984093,10703.849999984484,10530.099999987013,10648.599999985288,10652.64999998523,10693.749999984631,10693.79999998463,10703.799999984485,10703.849999984484,10726.699999984152,10730.749999984093,18.100000000000122,84.04999999999737,19.150000000000137,0,79.09999999999765,0.25,0,40.00000000000003,32.0
J001206,2023-02-03/TPKA,TPKA,AMR_12,G14_15,WS_2_20,"[""112324""]",1,10537.249999986909,10747.549999983848,10605.399999985917,10537.249999986909,10537.249999986909,10541.29999998685,10595.299999986064,10595.349999986063,10605.349999985918,10605.399999985917,10743.499999983907,10747.549999983848,18.100000000000122,91.79999999999693,13.350000000000055,0,86.84999999999721,0.2,0,0.0,96.00000000000139
J001207,2023-02-03/KJSC,KJSC,AMR_26,G14_14,WS_25_20,"[""110306"", ""120052"", ""138468""]",3,10537.549999986904,10929.5999999812,10873.799999982011,10537.549999986904,10556.44999998663,10560.49999998657,10863.699999982158,10863.749999982158,10873.749999982012,10873.799999982011,10925.549999981258,10929.5999999812,18.100000000000122,165.6000000000034,22.95000000000019,0,185.15000000000785,0.25,0,14.0,164.00000000000028
J001208,2023-02-03/KJSC,KJSC,AMR_27,G30_8,WS_25_20,"[""110231"", ""110475"", ""131889""]",3,10537.549999986904,10684.999999984759,10627.949999985589,10537.549999986904,10557.699999986611,10561.749999986552,10617.849999985736,10617.899999985735,10627.89999998559,10627.949999985589,10680.949999984818,10684.999999984759,18.100000000000122,95.19999999999673,15.300000000000082,0,18.60000000000013,0.25,0,16.0,84.00000000000034
J001209,2023-02-03/KJSC,KJSC,AMR_03,G24_15,WS_25_20,"[""110597"", ""111277""]",3,10537.549999986904,10635.949999985472,10611.749999985825,10537.549999986904,10570.549999986424,10574.599999986365,10601.649999985972,10601.69999998597,10611.699999985825,10611.749999985825,10631.899999985531,10635.949999985472,18.100000000000122,54.09999999999906,12.450000000000042,0,13.500000000000057,0.25,0,16.0,36.00000000000003
J001210,2023-02-03/KJSC,KJSC,AMR_21,G27_15,WS_25_20,"[""110479"", ""111283""]",2,10537.549999986904,10634.349999985496,10588.099999986169,10537.549999986904,10552.399999986688,10556.44999998663,10577.999999986316,10578.049999986315,10588.04999998617,10588.099999986169,10630.299999985555,10634.349999985496,18.100000000000122,45.59999999999955,8.599999999999987,0,24.25000000000021,0.25,0,8.0,36.0
J001211,2023-02-03/KJSC,KJSC,AMR_06,G26_14,WS_25_20,"[""101291"", ""111363""]",2,10537.549999986904,10700.199999984537,10669.599999984983,10537.549999986904,10626.649999985608,10630.699999985549,10659.49999998513,10659.549999985129,10669.549999984984,10669.599999984983,10696.149999984596,10700.199999984537,18.100000000000122,110.94999999999584,23.900000000000205,0,9.45,0.25,0,70.00000000000048,44.000000000000114
J001212,2023-02-03/KJSC,KJSC,AMR_19,G36_15,WS_25_20,"[""110259"", ""112444""]",2,10537.549999986904,10682.949999984789,10643.449999985363,10537.549999986904,10595.999999986054,10600.049999985995,10633.34999998551,10633.39999998551,10643.399999985364,10643.449999985363,10678.899999984847,10682.949999984789,18.100000000000122,106.64999999999608,14.350000000000069,0,6.0499999999999865,0.25,0,54.000000000000114,72.00000000000001
J001213,2023-02-03/PUJA,PUJA,AMR_16,G9_15,WS_13_20,"[""110234""]",1,10541.649999986845,10771.999999983493,10687.899999984716,10541.649999986845,10578.599999986307,10582.649999986248,10677.799999984863,10677.849999984863,10687.849999984717,10687.899999984716,10767.949999983552,10771.999999983493,18.100000000000122,77.44999999999774,15.300000000000082,0,119.24999999999537,0.25,0,14.0,48.00000000000014
J001214,2023-02-03/SEMY,SEMY,AMR_02,G17_14,WS_19_20,"[""101191"", ""110583""]",2,10547.149999986765,10663.349999985074,10621.449999985683,10547.149999986765,10547.149999986765,10551.199999986706,10611.34999998583,10611.39999998583,10621.399999985684,10621.449999985683,10659.299999985133,10663.349999985074,18.100000000000122,51.04999999999924,9.55,0,37.30000000000002,0.2,0,0.0,48.00000000000004
J001215,2023-02-03/TPKA,TPKA,AMR_29,G14_13,WS_2_20,"[""101104""]",2,10554.29999998666,10853.149999982312,10767.799999983554,10554.29999998666,10574.199999986371,10578.249999986312,10757.6999999837,10757.7499999837,10767.749999983555,10767.799999983554,10849.09999998237,10853.149999982312,18.100000000000122,112.34999999999576,17.25000000000011,0,150.90000000000006,0.25,0,16.0,96.00000000000077
J001216,2023-02-03/PUJA,PUJA,AMR_39,G18_15,WS_13_20,"[""101296""]",1,10558.699999986597,10719.199999984261,10626.299999985613,10558.699999986597,10558.699999986597,10562.749999986538,10616.19999998576,10616.24999998576,10626.249999985614,10626.299999985613,10715.14999998432,10719.199999984261,18.100000000000122,48.799999999999365,7.649999999999981,0,85.74999999999727,0.2,0,0.0,44.00000000000013
J001217,2023-02-03/SEMY,SEMY,AMR_14,G18_14,WS_19_20,"[""110504""]",2,10564.199999986517,10687.849999984717,10655.449999985189,10564.199999986517,10586.749999986188,10590.79999998613,10645.349999985336,10645.399999985335,10655.39999998519,10655.449999985189,10683.799999984776,10687.849999984717,18.100000000000122,64.1999999999985,13.400000000000055,0,27.70000000000026,0.25,0,20.0,40.000000000000114
J001218,2023-02-03/TPKA,TPKA,AMR_24,G14_12,WS_2_20,"[""124826""]",1,10571.349999986413,10847.299999982397,10740.399999983953,10571.349999986413,10591.249999986123,10595.299999986064,10730.2999999841,10730.349999984099,10740.349999983953,10740.399999983953,10843.249999982456,10847.299999982397,18.100000000000122,108.79999999999596,19.150000000000137,0,129.64999999999523,0.25,0,12.0,100.0000000000012
J001219,2023-02-03/PUJA,PUJA,AMR_11,G15_14,WS_13_20,"[""123310""]",1,10575.749999986348,10725.649999984167,10643.349999985365,10575.749999986348,10575.749999986348,10579.79999998629,10633.249999985512,10633.299999985511,10643.299999985366,10643.349999985365,10721.599999984226,10725.649999984167,18.100000000000122,50.94999999999924,9.55,0,71.0999999999981,0.2,0,0.0,44.00000000000023
J001220,2023-02-03/SEMY,SEMY,AMR_40,G2_13,WS_19_20,"[""107095"", ""110356""]",3,10581.249999986268,10837.299999982542,10762.799999983627,10581.249999986268,10581.249999986268,10585.29999998621,10752.699999983774,10752.749999983773,10762.749999983627,10762.799999983627,10833.249999982601,10837.299999982542,18.100000000000122,144.74999999999866,22.95000000000019,0,70.04999999999816,0.2,0,0.0,155.99999999999807
J001221,2023-02-03/SRPA,SRPA,AMR_20,G15_15,WS_8_20,"[""101290"", ""107238"", ""110233"", ""110604"", ""111376"", ""123094"", ""124211"", ""124702"", ""132437""]",11,10586.349999986194,10862.94999998217,10809.199999982951,10586.349999986194,10586.349999986194,10590.399999986135,10799.099999983098,10799.149999983098,10809.149999982952,10809.199999982951,10858.899999982228,10862.94999998217,18.100000000000122,80.29999999999758,15.250000000000082,0,162.75000000000276,0.2,0,0.0,72.00000000000038
J001222,2023-02-03/SRPA,SRPA,AMR_36,G5_10,WS_8_20,"[""109989"", ""110189"", ""110362"", ""111238"", ""111261"", ""112302"", ""112380"", ""112394""]",8,10586.349999986194,10753.149999983767,10688.34999998471,10586.349999986194,10610.149999985848,10614.199999985789,10678.249999984857,10678.299999984856,10688.29999998471,10688.34999998471,10749.099999983826,10753.149999983767,18.100000000000122,82.09999999999748,16.250000000000096,0,50.09999999999929,0.25,0,18.0,64.00000000000044
J001223,2023-02-03/SRPA,SRPA,AMR_05,G23_6,WS_8_20,"[""110221"", ""110385"", ""110595"", ""111212"", ""111391"", ""120450"", ""129530"", ""134027""]",8,10586.349999986194,10839.049999982517,10753.899999983756,10586.349999986194,10623.249999985657,10627.299999985598,10743.799999983903,10743.849999983902,10753.849999983757,10753.899999983756,10834.999999982576,10839.049999982517,18.100000000000122,154.6000000000009,21.050000000000164,0,58.6999999999988,0.25,0,22.00000000000003,155.99999999999923
J001224,2023-02-03/SRPA,SRPA,AMR_08,G3_15,WS_8_20,"[""110222"", ""110255"", ""110305"", ""110615"", ""112231"", ""112392"", ""127627""]",8,10586.349999986194,10765.599999983586,10737.949999983988,10586.349999986194,10671.14999998496,10675.199999984901,10727.849999984135,10727.899999984134,10737.899999983989,10737.949999983988,10761.549999983645,10765.599999983586,18.100000000000122,109.8499999999959,14.300000000000068,0,36.75000000000005,0.25,0,72.00000000000126,48.0000000000001
J001225,2023-02-03/SRPA,SRPA,AMR_38,G0_15,WS_8_20,"[""110148"", ""110166"", ""110475"", ""111276"", ""121833"", ""124704""]",7,10586.349999986194,10766.04999998358,10722.149999984218,10586.349999986194,10669.499999984984,10673.549999984925,10712.049999984365,10712.099999984364,10722.099999984219,10722.149999984218,10761.999999983638,10766.04999998358,18.100000000000122,135.99999999999667,14.250000000000068,0,11.100000000000023,0.25,0,106.00000000000223,60.00000000000026
J001226,2023-02-03/KJSC,KJSC,AMR_10,G26_7,WS_25_20,"[""111237"", ""111238""]",3,10591.999999986112,10731.399999984083,10691.79999998466,10591.999999986112,10626.54999998561,10630.59999998555,10681.699999984807,10681.749999984806,10691.74999998466,10691.79999998466,10727.349999984142,10731.399999984083,18.100000000000122,92.44999999999689,16.250000000000096,0,12.35000000000004,0.25,0,24.00000000000003,76.0000000000008
J001227,2023-02-03/TPKA,TPKA,AMR_35,G9_13,WS_2_20,"[""107162"", ""112009""]",2,10593.399999986092,10734.749999984035,10685.149999984757,10593.399999986092,10630.899999985546,10634.949999985487,10675.049999984903,10675.099999984903,10685.099999984757,10685.149999984757,10730.699999984094,10734.749999984035,18.100000000000122,94.0499999999968,15.300000000000082,0,13.650000000000059,0.25,0,31.99999999999996,68.00000000000051
J001228,2023-02-03/PUJA,PUJA,AMR_23,G15_12,WS_13_20,"[""101097""]",1,10603.249999985948,10806.299999982994,10736.649999984007,10603.249999985948,10687.999999984715,10692.049999984656,10726.549999984154,10726.599999984153,10736.599999984008,10736.649999984007,10802.249999983052,10806.299999982994,18.100000000000122,89.79999999999704,18.200000000000124,0,76.69999999999779,0.25,0,34.0,52.000000000000526
J001229,2023-02-03/SEMY,SEMY,AMR_33,G26_15,WS_19_20,"[""110353"", ""112331""]",3,10628.049999985587,10765.99999998358,10727.049999984147,10628.049999985587,10685.399999984753,10689.449999984694,10716.949999984294,10716.999999984293,10726.999999984148,10727.049999984147,10761.949999983639,10765.99999998358,18.100000000000122,76.94999999999777,15.350000000000083,0,27.300000000000253,0.25,0,28.0,52.00000000000003
J001230,2023-02-03/KJSC,KJSC,AMR_21,G17_5,WS_25_20,"[""115988"", ""118475""]",2,10634.399999985495,10955.64999998082,10824.999999982721,10634.399999985495,10720.149999984247,10724.199999984188,10814.899999982868,10814.949999982868,10824.949999982722,10824.999999982721,10951.59999998088,10955.64999998082,18.100000000000122,189.65000000000887,23.900000000000205,0,89.34999999999707,0.25,0,88.000000000001,132.00000000000134
J001231,2023-02-03/TPKA,TPKA,AMR_03,G14_10,WS_2_20,"[""135096""]",1,10635.999999985472,10874.899999981995,10805.749999983002,10635.999999985472,10727.899999984134,10731.949999984075,10795.649999983149,10795.699999983148,10805.699999983002,10805.749999983002,10870.849999982054,10874.899999981995,18.100000000000122,147.29999999999924,18.150000000000123,0,55.09999999999901,0.25,0,70.00000000000122,92.00000000000085
J001232,2023-02-03/PUJA,PUJA,AMR_30,G20_13,WS_13_20,"[""107380"", ""121904""]",4,10636.349999985467,10824.849999982724,10784.699999983308,10636.349999985467,10698.499999984562,10702.549999984503,10774.599999983455,10774.649999983454,10784.649999983309,10784.699999983308,10820.799999982783,10824.849999982724,18.100000000000122,116.19999999999554,14.300000000000068,0,39.649999999999885,0.25,0,74.00000000000125,60.0000000000005
J001233,2023-02-03/SRPA,SRPA,AMR_13,G8_8,WS_8_20,"[""110298"", ""110342"", ""110393"", ""110432"", ""110492"", ""115988""]",6,10636.549999985464,10844.34999998244,10776.749999983424,10636.549999985464,10696.499999984591,10700.549999984532,10766.64999998357,10766.69999998357,10776.699999983424,10776.749999983424,10840.299999982499,10844.34999998244,18.100000000000122,105.79999999999613,15.250000000000082,0,68.39999999999826,0.25,0,32.000000000000014,72.00000000000031
J001234,2023-02-03/SEMY,SEMY,AMR_01,G20_14,WS_19_20,"[""112284""]",2,10643.749999985359,10714.999999984322,10686.749999984733,10643.749999985359,10643.749999985359,10647.7999999853,10676.64999998488,10676.69999998488,10686.699999984734,10686.749999984733,10710.949999984381,10714.999999984322,18.100000000000122,41.79999999999976,9.55,0,1.6000000000000008,0.2,0,0.0,40.00000000000004
J001235,2023-02-03/KJSC,KJSC,AMR_04,G21_14,WS_25_20,"[""101014"", ""101293""]",2,10644.049999985355,10736.699999984006,10707.699999984428,10644.049999985355,10644.049999985355,10648.099999985296,10697.599999984575,10697.649999984575,10707.649999984429,10707.699999984428,10732.649999984065,10736.699999984006,18.100000000000122,50.14999999999929,9.55,0,14.650000000000073,0.2,0,0.0,48.00000000000004
J001236,2023-02-03/PUJA,PUJA,AMR_09,G18_13,WS_13_20,"[""131216""]",1,10655.199999985192,10814.74999998287,10753.899999983756,10655.199999985192,10685.349999984754,10689.399999984695,10743.799999983903,10743.849999983902,10753.849999983757,10753.899999983756,10810.69999998293,10814.74999998287,18.100000000000122,80.94999999999754,15.300000000000082,0,44.949999999999584,0.25,0,18.0,60.00000000000041
J001237,2023-02-03/SEMY,SEMY,AMR_31,G24_15,WS_19_20,"[""112369""]",2,10657.599999985157,10992.649999980282,10942.349999981014,10657.599999985157,10900.949999981616,10904.999999981557,10932.24999998116,10932.29999998116,10942.299999981014,10942.349999981014,10988.59999998034,10992.649999980282,18.100000000000122,170.70000000000456,20.00000000000015,0,125.99999999999498,0.25,0,138.00000000000185,44.00000000000003
J001238,2023-02-03/PUJA,PUJA,AMR_02,G17_14,WS_13_20,"[""110465""]",1,10663.399999985073,10795.649999983149,10712.949999984352,10663.399999985073,10663.399999985073,10667.449999985014,10702.849999984499,10702.899999984498,10712.899999984353,10712.949999984352,10791.599999983207,10795.649999983149,18.100000000000122,49.499999999999325,9.55,0,54.89999999999902,0.2,0,0.0,44.000000000000156
J001239,2023-02-03/SETA,SETA,AMR_18,G5_15,WS_30_20,"[""110533""]",2,10673.89999998492,10983.399999980416,10913.449999981434,10673.89999998492,10673.89999998492,10677.949999984861,10903.349999981581,10903.39999998158,10913.399999981435,10913.449999981434,10979.349999980475,10983.399999980416,18.100000000000122,159.30000000000197,17.15000000000011,0,114.74999999999562,0.2,0,0.0,183.9999999999941
J001240,2023-02-03/TPKA,TPKA,AMR_19,G15_10,WS_2_20,"[""101182""]",1,10682.999999984788,10959.84999998076,10839.699999982508,10682.999999984788,10758.44999998369,10762.499999983631,10829.599999982654,10829.649999982654,10839.649999982508,10839.699999982508,10955.799999980818,10959.84999998076,18.100000000000122,148.8499999999996,17.25000000000011,0,92.3999999999969,0.25,0,64.00000000000006,96.00000000000091
J001241,2023-02-03/KJSC,KJSC,AMR_27,G21_13,WS_25_20,"[""110593"", ""134683""]",2,10685.049999984758,10888.249999981801,10857.999999982241,10685.049999984758,10777.899999983407,10781.949999983348,10847.899999982388,10847.949999982387,10857.949999982242,10857.999999982241,10884.19999998186,10888.249999981801,18.100000000000122,125.54999999999501,21.050000000000164,0,38.249999999999964,0.25,0,76.00000000000045,60.00000000000013
J001242,2023-02-03/SEMY,SEMY,AMR_17,G3_14,WS_19_20,"[""107177"", ""110494""]",2,10687.049999984729,10894.399999981712,10829.649999982654,10687.049999984729,10687.049999984729,10691.09999998467,10819.5499999828,10819.5999999828,10829.599999982654,10829.649999982654,10890.34999998177,10894.399999981712,18.100000000000122,92.09999999999691,9.55,0,87.39999999999718,0.2,0,0.0,96.00000000000078
J001243,2023-02-03/TPKA,TPKA,AMR_14,G15_9,WS_2_20,"[""101105""]",1,10687.899999984716,10900.149999981628,10822.649999982756,10687.899999984716,10721.249999984231,10725.299999984172,10812.549999982903,10812.599999982902,10822.599999982756,10822.649999982756,10896.099999981687,10900.149999981628,18.100000000000122,139.74999999999753,15.300000000000082,0,38.84999999999993,0.25,0,20.0,144.0000000000012
J001244,2023-02-03/PUJA,PUJA,AMR_06,G17_12,WS_13_20,"[""110313""]",1,10700.249999984537,10836.899999982548,10801.74999998306,10700.249999984537,10743.249999983911,10747.299999983852,10791.649999983207,10791.699999983206,10801.69999998306,10801.74999998306,10832.849999982607,10836.899999982548,18.100000000000122,77.19999999999776,13.350000000000055,0,27.75000000000026,0.25,0,26.0,52.000000000000526
J001245,2023-02-03/KJSC,KJSC,AMR_01,G3_7,WS_25_20,"[""110218"", ""110305""]",4,10715.049999984321,11450.149999973624,11292.799999975914,10715.049999984321,10809.29999998295,10813.349999982891,11282.699999976061,11282.74999997606,11292.749999975915,11292.799999975914,11446.099999973683,11450.149999973624,18.100000000000122,246.5000000000218,26.700000000000244,0,443.5500000000666,0.25,0,48.00000000000044,207.99999999999062
J001246,2023-02-03/SEMY,SEMY,AMR_39,G20_12,WS_19_20,"[""111995""]",1,10719.24999998426,10839.749999982507,10808.999999982954,10719.24999998426,10755.249999983736,10759.299999983677,10798.899999983101,10798.9499999831,10808.949999982955,10808.999999982954,10835.699999982566,10839.749999982507,18.100000000000122,66.99999999999834,14.350000000000069,0,20.80000000000016,0.25,0,14.0,48.00000000000023
J001247,2023-02-03/SRPA,SRPA,AMR_11,G15_14,WS_8_20,"[""101155"", ""110143"", ""110316"", ""110323"", ""110450"", ""112359"", ""123310"", ""126832""]",10,10725.699999984166,10907.899999981515,10825.399999982716,10725.699999984166,10725.699999984166,10729.749999984107,10815.299999982863,10815.349999982862,10825.349999982716,10825.399999982716,10903.849999981574,10907.899999981515,18.100000000000122,74.14999999999793,9.55,0,80.19999999999759,0.2,0,0.0,68.00000000000057
J001248,2023-02-03/PUJA,PUJA,AMR_37,G18_12,WS_13_20,"[""112386""]",1,10729.699999984108,11128.049999978311,10995.349999980243,10729.699999984108,10908.29999998151,10912.34999998145,10985.24999998039,10985.299999980389,10995.299999980243,10995.349999980243,11123.99999997837,11128.049999978311,18.100000000000122,162.70000000000275,28.60000000000027,0,188.70000000000866,0.25,0,90.0000000000004,64.0000000000003
J001249,2023-02-03/KJSC,KJSC,AMR_25,G20_15,WS_25_20,"[""101134"", ""107459""]",2,10730.799999984092,10809.94999998294,10783.599999983324,10730.799999984092,10730.799999984092,10734.849999984033,10773.49999998347,10773.54999998347,10783.549999983325,10783.599999983324,10805.899999983,10809.94999998294,18.100000000000122,44.99999999999958,7.649999999999981,0,8.199999999999982,0.2,0,0.0,48.0
J001250,2023-02-03/SEMY,SEMY,AMR_10,G23_13,WS_19_20,"[""110142""]",1,10731.449999984083,10899.799999981633,10846.849999982403,10731.449999984083,10765.449999983588,10769.499999983529,10836.74999998255,10836.79999998255,10846.799999982404,10846.849999982403,10895.749999981692,10899.799999981633,18.100000000000122,75.04999999999788,15.300000000000082,0,59.64999999999875,0.25,0,22.0,48.00000000000021
J001251,2023-02-03/TPKA,TPKA,AMR_35,G17_10,WS_2_20,"[""101325""]",1,10734.799999984034,11248.049999976565,10953.249999980855,10734.799999984034,10806.54999998299,10810.599999982931,10943.149999981002,10943.199999981001,10953.199999980856,10953.249999980855,11243.999999976624,11248.049999976565,18.100000000000122,163.800000000003,16.200000000000095,0,314.9000000000373,0.25,0,54.00000000000067,112.0000000000006
J001252,2023-02-03/PUJA,PUJA,AMR_04,G5_13,WS_13_20,"[""112067""]",1,10736.749999984006,11190.599999977401,11147.299999978031,10736.749999984006,10985.299999980389,10989.34999998033,11137.199999978178,11137.249999978178,11147.249999978032,11147.299999978031,11186.54999997746,11190.599999977401,18.100000000000122,200.20000000001127,38.249999999999964,0,197.05000000001056,0.25,0,106.00000000000094,84.00000000000071
J001253,2023-02-03/SRPA,SRPA,AMR_07,G2_15,WS_8_20,"[""101192"", ""107301"", ""110343"", ""115355"", ""115591""]",6,10740.59999998395,10904.449999981565,10876.699999981969,10740.59999998395,10804.599999983018,10808.64999998296,10866.599999982116,10866.649999982115,10876.64999998197,10876.699999981969,10900.399999981624,10904.449999981565,18.100000000000122,107.24999999999605,12.400000000000041,0,25.850000000000232,0.25,0,70.00000000000138,52.00000000000017
J001254,2023-02-03/KJSC,KJSC,AMR_22,G23_15,WS_25_20,"[""110419""]",1,10746.949999983857,10817.249999982834,10799.549999983092,10746.949999983857,10746.949999983857,10750.999999983798,10789.449999983239,10789.499999983238,10799.499999983092,10799.549999983092,10813.199999982893,10817.249999982834,18.100000000000122,36.05000000000009,5.749999999999988,0,10.20000000000001,0.2,0,0.0,36.00000000000003
J001255,2023-02-03/SEMY,SEMY,AMR_12,G21_14,WS_19_20,"[""110162""]",2,10747.599999983848,10904.349999981567,10863.899999982155,10747.599999983848,10792.949999983188,10796.999999983129,10853.799999982302,10853.849999982302,10863.849999982156,10863.899999982155,10900.299999981626,10904.349999981567,18.100000000000122,76.19999999999781,15.250000000000082,0,46.94999999999947,0.25,0,28.0,44.000000000000114
J001256,2023-02-03/TPKA,TPKA,AMR_36,G17_9,WS_2_20,"[""111147""]",1,10753.199999983766,11169.199999977713,10929.449999981201,10753.199999983766,10815.799999982855,10819.849999982796,10919.349999981348,10919.399999981348,10929.399999981202,10929.449999981201,11165.149999977772,11169.199999977713,18.100000000000122,175.2500000000056,22.000000000000178,0,200.40000000001132,0.25,0,62.00000000000102,120.0000000000006
J001257,2023-02-03/PUJA,PUJA,AMR_08,G11_9,WS_13_20,"[""112403""]",1,10765.649999983585,11014.74999997996,10978.249999980491,10765.649999983585,10839.049999982517,10843.099999982458,10968.149999980638,10968.199999980638,10978.199999980492,10978.249999980491,11010.69999998002,11014.74999997996,18.100000000000122,106.4499999999961,16.250000000000096,0,108.049999999996,0.25,0,36.000000000000014,68.0000000000006
J001258,2023-02-03/SRPA,SRPA,AMR_33,G18_14,WS_8_20,"[""101207"", ""110285"", ""110380"", ""112326""]",4,10766.04999998358,11114.649999978506,10908.449999981507,10766.04999998358,10800.949999983071,10804.999999983012,10898.349999981654,10898.399999981653,10908.399999981508,10908.449999981507,11110.599999978565,11114.649999978506,18.100000000000122,104.6999999999962,13.350000000000055,0,212.200000000014,0.25,0,22.0,80.00000000000045
J001259,2023-02-03/SEMY,SEMY,AMR_38,G14_15,WS_19_20,"[""112045""]",1,10766.099999983579,11296.949999975854,11269.999999976246,10766.099999983579,10991.049999980305,10995.099999980246,11259.899999976393,11259.949999976392,11269.949999976247,11269.999999976246,11292.899999975913,11296.949999975854,18.100000000000122,161.30000000000243,25.850000000000232,0,325.3500000000397,0.25,0,116.00000000000199,48.000000000000114
J001260,2023-02-03/TPKA,TPKA,AMR_16,G18_10,WS_2_20,"[""101328""]",1,10772.049999983492,11081.749999978985,10987.649999980355,10772.049999983492,10838.79999998252,10842.849999982462,10977.549999980502,10977.5999999805,10987.599999980355,10987.649999980355,11077.699999979044,11081.749999978985,18.100000000000122,156.50000000000134,23.050000000000193,0,111.79999999999579,0.25,0,40.0000000000001,132.00000000000233
J001261,2023-02-03/PUJA,PUJA,AMR_15,G3_15,WS_13_20,"[""112231""]",1,10795.149999983156,11353.749999975027,11303.899999975753,10795.149999983156,11173.44999997765,11177.499999977592,11293.7999999759,11293.849999975899,11303.849999975753,11303.899999975753,11349.699999975086,11353.749999975027,18.100000000000122,213.20000000001423,34.60000000000017,0,292.4500000000322,0.25,0,146.00000000000006,72.00000000000053
J001262,2023-02-03/SRPA,SRPA,AMR_02,G17_14,WS_8_20,"[""101191"", ""110227"", ""110284"", ""110540""]",4,10795.699999983148,11051.449999979426,10859.649999982217,10795.699999983148,10795.699999983148,10799.749999983089,10849.549999982364,10849.599999982363,10859.599999982218,10859.649999982217,11047.399999979485,11051.449999979426,18.100000000000122,80.09999999999759,11.450000000000028,0,145.89999999999893,0.2,0,0.0,72.00000000000023
J001263,2023-02-03/KJSC,KJSC,AMR_32,G23_14,WS_25_20,"[""101335""]",2,10802.349999983051,11036.449999979644,11007.549999980065,10802.349999983051,10942.199999981016,10946.249999980957,10997.449999980212,10997.499999980211,11007.499999980066,11007.549999980065,11032.399999979703,11036.449999979644,18.100000000000122,125.14999999999503,21.100000000000165,0,69.4999999999982,0.25,0,90.00000000000176,48.00000000000004
J001264,2023-02-03/PUJA,PUJA,AMR_23,G21_12,WS_13_20,"[""101022""]",1,10806.349999982993,10965.799999980673,10895.799999981691,10806.349999982993,10828.249999982674,10832.299999982615,10885.699999981838,10885.749999981837,10895.749999981692,10895.799999981691,10961.749999980731,10965.799999980673,18.100000000000122,90.09999999999702,13.350000000000055,0,37.65,0.25,0,16.0,76.00000000000045
J001265,2023-02-03/SRPA,SRPA,AMR_25,G20_15,WS_8_20,"[""101075"", ""110502"", ""110603"", ""112010"", ""139323""]",6,10809.99999998294,11070.44999997915,10892.49999998174,10809.99999998294,10809.99999998294,10814.04999998288,10882.399999981886,10882.449999981885,10892.44999998174,10892.49999998174,11066.399999979209,11070.44999997915,18.100000000000122,85.64999999999728,11.450000000000028,0,145.04999999999873,0.2,0,0.0,80.00000000000041
J001266,2023-02-03/SEMY,SEMY,AMR_09,G15_12,WS_19_20,"[""101097""]",1,10814.79999998287,11260.899999976378,11144.949999978066,10814.79999998287,10985.649999980384,10989.699999980325,11134.849999978213,11134.899999978212,11144.899999978066,11144.949999978066,11256.849999976437,11260.899999976378,18.100000000000122,158.70000000000184,32.70000000000028,0,236.3500000000195,0.25,0,80.00000000000051,72.00000000000014
J001267,2023-02-03/TPKA,TPKA,AMR_22,G6_14,WS_2_20,"[""112387""]",1,10817.299999982833,11083.349999978962,11040.24999997959,10817.299999982833,10995.449999980241,10999.499999980182,11030.149999979736,11030.199999979735,11040.19999997959,11040.24999997959,11079.29999997902,11083.349999978962,18.100000000000122,140.79999999999777,25.80000000000023,0,81.09999999999754,0.25,0,88.00000000000108,52.000000000000355
J001268,2023-02-03/KJSC,KJSC,AMR_30,G27_14,WS_25_20,"[""110132""]",1,10824.899999982723,10998.89999998019,10964.249999980695,10824.899999982723,10922.349999981305,10926.399999981246,10954.149999980842,10954.199999980841,10964.199999980696,10964.249999980695,10994.84999998025,10998.89999998019,18.100000000000122,86.19999999999725,19.100000000000136,0,50.34999999999928,0.25,0,36.00000000000003,48.000000000000114
J001269,2023-02-03/SRPA,SRPA,AMR_06,G23_15,WS_8_20,"[""107219"", ""107312"", ""107328"", ""110232"", ""110390"", ""111307"", ""124210"", ""124478""]",10,10836.949999982548,11422.99999997402,11187.099999977452,10836.949999982548,10941.549999981025,10945.599999980966,11176.9999999776,11177.049999977598,11187.049999977453,11187.099999977452,11418.949999974078,11422.99999997402,18.100000000000122,188.8500000000087,22.000000000000178,0,356.85000000004686,0.25,0,62.000000000000256,124.00000000000072
J001270,2023-02-03/PUJA,PUJA,AMR_40,G14_8,WS_13_20,"[""111225""]",1,10837.349999982542,11220.749999976962,11164.199999977785,10837.349999982542,11061.649999979278,11065.699999979219,11154.099999977932,11154.149999977932,11164.149999977786,11164.199999977785,11216.699999977021,11220.749999976962,18.100000000000122,238.90000000002007,36.40000000000007,0,89.74999999999704,0.25,0,193.99999999999562,72.00000000000063
J001271,2023-02-03/SEMY,SEMY,AMR_05,G18_9,WS_19_20,"[""112275""]",1,10839.099999982516,11068.39999997918,10995.899999980234,10839.099999982516,10899.899999981631,10903.949999981573,10985.799999980381,10985.84999998038,10995.849999980235,10995.899999980234,11064.349999979238,11068.39999997918,18.100000000000122,108.79999999999596,19.150000000000137,0,82.99999999999743,0.25,0,48.00000000000044,60.00000000000058
J001272,2023-02-03/TPKA,TPKA,AMR_39,G20_14,WS_2_20,"[""112287""]",1,10839.799999982506,11242.749999976642,10970.599999980603,10839.799999982506,10860.599999982203,10864.649999982144,10960.49999998075,10960.549999980749,10970.549999980603,10970.599999980603,11238.699999976701,11242.749999976642,18.100000000000122,114.99999999999561,13.400000000000055,0,256.200000000024,0.25,0,8.0,100.00000000000037
J001273,2023-02-03/KJSC,KJSC,AMR_13,G2_13,WS_25_20,"[""110378"", ""110548""]",2,10844.39999998244,11308.099999975691,11150.14999997799,10844.39999998244,10880.549999981913,10884.599999981854,11140.049999978137,11140.099999978136,11150.09999997799,11150.14999997799,11304.04999997575,11308.099999975691,18.100000000000122,164.05000000000305,19.100000000000136,0,262.20000000002534,0.25,0,25.99999999999995,139.9999999999999
J001274,2023-02-03/SRPA,SRPA,AMR_24,G18_13,WS_8_20,"[""101180"", ""110251"", ""110253"", ""110317"", ""125535""]",5,10847.349999982396,11233.199999976781,10996.19999998023,10847.349999982396,10925.999999981252,10930.049999981193,10986.099999980377,10986.149999980376,10996.14999998023,10996.19999998023,11229.14999997684,11233.199999976781,18.100000000000122,167.95000000000394,24.800000000000217,0,174.75000000000549,0.25,0,34.0,132.000000000001
J001275,2023-02-03/SEMY,SEMY,AMR_28,G17_12,WS_19_20,"[""110333""]",2,10848.749999982376,11390.59999997449,11336.249999975282,10848.749999982376,11190.999999977395,11195.049999977336,11326.149999975429,11326.199999975428,11336.199999975282,11336.249999975282,11386.54999997455,11390.59999997449,18.100000000000122,237.10000000001966,36.35000000000007,0,250.0500000000226,0.25,0,191.9999999999972,56.00000000000006
J001276,2023-02-03/TPKA,TPKA,AMR_29,G17_6,WS_2_20,"[""110390""]",2,10853.199999982311,11173.149999977655,11107.249999978614,10853.199999982311,10985.799999980381,10989.849999980323,11097.149999978761,11097.19999997876,11107.199999978615,11107.249999978614,11169.099999977714,11173.149999977655,18.100000000000122,194.00000000000986,24.90000000000022,0,82.69999999999744,0.25,0,68.00000000000074,159.99999999999963
J001277,2023-02-03/KJSC,KJSC,AMR_20,G21_15,WS_25_20,"[""110418""]",2,10862.999999982168,11056.149999979358,11030.849999979726,10862.999999982168,10977.299999980505,10981.349999980446,11020.749999979873,11020.799999979872,11030.799999979727,11030.849999979726,11052.099999979417,11056.149999979358,18.100000000000122,73.59999999999796,11.400000000000027,0,89.79999999999704,0.25,0,32.0,44.0
J001278,2023-02-03/SRPA,SRPA,AMR_34,G20_13,WS_8_20,"[""101015"", ""107380"", ""110154"", ""110501"", ""121904""]",5,10864.749999982143,11360.099999974935,11246.049999976594,10864.749999982143,10994.299999980258,10998.349999980199,11235.949999976741,11235.99999997674,11245.999999976595,11246.049999976594,11356.049999974994,11360.099999974935,18.100000000000122,120.89999999999527,17.25000000000011,0,338.85000000004277,0.25,0,36.00000000000003,84.00000000000065
J001279,2023-02-03/SEMY,SEMY,AMR_03,G14_13,WS_19_20,"[""110703""]",1,10874.949999981995,11222.649999976935,10978.899999980482,10874.949999981995,10916.249999981394,10920.299999981335,10968.799999980629,10968.849999980628,10978.849999980483,10978.899999980482,11218.599999976994,11222.649999976935,18.100000000000122,88.39999999999712,17.25000000000011,0,223.70000000001662,0.25,0,18.0,68.00000000000014
J001280,2023-02-03/KJSC,KJSC,AMR_27,G26_13,WS_25_20,"[""140089""]",1,10888.2999999818,11012.199999979997,10980.499999980459,10888.2999999818,10925.999999981252,10930.049999981193,10970.399999980606,10970.449999980605,10980.44999998046,10980.499999980459,11008.149999980056,11012.199999979997,18.100000000000122,68.54999999999825,15.300000000000082,0,21.700000000000173,0.25,0,18.0,48.00000000000021
J001281,2023-02-03/SRPA,SRPA,AMR_17,G14_10,WS_8_20,"[""107258"", ""111315"", ""112323"", ""135096""]",4,10894.44999998171,11283.44999997605,11203.69999997721,10894.44999998171,11111.299999978555,11115.349999978496,11193.599999977358,11193.649999977357,11203.649999977211,11203.69999997721,11279.399999976109,11283.44999997605,18.100000000000122,222.3000000000163,27.75000000000026,0,120.59999999999529,0.25,0,177.99999999999744,72.00000000000071
J001282,2023-02-03/PUJA,PUJA,AMR_10,G3_13,WS_13_20,"[""104397""]",2,10899.849999981632,11308.999999975678,11269.949999976247,10899.849999981632,11118.399999978452,11122.449999978393,11259.849999976394,11259.899999976393,11269.899999976247,11269.949999976247,11304.949999975737,11308.999999975678,18.100000000000122,194.30000000000993,32.55000000000029,0,163.95000000000303,0.25,0,132.00000000000233,80.00000000000084
J001283,2023-02-03/SRPA,SRPA,AMR_14,G20_12,WS_8_20,"[""101085"", ""107327"", ""110155"", ""111995""]",4,10900.199999981627,11259.699999976396,11040.699999979583,10900.199999981627,10922.549999981302,10926.599999981243,11030.59999997973,11030.649999979729,11040.649999979583,11040.699999979583,11255.649999976455,11259.699999976396,18.100000000000122,144.8999999999987,18.150000000000123,0,178.10000000000625,0.25,0,16.0,128.00000000000063
J001284,2023-02-03/SRPA,SRPA,AMR_12,G21_14,WS_8_20,"[""101293"", ""107250"", ""107280"", ""110162"", ""112279"", ""112334""]",7,10908.499999981506,11289.349999975964,10978.049999980494,10908.499999981506,10908.499999981506,10912.549999981447,10967.949999980641,10967.99999998064,10977.999999980495,10978.049999980494,11285.299999976023,11289.349999975964,18.100000000000122,111.24999999999582,17.15000000000011,0,234.150000000019,0.2,0,0.0,104.00000000000014
J001285,2023-02-03/SPER,SPER,AMR_11,G30_9,WS_30_20,"[""110221"", ""110299"", ""110475"", ""120450"", ""123310""]",5,10913.499999981434,11094.849999978795,11050.899999979434,10913.499999981434,10992.299999980287,10996.349999980228,11040.799999979581,11040.84999997958,11050.849999979435,11050.899999979434,11090.799999978854,11094.849999978795,18.100000000000122,101.24999999999639,17.20000000000011,0,44.549999999999606,0.25,0,44.00000000000004,64.00000000000036
J001286,2023-02-03/SPER,SPER,AMR_07,G26_14,WS_30_20,"[""101147"", ""110511"", ""110521"", ""112451""]",4,10913.499999981434,11117.14999997847,11084.999999978938,10913.499999981434,11016.399999979936,11020.449999979877,11074.899999979085,11074.949999979084,11084.949999978939,11084.999999978938,11113.099999978529,11117.14999997847,18.100000000000122,141.89999999999802,18.150000000000123,0,25.250000000000224,0.25,0,110.00000000000216,56.00000000000004
J001287,2023-02-03/SPER,SPER,AMR_26,G15_14,WS_30_20,"[""101155"", ""110316"", ""110450"", ""126832""]",4,10929.649999981199,11177.64999997759,11033.599999979686,10929.649999981199,10932.99999998115,10937.04999998109,11023.499999979833,11023.549999979832,11033.549999979687,11033.599999979686,11173.599999977649,11177.64999997759,18.100000000000122,91.59999999999694,7.599999999999981,0,130.4499999999954,0.25,0,2.0,92.00000000000006
J001288,2023-02-03/SPER,SPER,AMR_21,G14_14,WS_30_20,"[""107034"", ""107224"", ""110306"", ""112374""]",4,10955.69999998082,11348.6999999751,11236.249999976737,10955.69999998082,11008.449999980052,11012.499999979993,11226.149999976884,11226.199999976883,11236.199999976738,11236.249999976737,11344.64999997516,11348.6999999751,18.100000000000122,214.10000000001443,26.800000000000246,0,133.74999999999616,0.25,0,28.0,211.99999999999568
J001289,2023-02-03/TPKA,TPKA,AMR_19,G18_6,WS_2_20,"[""123763""]",1,10959.899999980758,11232.699999976789,11136.299999978191,10959.899999980758,11004.699999980106,11008.749999980048,11126.199999978338,11126.249999978338,11136.249999978192,11136.299999978191,11228.649999976848,11232.699999976789,18.100000000000122,174.50000000000543,18.200000000000124,0,61.74999999999863,0.25,0,22.00000000000003,195.99999999999486
J001290,2023-02-03/SPER,SPER,AMR_23,G29_9,WS_30_20,"[""111988"", ""112009"", ""120049""]",3,10965.849999980672,11102.849999978678,11067.949999979186,10965.849999980672,10995.849999980235,10999.899999980176,11057.849999979333,11057.899999979332,11067.899999979187,11067.949999979186,11098.799999978737,11102.849999978678,18.100000000000122,89.19999999999708,15.250000000000082,0,14.200000000000067,0.25,0,22.0,72.00000000000051
J001291,2023-02-03/SEMY,SEMY,AMR_18,G21_13,WS_19_20,"[""101149"", ""110216""]",2,10983.449999980416,11168.449999977724,11127.799999978315,10983.449999980416,11084.599999978944,11088.649999978885,11117.699999978462,11117.749999978461,11127.749999978316,11127.799999978315,11164.399999977782,11168.449999977724,18.100000000000122,97.24999999999662,16.250000000000096,0,53.14999999999912,0.25,0,52.0000000000001,48.00000000000021
J001292,2023-02-03/TPKA,TPKA,AMR_31,G5_15,WS_2_20,"[""110533""]",1,10992.699999980281,11289.399999975964,11262.299999976358,10992.699999980281,11229.249999976839,11233.29999997678,11252.199999976505,11252.249999976504,11262.249999976359,11262.299999976358,11285.349999976022,11289.399999975964,18.100000000000122,109.59999999999592,21.050000000000164,0,147.69999999999933,0.25,0,74.00000000000071,35.99999999999997
J001293,2023-02-03/KJSC,KJSC,AMR_30,G23_13,WS_25_20,"[""110142""]",1,10998.94999998019,11123.34999997838,11092.299999978832,10998.94999998019,11036.649999979642,11040.699999979583,11082.199999978979,11082.249999978978,11092.249999978832,11092.299999978832,11119.299999978439,11123.34999997838,18.100000000000122,77.34999999999775,15.300000000000082,0,13.400000000000055,0.25,0,26.0,52.00000000000013
J001294,2023-02-03/PUJA,PUJA,AMR_27,G15_10,WS_13_20,"[""109969""]",1,11012.249999979997,11332.149999975341,11286.849999976,11012.249999979997,11090.499999978858,11094.549999978799,11276.749999976148,11276.799999976147,11286.799999976001,11286.849999976,11328.0999999754,11332.149999975341,18.100000000000122,126.44999999999496,24.000000000000206,0,151.1000000000001,0.25,0,64.0000000000005,64.00000000000036
J001295,2023-02-03/SRPA,SRPA,AMR_08,G9_14,WS_8_20,"[""101150"", ""107377"", ""110461"", ""124899""]",4,11014.79999997996,11126.249999978338,11078.849999979027,11014.79999997996,11033.29999997969,11037.349999979631,11068.749999979174,11068.799999979174,11078.799999979028,11078.849999979027,11122.199999978397,11126.249999978338,18.100000000000122,59.149999999998776,11.500000000000028,0,22.450000000000184,0.25,0,14.0,44.000000000000085
J001296,2023-02-03/KJSC,KJSC,AMR_32,G23_12,WS_25_20,"[""101189""]",1,11036.499999979644,11159.149999977859,11108.099999978602,11036.499999979644,11051.249999979429,11055.29999997937,11097.999999978749,11098.049999978748,11108.049999978603,11108.099999978602,11155.099999977918,11159.149999977859,18.100000000000122,65.19999999999844,13.400000000000055,0,25.70000000000023,0.25,0,8.0,56.00000000000013
J001297,2023-02-03/SPER,SPER,AMR_02,G26_8,WS_30_20,"[""121833"", ""125583"", ""133300""]",3,11051.499999979425,11259.649999976396,11219.249999976984,11051.499999979425,11156.699999977895,11160.749999977836,11209.149999977131,11209.19999997713,11219.199999976985,11219.249999976984,11255.599999976455,11259.649999976396,18.100000000000122,111.14999999999583,21.100000000000165,0,57.54999999999887,0.25,0,42.00000000000013,80.00000000000045
J001298,2023-02-03/TPKA,TPKA,AMR_20,G21_12,WS_2_20,"[""101022""]",2,11056.199999979357,11221.049999976958,11158.849999977863,11056.199999979357,11092.849999978824,11096.899999978765,11148.74999997801,11148.79999997801,11158.799999977864,11158.849999977863,11216.999999977017,11221.049999976958,18.100000000000122,113.59999999999569,11.450000000000028,0,21.45000000000017,0.25,0,14.0,120.00000000000205
J001299,2023-02-03/SPER,SPER,AMR_05,G3_6,WS_30_20,"[""107177"", ""111997"", ""113097""]",3,11068.449999979179,11538.34999997234,11404.699999974286,11068.449999979179,11117.499999978465,11121.549999978406,11394.599999974433,11394.649999974432,11404.649999974286,11404.699999974286,11534.2999999724,11538.34999997234,18.100000000000122,230.75000000001822,26.750000000000245,0,194.05000000000987,0.25,0,52.0000000000006,211.99999999999142
J001300,2023-02-03/SEMY,SEMY,AMR_25,G27_14,WS_19_20,"[""125463""]",1,11070.499999979149,11213.249999977072,11161.999999977817,11070.499999979149,11098.449999978742,11102.499999978683,11151.899999977964,11151.949999977964,11161.949999977818,11161.999999977817,11209.19999997713,11213.249999977072,18.100000000000122,88.14999999999714,14.350000000000069,0,21.900000000000176,0.25,0,24.0,68.00000000000014
J001301,2023-02-03/SRPA,SRPA,AMR_16,G15_13,WS_8_20,"[""101193"", ""107293"", ""137523""]",3,11081.799999978984,11686.649999970183,11608.049999971327,11081.799999978984,11431.549999973895,11435.599999973836,11597.949999971474,11597.999999971473,11607.999999971327,11608.049999971327,11682.599999970242,11686.649999970183,18.100000000000122,205.5500000000125,47.14999999999946,0,333.8000000000416,0.25,0,104.00000000000085,88.0000000000006
J001302,2023-02-03/KJSC,KJSC,AMR_22,G18_15,WS_25_20,"[""101296""]",1,11083.399999978961,11476.749999973237,11440.549999973764,11083.399999978961,11274.899999976175,11278.949999976116,11430.449999973911,11430.49999997391,11440.499999973765,11440.549999973764,11472.699999973296,11476.749999973237,18.100000000000122,111.24999999999582,18.100000000000122,0,245.6500000000216,0.25,0,38.00000000000003,60.0
J001303,2023-02-03/SPER,SPER,AMR_11,G20_15,WS_30_20,"[""101075"", ""101134"", ""110502""]",3,11094.899999978794,11300.499999975802,11253.299999976489,11094.899999978794,11143.24999997809,11147.299999978031,11243.199999976636,11243.249999976635,11253.24999997649,11253.299999976489,11296.449999975861,11300.499999975802,18.100000000000122,106.49999999999609,12.450000000000042,0,68.29999999999826,0.25,0,40.0,68.0
J001304,2023-02-03/TPKA,TPKA,AMR_23,G23_14,WS_2_20,"[""110252""]",1,11102.899999978677,11554.549999972105,11450.749999973616,11102.899999978677,11179.549999977562,11183.599999977503,11440.649999973763,11440.699999973762,11450.699999973616,11450.749999973616,11550.499999972164,11554.549999972105,18.100000000000122,173.85000000000528,26.800000000000246,0,232.65000000001865,0.25,0,50.00000000000024,128.00000000000156
J001305,2023-02-03/KJSC,KJSC,AMR_33,G30_12,WS_25_20,"[""111371""]",1,11114.699999978506,11244.549999976616,11197.449999977302,11114.699999978506,11150.299999977988,11154.349999977929,11187.349999977449,11187.399999977448,11197.399999977302,11197.449999977302,11240.499999976675,11244.549999976616,18.100000000000122,91.39999999999695,14.300000000000068,0,5.799999999999987,0.25,0,32.0,68.00000000000006
J001306,2023-02-03/SRPA,SRPA,AMR_07,G6_14,WS_8_20,"[""101307"", ""112032"", ""112387""]",3,11117.19999997847,11343.399999975178,11299.049999975823,11117.19999997847,11253.999999976479,11258.04999997642,11288.94999997597,11288.99999997597,11298.999999975824,11299.049999975823,11339.349999975237,11343.399999975178,18.100000000000122,136.24999999999673,23.000000000000192,0,48.599999999999376,0.25,0,104.00000000000225,44.00000000000003
J001307,2023-02-03/SPER,SPER,AMR_30,G20_10,WS_30_20,"[""101282"", ""134916""]",2,11123.39999997838,11326.74999997542,11270.34999997624,11123.39999997838,11192.09999997738,11196.14999997732,11260.249999976388,11260.299999976387,11270.299999976241,11270.34999997624,11322.699999975479,11326.74999997542,18.100000000000122,94.94999999999675,16.250000000000096,0,73.79999999999795,0.25,0,12.0,88.00000000000037
J001308,2023-02-03/TPKA,TPKA,AMR_08,G23_9,WS_2_20,"[""101017""]",2,11126.299999978337,11572.349999971846,11416.649999974112,11126.299999978337,11214.849999977048,11218.89999997699,11406.549999974259,11406.599999974258,11416.599999974113,11416.649999974112,11568.299999971905,11572.349999971846,18.100000000000122,228.15000000001763,22.95000000000019,0,176.6000000000059,0.25,0,70.000000000001,183.99999999999497
J001309,2023-02-03/SEMY,SEMY,AMR_37,G29_15,WS_19_20,"[""112007""]",1,11128.09999997831,11311.449999975643,11247.399999976575,11128.09999997831,11176.8999999776,11180.949999977542,11237.299999976722,11237.349999976721,11247.349999976575,11247.399999976575,11307.399999975702,11311.449999975643,18.100000000000122,92.54999999999688,11.400000000000027,0,61.04999999999867,0.25,0,32.0,64.00000000000003
J001310,2023-02-03/KJSC,KJSC,AMR_32,G17_14,WS_25_20,"[""101028""]",1,11159.199999977858,11594.549999971523,11530.499999972455,11159.199999977858,11372.699999974751,11376.749999974692,11520.399999972602,11520.449999972601,11530.449999972456,11530.499999972455,11590.499999971582,11594.549999971523,18.100000000000122,147.64999999999932,24.800000000000217,0,244.55000000002136,0.25,0,64.00000000000004,72.0
J001311,2023-02-03/PUJA,PUJA,AMR_18,G21_13,WS_13_20,"[""101149""]",1,11168.499999977723,11649.199999970728,11504.649999972831,11168.499999977723,11168.499999977723,11172.549999977664,11494.549999972978,11494.599999972977,11504.599999972832,11504.649999972831,11645.149999970787,11649.199999970728,18.100000000000122,101.49999999999638,23.100000000000193,0,337.80000000004253,0.2,0,0.0,92.00000000000037
J001312,2023-02-03/TPKA,TPKA,AMR_36,G26_14,WS_2_20,"[""101147""]",1,11169.249999977712,11554.349999972108,11433.699999973864,11169.249999977712,11225.249999976897,11229.299999976838,11423.59999997401,11423.64999997401,11433.649999973864,11433.699999973864,11550.299999972167,11554.349999972108,18.100000000000122,169.0500000000042,21.000000000000163,0,176.70000000000593,0.25,0,32.0,147.99999999999963
J001313,2023-02-03/SEMY,SEMY,AMR_29,G27_12,WS_19_20,"[""112061""]",1,11173.199999977654,11515.249999972677,11433.24999997387,11173.199999977654,11264.449999976327,11268.499999976268,11423.149999974017,11423.199999974016,11433.199999973871,11433.24999997387,11511.199999972736,11515.249999972677,18.100000000000122,133.59999999999613,18.200000000000124,0,171.90000000000484,0.25,0,68.00000000000057,76.0000000000002
J001314,2023-02-03/KJSC,KJSC,AMR_26,G15_14,WS_25_20,"[""110191""]",1,11177.699999977589,11447.69999997366,11324.899999975447,11177.699999977589,11177.699999977589,11181.74999997753,11314.799999975594,11314.849999975593,11324.849999975448,11324.899999975447,11443.649999973719,11447.69999997366,18.100000000000122,106.49999999999609,17.20000000000011,0,127.99999999999487,0.2,0,0.0,108.00000000000057
J001315,2023-02-03/SRPA,SRPA,AMR_04,G17_9,WS_8_20,"[""110176"", ""111147"", ""112003"", ""118513""]",4,11190.6499999774,11429.499999973925,11314.899999975592,11190.6499999774,11235.649999976746,11239.699999976687,11304.79999997574,11304.849999975739,11314.849999975593,11314.899999975592,11425.449999973984,11429.499999973925,18.100000000000122,122.1499999999952,17.20000000000011,0,81.14999999999753,0.25,0,36.00000000000003,88.00000000000074
J001316,2023-02-03/PUJA,PUJA,AMR_25,G15_9,WS_13_20,"[""120318""]",1,11213.299999977071,11584.599999971668,11447.449999973664,11213.299999977071,11283.149999976054,11287.199999975996,11437.34999997381,11437.39999997381,11447.399999973664,11447.449999973664,11580.549999971727,11584.599999971668,18.100000000000122,147.19999999999922,23.000000000000192,0,182.7500000000073,0.25,0,70.00000000000063,80.00000000000026
J001317,2023-02-03/SPER,SPER,AMR_40,G18_12,WS_30_20,"[""110347"", ""110486"", ""112386"", ""125183""]",4,11220.799999976962,11488.94999997306,11446.29999997368,11220.799999976962,11362.149999974905,11366.199999974846,11436.199999973827,11436.249999973827,11446.249999973681,11446.29999997368,11484.899999973119,11488.94999997306,18.100000000000122,136.5999999999968,24.95000000000022,0,88.24999999999713,0.25,0,48.00000000000024,100.00000000000051
J001318,2023-02-03/TPKA,TPKA,AMR_20,G23_13,WS_2_20,"[""110357""]",1,11221.099999976957,11539.399999972326,11382.699999974606,11221.099999976957,11243.399999976633,11247.449999976574,11372.599999974753,11372.649999974752,11382.649999974607,11382.699999974606,11535.349999972384,11539.399999972326,18.100000000000122,139.94999999999757,18.150000000000123,0,141.849999999998,0.25,0,6.0,136.00000000000088
J001319,2023-02-03/SEMY,SEMY,AMR_03,G29_14,WS_19_20,"[""110525""]",2,11222.699999976934,11610.349999971293,11560.749999972015,11222.699999976934,11496.749999972946,11500.799999972887,11550.649999972162,11550.699999972161,11560.699999972016,11560.749999972015,11606.299999971352,11610.349999971293,18.100000000000122,137.09999999999692,24.90000000000022,0,207.3000000000129,0.25,0,68.00000000000014,68.00000000000014
J001320,2023-02-03/KJSC,KJSC,AMR_19,G18_10,WS_25_20,"[""101328""]",1,11232.749999976788,11442.399999973737,11340.749999975216,11232.749999976788,11250.249999976533,11254.299999976474,11330.649999975363,11330.699999975363,11340.699999975217,11340.749999975216,11438.349999973796,11442.399999973737,18.100000000000122,97.04999999999663,16.250000000000096,0,77.99999999999771,0.25,0,12.0,80.0000000000004
J001321,2023-02-03/SRPA,SRPA,AMR_24,G27_14,WS_8_20,"[""101109"", ""101302"", ""107329"", ""125463""]",5,11233.24999997678,11682.399999970245,11538.199999972343,11233.24999997678,11326.299999975427,11330.349999975368,11528.09999997249,11528.14999997249,11538.149999972344,11538.199999972343,11678.349999970304,11682.399999970245,18.100000000000122,220.40000000001586,30.6000000000003,0,179.80000000000663,0.25,0,60.000000000000355,163.9999999999977
J001322,2023-02-03/SPER,SPER,AMR_39,G14_13,WS_30_20,"[""101185"", ""111295""]",2,11242.799999976642,11539.09999997233,11463.399999973431,11242.799999976642,11286.449999976006,11290.499999975948,11453.299999973578,11453.349999973578,11463.349999973432,11463.399999973431,11535.049999972389,11539.09999997233,18.100000000000122,184.1000000000076,26.800000000000246,0,67.04999999999833,0.25,0,26.0,179.99999999999721
J001323,2023-02-03/PUJA,PUJA,AMR_33,G18_9,WS_13_20,"[""134680""]",1,11244.599999976615,11575.699999971797,11487.399999973082,11244.599999976615,11397.849999974385,11401.899999974326,11477.29999997323,11477.349999973228,11487.349999973083,11487.399999973082,11571.649999971856,11575.699999971797,18.100000000000122,139.04999999999737,20.10000000000015,0,153.60000000000068,0.25,0,58.000000000000256,76.00000000000048
J001324,2023-02-03/SEMY,SEMY,AMR_35,G9_13,WS_19_20,"[""112009""]",1,11248.099999976565,11532.149999972431,11472.199999973303,11248.099999976565,11301.149999975793,11305.199999975734,11462.09999997345,11462.14999997345,11472.149999973304,11472.199999973303,11528.09999997249,11532.149999972431,18.100000000000122,123.24999999999514,16.200000000000095,0,126.24999999999497,0.25,0,34.0,80.00000000000028
J001325,2023-02-03/SRPA,SRPA,AMR_02,G6_9,WS_8_20,"[""110328"", ""111897"", ""112357""]",3,11259.699999976396,11402.99999997431,11367.149999974832,11259.699999976396,11315.499999975584,11319.549999975525,11357.049999974979,11357.099999974978,11367.099999974833,11367.149999974832,11398.94999997437,11402.99999997431,18.100000000000122,107.29999999999605,15.300000000000082,0,2.3499999999999996,0.25,0,62.000000000001066,64.00000000000064
J001326,2023-02-03/SPER,SPER,AMR_14,G18_6,WS_30_20,"[""110178"", ""110594""]",2,11259.749999976395,11497.249999972939,11370.199999974788,11259.749999976395,11283.649999976047,11287.699999975988,11360.099999974935,11360.149999974934,11370.149999974788,11370.199999974788,11493.199999972998,11497.249999972939,18.100000000000122,141.09999999999783,22.000000000000178,0,56.04999999999895,0.25,0,16.0,143.99999999999986
J001327,2023-02-03/TPKA,TPKA,AMR_09,G15_12,WS_2_20,"[""101097""]",1,11260.949999976378,11468.99999997335,11399.59999997436,11260.949999976378,11260.949999976378,11264.999999976319,11389.499999974507,11389.549999974506,11399.54999997436,11399.59999997436,11464.949999973409,11468.99999997335,18.100000000000122,97.34999999999661,10.500000000000014,0,81.89999999999749,0.2,0,0.0,96.00000000000102
J001328,2023-02-03/SEMY,SEMY,AMR_17,G8_14,WS_19_20,"[""135158""]",1,11283.49999997605,11592.499999971553,11526.599999972512,11283.49999997605,11312.94999997562,11316.999999975562,11516.499999972659,11516.549999972658,11526.549999972513,11526.599999972512,11588.449999971612,11592.499999971553,18.100000000000122,127.59999999999489,20.00000000000015,0,143.04999999999828,0.25,0,23.999999999999986,100.00000000000071
J001329,2023-02-03/PUJA,PUJA,AMR_12,G14_10,WS_13_20,"[""125617""]",2,11289.399999975964,11473.649999973282,11430.54999997391,11289.399999975964,11318.849999975535,11322.899999975476,11420.449999974056,11420.499999974056,11430.49999997391,11430.54999997391,11469.599999973341,11473.649999973282,18.100000000000122,84.94999999999732,14.300000000000068,0,66.64999999999836,0.25,0,26.0,56.00000000000023
J001330,2023-02-03/SPER,SPER,AMR_31,G17_10,WS_30_20,"[""107175"", ""111301"", ""115794""]",3,11289.449999975963,11632.299999970974,11526.649999972511,11289.449999975963,11416.199999974118,11420.24999997406,11516.549999972658,11516.599999972657,11526.599999972512,11526.649999972511,11628.249999971033,11632.299999970974,18.100000000000122,173.15000000000512,21.000000000000163,0,130.3499999999954,0.25,0,50.000000000000426,140.0000000000009
J001331,2023-02-03/KJSC,KJSC,AMR_38,G14_15,WS_25_20,"[""110262"", ""112324""]",2,11296.999999975853,11598.24999997147,11546.449999972223,11296.999999975853,11296.999999975853,11301.049999975794,11536.34999997237,11536.39999997237,11546.399999972224,11546.449999972223,11594.199999971528,11598.24999997147,18.100000000000122,93.24999999999685,15.200000000000081,0,174.50000000000543,0.2,0,0.0,84.00000000000006
J001332,2023-02-03/SRPA,SRPA,AMR_11,G17_13,WS_8_20,"[""101318"", ""107159"", ""110163""]",3,11300.549999975801,11582.649999971696,11444.449999973707,11300.549999975801,11377.949999974675,11381.999999974616,11434.349999973854,11434.399999973853,11444.399999973708,11444.449999973707,11578.599999971755,11582.649999971696,18.100000000000122,97.29999999999661,16.200000000000095,0,150.24999999999991,0.25,0,22.0,72.00000000000026
J001333,2023-02-03/PUJA,PUJA,AMR_13,G5_15,WS_13_20,"[""112247""]",1,11308.14999997569,11560.799999972014,11523.499999972557,11308.14999997569,11393.699999974446,11397.749999974387,11513.399999972704,11513.449999972703,11523.449999972558,11523.499999972557,11556.749999972073,11560.799999972014,18.100000000000122,121.54999999999524,18.100000000000122,0,94.64999999999677,0.25,0,50.000000000000114,64.00000000000055
J001334,2023-02-03/TPKA,TPKA,AMR_10,G26_13,WS_2_20,"[""134599""]",1,11309.049999975678,11933.54999996659,11835.699999968014,11309.049999975678,11638.899999970878,11642.949999970819,11825.59999996816,11825.64999996816,11835.649999968015,11835.699999968014,11929.499999966649,11933.54999996659,18.100000000000122,215.10000000001466,21.000000000000163,0,370.05000000004986,0.25,0,78.00000000000009,136.0000000000019
J001335,2023-02-03/SEMY,SEMY,AMR_37,G12_8,WS_19_20,"[""129752""]",1,11311.499999975642,11623.099999971108,11543.699999972263,11311.499999975642,11409.349999974218,11413.399999974159,11533.59999997241,11533.64999997241,11543.649999972264,11543.699999972263,11619.049999971166,11623.099999971108,18.100000000000122,155.9500000000012,22.85000000000019,0,114.44999999999564,0.25,0,80.00000000000102,88.0000000000006
J001336,2023-02-03/KJSC,KJSC,AMR_30,G20_14,WS_25_20,"[""110596""]",1,11326.79999997542,11549.39999997218,11514.249999972692,11326.79999997542,11343.29999997518,11347.34999997512,11504.149999972838,11504.199999972838,11514.199999972692,11514.249999972692,11545.349999972239,11549.39999997218,18.100000000000122,83.19999999999742,20.05000000000015,0,100.9999999999964,0.25,0,12.0,68.00000000000006
J001337,2023-02-03/SRPA,SRPA,AMR_27,G3_13,WS_8_20,"[""107290"", ""111997"", ""125462""]",3,11332.19999997534,11502.249999972866,11460.649999973471,11332.19999997534,11379.849999974647,11383.899999974588,11450.549999973618,11450.599999973618,11460.599999973472,11460.649999973471,11498.199999972925,11502.249999972866,18.100000000000122,88.59999999999711,14.350000000000069,0,48.74999999999937,0.25,0,30.000000000000025,56.00000000000017
J001338,2023-02-03/KJSC,KJSC,AMR_07,G9_15,WS_25_20,"[""107407""]",1,11343.449999975177,11641.549999970839,11591.799999971563,11343.449999975177,11365.549999974855,11369.599999974796,11581.69999997171,11581.74999997171,11591.749999971564,11591.799999971563,11637.499999970898,11641.549999970839,18.100000000000122,132.79999999999595,18.100000000000122,0,128.84999999999505,0.25,0,12.0,120.0000000000004
J001339,2023-02-03/SPER,SPER,AMR_21,G11_7,WS_30_20,"[""101102"", ""111208""]",2,11348.7499999751,11646.149999970772,11509.349999972763,11348.7499999751,11391.249999974481,11395.299999974422,11499.24999997291,11499.299999972909,11509.299999972764,11509.349999972763,11642.099999970831,11646.149999970772,18.100000000000122,174.50000000000543,21.000000000000163,0,83.5499999999974,0.25,0,24.00000000000003,171.9999999999983
J001340,2023-02-03/PUJA,PUJA,AMR_15,G24_15,WS_13_20,"[""110555""]",2,11353.799999975026,11958.149999966232,11765.949999969029,11353.799999975026,11635.049999970934,11639.099999970875,11755.849999969176,11755.899999969175,11765.89999996903,11765.949999969029,11954.09999996629,11958.149999966232,18.100000000000122,190.30000000000902,26.700000000000244,0,369.0000000000496,0.25,0,118.00000000000173,68.0000000000001
J001341,2023-02-03/SEMY,SEMY,AMR_34,G32_15,WS_19_20,"[""101084""]",1,11360.149999974934,11531.649999972438,11454.899999973555,11360.149999974934,11400.699999974344,11404.749999974285,11444.799999973702,11444.849999973701,11454.849999973556,11454.899999973555,11527.599999972497,11531.649999972438,18.100000000000122,106.54999999999609,14.300000000000068,0,32.3000000000003,0.25,0,40.00000000000021,75.99999999999997
J001342,2023-02-03/SRPA,SRPA,AMR_28,G14_14,WS_8_20,"[""107224"", ""110306"", ""111372"", ""112374"", ""113162"", ""113197""]",6,11390.64999997449,11573.39999997183,11522.249999972575,11390.64999997449,11444.149999973712,11448.199999973653,11512.149999972722,11512.199999972721,11522.199999972576,11522.249999972575,11569.34999997189,11573.39999997183,18.100000000000122,81.94999999999749,15.250000000000082,0,67.19999999999833,0.25,0,18.0,60.000000000000355
J001343,2023-02-03/TPKA,TPKA,AMR_02,G26_12,WS_2_20,"[""111241""]",1,11403.04999997431,11750.74999996925,11664.14999997051,11403.04999997431,11557.949999972056,11561.999999971997,11654.049999970657,11654.099999970656,11664.09999997051,11664.14999997051,11746.699999969309,11750.74999996925,18.100000000000122,239.75000000002026,22.95000000000019,0,66.64999999999836,0.25,0,118.00000000000199,167.9999999999986
J001344,2023-02-03/SPER,SPER,AMR_06,G3_15,WS_30_20,"[""110222"", ""110255"", ""112231""]",3,11423.049999974019,11956.149999966261,11683.849999970224,11423.049999974019,11566.149999971936,11570.199999971877,11673.74999997037,11673.79999997037,11683.799999970224,11683.849999970224,11952.09999996632,11956.149999966261,18.100000000000122,191.85000000000937,21.050000000000164,0,301.85000000003436,0.25,0,64.00000000000087,139.9999999999991
J001345,2023-02-03/TPKA,TPKA,AMR_04,G27_13,WS_2_20,"[""101027""]",2,11429.549999973924,11868.699999967534,11778.749999968843,11429.549999973924,11556.799999972072,11560.849999972013,11768.64999996899,11768.699999968989,11778.699999968843,11778.749999968843,11864.649999967593,11868.699999967534,18.100000000000122,224.75000000001685,24.95000000000022,0,171.10000000000466,0.25,0,92.00000000000128,183.9999999999952
J001346,2023-02-03/KJSC,KJSC,AMR_19,G20_13,WS_25_20,"[""110164""]",1,11442.449999973736,11767.549999969006,11648.749999970734,11442.449999973736,11550.599999972163,11554.649999972104,11638.649999970881,11638.69999997088,11648.699999970735,11648.749999970734,11763.499999969064,11767.549999969006,18.100000000000122,134.7999999999964,20.05000000000015,0,151.9000000000003,0.25,0,86.00000000000094,64.00000000000013
J001347,2023-02-03/PUJA,PUJA,AMR_26,G23_12,WS_13_20,"[""131590""]",1,11447.74999997366,11912.94999996689,11782.949999968781,11447.74999997366,11677.349999970318,11681.39999997026,11772.849999968928,11772.899999968928,11782.899999968782,11782.949999968781,11908.899999966949,11912.94999996689,18.100000000000122,207.750000000013,35.55000000000012,0,203.55000000001203,0.25,0,132.00000000000267,88.00000000000011
J001348,2023-02-03/SRPA,SRPA,AMR_01,G6_15,WS_8_20,"[""107333"", ""121745""]",3,11450.199999973624,11572.04999997185,11554.14999997211,11450.199999973624,11479.499999973197,11483.549999973138,11544.049999972258,11544.099999972257,11554.099999972112,11554.14999997211,11567.99999997191,11572.04999997185,18.100000000000122,60.14999999999872,10.550000000000015,0,32.800000000000274,0.25,0,25.999999999999993,36.000000000000014
J001349,2023-02-03/SPER,SPER,AMR_09,G2_15,WS_30_20,"[""101163"", ""107439""]",2,11469.04999997335,11964.049999966146,11775.249999968893,11469.04999997335,11582.799999971694,11586.849999971635,11765.14999996904,11765.19999996904,11775.199999968894,11775.249999968893,11959.999999966205,11964.049999966146,18.100000000000122,204.20000000001218,17.15000000000011,0,255.3000000000238,0.25,0,52.0000000000004,163.99999999999835
J001350,2023-02-03/SEMY,SEMY,AMR_12,G15_14,WS_19_20,"[""110316"", ""124208""]",3,11473.699999973282,11718.049999969726,11671.799999970399,11473.699999973282,11584.099999971675,11588.149999971616,11661.699999970546,11661.749999970545,11671.7499999704,11671.799999970399,11713.999999969785,11718.049999969726,18.100000000000122,87.59999999999717,18.200000000000124,0,120.19999999999531,0.25,0,30.0,48.000000000000114
J001351,2023-02-03/TPKA,TPKA,AMR_22,G30_14,WS_2_20,"[""111367""]",1,11476.799999973236,11917.949999966817,11647.249999970756,11476.799999973236,11529.49999997247,11533.54999997241,11637.149999970903,11637.199999970902,11647.199999970757,11647.249999970756,11913.899999966876,11917.949999966817,18.100000000000122,208.2000000000131,18.150000000000123,0,196.45000000001042,0.25,0,42.00000000000013,195.99999999999355
J001352,2023-02-03/PUJA,PUJA,AMR_40,G21_9,WS_13_20,"[""110551""]",1,11488.999999973059,11825.099999968168,11676.099999970336,11488.999999973059,11524.499999972542,11528.549999972483,11665.999999970483,11666.049999970483,11676.049999970337,11676.099999970336,11821.049999968227,11825.099999968168,18.100000000000122,121.49999999999524,22.95000000000019,0,173.30000000000516,0.25,0,16.0,100.00000000000054
J001353,2023-02-03/SRPA,SRPA,AMR_14,G15_12,WS_8_20,"[""101097"", ""110401"", ""111252""]",3,11497.299999972938,11680.899999970266,11592.199999971557,11497.299999972938,11537.549999972352,11541.599999972294,11582.099999971704,11582.149999971703,11592.149999971558,11592.199999971557,11676.849999970325,11680.899999970266,18.100000000000122,92.1999999999969,13.400000000000055,0,59.64999999999875,0.25,0,22.0,76.00000000000068
J001354,2023-02-03/SPER,SPER,AMR_27,G3_13,WS_30_20,"[""110153"", ""110201""]",2,11502.299999972865,11839.999999967951,11661.849999970544,11502.299999972865,11502.299999972865,11506.349999972806,11651.74999997069,11651.79999997069,11661.799999970544,11661.849999970544,11835.94999996801,11839.999999967951,18.100000000000122,138.94999999999735,13.350000000000055,0,167.10000000000375,0.2,0,0.0,147.99999999999946
J001355,2023-02-03/KJSC,KJSC,AMR_29,G3_14,WS_25_20,"[""101151""]",2,11515.299999972676,11832.149999968065,11710.89999996983,11515.299999972676,11571.549999971858,11575.599999971799,11700.799999969977,11700.849999969976,11710.84999996983,11710.89999996983,11828.099999968124,11832.149999968065,18.100000000000122,163.05000000000283,14.350000000000069,0,121.09999999999526,0.25,0,56.000000000000654,120.0000000000005
J001356,2023-02-03/SEMY,SEMY,AMR_34,G23_15,WS_19_20,"[""111307""]",1,11531.699999972438,11654.299999970654,11623.499999971102,11531.699999972438,11581.899999971707,11585.949999971648,11613.399999971249,11613.449999971248,11623.449999971102,11623.499999971102,11650.249999970712,11654.299999970654,18.100000000000122,64.39999999999849,12.450000000000042,0,27.400000000000254,0.25,0,22.0,40.00000000000003
J001357,2023-02-03/PUJA,PUJA,AMR_35,G23_10,WS_13_20,"[""131980""]",1,11532.19999997243,11943.84999996644,11702.949999969946,11532.19999997243,11611.89999997127,11615.949999971212,11692.849999970093,11692.899999970092,11702.899999969946,11702.949999969946,11939.799999966499,11943.84999996644,18.100000000000122,137.94999999999712,15.250000000000082,0,240.10000000002034,0.25,0,70.00000000000057,84.00000000000071
J001358,2023-02-03/SRPA,SRPA,AMR_05,G18_12,WS_8_20,"[""101305"", ""110526"", ""112386""]",3,11538.39999997234,11733.799999969497,11667.64999997046,11538.39999997234,11591.199999971572,11595.249999971513,11657.549999970606,11657.599999970605,11667.59999997046,11667.64999997046,11729.749999969556,11733.799999969497,18.100000000000122,128.1999999999949,16.200000000000095,0,32.65000000000028,0.25,0,54.00000000000057,88.00000000000074
J001359,2023-02-03/SPER,SPER,AMR_39,G26_15,WS_30_20,"[""110575""]",1,11539.14999997233,11881.649999967345,11855.94999996772,11539.14999997233,11771.049999968955,11775.099999968896,11845.849999967866,11845.899999967865,11855.89999996772,11855.94999996772,11877.599999967404,11881.649999967345,18.100000000000122,128.34999999999494,23.900000000000205,0,171.90000000000484,0.25,0,92.00000000000077,44.0
J001360,2023-02-03/TPKA,TPKA,AMR_20,G33_14,WS_2_20,"[""111214""]",1,11539.449999972325,12062.849999964708,11857.2999999677,11539.449999972325,11669.199999970437,11673.249999970378,11847.199999967846,11847.249999967846,11857.2499999677,11857.2999999677,12058.799999964767,12062.849999964708,18.100000000000122,249.25000000002242,26.700000000000244,0,229.10000000001784,0.25,0,38.000000000000114,251.99999999998633
J001361,2023-02-03/SEMY,SEMY,AMR_30,G3_10,WS_19_20,"[""110574""]",1,11549.44999997218,12074.199999964543,11968.149999966086,11549.44999997218,11660.399999970565,11664.449999970506,11958.049999966233,11958.099999966233,11968.099999966087,11968.149999966086,12070.149999964602,12074.199999964543,18.100000000000122,252.7000000000232,31.550000000000313,0,222.15000000001626,0.25,0,74.00000000000148,203.99999999999517
J001362,2023-02-03/SRPA,SRPA,AMR_36,G9_13,WS_8_20,"[""112009"", ""117431""]",2,11554.399999972107,12039.899999965042,12005.349999965545,11554.399999972107,11968.749999966078,11972.799999966019,11995.249999965692,11995.299999965691,12005.299999965546,12005.349999965545,12035.849999965101,12039.899999965042,18.100000000000122,160.00000000000213,36.500000000000064,0,270.65000000002726,0.25,0,108.0000000000004,48.000000000000384
J001363,2023-02-03/PUJA,PUJA,AMR_23,G14_13,WS_13_20,"[""117415""]",1,11554.599999972104,11992.499999965732,11895.849999967139,11554.599999972104,11835.649999968015,11839.699999967956,11885.749999967285,11885.799999967285,11895.79999996714,11895.849999967139,11988.449999965791,11992.499999965732,18.100000000000122,111.34999999999582,23.050000000000193,0,285.15000000003056,0.25,0,64.00000000000057,44.000000000000114
J001364,2023-02-03/SEMY,SEMY,AMR_13,G3_8,WS_19_20,"[""110255""]",2,11560.849999972013,12081.599999964435,11924.949999966715,11560.849999972013,11609.599999971304,11613.649999971245,11914.849999966862,11914.899999966861,11924.899999966716,11924.949999966715,12077.549999964494,12081.599999964435,18.100000000000122,205.45000000001247,27.600000000000257,0,269.35000000002697,0.25,0,33.99999999999997,179.99999999999545
J001365,2023-02-03/SPER,SPER,AMR_01,G36_15,WS_30_20,"[""118513""]",1,11572.09999997185,11789.19999996869,11758.199999969142,11572.09999997185,11718.749999969716,11722.799999969657,11748.099999969289,11748.149999969288,11758.149999969142,11758.199999969142,11785.14999996875,11789.19999996869,18.100000000000122,145.84999999999891,15.250000000000082,0,37.65,0.25,0,136.00000000000128,48.00000000000003
J001366,2023-02-03/SRPA,SRPA,AMR_08,G5_15,WS_8_20,"[""110533"", ""112445""]",2,11572.399999971845,11885.49999996729,11861.649999967636,11572.399999971845,11764.849999969045,11768.899999968986,11851.549999967783,11851.599999967782,11861.599999967637,11861.649999967636,11881.449999967348,11885.49999996729,18.100000000000122,166.8500000000037,25.850000000000232,0,102.04999999999634,0.25,0,140.00000000000216,40.0
J001367,2023-02-03/SEMY,SEMY,AMR_28,G14_14,WS_19_20,"[""107034""]",1,11573.44999997183,11750.349999969256,11649.449999970724,11573.44999997183,11573.44999997183,11577.499999971771,11639.349999970871,11639.39999997087,11649.399999970725,11649.449999970724,11746.299999969315,11750.349999969256,18.100000000000122,67.5999999999983,13.400000000000055,0,77.59999999999773,0.2,0,0.0,64.00000000000004
J001368,2023-02-03/PUJA,PUJA,AMR_33,G26_14,WS_13_20,"[""101147""]",1,11575.749999971797,12296.499999961308,12092.349999964279,11575.749999971797,11660.599999970562,11664.649999970503,12082.249999964426,12082.299999964425,12092.29999996428,12092.349999964279,12292.449999961367,12296.499999961308,18.100000000000122,211.3000000000138,34.45000000000018,0,456.65000000006955,0.25,0,70.00000000000091,144.0000000000006
J001369,2023-02-03/SPER,SPER,AMR_11,G30_12,WS_30_20,"[""111371""]",1,11582.699999971695,11763.299999969067,11721.449999969676,11582.699999971695,11671.499999970403,11675.549999970344,11711.349999969823,11711.399999969823,11721.399999969677,11721.449999969676,11759.249999969126,11763.299999969067,18.100000000000122,114.19999999999565,19.150000000000137,0,28.900000000000276,0.25,0,76.00000000000068,48.00000000000023
J001370,2023-02-03/KJSC,KJSC,AMR_25,G15_9,WS_25_20,"[""110377""]",1,11584.649999971667,11784.149999968764,11671.099999970409,11584.649999971667,11584.649999971667,11588.699999971608,11660.999999970556,11661.049999970555,11671.04999997041,11671.099999970409,11780.099999968823,11784.149999968764,18.100000000000122,103.84999999999624,13.350000000000055,0,63.9999999999985,0.2,0,0.0,120.00000000000125
J001371,2023-02-03/KJSC,KJSC,AMR_17,G8_14,WS_25_20,"[""112430""]",1,11592.549999971552,11841.49999996793,11786.649999968728,11592.549999971552,11592.549999971552,11596.599999971493,11776.549999968875,11776.599999968874,11786.599999968728,11786.649999968728,11837.449999967988,11841.49999996793,18.100000000000122,147.5499999999993,19.100000000000136,0,63.9999999999985,0.2,0,0.0,151.99999999999878
J001372,2023-02-03/SRPA,SRPA,AMR_32,G2_14,WS_8_20,"[""110291"", ""111207""]",2,11594.599999971522,11739.899999969408,11705.149999969914,11594.599999971522,11652.199999970684,11656.249999970625,11695.04999997006,11695.09999997006,11705.099999969914,11705.149999969914,11735.849999969467,11739.899999969408,18.100000000000122,97.24999999999662,15.300000000000082,0,14.40000000000007,0.25,0,42.000000000000114,64.00000000000031
J001373,2023-02-03/SRPA,SRPA,AMR_38,G14_15,WS_8_20,"[""101025"", ""110417"", ""112324""]",3,11598.299999971468,11687.799999970166,11641.949999970833,11598.299999971468,11598.299999971468,11602.34999997141,11631.84999997098,11631.89999997098,11641.899999970834,11641.949999970833,11683.749999970225,11687.799999970166,18.100000000000122,53.24999999999911,10.500000000000014,0,7.4499999999999815,0.2,0,0.0,52.00000000000024
J001374,2023-02-03/TPKA,TPKA,AMR_03,G29_14,WS_2_20,"[""110525""]",1,11610.399999971292,12140.699999963575,12042.749999965,11610.399999971292,11610.399999971292,11614.449999971233,12032.649999965148,12032.699999965147,12042.699999965002,12042.749999965,12136.649999963634,12140.699999963575,18.100000000000122,167.3000000000038,24.800000000000217,0,319.90000000003846,0.2,0,0.0,175.99999999999758
J001375,2023-02-03/SRPA,SRPA,AMR_37,G17_15,WS_8_20,"[""112034"", ""125583""]",2,11623.149999971107,11908.14999996696,11721.349999969678,11623.149999971107,11665.749999970487,11669.799999970428,11711.249999969825,11711.299999969824,11721.299999969679,11721.349999969678,11904.099999967018,11908.14999996696,18.100000000000122,94.59999999999677,12.400000000000041,0,159.65000000000205,0.25,0,24.0,64.00000000000018
J001376,2023-02-03/KJSC,KJSC,AMR_31,G17_10,WS_25_20,"[""110500""]",1,11632.349999970973,11834.949999968025,11694.999999970061,11632.349999970973,11632.349999970973,11636.399999970914,11684.899999970208,11684.949999970208,11694.949999970062,11694.999999970061,11830.899999968084,11834.949999968025,18.100000000000122,105.79999999999613,16.250000000000096,0,62.2499999999986,0.2,0,0.0,116.00000000000111
J001377,2023-02-03/SRPA,SRPA,AMR_07,G9_15,WS_8_20,"[""110483"", ""123035""]",2,11641.999999970833,11710.499999969836,11683.39999997023,11641.999999970833,11641.999999970833,11646.049999970774,11673.299999970377,11673.349999970376,11683.34999997023,11683.39999997023,11706.449999969895,11710.499999969836,18.100000000000122,36.35000000000007,5.699999999999988,0,8.14999999999998,0.2,0,0.0,35.999999999999986
J001378,2023-02-03/SPER,SPER,AMR_34,G23_14,WS_30_20,"[""101117"", ""101335""]",2,11661.899999970543,11923.999999966729,11826.649999968145,11661.899999970543,11665.999999970483,11670.049999970424,11816.549999968292,11816.599999968292,11826.599999968146,11826.649999968145,11919.949999966788,11923.999999966729,18.100000000000122,85.2499999999973,11.400000000000027,0,147.0999999999992,0.25,0,2.0,88.00000000000037
J001379,2023-02-03/SRPA,SRPA,AMR_18,G21_13,WS_8_20,"[""101149"", ""107256"", ""107259"", ""110205"", ""110520"", ""110590""]",6,11667.699999970459,11990.54999996576,11824.749999968173,11667.699999970459,11667.699999970459,11671.7499999704,11814.64999996832,11814.69999996832,11824.699999968174,11824.749999968173,11986.49999996582,11990.54999996576,18.100000000000122,104.39999999999621,13.400000000000055,0,186.7500000000082,0.2,0,0.0,108.00000000000063
J001380,2023-02-03/PUJA,PUJA,AMR_21,G27_15,WS_13_20,"[""111283""]",1,11676.149999970336,12068.94999996462,12023.299999965284,11676.149999970336,11750.949999969247,11754.999999969188,12013.19999996543,12013.24999996543,12023.249999965285,12023.299999965284,12064.899999964678,12068.94999996462,18.100000000000122,163.0000000000028,20.00000000000015,0,191.45000000000928,0.25,0,84.000000000001,96.00000000000027
J001381,2023-02-03/KJSC,KJSC,AMR_14,G15_12,WS_25_20,"[""110401""]",1,11680.949999970266,11924.149999966727,11802.749999968493,11680.949999970266,11680.949999970266,11684.999999970207,11792.64999996864,11792.69999996864,11802.699999968494,11802.749999968493,11920.099999966786,11924.149999966727,18.100000000000122,80.14999999999759,9.5,0,135.2499999999965,0.2,0,0.0,84.00000000000017
J001382,2023-02-03/SRPA,SRPA,AMR_24,G18_15,WS_8_20,"[""101296"", ""123305""]",2,11683.44999997023,11991.199999965751,11877.549999967405,11683.44999997023,11809.349999968397,11813.399999968338,11867.449999967552,11867.499999967551,11877.499999967406,11877.549999967405,11987.14999996581,11991.199999965751,18.100000000000122,105.19999999999617,18.150000000000123,0,166.0500000000035,0.25,0,32.0,68.0000000000004
J001383,2023-02-03/SPER,SPER,AMR_16,G33_12,WS_30_20,"[""112357""]",1,11686.699999970182,11830.999999968082,11792.299999968645,11686.699999970182,11745.19999996933,11749.249999969272,11782.199999968792,11782.249999968792,11792.249999968646,11792.299999968645,11826.949999968141,11830.999999968082,18.100000000000122,88.94999999999709,14.300000000000068,0,22.700000000000188,0.25,0,42.0,56.00000000000031
J001384,2023-02-03/PUJA,PUJA,AMR_38,G27_14,WS_13_20,"[""125463""]",1,11702.999999969945,12989.999999951217,12492.499999958456,11702.999999969945,11949.099999966364,11953.149999966305,12482.399999958603,12482.449999958602,12492.449999958457,12492.499999958456,12985.949999951275,12989.999999951217,18.100000000000122,371.5000000000502,51.6499999999992,0,845.4999999997788,0.25,0,92.0000000000008,283.9999999999942
J001385,2023-02-03/SRPA,SRPA,AMR_07,G17_12,WS_8_20,"[""101221"", ""101337""]",2,11710.549999969835,11944.799999966426,11893.499999967173,11710.549999969835,11829.599999968103,11833.649999968044,11883.39999996732,11883.449999967319,11893.449999967173,11893.499999967173,11940.749999966485,11944.799999966426,18.100000000000122,114.99999999999561,17.25000000000011,0,83.64999999999739,0.25,0,42.0,84.00000000000102
J001386,2023-02-03/SRPA,SRPA,AMR_12,G15_10,WS_8_20,"[""112286"", ""122686""]",2,11721.399999969677,11913.199999966886,11808.699999968407,11721.399999969677,11738.649999969426,11742.699999969367,11798.599999968554,11798.649999968553,11808.649999968407,11808.699999968407,11909.149999966945,11913.199999966886,18.100000000000122,88.39999999999712,12.400000000000041,0,72.64999999999802,0.25,0,12.0,76.00000000000051
J001387,2023-02-03/SPER,SPER,AMR_05,G14_15,WS_30_20,"[""101025"", ""111228""]",2,11733.849999969496,12142.849999963544,12048.599999964916,11733.849999969496,11759.999999969115,11764.049999969056,12038.499999965063,12038.549999965062,12048.549999964916,12048.599999964916,12138.799999963603,12142.849999963544,18.100000000000122,150.1499999999999,21.000000000000163,0,219.50000000001566,0.25,0,22.0,128.0000000000002
J001388,2023-02-03/SPER,SPER,AMR_02,G23_15,WS_30_20,"[""111307""]",1,11758.24999996914,12299.84999996126,12082.69999996442,11758.24999996914,11952.349999966316,11956.399999966257,12072.599999964566,12072.649999964566,12082.64999996442,12082.69999996442,12295.799999961318,12299.84999996126,18.100000000000122,102.7499999999963,20.05000000000015,0,400.4500000000568,0.25,0,24.0,64.0
J001389,2023-02-03/PUJA,PUJA,AMR_11,G27_12,WS_13_20,"[""138386""]",1,11765.999999969028,12054.399999964831,11989.19999996578,11765.999999969028,11783.09999996878,11787.14999996872,11979.099999965927,11979.149999965926,11989.14999996578,11989.19999996578,12050.34999996489,12054.399999964831,18.100000000000122,117.14999999999549,16.150000000000095,0,136.74999999999685,0.25,0,10.0,104.00000000000057
J001390,2023-02-03/SPER,SPER,AMR_19,G24_13,WS_30_20,"[""112084""]",1,11775.299999968893,12075.299999964527,11946.299999966404,11775.299999968893,11812.149999968356,11816.199999968298,11936.199999966551,11936.24999996655,11946.249999966405,11946.299999966404,12071.249999964586,12075.299999964527,18.100000000000122,95.7999999999967,19.150000000000137,0,166.70000000000366,0.25,0,24.0,64.00000000000003
J001391,2023-02-03/PUJA,PUJA,AMR_28,G26_12,WS_13_20,"[""111241""]",1,11782.99999996878,12057.89999996478,12006.249999965532,11782.99999996878,11839.099999967964,11843.149999967905,11996.149999965679,11996.199999965678,12006.199999965533,12006.249999965532,12053.84999996484,12057.89999996478,18.100000000000122,131.7499999999957,18.150000000000123,0,106.64999999999608,0.25,0,36.0,96.0000000000006
J001392,2023-02-03/SPER,SPER,AMR_01,G32_10,WS_30_20,"[""101329""]",1,11792.349999968645,11910.499999966925,11873.149999967469,11792.349999968645,11817.599999968277,11821.649999968218,11863.049999967616,11863.099999967615,11873.09999996747,11873.149999967469,11906.449999966984,11910.499999966925,18.100000000000122,79.9499999999976,15.250000000000082,0,4.599999999999992,0.25,0,22.0,60.00000000000031
J001393,2023-02-03/KKLD,KKLD,AMR_32,G0_15,WS_25_20,"[""110148"", ""110185"", ""110231"", ""110475"", ""111276"", ""112056"", ""121833""]",8,11802.799999968493,12200.7999999627,12103.599999964115,11802.799999968493,11815.849999968303,11819.899999968244,12093.499999964262,12093.549999964262,12103.549999964116,12103.599999964115,12196.74999996276,12200.7999999627,18.100000000000122,170.4000000000045,19.050000000000136,0,190.200000000009,0.25,0,6.000000000000004,155.99999999999733
J001394,2023-02-03/KKLD,KKLD,AMR_25,G20_15,WS_25_20,"[""101075"", ""110221"", ""110502"", ""110603"", ""112086"", ""136998""]",6,11802.799999968493,11993.799999965713,11950.04999996635,11802.799999968493,11831.749999968071,11835.799999968012,11939.949999966497,11939.999999966496,11949.99999996635,11950.04999996635,11989.749999965772,11993.799999965713,18.100000000000122,89.54999999999706,16.250000000000096,0,66.84999999999835,0.25,0,22.0,68.0
J001395,2023-02-03/KKLD,KKLD,AMR_40,G17_14,WS_25_20,"[""101135"", ""107232"", ""110512"", ""110540"", ""110583""]",5,11825.149999968167,12104.399999964104,12055.749999964812,11825.149999968167,11866.84999996756,11870.899999967502,12045.649999964959,12045.699999964958,12055.699999964812,12055.749999964812,12100.349999964163,12104.399999964104,18.100000000000122,113.24999999999571,19.150000000000137,0,128.49999999999497,0.25,0,26.0,88.00000000000014
J001396,2023-02-03/KKLD,KKLD,AMR_16,G15_13,WS_25_20,"[""101193"", ""107272"", ""110182"", ""110346"", ""112302""]",5,11831.049999968081,12099.699999964172,12039.749999965044,11831.049999968081,11871.69999996749,11875.749999967431,12029.649999965191,12029.69999996519,12039.699999965045,12039.749999965044,12095.649999964231,12099.699999964172,18.100000000000122,119.59999999999535,18.200000000000124,0,112.49999999999575,0.25,0,42.00000000000004,88.00000000000023
J001397,2023-02-03/SRPA,SRPA,AMR_29,G3_14,WS_8_20,"[""101151"", ""112040""]",2,11832.199999968065,11940.199999966493,11909.44999996694,11832.199999968065,11832.199999968065,11836.249999968006,11899.349999967088,11899.399999967087,11909.399999966941,11909.44999996694,11936.149999966552,11940.199999966493,18.100000000000122,56.49999999999893,9.55,0,23.6500000000002,0.2,0,0.0,52.00000000000007
J001398,2023-02-03/KKLD,KKLD,AMR_31,G21_14,WS_25_20,"[""101014"", ""101018"", ""110162"", ""110283""]",5,11834.999999968024,12140.34999996358,12071.69999996458,11834.999999968024,11975.199999965984,11979.249999965925,12061.599999964727,12061.649999964726,12071.64999996458,12071.69999996458,12136.29999996364,12140.34999996358,18.100000000000122,174.90000000000552,24.850000000000218,0,87.24999999999719,0.25,0,112.00000000000173,72.00000000000037
J001399,2023-02-03/SPER,SPER,AMR_27,G27_10,WS_30_20,"[""101179""]",1,11840.04999996795,12048.099999964923,12014.549999965411,11840.04999996795,11958.649999966225,11962.699999966166,12004.449999965558,12004.499999965557,12014.499999965412,12014.549999965411,12044.049999964982,12048.099999964923,18.100000000000122,157.2500000000015,22.95000000000019,0,9.5,0.25,0,126.00000000000242,60.00000000000048
J001400,2023-02-03/SRPA,SRPA,AMR_17,G20_14,WS_8_20,"[""101076"", ""110499""]",2,11841.549999967929,12016.499999965383,11956.549999966255,11841.549999967929,11897.14999996712,11901.19999996706,11946.449999966402,11946.499999966401,11956.499999966256,11956.549999966255,12012.449999965442,12016.499999965383,18.100000000000122,109.74999999999591,15.300000000000082,0,31.550000000000313,0.25,0,40.00000000000013,80.00000000000085
J001401,2023-02-03/KKLD,KKLD,AMR_04,G27_13,WS_25_20,"[""101027"", ""107136"", ""110309"", ""110374"", ""124205""]",5,11868.749999967533,12025.049999965258,11911.54999996691,11868.749999967533,11868.749999967533,11872.799999967474,11901.449999967057,11901.499999967056,11911.49999996691,11911.54999996691,12020.999999965317,12025.049999965258,18.100000000000122,53.14999999999912,9.55,0,75.29999999999787,0.2,0,0.0,52.00000000000021
J001402,2023-02-03/SPER,SPER,AMR_39,G21_12,WS_30_20,"[""101022""]",1,11881.699999967344,12167.84999996318,12031.549999965164,11881.699999967344,11949.099999966364,11953.149999966305,12021.44999996531,12021.49999996531,12031.499999965165,12031.549999965164,12163.79999996324,12167.84999996318,18.100000000000122,120.09999999999532,19.050000000000136,0,128.649999999995,0.25,0,28.0,92.00000000000017
J001403,2023-02-03/SRPA,SRPA,AMR_08,G21_15,WS_8_20,"[""107412"", ""110254""]",2,11885.549999967288,12372.6499999602,12104.749999964099,11885.549999967288,12038.549999965062,12042.599999965003,12094.649999964246,12094.699999964245,12104.6999999641,12104.749999964099,12368.599999960259,12372.6499999602,18.100000000000122,265.40000000002607,37.40000000000001,0,165.95000000000348,0.25,0,132.00000000000298,175.9999999999981
J001404,2023-02-03/SRPA,SRPA,AMR_37,G18_9,WS_8_20,"[""112275"", ""134680""]",2,11908.199999966959,12130.349999963726,12060.199999964747,11908.199999966959,11956.549999966255,11960.599999966196,12050.099999964894,12050.149999964893,12060.149999964748,12060.199999964747,12126.299999963785,12130.349999963726,18.100000000000122,117.24999999999548,16.200000000000095,0,70.34999999999815,0.25,0,22.0,100.00000000000097
J001405,2023-02-03/SRPA,SRPA,AMR_01,G26_15,WS_8_20,"[""110146"", ""110575""]",2,11910.549999966925,12239.149999962143,12120.649999963867,11910.549999966925,11947.549999966386,11951.599999966327,12110.549999964014,12110.599999964013,12120.599999963868,12120.649999963867,12235.099999962202,12239.149999962143,18.100000000000122,140.79999999999777,18.150000000000123,0,151.30000000000015,0.25,0,30.0,124.00000000000139
J001406,2023-02-03/PUJA,PUJA,AMR_26,G29_12,WS_13_20,"[""110562""]",1,11912.999999966889,12381.249999960075,12300.399999961252,11912.999999966889,11939.649999966501,11943.699999966442,12290.299999961398,12290.349999961398,12300.349999961252,12300.399999961252,12377.199999960134,12381.249999960075,18.100000000000122,172.10000000000488,27.75000000000026,0,250.0500000000226,0.25,0,16.0,151.9999999999986
J001407,2023-02-03/KKLD,KKLD,AMR_12,G15_14,WS_25_20,"[""110316"", ""112359"", ""123310"", ""124208""]",5,11913.249999966885,12139.599999963591,12087.649999964347,11913.249999966885,11967.799999966091,11971.849999966033,12077.549999964494,12077.599999964494,12087.599999964348,12087.649999964347,12135.54999996365,12139.599999963591,18.100000000000122,116.09999999999555,18.150000000000123,0,73.74999999999795,0.25,0,36.00000000000003,72.00000000000006
J001408,2023-02-03/SPER,SPER,AMR_22,G20_13,WS_30_20,"[""112332""]",1,11917.999999966816,12484.799999958568,12353.299999960482,11917.999999966816,12087.799999964345,12091.849999964286,12343.199999960629,12343.249999960628,12353.249999960482,12353.299999960482,12480.749999958627,12484.799999958568,18.100000000000122,171.80000000000481,32.50000000000029,0,344.150000000044,0.25,0,70.00000000000037,92.00000000000011
J001409,2023-02-03/SRPA,SRPA,AMR_34,G33_15,WS_8_20,"[""107332"", ""110314""]",2,11924.049999966728,12787.349999954165,12461.099999958913,11924.049999966728,11984.549999965848,11988.599999965789,12450.99999995906,12451.04999995906,12461.049999958914,12461.099999958913,12783.299999954224,12787.349999954165,18.100000000000122,241.95000000002076,34.40000000000018,0,568.6000000000306,0.25,0,42.00000000000023,199.9999999999953
J001410,2023-02-03/SPER,SPER,AMR_10,G26_13,WS_30_20,"[""122980""]",1,11946.349999966404,12112.499999963986,12065.649999964668,11946.349999966404,11946.349999966404,11950.399999966345,12055.549999964815,12055.599999964814,12065.599999964668,12065.649999964668,12108.449999964045,12112.499999963986,18.100000000000122,65.49999999999842,11.450000000000028,0,70.89999999999812,0.2,0,0.0,60.00000000000013
J001411,2023-02-03/KKLD,KKLD,AMR_07,G15_6,WS_25_20,"[""110336"", ""110385"", ""111212"", ""111228""]",4,11950.099999966349,12343.84999996062,12119.549999963883,11950.099999966349,11974.049999966,11978.099999965942,12109.44999996403,12109.49999996403,12119.499999963884,12119.549999963883,12339.799999960678,12343.84999996062,18.100000000000122,136.9499999999969,20.05000000000015,0,218.4000000000154,0.25,0,16.0,124.00000000000082
J001412,2023-02-03/SRPA,SRPA,AMR_06,G8_15,WS_8_20,"[""120449""]",1,11956.599999966254,12048.99999996491,12021.099999965316,11956.599999966254,11977.799999965946,11981.849999965887,12010.999999965463,12011.049999965462,12021.049999965317,12021.099999965316,12044.949999964969,12048.99999996491,18.100000000000122,56.199999999998944,12.450000000000042,0,5.399999999999989,0.25,0,18.0,36.0
J001413,2023-02-03/TMBM,TMBM,AMR_14,G17_13,WS_19_20,"[""101276""]",1,11968.199999966086,12063.049999964705,12032.299999965153,11968.199999966086,11981.399999965894,11985.449999965835,12022.1999999653,12022.2499999653,12032.249999965154,12032.299999965153,12058.999999964764,12063.049999964705,18.100000000000122,59.699999999998745,13.400000000000055,0,3.399999999999996,0.25,0,6.0,52.00000000000013
J001414,2023-02-03/PUJA,PUJA,AMR_15,G32_15,WS_13_20,"[""101084""]",1,11989.24999996578,12439.29999995923,12373.649999960186,11989.24999996578,12100.399999964162,12104.449999964103,12363.549999960333,12363.599999960332,12373.599999960186,12373.649999960186,12435.24999995929,12439.29999995923,18.100000000000122,181.10000000000693,22.85000000000019,0,227.75000000001754,0.25,0,36.00000000000003,147.9999999999991
J001415,2023-02-03/SRPA,SRPA,AMR_35,G24_15,WS_8_20,"[""100949"", ""110522"", ""123306""]",4,12005.399999965544,12501.549999958324,12408.749999959675,12005.399999965544,12284.599999961481,12288.649999961423,12398.649999959822,12398.699999959821,12408.699999959676,12408.749999959675,12497.499999958383,12501.549999958324,18.100000000000122,162.25000000000264,16.200000000000095,0,299.3500000000338,0.25,0,48.00000000000003,116.00000000000158
J001416,2023-02-03/PUJA,PUJA,AMR_25,G32_13,WS_13_20,"[""125246""]",1,12006.299999965531,12946.299999951852,12509.099999958215,12006.299999965531,12110.09999996402,12114.149999963962,12498.999999958362,12499.04999995836,12509.049999958215,12509.099999958215,12942.249999951911,12946.299999951852,18.100000000000122,299.55000000003383,56.49999999999893,0,565.6000000000333,0.25,0,56.00000000000007,219.99999999999747
J001417,2023-02-03/SPER,SPER,AMR_18,G21_13,WS_30_20,"[""101149""]",1,12014.59999996541,12451.69999995905,12144.899999963514,12014.59999996541,12014.59999996541,12018.649999965352,12134.799999963661,12134.84999996366,12144.849999963515,12144.899999963514,12447.649999959109,12451.69999995905,18.100000000000122,104.4999999999962,17.20000000000011,0,297.1000000000333,0.2,0,0.0,108.00000000000065
J001418,2023-02-03/SRPA,SRPA,AMR_23,G14_13,WS_8_20,"[""101104"", ""111295""]",2,12021.149999965315,12117.449999963914,12076.099999964516,12021.149999965315,12021.149999965315,12025.199999965256,12065.999999964662,12066.049999964662,12076.049999964516,12076.099999964516,12113.399999963973,12117.449999963914,18.100000000000122,59.149999999998776,9.55,0,9.299999999999997,0.2,0,0.0,60.0000000000005
J001419,2023-02-03/SPER,SPER,AMR_24,G18_15,WS_30_20,"[""101296""]",1,12031.599999965163,12397.499999959839,12161.899999963267,12031.599999965163,12031.599999965163,12035.649999965104,12151.799999963414,12151.849999963413,12161.849999963268,12161.899999963267,12393.449999959897,12397.499999959839,18.100000000000122,79.9499999999976,7.649999999999981,0,260.00000000002484,0.2,0,0.0,75.99999999999997
J001420,2023-02-03/TMTM,TMTM,AMR_17,G15_15,WS_19_20,"[""101290"", ""111376"", ""123094"", ""124702"", ""134029""]",5,12032.349999965152,12187.049999962901,12147.049999963483,12032.349999965152,12085.049999964385,12089.099999964326,12136.94999996363,12136.99999996363,12146.999999963484,12147.049999963483,12182.99999996296,12187.049999962901,18.100000000000122,79.24999999999764,14.350000000000069,0,42.74999999999971,0.25,0,32.0,44.00000000000003
J001421,2023-02-03/TMTM,TMTM,AMR_09,G14_14,WS_19_20,"[""110606"", ""112374"", ""113197"", ""120052""]",4,12032.349999965152,12189.999999962858,12129.949999963732,12032.349999965152,12069.64999996461,12073.69999996455,12119.849999963879,12119.899999963878,12129.899999963733,12129.949999963732,12185.949999962917,12189.999999962858,18.100000000000122,93.9999999999968,14.350000000000069,0,30.950000000000305,0.25,0,34.0,60.000000000000256
J001422,2023-02-03/TMTM,TMTM,AMR_04,G24_14,WS_19_20,"[""101013"", ""110297"", ""110492"", ""112036""]",6,12032.349999965152,12355.799999960445,12164.099999963235,12032.349999965152,12093.749999964259,12097.7999999642,12153.999999963382,12154.049999963381,12164.049999963236,12164.099999963235,12351.749999960504,12355.799999960445,18.100000000000122,94.99999999999675,21.050000000000164,0,189.05000000000874,0.25,0,24.0,60.000000000000114
J001423,2023-02-03/TMTM,TMTM,AMR_29,G18_5,WS_19_20,"[""110329"", ""112009"", ""120049"", ""123034""]",4,12032.349999965152,12278.49999996157,12181.149999962987,12032.349999965152,12086.349999964366,12090.399999964307,12171.049999963134,12171.099999963133,12181.099999962988,12181.149999962987,12274.44999996163,12278.49999996157,18.100000000000122,142.19999999999808,19.150000000000137,0,66.44999999999837,0.25,0,60.00000000000073,96.00000000000097
J001424,2023-02-03/TMTM,TMTM,AMR_36,G20_15,WS_19_20,"[""110502"", ""112010"", ""112086""]",3,12039.949999965042,12301.89999996123,12255.749999961901,12039.949999965042,12199.44999996272,12203.499999962662,12245.649999962048,12245.699999962048,12255.699999961902,12255.749999961901,12297.849999961289,12301.89999996123,18.100000000000122,100.64999999999642,21.950000000000177,0,120.99999999999527,0.25,0,54.00000000000003,32.0
J001425,2023-02-03/TSGB,TSGB,AMR_27,G17_4,WS_2_20,"[""101330"", ""110231"", ""110299"", ""110475"", ""111261"", ""111376"", ""111391"", ""123310"", ""124704""]",11,12048.149999964922,12247.699999962018,12174.74999996308,12048.149999964922,12089.999999964313,12094.049999964254,12164.649999963227,12164.699999963226,12174.69999996308,12174.74999996308,12243.649999962077,12247.699999962018,18.100000000000122,160.45000000000223,16.200000000000095,0,4.549999999999992,0.25,0,40.0,159.99999999999952
J001426,2023-02-03/TSGB,TSGB,AMR_06,G3_15,WS_2_20,"[""110222"", ""110615"", ""112231"", ""112392"", ""127627""]",7,12049.04999996491,12127.549999963767,12103.149999964122,12049.04999996491,12069.199999964616,12073.249999964557,12093.049999964269,12093.099999964268,12103.099999964123,12103.149999964122,12123.499999963826,12127.549999963767,18.100000000000122,47.14999999999946,10.500000000000014,0,2.499999999999999,0.25,0,14.0,31.99999999999997
J001427,2023-02-03/TSGB,TSGB,AMR_11,G12_7,WS_2_20,"[""101296"", ""110148"", ""110185"", ""112010"", ""136998""]",8,12054.44999996483,12294.599999961336,12209.199999962579,12054.44999996483,12139.199999963597,12143.249999963538,12199.099999962726,12199.149999962725,12209.14999996258,12209.199999962579,12290.549999961395,12294.599999961336,18.100000000000122,162.25000000000264,20.10000000000015,0,39.449999999999896,0.25,0,76.00000000000074,120.00000000000242
J001428,2023-02-03/TSGB,TSGB,AMR_28,G17_6,WS_2_20,"[""101135"", ""110390"", ""110450"", ""110512"", ""134027""]",8,12057.94999996478,12255.14999996191,12192.049999962828,12057.94999996478,12111.849999963995,12115.899999963936,12181.949999962975,12181.999999962974,12191.999999962829,12192.049999962828,12251.099999961969,12255.14999996191,18.100000000000122,133.64999999999614,18.100000000000122,0,27.10000000000025,0.25,0,34.00000000000003,120.00000000000225
J001429,2023-02-03/KKLD,KKLD,AMR_20,G2_15,WS_25_20,"[""101163"", ""107439"", ""112013"", ""115355""]",4,12062.899999964708,12703.999999955378,12553.34999995757,12062.899999964708,12255.499999961905,12259.549999961846,12543.249999957718,12543.299999957717,12553.299999957571,12553.34999995757,12699.949999955437,12703.999999955378,18.100000000000122,269.25000000002694,31.550000000000313,0,321.9500000000389,0.25,0,148.00000000000097,147.99999999999903
J001430,2023-02-03/TSGB,TSGB,AMR_14,G5_10,WS_2_20,"[""109989"", ""110178"", ""110189"", ""112380""]",4,12063.099999964705,12297.549999961293,12261.449999961818,12063.099999964705,12216.099999962478,12220.14999996242,12251.349999961965,12251.399999961965,12261.399999961819,12261.449999961818,12293.499999961352,12297.549999961293,18.100000000000122,128.39999999999495,23.000000000000192,0,64.69999999999847,0.25,0,82.0000000000017,56.00000000000048
J001431,2023-02-03/SPER,SPER,AMR_21,G18_13,WS_30_20,"[""131216""]",1,12068.999999964619,12858.649999953128,12574.399999957264,12068.999999964619,12443.199999959174,12447.249999959115,12564.299999957411,12564.34999995741,12574.349999957265,12574.399999957264,12854.599999953187,12858.649999953128,18.100000000000122,164.45000000000314,25.80000000000023,0,581.0500000000193,0.25,0,42.0,104.00000000000003
J001432,2023-02-03/KKLD,KKLD,AMR_30,G23_12,WS_25_20,"[""101203"", ""110149"", ""111273""]",3,12074.249999964542,12564.949999957402,12480.999999958623,12074.249999964542,12310.09999996111,12314.149999961051,12470.89999995877,12470.94999995877,12480.949999958624,12480.999999958623,12560.89999995746,12564.949999957402,18.100000000000122,182.20000000000718,27.70000000000026,0,262.4500000000254,0.25,0,140.00000000000176,56.00000000000004
J001433,2023-02-03/SRPA,SRPA,AMR_19,G27_13,WS_8_20,"[""101027"", ""111223"", ""111247""]",3,12075.349999964526,12615.649999956664,12444.899999959149,12075.349999964526,12112.89999996398,12116.949999963921,12434.799999959296,12434.849999959295,12444.84999995915,12444.899999959149,12611.599999956723,12615.649999956664,18.100000000000122,165.70000000000343,34.350000000000186,0,321.9000000000389,0.25,0,18.0,140.0000000000002
J001434,2023-02-03/TMTM,TMTM,AMR_13,G23_13,WS_19_20,"[""101060"", ""110357"", ""124008""]",4,12081.649999964435,12357.249999960424,12301.049999961242,12081.649999964435,12139.599999963591,12143.649999963533,12290.949999961389,12290.999999961388,12300.999999961243,12301.049999961242,12353.199999960483,12357.249999960424,18.100000000000122,98.94999999999652,15.300000000000082,0,142.99999999999827,0.25,0,50.0,48.00000000000021
J001435,2023-02-03/SPER,SPER,AMR_16,G17_15,WS_30_20,"[""111249""]",1,12099.749999964171,12424.699999959443,12246.549999962035,12099.749999964171,12114.399999963958,12118.4499999639,12236.449999962182,12236.499999962181,12246.499999962036,12246.549999962035,12420.649999959502,12424.699999959443,18.100000000000122,127.84999999999488,18.100000000000122,0,160.65000000000228,0.25,0,8.0,116.00000000000017
J001436,2023-02-03/KKLD,KKLD,AMR_40,G27_15,WS_25_20,"[""110278"", ""110293"", ""112070""]",3,12104.449999964103,12454.899999959003,12427.199999959406,12104.449999964103,12397.649999959836,12401.699999959777,12417.099999959553,12417.149999959553,12427.149999959407,12427.199999959406,12450.849999959062,12454.899999959003,18.100000000000122,196.8500000000105,35.50000000000012,0,99.74999999999648,0.25,0,181.99999999999625,36.00000000000003
J001437,2023-02-03/TSGB,TSGB,AMR_10,G15_13,WS_2_20,"[""107272"", ""110179"", ""110346"", ""112285"", ""137523""]",6,12112.549999963985,12374.249999960177,12323.449999960916,12112.549999963985,12264.999999961767,12269.049999961708,12313.349999961063,12313.399999961062,12323.399999960917,12323.449999960916,12370.199999960236,12374.249999960177,18.100000000000122,144.54999999999862,23.000000000000192,0,75.79999999999784,0.25,0,66.0000000000006,92.00000000000134
J001438,2023-02-03/SRPA,SRPA,AMR_23,G26_12,WS_8_20,"[""101334"", ""107343"", ""111241""]",3,12117.499999963913,12916.89999995228,12599.499999956899,12117.499999963913,12451.599999959051,12455.649999958992,12589.399999957046,12589.449999957045,12599.4499999569,12599.499999956899,12912.84999995234,12916.89999995228,18.100000000000122,315.1500000000374,53.79999999999908,0,412.1000000000594,0.25,0,189.99999999999687,136.00000000000105
J001439,2023-02-03/KKLD,KKLD,AMR_06,G18_14,WS_25_20,"[""110189"", ""111342"", ""112326""]",3,12127.599999963766,13245.649999947496,13160.449999948736,12127.599999963766,12519.549999958062,12523.599999958004,13150.349999948883,13150.399999948882,13160.399999948737,13160.449999948736,13241.599999947555,13245.649999947496,18.100000000000122,280.0500000000294,37.30000000000002,0,782.3499999998362,0.25,0,132.00000000000173,148.00000000000037
J001440,2023-02-03/SRPA,SRPA,AMR_37,G26_13,WS_8_20,"[""110319"", ""114899"", ""134599""]",3,12130.399999963725,13099.74999994962,12763.949999954506,12130.399999963725,12541.549999957742,12545.599999957683,12753.849999954653,12753.899999954652,12763.899999954507,12763.949999954506,13095.699999949678,13099.74999994962,18.100000000000122,410.150000000059,63.199999999998546,0,477.65000000007433,0.25,0,219.9999999999924,227.99999999999224
J001441,2023-02-03/KKLD,KKLD,AMR_12,G17_13,WS_25_20,"[""110168"", ""112317"", ""123788""]",3,12139.64999996359,12438.799999959238,12341.249999960657,12139.64999996359,12152.999999963396,12157.049999963338,12331.149999960804,12331.199999960803,12341.199999960658,12341.249999960657,12434.749999959296,12438.799999959238,18.100000000000122,85.59999999999728,13.400000000000055,0,181.8000000000071,0.25,0,6.0,76.00000000000014
J001442,2023-02-03/TMTM,TMTM,AMR_31,G17_12,WS_19_20,"[""110169"", ""110313"", ""112068""]",5,12140.39999996358,12488.199999958519,12452.249999959042,12140.39999996358,12354.79999996046,12358.849999960401,12442.149999959189,12442.199999959188,12452.199999959043,12452.249999959042,12484.149999958578,12488.199999958519,18.100000000000122,110.64999999999586,23.050000000000193,0,195.75000000001026,0.25,0,52.0,56.00000000000023
J001443,2023-02-03/PUJA,PUJA,AMR_03,G29_14,WS_13_20,"[""214618""]",1,12140.749999963575,12433.599999959313,12356.699999960432,12140.749999963575,12140.749999963575,12144.799999963516,12346.59999996058,12346.649999960578,12356.649999960433,12356.699999960432,12429.549999959372,12433.599999959313,18.100000000000122,114.99999999999561,17.25000000000011,0,142.2999999999981,0.2,0,0.0,116.00000000000065
J001444,2023-02-03/SPER,SPER,AMR_05,G17_14,WS_30_20,"[""110540""]",1,12142.899999963543,12510.299999958197,12370.349999960234,12142.899999963543,12162.949999963252,12166.999999963193,12360.24999996038,12360.29999996038,12370.299999960234,12370.349999960234,12506.249999958256,12510.299999958197,18.100000000000122,116.69999999999551,18.150000000000123,0,214.20000000001446,0.25,0,12.0,96.00000000000003
J001445,2023-02-03/TMTM,TMTM,AMR_39,G21_6,WS_19_20,"[""111362"", ""121875"", ""131216""]",3,12167.89999996318,12591.049999957022,12488.04999995852,12167.89999996318,12208.749999962585,12212.799999962526,12477.949999958668,12477.999999958667,12487.999999958522,12488.04999995852,12586.999999957081,12591.049999957022,18.100000000000122,120.79999999999528,20.10000000000015,0,263.9000000000257,0.25,0,16.0,100.0000000000008
J001446,2023-02-03/TSGB,TSGB,AMR_17,G14_15,WS_2_20,"[""107130"", ""110262"", ""110417"", ""112045"", ""112324"", ""129530""]",8,12187.0999999629,12283.699999961495,12244.449999962066,12187.0999999629,12191.24999996284,12195.299999962781,12234.349999962213,12234.399999962212,12244.399999962066,12244.449999962066,12279.649999961553,12283.699999961495,18.100000000000122,62.99999999999856,7.599999999999981,0,7.649999999999981,0.25,0,2.0,72.00000000000107
J001447,2023-02-03/SPER,SPER,AMR_09,G21_14,WS_30_20,"[""112279""]",1,12190.049999962857,12559.999999957474,12461.549999958906,12190.049999962857,12387.399999959986,12391.449999959927,12451.449999959053,12451.499999959053,12461.499999958907,12461.549999958906,12555.949999957533,12559.999999957474,18.100000000000122,139.5999999999975,24.90000000000022,0,187.1000000000083,0.25,0,66.00000000000037,68.0
J001448,2023-02-03/TMTM,TMTM,AMR_32,G3_15,WS_19_20,"[""101024"", ""110255"", ""110615""]",3,12200.8499999627,12402.94999995976,12284.04999996149,12200.8499999627,12215.699999962484,12219.749999962425,12273.949999961636,12273.999999961636,12283.99999996149,12284.04999996149,12398.899999959818,12402.94999995976,18.100000000000122,93.04999999999686,10.500000000000014,0,80.19999999999759,0.25,0,10.0,92.00000000000097
J001449,2023-02-03/TSGB,TSGB,AMR_01,G14_13,WS_2_20,"[""101104"", ""110289"", ""110703"", ""111295"", ""134598""]",5,12239.199999962142,12469.049999958797,12419.849999959513,12239.199999962142,12345.549999960595,12349.599999960536,12409.74999995966,12409.79999995966,12419.799999959514,12419.849999959513,12464.999999958856,12469.049999958797,18.100000000000122,117.64999999999546,15.300000000000082,0,78.54999999999768,0.25,0,40.00000000000007,88.00000000000108
J001450,2023-02-03/TSGB,TSGB,AMR_27,G3_14,WS_2_20,"[""107336"", ""110344"", ""112367""]",4,12247.749999962018,12400.549999959794,12368.49999996026,12247.749999962018,12319.849999960968,12323.89999996091,12358.399999960408,12358.449999960407,12368.449999960261,12368.49999996026,12396.499999959853,12400.549999959794,18.100000000000122,97.5499999999966,16.250000000000096,0,20.65000000000016,0.25,0,64.00000000000091,40.000000000000014
J001451,2023-02-03/SPER,SPER,AMR_28,G20_8,WS_30_20,"[""117030""]",1,12255.19999996191,12553.899999957563,12438.549999959241,12255.19999996191,12287.199999961444,12291.249999961385,12428.449999959388,12428.499999959387,12438.499999959242,12438.549999959241,12549.849999957622,12553.899999957563,18.100000000000122,127.79999999999488,19.100000000000136,0,133.4499999999961,0.25,0,26.00000000000002,104.0000000000006
J001452,2023-02-03/TSGB,TSGB,AMR_29,G2_13,WS_2_20,"[""101235"", ""107105"", ""126347""]",4,12278.54999996157,12426.099999959422,12402.799999959761,12278.54999996157,12346.399999960582,12350.449999960523,12392.699999959908,12392.749999959908,12402.749999959762,12402.799999959761,12422.049999959481,12426.099999959422,18.100000000000122,98.84999999999653,15.300000000000082,0,15.050000000000079,0.25,0,64.00000000000067,44.00000000000017
J001453,2023-02-03/TMTM,TMTM,AMR_17,G18_12,WS_19_20,"[""101305"", ""112386""]",2,12283.749999961494,12607.549999956782,12470.94999995877,12283.749999961494,12309.349999961121,12313.399999961062,12460.849999958917,12460.899999958916,12470.89999995877,12470.94999995877,12603.49999995684,12607.549999956782,18.100000000000122,76.69999999999779,12.35000000000004,0,216.40000000001496,0.25,0,22.0,48.00000000000004
J001454,2023-02-03/TSGB,TSGB,AMR_11,G3_13,WS_2_20,"[""111275"", ""111997"", ""125462""]",4,12294.649999961335,12417.949999959541,12385.74999996001,12294.649999961335,12336.849999960721,12340.899999960662,12375.649999960156,12375.699999960156,12385.69999996001,12385.74999996001,12413.8999999596,12417.949999959541,18.100000000000122,75.39999999999786,13.400000000000055,0,16.150000000000095,0.25,0,34.000000000000014,44.00000000000017
J001455,2023-02-03/TMTM,TMTM,AMR_33,G21_12,WS_19_20,"[""101022"", ""138350""]",2,12296.549999961308,12459.799999958932,12388.199999959974,12296.549999961308,12341.69999996065,12345.749999960592,12378.09999996012,12378.14999996012,12388.149999959975,12388.199999959974,12455.74999995899,12459.799999958932,18.100000000000122,75.99999999999783,13.350000000000055,0,55.54999999999898,0.25,0,18.0,52.00000000000013
J001456,2023-02-03/SRPA,SRPA,AMR_14,G27_12,WS_8_20,"[""133306"", ""138368""]",2,12297.599999961292,13148.49999994891,13066.649999950101,12297.599999961292,12778.449999954295,12782.499999954236,13056.549999950248,13056.599999950247,13066.599999950102,13066.649999950101,13144.449999948969,13148.49999994891,18.100000000000122,349.25000000004513,51.799999999999194,0,431.50000000006384,0.25,0,159.99999999999696,211.99999999999645
J001457,2023-02-03/KKLD,KKLD,AMR_02,G23_15,WS_25_20,"[""107312"", ""110419"", ""111307""]",4,12299.899999961259,12466.14999995884,12448.649999959094,12299.899999961259,12299.899999961259,12303.9499999612,12438.549999959241,12438.59999995924,12448.599999959095,12448.649999959094,12462.099999958898,12466.14999995884,18.100000000000122,39.999999999999865,5.699999999999988,0,102.24999999999633,0.2,0,0.0,40.00000000000003
J001458,2023-02-03/TMTM,TMTM,AMR_36,G26_15,WS_19_20,"[""110575"", ""120775""]",2,12301.949999961229,12781.49999995425,12660.249999956015,12301.949999961229,12514.549999958135,12518.599999958076,12650.149999956162,12650.199999956161,12660.199999956016,12660.249999956015,12777.44999995431,12781.49999995425,18.100000000000122,134.89999999999642,26.750000000000245,0,299.55000000003383,0.25,0,64.00000000000003,52.00000000000003
J001459,2023-02-03/TSGB,TSGB,AMR_07,G9_14,WS_2_20,"[""101150"", ""112329"", ""120382""]",3,12343.899999960619,12482.399999958603,12442.249999959187,12343.899999960619,12393.499999959897,12397.549999959838,12432.149999959334,12432.199999959334,12442.199999959188,12442.249999959187,12478.349999958662,12482.399999958603,18.100000000000122,98.04999999999657,15.300000000000082,0,6.799999999999984,0.25,0,44.00000000000023,64.00000000000044
J001460,2023-02-03/SPER,SPER,AMR_04,G21_7,WS_30_20,"[""118539""]",1,12355.849999960445,12578.399999957206,12478.699999958657,12355.849999960445,12386.44999996,12390.49999995994,12468.599999958804,12468.649999958803,12478.649999958658,12478.699999958657,12574.349999957265,12578.399999957206,18.100000000000122,130.89999999999552,17.20000000000011,0,56.09999999999895,0.25,0,24.00000000000003,120.00000000000142
J001461,2023-02-03/KKLD,KKLD,AMR_13,G15_15,WS_25_20,"[""110233"", ""110604"", ""124702""]",3,12357.299999960424,13153.149999948842,12953.899999951742,12357.299999960424,12822.899999953648,12826.94999995359,12943.799999951889,12943.849999951888,12953.849999951743,12953.899999951742,13149.099999948901,13153.149999948842,18.100000000000122,320.20000000003853,53.4999999999991,0,403.80000000005754,0.25,0,223.99999999999272,96.00000000000063
J001462,2023-02-03/TSGB,TSGB,AMR_08,G3_7,WS_2_20,"[""110210"", ""110343"", ""115591""]",4,12372.6999999602,12540.449999957758,12500.149999958345,12372.6999999602,12425.999999959424,12430.049999959365,12490.049999958492,12490.099999958491,12500.099999958346,12500.149999958345,12536.399999957817,12540.449999957758,18.100000000000122,110.59999999999586,13.350000000000055,0,25.450000000000227,0.25,0,56.000000000000824,68.00000000000075
J001463,2023-02-03/SPER,SPER,AMR_10,G18_9,WS_30_20,"[""112275""]",1,12374.299999960176,12892.399999952637,12661.749999955993,12374.299999960176,12541.999999957736,12546.049999957677,12651.64999995614,12651.69999995614,12661.699999955994,12661.749999955993,12888.349999952696,12892.399999952637,18.100000000000122,224.75000000001685,34.50000000000018,0,240.50000000002044,0.25,0,86.00000000000125,159.99999999999986
J001464,2023-02-03/TMTM,TMTM,AMR_26,G17_9,WS_19_20,"[""107449"", ""118513""]",2,12381.299999960074,12725.999999955058,12555.39999995754,12381.299999960074,12463.449999958879,12467.49999995882,12545.299999957688,12545.349999957687,12555.349999957542,12555.39999995754,12721.949999955117,12725.999999955058,18.100000000000122,125.39999999999502,19.150000000000137,0,181.8000000000071,0.25,0,74.00000000000091,68.00000000000031
J001465,2023-02-03/TSGB,TSGB,AMR_24,G18_15,WS_2_20,"[""101095"", ""112288"", ""121833""]",3,12397.549999959838,12548.449999957642,12483.199999958591,12397.549999959838,12397.549999959838,12401.599999959779,12473.099999958738,12473.149999958738,12483.149999958592,12483.199999958591,12544.3999999577,12548.449999957642,18.100000000000122,74.89999999999789,9.55,0,48.1499999999994,0.2,0,0.0,88.00000000000114
J001466,2023-02-03/SPER,SPER,AMR_27,G15_12,WS_30_20,"[""101097""]",1,12400.599999959793,12847.649999953288,12678.899999955744,12400.599999959793,12445.49999995914,12449.549999959081,12668.79999995589,12668.84999995589,12678.849999955744,12678.899999955744,12843.599999953347,12847.649999953288,18.100000000000122,174.45000000000542,29.650000000000286,0,224.60000000001682,0.25,0,32.0,147.99999999999898
J001467,2023-02-03/TSGB,TSGB,AMR_32,G20_15,WS_2_20,"[""110502"", ""112066"", ""112086""]",4,12402.999999959758,12753.049999954665,12541.899999957737,12402.999999959758,12463.149999958883,12467.199999958824,12531.799999957884,12531.849999957883,12541.849999957738,12541.899999957737,12748.999999954724,12753.049999954665,18.100000000000122,131.19999999999558,13.400000000000055,0,187.1000000000083,0.25,0,42.00000000000003,100.00000000000075
J001468,2023-02-03/SRPA,SRPA,AMR_11,G26_14,WS_8_20,"[""101147"", ""110511""]",2,12417.99999995954,13015.449999950846,12780.099999954271,12417.99999995954,12565.649999957392,12569.699999957333,12769.999999954418,12770.049999954417,12780.049999954272,12780.099999954271,13011.399999950905,13015.449999950846,18.100000000000122,237.95000000001986,24.90000000000022,0,316.25000000003763,0.25,0,72.00000000000034,191.9999999999957
J001469,2023-02-03/TSGB,TSGB,AMR_16,G18_10,WS_2_20,"[""107168"", ""112357"", ""134546""]",4,12424.749999959442,12613.599999956694,12523.349999958007,12424.749999959442,12449.499999959082,12453.549999959023,12513.249999958154,12513.299999958153,12523.299999958008,12523.349999958007,12609.549999956753,12613.599999956694,18.100000000000122,110.44999999999587,15.250000000000082,0,44.79999999999959,0.25,0,16.0,108.00000000000173
J001470,2023-02-03/TMTM,TMTM,AMR_29,G3_14,WS_19_20,"[""101151"", ""110494"", ""112040""]",3,12426.149999959422,12798.749999954,12604.049999956833,12426.149999959422,12453.649999959021,12457.699999958963,12593.94999995698,12593.999999956979,12603.999999956834,12604.049999956833,12794.699999954059,12798.749999954,18.100000000000122,125.54999999999501,17.20000000000011,0,211.50000000001384,0.25,0,19.999999999999968,104.00000000000112
J001471,2023-02-03/KKLD,KKLD,AMR_03,G24_14,WS_25_20,"[""107396"", ""110492"", ""112452""]",3,12433.649999959312,12764.649999954496,12656.199999956074,12433.649999959312,12571.9999999573,12576.04999995724,12646.099999956221,12646.14999995622,12656.149999956075,12656.199999956074,12760.599999954555,12764.649999954496,18.100000000000122,116.04999999999555,22.90000000000019,0,173.70000000000525,0.25,0,46.00000000000004,60.000000000000114
J001472,2023-02-03/SPER,SPER,AMR_12,G14_10,WS_30_20,"[""135096""]",1,12438.849999959237,12969.19999995152,12557.449999957511,12438.849999959237,12459.049999958943,12463.099999958884,12547.349999957658,12547.399999957657,12557.399999957512,12557.449999957511,12965.149999951578,12969.19999995152,18.100000000000122,188.15000000000853,28.650000000000272,0,295.20000000003284,0.25,0,12.0,183.99999999999892
J001473,2023-02-03/TSGB,TSGB,AMR_15,G20_14,WS_2_20,"[""101076"", ""101332"", ""112287""]",4,12439.34999995923,13111.099999949454,13026.749999950682,12439.34999995923,12857.549999953144,12861.599999953085,13016.649999950829,13016.699999950828,13026.699999950682,13026.749999950682,13107.049999949513,13111.099999949454,18.100000000000122,298.1000000000335,43.149999999999686,0,312.1500000000367,0.25,0,154.00000000000065,164.00000000000043
J001474,2023-02-03/SRPA,SRPA,AMR_18,G27_10,WS_8_20,"[""101179"", ""107108""]",2,12451.74999995905,12890.74999995266,12617.24999995664,12451.74999995905,12522.49999995802,12526.54999995796,12607.149999956788,12607.199999956787,12617.199999956641,12617.24999995664,12886.69999995272,12890.74999995266,18.100000000000122,160.45000000000223,19.100000000000136,0,241.10000000002057,0.25,0,30.0,155.99999999999872
J001475,2023-02-03/TMTM,TMTM,AMR_40,G15_13,WS_19_20,"[""101193"", ""137523""]",3,12454.949999959003,13277.849999947028,13178.249999948477,12454.949999959003,13040.64999995048,13044.69999995042,13168.149999948624,13168.199999948623,13178.199999948478,13178.249999948477,13273.799999947087,13277.849999947028,18.100000000000122,333.05000000004145,54.599999999999035,0,416.9000000000605,0.25,0,291.9999999999885,52.00000000000013
J001476,2023-02-03/KKLD,KKLD,AMR_33,G20_6,WS_25_20,"[""111277"", ""112059"", ""112374""]",3,12459.849999958931,12853.499999953203,12588.799999957055,12459.849999958931,12503.699999958293,12507.749999958234,12578.699999957202,12578.749999957201,12588.749999957055,12588.799999957055,12849.449999953262,12853.499999953203,18.100000000000122,127.79999999999488,15.250000000000082,0,232.25000000001856,0.25,0,18.0,120.00000000000136
J001477,2023-02-03/SPER,SPER,AMR_02,G15_8,WS_30_20,"[""107225""]",1,12466.199999958839,12975.849999951422,12793.19999995408,12466.199999958839,12523.699999958002,12527.749999957943,12783.099999954227,12783.149999954227,12793.149999954081,12793.19999995408,12971.799999951481,12975.849999951422,18.100000000000122,158.0500000000017,20.10000000000015,0,313.1500000000369,0.25,0,34.0,124.00000000000051
J001478,2023-02-03/TSGB,TSGB,AMR_01,G21_15,WS_2_20,"[""110254"", ""110385"", ""110531""]",3,12469.099999958797,13114.399999949406,12959.149999951665,12469.099999958797,12609.649999956751,12613.699999956692,12949.049999951812,12949.099999951812,12959.099999951666,12959.149999951665,13110.349999949465,13114.399999949406,18.100000000000122,166.0000000000035,23.000000000000192,0,437.9500000000653,0.25,0,38.00000000000003,128.00000000000168
J001479,2023-02-03/SRPA,SRPA,AMR_07,G21_12,WS_8_20,"[""101022"", ""138350""]",3,12482.449999958602,12929.749999952093,12811.999999953807,12482.449999958602,12718.699999955164,12722.749999955106,12801.899999953954,12801.949999953953,12811.949999953807,12811.999999953807,12925.699999952152,12929.749999952093,18.100000000000122,218.3000000000154,29.700000000000287,0,180.9500000000069,0.25,0,132.0000000000028,112.00000000000097
J001480,2023-02-03/TMTM,TMTM,AMR_22,G29_15,WS_19_20,"[""110509"", ""111208""]",2,12484.849999958567,12980.249999951358,12786.149999954183,12484.849999958567,12653.499999956113,12657.549999956054,12776.04999995433,12776.09999995433,12786.099999954184,12786.149999954183,12976.199999951417,12980.249999951358,18.100000000000122,101.79999999999636,14.350000000000069,0,360.9000000000478,0.25,0,34.0,64.00000000000003
J001481,2023-02-03/KKLD,KKLD,AMR_31,G17_12,WS_25_20,"[""110313"", ""110333"", ""112361""]",4,12488.249999958518,13183.799999948396,12938.149999951971,12488.249999958518,12488.249999958518,12492.299999958459,12928.049999952118,12928.099999952117,12938.099999951972,12938.149999951971,13179.749999948455,13183.799999948396,18.100000000000122,166.5000000000036,23.850000000000204,0,486.90000000007643,0.2,0,0.0,147.99999999999994
J001482,2023-02-03/TSGB,TSGB,AMR_35,G23_15,WS_2_20,"[""107312"", ""111307"", ""124478""]",3,12501.599999958324,12782.599999954235,12710.09999995529,12501.599999958324,12505.849999958262,12509.899999958203,12699.999999955437,12700.049999955436,12710.04999995529,12710.09999995529,12778.549999954294,12782.599999954235,18.100000000000122,98.39999999999655,7.599999999999981,0,156.65000000000137,0.25,0,2.0,108.00000000000152
J001483,2023-02-03/SPER,SPER,AMR_05,G9_13,WS_30_20,"[""107162""]",1,12510.349999958196,12988.199999951243,12854.699999953185,12510.349999958196,12544.199999957704,12548.249999957645,12844.599999953332,12844.649999953332,12854.649999953186,12854.699999953185,12984.149999951302,12988.199999951243,18.100000000000122,202.30000000001175,26.700000000000244,0,230.50000000001816,0.25,0,26.0,195.99999999999636
J001484,2023-02-03/TSGB,TSGB,AMR_08,G23_14,WS_2_20,"[""110252"", ""125639"", ""132279""]",4,12540.499999957758,12991.449999951195,12842.949999953356,12540.499999957758,12773.099999954373,12777.149999954314,12832.849999953503,12832.899999953503,12842.899999953357,12842.949999953356,12987.399999951254,12991.449999951195,18.100000000000122,238.1000000000199,28.750000000000274,0,165.75000000000344,0.25,0,157.99999999999974,112.00000000000134
J001485,2023-02-03/TSGB,TSGB,AMR_24,G24_15,WS_2_20,"[""110141"", ""110522"", ""110597""]",4,12548.499999957641,13266.999999947186,13096.449999949667,12548.499999957641,12823.999999953632,12828.049999953573,13086.349999949814,13086.399999949814,13096.399999949668,13096.449999949667,13262.949999947245,13266.999999947186,18.100000000000122,296.000000000033,39.24999999999991,0,364.9000000000487,0.25,0,88.00000000000156,231.99999999998798
J001486,2023-02-03/TMTM,TMTM,AMR_28,G11_10,WS_19_20,"[""111992"", ""138090""]",3,12553.949999957562,13030.749999950624,12920.34999995223,12553.949999957562,12626.349999956508,12630.39999995645,12910.249999952377,12910.299999952376,12920.29999995223,12920.34999995223,13026.699999950682,13030.749999950624,18.100000000000122,191.25000000000924,23.900000000000205,0,243.30000000002107,0.25,0,62.000000000000924,144.00000000000085
J001487,2023-02-03/KKLD,KKLD,AMR_09,G21_13,WS_25_20,"[""107259"", ""134683""]",2,12560.049999957473,12851.999999953225,12780.499999954265,12560.049999957473,12564.149999957413,12568.199999957355,12770.399999954412,12770.449999954411,12780.449999954266,12780.499999954265,12847.949999953284,12851.999999953225,18.100000000000122,58.49999999999881,9.5,0,205.6000000000125,0.25,0,2.0,52.00000000000013
J001488,2023-02-03/SPER,SPER,AMR_30,G6_13,WS_30_20,"[""107153""]",1,12564.999999957401,13037.599999950524,12873.799999952907,12564.999999957401,12610.199999956743,12614.249999956684,12863.699999953054,12863.749999953054,12873.749999952908,12873.799999952907,13033.549999950583,13037.599999950524,18.100000000000122,201.10000000001148,20.950000000000163,0,232.20000000001855,0.25,0,40.000000000000085,199.9999999999957
J001489,2023-02-03/TSGB,TSGB,AMR_04,G21_14,WS_2_20,"[""101014"", ""101018"", ""107280""]",5,12578.449999957205,13475.299999944154,13235.699999947641,12578.449999957205,12603.999999956834,12608.049999956775,13225.599999947788,13225.649999947787,13235.649999947642,13235.699999947641,13471.249999944213,13475.299999944154,18.100000000000122,251.90000000002303,38.249999999999964,0,588.3500000000126,0.25,0,18.0,231.9999999999968
J001490,2023-02-03/TMTM,TMTM,AMR_39,G18_15,WS_19_20,"[""101296"", ""110185""]",4,12591.099999957021,13003.299999951023,12954.449999951734,12591.099999957021,12835.899999953459,12839.9499999534,12944.34999995188,12944.39999995188,12954.399999951735,12954.449999951734,12999.249999951082,13003.299999951023,18.100000000000122,195.0000000000101,33.60000000000023,0,165.25000000000333,0.25,0,160.0000000000008,52.00000000000003
J001491,2023-02-03/SRPA,SRPA,AMR_17,G8_14,WS_8_20,"[""131976""]",2,12607.599999956781,12715.349999955213,12686.149999955638,12607.599999956781,12641.29999995629,12645.349999956232,12676.049999955785,12676.099999955784,12686.099999955639,12686.149999955638,12711.299999955272,12715.349999955213,18.100000000000122,72.849999999998,13.350000000000055,0,3.1999999999999966,0.25,0,32.000000000000014,44.000000000000114
J001492,2023-02-03/KKLD,KKLD,AMR_16,G30_10,WS_25_20,"[""110267"", ""111252""]",2,12613.649999956693,12964.499999951588,12904.349999952463,12613.649999956693,12853.799999953198,12857.84999995314,12894.24999995261,12894.29999995261,12904.299999952464,12904.349999952463,12960.449999951647,12964.499999951588,18.100000000000122,108.89999999999596,19.150000000000137,0,204.45000000001224,0.25,0,44.0,68.0000000000004
J001493,2023-02-03/SPER,SPER,AMR_19,G5_13,WS_30_20,"[""112229""]",1,12615.699999956663,13463.499999944326,13209.249999948026,12615.699999956663,13078.749999949925,13082.799999949866,13199.149999948173,13199.199999948172,13209.199999948027,13209.249999948026,13459.449999944385,13463.499999944326,18.100000000000122,428.8000000000632,59.39999999999876,0,341.2500000000433,0.25,0,307.9999999999845,175.9999999999969
J001494,2023-02-03/TMTM,TMTM,AMR_20,G27_13,WS_19_20,"[""101027"", ""111247""]",2,12704.049999955378,13127.399999949217,13068.299999950077,12704.049999955378,12977.949999951392,12981.999999951333,13058.199999950224,13058.249999950223,13068.249999950078,13068.299999950077,13123.349999949276,13127.399999949217,18.100000000000122,221.4500000000161,31.650000000000315,0,151.9000000000003,0.25,0,169.9999999999968,72.00000000000023
J001495,2023-02-03/SRPA,SRPA,AMR_17,G5_14,WS_8_20,"[""101199""]",1,12715.399999955212,12826.89999995359,12796.049999954039,12715.399999955212,12741.849999954828,12745.899999954769,12785.949999954186,12785.999999954185,12795.99999995404,12796.049999954039,12822.849999953649,12826.89999995359,18.100000000000122,71.99999999999805,15.300000000000082,0,5.849999999999987,0.25,0,17.999999999999986,52.00000000000006
J001496,2023-02-03/SPER,SPER,AMR_26,G2_14,WS_30_20,"[""111207""]",1,12726.049999955058,13193.399999948257,13059.19999995021,12726.049999955058,12769.84999995442,12773.899999954361,13049.099999950357,13049.149999950356,13059.14999995021,13059.19999995021,13189.349999948316,13193.399999948257,18.100000000000122,239.75000000002026,21.000000000000163,0,188.25000000000855,0.25,0,44.0000000000002,223.99999999999454
J001497,2023-02-03/TSGB,TSGB,AMR_32,G18_12,WS_2_20,"[""101305"", ""107428"", ""110526""]",5,12753.099999954664,13584.349999942568,13355.949999945891,12753.099999954664,12845.149999953324,12849.199999953265,13345.849999946038,13345.899999946037,13355.899999945892,13355.949999945891,13580.299999942627,13584.349999942568,18.100000000000122,217.30000000001516,34.45000000000018,0,561.1500000000374,0.25,0,10.0,203.999999999997
J001498,2023-02-03/SRPA,SRPA,AMR_03,G2_13,WS_8_20,"[""107105""]",1,12764.699999954495,13201.199999948143,13098.549999949637,12764.699999954495,13007.799999950957,13011.849999950899,13088.449999949784,13088.499999949783,13098.499999949638,13098.549999949637,13197.149999948202,13201.199999948143,18.100000000000122,150.95000000000007,22.95000000000019,0,244.2500000000213,0.25,0,82.00000000000149,68.00000000000016
J001499,2023-02-03/KKLD,KKLD,AMR_36,G14_15,WS_25_20,"[""110417"", ""112324""]",2,12781.54999995425,13166.449999948649,13115.899999949384,12781.54999995425,12892.19999995264,12896.24999995258,13105.799999949531,13105.84999994953,13115.849999949385,13115.899999949384,13162.399999948708,13166.449999948649,18.100000000000122,168.85000000000414,22.95000000000019,0,174.75000000000549,0.25,0,32.0,143.99999999999994
J001500,2023-02-03/SRPA,SRPA,AMR_35,G3_12,WS_8_20,"[""124994""]",1,12782.649999954234,12987.099999951259,12943.499999951893,12782.649999954234,12891.999999952643,12896.049999952584,12933.39999995204,12933.44999995204,12943.449999951894,12943.499999951893,12983.049999951318,12987.099999951259,18.100000000000122,107.64999999999603,15.250000000000082,0,63.199999999998546,0.25,0,50.00000000000054,72.00000000000065
J001501,2023-02-03/PUJA,PUJA,AMR_34,G33_15,WS_13_20,"[""131140""]",2,12787.399999954165,13202.349999948126,12939.349999951954,12787.399999954165,12787.399999954165,12791.449999954106,12929.2499999521,12929.2999999521,12939.299999951954,12939.349999951954,13198.299999948185,13202.349999948126,18.100000000000122,127.99999999999487,14.300000000000068,0,254.35000000002358,0.2,0,0.0,132.00000000000063
J001502,2023-02-03/TMTM,TMTM,AMR_29,G30_13,WS_19_20,"[""112335"", ""112444""]",2,12798.799999953999,13145.849999948949,13096.399999949668,12798.799999953999,13000.69999995106,13004.749999951002,13086.299999949815,13086.349999949814,13096.349999949669,13096.399999949668,13141.799999949008,13145.849999948949,18.100000000000122,163.10000000000284,21.000000000000163,0,144.59999999999863,0.25,0,84.00000000000034,84.00000000000023
J001503,2023-02-03/SRPA,SRPA,AMR_17,G2_12,WS_8_20,"[""107144""]",1,12826.94999995359,12946.349999951852,12902.549999952489,12826.94999995359,12847.999999953283,12852.049999953224,12892.449999952636,12892.499999952635,12902.49999995249,12902.549999952489,12942.29999995191,12946.349999951852,18.100000000000122,80.34999999999758,13.400000000000055,0,7.299999999999982,0.25,0,13.999999999999993,72.00000000000061
J001504,2023-02-03/SRPA,SRPA,AMR_27,G9_8,WS_8_20,"[""112269""]",1,12847.699999953287,12962.349999951619,12920.599999952226,12847.699999953287,12876.99999995286,12881.049999952802,12910.499999952373,12910.549999952373,12920.549999952227,12920.599999952226,12958.299999951678,12962.349999951619,18.100000000000122,77.54999999999774,12.450000000000042,0,6.299999999999986,0.25,0,20.0,68.00000000000088
J001505,2023-02-03/TSGB,TSGB,AMR_09,G23_12,WS_2_20,"[""101166"", ""101189"", ""101203""]",3,12852.049999953224,13683.249999941128,13178.549999948473,12852.049999953224,12878.999999952832,12883.049999952773,13168.44999994862,13168.499999948619,13178.499999948473,13178.549999948473,13679.199999941187,13683.249999941128,18.100000000000122,225.8000000000171,35.50000000000012,0,551.5500000000461,0.25,0,6.0,211.99999999999847
J001506,2023-02-03/KKLD,KKLD,AMR_33,G14_13,WS_25_20,"[""110161"", ""134598""]",2,12853.549999953202,13298.199999946732,13226.14999994778,12853.549999953202,13118.399999949348,13122.44999994929,13216.049999947927,13216.099999947926,13226.09999994778,13226.14999994778,13294.14999994679,13298.199999946732,18.100000000000122,150.54999999999998,23.050000000000193,0,252.7000000000232,0.25,0,58.0000000000002,88.00000000000037
J001507,2023-02-03/TMTM,TMTM,AMR_21,G35_14,WS_19_20,"[""120318"", ""131642""]",2,12858.699999953127,13194.449999948241,12988.549999951238,12858.699999953127,12908.049999952409,12912.09999995235,12978.449999951385,12978.499999951384,12988.499999951238,12988.549999951238,13190.3999999483,13194.449999948241,18.100000000000122,153.15000000000057,21.050000000000164,0,143.1999999999983,0.25,0,44.00000000000013,116.0000000000003
J001508,2023-02-03/SRPA,SRPA,AMR_18,G3_9,WS_8_20,"[""126345""]",1,12890.79999995266,13107.399999949508,13050.749999950332,12890.79999995266,12971.099999951492,12975.149999951433,13040.64999995048,13040.699999950479,13050.699999950333,13050.749999950332,13103.349999949567,13107.399999949508,18.100000000000122,149.54999999999976,19.050000000000136,0,29.650000000000286,0.25,0,90.00000000000172,76.00000000000053
J001509,2023-02-03/SRPA,SRPA,AMR_10,G14_9,WS_8_20,"[""110273""]",1,12902.599999952488,13086.099999949818,13011.899999950898,12902.599999952488,12955.799999951714,12959.849999951655,13001.799999951045,13001.849999951044,13011.849999950899,13011.899999950898,13082.049999949877,13086.099999949818,18.100000000000122,113.64999999999569,19.150000000000137,0,32.3500000000003,0.25,0,44.00000000000037,76.00000000000091
J001510,2023-02-03/KKLD,KKLD,AMR_23,G18_13,WS_25_20,"[""107310"", ""131216""]",2,12916.94999995228,13169.949999948598,13075.849999949967,12916.94999995228,12942.29999995191,12946.349999951852,13065.749999950114,13065.799999950113,13075.799999949968,13075.849999949967,13165.899999948657,13169.949999948598,18.100000000000122,88.6999999999971,13.350000000000055,0,132.5999999999959,0.25,0,22.0,64.00000000000004
J001511,2023-02-03/TMTM,TMTM,AMR_07,G26_12,WS_19_20,"[""101073"", ""110151""]",3,12929.799999952093,13118.349999949349,13051.349999950324,12929.799999952093,12969.249999951518,12973.29999995146,13041.24999995047,13041.29999995047,13051.299999950324,13051.349999950324,13114.299999949408,13118.349999949349,18.100000000000122,80.89999999999755,12.400000000000041,0,76.89999999999777,0.25,0,14.0,64.0000000000003
J001512,2023-02-03/SS14,SS14,AMR_25,G20_15,WS_13_20,"[""101075"", ""101134"", ""110221"", ""110502"", ""110603"", ""112066"", ""112086""]",7,12946.349999951852,13307.89999994659,13242.099999947548,12946.349999951852,13161.249999948725,13165.299999948666,13231.999999947695,13232.049999947694,13242.049999947549,13242.099999947548,13303.84999994665,13307.89999994659,18.100000000000122,148.29999999999947,25.80000000000023,0,169.1000000000042,0.25,0,87.99999999999994,52.00000000000017
J001513,2023-02-03/SS14,SS14,AMR_17,G15_14,WS_13_20,"[""101155"", ""110191"", ""110323"", ""110450"", ""123310"", ""126832""]",6,12946.399999951851,13065.049999950124,13032.249999950602,12946.399999951851,12989.349999951226,12993.399999951167,13022.149999950749,13022.199999950748,13032.199999950602,13032.249999950602,13060.999999950183,13065.049999950124,18.100000000000122,78.89999999999766,13.350000000000055,0,8.04999999999998,0.25,0,38.00000000000003,44.00000000000023
J001514,2023-02-03/SS14,SS14,AMR_27,G3_15,WS_13_20,"[""110255"", ""110305"", ""110615"", ""112231"", ""112392"", ""127627""]",6,12962.399999951618,13125.19999994925,13091.149999949745,12962.399999951618,13009.149999950938,13013.199999950879,13081.049999949892,13081.09999994989,13091.099999949745,13091.149999949745,13121.149999949308,13125.19999994925,18.100000000000122,90.39999999999701,12.400000000000041,0,41.64999999999977,0.25,0,30.00000000000001,68.00000000000077
J001515,2023-02-03/SS14,SS14,AMR_16,G12_7,WS_13_20,"[""101296"", ""101330"", ""110185"", ""110475"", ""110595"", ""123305""]",7,12964.549999951587,13331.749999946243,13259.1499999473,12964.549999951587,13186.499999948357,13190.549999948298,13249.049999947447,13249.099999947446,13259.0999999473,13259.1499999473,13327.699999946302,13331.749999946243,18.100000000000122,159.05000000000192,25.850000000000232,0,163.95000000000303,0.25,0,94.00000000000051,68.00000000000063
J001516,2023-02-03/SRPA,SRPA,AMR_12,G15_9,WS_8_20,"[""110335""]",1,12969.249999951518,13230.399999947718,13082.599999949869,12969.249999951518,12988.249999951242,12992.299999951183,13072.499999950016,13072.549999950015,13082.54999994987,13082.599999949869,13226.349999947777,13230.399999947718,18.100000000000122,103.79999999999625,15.250000000000082,0,123.74999999999511,0.25,0,12.0,88.00000000000094
J001517,2023-02-03/KKLD,KKLD,AMR_02,G15_12,WS_25_20,"[""113201"", ""138352""]",2,12975.899999951422,13531.849999943332,13336.09999994618,12975.899999951422,13189.09999994832,13193.14999994826,13325.999999946327,13326.049999946326,13336.04999994618,13336.09999994618,13527.79999994339,13531.849999943332,18.100000000000122,234.6000000000191,29.650000000000286,0,273.3500000000279,0.25,0,148.00000000000108,92.00000000000009
J001518,2023-02-03/SS14,SS14,AMR_22,G20_6,WS_13_20,"[""110283"", ""110306"", ""112059"", ""112374"", ""112394""]",5,12980.299999951358,13306.54999994661,13225.049999947796,12980.299999951358,13094.099999949702,13098.149999949643,13214.949999947943,13214.999999947942,13224.999999947797,13225.049999947796,13302.499999946669,13306.54999994661,18.100000000000122,151.20000000000013,21.900000000000176,0,134.7999999999964,0.25,0,64.00000000000036,88.00000000000108
J001519,2023-02-03/TSGB,TSGB,AMR_35,G5_15,WS_2_20,"[""110397"", ""124795""]",2,12987.149999951258,13071.149999950036,13044.09999995043,12987.149999951258,13002.499999951035,13006.549999950976,13033.999999950576,13034.049999950576,13044.04999995043,13044.09999995043,13067.099999950095,13071.149999950036,18.100000000000122,47.09999999999946,9.55,0,8.999999999999993,0.25,0,10.0,35.99999999999997
J001520,2023-02-03/TMTM,TMTM,AMR_05,G2_15,WS_19_20,"[""107301"", ""115355""]",3,12988.249999951242,13518.749999943522,13431.249999944795,12988.249999951242,13080.599999949898,13084.64999994984,13421.149999944942,13421.199999944942,13431.199999944796,13431.249999944795,13514.699999943581,13518.749999943522,18.100000000000122,183.1500000000074,29.650000000000286,0,299.3500000000338,0.25,0,50.00000000000021,132.00000000000142
J001521,2023-02-03/SPER,SPER,AMR_38,G27_14,WS_30_20,"[""107285"", ""107329""]",2,12990.049999951216,13064.049999950139,13035.649999950552,12990.049999951216,12990.049999951216,12994.099999951157,13025.5499999507,13025.599999950698,13035.599999950553,13035.649999950552,13059.999999950198,13064.049999950139,18.100000000000122,44.399999999999615,9.55,0,1.7500000000000009,0.2,0,0.0,44.00000000000004
J001522,2023-02-03/SRPA,SRPA,AMR_08,G17_10,WS_8_20,"[""115794""]",1,12991.499999951195,13318.699999946433,13218.449999947892,12991.499999951195,13131.699999949155,13135.749999949096,13208.34999994804,13208.399999948038,13218.399999947893,13218.449999947892,13314.649999946492,13318.699999946433,18.100000000000122,148.74999999999957,23.950000000000205,0,136.1499999999967,0.25,0,68.0000000000008,88.00000000000088
J001523,2023-02-03/KKLD,KKLD,AMR_39,G29_15,WS_25_20,"[""112007"", ""130011""]",2,13003.349999951022,13283.599999946944,13253.199999947386,13003.349999951022,13210.699999948005,13214.749999947946,13243.099999947533,13243.149999947533,13253.149999947387,13253.199999947386,13279.549999947003,13283.599999946944,18.100000000000122,184.1000000000076,32.55000000000029,0,45.24999999999957,0.25,0,161.99999999999923,44.00000000000003
J001524,2023-02-03/SS14,SS14,AMR_11,G20_13,WS_13_20,"[""110154"", ""110513"", ""111220"", ""121904""]",4,13015.499999950845,13467.39999994427,13376.59999994559,13015.499999950845,13299.64999994671,13303.699999946652,13366.499999945738,13366.549999945737,13376.549999945591,13376.59999994559,13463.349999944328,13467.39999994427,18.100000000000122,192.0000000000094,34.45000000000018,0,207.10000000001284,0.25,0,114.00000000000068,60.000000000000085
J001525,2023-02-03/TSGB,TSGB,AMR_28,G26_14,WS_2_20,"[""101147"", ""101177"", ""112451""]",3,13030.799999950623,13465.2999999443,13315.399999946481,13030.799999950623,13183.399999948402,13187.449999948343,13305.299999946628,13305.349999946628,13315.349999946482,13315.399999946481,13461.249999944359,13465.2999999443,18.100000000000122,191.25000000000924,25.850000000000232,0,199.050000000011,0.25,0,54.00000000000004,132.00000000000173
J001526,2023-02-03/TMTM,TMTM,AMR_30,G2_8,WS_19_20,"[""111207"", ""111997""]",3,13037.649999950523,13393.699999945342,13240.449999947572,13037.649999950523,13069.199999950064,13073.249999950005,13230.349999947719,13230.399999947718,13240.399999947573,13240.449999947572,13389.6499999454,13393.699999945342,18.100000000000122,162.80000000000277,19.100000000000136,0,155.80000000000118,0.25,0,25.99999999999995,155.99999999999875
J001527,2023-02-03/SRPA,SRPA,AMR_38,G11_10,WS_8_20,"[""112320""]",1,13064.099999950138,13243.549999947527,13202.299999948127,13064.099999950138,13161.49999994872,13165.549999948662,13192.199999948274,13192.249999948273,13202.249999948128,13202.299999948127,13239.499999947586,13243.549999947527,18.100000000000122,133.29999999999606,19.150000000000137,0,8.649999999999988,0.25,0,96.00000000000131,60.00000000000058
J001528,2023-02-03/SS14,SS14,AMR_17,G17_15,WS_13_20,"[""107120"", ""111249"", ""133300""]",3,13065.099999950124,13178.09999994848,13140.449999949027,13065.099999950124,13093.49999994971,13097.549999949651,13130.349999949174,13130.399999949173,13140.399999949028,13140.449999949027,13174.049999948538,13178.09999994848,18.100000000000122,49.04999999999935,10.500000000000014,0,35.10000000000014,0.25,0,6.0,40.00000000000006
J001529,2023-02-03/TMTM,TMTM,AMR_35,G17_14,WS_19_20,"[""110540""]",2,13071.199999950035,13361.299999945813,13280.049999946996,13071.199999950035,13182.399999948417,13186.449999948358,13269.949999947143,13269.999999947142,13279.999999946996,13280.049999946996,13357.249999945872,13361.299999945813,18.100000000000122,115.44999999999558,18.150000000000123,0,138.14999999999716,0.25,0,58.000000000000355,48.00000000000004
J001530,2023-02-03/SRPA,SRPA,AMR_10,G17_8,WS_8_20,"[""138388""]",1,13086.149999949817,13291.199999946833,13234.39999994766,13086.149999949817,13139.399999949042,13143.449999948984,13224.299999947807,13224.349999947806,13234.34999994766,13234.39999994766,13287.149999946892,13291.199999946833,18.100000000000122,127.09999999999492,21.050000000000164,0,38.54999999999995,0.25,0,36.000000000000014,92.00000000000111
J001531,2023-02-03/SRPA,SRPA,AMR_37,G20_10,WS_8_20,"[""101096""]",1,13099.799999949619,13562.649999942883,13456.049999944435,13099.799999949619,13346.649999946027,13350.699999945968,13445.949999944582,13445.99999994458,13455.999999944435,13456.049999944435,13558.599999942942,13562.649999942883,18.100000000000122,198.40000000001086,30.6000000000003,0,215.50000000001475,0.25,0,78.00000000000051,124.0000000000015
J001532,2023-02-03/TSGB,TSGB,AMR_18,G6_15,WS_2_20,"[""110481"", ""123034""]",2,13107.449999949507,13281.499999946975,13195.89999994822,13107.449999949507,13133.999999949121,13138.049999949062,13185.799999948367,13185.849999948367,13195.849999948221,13195.89999994822,13277.449999947034,13281.499999946975,18.100000000000122,67.39999999999831,12.450000000000042,0,75.84999999999783,0.25,0,21.999999999999993,40.00000000000003
J001533,2023-02-03/TMTM,TMTM,AMR_15,G15_14,WS_19_20,"[""110450""]",1,13111.149999949454,13282.099999946966,13223.249999947822,13111.149999949454,13158.499999948765,13162.549999948706,13213.14999994797,13213.199999947969,13223.199999947823,13223.249999947822,13278.049999947025,13282.099999946966,18.100000000000122,71.1999999999981,15.300000000000082,0,66.09999999999839,0.25,0,18.0,48.00000000000004
J001534,2023-02-03/SRPA,SRPA,AMR_01,G21_10,WS_8_20,"[""125181""]",1,13114.449999949406,13582.399999942596,13488.449999943963,13114.449999949406,13133.199999949133,13137.249999949074,13478.34999994411,13478.39999994411,13488.399999943964,13488.449999943963,13578.349999942655,13582.399999942596,18.100000000000122,154.1500000000008,22.05000000000018,0,273.4000000000279,0.25,0,14.0,140.00000000000017
J001535,2023-02-03/KKLD,KKLD,AMR_07,G27_14,WS_25_20,"[""107329"", ""125463""]",2,13118.399999949348,13244.549999947512,13210.34999994801,13118.399999949348,13168.899999948613,13172.949999948554,13200.249999948157,13200.299999948156,13210.29999994801,13210.34999994801,13240.499999947571,13244.549999947512,18.100000000000122,86.04999999999725,19.100000000000136,0,2.6499999999999986,0.25,0,38.00000000000004,48.000000000000114
J001536,2023-02-03/SS14,SS14,AMR_27,G9_13,WS_13_20,"[""107162"", ""112009"", ""117431""]",3,13125.249999949248,13309.799999946563,13276.199999947052,13125.249999949248,13190.849999948294,13194.899999948235,13266.099999947199,13266.149999947198,13276.149999947052,13276.199999947052,13305.749999946622,13309.799999946563,18.100000000000122,94.84999999999675,18.200000000000124,0,53.14999999999912,0.25,0,44.000000000000185,52.00000000000017
J001537,2023-02-03/TSGB,TSGB,AMR_20,G8_15,WS_2_20,"[""101244"", ""110131""]",3,13127.449999949216,13330.099999946267,13298.849999946722,13127.449999949216,13210.099999948014,13214.149999947955,13288.74999994687,13288.799999946868,13298.799999946723,13298.849999946722,13326.049999946326,13330.099999946267,18.100000000000122,93.9999999999968,16.250000000000096,0,74.04999999999794,0.25,0,54.000000000000526,48.000000000000426
J001538,2023-02-03/TMTM,TMTM,AMR_29,G23_14,WS_19_20,"[""101117""]",2,13145.899999948948,13469.049999944245,13350.449999945971,13145.899999948948,13249.54999994744,13253.59999994738,13340.349999946118,13340.399999946118,13350.399999945972,13350.449999945971,13464.999999944304,13469.049999944245,18.100000000000122,115.64999999999557,22.95000000000019,0,166.20000000000354,0.25,0,40.000000000000114,68.00000000000028
J001539,2023-02-03/SRPA,SRPA,AMR_14,G24_13,WS_8_20,"[""110138""]",1,13148.54999994891,13623.99999994199,13440.149999944666,13148.54999994891,13171.14999994858,13175.199999948522,13430.049999944813,13430.099999944812,13440.099999944667,13440.149999944666,13619.94999994205,13623.99999994199,18.100000000000122,191.35000000000926,28.60000000000027,0,237.15000000001967,0.25,0,12.0,171.99999999999946
J001540,2023-02-03/KKLD,KKLD,AMR_13,G20_14,WS_25_20,"[""109989"", ""110186""]",2,13153.199999948842,13519.749999943508,13280.39999994699,13153.199999948842,13179.299999948462,13183.349999948403,13270.299999947138,13270.349999947137,13280.349999946991,13280.39999994699,13515.699999943567,13519.749999943508,18.100000000000122,118.94999999999538,21.000000000000163,0,208.2500000000131,0.25,0,16.0,104.00000000000063
J001541,2023-02-03/SS14,SS14,AMR_36,G14_15,WS_13_20,"[""101025"", ""110262"", ""111228""]",4,13166.499999948648,13241.149999947562,13208.049999948043,13166.499999948648,13166.499999948648,13170.54999994859,13197.94999994819,13197.99999994819,13207.999999948044,13208.049999948043,13237.09999994762,13241.149999947562,18.100000000000122,35.20000000000014,7.649999999999981,0,13.500000000000057,0.2,0,0.0,32.0
J001542,2023-02-03/KKLD,KKLD,AMR_23,G3_15,WS_25_20,"[""110255"", ""110615""]",2,13169.999999948597,13695.44999994095,13610.049999942194,13169.999999948597,13447.149999944564,13451.199999944505,13599.94999994234,13599.99999994234,13609.999999942194,13610.049999942194,13691.39999994101,13695.44999994095,18.100000000000122,201.05000000001147,25.80000000000023,0,280.25000000002944,0.25,0,82.00000000000114,116.0000000000006
J001543,2023-02-03/TMTM,TMTM,AMR_17,G17_15,WS_19_20,"[""111249""]",1,13178.299999948476,13346.649999946027,13263.099999947242,13178.299999948476,13178.299999948476,13182.349999948417,13252.99999994739,13253.049999947389,13263.049999947243,13263.099999947242,13342.599999946086,13346.649999946027,18.100000000000122,43.699999999999655,7.649999999999981,0,98.69999999999654,0.2,0,0.0,36.0
J001544,2023-02-03/SPER,SPER,AMR_31,G17_12,WS_30_20,"[""101297""]",1,13183.849999948396,13442.199999944636,13252.649999947394,13183.849999948396,13183.849999948396,13187.899999948337,13242.549999947541,13242.59999994754,13252.599999947395,13252.649999947394,13438.149999944695,13442.199999944636,18.100000000000122,109.09999999999594,19.150000000000137,0,111.79999999999579,0.2,0,0.0,112.0000000000004
J001545,2023-02-03/TSGB,TSGB,AMR_26,G15_15,WS_2_20,"[""110233"", ""124211"", ""132437""]",4,13193.449999948256,13489.099999943954,13430.19999994481,13193.449999948256,13322.049999946385,13326.099999946326,13420.099999944958,13420.149999944957,13430.149999944811,13430.19999994481,13485.049999944013,13489.099999943954,18.100000000000122,115.99999999999555,14.300000000000068,0,146.99999999999918,0.25,0,40.000000000000156,80.00000000000098
J001546,2023-02-03/TSGB,TSGB,AMR_21,G8_14,WS_2_20,"[""111348"", ""135158""]",4,13195.94999994822,13493.999999943882,13447.249999944563,13195.94999994822,13383.449999945491,13387.499999945432,13437.14999994471,13437.199999944709,13447.199999944563,13447.249999944563,13489.949999943941,13493.999999943882,18.100000000000122,188.20000000000854,22.90000000000019,0,68.59999999999825,0.25,0,157.99999999999844,52.00000000000017
J001547,2023-02-03/SRPA,SRPA,AMR_03,G24_12,WS_8_20,"[""107294""]",1,13202.349999948126,13614.899999942123,13504.44999994373,13202.349999948126,13275.999999947055,13280.049999946996,13494.349999943877,13494.399999943877,13504.399999943731,13504.44999994373,13610.849999942182,13614.899999942123,18.100000000000122,211.90000000001393,24.850000000000218,0,157.45000000000155,0.25,0,86.00000000000142,139.9999999999997
J001548,2023-02-03/SS14,SS14,AMR_34,G18_15,WS_13_20,"[""101095"", ""121833""]",2,13208.099999948043,13665.89999994138,13616.299999942103,13208.099999948043,13576.449999942683,13580.499999942624,13606.19999994225,13606.249999942249,13616.249999942103,13616.299999942103,13661.84999994144,13665.89999994138,18.100000000000122,187.85000000000846,28.750000000000274,0,222.85000000001642,0.25,0,154.00000000000006,44.0000000000002
J001549,2023-02-03/KKLD,KKLD,AMR_12,G3_14,WS_25_20,"[""110494"", ""111226""]",2,13230.449999947718,13830.84999993898,13657.899999941497,13230.449999947718,13270.449999947135,13274.499999947077,13647.799999941644,13647.849999941644,13657.849999941498,13657.899999941497,13826.79999993904,13830.84999993898,18.100000000000122,263.4500000000256,32.55000000000029,0,286.05000000003076,0.25,0,38.00000000000014,239.99999999999312
J001550,2023-02-03/TMTM,TMTM,AMR_36,G14_15,WS_19_20,"[""101025""]",2,13241.199999947561,13442.749999944628,13373.099999945642,13241.199999947561,13241.199999947561,13245.249999947502,13362.999999945789,13363.049999945788,13373.049999945642,13373.099999945642,13438.699999944687,13442.749999944628,18.100000000000122,56.9499999999989,7.649999999999981,0,118.6499999999954,0.2,0,0.0,48.000000000000114
J001551,2023-02-03/SRPA,SRPA,AMR_38,G29_14,WS_8_20,"[""111222""]",1,13243.599999947526,13692.849999940989,13520.399999943498,13243.599999947526,13296.19999994676,13300.249999946702,13510.299999943645,13510.349999943644,13520.349999943499,13520.399999943498,13688.799999941048,13692.849999940989,18.100000000000122,193.55000000000976,26.750000000000245,0,210.60000000001364,0.25,0,48.00000000000013,159.99999999999838
J001552,2023-02-03/SS14,SS14,AMR_07,G17_13,WS_13_20,"[""107159"", ""122632""]",2,13244.599999947512,13688.64999994105,13651.049999941597,13244.599999947512,13552.249999943035,13556.299999942976,13640.949999941744,13640.999999941743,13650.999999941598,13651.049999941597,13684.599999941109,13688.64999994105,18.100000000000122,131.44999999999564,26.700000000000244,0,267.55000000002656,0.25,0,70.0,48.0000000000004
J001553,2023-02-03/TSGB,TSGB,AMR_06,G18_14,WS_2_20,"[""101080"", ""101207""]",2,13245.699999947496,13459.14999994439,13338.999999946138,13245.699999947496,13245.699999947496,13249.749999947437,13328.899999946285,13328.949999946284,13338.949999946139,13338.999999946138,13455.099999944448,13459.14999994439,18.100000000000122,100.29999999999644,9.55,0,85.2999999999973,0.2,0,0.0,100.0000000000008
J001554,2023-02-03/KKLD,KKLD,AMR_24,G3_12,WS_25_20,"[""110170"", ""111328""]",2,13267.049999947185,14176.59999993395,13772.849999939825,13267.049999947185,13386.199999945451,13390.249999945392,13762.749999939972,13762.79999993997,13772.799999939825,13772.849999939825,14172.549999934008,14176.59999993395,18.100000000000122,311.3500000000365,35.250000000000135,0,544.6000000000524,0.25,0,100.0000000000019,227.99999999999523
J001555,2023-02-03/SS14,SS14,AMR_40,G15_13,WS_13_20,"[""107293"", ""112285"", ""121875""]",3,13277.899999947027,13408.849999945121,13324.899999946343,13277.899999947027,13277.899999947027,13281.949999946968,13314.79999994649,13314.84999994649,13324.849999946344,13324.899999946343,13404.79999994518,13408.849999945121,18.100000000000122,51.249999999999226,9.55,0,51.84999999999919,0.2,0,0.0,48.00000000000021
J001556,2023-02-03/TMTM,TMTM,AMR_18,G21_13,WS_19_20,"[""110593""]",2,13281.549999946974,13526.949999943403,13470.79999994422,13281.549999946974,13335.649999946187,13339.699999946128,13460.699999944367,13460.749999944366,13470.74999994422,13470.79999994422,13522.899999943462,13526.949999943403,18.100000000000122,97.39999999999661,16.200000000000095,0,113.4499999999957,0.25,0,46.00000000000004,52.00000000000013
J001557,2023-02-03/KKLD,KKLD,AMR_15,G24_15,WS_25_20,"[""101295""]",1,13282.149999946965,13715.649999940657,13625.999999941962,13282.149999946965,13566.549999942827,13570.599999942768,13615.899999942108,13615.949999942108,13625.949999941962,13625.999999941962,13711.599999940716,13715.649999940657,18.100000000000122,126.39999999999496,25.900000000000233,0,262.8500000000255,0.25,0,72.00000000000031,44.0
J001558,2023-02-03/SS14,SS14,AMR_39,G18_13,WS_13_20,"[""110317"", ""110452""]",2,13283.649999946943,13789.049999939589,13581.749999942605,13283.649999946943,13378.69999994556,13382.749999945501,13571.649999942752,13571.699999942752,13581.699999942606,13581.749999942605,13784.999999939648,13789.049999939589,18.100000000000122,219.2000000000156,41.29999999999979,0,226.55000000001726,0.25,0,42.00000000000004,179.99999999999685
J001559,2023-02-03/TMTM,TMTM,AMR_10,G27_15,WS_19_20,"[""110479""]",2,13291.249999946833,13588.399999942509,13511.699999943625,13291.249999946833,13459.699999944381,13463.749999944323,13501.599999943772,13501.649999943771,13511.649999943626,13511.699999943625,13584.349999942568,13588.399999942509,18.100000000000122,116.29999999999553,20.15000000000015,0,142.34999999999812,0.25,0,66.00000000000034,56.00000000000003
J001560,2023-02-03/SRPA,SRPA,AMR_33,G29_13,WS_8_20,"[""112266""]",1,13298.24999994673,13640.49999994175,13552.049999943038,13298.24999994673,13433.599999944761,13437.649999944702,13541.949999943185,13541.999999943184,13551.999999943038,13552.049999943038,13636.44999994181,13640.49999994175,18.100000000000122,202.1000000000117,23.000000000000192,0,98.79999999999653,0.25,0,98.00000000000168,128.00000000000134
J001561,2023-02-03/TSGB,TSGB,AMR_22,G17_8,WS_2_20,"[""118504"", ""138388""]",2,13306.59999994661,13489.39999994395,13413.299999945057,13306.59999994661,13338.249999946149,13342.29999994609,13403.199999945204,13403.249999945203,13413.249999945057,13413.299999945057,13485.349999944008,13489.39999994395,18.100000000000122,143.1499999999983,17.20000000000011,0,4.099999999999993,0.25,0,26.00000000000002,144.00000000000122
J001562,2023-02-03/KKLD,KKLD,AMR_25,G26_15,WS_25_20,"[""110575""]",1,13307.94999994659,13531.599999943335,13504.849999943724,13307.94999994659,13461.699999944352,13465.749999944293,13494.749999943871,13494.79999994387,13504.799999943725,13504.849999943724,13527.549999943394,13531.599999943335,18.100000000000122,78.39999999999769,21.150000000000166,0,105.74999999999613,0.25,0,40.00000000000003,36.00000000000003
J001563,2023-02-03/SS14,SS14,AMR_27,G14_13,WS_13_20,"[""110703"", ""111295""]",2,13309.849999946562,13436.249999944723,13394.599999945329,13309.849999946562,13336.399999946176,13340.449999946117,13384.499999945476,13384.549999945475,13394.54999994533,13394.599999945329,13432.199999944782,13436.249999944723,18.100000000000122,70.59999999999813,15.300000000000082,0,22.15000000000018,0.25,0,18.0,44.00000000000021
J001564,2023-02-03/TMTM,TMTM,AMR_08,G17_10,WS_19_20,"[""115794""]",1,13318.749999946433,13574.749999942707,13390.049999945395,13318.749999946433,13318.749999946433,13322.799999946374,13379.949999945542,13379.999999945541,13389.999999945396,13390.049999945395,13570.699999942766,13574.749999942707,18.100000000000122,69.09999999999822,10.500000000000014,0,158.1000000000017,0.2,0,0.0,60.00000000000004
J001565,2023-02-03/TSGB,TSGB,AMR_20,G20_12,WS_2_20,"[""107327"", ""112379""]",2,13330.149999946267,13887.849999938151,13834.149999938933,13330.149999946267,13593.899999942429,13597.94999994237,13824.04999993908,13824.099999939079,13834.099999938933,13834.149999938933,13883.79999993821,13887.849999938151,18.100000000000122,297.2000000000333,41.1499999999998,0,201.00000000001145,0.25,0,213.99999999999488,128.00000000000247
J001566,2023-02-03/SS14,SS14,AMR_16,G9_12,WS_13_20,"[""107266"", ""111368""]",2,13331.799999946243,13466.999999944275,13434.749999944745,13331.799999946243,13356.999999945876,13361.049999945817,13424.649999944892,13424.69999994489,13434.699999944745,13434.749999944745,13462.949999944334,13466.999999944275,18.100000000000122,78.44999999999769,13.350000000000055,0,25.05000000000022,0.25,0,20.0,56.00000000000027
J001567,2023-02-03/KKLD,KKLD,AMR_17,G21_15,WS_25_20,"[""110274""]",1,13346.699999946026,13486.59999994399,13461.599999944354,13346.699999946026,13364.94999994576,13368.999999945701,13451.4999999445,13451.5499999445,13461.549999944355,13461.599999944354,13482.549999944049,13486.59999994399,18.100000000000122,59.349999999998765,13.400000000000055,0,48.799999999999365,0.25,0,12.0,48.0
J001568,2023-02-03/TSGB,TSGB,AMR_35,G21_12,WS_2_20,"[""101022"", ""107131""]",3,13361.349999945813,13610.399999942189,13471.699999944207,13361.349999945813,13386.499999945447,13390.549999945388,13461.599999944354,13461.649999944353,13471.649999944208,13471.699999944207,13606.349999942247,13610.399999942189,18.100000000000122,133.19999999999604,18.150000000000123,0,79.34999999999764,0.25,0,20.0,120.00000000000114
J001569,2023-02-03/TMTM,TMTM,AMR_30,G15_10,WS_19_20,"[""112286""]",1,13393.749999945341,13865.94999993847,13596.849999942386,13393.749999945341,13447.149999944564,13451.199999944505,13586.749999942533,13586.799999942532,13596.799999942386,13596.849999942386,13861.899999938529,13865.94999993847,18.100000000000122,156.95000000000144,22.95000000000019,0,273.950000000028,0.25,0,58.00000000000081,108.00000000000028
J001570,2023-02-03/SS14,SS14,AMR_40,G17_14,WS_13_20,"[""110227"", ""110465""]",2,13408.89999994512,13637.0999999418,13544.749999943144,13408.89999994512,13463.099999944332,13467.149999944273,13534.64999994329,13534.69999994329,13544.699999943145,13544.749999943144,13633.049999941859,13637.0999999418,18.100000000000122,108.24999999999599,19.100000000000136,0,82.49999999999746,0.25,0,38.000000000000114,64.00000000000013
J001571,2023-02-03/TSGB,TSGB,AMR_27,G26_12,WS_2_20,"[""111241"", ""121807""]",2,13436.299999944722,14159.799999934194,13925.199999937608,13436.299999944722,13555.749999942984,13559.799999942925,13915.099999937755,13915.149999937754,13925.149999937608,13925.199999937608,14155.749999934253,14159.799999934194,18.100000000000122,244.7500000000214,37.40000000000001,0,423.0000000000619,0.25,0,114.00000000000199,159.99999999999784
J001572,2023-02-03/TMTM,TMTM,AMR_31,G23_10,WS_19_20,"[""131980""]",1,13442.249999944635,13866.049999938468,13682.099999941145,13442.249999944635,13604.449999942275,13608.499999942216,13671.999999941292,13672.049999941291,13682.049999941146,13682.099999941145,13861.999999938527,13866.049999938468,18.100000000000122,145.19999999999877,21.050000000000164,0,239.20000000002014,0.25,0,88.00000000000108,60.00000000000004
J001573,2023-02-03/SS14,SS14,AMR_36,G6_14,WS_13_20,"[""111271"", ""112387""]",2,13442.799999944627,13633.299999941855,13599.049999942354,13442.799999944627,13520.399999943498,13524.44999994344,13588.9499999425,13588.9999999425,13598.999999942354,13599.049999942354,13629.249999941914,13633.299999941855,18.100000000000122,90.549999999997,18.150000000000123,0,63.44999999999853,0.25,0,26.000000000000014,60.00000000000037
J001574,2023-02-03/TSGB,TSGB,AMR_06,G27_14,WS_2_20,"[""110132"", ""125463""]",3,13459.199999944389,14162.79999993415,13891.149999938103,13459.199999944389,13552.899999943025,13556.949999942966,13881.04999993825,13881.09999993825,13891.099999938104,13891.149999938103,14158.749999934209,14162.79999993415,18.100000000000122,267.55000000002656,36.40000000000007,0,381.3000000000524,0.25,0,34.0,251.99999999999406
J001575,2023-02-03/SRPA,SRPA,AMR_19,G30_14,WS_8_20,"[""111367""]",1,13463.549999944325,14255.149999932806,13968.399999936979,13463.549999944325,13638.899999941774,13642.949999941715,13958.299999937126,13958.349999937125,13968.34999993698,13968.399999936979,14251.099999932865,14255.149999932806,18.100000000000122,238.1500000000199,30.7000000000003,0,504.4000000000804,0.25,0,80.00000000000023,159.99999999999775
J001576,2023-02-03/TMTM,TMTM,AMR_28,G14_13,WS_19_20,"[""111295""]",1,13465.3499999443,13707.549999940775,13665.049999941393,13465.3499999443,13542.649999943174,13546.699999943115,13654.94999994154,13654.99999994154,13664.999999941394,13665.049999941393,13703.499999940834,13707.549999940775,18.100000000000122,124.64999999999506,19.150000000000137,0,80.0499999999976,0.25,0,38.00000000000004,84.00000000000063
J001577,2023-02-03/TSGB,TSGB,AMR_16,G2_14,WS_2_20,"[""112194""]",1,13467.049999944275,13561.149999942905,13539.249999943224,13467.049999944275,13495.099999943866,13499.149999943807,13529.14999994337,13529.19999994337,13539.199999943225,13539.249999943224,13557.099999942964,13561.149999942905,18.100000000000122,62.2499999999986,11.450000000000028,0,2.0500000000000007,0.25,0,25.99999999999995,40.00000000000006
J001578,2023-02-03/KKLD,KKLD,AMR_11,G30_15,WS_25_20,"[""107255""]",1,13467.449999944269,13739.299999940313,13641.94999994173,13467.449999944269,13580.449999942624,13584.499999942565,13631.849999941876,13631.899999941876,13641.89999994173,13641.94999994173,13735.249999940372,13739.299999940313,18.100000000000122,94.54999999999677,14.350000000000069,0,144.59999999999863,0.25,0,48.00000000000023,48.00000000000003
J001579,2023-02-03/SS14,SS14,AMR_29,G5_15,WS_13_20,"[""110397"", ""110533""]",2,13469.099999944245,13734.69999994038,13703.549999940833,13469.099999944245,13637.249999941798,13641.299999941739,13693.44999994098,13693.49999994098,13703.499999940834,13703.549999940833,13730.649999940439,13734.69999994038,18.100000000000122,130.94999999999553,20.05000000000015,0,96.24999999999667,0.25,0,70.00000000000125,60.00000000000051
J001580,2023-02-03/TMTM,TMTM,AMR_04,G26_14,WS_19_20,"[""101147""]",1,13475.349999944154,13618.099999942076,13579.499999942638,13475.349999944154,13533.849999943302,13537.899999943244,13569.399999942785,13569.449999942784,13579.449999942639,13579.499999942638,13614.049999942135,13618.099999942076,18.100000000000122,80.99999999999754,17.25000000000011,0,26.150000000000237,0.25,0,26.0,56.000000000000114
J001581,2023-02-03/TSGB,TSGB,AMR_17,G17_12,WS_2_20,"[""110313"", ""112361""]",2,13486.64999994399,13785.349999939643,13707.399999940777,13486.64999994399,13572.049999942747,13576.099999942688,13697.299999940924,13697.349999940923,13707.349999940778,13707.399999940777,13781.299999939702,13785.349999939643,18.100000000000122,129.9999999999953,20.05000000000015,0,130.29999999999538,0.25,0,34.0,104.00000000000185
J001582,2023-02-03/SRPA,SRPA,AMR_26,G30_12,WS_8_20,"[""111371""]",1,13489.149999943953,14011.64999993635,13892.799999938079,13489.149999943953,13700.549999940877,13704.599999940818,13882.699999938226,13882.749999938225,13892.74999993808,13892.799999938079,14007.599999936408,14011.64999993635,18.100000000000122,198.20000000001082,22.90000000000019,0,283.0500000000301,0.25,0,52.0,159.99999999999727
J001583,2023-02-03/TMTM,TMTM,AMR_22,G18_9,WS_19_20,"[""112275""]",1,13489.449999943949,13722.499999940557,13630.94999994189,13489.449999943949,13546.44999994312,13550.49999994306,13620.849999942036,13620.899999942036,13630.89999994189,13630.94999994189,13718.449999940616,13722.499999940557,18.100000000000122,110.99999999999584,19.150000000000137,0,84.54999999999734,0.25,0,40.00000000000023,72.00000000000045
J001584,2023-02-03/TSGB,TSGB,AMR_21,G5_14,WS_2_20,"[""124794""]",1,13494.049999943882,13604.549999942274,13568.599999942797,13494.049999943882,13533.34999994331,13537.39999994325,13558.499999942944,13558.549999942943,13568.549999942798,13568.599999942797,13600.499999942333,13604.549999942274,18.100000000000122,64.34999999999849,15.300000000000082,0,12.500000000000043,0.25,0,21.999999999999986,40.00000000000003
J001585,2023-02-03/SRPA,SRPA,AMR_05,G32_15,WS_8_20,"[""101084""]",1,13518.799999943521,14313.049999931964,13934.999999937465,13518.799999943521,13674.19999994126,13678.249999941201,13924.899999937612,13924.949999937611,13934.949999937466,13934.999999937465,14308.999999932023,14313.049999931964,18.100000000000122,276.40000000002857,34.40000000000018,0,465.1000000000715,0.25,0,124.00000000000247,163.99999999999915
J001586,2023-02-03/KKLD,KKLD,AMR_13,G27_12,WS_25_20,"[""133306""]",1,13519.799999943507,13631.099999941887,13594.249999942424,13519.799999943507,13550.999999943053,13555.049999942994,13584.14999994257,13584.19999994257,13594.199999942424,13594.249999942424,13627.049999941946,13631.099999941887,18.100000000000122,75.64999999999785,13.350000000000055,0,3.949999999999994,0.25,0,26.0,56.0000000000003
J001587,2023-02-03/TMTM,TMTM,AMR_18,G20_13,WS_19_20,"[""121904""]",2,13526.999999943402,13643.499999941707,13613.899999942138,13526.999999943402,13530.099999943357,13534.149999943298,13603.799999942285,13603.849999942284,13613.849999942138,13613.899999942138,13639.449999941766,13643.499999941707,18.100000000000122,49.9499999999993,7.599999999999981,0,40.59999999999983,0.25,0,2.0,44.00000000000013
J001588,2023-02-03/TSGB,TSGB,AMR_25,G26_15,WS_2_20,"[""110575"", ""120775""]",2,13539.299999943223,13791.899999939547,13673.399999941272,13539.299999943223,13539.299999943223,13543.349999943164,13663.299999941419,13663.349999941418,13673.349999941272,13673.399999941272,13787.849999939606,13791.899999939547,18.100000000000122,124.44999999999507,15.250000000000082,0,94.59999999999677,0.2,0,0.0,128.0000000000017
J001589,2023-02-03/SS14,SS14,AMR_02,G15_15,WS_13_20,"[""123094"", ""124702"", ""134029""]",3,13544.799999943143,13820.949999939125,13777.149999939762,13544.799999943143,13733.549999940396,13737.599999940338,13767.049999939909,13767.099999939908,13777.099999939763,13777.149999939762,13816.899999939184,13820.949999939125,18.100000000000122,69.89999999999817,13.350000000000055,0,174.55000000000544,0.25,0,34.0,32.0
J001590,2023-02-03/TSGB,TSGB,AMR_37,G20_10,WS_2_20,"[""101096"", ""101281""]",3,13568.649999942796,13826.649999939042,13690.349999941025,13568.649999942796,13568.649999942796,13572.699999942737,13680.249999941172,13680.299999941171,13690.299999941026,13690.349999941025,13822.5999999391,13826.649999939042,18.100000000000122,143.69999999999843,9.55,0,86.44999999999723,0.2,0,0.0,183.99999999999798
J001591,2023-02-03/TMTM,TMTM,AMR_08,G14_10,WS_19_20,"[""135096""]",1,13579.549999942637,13804.449999939365,13716.199999940649,13579.549999942637,13625.549999941968,13629.59999994191,13706.099999940796,13706.149999940795,13716.14999994065,13716.199999940649,13800.399999939424,13804.449999939365,18.100000000000122,114.14999999999566,18.150000000000123,0,74.24999999999793,0.25,0,38.000000000000085,76.00000000000037
J001592,2023-02-03/SS14,SS14,AMR_16,G8_14,WS_13_20,"[""112283"", ""131976""]",2,13581.799999942605,13720.29999994059,13686.699999941078,13581.799999942605,13615.299999942117,13619.349999942058,13676.599999941225,13676.649999941224,13686.649999941079,13686.699999941078,13716.249999940648,13720.29999994059,18.100000000000122,83.84999999999738,15.300000000000082,0,21.000000000000163,0.25,0,27.999999999999964,60.0000000000004
J001593,2023-02-03/KKLD,KKLD,AMR_10,G30_13,WS_25_20,"[""110446""]",1,13594.299999942423,13802.249999939397,13676.24999994123,13594.299999942423,13622.249999942016,13626.299999941957,13666.149999941377,13666.199999941377,13676.199999941231,13676.24999994123,13798.199999939456,13802.249999939397,18.100000000000122,83.74999999999739,14.350000000000069,0,91.49999999999694,0.25,0,18.0,64.00000000000021
J001594,2023-02-03/TMTM,TMTM,AMR_01,G21_10,WS_19_20,"[""125181""]",2,13596.899999942385,13706.249999940794,13647.999999941641,13596.899999942385,13596.899999942385,13600.949999942326,13637.899999941788,13637.949999941788,13647.949999941642,13647.999999941641,13702.199999940853,13706.249999940794,18.100000000000122,62.54999999999858,8.549999999999986,0,19.95000000000015,0.2,0,0.0,60.00000000000041
J001595,2023-02-03/SS14,SS14,AMR_32,G18_12,WS_13_20,"[""101305"", ""107428"", ""110526""]",3,13599.099999942353,13874.099999938351,13822.5999999391,13599.099999942353,13599.099999942353,13603.149999942294,13812.499999939248,13812.549999939247,13822.549999939101,13822.5999999391,13870.04999993841,13874.099999938351,18.100000000000122,96.94999999999663,19.100000000000136,0,140.64999999999773,0.2,0,0.0,92.00000000000068
J001596,2023-02-03/KKLD,KKLD,AMR_21,G17_15,WS_25_20,"[""107120""]",1,13610.099999942193,14001.2499999365,13907.399999937867,13610.099999942193,13653.54999994156,13657.599999941502,13897.299999938014,13897.349999938013,13907.349999937867,13907.399999937867,13997.19999993656,14001.2499999365,18.100000000000122,140.4999999999977,22.000000000000178,0,210.30000000001357,0.25,0,38.000000000000085,100.00000000000045
J001597,2023-02-03/TMTM,TMTM,AMR_35,G21_9,WS_19_20,"[""110551""]",1,13613.949999942137,13860.949999938543,13699.149999940897,13613.949999942137,13646.04999994167,13650.09999994161,13689.049999941044,13689.099999941043,13699.099999940898,13699.149999940897,13856.899999938601,13860.949999938543,18.100000000000122,80.59999999999756,14.350000000000069,0,133.69999999999615,0.25,0,10.0,64.00000000000024
J001598,2023-02-03/TGYA,TGYA,AMR_03,G24_12,WS_30_20,"[""112307""]",1,13614.949999942122,13790.049999939574,13735.449999940369,13614.949999942122,13614.949999942122,13618.999999942063,13725.349999940516,13725.399999940515,13735.39999994037,13735.449999940369,13785.999999939633,13790.049999939574,18.100000000000122,85.44999999999729,13.400000000000055,0,57.949999999998845,0.2,0,0.0,88.00000000000034
J001599,2023-02-03/SS14,SS14,AMR_04,G15_12,WS_13_20,"[""101061"", ""101097"", ""110382""]",3,13618.149999942076,13958.349999937125,13906.749999937876,13618.149999942076,13825.049999939065,13829.099999939006,13896.649999938023,13896.699999938022,13906.699999937877,13906.749999937876,13954.299999937184,13958.349999937125,18.100000000000122,122.54999999999518,25.900000000000233,0,173.40000000000518,0.25,0,66.00000000000051,52.000000000000355
J001600,2023-02-03/KKLD,KKLD,AMR_14,G26_14,WS_25_20,"[""110511""]",1,13626.04999994196,13937.099999937434,13745.899999940217,13626.04999994196,13642.399999941723,13646.449999941664,13735.799999940364,13735.849999940363,13745.849999940217,13745.899999940217,13933.049999937493,13937.099999937434,18.100000000000122,78.2999999999977,15.300000000000082,0,199.10000000001102,0.25,0,6.0,60.00000000000004
J001601,2023-02-03/TMTM,TMTM,AMR_13,G9_15,WS_19_20,"[""110398""]",1,13631.149999941887,14604.899999927717,14348.699999931445,13631.149999941887,13926.999999937581,13931.049999937522,14338.599999931592,14338.649999931591,14348.649999931446,14348.699999931445,14600.849999927776,14604.899999927717,18.100000000000122,211.15000000001376,33.55000000000023,0,710.6999999999014,0.25,0,74.00000000000026,120.00000000000071
J001602,2023-02-03/KKLD,KKLD,AMR_33,G24_13,WS_25_20,"[""138500""]",1,13641.999999941729,13934.349999937474,13727.699999940482,13641.999999941729,13668.299999941346,13672.349999941287,13717.599999940629,13717.649999940628,13727.649999940482,13727.699999940482,13930.299999937533,13934.349999937474,18.100000000000122,72.74999999999801,15.300000000000082,0,185.95000000000803,0.25,0,18.0,48.00000000000007
J001603,2023-02-03/TMTM,TMTM,AMR_36,G9_14,WS_19_20,"[""110133""]",2,13648.04999994164,13939.099999937405,13780.74999993971,13648.04999994164,13686.799999941077,13690.849999941018,13770.649999939857,13770.699999939856,13780.69999993971,13780.74999993971,13935.049999937464,13939.099999937405,18.100000000000122,104.14999999999623,17.20000000000011,0,151.35000000000016,0.25,0,22.0,72.0000000000002
J001604,2023-02-03/SS14,SS14,AMR_18,G20_14,WS_13_20,"[""110596"", ""112284""]",2,13651.099999941596,13841.749999938822,13800.69999993942,13651.099999941596,13655.349999941534,13659.399999941475,13790.599999939566,13790.649999939566,13800.64999993942,13800.69999993942,13837.69999993888,13841.749999938822,18.100000000000122,71.1499999999981,11.400000000000027,0,89.74999999999704,0.25,0,2.0,68.00000000000045
J001605,2023-02-03/KKLD,KKLD,AMR_40,G20_13,WS_25_20,"[""101015""]",1,13657.949999941497,14207.649999933497,14071.049999935485,13657.949999941497,13902.899999937932,13906.949999937873,14060.949999935632,14060.999999935631,14070.999999935486,14071.049999935485,14203.599999933556,14207.649999933497,18.100000000000122,185.65000000000796,38.29999999999996,0,307.4000000000356,0.25,0,84.00000000000006,84.00000000000014
J001606,2023-02-03/TMTM,TMTM,AMR_34,G20_8,WS_19_20,"[""117030""]",1,13665.94999994138,14016.999999936272,13853.699999938648,13665.94999994138,13756.69999994006,13760.74999994,13843.599999938795,13843.649999938794,13853.649999938649,13853.699999938648,14012.94999993633,14016.999999936272,18.100000000000122,105.14999999999617,14.300000000000068,0,213.25000000001424,0.25,0,18.0,72.00000000000037
J001607,2023-02-03/TSGB,TSGB,AMR_09,G17_10,WS_2_20,"[""107330"", ""115794""]",2,13683.299999941128,14050.499999935784,13981.899999936782,13683.299999941128,13922.899999937641,13926.949999937582,13971.79999993693,13971.849999936929,13981.849999936783,13981.899999936782,14046.449999935843,14050.499999935784,18.100000000000122,189.05000000000874,22.95000000000019,0,136.84999999999687,0.25,0,108.00000000000088,104.00000000000165
J001608,2023-02-03/TGYA,TGYA,AMR_07,G17_13,WS_30_20,"[""101276""]",1,13688.69999994105,14005.099999936445,13817.599999939173,13688.69999994105,13688.69999994105,13692.74999994099,13807.49999993932,13807.54999993932,13817.549999939174,13817.599999939173,14001.049999936504,14005.099999936445,18.100000000000122,125.19999999999503,15.250000000000082,0,157.6500000000016,0.2,0,0.0,116.0
J001609,2023-02-03/SS14,SS14,AMR_38,G21_14,WS_13_20,"[""101014"", ""112279""]",2,13692.899999940988,14158.199999934217,14043.449999935887,13692.899999940988,13901.69999993795,13905.74999993789,14033.349999936034,14033.399999936033,14043.399999935888,14043.449999935887,14154.149999934276,14158.199999934217,18.100000000000122,154.1000000000008,26.800000000000246,0,266.0500000000262,0.25,0,72.00000000000054,68.00000000000026
J001610,2023-02-03/KKLD,KKLD,AMR_23,G21_12,WS_25_20,"[""124184""]",1,13695.49999994095,14078.649999935375,14025.39999993615,13695.49999994095,13927.449999937575,13931.499999937516,14015.299999936296,14015.349999936296,14025.34999993615,14025.39999993615,14074.599999935434,14078.649999935375,18.100000000000122,174.45000000000542,31.650000000000315,0,158.70000000000184,0.25,0,122.00000000000162,56.00000000000023
J001611,2023-02-03/TMTM,TMTM,AMR_01,G29_14,WS_19_20,"[""214618""]",1,13706.299999940793,14129.749999934631,13949.449999937255,13706.299999940793,13773.299999939818,13777.349999939759,13939.349999937402,13939.399999937401,13949.399999937255,13949.449999937255,14125.69999993469,14129.749999934631,18.100000000000122,102.59999999999631,21.100000000000165,0,281.4000000000297,0.25,0,24.0,76.00000000000011
J001612,2023-02-03/TSGB,TSGB,AMR_28,G29_13,WS_2_20,"[""101303"", ""135012""]",2,13707.599999940774,14487.299999929428,14220.249999933314,13707.599999940774,14041.19999993592,14045.24999993586,14210.149999933461,14210.19999993346,14220.199999933315,14220.249999933314,14483.249999929487,14487.299999929428,18.100000000000122,333.50000000004155,49.79999999999931,0,378.0500000000517,0.25,0,145.9999999999997,215.9999999999957
J001613,2023-02-03/SS14,SS14,AMR_15,G11_9,WS_13_20,"[""111289"", ""112403""]",2,13715.699999940656,13975.599999936874,13924.099999937624,13715.699999940656,13862.599999938519,13866.64999993846,13913.99999993777,13914.04999993777,13924.049999937624,13924.099999937624,13971.549999936933,13975.599999936874,18.100000000000122,124.74999999999505,20.10000000000015,0,96.69999999999665,0.25,0,62.000000000000526,68.00000000000051
J001614,2023-02-03/TMTM,TMTM,AMR_16,G14_9,WS_19_20,"[""110557""]",1,13720.349999940589,13945.899999937306,13836.799999938894,13720.349999940589,13752.999999940113,13757.049999940054,13826.699999939041,13826.74999993904,13836.749999938895,13836.799999938894,13941.849999937365,13945.899999937306,18.100000000000122,103.24999999999628,17.20000000000011,0,86.74999999999721,0.25,0,26.0,80.00000000000054
J001615,2023-02-03/TSGB,TSGB,AMR_22,G6_14,WS_2_20,"[""111271""]",1,13722.549999940557,13943.249999937345,13908.149999937856,13722.549999940557,13850.699999938692,13854.749999938633,13898.049999938003,13898.099999938002,13908.099999937856,13908.149999937856,13939.199999937404,13943.249999937345,18.100000000000122,110.44999999999587,19.200000000000138,0,72.69999999999801,0.25,0,62.00000000000071,52.000000000000455
J001616,2023-02-03/KKLD,KKLD,AMR_29,G29_9,WS_25_20,"[""121745""]",1,13734.749999940379,13965.249999937025,13872.649999938372,13734.749999940379,13824.349999939075,13828.399999939016,13862.54999993852,13862.599999938519,13872.599999938373,13872.649999938372,13961.199999937084,13965.249999937025,18.100000000000122,147.74999999999935,20.00000000000015,0,44.399999999999615,0.25,0,100.00000000000125,68.00000000000037
J001617,2023-02-03/TMTM,TMTM,AMR_11,G17_8,WS_19_20,"[""107149""]",1,13739.349999940312,14154.349999934273,13966.449999937007,13739.349999940312,13864.949999938484,13868.999999938425,13956.349999937154,13956.399999937154,13966.399999937008,13966.449999937007,14150.299999934332,14154.349999934273,18.100000000000122,164.7000000000032,25.80000000000023,0,206.15000000001262,0.25,0,92.00000000000091,76.0000000000006
J001618,2023-02-03/KKLD,KKLD,AMR_17,G20_9,WS_25_20,"[""115063""]",1,13785.399999939642,14046.849999935837,13982.199999936778,13785.399999939642,13877.049999938308,13881.09999993825,13972.099999936925,13972.149999936924,13982.149999936779,13982.199999936778,14042.799999935896,14046.849999935837,18.100000000000122,155.60000000000113,24.90000000000022,0,62.59999999999858,0.25,0,68.00000000000071,96.00000000000045
J001619,2023-02-03/SS14,SS14,AMR_39,G18_10,WS_13_20,"[""107168"", ""112357""]",2,13789.099999939588,14002.249999936486,13941.149999937375,13789.099999939588,13876.799999938312,13880.849999938253,13931.049999937522,13931.099999937522,13941.099999937376,13941.149999937375,13998.199999936545,14002.249999936486,18.100000000000122,106.49999999999609,20.10000000000015,0,68.19999999999827,0.25,0,34.0,64.00000000000034
J001620,2023-02-03/TMTM,TMTM,AMR_03,G21_8,WS_19_20,"[""107314""]",1,13790.099999939574,13963.749999937047,13920.799999937672,13790.099999939574,13857.849999938588,13861.899999938529,13910.699999937819,13910.749999937818,13920.749999937672,13920.799999937672,13959.699999937106,13963.749999937047,18.100000000000122,100.09999999999646,15.250000000000082,0,39.94999999999987,0.25,0,38.000000000000114,68.00000000000068
J001621,2023-02-03/KKLD,KKLD,AMR_25,G14_14,WS_25_20,"[""113197""]",1,13791.949999939547,14530.699999928796,14278.94999993246,13791.949999939547,14141.44999993446,14145.499999934402,14268.849999932607,14268.899999932606,14278.89999993246,14278.94999993246,14526.649999928855,14530.699999928796,18.100000000000122,203.75000000001208,41.249999999999794,0,475.4000000000738,0.25,0,82.00000000000028,100.00000000000031
J001622,2023-02-03/SS14,SS14,AMR_10,G23_14,WS_13_20,"[""101146"", ""132279""]",2,13802.299999939396,14125.949999934686,14026.299999936136,13802.299999939396,13932.249999937505,13936.299999937446,14016.199999936283,14016.249999936283,14026.249999936137,14026.299999936136,14121.899999934745,14125.949999934686,18.100000000000122,120.89999999999527,19.100000000000136,0,165.30000000000334,0.25,0,48.00000000000004,68.0000000000002
J001623,2023-02-03/TJKR,TJKR,AMR_08,G0_15,WS_30_20,"[""110166"", ""110185"", ""110231"", ""110475"", ""111276"", ""111376"", ""121833"", ""124704""]",9,13817.649999939173,14395.849999930759,14095.649999935127,13817.649999939173,13855.749999938618,13859.79999993856,14085.549999935274,14085.599999935273,14095.599999935128,14095.649999935127,14391.799999930818,14395.849999930759,18.100000000000122,192.10000000000943,20.950000000000163,0,346.8000000000446,0.25,0,38.000000000000064,159.99999999999648
J001624,2023-02-03/TJKR,TJKR,AMR_02,G15_15,WS_30_20,"[""101290"", ""107238"", ""110233"", ""123094"", ""124211"", ""124702"", ""134029""]",7,13820.999999939124,14028.249999936108,13979.649999936815,13820.999999939124,13820.999999939124,13825.049999939065,13969.549999936962,13969.599999936961,13979.599999936816,13979.649999936815,14024.199999936167,14028.249999936108,18.100000000000122,90.04999999999703,11.450000000000028,0,87.44999999999717,0.2,0,0.0,91.99999999999997
J001625,2023-02-03/TJKR,TJKR,AMR_37,G17_14,WS_30_20,"[""101028"", ""101191"", ""110178"", ""110284"", ""110512"", ""110583""]",8,13826.699999939041,14170.749999934034,14002.799999936478,13826.699999939041,13884.849999938195,13888.899999938136,13992.699999936625,13992.749999936625,14002.749999936479,14002.799999936478,14166.699999934093,14170.749999934034,18.100000000000122,143.24999999999832,19.200000000000138,0,163.25000000000287,0.25,0,46.0000000000002,96.0
J001626,2023-02-03/TJKR,TJKR,AMR_12,G23_15,WS_30_20,"[""107312"", ""110232"", ""110390"", ""110419"", ""111237""]",5,13830.89999993898,14195.599999933673,14123.099999934728,13830.89999993898,14070.499999935493,14074.549999935434,14112.999999934875,14113.049999934874,14123.049999934728,14123.099999934728,14191.549999933732,14195.599999933673,18.100000000000122,157.35000000000153,31.550000000000313,0,157.45000000000155,0.25,0,97.99999999999997,60.0
J001627,2023-02-03/TJKR,TJKR,AMR_18,G24_7,WS_30_20,"[""110466"", ""110492"", ""111380"", ""111999"", ""125535""]",5,13841.799999938821,14014.449999936309,13962.449999937066,13841.799999938821,13888.249999938145,13892.299999938086,13952.349999937212,13952.399999937212,13962.399999937066,13962.449999937066,14010.399999936368,14014.449999936309,18.100000000000122,115.1499999999956,17.20000000000011,0,21.950000000000177,0.25,0,30.00000000000003,100.00000000000128
J001628,2023-02-03/TMTM,TMTM,AMR_35,G20_10,WS_19_20,"[""110497""]",2,13860.999999938542,14203.249999933561,13994.899999936593,13860.999999938542,13883.249999938218,13887.299999938159,13984.79999993674,13984.84999993674,13994.849999936594,13994.899999936593,14199.19999993362,14203.249999933561,18.100000000000122,72.49999999999802,13.350000000000055,0,238.05000000001988,0.25,0,12.0,56.00000000000047
J001629,2023-02-03/TSGB,TSGB,AMR_30,G18_13,WS_2_20,"[""107457"", ""125535""]",2,13865.999999938469,14851.649999924126,14554.49999992845,13865.999999938469,13989.249999936676,13993.299999936617,14544.399999928597,14544.449999928596,14554.44999992845,14554.49999992845,14847.599999924185,14851.649999924126,18.100000000000122,288.20000000003125,32.4000000000003,0,646.6999999999596,0.25,0,52.0000000000003,243.99999999999463
J001630,2023-02-03/SS14,SS14,AMR_31,G24_14,WS_13_20,"[""110391"", ""112452""]",2,13866.099999938468,14187.199999933795,14075.649999935418,13866.099999938468,13921.749999937658,13925.799999937599,14065.549999935565,14065.599999935564,14075.599999935419,14075.649999935418,14183.149999933854,14187.199999933795,18.100000000000122,139.84999999999755,21.900000000000176,0,140.9999999999978,0.25,0,54.00000000000041,84.00000000000037
J001631,2023-02-03/KKLD,KKLD,AMR_32,G23_10,WS_25_20,"[""110239""]",1,13874.14999993835,14043.399999935888,14005.899999936433,13874.14999993835,13939.649999937397,13943.699999937338,13995.79999993658,13995.84999993658,14005.849999936434,14005.899999936433,14039.349999935946,14043.399999935888,18.100000000000122,79.29999999999764,14.300000000000068,0,57.29999999999888,0.25,0,18.0,64.00000000000048
J001632,2023-02-03/TJKR,TJKR,AMR_20,G3_15,WS_30_20,"[""110222"", ""110255"", ""110561"", ""110615"", ""112231""]",5,13887.89999993815,14621.19999992748,14292.549999932262,13887.89999993815,13933.049999937493,13937.099999937434,14282.449999932409,14282.499999932408,14292.499999932263,14292.549999932262,14617.149999927538,14621.19999992748,18.100000000000122,237.80000000001982,32.3500000000003,0,444.80000000006686,0.25,0,48.000000000000426,203.9999999999934
J001633,2023-02-03/TSGB,TSGB,AMR_33,G0_13,WS_2_20,"[""110150""]",1,13934.399999937474,14098.649999935084,14075.449999935421,13934.399999937474,14030.19999993608,14034.24999993602,14065.349999935568,14065.399999935567,14075.399999935422,14075.449999935421,14094.599999935142,14098.649999935084,18.100000000000122,112.89999999999573,15.300000000000082,0,17.700000000000117,0.25,0,92.00000000000175,44.00000000000015
J001634,2023-02-03/TMTM,TMTM,AMR_14,G26_10,WS_19_20,"[""118520""]",1,13937.149999937434,14301.59999993213,14043.099999935892,13937.149999937434,13957.899999937132,13961.949999937073,14032.999999936039,14033.049999936038,14043.049999935893,14043.099999935892,14297.54999993219,14301.59999993213,18.100000000000122,95.59999999999671,14.300000000000068,0,236.20000000001946,0.25,0,12.0,80.00000000000028
J001635,2023-02-03/SS14,SS14,AMR_36,G26_15,WS_13_20,"[""110194"", ""110575""]",3,13939.149999937405,14727.199999925937,14568.849999928241,13939.149999937405,14099.399999935073,14103.449999935014,14558.749999928388,14558.799999928387,14568.799999928242,14568.849999928241,14723.149999925996,14727.199999925937,18.100000000000122,184.0000000000076,28.60000000000027,0,557.1000000000411,0.25,0,60.00000000000023,132.00000000000077
J001636,2023-02-03/TSGB,TSGB,AMR_22,G6_13,WS_2_20,"[""113227""]",1,13943.299999937344,14035.249999936006,13998.899999936535,13943.299999937344,13947.399999937285,13951.449999937226,13988.799999936682,13988.849999936681,13998.849999936536,13998.899999936535,14031.199999936065,14035.249999936006,18.100000000000122,57.09999999999889,9.5,0,6.999999999999983,0.25,0,2.0,56.000000000000554
J001637,2023-02-03/SS14,SS14,AMR_16,G18_14,WS_13_20,"[""110504""]",1,13945.949999937306,14277.449999932482,14153.549999934285,13945.949999937306,13977.799999936842,13981.849999936783,14143.449999934432,14143.49999993443,14153.499999934285,14153.549999934285,14273.39999993254,14277.449999932482,18.100000000000122,120.79999999999528,22.95000000000019,0,169.40000000000427,0.25,0,26.0,92.00000000000057
J001638,2023-02-03/TMTM,TMTM,AMR_04,G15_8,WS_19_20,"[""115580""]",1,13958.399999937124,14398.699999930717,14160.04999993419,13958.399999937124,13984.399999936746,13988.449999936687,14149.949999934337,14149.999999934336,14159.99999993419,14160.04999993419,14394.649999930776,14398.699999930717,18.100000000000122,96.64999999999665,16.200000000000095,0,309.100000000036,0.25,0,12.0,76.00000000000054
J001639,2023-02-03/KKLD,KKLD,AMR_03,G20_12,WS_25_20,"[""110211""]",1,13963.799999937046,14310.349999932003,14110.349999934913,13963.799999937046,13984.84999993674,13988.89999993668,14100.24999993506,14100.29999993506,14110.299999934914,14110.349999934913,14306.299999932062,14310.349999932003,18.100000000000122,132.24999999999582,21.000000000000163,0,174.95000000000553,0.25,0,14.0,116.00000000000051
J001640,2023-02-03/TJKR,TJKR,AMR_29,G24_15,WS_30_20,"[""110530"", ""110555"", ""112059"", ""112369""]",5,13965.299999937024,14091.649999935185,14062.399999935611,13965.299999937024,14010.149999936371,14014.199999936312,14052.299999935758,14052.349999935757,14062.349999935612,14062.399999935611,14087.599999935244,14091.649999935185,18.100000000000122,75.29999999999787,12.450000000000042,0,20.250000000000153,0.25,0,26.0,52.0
J001641,2023-02-03/SRSD,SRSD,AMR_15,G12_15,WS_8_20,"[""101329"", ""110604"", ""111376"", ""132437""]",4,13975.649999936873,14151.999999934307,14051.44999993577,13975.649999936873,14005.099999936445,14009.149999936386,14041.349999935917,14041.399999935917,14051.399999935771,14051.44999993577,14147.949999934366,14151.999999934307,18.100000000000122,70.49999999999814,14.300000000000068,0,73.19999999999798,0.25,0,22.0,43.99999999999997
J001642,2023-02-03/SRSD,SRSD,AMR_21,G14_15,WS_8_20,"[""107130"", ""112045"", ""125413""]",3,14001.2999999365,14160.299999934186,14067.649999935535,14001.2999999365,14021.549999936205,14025.599999936147,14057.549999935682,14057.59999993568,14067.599999935535,14067.649999935535,14156.249999934245,14160.299999934186,18.100000000000122,70.49999999999814,15.300000000000082,0,54.84999999999902,0.25,0,10.0,56.00000000000021
J001643,2023-02-03/SRSD,SRSD,AMR_39,G15_10,WS_8_20,"[""101182"", ""107573"", ""109969""]",4,14002.299999936486,14201.649999933585,14119.249999934784,14002.299999936486,14018.149999936255,14022.199999936196,14109.14999993493,14109.19999993493,14119.199999934785,14119.249999934784,14197.599999933644,14201.649999933585,18.100000000000122,87.79999999999715,13.400000000000055,0,79.79999999999761,0.25,0,10.0,76.0000000000006
J001644,2023-02-03/TSGB,TSGB,AMR_07,G17_13,WS_2_20,"[""110541"", ""111362""]",2,14005.149999936444,14281.749999932419,14180.949999933886,14005.149999936444,14005.149999936444,14009.199999936385,14170.849999934033,14170.899999934032,14180.899999933887,14180.949999933886,14277.699999932478,14281.749999932419,18.100000000000122,118.7499999999954,17.25000000000011,0,122.2999999999952,0.2,0,0.0,120.0000000000017
J001645,2023-02-03/TMTM,TMTM,AMR_26,G27_10,WS_19_20,"[""101179""]",1,14011.699999936349,14370.899999931122,14099.54999993507,14011.699999936349,14027.299999936122,14031.349999936063,14089.449999935217,14089.499999935217,14099.499999935071,14099.54999993507,14366.84999993118,14370.899999931122,18.100000000000122,85.39999999999729,15.300000000000082,0,240.15000000002036,0.25,0,10.0,76.00000000000037
J001646,2023-02-03/SRSD,SRSD,AMR_18,G3_8,WS_8_20,"[""110305"", ""110615"", ""127627""]",3,14014.499999936308,14243.299999932979,14182.04999993387,14014.499999936308,14071.099999935484,14075.149999935426,14171.949999934017,14171.999999934016,14181.99999993387,14182.04999993387,14239.249999933038,14243.299999932979,18.100000000000122,137.8999999999971,19.100000000000136,0,53.4499999999991,0.25,0,64.00000000000115,92.00000000000098
J001647,2023-02-03/KKLD,KKLD,AMR_34,G18_12,WS_25_20,"[""112386""]",1,14017.049999936271,14427.199999930303,14344.8499999315,14017.049999936271,14036.849999935983,14040.899999935924,14334.749999931648,14334.799999931647,14344.799999931502,14344.8499999315,14423.149999930361,14427.199999930303,18.100000000000122,156.10000000000124,22.95000000000019,0,212.75000000001413,0.25,0,12.0,152.0000000000002
J001648,2023-02-03/SS14,SS14,AMR_02,G26_14,WS_13_20,"[""101147"", ""101177""]",2,14028.299999936107,14547.049999928558,14325.399999931784,14028.299999936107,14125.249999934696,14129.299999934638,14315.29999993193,14315.34999993193,14325.349999931785,14325.399999931784,14542.999999928617,14547.049999928558,18.100000000000122,162.0500000000026,22.000000000000178,0,316.35000000003765,0.25,0,40.00000000000013,128.000000000001
J001649,2023-02-03/TJKR,TJKR,AMR_22,G21_15,WS_30_20,"[""107412"", ""110254"", ""110385"", ""110531""]",4,14035.299999936005,14553.499999928465,14516.999999928996,14035.299999936005,14446.149999930027,14450.199999929968,14506.899999929143,14506.949999929142,14516.949999928996,14516.999999928996,14549.449999928524,14553.499999928465,18.100000000000122,235.9500000000194,46.94999999999947,0,216.95000000001508,0.25,0,181.99999999999835,64.0
J001650,2023-02-03/TMTM,TMTM,AMR_32,G11_9,WS_19_20,"[""112403""]",1,14043.449999935887,14609.749999927646,14265.099999932661,14043.449999935887,14091.949999935181,14095.999999935122,14254.999999932808,14255.049999932808,14265.049999932662,14265.099999932661,14605.699999927705,14609.749999927646,18.100000000000122,171.10000000000466,22.90000000000019,0,353.9500000000462,0.25,0,54.00000000000067,120.00000000000125
J001651,2023-02-03/TSGB,TSGB,AMR_17,G6_12,WS_2_20,"[""107416""]",1,14046.899999935837,14171.999999934016,14125.64999993469,14046.899999935837,14081.299999935336,14085.349999935277,14115.549999934838,14115.599999934837,14125.599999934691,14125.64999993469,14167.949999934075,14171.999999934016,18.100000000000122,84.14999999999736,13.400000000000055,0,9.199999999999996,0.25,0,34.00000000000003,60.00000000000054
J001652,2023-02-03/SRSD,SRSD,AMR_09,G15_5,WS_8_20,"[""101200"", ""110168"", ""111380""]",3,14050.549999935783,14233.049999933128,14165.999999934103,14050.549999935783,14068.299999935525,14072.349999935466,14155.89999993425,14155.94999993425,14165.949999934104,14165.999999934103,14228.999999933187,14233.049999933128,18.100000000000122,113.74999999999568,14.300000000000068,0,36.10000000000009,0.25,0,14.0,112.00000000000165
J001653,2023-02-03/KKLD,KKLD,AMR_23,G18_10,WS_25_20,"[""117025""]",1,14078.699999935374,14344.999999931499,14294.79999993223,14078.699999935374,14097.249999935104,14101.299999935045,14284.699999932376,14284.749999932375,14294.74999993223,14294.79999993223,14340.949999931558,14344.999999931499,18.100000000000122,110.54999999999586,20.10000000000015,0,117.29999999999548,0.25,0,10.0,100.00000000000037
J001654,2023-02-03/SS14,SS14,AMR_29,G14_12,WS_13_20,"[""110150""]",1,14091.699999935185,14302.099999932123,14271.299999932571,14091.699999935185,14176.049999933957,14180.099999933898,14261.199999932718,14261.249999932717,14271.249999932572,14271.299999932571,14298.049999932182,14302.099999932123,18.100000000000122,114.79999999999562,20.05000000000015,0,57.19999999999889,0.25,0,74.00000000000085,48.0000000000003
J001655,2023-02-03/TJKR,TJKR,AMR_33,G15_14,WS_30_20,"[""110323"", ""110450"", ""112359"", ""123310""]",4,14098.699999935083,14519.699999928956,14472.399999929645,14098.699999935083,14212.349999933429,14216.39999993337,14462.299999929792,14462.349999929791,14472.349999929645,14472.399999929645,14515.649999929015,14519.699999928956,18.100000000000122,181.70000000000707,28.650000000000272,0,192.30000000000948,0.25,0,76.00000000000097,120.00000000000023
J001656,2023-02-03/SRSD,SRSD,AMR_10,G24_15,WS_8_20,"[""110530"", ""112059"", ""112369""]",3,14125.999999934686,14868.149999923886,14606.499999927693,14125.999999934686,14282.149999932413,14286.199999932354,14596.39999992784,14596.44999992784,14606.449999927694,14606.499999927693,14864.099999923945,14868.149999923886,18.100000000000122,224.5000000000168,34.550000000000175,0,464.7500000000714,0.25,0,68.00000000000026,143.9999999999997
J001657,2023-02-03/TMTM,TMTM,AMR_01,G30_12,WS_19_20,"[""111371""]",1,14129.79999993463,14619.04999992751,14365.749999931197,14129.79999993463,14150.949999934322,14154.999999934264,14355.649999931344,14355.699999931343,14365.699999931197,14365.749999931197,14614.99999992757,14619.04999992751,18.100000000000122,116.39999999999553,18.100000000000122,0,336.4000000000422,0.25,0,14.0,100.00000000000028
J001658,2023-02-03/TSGB,TSGB,AMR_15,G29_14,WS_2_20,"[""110329"", ""111222""]",2,14152.049999934306,14587.749999927966,14495.34999992931,14152.049999934306,14303.849999932097,14307.899999932039,14485.249999929458,14485.299999929457,14495.299999929312,14495.34999992931,14583.699999928025,14587.749999927966,18.100000000000122,193.40000000000973,21.950000000000177,0,202.00000000001168,0.25,0,72.00000000000017,140.0000000000019
J001659,2023-02-03/KKLD,KKLD,AMR_11,G17_10,WS_25_20,"[""107330""]",1,14154.399999934272,14360.299999931276,14260.299999932731,14154.399999934272,14174.149999933985,14178.199999933926,14250.199999932878,14250.249999932877,14260.249999932732,14260.299999932731,14356.249999931335,14360.299999931276,18.100000000000122,97.5499999999966,16.200000000000095,0,73.79999999999795,0.25,0,8.0,84.00000000000003
J001660,2023-02-03/SS14,SS14,AMR_38,G17_12,WS_13_20,"[""101297""]",1,14158.249999934216,14502.849999929202,14400.749999930687,14158.249999934216,14327.69999993175,14331.749999931691,14390.649999930834,14390.699999930834,14400.699999930688,14400.749999930687,14498.79999992926,14502.849999929202,18.100000000000122,129.0499999999951,30.750000000000302,0,166.4500000000036,0.25,0,64.00000000000023,56.00000000000024
J001661,2023-02-03/TJKR,TJKR,AMR_27,G15_13,WS_30_20,"[""107272"", ""110179"", ""110301"", ""121875""]",4,14159.849999934193,14596.549999927838,14343.199999931525,14159.849999934193,14233.699999933118,14237.74999993306,14333.099999931672,14333.149999931671,14343.149999931526,14343.199999931525,14592.499999927897,14596.549999927838,18.100000000000122,202.35000000001176,25.80000000000023,0,190.200000000009,0.25,0,68.0000000000008,148.00000000000034
J001662,2023-02-03/SRSD,SRSD,AMR_21,G9_14,WS_8_20,"[""110296"", ""110461""]",2,14160.349999934186,14321.149999931846,14287.649999932333,14160.349999934186,14252.349999932847,14256.399999932788,14277.54999993248,14277.59999993248,14287.599999932334,14287.649999932333,14317.099999931905,14321.149999931846,18.100000000000122,94.19999999999679,20.05000000000015,0,28.200000000000266,0.25,0,48.00000000000017,44.000000000000185
J001663,2023-02-03/TMTM,TMTM,AMR_06,G32_14,WS_19_20,"[""112450""]",1,14162.84999993415,14656.89999992696,14597.84999992782,14162.84999993415,14193.999999933696,14198.049999933637,14587.749999927966,14587.799999927965,14597.79999992782,14597.84999992782,14652.849999927019,14656.89999992696,18.100000000000122,106.84999999999607,17.20000000000011,0,351.6500000000457,0.25,0,18.0,84.00000000000011
J001664,2023-02-03/SRSD,SRSD,AMR_37,G15_12,WS_8_20,"[""101097"", ""111373""]",2,14170.799999934034,14313.399999931959,14259.249999932747,14170.799999934034,14193.949999933697,14197.999999933638,14249.149999932893,14249.199999932893,14259.199999932747,14259.249999932747,14309.349999932017,14313.399999931959,18.100000000000122,77.89999999999772,12.400000000000041,0,33.95000000000021,0.25,0,8.0,76.00000000000088
J001665,2023-02-03/TSGB,TSGB,AMR_17,G9_12,WS_2_20,"[""112395""]",1,14172.049999934015,14281.899999932417,14237.449999933064,14172.049999934015,14187.199999933795,14191.249999933736,14227.34999993321,14227.39999993321,14237.399999933064,14237.449999933064,14277.849999932476,14281.899999932417,18.100000000000122,76.3499999999978,12.35000000000004,0,2.799999999999998,0.25,0,10.0,72.00000000000082
J001666,2023-02-03/KKLD,KKLD,AMR_24,G26_12,WS_25_20,"[""101073""]",1,14176.649999933948,14359.699999931285,14326.649999931766,14176.649999933948,14282.099999932414,14286.149999932355,14316.549999931913,14316.599999931912,14326.599999931766,14326.649999931766,14355.649999931344,14359.699999931285,18.100000000000122,94.39999999999678,12.400000000000041,0,57.89999999999885,0.25,0,50.0,52.00000000000023
J001667,2023-02-03/SRSD,SRSD,AMR_31,G18_15,WS_8_20,"[""101296"", ""123305""]",2,14187.249999933794,14384.74999993092,14321.399999931842,14187.249999933794,14275.49999993251,14279.549999932451,14311.299999931989,14311.349999931988,14321.349999931843,14321.399999931842,14380.69999993098,14384.74999993092,18.100000000000122,120.4999999999953,18.150000000000123,0,40.49999999999984,0.25,0,66.00000000000017,68.00000000000084
J001668,2023-02-03/SS14,SS14,AMR_12,G27_14,WS_13_20,"[""101122"", ""125463""]",2,14195.649999933672,14557.099999928412,14490.049999929388,14195.649999933672,14341.699999931547,14345.749999931488,14479.949999929535,14479.999999929534,14489.999999929389,14490.049999929388,14553.049999928471,14557.099999928412,18.100000000000122,136.9499999999969,23.950000000000205,0,182.20000000000718,0.25,0,42.00000000000004,92.00000000000026
J001669,2023-02-03/TJKR,TJKR,AMR_39,G21_14,WS_30_20,"[""101018"", ""107280"", ""110283"", ""112279"", ""112334"", ""123763""]",6,14201.699999933584,14455.54999992989,14399.099999930711,14201.699999933584,14293.249999932252,14297.299999932193,14388.999999930858,14389.049999930858,14399.049999930712,14399.099999930711,14451.499999929949,14455.54999992989,18.100000000000122,108.64999999999597,18.150000000000123,0,108.69999999999597,0.25,0,24.0,92.00000000000026
J001670,2023-02-03/TMTM,TMTM,AMR_35,G5_15,WS_19_20,"[""110533""]",2,14203.29999993356,14850.64999992414,14563.749999928315,14203.29999993356,14272.74999993255,14276.799999932491,14553.649999928462,14553.699999928462,14563.699999928316,14563.749999928315,14846.5999999242,14850.64999992414,18.100000000000122,200.20000000001127,27.650000000000258,0,401.15000000005693,0.25,0,72.00000000000153,132.00000000000074
J001671,2023-02-03/TSGB,TSGB,AMR_40,G20_13,WS_2_20,"[""101015"", ""110501""]",3,14207.699999933497,14534.899999928735,14399.449999930706,14207.699999933497,14207.699999933497,14211.749999933438,14389.349999930853,14389.399999930853,14399.399999930707,14399.449999930706,14530.849999928794,14534.899999928735,18.100000000000122,104.39999999999621,13.400000000000055,0,191.1000000000092,0.2,0,0.0,120.00000000000199
J001672,2023-02-03/SRSD,SRSD,AMR_09,G24_14,WS_8_20,"[""110482"", ""112452""]",2,14233.099999933127,14819.249999924597,14623.449999927447,14233.099999933127,14511.19999992908,14515.249999929021,14613.349999927594,14613.399999927593,14623.399999927447,14623.449999927447,14815.199999924656,14819.249999924597,18.100000000000122,293.7500000000325,51.6999999999992,0,222.3500000000163,0.25,0,139.99999999999997,167.99999999999645
J001673,2023-02-03/TSGB,TSGB,AMR_18,G3_12,WS_2_20,"[""107387""]",1,14243.349999932978,14346.199999931481,14314.849999931937,14243.349999932978,14276.89999993249,14280.94999993243,14304.749999932084,14304.799999932084,14314.799999931938,14314.849999931937,14342.14999993154,14346.199999931481,18.100000000000122,54.89999999999902,10.550000000000015,0,19.050000000000136,0.25,0,12.0,48.0000000000004
J001674,2023-02-03/TSGB,TSGB,AMR_19,G11_10,WS_2_20,"[""138090""]",3,14255.199999932805,14430.14999993026,14379.399999930998,14255.199999932805,14324.049999931804,14328.099999931745,14369.299999931145,14369.349999931144,14379.349999930999,14379.399999930998,14426.099999930319,14430.14999993026,18.100000000000122,129.24999999999514,12.400000000000041,0,14.950000000000077,0.25,0,82.00000000000102,80.00000000000102
J001675,2023-02-03/KKLD,KKLD,AMR_16,G20_10,WS_25_20,"[""110212""]",1,14277.499999932481,14724.399999925978,14584.599999928012,14277.499999932481,14298.84999993217,14302.899999932111,14574.499999928159,14574.549999928158,14584.549999928013,14584.599999928012,14720.349999926037,14724.399999925978,18.100000000000122,146.49999999999906,22.05000000000018,0,260.00000000002484,0.25,0,12.0,132.0000000000005
J001676,2023-02-03/SS14,SS14,AMR_07,G5_14,WS_13_20,"[""101199""]",1,14281.799999932418,14510.699999929087,14472.69999992964,14281.799999932418,14417.249999930447,14421.299999930388,14462.599999929787,14462.649999929787,14472.649999929641,14472.69999992964,14506.649999929146,14510.699999929087,18.100000000000122,172.90000000000506,26.850000000000247,0,10.800000000000018,0.25,0,130.00000000000333,72.00000000000071
J001677,2023-02-03/TMTM,TMTM,AMR_17,G3_9,WS_19_20,"[""134553""]",1,14281.949999932416,14696.04999992639,14580.799999928067,14281.949999932416,14306.149999932064,14310.199999932005,14570.699999928214,14570.749999928214,14580.749999928068,14580.799999928067,14691.99999992645,14696.04999992639,18.100000000000122,159.9000000000021,23.850000000000204,0,212.00000000001396,0.25,0,17.999999999999996,159.9999999999979
J001678,2023-02-03/SRSD,SRSD,AMR_14,G27_15,WS_8_20,"[""110171"", ""112294""]",2,14301.64999993213,14662.299999926881,14517.899999928983,14301.64999993213,14372.299999931101,14376.349999931042,14507.79999992913,14507.849999929129,14517.849999928983,14517.899999928983,14658.24999992694,14662.299999926881,18.100000000000122,152.15000000000035,17.20000000000011,0,172.95000000000508,0.25,0,44.000000000000014,108.00000000000038
J001679,2023-02-03/KKLD,KKLD,AMR_29,G14_12,WS_25_20,"[""101093""]",1,14302.149999932122,14441.74999993009,14364.89999993121,14302.149999932122,14302.149999932122,14306.199999932063,14354.799999931356,14354.849999931355,14364.84999993121,14364.89999993121,14437.69999993015,14441.74999993009,18.100000000000122,82.09999999999748,9.5,0,29.700000000000287,0.2,0,0.0,92.00000000000051
J001680,2023-02-03/TJKR,TJKR,AMR_03,G14_15,WS_30_20,"[""101025"", ""111228"", ""112045"", ""112324""]",4,14310.399999932002,14693.849999926422,14550.34999992851,14310.399999932002,14353.599999931374,14357.649999931315,14540.249999928657,14540.299999928657,14550.299999928511,14550.34999992851,14689.799999926481,14693.849999926422,18.100000000000122,159.450000000002,27.80000000000026,0,177.8500000000062,0.25,0,34.0,128.00000000000017
J001681,2023-02-03/SRSD,SRSD,AMR_05,G9_13,WS_8_20,"[""112009""]",1,14313.099999931963,14523.699999928898,14488.849999929405,14313.099999931963,14449.699999929975,14453.749999929916,14478.749999929552,14478.799999929552,14488.799999929406,14488.849999929405,14519.649999928957,14523.699999928898,18.100000000000122,125.04999999999504,20.00000000000015,0,47.199999999999456,0.25,0,82.00000000000065,48.000000000000384
J001682,2023-02-03/KKLD,KKLD,AMR_37,G17_9,WS_25_20,"[""112003""]",1,14313.449999931958,14520.09999992895,14453.199999929924,14313.449999931958,14338.499999931593,14342.549999931534,14443.099999930071,14443.14999993007,14453.149999929925,14453.199999929924,14516.04999992901,14520.09999992895,18.100000000000122,115.94999999999555,20.10000000000015,0,52.24999999999917,0.25,0,10.0,112.0000000000008
J001683,2023-02-03/TSGB,TSGB,AMR_21,G9_8,WS_2_20,"[""112269""]",1,14321.199999931845,14469.699999929684,14422.449999930372,14321.199999931845,14343.249999931524,14347.299999931465,14412.349999930519,14412.399999930518,14422.399999930372,14422.449999930372,14465.649999929743,14469.699999929684,18.100000000000122,92.94999999999686,13.400000000000055,0,23.800000000000203,0.25,0,16.0,88.00000000000125
J001684,2023-02-03/KKLD,KKLD,AMR_23,G32_15,WS_25_20,"[""117422""]",1,14345.049999931498,14520.599999928943,14485.999999929447,14345.049999931498,14441.699999930092,14445.749999930033,14475.899999929594,14475.949999929593,14485.949999929448,14485.999999929447,14516.549999929002,14520.599999928943,18.100000000000122,90.14999999999702,17.25000000000011,0,49.79999999999931,0.25,0,42.00000000000023,56.00000000000003
J001685,2023-02-03/SS14,SS14,AMR_18,G14_10,WS_13_20,"[""135096""]",1,14346.24999993148,14581.699999928054,14507.09999992914,14346.24999993148,14425.449999930328,14429.499999930269,14496.999999929287,14497.049999929286,14507.04999992914,14507.09999992914,14577.649999928113,14581.699999928054,18.100000000000122,131.59999999999567,19.150000000000137,0,66.34999999999837,0.25,0,78.00000000000153,64.00000000000048
J001686,2023-02-03/TJKR,TJKR,AMR_24,G21_13,WS_30_20,"[""101149"", ""107259"", ""110205""]",3,14359.749999931284,14538.199999928687,14499.799999929246,14359.749999931284,14445.499999930036,14449.549999929977,14489.699999929393,14489.749999929392,14499.749999929247,14499.799999929246,14534.149999928746,14538.199999928687,18.100000000000122,119.49999999999535,17.20000000000011,0,23.400000000000198,0.25,0,68.00000000000108,72.00000000000014
J001687,2023-02-03/SRSD,SRSD,AMR_11,G3_13,WS_8_20,"[""125462""]",1,14360.349999931275,14477.099999929576,14445.049999930043,14360.349999931275,14395.399999930765,14399.449999930706,14434.94999993019,14434.999999930189,14444.999999930043,14445.049999930043,14473.049999929635,14477.099999929576,18.100000000000122,81.99999999999748,14.350000000000069,0,2.0500000000000007,0.25,0,34.00000000000003,56.000000000000185
J001688,2023-02-03/KKLD,KKLD,AMR_26,G18_8,WS_25_20,"[""116363""]",1,14370.949999931121,14563.699999928316,14518.399999928975,14370.949999931121,14454.549999929905,14458.599999929846,14508.299999929122,14508.349999929122,14518.349999928976,14518.399999928975,14559.649999928375,14563.699999928316,18.100000000000122,123.8499999999951,20.10000000000015,0,30.450000000000298,0.25,0,50.00000000000031,84.0000000000006
J001689,2023-02-03/TSGB,TSGB,AMR_31,G12_10,WS_2_20,"[""107311""]",1,14384.79999993092,14541.099999928645,14470.199999929677,14384.79999993092,14417.849999930439,14421.89999993038,14460.099999929824,14460.149999929823,14470.149999929678,14470.199999929677,14537.049999928704,14541.099999928645,18.100000000000122,94.59999999999677,13.400000000000055,0,29.95000000000029,0.25,0,26.0,84.0000000000012
J001690,2023-02-03/KKLD,KKLD,AMR_08,G27_6,WS_25_20,"[""110363""]",1,14395.899999930758,14610.349999927637,14565.099999928296,14395.899999930758,14508.299999929122,14512.349999929063,14554.999999928443,14555.049999928442,14565.049999928297,14565.099999928296,14606.299999927696,14610.349999927637,18.100000000000122,170.15000000000444,20.05000000000015,0,5.899999999999987,0.25,0,128.0000000000021,80.00000000000088
J001691,2023-02-03/SS14,SS14,AMR_04,G26_12,WS_13_20,"[""110151"", ""111241""]",2,14398.749999930717,14602.59999992775,14524.149999928892,14398.749999930717,14463.549999929774,14467.599999929715,14514.049999929039,14514.099999929038,14524.099999928892,14524.149999928892,14598.549999927809,14602.59999992775,18.100000000000122,132.04999999999578,17.20000000000011,0,36.25000000000008,0.25,0,58.00000000000037,88.00000000000031
J001692,2023-02-03/TSGB,TSGB,AMR_34,G15_12,WS_2_20,"[""101097""]",1,14427.249999930302,14710.049999926187,14638.099999927234,14427.249999930302,14483.149999929488,14487.19999992943,14627.99999992738,14628.04999992738,14638.049999927234,14638.099999927234,14705.999999926245,14710.049999926187,18.100000000000122,105.19999999999617,16.300000000000097,0,142.94999999999825,0.25,0,10.0,100.0000000000015
J001693,2023-02-03/TJKR,TJKR,AMR_19,G21_12,WS_30_20,"[""107458"", ""110294"", ""111246""]",4,14430.199999930259,14627.699999927385,14581.849999928052,14430.199999930259,14516.249999929007,14520.299999928948,14571.749999928199,14571.799999928198,14581.799999928053,14581.849999928052,14623.649999927444,14627.699999927385,18.100000000000122,125.09999999999503,20.10000000000015,0,33.95000000000021,0.25,0,56.00000000000007,80.00000000000023
J001694,2023-02-03/TSGB,TSGB,AMR_29,G12_8,WS_2_20,"[""140078""]",1,14441.79999993009,14638.599999927226,14580.549999928071,14441.79999993009,14463.74999992977,14467.799999929712,14570.449999928218,14570.499999928217,14580.499999928072,14580.549999928071,14634.549999927285,14638.599999927226,18.100000000000122,124.49999999999507,17.20000000000011,0,36.75000000000005,0.25,0,12.0,128.0000000000025
J001695,2023-02-03/SRSD,SRSD,AMR_39,G14_13,WS_8_20,"[""111295""]",1,14455.59999992989,14634.24999992729,14580.149999928077,14455.59999992989,14513.399999929048,14517.44999992899,14570.049999928224,14570.099999928223,14580.099999928078,14580.149999928077,14630.199999927348,14634.24999992729,18.100000000000122,95.09999999999674,17.20000000000011,0,47.99999999999941,0.25,0,36.00000000000003,60.000000000000526
J001696,2023-02-03/KKLD,KKLD,AMR_21,G15_9,WS_25_20,"[""127717""]",1,14469.749999929683,14883.399999923664,14712.799999926146,14469.749999929683,14565.149999928295,14569.199999928236,14702.699999926293,14702.749999926293,14712.749999926147,14712.799999926146,14879.349999923723,14883.399999923664,18.100000000000122,172.10000000000488,24.90000000000022,0,198.30000000001084,0.25,0,50.0000000000005,136.00000000000028
J001697,2023-02-03/SS14,SS14,AMR_11,G20_12,WS_13_20,"[""107327""]",1,14477.149999929576,14751.69999992558,14631.749999927326,14477.149999929576,14547.399999928553,14551.449999928494,14621.649999927473,14621.699999927472,14631.699999927327,14631.749999927326,14747.64999992564,14751.69999992558,18.100000000000122,137.19999999999695,19.100000000000136,0,99.89999999999647,0.25,0,84.0000000000017,68.00000000000043
J001698,2023-02-03/TJKR,TJKR,AMR_28,G27_8,WS_30_20,"[""110484"", ""110543"", ""111330""]",3,14487.349999929427,14635.64999992727,14598.949999927803,14487.349999929427,14509.349999929107,14513.399999929048,14588.84999992795,14588.89999992795,14598.899999927804,14598.949999927803,14631.599999927328,14635.64999992727,18.100000000000122,87.69999999999716,15.300000000000082,0,26.950000000000248,0.25,0,14.0,76.00000000000057
J001699,2023-02-03/TSGB,TSGB,AMR_38,G17_15,WS_2_20,"[""107120""]",1,14502.899999929201,14738.849999925767,14597.84999992782,14502.899999929201,14524.24999992889,14528.299999928831,14587.749999927966,14587.799999927965,14597.79999992782,14597.84999992782,14734.799999925826,14738.849999925767,18.100000000000122,92.2499999999969,12.400000000000041,0,112.94999999999573,0.25,0,10.0,88.00000000000094
J001700,2023-02-03/SS14,SS14,AMR_07,G23_15,WS_13_20,"[""124210""]",1,14510.749999929087,14839.04999992431,14730.899999925883,14510.749999929087,14646.54999992711,14650.599999927052,14720.79999992603,14720.84999992603,14730.849999925884,14730.899999925883,14834.999999924368,14839.04999992431,18.100000000000122,116.44999999999553,14.350000000000069,0,179.1500000000065,0.25,0,50.00000000000003,68.00000000000033
J001701,2023-02-03/SRSD,SRSD,AMR_33,G18_12,WS_8_20,"[""110526"", ""112386""]",3,14519.749999928956,14917.39999992317,14682.34999992659,14519.749999928956,14541.49999992864,14545.54999992858,14672.249999926737,14672.299999926736,14682.29999992659,14682.34999992659,14913.349999923228,14917.39999992317,18.100000000000122,154.75000000000094,25.850000000000232,0,198.70000000001093,0.25,0,14.0,132.00000000000142
J001702,2023-02-03/KKLD,KKLD,AMR_37,G17_7,WS_25_20,"[""107448""]",1,14520.14999992895,14791.949999924995,14680.849999926611,14520.14999992895,14534.949999928735,14538.999999928676,14670.749999926758,14670.799999926758,14680.799999926612,14680.849999926611,14787.899999925054,14791.949999924995,18.100000000000122,141.29999999999788,26.900000000000247,0,85.2499999999973,0.25,0,8.0,140.00000000000003
J001703,2023-02-03/TMTM,TMTM,AMR_23,G32_15,WS_19_20,"[""101084""]",1,14520.649999928943,14663.199999926868,14614.899999927571,14520.649999928943,14520.649999928943,14524.699999928884,14604.799999927718,14604.849999927717,14614.849999927572,14614.899999927571,14659.149999926927,14663.199999926868,18.100000000000122,79.29999999999764,13.300000000000054,0,31.650000000000315,0.2,0,0.0,79.99999999999997
J001704,2023-02-03/TJKR,TJKR,AMR_05,G18_15,WS_30_20,"[""101095"", ""101296"", ""112288""]",3,14523.749999928898,14727.549999925932,14655.349999926982,14523.749999928898,14552.699999928476,14556.749999928417,14645.24999992713,14645.299999927129,14655.299999926983,14655.349999926982,14723.49999992599,14727.549999925932,18.100000000000122,108.44999999999598,14.300000000000068,0,62.699999999998575,0.25,0,26.0,92.00000000000026
J001705,2023-02-03/SS14,SS14,AMR_25,G14_14,WS_13_20,"[""113197""]",1,14530.749999928796,14637.949999927236,14599.349999927797,14530.749999928796,14530.749999928796,14534.799999928737,14589.249999927944,14589.299999927944,14599.299999927798,14599.349999927797,14633.899999927295,14637.949999927236,18.100000000000122,42.34999999999973,9.55,0,37.000000000000036,0.2,0,0.0,40.000000000000114
J001706,2023-02-03/TSGB,TSGB,AMR_40,G15_14,WS_2_20,"[""110143""]",1,14534.949999928735,14824.449999924522,14770.149999925312,14534.949999928735,14645.449999927127,14649.499999927068,14760.049999925459,14760.099999925458,14770.099999925313,14770.149999925312,14820.39999992458,14824.449999924522,18.100000000000122,112.54999999999575,19.100000000000136,0,139.49999999999747,0.25,0,20.0,92.00000000000114
J001707,2023-02-03/SRSD,SRSD,AMR_24,G18_14,WS_8_20,"[""110504""]",1,14538.249999928687,14918.74999992315,14795.849999924938,14538.249999928687,14566.19999992828,14570.24999992822,14785.749999925085,14785.799999925084,14795.799999924939,14795.849999924938,14914.699999923208,14918.74999992315,18.100000000000122,118.89999999999539,21.000000000000163,0,222.25000000001629,0.25,0,20.0,92.00000000000077
J001708,2023-02-03/KKLD,KKLD,AMR_31,G15_7,WS_25_20,"[""101195""]",1,14541.149999928644,14817.199999924627,14696.849999926379,14541.149999928644,14583.34999992803,14587.399999927971,14686.749999926526,14686.799999926525,14696.79999992638,14696.849999926379,14813.149999924686,14817.199999924627,18.100000000000122,144.14999999999853,20.05000000000015,0,93.49999999999683,0.25,0,32.0,116.00000000000063
J001709,2023-02-03/TJKR,TJKR,AMR_02,G26_14,WS_30_20,"[""101147"", ""101177"", ""110572""]",5,14547.099999928558,14648.149999927087,14615.999999927555,14547.099999928558,14547.099999928558,14551.149999928499,14605.899999927702,14605.949999927701,14615.949999927556,14615.999999927555,14644.099999927146,14648.149999927087,18.100000000000122,53.699999999999086,9.55,0,19.500000000000142,0.2,0,0.0,56.00000000000004
J001710,2023-02-03/SS14,SS14,AMR_22,G3_14,WS_13_20,"[""111226""]",1,14553.549999928464,15025.94999992159,14984.099999922199,14553.549999928464,14870.549999923851,14874.599999923792,14973.999999922346,14974.049999922345,14984.0499999222,14984.099999922199,15021.899999921648,15025.94999992159,18.100000000000122,172.1500000000049,27.70000000000026,0,254.20000000002355,0.25,0,86.00000000000064,72.0000000000005
J001711,2023-02-03/TSGB,TSGB,AMR_12,G17_14,WS_2_20,"[""110583""]",2,14557.149999928411,14959.699999922554,14848.999999924165,14557.149999928411,14722.19999992601,14726.24999992595,14838.899999924311,14838.94999992431,14848.949999924165,14848.999999924165,14955.649999922613,14959.699999922554,18.100000000000122,152.20000000000036,26.900000000000247,0,205.1000000000124,0.25,0,68.0000000000004,88.00000000000108
J001712,2023-02-03/TJKR,TJKR,AMR_26,G20_13,WS_30_20,"[""110513"", ""111220"", ""112332""]",3,14563.749999928315,14819.599999924592,14778.099999925196,14563.749999928315,14685.299999926547,14689.349999926488,14767.999999925343,14768.049999925342,14778.049999925197,14778.099999925196,14815.549999924651,14819.599999924592,18.100000000000122,140.29999999999765,23.000000000000192,0,74.19999999999793,0.25,0,54.00000000000023,100.00000000000048
J001713,2023-02-03/SRSD,SRSD,AMR_18,G17_12,WS_8_20,"[""101297""]",1,14581.749999928054,15029.449999921539,14966.299999922458,14581.749999928054,14883.449999923663,14887.499999923604,14956.199999922605,14956.249999922604,14966.249999922458,14966.299999922458,15025.399999921598,15029.449999921539,18.100000000000122,171.90000000000484,33.60000000000023,0,223.85000000001665,0.25,0,98.00000000000071,76.00000000000097
J001714,2023-02-03/KKLD,KKLD,AMR_15,G14_10,WS_25_20,"[""111356""]",1,14587.799999927965,14904.099999923363,14778.54999992519,14587.799999927965,14693.049999926434,14697.099999926375,14768.449999925337,14768.499999925336,14778.49999992519,14778.54999992519,14900.049999923422,14904.099999923363,18.100000000000122,154.85000000000096,22.000000000000178,0,121.09999999999526,0.25,0,74.00000000000122,96.00000000000037
J001715,2023-02-03/SS14,SS14,AMR_27,G14_8,WS_13_20,"[""104505""]",1,14596.599999927837,14899.49999992343,14811.54999992471,14596.599999927837,14624.799999927427,14628.849999927368,14801.449999924856,14801.499999924856,14811.49999992471,14811.54999992471,14895.449999923489,14899.49999992343,18.100000000000122,111.99999999999578,19.150000000000137,0,153.40000000000063,0.25,0,20.0,96.00000000000122
J001716,2023-02-03/TSGB,TSGB,AMR_04,G14_9,WS_2_20,"[""112442""]",1,14602.64999992775,14973.949999922346,14883.299999923665,14602.64999992775,14754.549999925539,14758.59999992548,14873.199999923812,14873.249999923812,14883.249999923666,14883.299999923665,14969.899999922405,14973.949999922346,18.100000000000122,213.75000000001435,22.95000000000019,0,116.24999999999554,0.25,0,110.0000000000021,132.00000000000284
J001717,2023-02-03/TJKR,TJKR,AMR_13,G6_15,WS_30_20,"[""107106"", ""123034"", ""123311""]",3,14604.949999927716,15149.049999919798,14856.14999992406,14604.949999927716,14626.149999927407,14630.199999927348,14846.049999924207,14846.099999924207,14856.099999924061,14856.14999992406,15144.999999919857,15149.049999919798,18.100000000000122,215.7500000000148,32.55000000000029,0,277.4500000000288,0.25,0,10.0,207.999999999995
J001718,2023-02-03/SRSD,SRSD,AMR_32,G20_15,WS_8_20,"[""112086""]",1,14609.799999927645,15140.449999919923,15032.349999921496,14609.799999927645,14897.799999923454,14901.849999923395,15022.249999921643,15022.299999921643,15032.299999921497,15032.349999921496,15136.399999919982,15140.449999919923,18.100000000000122,194.25000000000992,35.600000000000115,0,282.45000000002995,0.25,0,118.00000000000108,76.00000000000087
J001719,2023-02-03/KKLD,KKLD,AMR_08,G12_9,WS_25_20,"[""123130""]",1,14610.399999927637,15157.099999919681,14879.299999923724,14610.399999927637,14784.899999925097,14788.949999925038,14869.19999992387,14869.24999992387,14879.249999923724,14879.299999923724,15153.04999991974,15157.099999919681,18.100000000000122,230.85000000001824,34.550000000000175,0,262.9500000000255,0.25,0,112.00000000000176,140.00000000000034
J001720,2023-02-03/TTNG,TTNG,AMR_01,G21_14,WS_19_20,"[""107250"", ""112279""]",2,14619.09999992751,14744.649999925683,14699.949999926333,14619.09999992751,14656.999999926958,14661.0499999269,14689.84999992648,14689.89999992648,14699.899999926334,14699.949999926333,14740.599999925742,14744.649999925683,18.100000000000122,69.19999999999821,14.350000000000069,0,23.6500000000002,0.25,0,26.0,44.000000000000114
J001721,2023-02-03/TTNG,TTNG,AMR_20,G18_9,WS_19_20,"[""112275"", ""134680""]",2,14621.249999927479,14935.499999922906,14884.39999992365,14621.249999927479,14758.249999925485,14762.299999925426,14874.299999923796,14874.349999923796,14884.34999992365,14884.39999992365,14931.449999922965,14935.499999922906,18.100000000000122,184.65000000000774,26.750000000000245,0,84.49999999999734,0.25,0,110.00000000000185,92.00000000000114
J001722,2023-02-03/TTNG,TTNG,AMR_19,G29_14,WS_19_20,"[""110329"", ""214618""]",2,14627.749999927384,14770.499999925307,14723.649999925989,14627.749999927384,14671.29999992675,14675.349999926691,14713.549999926136,14713.599999926135,14723.59999992599,14723.649999925989,14766.449999925366,14770.499999925307,18.100000000000122,89.29999999999707,15.300000000000082,0,19.800000000000146,0.25,0,28.0,68.00000000000014
J001723,2023-02-03/SS14,SS14,AMR_39,G9_15,WS_13_20,"[""110234""]",1,14634.299999927289,14890.449999923561,14864.599999923938,14634.299999927289,14766.299999925368,14770.349999925309,14854.499999924084,14854.549999924084,14864.549999923938,14864.599999923938,14886.39999992362,14890.449999923561,18.100000000000122,106.64999999999608,24.050000000000207,0,107.09999999999606,0.25,0,58.0000000000005,44.00000000000013
J001724,2023-02-03/TJKR,TJKR,AMR_28,G9_2,WS_30_20,"[""110210"", ""110343"", ""112013""]",4,14635.699999927268,14938.899999922856,14806.849999924778,14635.699999927268,14700.84999992632,14704.899999926261,14796.749999924925,14796.799999924924,14806.799999924779,14806.849999924778,14934.849999922915,14938.899999922856,18.100000000000122,209.90000000001348,24.800000000000217,0,50.14999999999929,0.25,0,60.00000000000057,183.99999999999585
J001725,2023-02-03/TTNG,TTNG,AMR_25,G9_13,WS_19_20,"[""107162"", ""112009""]",2,14637.999999927235,14943.249999922793,14817.899999924617,14637.999999927235,14684.39999992656,14688.4499999265,14807.799999924764,14807.849999924763,14817.849999924618,14817.899999924617,14939.199999922852,14943.249999922793,18.100000000000122,131.84999999999573,24.90000000000022,0,130.14999999999534,0.25,0,20.0,104.00000000000074
J001726,2023-02-03/TSGB,TSGB,AMR_29,G15_10,WS_2_20,"[""109969""]",1,14638.649999927226,14955.999999922607,14906.39999992333,14638.649999927226,14743.599999925698,14747.64999992564,14896.299999923476,14896.349999923475,14906.34999992333,14906.39999992333,14951.949999922666,14955.999999922607,18.100000000000122,119.89999999999533,18.200000000000124,0,160.90000000000234,0.25,0,38.0000000000001,100.00000000000153
J001727,2023-02-03/SRSD,SRSD,AMR_02,G26_14,WS_8_20,"[""101147"", ""110511"", ""111363""]",3,14648.199999927087,14860.649999923995,14779.699999925173,14648.199999927087,14648.199999927087,14652.249999927028,14769.59999992532,14769.64999992532,14779.649999925174,14779.699999925173,14856.599999924054,14860.649999923995,18.100000000000122,105.94999999999612,9.55,0,78.64999999999768,0.2,0,0.0,104.00000000000034
J001728,2023-02-03/TJKR,TJKR,AMR_06,G30_15,WS_30_20,"[""124183"", ""132276""]",2,14656.94999992696,14734.049999925837,14710.849999926175,14656.94999992696,14669.799999926772,14673.849999926713,14700.749999926322,14700.799999926321,14710.799999926176,14710.849999926175,14729.999999925896,14734.049999925837,18.100000000000122,41.399999999999785,10.500000000000014,0,6.849999999999984,0.25,0,6.0,32.0
J001729,2023-02-03/SS14,SS14,AMR_14,G21_12,WS_13_20,"[""101022""]",1,14662.34999992688,14930.949999922972,14776.549999925219,14662.34999992688,14700.399999926327,14704.449999926268,14766.449999925366,14766.499999925365,14776.49999992522,14776.549999925219,14926.899999923031,14930.949999922972,18.100000000000122,101.64999999999637,14.250000000000068,0,134.3499999999963,0.25,0,26.0,76.00000000000048
J001730,2023-02-03/TTNG,TTNG,AMR_23,G17_6,WS_19_20,"[""110450"", ""123310""]",2,14663.249999926868,14943.799999922785,14850.249999924146,14663.249999926868,14731.649999925872,14735.699999925813,14840.149999924293,14840.199999924293,14850.199999924147,14850.249999924146,14939.749999922844,14943.799999922785,18.100000000000122,155.10000000000102,22.000000000000178,0,85.09999999999731,0.25,0,68.00000000000011,104.00000000000088
J001731,2023-02-03/KKLD,KKLD,AMR_03,G9_14,WS_25_20,"[""101150""]",1,14693.899999926422,15576.249999913582,15355.74999991679,14693.899999926422,14783.749999925114,14787.799999925055,15345.649999916937,15345.699999916937,15355.699999916791,15355.74999991679,15572.19999991364,15576.249999913582,18.100000000000122,195.0500000000101,29.550000000000285,0,639.3999999999662,0.25,0,32.0,151.99999999999812
J001732,2023-02-03/TSGB,TSGB,AMR_17,G14_14,WS_2_20,"[""113197""]",1,14696.09999992639,14917.39999992317,14866.249999923913,14696.09999992639,14779.89999992517,14783.949999925111,14856.14999992406,14856.19999992406,14866.199999923914,14866.249999923913,14913.349999923228,14917.39999992317,18.100000000000122,118.6499999999954,17.25000000000011,0,67.04999999999833,0.25,0,40.00000000000013,88.00000000000148
J001733,2023-02-03/SRSD,SRSD,AMR_34,G3_15,WS_8_20,"[""112231""]",1,14710.099999926186,15043.249999921338,15016.449999921728,14710.099999926186,14965.649999922467,14969.699999922408,15006.349999921875,15006.399999921874,15016.399999921729,15016.449999921728,15039.199999921397,15043.249999921338,18.100000000000122,126.44999999999496,23.050000000000193,0,165.30000000000334,0.25,0,82.00000000000139,48.0000000000001
J001734,2023-02-03/TJKR,TJKR,AMR_16,G26_13,WS_30_20,"[""110319"", ""122980""]",2,14724.449999925977,14857.449999924042,14823.89999992453,14724.449999925977,14755.699999925522,14759.749999925463,14813.799999924677,14813.849999924676,14823.84999992453,14823.89999992453,14853.3999999241,14857.449999924042,18.100000000000122,75.64999999999785,14.350000000000069,0,24.650000000000215,0.25,0,18.0,60.00000000000013
J001735,2023-02-03/TTNG,TTNG,AMR_36,G14_13,WS_19_20,"[""111295""]",1,14727.249999925936,15335.949999917078,15236.399999918527,14727.249999925936,15126.449999920127,15130.499999920068,15226.299999918674,15226.349999918673,15236.349999918528,15236.399999918527,15331.899999917137,15335.949999917078,18.100000000000122,228.30000000001766,42.14999999999974,0,319.90000000003846,0.25,0,156.00000000000102,64.00000000000017
J001736,2023-02-03/KKLD,KKLD,AMR_05,G8_15,WS_25_20,"[""138501""]",1,14727.599999925931,15139.24999991994,14863.69999992395,14727.599999925931,14787.949999925053,14791.999999924994,14853.599999924098,14853.649999924097,14863.649999923951,14863.69999992395,15135.19999992,15139.24999991994,18.100000000000122,128.09999999999488,17.20000000000011,0,248.00000000002214,0.25,0,28.0,100.00000000000026
J001737,2023-02-03/SS14,SS14,AMR_06,G32_15,WS_13_20,"[""101066"", ""112072""]",2,14734.099999925837,15100.899999920499,14847.549999924186,14734.099999925837,14739.649999925756,14743.699999925697,14837.449999924333,14837.499999924332,14847.499999924186,14847.549999924186,15096.849999920558,15100.899999920499,18.100000000000122,124.44999999999507,12.35000000000004,0,211.65000000001388,0.25,0,4.0,120.00000000000051
J001738,2023-02-03/TJKR,TJKR,AMR_38,G26_12,WS_30_20,"[""107274"", ""111241""]",2,14738.899999925767,14946.699999922743,14887.7999999236,14738.899999925767,14833.899999924384,14837.949999924325,14877.699999923747,14877.749999923746,14887.7499999236,14887.7999999236,14942.649999922802,14946.699999922743,18.100000000000122,113.64999999999569,20.05000000000015,0,55.74999999999897,0.25,0,60.00000000000023,64.00000000000023
J001739,2023-02-03/TTNG,TTNG,AMR_01,G20_10,WS_19_20,"[""101282"", ""112313""]",2,14744.699999925682,14929.64999992299,14867.1999999239,14744.699999925682,14797.449999924915,14801.499999924856,14857.099999924047,14857.149999924046,14867.1499999239,14867.1999999239,14925.59999992305,14929.64999992299,18.100000000000122,104.94999999999618,20.05000000000015,0,41.599999999999774,0.25,0,42.0000000000003,64.0000000000004
J001740,2023-02-03/KKLD,KKLD,AMR_11,G9_12,WS_25_20,"[""107192""]",1,14751.74999992558,15499.549999914698,15276.549999917943,14751.74999992558,14857.699999924038,14861.749999923979,15266.44999991809,15266.499999918089,15276.499999917944,15276.549999917943,15495.499999914757,15499.549999914698,18.100000000000122,224.35000000001676,34.350000000000186,0,470.75000000007276,0.25,0,58.00000000000044,155.9999999999983
J001741,2023-02-03/TSGB,TSGB,AMR_19,G17_9,WS_2_20,"[""110370""]",1,14770.549999925306,15101.49999992049,15009.499999921829,14770.549999925306,14926.849999923032,14930.899999922973,14999.399999921976,14999.449999921975,15009.44999992183,15009.499999921829,15097.449999920549,15101.49999992049,18.100000000000122,219.7000000000157,26.800000000000246,0,66.09999999999839,0.25,0,126.00000000000244,132.00000000000253
J001742,2023-02-03/SRSD,SRSD,AMR_37,G26_15,WS_8_20,"[""110575"", ""112017""]",2,14791.999999924994,15493.94999991478,15321.099999917295,14791.999999924994,14949.299999922705,14953.349999922646,15310.999999917442,15311.04999991744,15321.049999917295,15321.099999917295,15489.899999914838,15493.94999991478,18.100000000000122,266.5000000000263,41.949999999999754,0,375.150000000051,0.25,0,98.00000000000091,175.9999999999964
J001743,2023-02-03/SS14,SS14,AMR_31,G29_14,WS_13_20,"[""110329"", ""120778""]",2,14817.249999924627,15554.149999913903,15327.349999917204,14817.249999924627,14891.549999923545,14895.599999923486,15317.24999991735,15317.29999991735,15327.299999917204,15327.349999917204,15550.099999913962,15554.149999913903,18.100000000000122,173.80000000000527,24.95000000000022,0,519.800000000075,0.25,0,46.00000000000013,124.00000000000017
J001744,2023-02-03/TJKR,TJKR,AMR_09,G24_14,WS_30_20,"[""112036"", ""112452""]",4,14819.299999924597,14949.6999999227,14905.149999923347,14819.299999924597,14819.299999924597,14823.349999924538,14895.049999923494,14895.099999923494,14905.099999923348,14905.149999923347,14945.649999922758,14949.6999999227,18.100000000000122,56.24999999999894,9.55,0,46.29999999999951,0.2,0,0.0,56.00000000000004
J001745,2023-02-03/TTNG,TTNG,AMR_26,G18_15,WS_19_20,"[""101296""]",1,14819.649999924592,14924.099999923072,14901.449999923401,14819.649999924592,14834.14999992438,14838.199999924322,14891.349999923548,14891.399999923548,14901.399999923402,14901.449999923401,14920.04999992313,14924.099999923072,18.100000000000122,45.299999999999564,8.599999999999987,0,32.20000000000031,0.25,0,8.0,32.0
J001746,2023-02-03/TJKR,TJKR,AMR_40,G36_13,WS_30_20,"[""110150"", ""110342""]",2,14824.499999924521,15038.599999921405,15000.099999921966,14824.499999924521,14951.799999922669,14955.84999992261,14989.999999922113,14990.049999922112,15000.049999921966,15000.099999921966,15034.549999921464,15038.599999921405,18.100000000000122,138.04999999999714,19.150000000000137,0,38.54999999999995,0.25,0,96.00000000000081,64.00000000000021
J001747,2023-02-03/KKLD,KKLD,AMR_07,G6_14,WS_25_20,"[""112387""]",1,14839.099999924309,15232.849999918579,15167.949999919523,14839.099999924309,14984.799999922188,14988.84999992213,15157.84999991967,15157.89999991967,15167.899999919524,15167.949999919523,15228.799999918638,15232.849999918579,18.100000000000122,180.60000000000682,25.850000000000232,0,168.95000000000417,0.25,0,60.000000000000824,128.00000000000068
J001748,2023-02-03/SS14,SS14,AMR_35,G2_15,WS_13_20,"[""115355""]",1,14850.69999992414,15079.249999920814,15000.999999921953,14850.69999992414,14876.499999923764,14880.549999923705,14990.8999999221,14990.949999922099,15000.949999921953,15000.999999921953,15075.199999920873,15079.249999920814,18.100000000000122,84.19999999999736,11.500000000000028,0,114.49999999999564,0.25,0,10.0,72.00000000000037
J001749,2023-02-03/TSGB,TSGB,AMR_30,G20_8,WS_2_20,"[""117030""]",1,14851.699999924125,15040.199999921382,14960.249999922546,14851.699999924125,14873.39999992381,14877.44999992375,14950.149999922693,14950.199999922692,14960.199999922546,14960.249999922546,15036.149999921441,15040.199999921382,18.100000000000122,149.59999999999977,15.300000000000082,0,5.249999999999989,0.25,0,14.0,175.9999999999969
J001750,2023-02-03/TJKR,TJKR,AMR_16,G17_15,WS_30_20,"[""111249"", ""112034""]",2,14857.49999992404,15559.749999913822,15349.149999916886,14857.49999992404,15240.899999918462,15244.949999918403,15339.049999917033,15339.099999917033,15349.099999916887,15349.149999916886,15555.69999991388,15559.749999913822,18.100000000000122,217.10000000001511,38.19999999999997,0,428.6000000000632,0.25,0,98.00000000000031,108.0000000000004
J001751,2023-02-03/SRSD,SRSD,AMR_02,G20_13,WS_8_20,"[""107263"", ""110513""]",2,14860.699999923994,15314.449999917391,15225.94999991868,14860.699999923994,15010.649999921812,15014.699999921753,15215.849999918826,15215.899999918825,15225.89999991868,15225.94999991868,15310.39999991745,15314.449999917391,18.100000000000122,165.1500000000033,24.95000000000022,0,245.30000000002153,0.25,0,46.00000000000014,136.0000000000023
J001752,2023-02-03/TTNG,TTNG,AMR_10,G15_12,WS_19_20,"[""101097""]",1,14868.199999923885,15363.199999916682,15328.799999917183,14868.199999923885,15138.199999919956,15142.249999919897,15318.69999991733,15318.749999917329,15328.749999917183,15328.799999917183,15359.14999991674,15363.199999916682,18.100000000000122,211.3500000000138,32.55000000000029,0,232.75000000001867,0.25,0,167.99999999999795,56.00000000000023
J001753,2023-02-03/KKLD,KKLD,AMR_21,G6_13,WS_25_20,"[""135013""]",1,14883.449999923663,15192.399999919167,15111.299999920348,14883.449999923663,14957.749999922582,14961.799999922523,15101.199999920495,15101.249999920494,15111.249999920348,15111.299999920348,15188.349999919226,15192.399999919167,18.100000000000122,152.8000000000005,17.25000000000011,0,120.5499999999953,0.25,0,58.00000000000087,112.0000000000004
J001754,2023-02-03/SS14,SS14,AMR_39,G21_10,WS_13_20,"[""101071""]",1,14890.49999992356,15224.099999918706,15176.999999919391,14890.49999992356,15079.899999920804,15083.949999920746,15166.899999919538,15166.949999919538,15176.949999919392,15176.999999919391,15220.049999918765,15224.099999918706,18.100000000000122,122.89999999999516,17.15000000000011,0,175.2000000000056,0.25,0,38.0,80.0000000000006
J001755,2023-02-03/TSGB,TSGB,AMR_27,G15_9,WS_2_20,"[""127717""]",2,14899.549999923429,15170.099999919492,15109.899999920368,14899.549999923429,14947.299999922734,14951.349999922675,15099.799999920515,15099.849999920514,15109.849999920369,15109.899999920368,15166.04999991955,15170.099999919492,18.100000000000122,129.44999999999519,17.20000000000011,0,105.54999999999615,0.25,0,20.0,108.00000000000176
J001756,2023-02-03/TTNG,TTNG,AMR_15,G26_14,WS_19_20,"[""101147"", ""110511""]",2,14904.149999923362,15707.199999911676,15345.849999916934,14904.149999923362,15231.199999918603,15235.249999918544,15335.749999917081,15335.79999991708,15345.799999916935,15345.849999916934,15703.149999911735,15707.199999911676,18.100000000000122,235.80000000001937,37.350000000000016,0,511.55000000008204,0.25,0,128.00000000000165,96.0000000000002
J001757,2023-02-03/TJKR,TJKR,AMR_17,G14_14,WS_30_20,"[""111372"", ""138468""]",2,14917.449999923168,15186.849999919248,15113.749999920312,14917.449999923168,14917.449999923168,14921.49999992311,15103.649999920459,15103.699999920458,15113.699999920313,15113.749999920312,15182.799999919307,15186.849999919248,18.100000000000122,93.44999999999683,9.55,0,148.09999999999943,0.2,0,0.0,104.00000000000026
J001758,2023-02-03/TSGB,TSGB,AMR_33,G21_9,WS_2_20,"[""111361""]",1,14917.449999923168,15177.899999919378,15092.749999920617,14917.449999923168,14960.349999922544,14964.399999922485,15082.649999920764,15082.699999920764,15092.699999920618,15092.749999920617,15173.849999919437,15177.899999919378,18.100000000000122,172.95000000000508,16.300000000000097,0,52.849999999999135,0.25,0,16.0,195.9999999999943
J001759,2023-02-03/TTNG,TTNG,AMR_24,G27_12,WS_19_20,"[""111229""]",1,14918.799999923149,15390.049999916291,15179.84999991935,14918.799999923149,15118.849999920238,15122.899999920179,15169.749999919497,15169.799999919496,15179.79999991935,15179.84999991935,15385.99999991635,15390.049999916291,18.100000000000122,152.30000000000038,31.650000000000315,0,268.9500000000269,0.25,0,70.00000000000031,76.00000000000014
J001760,2023-02-03/TJKR,TJKR,AMR_26,G2_14,WS_30_20,"[""111207"", ""111268""]",2,14924.149999923071,15278.249999917918,15191.299999919183,14924.149999923071,14987.349999922151,14991.399999922092,15181.19999991933,15181.24999991933,15191.249999919184,15191.299999919183,15274.199999917977,15278.249999917918,18.100000000000122,179.6000000000066,20.05000000000015,0,136.0999999999967,0.25,0,46.0000000000003,155.99999999999744
J001761,2023-02-03/KKLD,KKLD,AMR_01,G9_15,WS_25_20,"[""107407""]",1,14929.69999992299,15371.749999916557,15260.499999918176,14929.69999992299,15138.899999919946,15142.949999919887,15250.399999918323,15250.449999918323,15260.449999918177,15260.499999918176,15367.699999916616,15371.749999916557,18.100000000000122,153.90000000000074,24.90000000000022,0,244.90000000002144,0.25,0,56.00000000000047,96.0000000000006
J001762,2023-02-03/SS14,SS14,AMR_14,G23_12,WS_13_20,"[""101166""]",1,14930.999999922971,15271.049999918023,15159.699999919643,14930.999999922971,14937.549999922876,14941.599999922817,15149.59999991979,15149.64999991979,15159.649999919644,15159.699999919643,15266.999999918082,15271.049999918023,18.100000000000122,131.59999999999567,24.050000000000207,0,166.0500000000035,0.25,0,4.0,120.00000000000037
J001763,2023-02-03/TSGB,TSGB,AMR_20,G23_13,WS_2_20,"[""101060""]",2,14935.549999922905,15257.49999991822,15126.94999992012,14935.549999922905,14968.399999922427,14972.449999922368,15116.849999920267,15116.899999920266,15126.89999992012,15126.94999992012,15253.449999918279,15257.49999991822,18.100000000000122,155.35000000000107,21.050000000000164,0,127.19999999999492,0.25,0,18.0,144.00000000000145
J001764,2023-02-03/TTNG,TTNG,AMR_28,G14_10,WS_19_20,"[""107258"", ""135096""]",2,14938.949999922856,15350.749999916863,15311.74999991743,14938.949999922856,14972.649999922365,14976.699999922306,15301.649999917578,15301.699999917577,15311.699999917431,15311.74999991743,15346.699999916922,15350.749999916863,18.100000000000122,111.24999999999582,19.150000000000137,0,263.05000000002553,0.25,0,30.0,80.00000000000065
J001765,2023-02-03/TJKR,TJKR,AMR_25,G18_14,WS_30_20,"[""110189"", ""110380""]",3,14943.299999922792,15392.799999916251,15269.399999918047,14943.299999922792,15002.799999921926,15006.849999921867,15259.299999918194,15259.349999918193,15269.349999918048,15269.399999918047,15388.74999991631,15392.799999916251,18.100000000000122,161.6000000000025,22.90000000000019,0,246.65000000002183,0.25,0,36.00000000000003,124.00000000000034
J001766,2023-02-03/SRSD,SRSD,AMR_23,G15_14,WS_8_20,"[""123310""]",1,14943.849999922784,15109.249999920377,15048.299999921264,14943.849999922784,14966.399999922456,14970.449999922397,15038.199999921411,15038.24999992141,15048.249999921265,15048.299999921264,15105.199999920436,15109.249999920377,18.100000000000122,82.09999999999748,13.400000000000055,0,51.54999999999921,0.25,0,20.0,68.0000000000008
J001767,2023-02-03/KKLD,KKLD,AMR_38,G5_15,WS_25_20,"[""110533""]",2,14946.749999922742,15573.499999913622,15339.649999917025,14946.749999922742,15193.949999919145,15197.999999919086,15329.549999917172,15329.59999991717,15339.599999917025,15339.649999917025,15569.44999991368,15573.499999913622,18.100000000000122,215.80000000001482,31.500000000000313,0,361.1000000000478,0.25,0,96.00000000000048,124.00000000000071
J001768,2023-02-03/SS14,SS14,AMR_09,G18_8,WS_13_20,"[""115120""]",1,14949.749999922698,15185.34999991927,15119.39999992023,14949.749999922698,14998.049999921996,15002.099999921937,15109.299999920377,15109.349999920376,15119.34999992023,15119.39999992023,15181.299999919329,15185.34999991927,18.100000000000122,137.54999999999703,19.150000000000137,0,60.5499999999987,0.25,0,28.0,116.0000000000015
J001769,2023-02-03/TSGB,TSGB,AMR_29,G27_15,WS_2_20,"[""110582""]",1,14956.049999922607,15418.599999915876,15210.599999918903,14956.049999922607,15068.599999920969,15072.64999992091,15200.49999991905,15200.549999919049,15210.549999918903,15210.599999918903,15414.549999915935,15418.599999915876,18.100000000000122,236.10000000001943,21.900000000000176,0,186.2000000000081,0.25,0,66.0000000000008,207.99999999999275
J001770,2023-02-03/TTNG,TTNG,AMR_12,G18_12,WS_19_20,"[""101305""]",1,14959.749999922553,15325.749999917227,15274.899999917967,14959.749999922553,15155.7999999197,15159.849999919641,15264.799999918114,15264.849999918113,15274.849999917968,15274.899999917967,15321.699999917286,15325.749999917227,18.100000000000122,91.69999999999693,21.150000000000166,0,234.80000000001914,0.25,0,38.00000000000003,48.0000000000003
J001771,2023-02-03/TJKR,TJKR,AMR_04,G20_10,WS_30_20,"[""101281"", ""110497""]",3,14973.999999922346,15331.649999917141,15286.449999917799,14973.999999922346,15171.64999991947,15175.69999991941,15276.349999917946,15276.399999917945,15286.3999999178,15286.449999917799,15327.5999999172,15331.649999917141,18.100000000000122,199.8500000000112,33.500000000000234,0,105.94999999999612,0.25,0,118.00000000000111,88.00000000000028
J001772,2023-02-03/SRSD,SRSD,AMR_22,G3_9,WS_8_20,"[""134553""]",1,15025.999999921589,15177.04999991939,15139.649999919935,15025.999999921589,15084.399999920739,15088.44999992068,15129.549999920082,15129.599999920081,15139.599999919936,15139.649999919935,15172.99999991945,15177.04999991939,18.100000000000122,107.84999999999602,17.20000000000011,0,7.649999999999981,0.25,0,50.000000000000426,72.00000000000064
J001773,2023-02-03/SS14,SS14,AMR_18,G23_10,WS_13_20,"[""131980""]",1,15029.499999921538,15518.69999991442,15411.599999915978,15029.499999921538,15211.049999918896,15215.099999918837,15401.499999916125,15401.549999916124,15411.549999915978,15411.599999915978,15514.649999914478,15518.69999991442,18.100000000000122,139.89999999999756,22.05000000000018,0,308.90000000003596,0.25,0,52.0,84.0000000000006
J001774,2023-02-03/TSGB,TSGB,AMR_40,G24_14,WS_2_20,"[""112036""]",1,15038.649999921405,15803.699999910272,15305.449999917522,15038.649999921405,15102.749999920472,15106.799999920413,15295.34999991767,15295.399999917669,15305.399999917523,15305.449999917522,15799.64999991033,15803.699999910272,18.100000000000122,253.65000000002343,47.899999999999416,0,445.15000000006694,0.25,0,38.00000000000004,215.99999999999827
J001775,2023-02-03/SRSD,SRSD,AMR_30,G14_8,WS_8_20,"[""104505""]",1,15040.249999921381,15217.399999918804,15155.549999919704,15040.249999921381,15090.799999920646,15094.849999920587,15145.44999991985,15145.49999991985,15155.499999919704,15155.549999919704,15213.349999918863,15217.399999918804,18.100000000000122,117.04999999999549,17.25000000000011,0,24.500000000000213,0.25,0,48.00000000000037,80.00000000000088
J001776,2023-02-03/TJKR,TJKR,AMR_34,G29_15,WS_30_20,"[""112007""]",1,15043.299999921337,15269.249999918049,15252.0499999183,15043.299999921337,15185.29999991927,15189.349999919212,15241.949999918446,15241.999999918446,15251.9999999183,15252.0499999183,15265.199999918108,15269.249999918049,18.100000000000122,131.59999999999567,19.200000000000138,0,56.79999999999891,0.25,0,124.0000000000018,32.0
J001777,2023-02-03/SRSD,SRSD,AMR_35,G21_15,WS_8_20,"[""110418""]",1,15079.299999920813,15350.049999916873,15210.09999991891,15079.299999920813,15151.949999919756,15155.999999919697,15199.999999919057,15200.049999919056,15210.04999991891,15210.09999991891,15345.999999916932,15350.049999916873,18.100000000000122,112.74999999999574,13.400000000000055,0,126.24999999999497,0.25,0,46.00000000000003,80.00000000000082
J001778,2023-02-03/TSGB,TSGB,AMR_06,G27_13,WS_2_20,"[""107207""]",1,15100.949999920498,15500.849999914679,15242.849999918433,15100.949999920498,15127.299999920115,15131.349999920056,15232.74999991858,15232.79999991858,15242.799999918434,15242.849999918433,15496.799999914738,15500.849999914679,18.100000000000122,172.85000000000505,22.90000000000019,0,185.800000000008,0.25,0,18.0,155.99999999999986
J001779,2023-02-03/SS14,SS14,AMR_19,G26_13,WS_13_20,"[""112333""]",1,15101.54999992049,15713.14999991159,15445.949999915478,15101.54999992049,15215.999999918824,15220.049999918765,15435.849999915625,15435.899999915624,15445.899999915478,15445.949999915478,15709.099999911648,15713.14999991159,18.100000000000122,213.1000000000142,30.6000000000003,0,349.5500000000452,0.25,0,106.00000000000125,108.0000000000002
J001780,2023-02-03/SRSD,SRSD,AMR_23,G20_12,WS_8_20,"[""110134""]",1,15109.299999920377,15374.34999991652,15304.94999991753,15109.299999920377,15208.449999918934,15212.499999918875,15294.849999917677,15294.899999917676,15304.89999991753,15304.94999991753,15370.299999916579,15374.34999991652,18.100000000000122,108.24999999999599,16.250000000000096,0,122.1999999999952,0.25,0,18.0,96.00000000000105
J001781,2023-02-03/TSGB,TSGB,AMR_05,G27_10,WS_2_20,"[""101179""]",2,15139.29999991994,15484.94999991491,15383.399999916388,15139.29999991994,15283.049999917848,15287.09999991779,15373.299999916535,15373.349999916534,15383.349999916389,15383.399999916388,15480.89999991497,15484.94999991491,18.100000000000122,256.400000000024,26.800000000000246,0,44.09999999999963,0.25,0,96.00000000000117,219.9999999999922
J001782,2023-02-03/TSGB,TSGB,AMR_32,G29_12,WS_2_20,"[""134500""]",2,15140.499999919923,15478.649999915002,15288.349999917771,15140.499999919923,15191.799999919176,15195.849999919117,15278.249999917918,15278.299999917917,15288.299999917772,15288.349999917771,15474.59999991506,15478.649999915002,18.100000000000122,161.50000000000247,17.20000000000011,0,141.09999999999783,0.25,0,32.0,147.9999999999999
J001783,2023-02-03/KKLD,KKLD,AMR_13,G9_13,WS_25_20,"[""134669""]",1,15149.099999919797,15672.499999912181,15292.49999991771,15149.099999919797,15177.249999919388,15181.299999919329,15282.399999917858,15282.449999917857,15292.449999917711,15292.49999991771,15668.44999991224,15672.499999912181,18.100000000000122,176.95000000000599,25.75000000000023,0,302.35000000003447,0.25,0,22.0,159.9999999999971
J001784,2023-02-03/SRSD,SRSD,AMR_08,G20_6,WS_8_20,"[""112374""]",1,15157.14999991968,15490.899999914824,15342.999999916976,15157.14999991968,15220.699999918756,15224.749999918697,15332.899999917123,15332.949999917122,15342.949999916977,15342.999999916976,15486.849999914883,15490.899999914824,18.100000000000122,191.80000000000936,28.750000000000274,0,94.84999999999675,0.25,0,34.00000000000003,183.99999999999633
J001785,2023-02-03/SS14,SS14,AMR_27,G23_9,WS_13_20,"[""111357""]",1,15170.149999919491,15703.599999911728,15428.899999915726,15170.149999919491,15211.049999918896,15215.099999918837,15418.799999915873,15418.849999915872,15428.849999915727,15428.899999915726,15699.549999911787,15703.599999911728,18.100000000000122,138.3499999999972,17.20000000000011,0,359.5500000000475,0.25,0,40.000000000000185,88.00000000000014
J001786,2023-02-03/SS14,SS14,AMR_22,G15_5,WS_13_20,"[""101200""]",1,15177.09999991939,15354.749999916805,15299.949999917602,15177.09999991939,15228.59999991864,15232.649999918582,15289.84999991775,15289.899999917749,15299.899999917603,15299.949999917602,15350.699999916864,15354.749999916805,18.100000000000122,118.44999999999541,17.20000000000011,0,23.6500000000002,0.25,0,56.000000000000625,80.00000000000091
J001787,2023-02-03/TJKR,TJKR,AMR_33,G20_15,WS_30_20,"[""107459"", ""112066""]",2,15177.949999919378,15622.39999991291,15547.699999913997,15177.949999919378,15466.749999915175,15470.799999915116,15537.599999914144,15537.649999914143,15547.649999913998,15547.699999913997,15618.349999912969,15622.39999991291,18.100000000000122,145.49999999999883,23.800000000000203,0,256.8000000000241,0.25,0,62.0,68.0
J001788,2023-02-03/TTNG,TTNG,AMR_09,G17_12,WS_19_20,"[""101221""]",1,15185.39999991927,15522.849999914359,15477.049999915025,15185.39999991927,15246.949999918374,15250.999999918315,15466.949999915172,15466.999999915171,15476.999999915026,15477.049999915025,15518.799999914418,15522.849999914359,18.100000000000122,155.55000000000112,24.850000000000218,0,138.6999999999973,0.25,0,46.00000000000033,104.0000000000002
J001789,2023-02-03/TSGB,TSGB,AMR_17,G30_15,WS_2_20,"[""107255""]",1,15186.899999919247,15974.799999907782,15617.54999991298,15186.899999919247,15410.249999915997,15414.299999915938,15607.449999913128,15607.499999913127,15617.499999912981,15617.54999991298,15970.74999990784,15974.799999907782,18.100000000000122,324.3500000000395,43.94999999999964,0,401.25000000005696,0.25,0,114.00000000000054,231.99999999998963
J001790,2023-02-03/KKLD,KKLD,AMR_21,G5_14,WS_25_20,"[""124794""]",2,15192.449999919167,15716.949999911534,15532.449999914219,15192.449999919167,15220.44999991876,15224.4999999187,15522.349999914366,15522.399999914365,15532.39999991422,15532.449999914219,15712.899999911593,15716.949999911534,18.100000000000122,212.6000000000141,32.450000000000294,0,261.1000000000251,0.25,0,19.999999999999986,207.99999999999258
J001791,2023-02-03/SRSD,SRSD,AMR_30,G27_14,WS_8_20,"[""125463""]",1,15217.449999918803,15652.449999912473,15488.649999914856,15217.449999918803,15292.299999917714,15296.349999917655,15478.549999915003,15478.599999915003,15488.599999914857,15488.649999914856,15648.399999912532,15652.449999912473,18.100000000000122,186.95000000000826,21.000000000000163,0,208.7000000000132,0.25,0,78.00000000000082,120.0000000000004
J001792,2023-02-03/SS14,SS14,AMR_39,G26_10,WS_13_20,"[""110442""]",1,15224.149999918705,15816.099999910091,15562.449999913782,15224.149999918705,15327.849999917196,15331.899999917137,15552.34999991393,15552.399999913929,15562.399999913783,15562.449999913782,15812.04999991015,15816.099999910091,18.100000000000122,162.30000000000265,25.70000000000023,0,385.6000000000534,0.25,0,50.00000000000041,108.00000000000068
J001793,2023-02-03/SRSD,SRSD,AMR_07,G26_8,WS_8_20,"[""133300""]",1,15232.899999918578,15605.89999991315,15513.399999914496,15232.899999918578,15332.34999991713,15336.399999917072,15503.299999914643,15503.349999914642,15513.349999914497,15513.399999914496,15601.84999991321,15605.89999991315,18.100000000000122,219.10000000001557,26.750000000000245,0,108.79999999999596,0.25,0,88.00000000000105,159.99999999999935
J001794,2023-02-03/TJKR,TJKR,AMR_20,G17_9,WS_30_20,"[""110423"", ""112003""]",2,15257.54999991822,15819.049999910048,15593.349999913333,15257.54999991822,15511.349999914526,15515.399999914467,15583.24999991348,15583.299999913479,15593.299999913334,15593.349999913333,15814.999999910107,15819.049999910048,18.100000000000122,181.350000000007,30.6000000000003,0,331.20000000004103,0.25,0,64.0000000000004,120.00000000000045
J001795,2023-02-03/TSGB,TSGB,AMR_34,G29_15,WS_2_20,"[""130011""]",1,15269.299999918048,15818.94999991005,15527.049999914298,15269.299999918048,15269.299999918048,15273.34999991799,15516.949999914445,15516.999999914444,15526.999999914298,15527.049999914298,15814.899999910109,15818.94999991005,18.100000000000122,233.65000000001888,27.70000000000026,0,270.0000000000271,0.2,0,0.0,259.99999999998886
J001796,2023-02-03/TJKR,TJKR,AMR_14,G32_15,WS_30_20,"[""133910""]",1,15271.099999918022,15357.649999916763,15331.849999917138,15271.099999918022,15303.199999917555,15307.249999917496,15321.749999917285,15321.799999917284,15331.799999917139,15331.849999917138,15353.599999916822,15357.649999916763,18.100000000000122,56.09999999999895,9.55,0,2.549999999999999,0.25,0,28.0,32.0
J001797,2023-02-03/TTNG,TTNG,AMR_26,G14_14,WS_19_20,"[""112374""]",1,15278.299999917917,15586.499999913432,15552.699999913924,15278.299999917917,15363.699999916675,15367.749999916616,15542.599999914071,15542.64999991407,15552.649999913925,15552.699999913924,15582.449999913491,15586.499999913432,18.100000000000122,124.34999999999508,17.20000000000011,0,148.29999999999947,0.25,0,60.00000000000044,60.000000000000256
J001798,2023-02-03/KKLD,KKLD,AMR_02,G3_13,WS_25_20,"[""104397""]",1,15314.49999991739,15748.349999911077,15651.89999991248,15314.49999991739,15431.899999915682,15435.949999915623,15641.799999912628,15641.849999912627,15651.849999912482,15651.89999991248,15744.299999911136,15748.349999911077,18.100000000000122,175.90000000000575,30.6000000000003,0,209.00000000001327,0.25,0,50.00000000000054,136.00000000000074
J001799,2023-02-03/SRSD,SRSD,AMR_12,G30_13,WS_8_20,"[""112404""]",1,15325.799999917226,16073.299999906349,15940.399999908283,15325.799999917226,15359.099999916742,15363.149999916683,15930.29999990843,15930.349999908429,15940.349999908283,15940.399999908283,16069.249999906408,16073.299999906349,18.100000000000122,255.65000000002388,30.5500000000003,0,442.95000000006644,0.25,0,34.0,239.99999999999258
J001800,2023-02-03/TSGB,TSGB,AMR_04,G30_14,WS_2_20,"[""111367""]",1,15331.69999991714,15899.599999908876,15651.649999912484,15331.69999991714,15368.7999999166,15372.849999916541,15641.549999912631,15641.59999991263,15651.599999912485,15651.649999912484,15895.549999908935,15899.599999908876,18.100000000000122,252.75000000002322,25.75000000000023,0,271.05000000002735,0.25,0,32.0,259.9999999999882
J001801,2023-02-03/TJKR,TJKR,AMR_36,G33_15,WS_30_20,"[""112272""]",1,15335.999999917078,15796.99999991037,15769.849999910764,15335.999999917078,15734.949999911272,15738.999999911213,15759.749999910911,15759.79999991091,15769.799999910765,15769.849999910764,15792.949999910428,15796.99999991037,18.100000000000122,173.0000000000051,25.80000000000023,0,243.8500000000212,0.25,0,126.00000000000024,36.00000000000003
J001802,2023-02-03/TTNG,TTNG,AMR_35,G21_12,WS_19_20,"[""101022""]",1,15350.099999916873,15556.149999913874,15497.149999914733,15350.099999916873,15436.299999915618,15440.34999991556,15487.04999991488,15487.099999914879,15497.099999914733,15497.149999914733,15552.099999913933,15556.149999913874,18.100000000000122,85.69999999999727,17.20000000000011,0,84.79999999999733,0.25,0,26.0,52.00000000000021
J001803,2023-02-03/KKLD,KKLD,AMR_28,G2_14,WS_25_20,"[""110220""]",1,15350.799999916862,15887.199999909057,15669.649999912222,15350.799999916862,15388.899999916308,15392.949999916249,15659.54999991237,15659.599999912369,15669.599999912223,15669.649999912222,15883.149999909116,15887.199999909057,18.100000000000122,207.45000000001292,26.750000000000245,0,283.85000000003026,0.25,0,35.99999999999997,187.9999999999945
J001804,2023-02-03/SRSD,SRSD,AMR_22,G23_13,WS_8_20,"[""101060""]",1,15354.799999916804,15726.999999911388,15529.549999914261,15354.799999916804,15432.149999915679,15436.19999991562,15519.449999914408,15519.499999914407,15529.499999914262,15529.549999914261,15722.949999911447,15726.999999911388,18.100000000000122,145.3499999999988,21.000000000000163,0,187.50000000000838,0.25,0,39.999999999999986,100.00000000000057
J001805,2023-02-03/TJKR,TJKR,AMR_14,G35_14,WS_30_20,"[""110190""]",1,15357.699999916762,15454.09999991536,15420.499999915848,15357.699999916762,15377.699999916471,15381.749999916412,15410.399999915995,15410.449999915994,15420.449999915849,15420.499999915848,15450.049999915418,15454.09999991536,18.100000000000122,61.04999999999867,14.350000000000069,0,2.6499999999999986,0.25,0,12.0,48.00000000000004
J001806,2023-02-03/TTNG,TTNG,AMR_10,G26_12,WS_19_20,"[""111241""]",1,15363.249999916681,15939.1499999083,15886.899999909061,15363.249999916681,15784.749999910548,15788.799999910489,15876.799999909208,15876.849999909207,15886.849999909062,15886.899999909061,15935.09999990836,15939.1499999083,18.100000000000122,166.70000000000366,22.95000000000019,0,367.9000000000494,0.25,0,102.00000000000063,64.0000000000003
J001807,2023-02-03/KKLD,KKLD,AMR_01,G3_10,WS_25_20,"[""112230""]",1,15371.799999916557,15784.399999910553,15685.349999911994,15371.799999916557,15403.449999916096,15407.499999916037,15675.249999912141,15675.29999991214,15685.299999911995,15685.349999911994,15780.349999910612,15784.399999910553,18.100000000000122,206.25000000001265,26.700000000000244,0,161.30000000000243,0.25,0,25.99999999999997,195.99999999999613
J001808,2023-02-03/SS14,SS14,AMR_23,G20_10,WS_13_20,"[""111243""]",1,15374.399999916519,15833.599999909837,15579.599999913533,15374.399999916519,15414.599999915934,15418.649999915875,15569.49999991368,15569.54999991368,15579.549999913534,15579.599999913533,15829.549999909896,15833.599999909837,18.100000000000122,112.24999999999577,23.900000000000205,0,304.700000000035,0.25,0,8.0,100.00000000000111
J001809,2023-02-03/TSGB,TSGB,AMR_24,G27_12,WS_2_20,"[""111229""]",1,15390.09999991629,15925.249999908503,15600.649999913227,15390.09999991629,15390.09999991629,15394.149999916232,15590.549999913374,15590.599999913373,15600.599999913227,15600.649999913227,15921.199999908562,15925.249999908503,18.100000000000122,130.4499999999954,8.549999999999986,0,377.85000000005164,0.2,0,0.0,144.00000000000026
J001810,2023-02-03/TJKR,TJKR,AMR_25,G23_14,WS_30_20,"[""101335""]",2,15392.84999991625,15741.099999911183,15530.699999914244,15392.84999991625,15440.049999915564,15444.099999915505,15520.599999914391,15520.64999991439,15530.649999914245,15530.699999914244,15737.049999911242,15741.099999911183,18.100000000000122,143.6499999999984,23.000000000000192,0,163.25000000000287,0.25,0,22.0,124.00000000000117
J001811,2023-02-03/TTNG,TTNG,AMR_29,G21_8,WS_19_20,"[""107314""]",1,15418.649999915875,15799.349999910335,15650.649999912499,15418.649999915875,15465.69999991519,15469.749999915131,15640.549999912646,15640.599999912645,15650.5999999125,15650.649999912499,15795.299999910394,15799.349999910335,18.100000000000122,103.44999999999627,17.20000000000011,0,241.7000000000207,0.25,0,30.0,68.00000000000014
J001812,2023-02-03/KKLD,KKLD,AMR_14,G2_10,WS_25_20,"[""110438""]",1,15454.149999915358,16209.89999990436,16052.199999906656,15454.149999915358,15752.399999911018,15756.44999991096,16042.099999906803,16042.149999906802,16052.149999906656,16052.199999906656,16205.84999990442,16209.89999990436,18.100000000000122,267.45000000002653,31.500000000000313,0,438.4500000000654,0.25,0,138.00000000000188,155.99999999999676
J001813,2023-02-03/TSGB,TSGB,AMR_32,G30_12,WS_2_20,"[""111371""]",1,15478.699999915001,15895.89999990893,15634.599999912733,15478.699999915001,15482.999999914939,15487.04999991488,15624.49999991288,15624.549999912879,15634.549999912733,15634.599999912733,15891.849999908989,15895.89999990893,18.100000000000122,153.7000000000007,11.400000000000027,0,233.7500000000189,0.25,0,2.0,163.9999999999971
J001814,2023-02-03/SS14,SS14,AMR_05,G27_10,WS_13_20,"[""101179""]",1,15484.99999991491,15868.049999909335,15748.249999911079,15484.99999991491,15484.99999991491,15489.04999991485,15738.149999911226,15738.199999911225,15748.19999991108,15748.249999911079,15863.999999909394,15868.049999909335,18.100000000000122,110.24999999999588,17.15000000000011,0,237.35000000001972,0.2,0,0.0,108.00000000000057
J001815,2023-02-03/TJKR,TJKR,AMR_08,G27_15,WS_30_20,"[""110479""]",2,15490.949999914823,15619.749999912949,15575.999999913585,15490.949999914823,15536.049999914167,15540.099999914108,15565.899999913732,15565.949999913732,15575.949999913586,15575.999999913585,15615.699999913008,15619.749999912949,18.100000000000122,75.24999999999787,12.400000000000041,0,22.80000000000019,0.25,0,40.00000000000021,40.0
J001816,2023-02-03/TTNG,TTNG,AMR_37,G26_15,WS_19_20,"[""110575""]",1,15493.999999914779,15821.199999910017,15601.949999913208,15493.999999914779,15493.999999914779,15498.04999991472,15591.849999913355,15591.899999913354,15601.899999913208,15601.949999913208,15817.149999910076,15821.199999910017,18.100000000000122,106.3999999999961,20.10000000000015,0,182.40000000000722,0.2,0,0.0,96.00000000000023
J001817,2023-02-03/TTNG,TTNG,AMR_11,G29_13,WS_19_20,"[""135012""]",1,15499.599999914697,15732.649999911306,15619.199999912957,15499.599999914697,15540.849999914097,15544.899999914038,15609.099999913104,15609.149999913103,15619.149999912957,15619.199999912957,15728.599999911365,15732.649999911306,18.100000000000122,128.34999999999494,24.800000000000217,0,61.54999999999864,0.25,0,46.00000000000004,84.00000000000014
J001818,2023-02-03/KKLD,KKLD,AMR_06,G2_9,WS_25_20,"[""136877""]",1,15500.899999914678,16162.449999905051,15952.349999908109,15500.899999914678,15670.799999912206,15674.849999912147,15942.249999908256,15942.299999908255,15952.29999990811,15952.349999908109,16158.39999990511,16162.449999905051,18.100000000000122,275.05000000002826,28.750000000000274,0,339.4000000000429,0.25,0,118.00000000000229,183.99999999999437
J001819,2023-02-03/TSGB,TSGB,AMR_18,G32_15,WS_2_20,"[""112072""]",2,15518.749999914418,16117.349999905708,15881.49999990914,15518.749999914418,15554.499999913898,15558.54999991384,15871.399999909287,15871.449999909286,15881.44999990914,15881.49999990914,16113.299999905767,16117.349999905708,18.100000000000122,233.45000000001883,25.70000000000023,0,321.10000000003873,0.25,0,28.0,219.9999999999923
J001820,2023-02-03/TJKR,TJKR,AMR_09,G24_12,WS_30_20,"[""112307""]",1,15522.899999914358,15896.54999990892,15861.54999990943,15522.899999914358,15718.049999911518,15722.09999991146,15851.449999909577,15851.499999909576,15861.49999990943,15861.54999990943,15892.49999990898,15896.54999990892,18.100000000000122,136.69999999999683,21.050000000000164,0,197.55000000001067,0.25,0,74.00000000000071,76.00000000000023
J001821,2023-02-03/SRSD,SRSD,AMR_31,G29_14,WS_8_20,"[""101215""]",1,15554.199999913903,16027.499999907015,15812.549999910143,15554.199999913903,15554.199999913903,15558.249999913844,15802.44999991029,15802.49999991029,15812.499999910144,15812.549999910143,16023.449999907074,16027.499999907015,18.100000000000122,154.25000000000082,30.5500000000003,0,270.20000000002716,0.2,0,0.0,151.99999999999832
J001822,2023-02-03/TTNG,TTNG,AMR_35,G8_14,WS_19_20,"[""112283""]",1,15556.199999913873,16106.24999990587,15965.699999907914,15556.199999913873,15857.249999909493,15861.299999909434,15955.599999908061,15955.64999990806,15965.649999907915,15965.699999907914,16102.199999905928,16106.24999990587,18.100000000000122,164.00000000000304,29.650000000000286,0,338.0500000000426,0.25,0,70.00000000000077,88.00000000000085
J001823,2023-02-03/TJKR,TJKR,AMR_16,G30_10,WS_30_20,"[""110357""]",1,15559.799999913821,15719.2499999115,15681.849999912045,15559.799999913821,15635.049999912726,15639.099999912667,15671.749999912192,15671.799999912191,15681.799999912046,15681.849999912045,15715.19999991156,15719.2499999115,18.100000000000122,113.69999999999568,18.150000000000123,0,9.249999999999996,0.25,0,72.00000000000051,56.00000000000031
J001824,2023-02-03/TTNG,TTNG,AMR_38,G15_8,WS_19_20,"[""115580""]",1,15573.549999913621,15890.699999909006,15848.249999909624,15573.549999913621,15657.949999912393,15661.999999912334,15838.14999990977,15838.19999990977,15848.199999909624,15848.249999909624,15886.649999909065,15890.699999909006,18.100000000000122,149.6999999999998,25.70000000000023,0,123.39999999999513,0.25,0,50.000000000000526,100.00000000000045
J001825,2023-02-03/TJKR,TJKR,AMR_03,G23_12,WS_30_20,"[""111273""]",1,15576.29999991358,15828.949999909904,15786.949999910516,15576.29999991358,15674.849999912147,15678.899999912088,15776.849999910663,15776.899999910662,15786.899999910516,15786.949999910516,15824.899999909963,15828.949999909904,18.100000000000122,106.69999999999608,16.250000000000096,0,111.34999999999582,0.25,0,36.0,76.00000000000023
J001826,2023-02-03/TJKR,TJKR,AMR_26,G29_9,WS_30_20,"[""111988""]",1,15586.549999913432,15776.449999910668,15735.74999991126,15586.549999913432,15678.499999912094,15682.549999912035,15725.649999911408,15725.699999911407,15735.699999911261,15735.74999991126,15772.399999910727,15776.449999910668,18.100000000000122,136.0999999999967,22.95000000000019,0,12.500000000000043,0.25,0,88.0000000000006,64.0000000000005
J001827,2023-02-03/TTNG,TTNG,AMR_07,G9_14,WS_19_20,"[""107377""]",1,15605.94999991315,16039.849999906835,15914.49999990866,15605.94999991315,15724.999999911417,15729.049999911358,15904.399999908806,15904.449999908806,15914.44999990866,15914.49999990866,16035.799999906894,16039.849999906835,18.100000000000122,176.80000000000595,32.450000000000294,0,206.30000000001266,0.25,0,58.000000000000526,116.00000000000094
J001828,2023-02-03/TJKR,TJKR,AMR_08,G20_14,WS_30_20,"[""110186""]",2,15619.799999912948,15870.899999909294,15830.699999909879,15619.799999912948,15760.049999910907,15764.099999910848,15820.599999910026,15820.649999910025,15830.64999990988,15830.699999909879,15866.849999909353,15870.899999909294,18.100000000000122,122.74999999999517,22.000000000000178,0,87.99999999999714,0.25,0,48.00000000000004,80.00000000000006
J001829,2023-02-03/TTNG,TTNG,AMR_33,G20_15,WS_19_20,"[""112066""]",1,15622.44999991291,15768.899999910778,15689.949999911927,15622.44999991291,15622.44999991291,15626.49999991285,15679.849999912074,15679.899999912073,15689.899999911928,15689.949999911927,15764.849999910837,15768.899999910778,18.100000000000122,39.14999999999991,8.599999999999987,0,80.39999999999758,0.2,0,0.0,32.0
J001830,2023-02-03/TTNG,TTNG,AMR_30,G11_10,WS_19_20,"[""112320""]",1,15652.499999912472,16117.949999905699,15931.59999990841,15652.499999912472,15781.349999910597,15785.399999910538,15921.499999908558,15921.549999908557,15931.549999908411,15931.59999990841,16113.899999905758,16117.949999905699,18.100000000000122,178.40000000000632,23.850000000000204,0,244.85000000002142,0.25,0,92.00000000000159,92.00000000000037
J001831,2023-02-03/TJKR,TJKR,AMR_13,G20_12,WS_30_20,"[""110134""]",1,15681.899999912044,15851.94999990957,15803.999999910267,15681.899999912044,15717.599999911525,15721.649999911466,15793.899999910414,15793.949999910414,15803.949999910268,15803.999999910267,15847.899999909629,15851.94999990957,18.100000000000122,105.14999999999617,14.300000000000068,0,32.250000000000306,0.25,0,28.0,88.00000000000028
J001832,2023-02-03/TTNG,TTNG,AMR_27,G23_9,WS_19_20,"[""107251""]",1,15703.649999911728,15875.94999990922,15771.049999910747,15703.649999911728,15703.649999911728,15707.699999911669,15760.949999910894,15760.999999910893,15770.999999910748,15771.049999910747,15871.89999990928,15875.94999990922,18.100000000000122,67.5999999999983,9.55,0,76.84999999999778,0.2,0,0.0,64.00000000000058
J001833,2023-02-03/SRSD,SRSD,AMR_19,G26_13,WS_8_20,"[""112333""]",1,15713.199999911589,16078.74999990627,15924.249999908518,15713.199999911589,15713.199999911589,15717.24999991153,15914.149999908665,15914.199999908664,15924.199999908518,15924.249999908518,16074.699999906328,16078.74999990627,18.100000000000122,116.39999999999553,15.250000000000082,0,215.60000000001477,0.2,0,0.0,124.0000000000012
J001834,2023-02-03/TJKR,TJKR,AMR_22,G18_13,WS_30_20,"[""101180""]",2,15735.79999991126,16019.499999907131,15939.299999908299,15735.79999991126,15862.89999990941,15866.949999909351,15929.199999908446,15929.249999908445,15939.2499999083,15939.299999908299,16015.44999990719,16019.499999907131,18.100000000000122,124.69999999999506,17.20000000000011,0,123.44999999999513,0.25,0,42.00000000000004,84.00000000000006
J001835,2023-02-03/TMMI,TMMI,AMR_25,G15_9,WS_13_20,"[""107364""]",1,15748.299999911078,16153.749999905178,16102.949999905917,15748.299999911078,15878.149999909188,15882.19999990913,16092.849999906064,16092.899999906063,16102.899999905918,16102.949999905917,16149.699999905237,16153.749999905178,18.100000000000122,136.74999999999685,26.750000000000245,0,223.6000000000166,0.25,0,46.00000000000034,88.00000000000071
J001836,2023-02-03/TMMI,TMMI,AMR_16,G18_10,WS_13_20,"[""101067""]",1,15748.299999911078,16131.849999905497,16079.849999906253,15748.299999911078,15841.499999909722,15845.549999909663,16069.7499999064,16069.7999999064,16079.799999906254,16079.849999906253,16127.799999905556,16131.849999905497,18.100000000000122,183.2000000000074,28.700000000000273,0,153.3000000000006,0.25,0,76.00000000000108,120.00000000000131
J001837,2023-02-03/TJKR,TJKR,AMR_33,G17_13,WS_30_20,"[""101276""]",1,15769.899999910764,16130.149999905521,16028.499999907,15769.899999910764,15881.649999909137,15885.699999909079,16018.399999907148,16018.449999907147,16028.449999907001,16028.499999907,16126.09999990558,16130.149999905521,18.100000000000122,152.4000000000004,26.700000000000244,0,162.80000000000277,0.25,0,50.00000000000013,104.00000000000009
J001838,2023-02-03/TTNG,TTNG,AMR_21,G6_15,WS_19_20,"[""135157""]",1,15771.099999910746,16089.149999906118,15948.649999908162,15771.099999910746,15790.949999910457,15794.999999910398,15938.54999990831,15938.599999908309,15948.599999908163,15948.649999908162,16085.099999906177,16089.149999906118,18.100000000000122,102.64999999999631,16.250000000000096,0,180.80000000000686,0.25,0,12.0,84.00000000000088
J001839,2023-02-03/TJKR,TJKR,AMR_15,G20_9,WS_30_20,"[""101256""]",1,15786.999999910515,16008.149999907297,15956.34999990805,15786.999999910515,15850.749999909587,15854.799999909528,15946.249999908197,15946.299999908197,15956.299999908051,15956.34999990805,16004.099999907356,16008.149999907297,18.100000000000122,117.79999999999545,19.100000000000136,0,65.8999999999984,0.25,0,26.0,100.00000000000031
J001840,2023-02-03/TSGB,TSGB,AMR_36,G33_15,WS_2_20,"[""131140""]",1,15797.049999910369,16130.099999905522,15952.9999999081,15797.049999910369,15797.049999910369,15801.09999991031,15942.899999908246,15942.949999908245,15952.9499999081,15952.9999999081,16126.049999905581,16130.099999905522,18.100000000000122,140.0999999999976,11.450000000000028,0,163.20000000000286,0.2,0,0.0,151.9999999999996
J001841,2023-02-03/TJKR,TJKR,AMR_01,G15_12,WS_30_20,"[""101097""]",1,15804.049999910267,16240.499999903916,16174.149999904881,15804.049999910267,15833.39999990984,15837.44999990978,16164.049999905028,16164.099999905027,16174.099999904882,16174.149999904881,16236.449999903974,16240.499999903916,18.100000000000122,208.45000000001315,23.850000000000204,0,185.800000000008,0.25,0,28.0,207.99999999999528
J001842,2023-02-03/TJKR,TJKR,AMR_20,G15_10,WS_30_20,"[""101182""]",1,15830.749999909878,15992.549999907524,15922.249999908547,15830.749999909878,15844.049999909685,15848.099999909626,15912.149999908694,15912.199999908693,15922.199999908547,15922.249999908547,15988.499999907583,15992.549999907524,18.100000000000122,107.69999999999602,15.250000000000082,0,20.500000000000156,0.25,0,6.0,116.00000000000043
J001843,2023-02-03/TTNG,TTNG,AMR_23,G17_9,WS_19_20,"[""118513""]",1,15848.299999909623,16117.14999990571,16061.949999906514,15848.299999909623,15933.849999908378,15937.899999908319,16051.84999990666,16051.89999990666,16061.899999906514,16061.949999906514,16113.09999990577,16117.14999990571,18.100000000000122,135.2499999999965,24.90000000000022,0,90.34999999999701,0.25,0,48.0000000000004,84.00000000000045
J001844,2023-02-03/TJKR,TJKR,AMR_13,G14_10,WS_30_20,"[""111356""]",1,15861.59999990943,16521.39999989983,16372.79999990199,15861.59999990943,16284.84999990327,16288.899999903211,16362.699999902137,16362.749999902137,16372.749999901991,16372.79999990199,16517.34999989989,16521.39999989983,18.100000000000122,293.1500000000324,39.099999999999916,0,309.200000000036,0.25,0,136.00000000000057,163.99999999999653
J001845,2023-02-03/SRSD,SRSD,AMR_05,G27_10,WS_8_20,"[""101179""]",1,15868.099999909335,16221.549999904191,16135.299999905446,15868.099999909335,15868.099999909335,15872.149999909276,16125.199999905593,16125.249999905593,16135.249999905447,16135.299999905446,16217.49999990425,16221.549999904191,18.100000000000122,141.04999999999782,19.100000000000136,0,175.00000000000554,0.2,0,0.0,151.9999999999995
J001846,2023-02-03/TTNG,TTNG,AMR_02,G6_14,WS_19_20,"[""112387""]",1,15886.94999990906,16299.599999903056,16218.699999904233,15886.94999990906,15915.09999990865,15919.149999908592,16208.59999990438,16208.649999904379,16218.649999904233,16218.699999904233,16295.549999903114,16299.599999903056,18.100000000000122,168.250000000004,28.650000000000272,0,197.40000000001064,0.25,0,19.999999999999986,143.99999999999974
J001847,2023-02-03/TMMI,TMMI,AMR_09,G24_12,WS_13_20,"[""112307""]",1,15896.59999990892,16196.14999990456,16137.09999990542,15896.59999990892,15896.59999990892,15900.649999908861,16126.999999905567,16127.049999905566,16137.049999905421,16137.09999990542,16192.09999990462,16196.14999990456,18.100000000000122,132.5499999999959,19.100000000000136,0,129.59999999999522,0.2,0,0.0,140.0000000000002
J001848,2023-02-03/TTNG,TTNG,AMR_04,G30_14,WS_19_20,"[""110527""]",1,15914.549999908659,16064.94999990647,15982.749999907666,15914.549999908659,15914.549999908659,15918.5999999086,15972.649999907813,15972.699999907813,15982.699999907667,15982.749999907666,16060.899999906529,16064.94999990647,18.100000000000122,79.69999999999762,11.450000000000028,0,40.94999999999981,0.2,0,0.0,80.0
J001849,2023-02-03/TJKR,TJKR,AMR_27,G23_9,WS_30_20,"[""110248""]",1,15922.299999908546,16029.24999990699,15988.499999907583,15922.299999908546,15922.299999908546,15926.349999908487,15978.39999990773,15978.449999907729,15988.449999907583,15988.499999907583,16025.199999907049,16029.24999990699,18.100000000000122,76.94999999999777,9.5,0,2.2,0.2,0,0.0,88.00000000000065
J001850,2023-02-03/TTNG,TTNG,AMR_32,G30_12,WS_19_20,"[""111371""]",1,15931.64999990841,16076.899999906296,16027.84999990701,15931.64999990841,15931.64999990841,15935.699999908351,16017.749999907157,16017.799999907156,16027.79999990701,16027.84999990701,16072.849999906355,16076.899999906296,18.100000000000122,77.64999999999773,11.450000000000028,0,37.84999999999999,0.2,0,0.0,88.00000000000037
J001851,2023-02-03/TJKR,TJKR,AMR_38,G14_8,WS_30_20,"[""110546""]",1,15939.349999908298,16146.499999905283,16045.449999906754,15939.349999908298,15942.399999908253,15946.449999908195,16035.3499999069,16035.3999999069,16045.399999906755,16045.449999906754,16142.449999905342,16146.499999905283,18.100000000000122,128.04999999999487,9.5,0,51.249999999999226,0.25,0,2.0,147.99999999999915
J001852,2023-02-03/TTNG,TTNG,AMR_28,G6_13,WS_19_20,"[""113227""]",1,15948.699999908162,16153.999999905174,16103.699999905906,15948.699999908162,15980.549999907698,15984.59999990764,16093.599999906053,16093.649999906052,16103.649999905907,16103.699999905906,16149.949999905233,16153.999999905174,18.100000000000122,116.44999999999553,19.100000000000136,0,51.39999999999922,0.25,0,25.99999999999997,92.00000000000088
J001853,2023-02-03/TJKR,TJKR,AMR_03,G11_8,WS_30_20,"[""127445""]",1,15956.39999990805,16198.549999904526,16114.849999905744,15956.39999990805,16006.749999907317,16010.799999907258,16104.749999905891,16104.79999990589,16114.799999905745,16114.849999905744,16194.499999904585,16198.549999904526,18.100000000000122,174.4000000000054,18.150000000000123,0,31.25000000000031,0.25,0,36.000000000000014,171.99999999999625
J001854,2023-02-03/TTNG,TTNG,AMR_08,G5_14,WS_19_20,"[""101199""]",1,15965.749999907914,16315.74999990282,16235.749999903985,15965.749999907914,16141.799999905352,16145.849999905293,16225.649999904132,16225.69999990413,16235.699999903985,16235.749999903985,16311.69999990288,16315.74999990282,18.100000000000122,140.84999999999778,19.100000000000136,0,171.7000000000048,0.25,0,46.000000000000355,96.00000000000057
J001855,2023-02-03/TTNG,TTNG,AMR_17,G30_15,WS_19_20,"[""127626""]",1,15982.799999907666,16130.149999905521,16044.899999906762,15982.799999907666,15982.799999907666,15986.849999907607,16034.799999906909,16034.849999906908,16044.849999906763,16044.899999906762,16126.09999990558,16130.149999905521,18.100000000000122,71.34999999999809,6.649999999999984,0,51.04999999999924,0.2,0,0.0,68.00000000000001
J001856,2023-02-03/TJKR,TJKR,AMR_37,G8_15,WS_30_20,"[""110223""]",1,15988.549999907582,16485.249999900356,16343.149999902422,15988.549999907582,16248.999999903792,16253.049999903733,16333.049999902569,16333.099999902568,16343.099999902422,16343.149999902422,16481.199999900415,16485.249999900356,18.100000000000122,180.1500000000067,23.000000000000192,0,275.2000000000283,0.25,0,68.00000000000054,116.00000000000026
J001857,2023-02-03/TTNG,TTNG,AMR_20,G3_15,WS_19_20,"[""110222""]",2,16027.89999990701,16238.199999903949,16176.349999904849,16027.89999990701,16111.64999990579,16115.699999905732,16166.249999904996,16166.299999904995,16176.29999990485,16176.349999904849,16234.149999904008,16238.199999903949,18.100000000000122,143.79999999999845,14.300000000000068,0,33.850000000000215,0.25,0,78.00000000000144,92.00000000000088
J001858,2023-02-03/TJKR,TJKR,AMR_15,G6_12,WS_30_20,"[""110424""]",1,16028.549999907,16338.49999990249,16223.349999904165,16028.549999907,16107.099999905857,16111.149999905798,16213.249999904312,16213.299999904311,16223.299999904166,16223.349999904165,16334.449999902548,16338.49999990249,18.100000000000122,195.60000000001023,22.000000000000178,0,73.99999999999794,0.25,0,74.00000000000134,144.0000000000001
J001859,2023-02-03/TTNG,TTNG,AMR_07,G3_14,WS_19_20,"[""112040""]",1,16044.949999906761,16204.949999904433,16159.1499999051,16044.949999906761,16075.449999906317,16079.499999906258,16149.049999905246,16149.099999905246,16159.0999999051,16159.1499999051,16200.899999904492,16204.949999904433,18.100000000000122,108.34999999999599,15.300000000000082,0,18.00000000000012,0.25,0,24.000000000000025,96.00000000000112
J001860,2023-02-03/TJKR,TJKR,AMR_22,G3_12,WS_30_20,"[""124994""]",1,16045.499999906753,16367.049999902074,16240.699999903913,16045.499999906753,16135.849999905438,16139.89999990538,16230.59999990406,16230.649999904059,16240.649999903913,16240.699999903913,16362.999999902133,16367.049999902074,18.100000000000122,181.20000000000695,16.250000000000096,0,105.74999999999613,0.25,0,48.00000000000058,151.99999999999744
J001861,2023-02-03/SEBR,SEBR,AMR_34,G15_15,WS_25_20,"[""101290"", ""101329"", ""107238"", ""110604"", ""111376"", ""123094"", ""124702"", ""132437"", ""134029""]",12,16052.249999906655,16356.649999902225,16291.649999903171,16052.249999906655,16184.749999904727,16188.799999904668,16281.549999903318,16281.599999903317,16291.599999903172,16291.649999903171,16352.599999902284,16356.649999902225,18.100000000000122,138.2999999999972,20.05000000000015,0,127.69999999999489,0.25,0,40.00000000000003,95.99999999999986
J001862,2023-02-03/SEBR,SEBR,AMR_27,G23_5,WS_25_20,"[""109989"", ""110178"", ""110299"", ""111380"", ""120450"", ""121875"", ""123310""]",8,16052.249999906655,16203.04999990446,16141.89999990535,16052.249999906655,16067.399999906434,16071.449999906376,16131.799999905497,16131.849999905497,16141.849999905351,16141.89999990535,16198.99999990452,16203.04999990446,18.100000000000122,102.04999999999634,13.350000000000055,0,17.050000000000107,0.25,0,12.0,100.00000000000117
J001863,2023-02-03/SEBR,SEBR,AMR_40,G20_15,WS_25_20,"[""101075"", ""110502"", ""110603"", ""112066"", ""112086"", ""136998""]",6,16052.249999906655,16215.849999904274,16180.249999904792,16052.249999906655,16133.849999905467,16137.899999905409,16170.14999990494,16170.199999904939,16180.199999904793,16180.249999904792,16211.799999904333,16215.849999904274,18.100000000000122,69.09999999999822,12.450000000000042,0,63.69999999999852,0.25,0,18.0,48.0
J001864,2023-02-03/SEBR,SEBR,AMR_10,G17_15,WS_25_20,"[""107120"", ""110166"", ""110225"", ""111249"", ""111276"", ""112034""]",7,16052.249999906655,16235.39999990399,16199.149999904517,16052.249999906655,16133.799999905468,16137.84999990541,16189.049999904664,16189.099999904663,16199.099999904518,16199.149999904517,16231.349999904049,16235.39999990399,18.100000000000122,101.54999999999637,16.250000000000096,0,46.99999999999947,0.25,0,48.000000000000114,60.0
J001865,2023-02-03/SEBR,SEBR,AMR_29,G23_15,WS_25_20,"[""110232"", ""110390"", ""110419"", ""124478"", ""134027""]",6,16052.249999906655,16175.349999904864,16157.649999905121,16052.249999906655,16084.949999906179,16088.99999990612,16147.549999905268,16147.599999905267,16157.599999905122,16157.649999905121,16171.299999904923,16175.349999904864,18.100000000000122,52.69999999999914,8.599999999999987,0,43.44999999999967,0.25,0,18.0,36.00000000000003
J001866,2023-02-03/SEBR,SEBR,AMR_39,G18_14,WS_25_20,"[""101080"", ""101207"", ""110380"", ""110594"", ""112326""]",6,16052.249999906655,16332.199999902581,16275.799999903402,16052.249999906655,16213.999999904301,16218.049999904242,16265.699999903549,16265.749999903548,16275.749999903403,16275.799999903402,16328.14999990264,16332.199999902581,18.100000000000122,170.05000000000442,26.800000000000246,0,64.74999999999847,0.25,0,128.00000000000205,60.00000000000004
J001867,2023-02-03/TTNG,TTNG,AMR_24,G2_14,WS_19_20,"[""110291""]",1,16061.999999906513,16325.749999902675,16271.79999990346,16061.999999906513,16202.599999904467,16206.649999904408,16261.699999903607,16261.749999903606,16271.74999990346,16271.79999990346,16321.699999902734,16325.749999902675,18.100000000000122,185.45000000000792,26.750000000000245,0,33.20000000000025,0.25,0,98.00000000000115,108.00000000000126
J001868,2023-02-03/TSGB,TSGB,AMR_12,G30_13,WS_2_20,"[""112404""]",2,16073.349999906348,16309.149999902917,16209.699999904364,16073.349999906348,16073.349999906348,16077.399999906289,16199.59999990451,16199.64999990451,16209.649999904364,16209.699999904364,16305.099999902975,16309.149999902917,18.100000000000122,155.40000000000109,15.250000000000082,0,46.849999999999476,0.2,0,0.0,195.9999999999931
J001869,2023-02-03/TTNG,TTNG,AMR_21,G2_13,WS_19_20,"[""110624""]",1,16103.749999905905,16302.149999903018,16201.799999904479,16103.749999905905,16128.84999990554,16132.899999905481,16191.699999904626,16191.749999904625,16201.74999990448,16201.799999904479,16298.099999903077,16302.149999903018,18.100000000000122,116.9499999999955,16.250000000000096,0,46.849999999999476,0.25,0,19.99999999999997,112.00000000000132
J001870,2023-02-03/TJKR,TJKR,AMR_04,G30_14,WS_30_20,"[""110109""]",1,16114.899999905743,16186.6499999047,16156.799999905134,16114.899999905743,16114.899999905743,16118.949999905684,16146.69999990528,16146.74999990528,16156.749999905134,16156.799999905134,16182.599999904758,16186.6499999047,18.100000000000122,41.79999999999976,9.55,0,2.1000000000000005,0.2,0,0.0,40.00000000000004
J001871,2023-02-03/TMMU,TMMU,AMR_16,G18_12,WS_13_20,"[""112386""]",1,16137.14999990542,16286.349999903248,16244.99999990385,16137.14999990542,16143.899999905321,16147.949999905262,16234.899999903997,16234.949999903996,16244.94999990385,16244.99999990385,16282.299999903307,16286.349999903248,18.100000000000122,69.4999999999982,11.450000000000028,0,49.8999999999993,0.25,0,4.0,64.0000000000006
J001872,2023-02-03/TMMU,TMMU,AMR_23,G17_10,WS_13_20,"[""100167""]",1,16137.14999990542,16239.399999903932,16187.599999904685,16137.14999990542,16141.349999905358,16145.3999999053,16177.499999904832,16177.549999904832,16187.549999904686,16187.599999904685,16235.34999990399,16239.399999903932,18.100000000000122,59.94999999999873,9.5,0,14.45000000000007,0.25,0,2.0,60.00000000000057
J001873,2023-02-03/TMMU,TMMU,AMR_19,G23_13,WS_13_20,"[""101202""]",2,16137.14999990542,16311.249999902886,16264.099999903572,16137.14999990542,16163.649999905034,16167.699999904975,16253.999999903719,16254.049999903718,16264.049999903573,16264.099999903572,16307.199999902945,16311.249999902886,18.100000000000122,93.64999999999682,15.300000000000082,0,46.79999999999948,0.25,0,18.0,72.00000000000054
J001874,2023-02-03/SEBR,SEBR,AMR_17,G23_14,WS_25_20,"[""101335"", ""110252"", ""125639"", ""132279""]",5,16141.94999990535,16270.499999903479,16232.549999904031,16141.94999990535,16173.349999904893,16177.399999904834,16222.449999904178,16222.499999904177,16232.499999904032,16232.549999904031,16266.449999903538,16270.499999903479,18.100000000000122,72.39999999999803,14.350000000000069,0,23.4500000000002,0.25,0,24.0,48.00000000000004
J001875,2023-02-03/TJKR,TJKR,AMR_25,G18_10,WS_30_20,"[""101328""]",1,16156.849999905133,16307.999999902933,16257.749999903665,16156.849999905133,16176.849999904842,16180.899999904783,16247.649999903811,16247.69999990381,16257.699999903665,16257.749999903665,16303.949999902992,16307.999999902933,18.100000000000122,101.49999999999638,17.15000000000011,0,14.150000000000066,0.25,0,12.0,96.00000000000028
J001876,2023-02-03/SEBR,SEBR,AMR_31,G27_14,WS_25_20,"[""101122"", ""107285"", ""110342"", ""125463""]",4,16157.69999990512,16254.399999903713,16215.39999990428,16157.69999990512,16164.049999905028,16168.099999904969,16205.299999904428,16205.349999904427,16215.349999904282,16215.39999990428,16250.349999903772,16254.399999903713,18.100000000000122,52.89999999999913,11.500000000000028,0,13.950000000000063,0.25,0,4.0,48.000000000000114
J001877,2023-02-03/TJKR,TJKR,AMR_06,G3_10,WS_30_20,"[""112230""]",1,16174.19999990488,16442.99999990097,16299.29999990306,16174.19999990488,16193.899999904594,16197.949999904535,16289.199999903207,16289.249999903206,16299.24999990306,16299.29999990306,16438.94999990103,16442.99999990097,18.100000000000122,186.55000000000817,21.000000000000163,0,42.8999999999997,0.25,0,12.0,207.99999999999193
J001878,2023-02-03/SEBR,SEBR,AMR_29,G21_15,WS_25_20,"[""110274"", ""110418"", ""110531"", ""123304""]",5,16180.299999904792,16360.099999902175,16307.799999902936,16180.299999904792,16246.899999903822,16250.949999903763,16297.699999903083,16297.749999903082,16307.749999902937,16307.799999902936,16356.049999902234,16360.099999902175,18.100000000000122,55.499999999998984,11.500000000000028,0,94.44999999999678,0.25,0,8.0,44.0
J001879,2023-02-03/TMYL,TMYL,AMR_04,G30_14,WS_8_20,"[""117427""]",1,16186.699999904698,16403.449999901546,16299.24999990306,16186.699999904698,16186.699999904698,16190.74999990464,16289.149999903208,16289.199999903207,16299.199999903061,16299.24999990306,16399.399999901605,16403.449999901546,18.100000000000122,143.0999999999983,11.450000000000028,0,43.89999999999964,0.2,0,0.0,171.99999999999633
J001880,2023-02-03/TMMU,TMMU,AMR_09,G24_12,WS_13_20,"[""112307""]",1,16196.19999990456,16341.89999990244,16281.39999990332,16196.19999990456,16196.19999990456,16200.249999904501,16271.299999903467,16271.349999903467,16281.349999903321,16281.39999990332,16337.849999902499,16341.89999990244,18.100000000000122,90.79999999999698,10.450000000000014,0,26.150000000000237,0.2,0,0.0,88.0000000000004
J001881,2023-02-03/SEBR,SEBR,AMR_32,G21_14,WS_25_20,"[""101293"", ""107280"", ""110162"", ""112334""]",5,16199.199999904517,16390.499999901735,16339.699999902472,16199.199999904517,16273.049999903442,16277.099999903383,16329.599999902619,16329.649999902618,16339.649999902473,16339.699999902472,16386.449999901793,16390.499999901735,18.100000000000122,87.49999999999717,16.250000000000096,0,69.19999999999821,0.25,0,34.0,48.00000000000004
J001882,2023-02-03/SEBR,SEBR,AMR_30,G20_14,WS_25_20,"[""101076"", ""101332"", ""110362"", ""112287""]",5,16215.44999990428,16550.29999989941,16323.749999902704,16215.44999990428,16252.949999903734,16256.999999903675,16313.649999902851,16313.69999990285,16323.699999902705,16323.749999902704,16546.249999899468,16550.29999989941,18.100000000000122,114.04999999999566,18.150000000000123,0,184.30000000000766,0.25,0,26.0,80.00000000000011
J001883,2023-02-03/TTNG,TTNG,AMR_05,G27_10,WS_19_20,"[""101179""]",1,16221.59999990419,16457.599999900758,16289.099999903208,16221.59999990419,16221.59999990419,16225.649999904132,16278.999999903355,16279.049999903355,16289.049999903209,16289.099999903208,16453.549999900817,16457.599999900758,18.100000000000122,80.54999999999757,11.450000000000028,0,125.699999999995,0.2,0,0.0,76.00000000000003
J001884,2023-02-03/TJKR,TJKR,AMR_07,G3_9,WS_30_20,"[""134553""]",1,16223.399999904164,16708.099999897113,16407.149999901492,16223.399999904164,16242.349999903889,16246.39999990383,16397.04999990164,16397.09999990164,16407.099999901493,16407.149999901492,16704.04999989717,16708.099999897113,18.100000000000122,226.40000000001723,32.4000000000003,0,207.55000000001294,0.25,0,14.0,223.9999999999959
J001885,2023-02-03/SEBR,SEBR,AMR_40,G18_15,WS_25_20,"[""101095"", ""110475"", ""110595"", ""123272""]",5,16232.59999990403,16543.099999899514,16461.899999900696,16232.59999990403,16278.549999903362,16282.599999903303,16451.799999900843,16451.84999990084,16461.849999900696,16461.899999900696,16539.049999899573,16543.099999899514,18.100000000000122,83.4499999999974,15.250000000000082,0,193.45000000000974,0.25,0,12.0,60.0
J001886,2023-02-03/SEBR,SEBR,AMR_33,G18_13,WS_25_20,"[""101180"", ""107310"", ""110317"", ""131216""]",5,16275.849999903401,16472.69999990054,16427.099999901202,16275.849999903401,16278.999999903355,16283.049999903296,16416.99999990135,16417.04999990135,16427.049999901203,16427.099999901202,16468.649999900597,16472.69999990054,18.100000000000122,95.09999999999674,15.300000000000082,0,68.09999999999827,0.25,0,2.0,88.00000000000031
J001887,2023-02-03/TPAN,TPAN,AMR_17,G23_15,WS_13_20,"[""107219"", ""107328"", ""110232"", ""110419"", ""111307""]",5,16281.44999990332,16488.39999990031,16378.749999901904,16281.44999990332,16285.449999903261,16289.499999903202,16368.64999990205,16368.69999990205,16378.699999901904,16378.749999901904,16484.34999990037,16488.39999990031,18.100000000000122,75.14999999999787,11.400000000000027,0,102.04999999999634,0.25,0,2.0,68.00000000000034
J001888,2023-02-03/TPAN,TPAN,AMR_23,G24_7,WS_13_20,"[""101200"", ""110492"", ""111283"", ""111380"", ""134683""]",5,16281.44999990332,16815.54999989555,16667.599999897702,16281.44999990332,16329.849999902615,16333.899999902556,16657.49999989785,16657.54999989785,16667.549999897703,16667.599999897702,16811.49999989561,16815.54999989555,18.100000000000122,215.80000000001482,26.750000000000245,0,273.20000000002784,0.25,0,28.00000000000003,211.99999999999514
J001889,2023-02-03/TPAN,TPAN,AMR_38,G14_13,WS_13_20,"[""101185"", ""111295"", ""112208"", ""134598""]",4,16281.44999990332,16374.24999990197,16344.399999902404,16281.44999990332,16300.099999903048,16304.14999990299,16334.29999990255,16334.34999990255,16344.349999902404,16344.399999902404,16370.199999902028,16374.24999990197,18.100000000000122,58.649999999998805,13.400000000000055,0,2.3999999999999995,0.25,0,14.0,44.00000000000013
J001890,2023-02-03/TPAN,TPAN,AMR_01,G15_12,WS_13_20,"[""101061"", ""101097"", ""110382"", ""110401""]",4,16281.44999990332,16363.999999902118,16326.199999902668,16281.44999990332,16281.44999990332,16285.49999990326,16316.099999902815,16316.149999902815,16326.14999990267,16326.199999902668,16359.949999902177,16363.999999902118,18.100000000000122,51.54999999999921,10.500000000000014,0,2.2,0.2,0,0.0,52.00000000000044
J001891,2023-02-03/TPAN,TPAN,AMR_20,G3_14,WS_13_20,"[""107336"", ""110344"", ""110494"", ""112367""]",4,16281.44999990332,16399.399999901605,16361.699999902152,16281.44999990332,16284.499999903275,16288.549999903216,16351.599999902299,16351.649999902298,16361.649999902153,16361.699999902152,16395.349999901664,16399.399999901605,18.100000000000122,71.1999999999981,8.549999999999986,0,19.850000000000147,0.25,0,2.0,72.0000000000007
J001892,2023-02-03/TPAN,TPAN,AMR_27,G23_12,WS_13_20,"[""101166"", ""101189"", ""107340"", ""110600""]",4,16281.44999990332,16481.949999900404,16395.799999901657,16281.44999990332,16302.74999990301,16306.79999990295,16385.699999901804,16385.749999901804,16395.749999901658,16395.799999901657,16477.899999900463,16481.949999900404,18.100000000000122,98.74999999999653,16.250000000000096,0,67.14999999999833,0.25,0,18.0,84.0000000000006
J001893,2023-02-03/WKBH,WKBH,AMR_10,G17_4,WS_19_20,"[""110475"", ""111391"", ""123310"", ""124704"", ""136923""]",5,16289.149999903208,16783.399999896017,16633.3999998982,16289.149999903208,16362.149999902145,16366.199999902086,16623.299999898347,16623.349999898346,16633.3499998982,16633.3999998982,16779.349999896076,16783.399999896017,18.100000000000122,154.65000000000092,21.050000000000164,0,300.200000000034,0.25,0,30.00000000000002,124.00000000000104
J001894,2023-02-03/WKBH,WKBH,AMR_26,G27_7,WS_19_20,"[""107238"", ""111276"", ""134029""]",3,16289.149999903208,16620.199999898392,16440.999999901,16289.149999903208,16303.749999902995,16307.799999902936,16430.899999901147,16430.949999901146,16440.949999901,16440.999999901,16616.14999989845,16620.199999898392,18.100000000000122,105.34999999999616,15.300000000000082,0,192.05000000000942,0.25,0,8.0,96.00000000000051
J001895,2023-02-03/WKBH,WKBH,AMR_16,G21_12,WS_19_20,"[""101022"", ""110448""]",2,16289.149999903208,16644.749999898035,16500.09999990014,16289.149999903208,16326.849999902659,16330.8999999026,16489.999999900287,16490.049999900286,16500.04999990014,16500.09999990014,16640.699999898094,16644.749999898035,18.100000000000122,106.3499999999961,23.850000000000204,0,207.05000000001283,0.25,0,18.0,80.00000000000031
J001896,2023-02-03/WKBH,WKBH,AMR_18,G20_15,WS_19_20,"[""139323""]",1,16289.149999903208,16628.399999898273,16474.999999900505,16289.149999903208,16351.249999902304,16355.299999902245,16464.899999900652,16464.94999990065,16474.949999900506,16474.999999900505,16624.34999989833,16628.399999898273,18.100000000000122,66.14999999999839,12.450000000000042,0,242.30000000002084,0.25,0,28.0,32.0
J001897,2023-02-03/WKBH,WKBH,AMR_03,G17_14,WS_19_20,"[""110540""]",1,16289.149999903208,16841.099999895177,16457.949999900753,16289.149999903208,16322.349999902724,16326.399999902666,16447.8499999009,16447.8999999009,16457.899999900754,16457.949999900753,16837.049999895236,16841.099999895177,18.100000000000122,112.34999999999576,21.050000000000164,0,400.2000000000567,0.25,0,28.0,72.00000000000011
J001898,2023-02-03/WKBH,WKBH,AMR_35,G14_15,WS_19_20,"[""101025""]",1,16289.149999903208,16476.249999900487,16418.29999990133,16289.149999903208,16336.799999902514,16340.849999902455,16408.199999901477,16408.249999901476,16418.24999990133,16418.29999990133,16472.199999900546,16476.249999900487,18.100000000000122,69.2999999999982,12.400000000000041,0,87.0499999999972,0.25,0,22.0,48.000000000000114
J001899,2023-02-03/SEBR,SEBR,AMR_14,G15_14,WS_25_20,"[""110316"", ""110323"", ""110450"", ""124208""]",4,16291.69999990317,16931.899999893856,16561.049999899253,16291.69999990317,16332.24999990258,16336.299999902521,16550.9499998994,16550.9999998994,16560.999999899253,16561.049999899253,16927.849999893915,16931.899999893856,18.100000000000122,169.60000000000431,37.40000000000001,0,414.85000000006005,0.25,0,38.000000000000114,116.0
J001900,2023-02-03/TSDA,TSDA,AMR_28,G15_6,WS_8_20,"[""110385"", ""110418"", ""110603"", ""129530""]",4,16299.29999990306,16480.499999900425,16410.899999901438,16299.29999990306,16345.949999902381,16349.999999902322,16400.799999901585,16400.849999901584,16410.84999990144,16410.899999901438,16476.449999900484,16480.499999900425,18.100000000000122,135.2499999999965,17.20000000000011,0,10.400000000000013,0.25,0,48.000000000000384,112.00000000000193
J001901,2023-02-03/TSDA,TSDA,AMR_11,G17_6,WS_8_20,"[""110512"", ""123310"", ""134027"", ""136923""]",4,16299.29999990306,16551.849999899387,16434.549999901094,16299.29999990306,16352.449999902286,16356.499999902228,16424.44999990124,16424.49999990124,16434.499999901094,16434.549999901094,16547.799999899446,16551.849999899387,18.100000000000122,158.6000000000018,22.95000000000019,0,52.649999999999146,0.25,0,54.00000000000004,128.00000000000188
J001902,2023-02-03/TSDA,TSDA,AMR_31,G21_13,WS_8_20,"[""101149"", ""110520"", ""134683""]",3,16299.29999990306,17233.549999889467,16767.049999896255,16299.29999990306,16436.24999990107,16440.29999990101,16756.949999896402,16756.9999998964,16766.999999896256,16767.049999896255,17229.499999889525,17233.549999889467,18.100000000000122,253.00000000002328,42.19999999999974,0,620.6999999999832,0.25,0,54.000000000000156,191.9999999999956
J001903,2023-02-03/TSDA,TSDA,AMR_36,G24_15,WS_8_20,"[""110522"", ""110555"", ""112369""]",3,16299.29999990306,16983.7999998931,16611.39999989852,16299.29999990306,16336.499999902519,16340.54999990246,16601.299999898667,16601.349999898666,16611.34999989852,16611.39999989852,16979.74999989316,16983.7999998931,18.100000000000122,263.55000000002565,41.0999999999998,0,361.5000000000479,0.25,0,22.0,251.9999999999903
J001904,2023-02-03/TSDA,TSDA,AMR_02,G3_15,WS_8_20,"[""110222"", ""112392""]",2,16299.649999903055,16393.199999901695,16366.149999902087,16299.649999903055,16321.94999990273,16325.999999902671,16356.049999902234,16356.099999902233,16366.099999902088,16366.149999902087,16389.149999901754,16393.199999901695,18.100000000000122,61.649999999998634,12.450000000000042,0,1.1000000000000003,0.25,0,15.999999999999996,48.000000000000114
J001905,2023-02-03/TSDA,TSDA,AMR_21,G15_13,WS_8_20,"[""107293"", ""137523""]",2,16302.199999903018,16989.149999893023,16466.749999900625,16302.199999903018,16391.149999901725,16395.199999901666,16456.649999900772,16456.69999990077,16466.699999900626,16466.749999900625,16985.099999893082,16989.149999893023,18.100000000000122,247.45000000002202,44.09999999999963,0,377.05000000005145,0.25,0,66.0000000000008,167.99999999999983
J001906,2023-02-03/SEBR,SEBR,AMR_25,G26_15,WS_25_20,"[""110353"", ""110575"", ""112331""]",3,16308.049999902933,16469.699999900582,16443.09999990097,16308.049999902933,16378.749999901904,16382.799999901845,16432.999999901116,16433.049999901115,16443.04999990097,16443.09999990097,16465.64999990064,16469.699999900582,18.100000000000122,84.24999999999736,14.300000000000068,0,44.749999999999595,0.25,0,54.00000000000041,36.00000000000003
J001907,2023-02-03/SEBR,SEBR,AMR_19,G24_14,WS_25_20,"[""110297"", ""110324"", ""124207""]",3,16323.799999902703,16519.149999899862,16477.749999900465,16323.799999902703,16399.7499999016,16403.79999990154,16467.649999900612,16467.69999990061,16477.699999900466,16477.749999900465,16515.09999989992,16519.149999899862,18.100000000000122,93.69999999999682,19.150000000000137,0,64.1499999999985,0.25,0,28.0,60.000000000000114
J001908,2023-02-03/TPAN,TPAN,AMR_12,G30_9,WS_13_20,"[""110148"", ""110475"", ""111391"", ""123310""]",4,16326.249999902668,16842.24999989516,16584.449999898912,16326.249999902668,16343.799999902412,16347.849999902353,16574.34999989906,16574.39999989906,16584.399999898913,16584.449999898912,16838.19999989522,16842.24999989516,18.100000000000122,186.35000000000812,30.6000000000003,0,280.70000000002955,0.25,0,12.0,171.99999999999508
J001909,2023-02-03/SEBR,SEBR,AMR_39,G20_13,WS_25_20,"[""110164"", ""110501"", ""111220""]",3,16339.749999902471,16557.7999998993,16500.349999900136,16339.749999902471,16357.199999902217,16361.249999902158,16490.249999900283,16490.299999900282,16500.299999900137,16500.349999900136,16553.74999989936,16557.7999998993,18.100000000000122,107.94999999999601,19.100000000000136,0,72.64999999999802,0.25,0,6.0,100.00000000000043
J001910,2023-02-03/TSUS,TSUS,AMR_09,G24_12,WS_2_20,"[""107381""]",1,16341.94999990244,16707.54999989712,16622.44999989836,16341.94999990244,16341.94999990244,16345.99999990238,16612.349999898506,16612.399999898505,16622.39999989836,16622.44999989836,16703.49999989718,16707.54999989712,18.100000000000122,203.450000000012,23.050000000000193,0,120.79999999999528,0.2,0,0.0,247.99999999999022
J001911,2023-02-03/TPAN,TPAN,AMR_15,G17_15,WS_13_20,"[""110225"", ""111249"", ""112034""]",3,16344.449999902403,16464.149999900663,16435.39999990108,16344.449999902403,16380.299999901881,16384.349999901824,16425.299999901228,16425.349999901227,16435.349999901082,16435.39999990108,16460.09999990072,16464.149999900663,18.100000000000122,72.04999999999805,11.400000000000027,0,17.90000000000012,0.25,0,32.0,40.000000000000114
J001912,2023-02-03/TPAN,TPAN,AMR_34,G15_15,WS_13_20,"[""110233"", ""110604"", ""123094"", ""124702""]",4,16361.749999902151,16444.949999900942,16418.24999990133,16361.749999902151,16361.749999902151,16365.799999902092,16408.149999901478,16408.199999901477,16418.19999990133,16418.24999990133,16440.899999901,16444.949999900942,18.100000000000122,32.75000000000028,5.749999999999988,0,26.40000000000024,0.2,0,0.0,32.0
J001913,2023-02-03/TSDA,TSDA,AMR_01,G17_13,WS_8_20,"[""101318"", ""110541""]",2,16366.199999902086,16557.949999899298,16450.799999900857,16366.199999902086,16378.199999901912,16382.249999901853,16440.699999901004,16440.749999901003,16450.749999900858,16450.799999900857,16553.899999899357,16557.949999899298,18.100000000000122,98.04999999999657,16.250000000000096,0,59.09999999999878,0.25,0,6.0,88.00000000000088
J001914,2023-02-03/TPAN,TPAN,AMR_29,G21_15,WS_13_20,"[""110254"", ""110274"", ""110531"", ""123304""]",4,16378.799999901903,16664.499999897747,16550.099999899412,16378.799999901903,16378.799999901903,16382.849999901844,16539.99999989956,16540.04999989956,16550.049999899413,16550.099999899412,16660.449999897806,16664.499999897747,18.100000000000122,57.049999999998896,7.649999999999981,0,202.70000000001184,0.2,0,0.0,56.000000000000156
J001915,2023-02-03/TPAN,TPAN,AMR_32,G21_14,WS_13_20,"[""101014"", ""101018"", ""112279"", ""112334""]",4,16395.849999901657,16856.949999894947,16567.39999989916,16395.849999901657,16395.849999901657,16399.899999901598,16557.299999899307,16557.349999899307,16567.34999989916,16567.39999989916,16852.899999895006,16856.949999894947,18.100000000000122,150.39999999999995,24.95000000000022,0,267.45000000002653,0.2,0,0.0,151.9999999999993
J001916,2023-02-03/TSDA,TSDA,AMR_22,G6_8,WS_8_20,"[""110231"", ""110278""]",2,16410.949999901437,16536.999999899603,16499.699999900145,16410.949999901437,16435.199999901084,16439.249999901025,16489.599999900292,16489.64999990029,16499.649999900146,16499.699999900145,16532.94999989966,16536.999999899603,18.100000000000122,81.54999999999751,14.350000000000069,0,11.800000000000033,0.25,0,17.999999999999986,68.00000000000077
J001917,2023-02-03/TPAN,TPAN,AMR_02,G9_14,WS_13_20,"[""101150"", ""107210"", ""120382""]",3,16418.29999990133,16533.04999989966,16500.549999900133,16418.29999990133,16444.99999990094,16449.049999900883,16490.44999990028,16490.49999990028,16500.499999900134,16500.549999900133,16528.99999989972,16533.04999989966,18.100000000000122,71.84999999999806,14.350000000000069,0,10.20000000000001,0.25,0,22.0,48.000000000000085
J001918,2023-02-03/WKBH,WKBH,AMR_38,G18_12,WS_19_20,"[""101020""]",1,16418.34999990133,16754.849999896433,16616.14999989845,16418.34999990133,16489.999999900287,16494.049999900228,16606.049999898598,16606.099999898597,16616.09999989845,16616.14999989845,16750.79999989649,16754.849999896433,18.100000000000122,76.3999999999978,13.350000000000055,0,228.40000000001768,0.25,0,18.0,48.00000000000003
J001919,2023-02-03/SEBR,SEBR,AMR_08,G15_12,WS_25_20,"[""101097"", ""110401"", ""110468"", ""111373""]",4,16427.1499999012,17046.749999892185,16646.39999989801,16427.1499999012,16489.69999990029,16493.749999900232,16636.299999898158,16636.349999898157,16646.34999989801,16646.39999989801,17042.699999892244,17046.749999892185,18.100000000000122,168.250000000004,24.850000000000218,0,408.1500000000585,0.25,0,32.0,143.99999999999972
J001920,2023-02-03/TSDA,TSDA,AMR_04,G20_12,WS_8_20,"[""111387"", ""111995""]",2,16434.599999901093,17261.649999889058,17001.14999989285,16434.599999901093,16573.54999989907,16577.599999899012,16991.049999892995,16991.099999892995,17001.09999989285,17001.14999989285,17257.599999889117,17261.649999889058,18.100000000000122,265.70000000002614,43.89999999999964,0,499.1000000000792,0.25,0,84.00000000000028,171.9999999999993
J001921,2023-02-03/TPAN,TPAN,AMR_20,G14_12,WS_13_20,"[""110514"", ""112431"", ""124826""]",3,16435.44999990108,16661.999999897784,16601.499999898664,16435.44999990108,16498.349999900165,16502.399999900106,16591.39999989881,16591.44999989881,16601.449999898665,16601.499999898664,16657.949999897843,16661.999999897784,18.100000000000122,89.99999999999703,17.20000000000011,0,100.9999999999964,0.25,0,38.000000000000114,48.00000000000023
J001922,2023-02-03/WKBH,WKBH,AMR_24,G17_12,WS_19_20,"[""101183""]",1,16441.049999901,16928.8999998939,16830.849999895327,16441.049999901,16506.84999990004,16510.899999899983,16820.749999895474,16820.799999895473,16830.799999895327,16830.849999895327,16924.84999989396,16928.8999998939,18.100000000000122,109.24999999999594,15.250000000000082,0,345.00000000004417,0.25,0,41.99999999999996,60.00000000000023
J001923,2023-02-03/SEBR,SEBR,AMR_06,G3_15,WS_25_20,"[""101024"", ""110222"", ""110615"", ""127627""]",4,16443.14999990097,16959.74999989345,16664.449999897748,16443.14999990097,16461.799999900697,16465.849999900638,16654.349999897895,16654.399999897894,16664.39999989775,16664.449999897748,16955.69999989351,16959.74999989345,18.100000000000122,132.1999999999958,18.100000000000122,0,347.95000000004484,0.25,0,14.0,124.0000000000011
J001924,2023-02-03/TSDA,TSDA,AMR_34,G23_14,WS_8_20,"[""101012"", ""125639""]",2,16450.849999900856,16908.649999894194,16842.149999895162,16450.849999900856,16626.349999898302,16630.399999898244,16832.04999989531,16832.09999989531,16842.099999895163,16842.149999895162,16904.599999894253,16908.649999894194,18.100000000000122,127.84999999999488,20.05000000000015,0,291.550000000032,0.25,0,30.0,92.0000000000006
J001925,2023-02-03/TJKR,TJKR,AMR_05,G27_10,WS_30_20,"[""101179""]",1,16457.649999900757,16561.99999989924,16507.69999990003,16457.649999900757,16457.649999900757,16461.6999999007,16497.599999900176,16497.649999900175,16507.64999990003,16507.69999990003,16557.949999899298,16561.99999989924,18.100000000000122,63.29999999999854,10.450000000000014,0,12.30000000000004,0.2,0,0.0,68.0000000000004
J001926,2023-02-03/WKBH,WKBH,AMR_15,G15_15,WS_19_20,"[""123094"", ""124211"", ""124702""]",3,16464.199999900662,16826.349999895392,16710.39999989708,16464.199999900662,16469.599999900583,16473.649999900525,16700.299999897226,16700.349999897226,16710.34999989708,16710.39999989708,16822.29999989545,16826.349999895392,18.100000000000122,63.84999999999851,13.350000000000055,0,266.60000000002634,0.25,0,4.0,56.0
J001927,2023-02-03/SEBR,SEBR,AMR_25,G18_5,WS_25_20,"[""110328"", ""112009"", ""123034""]",3,16469.74999990058,16685.69999989744,16586.499999898882,16469.74999990058,16508.34999990002,16512.39999989996,16576.39999989903,16576.44999989903,16586.449999898883,16586.499999898882,16681.649999897498,16685.69999989744,18.100000000000122,129.59999999999522,20.00000000000015,0,47.99999999999941,0.25,0,36.000000000000036,104.00000000000111
J001928,2023-02-03/TSDA,TSDA,AMR_33,G17_15,WS_8_20,"[""107120"", ""133300""]",2,16472.749999900538,16831.149999895322,16735.04999989672,16472.749999900538,16529.149999899717,16533.199999899658,16724.949999896868,16724.999999896867,16734.99999989672,16735.04999989672,16827.09999989538,16831.149999895322,18.100000000000122,152.05000000000032,20.10000000000015,0,167.90000000000393,0.25,0,14.0,156.00000000000108
J001929,2023-02-03/WKBH,WKBH,AMR_35,G26_15,WS_19_20,"[""110575""]",1,16476.299999900486,16866.799999894803,16738.249999896674,16476.299999900486,16669.19999989768,16673.24999989762,16728.14999989682,16728.19999989682,16738.199999896675,16738.249999896674,16862.749999894862,16866.799999894803,18.100000000000122,197.10000000001057,31.650000000000315,0,143.39999999999836,0.25,0,167.9999999999981,56.00000000000003
J001930,2023-02-03/SEBR,SEBR,AMR_28,G3_13,WS_25_20,"[""107290"", ""110153"", ""111997""]",4,16480.549999900424,17340.999999887903,16880.349999894606,16480.549999900424,16614.79999989847,16618.84999989841,16870.249999894753,16870.299999894753,16880.299999894607,16880.349999894606,17336.949999887962,17340.999999887903,18.100000000000122,269.9500000000271,42.099999999999746,0,530.0500000000657,0.25,0,90.00000000000183,179.99999999999704
J001931,2023-02-03/TSDA,TSDA,AMR_17,G23_15,WS_8_20,"[""107312"", ""110232""]",2,16499.749999900145,16893.349999894417,16782.999999896023,16499.749999900145,16499.749999900145,16503.799999900086,16772.89999989617,16772.94999989617,16782.949999896024,16782.999999896023,16889.299999894476,16893.349999894417,18.100000000000122,123.64999999999512,16.200000000000095,0,235.4500000000193,0.2,0,0.0,112.00000000000043
J001932,2023-02-03/WKBH,WKBH,AMR_27,G18_13,WS_19_20,"[""131216""]",1,16500.14999990014,16758.149999896385,16682.84999989748,16500.14999990014,16522.64999989981,16526.699999899753,16672.749999897627,16672.799999897627,16682.79999989748,16682.84999989748,16754.099999896443,16758.149999896385,18.100000000000122,71.04999999999811,14.350000000000069,0,154.25000000000082,0.25,0,16.0,44.0
J001933,2023-02-03/SEBR,SEBR,AMR_37,G14_15,WS_25_20,"[""107130"", ""111228"", ""129530""]",3,16500.399999900135,16950.09999989359,16730.94999989678,16500.399999900135,16564.6499998992,16568.69999989914,16720.849999896927,16720.899999896927,16730.89999989678,16730.94999989678,16946.04999989365,16950.09999989359,18.100000000000122,105.39999999999615,17.15000000000011,0,308.80000000003594,0.25,0,20.0,84.00000000000013
J001934,2023-02-03/TMNU,TMNU,AMR_19,G30_12,WS_30_20,"[""113170""]",1,16519.19999989986,16619.399999898404,16587.34999989887,16519.19999989986,16544.0499998995,16548.09999989944,16577.249999899017,16577.299999899016,16587.29999989887,16587.34999989887,16615.349999898463,16619.399999898404,18.100000000000122,66.39999999999837,13.350000000000055,0,2.1000000000000005,0.25,0,20.0,48.00000000000023
J001935,2023-02-03/TMNU,TMNU,AMR_13,G17_8,WS_30_20,"[""107149""]",1,16521.44999989983,16749.44999989651,16651.549999897936,16521.44999989983,16564.09999989921,16568.14999989915,16641.449999898083,16641.499999898082,16651.499999897937,16651.549999897936,16745.39999989657,16749.44999989651,18.100000000000122,119.04999999999538,17.15000000000011,0,73.44999999999797,0.25,0,14.0,116.00000000000074
J001936,2023-02-03/TMNU,TMNU,AMR_02,G5_15,WS_30_20,"[""101336""]",1,16533.09999989966,16842.19999989516,16751.299999896484,16533.09999989966,16557.299999899307,16561.34999989925,16741.19999989663,16741.24999989663,16751.249999896485,16751.299999896484,16838.14999989522,16842.19999989516,18.100000000000122,169.5000000000043,20.10000000000015,0,101.1499999999964,0.25,0,18.0,167.99999999999824
J001937,2023-02-03/TPAN,TPAN,AMR_22,G17_10,WS_13_20,"[""107330"", ""111301"", ""111988""]",3,16537.049999899602,16847.79999989508,16751.399999896483,16537.049999899602,16568.89999989914,16572.94999989908,16741.29999989663,16741.34999989663,16751.349999896483,16751.399999896483,16843.74999989514,16847.79999989508,18.100000000000122,96.04999999999669,18.200000000000124,0,178.15000000000626,0.25,0,30.0,64.0000000000005
J001938,2023-02-03/TPAN,TPAN,AMR_40,G14_10,WS_13_20,"[""110523"", ""111315"", ""112323""]",3,16550.14999989941,16960.999999893433,16859.39999989491,16550.14999989941,16721.099999896924,16725.149999896865,16849.299999895058,16849.349999895057,16859.349999894912,16859.39999989491,16956.94999989349,16960.999999893433,18.100000000000122,149.94999999999985,25.850000000000232,0,216.70000000001502,0.25,0,82.00000000000105,64.00000000000021
J001939,2023-02-03/SEBR,SEBR,AMR_01,G2_13,WS_25_20,"[""101235"", ""107105"", ""110548""]",3,16561.099999899252,17165.749999890453,17087.949999891585,16561.099999899252,16792.14999989589,16796.19999989583,17077.849999891732,17077.89999989173,17087.899999891586,17087.949999891585,17161.699999890512,17165.749999890453,18.100000000000122,187.6000000000084,22.90000000000019,0,375.80000000005117,0.25,0,50.00000000000024,143.99999999999943
J001940,2023-02-03/TPAN,TPAN,AMR_39,G20_13,WS_13_20,"[""111220"", ""112332"", ""121904""]",3,16567.44999989916,16986.199999893066,16801.69999989575,16567.44999989916,16567.44999989916,16571.4999998991,16791.599999895898,16791.649999895897,16801.64999989575,16801.69999989575,16982.149999893125,16986.199999893066,18.100000000000122,133.8499999999962,19.100000000000136,0,247.50000000002203,0.2,0,0.0,128.00000000000068
J001941,2023-02-03/TPAN,TPAN,AMR_11,G17_9,WS_13_20,"[""107449"", ""110180"", ""118513""]",3,16584.49999989891,16875.649999894675,16782.749999896027,16584.49999989891,16600.49999989868,16604.54999989862,16772.649999896174,16772.699999896173,16782.699999896027,16782.749999896027,16871.599999894734,16875.649999894675,18.100000000000122,82.84999999999744,15.300000000000082,0,174.65000000000546,0.25,0,10.0,64.00000000000031
J001942,2023-02-03/SEBR,SEBR,AMR_05,G27_15,WS_25_20,"[""110171"", ""111330""]",3,16586.54999989888,16874.54999989469,16680.69999989751,16586.54999989888,16647.69999989799,16651.749999897933,16670.59999989766,16670.649999897658,16680.649999897512,16680.69999989751,16870.49999989475,16874.54999989469,18.100000000000122,83.4499999999974,12.400000000000041,0,173.80000000000527,0.25,0,54.00000000000041,36.0
J001943,2023-02-03/TPAN,TPAN,AMR_30,G26_14,WS_13_20,"[""101147"", ""101177"", ""110267""]",4,16601.549999898663,16879.749999894615,16818.749999895503,16601.549999898663,16706.14999989714,16710.199999897082,16808.64999989565,16808.69999989565,16818.699999895503,16818.749999895503,16875.699999894674,16879.749999894615,18.100000000000122,113.54999999999569,19.150000000000137,0,127.14999999999492,0.25,0,28.0,84.0000000000004
J001944,2023-02-03/TSDA,TSDA,AMR_19,G20_9,WS_8_20,"[""110250"", ""110392""]",2,16619.449999898403,16971.899999893274,16751.099999896487,16619.449999898403,16650.099999897957,16654.149999897898,16740.999999896634,16741.049999896633,16751.049999896488,16751.099999896487,16967.849999893333,16971.899999893274,18.100000000000122,138.89999999999733,15.250000000000082,0,179.95000000000667,0.25,0,30.0,124.00000000000173
J001945,2023-02-03/WKBH,WKBH,AMR_26,G18_15,WS_19_20,"[""123272""]",1,16620.24999989839,16925.34999989395,16880.349999894606,16620.24999989839,16765.24999989628,16769.299999896222,16870.249999894753,16870.299999894753,16880.299999894607,16880.349999894606,16921.29999989401,16925.34999989395,18.100000000000122,123.69999999999511,20.10000000000015,0,142.94999999999825,0.25,0,86.00000000000057,32.0
J001946,2023-02-03/VVSM,VVSM,AMR_18,G8_14,WS_2_20,"[""111348"", ""112283"", ""131976"", ""135158""]",4,16628.449999898272,17001.349999892846,16964.49999989338,16628.449999898272,16917.24999989407,16921.29999989401,16954.39999989353,16954.449999893528,16964.449999893382,16964.49999989338,16997.299999892904,17001.349999892846,18.100000000000122,114.59999999999563,22.000000000000178,0,217.9500000000153,0.25,0,58.00000000000057,52.00000000000037
J001947,2023-02-03/VVSM,VVSM,AMR_16,G11_10,WS_2_20,"[""111992"", ""112227"", ""138090""]",3,16644.799999898034,16990.249999893007,16947.39999989363,16644.799999898034,16893.84999989441,16897.89999989435,16937.299999893778,16937.349999893777,16947.34999989363,16947.39999989363,16986.199999893066,16990.249999893007,18.100000000000122,144.0499999999985,20.10000000000015,0,162.9500000000028,0.25,0,76.0000000000012,80.000000000001
J001948,2023-02-03/VVSM,VVSM,AMR_20,G15_10,WS_2_20,"[""101182"", ""109969"", ""112286""]",3,16662.049999897783,16911.449999894154,16745.749999896565,16662.049999897783,16674.099999897608,16678.14999989755,16735.649999896712,16735.69999989671,16745.699999896566,16745.749999896565,16907.399999894213,16911.449999894154,18.100000000000122,153.90000000000074,21.050000000000164,0,56.09999999999895,0.25,0,6.0,171.99999999999915
J001949,2023-02-03/VVSM,VVSM,AMR_29,G2_14,WS_2_20,"[""110220"", ""111207""]",2,16664.549999897747,16824.299999895422,16802.249999895743,16664.549999897747,16745.49999989657,16749.54999989651,16792.14999989589,16792.19999989589,16802.199999895744,16802.249999895743,16820.24999989548,16824.299999895422,18.100000000000122,99.84999999999647,18.150000000000123,0,23.400000000000198,0.25,0,64.0000000000007,40.00000000000007
J001950,2023-02-03/SEBR,SEBR,AMR_25,G27_13,WS_25_20,"[""110322"", ""111247""]",3,16685.749999897438,16983.04999989311,16777.6999998961,16685.749999897438,16735.14999989672,16739.19999989666,16767.599999896247,16767.649999896246,16777.6499998961,16777.6999998961,16978.99999989317,16983.04999989311,18.100000000000122,98.99999999999652,19.150000000000137,0,160.8000000000023,0.25,0,46.00000000000047,56.00000000000013
J001951,2023-02-03/WKBH,WKBH,AMR_09,G21_15,WS_19_20,"[""123304""]",1,16707.59999989712,16883.899999894555,16764.999999896285,16707.59999989712,16730.049999896793,16734.099999896735,16754.899999896432,16754.94999989643,16764.949999896286,16764.999999896285,16879.849999894614,16883.899999894555,18.100000000000122,54.14999999999906,9.55,0,94.24999999999679,0.25,0,16.0,32.0
J001952,2023-02-03/VVSM,VVSM,AMR_07,G0_12,WS_2_20,"[""110475"", ""131889""]",2,16708.149999897112,16809.89999989563,16785.34999989599,16708.149999897112,16736.199999896704,16740.249999896645,16775.249999896136,16775.299999896135,16785.29999989599,16785.34999989599,16805.84999989569,16809.89999989563,18.100000000000122,65.8999999999984,13.400000000000055,0,4.099999999999993,0.25,0,15.999999999999977,52.00000000000028
J001953,2023-02-03/SEBR,SEBR,AMR_13,G21_10,WS_25_20,"[""101292"", ""149347""]",3,16749.49999989651,16973.199999893255,16864.149999894842,16749.49999989651,16805.499999895696,16809.549999895637,16854.04999989499,16854.09999989499,16864.099999894843,16864.149999894842,16969.149999893314,16973.199999893255,18.100000000000122,103.39999999999627,17.25000000000011,0,84.69999999999733,0.25,0,48.00000000000047,64.00000000000041
J001954,2023-02-03/WKBS,WKBS,AMR_38,G32_10,WS_30_20,"[""101330"", ""110231""]",2,16754.899999896432,16894.149999894405,16852.249999895015,16754.899999896432,16800.099999895774,16804.149999895715,16842.149999895162,16842.19999989516,16852.199999895016,16852.249999895015,16890.099999894464,16894.149999894405,18.100000000000122,84.59999999999734,15.300000000000082,0,21.000000000000163,0.25,0,32.0,60.00000000000041
J001955,2023-02-03/WKBS,WKBS,AMR_27,G18_10,WS_30_20,"[""112008"", ""112357""]",2,16758.199999896384,16973.999999893244,16895.79999989438,16758.199999896384,16774.29999989615,16778.34999989609,16885.69999989453,16885.749999894528,16895.749999894382,16895.79999989438,16969.949999893302,16973.999999893244,18.100000000000122,100.9999999999964,16.250000000000096,0,80.19999999999759,0.25,0,10.0,96.00000000000054
J001956,2023-02-03/TSDA,TSDA,AMR_10,G21_12,WS_8_20,"[""101022"", ""124184""]",3,16783.449999896016,17006.44999989277,16885.69999989453,16783.449999896016,16822.39999989545,16826.44999989539,16875.599999894675,16875.649999894675,16885.64999989453,16885.69999989453,17002.39999989283,17006.44999989277,18.100000000000122,159.9000000000021,21.950000000000177,0,22.80000000000019,0.25,0,28.0,155.999999999999
J001957,2023-02-03/TPAN,TPAN,AMR_07,G20_15,WS_13_20,"[""107459"", ""110603"", ""112066""]",3,16809.94999989563,17260.649999889072,17098.54999989143,16809.94999989563,16956.199999893503,16960.249999893444,17088.449999891578,17088.499999891577,17098.49999989143,17098.54999989143,17256.59999988913,17260.649999889072,18.100000000000122,119.19999999999537,22.000000000000178,0,291.1500000000319,0.25,0,58.00000000000058,60.000000000000114
J001958,2023-02-03/WKBH,WKBH,AMR_23,G20_14,WS_19_20,"[""110499""]",1,16815.59999989555,16977.899999893187,16931.799999893858,16815.59999989555,16869.79999989476,16873.8499998947,16921.699999894005,16921.749999894004,16931.74999989386,16931.799999893858,16973.849999893246,16977.899999893187,18.100000000000122,87.44999999999717,19.150000000000137,0,37.350000000000016,0.25,0,46.00000000000004,40.00000000000004
J001959,2023-02-03/VVSM,VVSM,AMR_29,G9_13,WS_2_20,"[""107162"", ""120049""]",2,16824.34999989542,17027.399999892466,16981.549999893134,16824.34999989542,16923.39999989398,16927.44999989392,16971.44999989328,16971.49999989328,16981.499999893134,16981.549999893134,17023.349999892525,17027.399999892466,18.100000000000122,126.84999999999494,21.050000000000164,0,36.80000000000005,0.25,0,56.00000000000034,76.00000000000111
J001960,2023-02-03/WKBS,WKBS,AMR_15,G29_14,WS_30_20,"[""110329""]",1,16826.39999989539,17148.449999890705,17120.249999891115,16826.39999989539,17044.44999989222,17048.49999989216,17110.149999891262,17110.19999989126,17120.199999891116,17120.249999891115,17144.399999890764,17148.449999890705,18.100000000000122,154.70000000000093,25.80000000000023,0,123.19999999999514,0.25,0,118.00000000000173,44.000000000000114
J001961,2023-02-03/TPAN,TPAN,AMR_33,G17_6,WS_13_20,"[""101135"", ""110450"", ""110512""]",3,16831.19999989532,17034.79999989236,16935.6499998938,16831.19999989532,16869.09999989477,16873.14999989471,16925.54999989395,16925.599999893948,16935.599999893802,16935.6499998938,17030.749999892418,17034.79999989236,18.100000000000122,97.99999999999658,14.300000000000068,0,72.949999999998,0.25,0,22.00000000000003,76.00000000000057
J001962,2023-02-03/WKBH,WKBH,AMR_03,G17_15,WS_19_20,"[""107120""]",1,16841.149999895177,16935.599999893802,16897.39999989436,16841.149999895177,16845.349999895116,16849.399999895057,16887.299999894505,16887.349999894504,16897.34999989436,16897.39999989436,16931.54999989386,16935.599999893802,18.100000000000122,43.09999999999969,6.649999999999984,0,26.35000000000024,0.25,0,2.0,36.00000000000003
J001963,2023-02-03/TSDA,TSDA,AMR_02,G27_14,WS_8_20,"[""101122"", ""110132""]",2,16842.24999989516,17415.199999886823,17154.24999989062,16842.24999989516,17009.849999892722,17013.899999892663,17144.149999890768,17144.199999890767,17154.19999989062,17154.24999989062,17411.149999886882,17415.199999886823,18.100000000000122,236.55000000001954,23.850000000000204,0,294.2000000000326,0.25,0,114.00000000000179,140.00000000000003
J001964,2023-02-03/SEBR,SEBR,AMR_12,G33_12,WS_25_20,"[""112247"", ""112357""]",2,16842.29999989516,16988.54999989303,16913.19999989413,16842.29999989516,16862.14999989487,16866.199999894812,16903.099999894275,16903.149999894275,16913.14999989413,16913.19999989413,16984.49999989309,16988.54999989303,18.100000000000122,88.04999999999714,14.300000000000068,0,25.550000000000228,0.25,0,12.0,80.00000000000037
J001965,2023-02-03/VVSM,VVSM,AMR_22,G14_14,WS_2_20,"[""107224"", ""112374""]",2,16847.84999989508,17232.04999988949,17105.999999891323,16847.84999989508,17039.59999989229,17043.64999989223,17095.89999989147,17095.94999989147,17105.949999891323,17105.999999891323,17227.999999889547,17232.04999988949,18.100000000000122,168.40000000000404,25.950000000000234,0,171.50000000000475,0.25,0,110.00000000000242,76.00000000000051
J001966,2023-02-03/WKBS,WKBS,AMR_32,G35_13,WS_30_20,"[""123310""]",1,16856.999999894946,16981.74999989313,16946.79999989364,16856.999999894946,16902.499999894284,16906.549999894225,16936.699999893786,16936.749999893786,16946.74999989364,16946.79999989364,16977.69999989319,16981.74999989313,18.100000000000122,83.89999999999738,15.300000000000082,0,7.199999999999982,0.25,0,38.00000000000004,52.00000000000013
J001967,2023-02-03/TPAN,TPAN,AMR_35,G20_6,WS_13_20,"[""110606"", ""112059"", ""112374""]",3,16866.849999894803,17476.349999885933,17028.54999989245,16866.849999894803,16908.499999894197,16912.549999894138,17018.449999892597,17018.499999892596,17028.49999989245,17028.54999989245,17472.299999885992,17476.349999885933,18.100000000000122,202.9500000000119,30.6000000000003,0,357.60000000004703,0.25,0,34.00000000000003,167.99999999999815
J001968,2023-02-03/WKBH,WKBH,AMR_05,G26_12,WS_19_20,"[""111241""]",1,16874.59999989469,17203.09999988991,16986.049999893068,16874.59999989469,16896.249999894375,16900.299999894316,16975.949999893215,16975.999999893214,16985.99999989307,16986.049999893068,17199.04999988997,17203.09999988991,18.100000000000122,83.4999999999974,14.250000000000068,0,212.40000000001405,0.25,0,16.0,64.00000000000023
J001969,2023-02-03/TSDA,TSDA,AMR_11,G29_15,WS_8_20,"[""101275"", ""110139""]",2,16875.699999894674,17279.199999888802,17138.099999890856,16875.699999894674,16999.949999892866,17003.999999892807,17127.999999891003,17128.049999891,17138.049999890856,17138.099999890856,17275.14999988886,17279.199999888802,18.100000000000122,185.70000000000798,25.900000000000233,0,173.5500000000052,0.25,0,88.00000000000111,116.00000000000048
J001970,2023-02-03/SEBR,SEBR,AMR_30,G17_14,WS_25_20,"[""107232"", ""110227""]",2,16879.799999894614,17203.09999988991,17104.19999989135,16879.799999894614,16941.19999989372,16945.249999893662,17094.099999891496,17094.149999891495,17104.14999989135,17104.19999989135,17199.04999988997,17203.09999988991,18.100000000000122,121.54999999999524,19.150000000000137,0,164.2500000000031,0.25,0,46.00000000000013,72.0
J001971,2023-02-03/WKBS,WKBS,AMR_09,G26_15,WS_30_20,"[""110146"", ""110575""]",2,16883.949999894554,17029.049999892442,17001.79999989284,16883.949999894554,16960.39999989344,16964.449999893382,16991.699999892986,16991.749999892985,17001.74999989284,17001.79999989284,17024.9999998925,17029.049999892442,18.100000000000122,68.89999999999823,11.400000000000027,0,46.4499999999995,0.25,0,26.0,44.0
J001972,2023-02-03/TPAN,TPAN,AMR_17,G30_13,WS_13_20,"[""111326"", ""112404"", ""112444""]",3,16893.399999894416,17414.599999886832,17183.449999890196,16893.399999894416,17009.749999892723,17013.799999892664,17173.349999890343,17173.399999890342,17183.399999890196,17183.449999890196,17410.54999988689,17414.599999886832,18.100000000000122,184.80000000000777,29.650000000000286,0,288.4000000000313,0.25,0,54.000000000000256,143.999999999999
J001973,2023-02-03/WKBH,WKBH,AMR_38,G26_14,WS_19_20,"[""101147""]",1,16894.199999894405,17211.19999988979,17123.99999989106,16894.199999894405,17023.59999989252,17027.649999892463,17113.899999891208,17113.949999891207,17123.94999989106,17123.99999989106,17207.14999988985,17211.19999988979,18.100000000000122,141.69999999999797,23.000000000000192,0,133.9499999999962,0.25,0,100.00000000000185,56.00000000000004
J001974,2023-02-03/TSDA,TSDA,AMR_34,G9_15,WS_8_20,"[""123035""]",1,16908.699999894194,17229.499999889525,17170.19999989039,16908.699999894194,17108.29999989129,17112.34999989123,17160.099999890535,17160.149999890535,17170.14999989039,17170.19999989039,17225.449999889584,17229.499999889525,18.100000000000122,112.84999999999573,31.650000000000315,0,157.95000000000167,0.25,0,66.00000000000061,35.999999999999986
J001975,2023-02-03/SEBR,SEBR,AMR_20,G14_12,WS_25_20,"[""112431"", ""122645""]",2,16911.499999894153,17543.84999988495,17405.89999988696,16911.499999894153,16991.49999989299,16995.54999989293,17395.799999887106,17395.849999887105,17405.84999988696,17405.89999988696,17539.79999988501,17543.84999988495,18.100000000000122,172.40000000000495,24.800000000000217,0,416.8000000000605,0.25,0,30.0,139.99999999999983
J001976,2023-02-03/WKBS,WKBS,AMR_26,G23_15,WS_30_20,"[""107312""]",1,16925.39999989395,17111.09999989125,17018.94999989259,16925.39999989395,16970.1499998933,16974.19999989324,17008.849999892736,17008.899999892736,17018.89999989259,17018.94999989259,17107.049999891307,17111.09999989125,18.100000000000122,75.24999999999787,13.350000000000055,0,78.74999999999767,0.25,0,18.0,56.00000000000003
J001977,2023-02-03/WKBH,WKBH,AMR_24,G17_9,WS_19_20,"[""111147""]",1,16928.9499998939,17355.199999887696,17106.89999989131,16928.9499998939,16968.449999893324,16972.499999893265,17096.799999891457,17096.849999891456,17106.84999989131,17106.89999989131,17351.149999887755,17355.199999887696,18.100000000000122,142.59999999999818,26.850000000000247,0,238.45000000001997,0.25,0,18.0,112.00000000000037
J001978,2023-02-03/SEBR,SEBR,AMR_14,G3_14,WS_25_20,"[""107177"", ""111996""]",2,16931.949999893855,17606.799999884035,17295.999999888558,16931.949999893855,17017.999999892603,17022.049999892544,17285.899999888705,17285.949999888704,17295.94999988856,17295.999999888558,17602.749999884094,17606.799999884035,18.100000000000122,222.10000000001625,28.700000000000273,0,405.70000000005797,0.25,0,40.00000000000014,207.99999999999034
J001979,2023-02-03/WKBH,WKBH,AMR_03,G15_9,WS_19_20,"[""113093""]",1,16935.6499998938,17538.39999988503,17249.599999889233,16935.6499998938,17123.149999891073,17127.199999891014,17239.49999988938,17239.54999988938,17249.549999889234,17249.599999889233,17534.34999988509,17538.39999988503,18.100000000000122,197.45000000001065,27.75000000000026,0,359.2000000000474,0.25,0,76.00000000000145,124.00000000000068
J001980,2023-02-03/VVSM,VVSM,AMR_37,G3_6,WS_2_20,"[""110343"", ""111997""]",2,16950.14999989359,17115.649999891182,17064.549999891926,16950.14999989359,17018.699999892593,17022.749999892534,17054.449999892073,17054.499999892072,17064.499999891927,17064.549999891926,17111.59999989124,17115.649999891182,18.100000000000122,113.84999999999567,16.250000000000096,0,17.050000000000107,0.25,0,60.000000000000796,72.00000000000078
J001981,2023-02-03/TPAN,TPAN,AMR_06,G18_14,WS_13_20,"[""101080"", ""110504""]",2,16959.79999989345,17681.799999882944,17595.899999884194,16959.79999989345,17283.799999888735,17287.849999888676,17585.79999988434,17585.84999988434,17595.849999884194,17595.899999884194,17677.749999883003,17681.799999882944,18.100000000000122,192.15000000000944,35.40000000000013,0,476.100000000074,0.25,0,108.00000000000077,76.00000000000037
J001982,2023-02-03/WKBS,WKBS,AMR_40,G23_14,WS_30_20,"[""125639""]",1,16961.049999893432,17190.399999890094,17154.24999989062,16961.049999893432,17068.34999989187,17072.39999989181,17144.149999890768,17144.199999890767,17154.19999989062,17154.24999989062,17186.349999890153,17190.399999890094,18.100000000000122,91.04999999999697,13.350000000000055,0,106.59999999999609,0.25,0,26.0,68.00000000000014
J001983,2023-02-03/VVSM,VVSM,AMR_19,G15_14,WS_2_20,"[""110450"", ""123310""]",2,16971.949999893273,17638.949999883567,17551.949999884833,16971.949999893273,17413.549999886847,17417.59999988679,17541.84999988498,17541.89999988498,17551.899999884834,17551.949999884833,17634.899999883626,17638.949999883567,18.100000000000122,175.40000000000563,32.65000000000028,0,440.6000000000659,0.25,0,80.00000000000037,88.00000000000048
J001984,2023-02-03/TSDA,TSDA,AMR_13,G5_15,WS_8_20,"[""110533""]",1,16973.249999893254,17384.649999887268,17360.699999887616,16973.249999893254,17319.449999888217,17323.499999888158,17350.599999887763,17350.649999887763,17360.649999887617,17360.699999887616,17380.599999887327,17384.649999887268,18.100000000000122,148.74999999999957,27.70000000000026,0,216.600000000015,0.25,0,110.00000000000162,40.00000000000003
J001985,2023-02-03/SEBR,SEBR,AMR_27,G17_12,WS_25_20,"[""101297"", ""110313""]",2,16974.049999893243,17536.39999988506,17428.799999886625,16974.049999893243,17298.049999888528,17302.09999988847,17418.699999886772,17418.74999988677,17428.749999886626,17428.799999886625,17532.34999988512,17536.39999988506,18.100000000000122,155.65000000000114,23.000000000000192,0,365.3500000000488,0.25,0,66.0000000000008,80.00000000000017
J001986,2023-02-03/WKBH,WKBH,AMR_23,G18_8,WS_19_20,"[""112372""]",1,16977.949999893186,17519.699999885303,17386.249999887244,16977.949999893186,17315.449999888275,17319.499999888216,17376.14999988739,17376.19999988739,17386.199999887245,17386.249999887244,17515.64999988536,17519.699999885303,18.100000000000122,153.6500000000007,34.65000000000017,0,335.1000000000419,0.25,0,68.00000000000048,76.00000000000023
J001987,2023-02-03/VVSM,VVSM,AMR_32,G14_10,WS_2_20,"[""110523"", ""135096""]",2,16981.79999989313,17202.99999988991,17154.549999890616,16981.79999989313,17094.999999891483,17099.049999891424,17144.449999890763,17144.499999890762,17154.499999890617,17154.549999890616,17198.94999988997,17202.99999988991,18.100000000000122,150.1999999999999,19.100000000000136,0,33.55000000000023,0.25,0,88.00000000000134,92.00000000000136
J001988,2023-02-03/TPAN,TPAN,AMR_25,G27_13,WS_13_20,"[""107136"", ""111247"", ""135368""]",3,16983.09999989311,17545.24999988493,17164.449999890472,16983.09999989311,16983.09999989311,16987.149999893052,17154.34999989062,17154.39999989062,17164.399999890473,17164.449999890472,17541.19999988499,17545.24999988493,18.100000000000122,181.70000000000707,24.850000000000218,0,337.3000000000424,0.2,0,0.0,179.99999999999696
J001989,2023-02-03/WKBS,WKBS,AMR_36,G3_15,WS_30_20,"[""110561"", ""110615""]",2,16983.8499998931,17634.149999883637,17524.149999885238,16983.8499998931,17104.04999989135,17108.099999891292,17514.049999885385,17514.099999885384,17524.09999988524,17524.149999885238,17630.099999883696,17634.149999883637,18.100000000000122,295.5500000000329,33.40000000000024,0,303.0000000000346,0.25,0,114.00000000000274,207.99999999999517
J001990,2023-02-03/WKBH,WKBH,AMR_39,G8_15,WS_19_20,"[""110131""]",1,16986.249999893065,17592.09999988425,17497.24999988563,16986.249999893065,17358.49999988765,17362.54999988759,17487.149999885776,17487.199999885775,17497.19999988563,17497.24999988563,17588.049999884308,17592.09999988425,18.100000000000122,153.05000000000055,26.000000000000234,0,408.4500000000586,0.25,0,72.00000000000077,72.00000000000064
J001991,2023-02-03/VVSM,VVSM,AMR_12,G18_13,WS_2_20,"[""107457"", ""131216""]",2,16988.59999989303,17647.59999988344,17524.64999988523,16988.59999989303,17221.949999889635,17225.999999889576,17514.549999885377,17514.599999885377,17524.59999988523,17524.64999988523,17643.5499998835,17647.59999988344,18.100000000000122,207.15000000001285,23.950000000000205,0,409.55000000005884,0.25,0,80.00000000000048,156.0000000000011
J001992,2023-02-03/TSDA,TSDA,AMR_21,G9_14,WS_8_20,"[""107377""]",1,16989.199999893022,17133.199999890927,17099.799999891413,16989.199999893022,17064.449999891927,17068.49999989187,17089.69999989156,17089.74999989156,17099.749999891414,17099.799999891413,17129.149999890986,17133.199999890927,18.100000000000122,81.29999999999752,17.20000000000011,0,27.15000000000025,0.25,0,34.0,44.00000000000021
J001993,2023-02-03/SEBR,SEBR,AMR_16,G24_15,WS_25_20,"[""112059"", ""112369""]",3,16990.299999893006,17574.499999884505,17541.449999884986,16990.299999893006,17486.399999885787,17490.449999885728,17531.349999885133,17531.399999885132,17541.399999884987,17541.449999884986,17570.449999884564,17574.499999884505,18.100000000000122,165.85000000000346,26.850000000000247,0,373.15000000005057,0.25,0,116.00000000000085,36.0
J001994,2023-02-03/TPAN,TPAN,AMR_18,G20_14,WS_13_20,"[""101332"", ""112284""]",2,17001.399999892845,17728.249999882268,17612.949999883946,17001.399999892845,17439.749999886466,17443.799999886407,17602.849999884093,17602.89999988409,17612.899999883946,17612.949999883946,17724.199999882327,17728.249999882268,18.100000000000122,201.75000000001162,34.65000000000017,0,472.10000000007307,0.25,0,112.00000000000097,80.00000000000023
J001995,2023-02-03/WKBS,WKBS,AMR_10,G23_13,WS_30_20,"[""126834""]",1,17006.49999989277,17177.999999890275,17137.19999989087,17006.49999989277,17019.399999892583,17023.449999892524,17127.099999891016,17127.149999891015,17137.14999989087,17137.19999989087,17173.949999890334,17177.999999890275,18.100000000000122,80.09999999999759,13.400000000000055,0,59.64999999999875,0.25,0,6.0,72.00000000000023
J001996,2023-02-03/WKBS,WKBS,AMR_29,G21_15,WS_30_20,"[""110274""]",1,17027.449999892466,17587.79999988431,17555.949999884775,17027.449999892466,17491.64999988571,17495.69999988565,17545.849999884922,17545.89999988492,17555.899999884776,17555.949999884775,17583.74999988437,17587.79999988431,18.100000000000122,269.600000000027,46.89999999999947,0,225.50000000001702,0.25,0,219.99999999999088,64.0
J001997,2023-02-03/WKBH,WKBH,AMR_09,G15_13,WS_19_20,"[""137523""]",1,17029.09999989244,17709.749999882537,17654.999999883334,17029.09999989244,17294.39999988858,17298.449999888522,17644.89999988348,17644.94999988348,17654.949999883334,17654.999999883334,17705.699999882596,17709.749999882537,18.100000000000122,230.95000000001826,41.1999999999998,0,390.15000000005443,0.25,0,134.00000000000176,96.00000000000026
J001998,2023-02-03/VVSM,VVSM,AMR_33,G18_12,WS_2_20,"[""110526"", ""112386""]",2,17034.849999892358,17930.649999879322,17772.69999988162,17034.849999892358,17500.999999885575,17505.049999885516,17762.599999881768,17762.649999881767,17772.64999988162,17772.69999988162,17926.59999987938,17930.649999879322,18.100000000000122,315.3500000000374,48.84999999999936,0,513.250000000081,0.25,0,205.99999999999935,112.00000000000125
J001999,2023-02-03/TSDA,TSDA,AMR_08,G20_13,WS_8_20,"[""110164"", ""110513""]",2,17046.799999892184,17654.64999988334,17523.29999988525,17046.799999892184,17228.49999988954,17232.54999988948,17513.199999885397,17513.249999885396,17523.24999988525,17523.29999988525,17650.599999883398,17654.64999988334,18.100000000000122,135.34999999999653,25.00000000000022,0,429.1500000000633,0.25,0,24.0,96.00000000000077
J002000,2023-02-03/SEBR,SEBR,AMR_26,G11_10,WS_25_20,"[""111992"", ""112320""]",2,17111.149999891248,17665.54999988318,17525.649999885216,17111.149999891248,17298.299999888524,17302.349999888465,17515.549999885363,17515.599999885362,17525.599999885217,17525.649999885216,17661.49999988324,17665.54999988318,18.100000000000122,212.30000000001402,27.80000000000026,0,295.950000000033,0.25,0,118.00000000000239,112.00000000000034
J002001,2023-02-03/TPAN,TPAN,AMR_37,G9_13,WS_13_20,"[""107162"", ""111303""]",2,17115.69999989118,17370.899999887468,17313.499999888303,17115.69999989118,17150.349999890677,17154.39999989062,17303.39999988845,17303.44999988845,17313.449999888304,17313.499999888303,17366.849999887527,17370.899999887468,18.100000000000122,86.34999999999724,15.300000000000082,0,135.1999999999965,0.25,0,30.0,52.000000000000256
J002002,2023-02-03/WKBS,WKBS,AMR_21,G21_14,WS_30_20,"[""101293""]",1,17133.249999890926,17682.199999882938,17633.84999988364,17133.249999890926,17560.649999884707,17564.699999884648,17623.74999988379,17623.799999883788,17633.799999883642,17633.84999988364,17678.149999882997,17682.199999882938,18.100000000000122,197.3000000000106,34.40000000000018,0,298.9000000000337,0.25,0,116.00000000000094,68.00000000000014
J002003,2023-02-03/WKBH,WKBH,AMR_15,G11_9,WS_19_20,"[""111289""]",1,17148.499999890704,17521.049999885283,17415.149999886824,17148.499999890704,17253.399999889178,17257.44999988912,17405.04999988697,17405.09999988697,17415.099999886825,17415.149999886824,17516.999999885342,17521.049999885283,18.100000000000122,172.90000000000506,19.150000000000137,0,162.15000000000262,0.25,0,94.00000000000142,92.00000000000102
J002004,2023-02-03/VVSM,VVSM,AMR_01,G2_13,WS_2_20,"[""101235"", ""107105""]",2,17165.799999890452,17235.29999988944,17211.799999889783,17165.799999890452,17165.799999890452,17169.849999890394,17201.69999988993,17201.74999988993,17211.749999889784,17211.799999889783,17231.2499998895,17235.29999988944,18.100000000000122,41.399999999999785,7.649999999999981,0,2.1500000000000004,0.2,0,0.0,44.000000000000156
J002005,2023-02-03/TSDA,TSDA,AMR_10,G8_14,WS_8_20,"[""135158""]",1,17178.049999890274,17536.549999885057,17507.049999885487,17178.049999890274,17449.549999886323,17453.599999886264,17496.949999885634,17496.999999885633,17506.999999885487,17507.049999885487,17532.499999885116,17536.549999885057,18.100000000000122,179.6500000000066,24.850000000000218,0,135.6499999999966,0.25,0,148.00000000000264,44.00000000000004
J002006,2023-02-03/TPAN,TPAN,AMR_40,G15_10,WS_13_20,"[""101182"", ""109969""]",2,17190.449999890094,17773.49999988161,17578.99999988444,17190.449999890094,17288.599999888665,17292.649999888607,17568.899999884587,17568.949999884586,17578.94999988444,17578.99999988444,17769.44999988167,17773.49999988161,18.100000000000122,147.0499999999992,18.100000000000122,0,399.55000000005657,0.25,0,24.0,128.00000000000176
J002007,2023-02-03/WKBS,WKBS,AMR_32,G27_8,WS_30_20,"[""110484""]",1,17203.04999988991,17375.749999887397,17339.349999887927,17203.04999988991,17275.449999888857,17279.499999888798,17329.249999888074,17329.299999888073,17339.299999887928,17339.349999887927,17371.699999887456,17375.749999887397,18.100000000000122,124.19999999999509,19.100000000000136,0,11.050000000000022,0.25,0,66.00000000000031,76.00000000000063
J002008,2023-02-03/TSDA,TSDA,AMR_30,G14_15,WS_8_20,"[""101025""]",1,17203.14999988991,17586.849999884325,17539.249999885018,17203.14999988991,17437.649999886497,17441.699999886438,17529.149999885165,17529.199999885164,17539.19999988502,17539.249999885018,17582.799999884384,17586.849999884325,18.100000000000122,153.45000000000064,23.050000000000193,0,188.8500000000087,0.25,0,112.00000000000227,52.000000000000355
J002009,2023-02-03/VVSM,VVSM,AMR_05,G26_12,WS_2_20,"[""101073"", ""111241""]",2,17203.14999988991,17559.349999884726,17363.99999988757,17203.14999988991,17203.14999988991,17207.19999988985,17353.899999887715,17353.949999887715,17363.94999988757,17363.99999988757,17555.299999884784,17559.349999884726,18.100000000000122,136.5999999999968,8.549999999999986,0,192.75000000000958,0.2,0,0.0,140.00000000000017
J002010,2023-02-03/TPAN,TPAN,AMR_38,G14_9,WS_13_20,"[""110326"", ""113195""]",2,17211.24999988979,17590.099999884278,17410.899999886886,17211.24999988979,17325.149999888134,17329.199999888075,17400.799999887033,17400.849999887032,17410.849999886887,17410.899999886886,17586.049999884337,17590.099999884278,18.100000000000122,145.59999999999886,24.90000000000022,0,190.00000000000895,0.25,0,62.0000000000006,84.00000000000051
J002011,2023-02-03/WKBS,WKBS,AMR_34,G26_14,WS_30_20,"[""101147""]",1,17229.549999889525,17672.54999988308,17616.64999988389,17229.549999889525,17566.899999884616,17570.949999884557,17606.54999988404,17606.599999884038,17616.599999883892,17616.64999988389,17668.499999883137,17672.54999988308,18.100000000000122,159.75000000000207,25.850000000000232,0,239.0500000000201,0.25,0,100.00000000000063,56.00000000000004
J002012,2023-02-03/TSDA,TSDA,AMR_22,G9_12,WS_8_20,"[""107266""]",1,17232.099999889488,17399.249999887055,17325.749999888125,17232.099999889488,17256.349999889135,17260.399999889076,17315.649999888272,17315.69999988827,17325.699999888126,17325.749999888125,17395.199999887114,17399.249999887055,18.100000000000122,76.59999999999779,12.400000000000041,0,59.79999999999874,0.25,0,18.0,52.00000000000004
J002013,2023-02-03/VVSM,VVSM,AMR_31,G21_13,WS_2_20,"[""101149"", ""134683""]",2,17233.599999889466,17816.599999880982,17599.64999988414,17233.599999889466,17233.599999889466,17237.649999889407,17589.549999884286,17589.599999884285,17599.59999988414,17599.64999988414,17812.54999988104,17816.599999880982,18.100000000000122,206.55000000001272,26.750000000000245,0,331.4000000000411,0.2,0,0.0,211.99999999999537
J002014,2023-02-03/SEBR,SEBR,AMR_01,G9_15,WS_25_20,"[""110484"", ""123035""]",2,17235.34999988944,17661.39999988324,17557.399999884754,17235.34999988944,17264.34999988902,17268.39999988896,17547.2999998849,17547.3499998849,17557.349999884755,17557.399999884754,17657.3499998833,17661.39999988324,18.100000000000122,151.25000000000014,18.150000000000123,0,238.30000000001993,0.25,0,25.999999999999954,124.00000000000036
J002015,2023-02-03/TPAN,TPAN,AMR_07,G2_13,WS_13_20,"[""101235"", ""107105"", ""110548""]",3,17260.69999988907,17900.099999879767,17798.84999988124,17260.69999988907,17666.24999988317,17670.29999988311,17788.749999881387,17788.799999881387,17798.79999988124,17798.84999988124,17896.049999879826,17900.099999879767,18.100000000000122,246.70000000002184,33.500000000000234,0,340.8500000000432,0.25,0,175.9999999999959,88.00000000000072
J002016,2023-02-03/WKBS,WKBS,AMR_04,G20_10,WS_30_20,"[""110497""]",1,17261.699999889057,17416.09999988681,17358.99999988764,17261.699999889057,17268.749999888954,17272.799999888895,17348.899999887788,17348.949999887787,17358.94999988764,17358.99999988764,17412.04999988687,17416.09999988681,18.100000000000122,82.19999999999747,12.400000000000041,0,41.44999999999978,0.25,0,4.0,88.00000000000028
J002017,2023-02-03/TSDA,TSDA,AMR_11,G14_14,WS_8_20,"[""112374""]",1,17279.2499998888,17652.699999883367,17573.899999884514,17279.2499998888,17527.299999885192,17531.349999885133,17563.79999988466,17563.84999988466,17573.849999884515,17573.899999884514,17648.649999883426,17652.699999883367,18.100000000000122,159.10000000000193,27.70000000000026,0,168.30000000000402,0.25,0,104.00000000000065,56.000000000000284
J002018,2023-02-03/VVSM,VVSM,AMR_28,G20_12,WS_2_20,"[""111387"", ""111995""]",2,17341.049999887902,17822.84999988089,17688.99999988284,17341.049999887902,17460.04999988617,17464.09999988611,17678.899999882986,17678.949999882985,17688.94999988284,17688.99999988284,17818.79999988095,17822.84999988089,18.100000000000122,162.25000000000264,17.20000000000011,0,284.0000000000303,0.25,0,40.0,132.0000000000015
J002019,2023-02-03/SEBR,SEBR,AMR_24,G17_9,WS_25_20,"[""110176"", ""118513""]",2,17355.249999887696,17566.69999988462,17444.649999886395,17355.249999887696,17355.249999887696,17359.299999887637,17434.54999988654,17434.59999988654,17444.599999886395,17444.649999886395,17562.649999884678,17566.69999988462,18.100000000000122,90.84999999999698,11.450000000000028,0,90.84999999999698,0.2,0,0.0,92.00000000000063
J002020,2023-02-03/WKBS,WKBS,AMR_37,G20_15,WS_30_20,"[""101075""]",1,17370.949999887467,17776.599999881564,17716.34999988244,17370.949999887467,17658.199999883287,17662.249999883228,17706.249999882588,17706.299999882587,17716.29999988244,17716.34999988244,17772.549999881623,17776.599999881564,18.100000000000122,172.30000000000493,29.700000000000287,0,185.30000000000788,0.25,0,98.00000000000082,68.00000000000001
J002021,2023-02-03/WKBH,WKBH,AMR_32,G27_8,WS_19_20,"[""110484""]",1,17375.799999887397,17595.799999884195,17434.199999886547,17375.799999887397,17375.799999887397,17379.849999887338,17424.099999886694,17424.149999886693,17434.149999886547,17434.199999886547,17591.749999884254,17595.799999884195,18.100000000000122,101.49999999999638,11.450000000000028,0,88.7499999999971,0.2,0,0.0,120.00000000000142
J002022,2023-02-03/TSDA,TSDA,AMR_13,G15_15,WS_8_20,"[""123094""]",1,17384.699999887267,17625.499999883763,17555.199999884786,17384.699999887267,17492.4999998857,17496.54999988564,17545.099999884933,17545.149999884932,17555.149999884787,17555.199999884786,17621.449999883822,17625.499999883763,18.100000000000122,104.99999999999618,21.050000000000164,0,96.39999999999667,0.25,0,36.0,56.000000000000384
J002023,2023-02-03/TPAN,TPAN,AMR_22,G3_13,WS_13_20,"[""101280"", ""107116"", ""110153""]",3,17399.299999887055,17570.949999884557,17518.699999885317,17399.299999887055,17434.799999886538,17438.84999988648,17508.599999885464,17508.649999885463,17518.649999885318,17518.699999885317,17566.899999884616,17570.949999884557,18.100000000000122,96.79999999999664,14.300000000000068,0,42.19999999999974,0.25,0,21.999999999999996,76.00000000000072
J002024,2023-02-03/VVSM,VVSM,AMR_17,G36_15,WS_2_20,"[""110423"", ""118513""]",2,17414.64999988683,17934.449999879267,17741.649999882073,17414.64999988683,17439.44999988647,17443.49999988641,17731.54999988222,17731.59999988222,17741.599999882073,17741.649999882073,17930.399999879326,17934.449999879267,18.100000000000122,246.0500000000217,33.40000000000024,0,222.00000000001623,0.25,0,20.0,259.99999999998545
J002025,2023-02-03/SEBR,SEBR,AMR_02,G2_15,WS_25_20,"[""112013"", ""115355""]",2,17415.249999886822,18172.549999875802,18083.199999877103,17415.249999886822,17707.849999882565,17711.899999882506,18073.09999987725,18073.14999987725,18083.149999877103,18083.199999877103,18168.49999987586,18172.549999875802,18.100000000000122,303.4000000000347,42.999999999999694,0,392.550000000055,0.25,0,159.9999999999995,147.99999999999858
J002026,2023-02-03/WKBS,WKBS,AMR_04,G17_14,WS_30_20,"[""110227""]",1,17416.14999988681,17834.49999988072,17784.999999881442,17416.14999988681,17713.69999988248,17717.74999988242,17774.89999988159,17774.949999881588,17784.949999881443,17784.999999881442,17830.44999988078,17834.49999988072,18.100000000000122,249.70000000002253,33.500000000000234,0,116.7999999999955,0.25,0,189.99999999999667,92.00000000000003
J002027,2023-02-03/SEBR,SEBR,AMR_35,G29_15,WS_25_20,"[""110139""]",1,17476.399999885933,17615.149999883914,17573.349999884522,17476.399999885933,17530.499999885145,17534.549999885086,17563.24999988467,17563.299999884668,17573.299999884523,17573.349999884522,17611.099999883972,17615.149999883914,18.100000000000122,93.44999999999683,15.250000000000082,0,11.700000000000031,0.25,0,52.00000000000033,44.0
J002028,2023-02-03/TSDA,TSDA,AMR_23,G14_13,WS_8_20,"[""111295""]",2,17519.7499998853,17772.949999881617,17692.699999882785,17519.7499998853,17579.999999884425,17584.049999884366,17682.599999882932,17682.64999988293,17692.649999882786,17692.699999882785,17768.899999881676,17772.949999881617,18.100000000000122,118.49999999999541,21.100000000000165,0,95.24999999999673,0.25,0,54.00000000000075,64.00000000000036
J002029,2023-02-03/TPAN,TPAN,AMR_15,G2_14,WS_13_20,"[""111207"", ""111268""]",2,17521.099999885282,17738.34999988212,17651.74999988338,17521.099999885282,17556.799999884763,17560.849999884704,17641.649999883528,17641.699999883527,17651.69999988338,17651.74999988338,17734.29999988218,17738.34999988212,18.100000000000122,121.39999999999525,17.20000000000011,0,60.29999999999871,0.25,0,31.99999999999995,96.00000000000118
J002030,2023-02-03/SEBR,SEBR,AMR_27,G26_13,WS_25_20,"[""112333""]",1,17536.44999988506,17646.89999988345,17614.949999883916,17536.44999988506,17569.649999884576,17573.699999884517,17604.849999884063,17604.899999884063,17614.899999883917,17614.949999883916,17642.84999988351,17646.89999988345,18.100000000000122,71.2499999999981,14.350000000000069,0,6.499999999999985,0.25,0,24.0,48.00000000000013
J002031,2023-02-03/TSDA,TSDA,AMR_10,G5_10,WS_8_20,"[""110189""]",1,17536.599999885057,17671.349999883096,17618.299999883868,17536.599999885057,17557.849999884747,17561.89999988469,17608.199999884015,17608.249999884014,17618.24999988387,17618.299999883868,17667.299999883155,17671.349999883096,18.100000000000122,77.54999999999774,16.250000000000096,0,22.600000000000186,0.25,0,14.0,64.00000000000036
J002032,2023-02-03/VVSM,VVSM,AMR_03,G5_15,WS_2_20,"[""110533""]",1,17538.44999988503,17768.299999881685,17707.39999988257,17538.44999988503,17650.149999883404,17654.199999883345,17697.299999882718,17697.349999882717,17707.349999882572,17707.39999988257,17764.249999881744,17768.299999881685,18.100000000000122,101.1499999999964,16.250000000000096,0,94.0999999999968,0.25,0,68.00000000000122,40.00000000000003
J002033,2023-02-03/SEBR,SEBR,AMR_20,G8_14,WS_25_20,"[""111348"", ""112430""]",2,17543.89999988495,17864.84999988028,17806.649999881127,17543.89999988495,17693.04999988278,17697.09999988272,17796.549999881274,17796.599999881273,17806.599999881128,17806.649999881127,17860.79999988034,17864.84999988028,18.100000000000122,144.54999999999862,23.100000000000193,0,134.94999999999644,0.25,0,44.00000000000014,108.0000000000008
J002034,2023-02-03/TSDA,TSDA,AMR_25,G27_13,WS_8_20,"[""107136"", ""110309""]",2,17545.29999988493,17805.899999881138,17676.59999988302,17545.29999988493,17545.29999988493,17549.34999988487,17666.499999883166,17666.549999883166,17676.54999988302,17676.59999988302,17801.849999881197,17805.899999881138,18.100000000000122,121.14999999999526,13.350000000000055,0,107.79999999999602,0.2,0,0.0,124.00000000000071
J002035,2023-02-03/WKBS,WKBS,AMR_05,G15_12,WS_30_20,"[""101097""]",1,17559.399999884725,17841.099999880626,17750.449999881945,17559.399999884725,17657.94999988329,17661.99999988323,17740.34999988209,17740.39999988209,17750.399999881945,17750.449999881945,17837.049999880684,17841.099999880626,18.100000000000122,150.39999999999995,21.950000000000177,0,90.99999999999697,0.25,0,58.0000000000003,104.00000000000048
J002036,2023-02-03/SEBR,SEBR,AMR_24,G23_13,WS_25_20,"[""110357""]",1,17566.749999884618,17732.399999882207,17702.04999988265,17566.749999884618,17635.19999988362,17639.249999883563,17691.949999882796,17691.999999882795,17701.99999988265,17702.04999988265,17728.349999882266,17732.399999882207,18.100000000000122,102.54999999999632,17.20000000000011,0,27.550000000000257,0.25,0,60.00000000000061,52.00000000000021
J002037,2023-02-03/TSDA,TSDA,AMR_22,G18_15,WS_8_20,"[""101296""]",1,17570.999999884556,17917.549999879513,17804.34999988116,17570.999999884556,17737.69999988213,17741.74999988207,17794.249999881307,17794.299999881307,17804.29999988116,17804.34999988116,17913.499999879572,17917.549999879513,18.100000000000122,188.15000000000853,25.80000000000023,0,114.24999999999565,0.25,0,134.00000000000293,68.00000000000037
J002038,2023-02-03/SEBR,SEBR,AMR_16,G30_14,WS_25_20,"[""111367""]",1,17574.549999884504,17708.299999882558,17669.949999883116,17574.549999884504,17624.34999988378,17628.39999988372,17659.849999883263,17659.899999883262,17669.899999883117,17669.949999883116,17704.249999882617,17708.299999882558,18.100000000000122,75.49999999999785,14.350000000000069,0,25.550000000000228,0.25,0,22.0,60.00000000000004
J002039,2023-02-03/TPAN,TPAN,AMR_30,G17_12,WS_13_20,"[""110333"", ""112083""]",2,17586.899999884325,17785.449999881435,17747.849999881983,17586.899999884325,17649.399999883415,17653.449999883356,17737.74999988213,17737.79999988213,17747.799999881983,17747.849999881983,17781.399999881494,17785.449999881435,18.100000000000122,88.6999999999971,17.20000000000011,0,74.29999999999792,0.25,0,16.0,72.00000000000051
J002040,2023-02-03/TSDA,TSDA,AMR_29,G3_10,WS_8_20,"[""110574""]",1,17587.84999988431,17917.549999879513,17842.8499998806,17587.84999988431,17731.44999988222,17735.499999882162,17832.749999880747,17832.799999880746,17842.7999998806,17842.8499998806,17913.499999879572,17917.549999879513,18.100000000000122,151.70000000000024,24.850000000000218,0,134.7999999999964,0.25,0,62.00000000000058,96.0000000000012
J002041,2023-02-03/VVSM,VVSM,AMR_38,G6_14,WS_2_20,"[""111271""]",1,17590.149999884277,17759.69999988181,17724.59999988232,17590.149999884277,17622.34999988381,17626.39999988375,17714.499999882468,17714.549999882467,17724.54999988232,17724.59999988232,17755.64999988187,17759.69999988181,18.100000000000122,83.84999999999738,17.20000000000011,0,50.14999999999929,0.25,0,26.000000000000014,56.000000000000455
J002042,2023-02-03/WKBS,WKBS,AMR_39,G17_9,WS_30_20,"[""112003""]",1,17592.14999988425,17828.849999880804,17767.499999881697,17592.14999988425,17669.999999883115,17674.049999883056,17757.399999881844,17757.449999881843,17767.449999881697,17767.499999881697,17824.799999880863,17828.849999880804,18.100000000000122,154.35000000000085,20.05000000000015,0,43.94999999999964,0.25,0,34.0,143.99999999999991
J002043,2023-02-03/SEBR,SEBR,AMR_32,G26_12,WS_25_20,"[""111241""]",1,17595.849999884194,17724.149999882327,17686.09999988288,17595.849999884194,17617.049999883886,17621.099999883827,17675.999999883028,17676.049999883027,17686.049999882882,17686.09999988288,17720.099999882386,17724.149999882327,18.100000000000122,72.34999999999803,15.300000000000082,0,22.300000000000182,0.25,0,14.0,56.00000000000023
J002044,2023-02-03/TPAN,TPAN,AMR_14,G21_10,WS_13_20,"[""110585"", ""149347""]",2,17606.849999884034,17810.199999881075,17764.749999881737,17606.849999884034,17708.09999988256,17712.149999882502,17754.649999881884,17754.699999881883,17764.699999881737,17764.749999881737,17806.149999881134,17810.199999881075,18.100000000000122,138.64999999999728,20.05000000000015,0,26.30000000000024,0.25,0,84.00000000000153,76.00000000000051
J002045,2023-02-03/TPAN,TPAN,AMR_35,G3_12,WS_13_20,"[""107347"", ""123128""]",2,17615.199999883913,18002.749999878273,17902.499999879732,17615.199999883913,17771.049999881645,17775.099999881586,17892.39999987988,17892.44999987988,17902.449999879733,17902.499999879732,17998.699999878332,18002.749999878273,18.100000000000122,160.05000000000214,21.000000000000163,0,188.15000000000853,0.25,0,66.00000000000041,96.00000000000067
J002046,2023-02-03/TSDA,TSDA,AMR_13,G14_9,WS_8_20,"[""113195""]",1,17625.549999883762,17789.14999988138,17743.749999882042,17625.549999883762,17686.79999988287,17690.849999882812,17733.64999988219,17733.69999988219,17743.699999882043,17743.749999882042,17785.09999988144,17789.14999988138,18.100000000000122,93.24999999999685,14.300000000000068,0,37.699999999999996,0.25,0,22.0,76.00000000000085
J002047,2023-02-03/WKBS,WKBS,AMR_36,G17_8,WS_30_20,"[""138388""]",1,17634.199999883636,18072.649999877256,17832.59999988075,17634.199999883636,17736.549999882147,17740.599999882088,17822.499999880896,17822.549999880895,17832.54999988075,17832.59999988075,18068.599999877315,18072.649999877256,18.100000000000122,176.6000000000059,21.950000000000177,0,221.55000000001613,0.25,0,46.00000000000048,147.9999999999998
J002048,2023-02-03/VVSM,VVSM,AMR_19,G3_14,WS_2_20,"[""112040""]",1,17638.999999883566,17846.649999880545,17810.949999881064,17638.999999883566,17741.299999882078,17745.34999988202,17800.84999988121,17800.89999988121,17810.899999881065,17810.949999881064,17842.599999880604,17846.649999880545,18.100000000000122,88.7999999999971,15.350000000000083,0,85.1499999999973,0.25,0,44.00000000000014,40.00000000000007
J002049,2023-02-03/SEBR,SEBR,AMR_27,G29_13,WS_25_20,"[""135012""]",1,17646.94999988345,17764.999999881733,17721.94999988236,17646.94999988345,17673.399999883066,17677.449999883007,17711.849999882506,17711.899999882506,17721.89999988236,17721.94999988236,17760.949999881792,17764.999999881733,18.100000000000122,75.34999999999786,15.300000000000082,0,9.049999999999994,0.25,0,18.0,52.00000000000013
J002050,2023-02-03/TPAN,TPAN,AMR_12,G30_10,WS_13_20,"[""112379"", ""115988""]",2,17647.64999988344,17849.299999880506,17781.79999988149,17647.64999988344,17685.099999882896,17689.149999882837,17771.699999881635,17771.749999881635,17781.74999988149,17781.79999988149,17845.249999880565,17849.299999880506,18.100000000000122,124.39999999999507,16.250000000000096,0,42.649999999999714,0.25,0,30.0,112.0000000000004
J002051,2023-02-03/TSDA,TSDA,AMR_11,G21_15,WS_8_20,"[""123304""]",1,17652.749999883366,18307.749999873835,17826.599999880837,17652.749999883366,17728.04999988227,17732.09999988221,17816.499999880984,17816.549999880983,17826.549999880837,17826.599999880837,18303.699999873894,18307.749999873835,18.100000000000122,242.20000000002082,33.500000000000234,0,360.9500000000478,0.25,0,24.0,211.99999999999773
J002052,2023-02-03/WKBS,WKBS,AMR_08,G20_13,WS_30_20,"[""110513""]",1,17654.699999883338,17814.59999988101,17733.399999882193,17654.699999883338,17654.699999883338,17658.74999988328,17723.29999988234,17723.34999988234,17733.349999882194,17733.399999882193,17810.54999988107,17814.59999988101,18.100000000000122,77.14999999999776,9.55,0,54.89999999999902,0.2,0,0.0,84.00000000000003
J002053,2023-02-03/TPAN,TPAN,AMR_01,G14_15,WS_13_20,"[""107130""]",1,17661.44999988324,17840.349999880636,17815.899999880992,17661.44999988324,17758.149999881833,17762.199999881774,17805.79999988114,17805.84999988114,17815.849999880993,17815.899999880992,17836.299999880695,17840.349999880636,18.100000000000122,65.7999999999984,15.250000000000082,0,79.49999999999763,0.25,0,26.0,32.0
J002054,2023-02-03/SEBR,SEBR,AMR_26,G14_14,WS_25_20,"[""107034"", ""120052""]",2,17669.999999883115,17830.59999988078,17789.649999881374,17669.999999883115,17695.449999882745,17699.499999882686,17779.54999988152,17779.59999988152,17789.599999881375,17789.649999881374,17826.549999880837,17830.59999988078,18.100000000000122,90.69999999999699,13.350000000000055,0,38.19999999999997,0.25,0,14.0,84.00000000000034
J002055,2023-02-03/TSDA,TSDA,AMR_34,G26_14,WS_8_20,"[""101147"", ""101177""]",2,17676.64999988302,17853.79999988044,17788.249999881395,17676.64999988302,17676.64999988302,17680.69999988296,17778.14999988154,17778.19999988154,17788.199999881395,17788.249999881395,17849.7499998805,17853.79999988044,18.100000000000122,110.49999999999586,13.400000000000055,0,34.95000000000015,0.2,0,0.0,120.00000000000097
J002056,2023-02-03/SEBR,SEBR,AMR_21,G23_12,WS_25_20,"[""131590""]",1,17686.14999988288,17805.84999988114,17774.0999998816,17686.14999988288,17700.749999882668,17704.79999988261,17763.999999881747,17764.049999881747,17774.0499998816,17774.0999998816,17801.799999881197,17805.84999988114,18.100000000000122,65.39999999999843,13.350000000000055,0,22.600000000000186,0.25,0,8.0,56.0000000000003
J002057,2023-02-03/VVSM,VVSM,AMR_10,G3_15,WS_2_20,"[""110222""]",1,17689.049999882838,17884.949999879987,17827.999999880816,17689.049999882838,17712.699999882494,17716.749999882435,17817.899999880963,17817.949999880962,17827.949999880817,17827.999999880816,17880.899999880046,17884.949999879987,18.100000000000122,74.94999999999789,13.350000000000055,0,89.24999999999707,0.25,0,14.0,59.999999999999986
J002058,2023-02-03/TSDA,TSDA,AMR_06,G11_10,WS_8_20,"[""110538""]",2,17692.749999882784,17826.34999988084,17766.849999881706,17692.749999882784,17727.049999882285,17731.099999882226,17756.749999881853,17756.799999881852,17766.799999881707,17766.849999881706,17822.2999998809,17826.34999988084,18.100000000000122,79.19999999999764,12.400000000000041,0,23.6500000000002,0.25,0,26.0,60.00000000000051
J002059,2023-02-03/SEBR,SEBR,AMR_16,G30_13,WS_25_20,"[""112404""]",1,17708.349999882557,17797.699999881257,17757.999999881835,17708.349999882557,17712.149999882502,17716.199999882443,17747.89999988198,17747.94999988198,17757.949999881836,17757.999999881835,17793.649999881316,17797.699999881257,18.100000000000122,60.14999999999872,9.5,0,1.3500000000000005,0.25,0,2.0,64.00000000000013
J002060,2023-02-03/VVSM,VVSM,AMR_09,G8_13,WS_2_20,"[""110190""]",1,17709.799999882536,17884.14999988,17793.649999881316,17709.799999882536,17744.299999882034,17748.349999881975,17783.549999881463,17783.599999881462,17793.599999881317,17793.649999881316,17880.099999880058,17884.14999988,18.100000000000122,92.49999999999689,21.050000000000164,0,42.449999999999726,0.25,0,30.000000000000014,60.000000000000256
J002061,2023-02-03/WKBS,WKBS,AMR_32,G8_15,WS_30_20,"[""110131""]",1,17724.199999882327,18084.04999987709,17897.399999879806,17724.199999882327,17804.749999881155,17808.799999881096,17887.299999879953,17887.349999879953,17897.349999879807,17897.399999879806,18079.99999987715,18084.04999987709,18.100000000000122,150.09999999999988,12.400000000000041,0,179.00000000000645,0.25,0,50.000000000000384,116.00000000000018
J002062,2023-02-03/SEBR,SEBR,AMR_18,G21_12,WS_25_20,"[""101022""]",1,17728.299999882267,17889.999999879914,17858.04999988038,17728.299999882267,17808.299999881103,17812.349999881044,17847.949999880526,17847.999999880525,17857.99999988038,17858.04999988038,17885.949999879973,17889.999999879914,18.100000000000122,93.19999999999685,19.150000000000137,0,31.000000000000306,0.25,0,38.00000000000004,56.0000000000003
J002063,2023-02-03/VVSM,VVSM,AMR_24,G9_12,WS_2_20,"[""107192""]",1,17732.449999882207,17978.94999987862,17906.04999987968,17732.449999882207,17797.899999881254,17801.949999881195,17895.949999879827,17895.999999879827,17905.99999987968,17906.04999987968,17974.89999987868,17978.94999987862,18.100000000000122,106.3999999999961,16.250000000000096,0,105.49999999999615,0.25,0,34.0,72.0000000000004
J002064,2023-02-03/VVSM,VVSM,AMR_15,G9_10,WS_2_20,"[""122687""]",1,17741.699999882072,17886.89999987996,17845.049999880568,17741.699999882072,17773.599999881608,17777.64999988155,17834.949999880715,17834.999999880714,17844.99999988057,17845.049999880568,17882.849999880018,17886.89999987996,18.100000000000122,90.74999999999699,15.300000000000082,0,20.80000000000016,0.25,0,25.999999999999943,72.00000000000077
J002065,2023-02-03/TPAN,TPAN,AMR_38,G15_14,WS_13_20,"[""110191""]",1,17759.74999988181,18042.0499998777,17867.49999988024,17759.74999988181,17823.54999988088,17827.599999880822,17857.39999988039,17857.449999880388,17867.449999880242,17867.49999988024,18037.99999987776,18042.0499998777,18.100000000000122,111.5999999999958,19.100000000000136,0,133.24999999999605,0.25,0,30.0,68.00000000000028
J002066,2023-02-03/TSDA,TSDA,AMR_27,G18_13,WS_8_20,"[""110317""]",1,17765.049999881732,18183.549999875642,17875.84999988012,17765.049999881732,17799.44999988123,17803.499999881173,17865.749999880267,17865.799999880266,17875.79999988012,17875.84999988012,18179.4999998757,18183.549999875642,18.100000000000122,148.09999999999943,19.100000000000136,0,232.95000000001872,0.25,0,30.0,116.00000000000125
J002067,2023-02-03/WKBS,WKBS,AMR_03,G5_15,WS_30_20,"[""110533""]",1,17768.349999881684,18153.849999876074,17954.599999878974,17768.349999881684,17768.349999881684,17772.399999881625,17944.49999987912,17944.54999987912,17954.549999878975,17954.599999878974,18149.799999876133,18153.849999876074,18.100000000000122,129.14999999999512,11.450000000000028,0,226.60000000001727,0.2,0,0.0,132.00000000000034
J002068,2023-02-03/WKBS,WKBS,AMR_23,G14_13,WS_30_20,"[""126308""]",1,17772.999999881617,18062.8499998774,17856.099999880407,17772.999999881617,17772.999999881617,17777.049999881558,17845.999999880554,17846.049999880554,17856.049999880408,17856.099999880407,18058.799999877458,18062.8499998774,18.100000000000122,102.39999999999633,13.350000000000055,0,155.80000000000118,0.2,0,0.0,108.00000000000014
J002069,2023-02-03/SEBR,SEBR,AMR_40,G23_10,WS_25_20,"[""107411""]",2,17773.54999988161,17911.4499998796,17874.199999880144,17773.54999988161,17816.199999880988,17820.24999988093,17864.09999988029,17864.14999988029,17874.149999880145,17874.199999880144,17907.39999987966,17911.4499998796,18.100000000000122,97.19999999999662,12.35000000000004,0,10.000000000000007,0.25,0,44.000000000000355,64.00000000000041
J002070,2023-02-03/VVSM,VVSM,AMR_37,G12_8,WS_2_20,"[""107123""]",1,17776.649999881563,18157.149999876026,18094.499999876938,17776.649999881563,17826.599999880837,17830.649999880778,18084.399999877085,18084.449999877084,18094.44999987694,18094.499999876938,18153.099999876085,18157.149999876026,18.100000000000122,146.04999999999896,20.05000000000015,0,196.05000000001033,0.25,0,30.0,116.00000000000139
J002071,2023-02-03/TPAN,TPAN,AMR_30,G15_13,WS_13_20,"[""112363""]",1,17785.499999881435,18419.549999872208,18069.449999877303,17785.499999881435,18012.399999878133,18016.449999878074,18059.34999987745,18059.39999987745,18069.399999877303,18069.449999877303,18415.499999872267,18419.549999872208,18.100000000000122,292.3500000000322,44.049999999999635,0,279.30000000002923,0.25,0,130.00000000000267,175.99999999999744
J002072,2023-02-03/TSDA,TSDA,AMR_13,G15_10,WS_8_20,"[""112286""]",2,17789.19999988138,18039.599999877737,17859.94999988035,17789.19999988138,17808.899999881094,17812.949999881035,17849.8499998805,17849.899999880497,17859.899999880352,17859.94999988035,18035.549999877796,18039.599999877737,18.100000000000122,97.04999999999663,14.350000000000069,0,120.64999999999529,0.25,0,12.0,76.00000000000017
J002073,2023-02-03/SEBR,SEBR,AMR_16,G17_13,WS_25_20,"[""110163""]",1,17797.749999881256,18071.79999987727,17910.049999879622,17797.749999881256,17846.149999880552,17850.199999880493,17899.94999987977,17899.99999987977,17909.999999879623,17910.049999879622,18067.749999877327,18071.79999987727,18.100000000000122,110.19999999999588,15.300000000000082,0,130.19999999999536,0.25,0,42.00000000000004,76.00000000000023
J002074,2023-02-03/TPAN,TPAN,AMR_21,G12_9,WS_13_20,"[""140397""]",1,17805.899999881138,18054.299999877523,18002.099999878283,17805.899999881138,17837.499999880678,17841.54999988062,17991.99999987843,17992.04999987843,18002.049999878283,18002.099999878283,18050.249999877582,18054.299999877523,18.100000000000122,88.09999999999714,13.350000000000055,0,128.599999999995,0.25,0,28.0,60.0000000000005
J002075,2023-02-03/TSDA,TSDA,AMR_25,G17_12,WS_8_20,"[""110313""]",1,17805.949999881137,18378.699999872802,17923.699999879424,17805.949999881137,17847.499999880532,17851.549999880473,17913.59999987957,17913.64999987957,17923.649999879424,17923.699999879424,18374.64999987286,18378.699999872802,18.100000000000122,240.20000000002037,32.55000000000029,0,281.65000000002976,0.25,0,30.0,219.99999999999542
J002076,2023-02-03/SEBR,SEBR,AMR_14,G20_10,WS_25_20,"[""110552""]",1,17810.249999881074,17928.249999879357,17890.14999987991,17810.249999881074,17814.449999881013,17818.499999880954,17880.04999988006,17880.099999880058,17890.099999879913,17890.14999987991,17924.199999879416,17928.249999879357,18.100000000000122,70.84999999999812,9.5,0,19.30000000000014,0.25,0,2.0,72.0000000000004
J002077,2023-02-03/VVSM,VVSM,AMR_08,G20_13,WS_2_20,"[""111999"", ""121904""]",2,17814.64999988101,18112.34999987668,17979.54999987861,17814.64999988101,17814.64999988101,17818.69999988095,17969.449999878758,17969.499999878757,17979.49999987861,17979.54999987861,18108.299999876737,18112.34999987668,18.100000000000122,129.69999999999524,15.300000000000082,0,134.3999999999963,0.2,0,0.0,128.00000000000082
J002078,2023-02-03/TPAN,TPAN,AMR_31,G21_13,WS_13_20,"[""101149"", ""107256""]",2,17816.64999988098,17984.39999987854,17884.249999879998,17816.64999988098,17816.64999988098,17820.699999880922,17874.149999880145,17874.199999880144,17884.19999988,17884.249999879998,17980.3499998786,17984.39999987854,18.100000000000122,71.79999999999806,9.55,0,68.09999999999827,0.2,0,0.0,72.00000000000026
J002079,2023-02-03/TSDA,TSDA,AMR_28,G20_14,WS_8_20,"[""110186""]",1,17822.89999988089,18137.04999987632,18073.64999987724,17822.89999988089,17847.249999880536,17851.299999880477,18063.54999987739,18063.599999877388,18073.599999877242,18073.64999987724,18132.999999876378,18137.04999987632,18.100000000000122,90.74999999999699,13.400000000000055,0,191.65000000000933,0.25,0,8.0,80.00000000000091
J002080,2023-02-03/SEBR,SEBR,AMR_06,G21_9,WS_25_20,"[""111361""]",1,17826.39999988084,18247.199999874716,18204.19999987534,17826.39999988084,18106.999999876756,18111.049999876697,18194.09999987549,18194.149999875488,18204.149999875342,18204.19999987534,18243.149999874775,18247.199999874716,18.100000000000122,173.1000000000051,29.750000000000288,0,199.60000000001114,0.25,0,106.0000000000015,72.00000000000028
J002081,2023-02-03/VVSM,VVSM,AMR_39,G11_7,WS_2_20,"[""111208""]",1,17828.899999880803,18135.149999876347,18070.94999987728,17828.899999880803,17908.449999879645,17912.499999879587,18060.849999877428,18060.899999877427,18070.89999987728,18070.94999987728,18131.099999876405,18135.149999876347,18.100000000000122,164.45000000000314,24.850000000000218,0,98.59999999999654,0.25,0,68.00000000000057,112.00000000000182
J002082,2023-02-03/TPAN,TPAN,AMR_26,G15_9,WS_13_20,"[""110377""]",1,17830.649999880778,18028.849999877893,17934.449999879267,17830.649999880778,17861.599999880327,17865.64999988027,17924.349999879414,17924.399999879413,17934.399999879268,17934.449999879267,18024.799999877952,18028.849999877893,18.100000000000122,89.29999999999707,17.20000000000011,0,73.34999999999798,0.25,0,20.0,64.0000000000001
J002083,2023-02-03/TSDA,TSDA,AMR_04,G17_14,WS_8_20,"[""110227""]",1,17834.54999988072,18076.849999877195,17891.799999879888,17834.54999988072,17834.54999988072,17838.599999880662,17881.699999880035,17881.749999880034,17891.74999987989,17891.799999879888,18072.799999877254,18076.849999877195,18.100000000000122,71.2499999999981,9.55,0,143.1999999999983,0.2,0,0.0,68.00000000000048
J002084,2023-02-03/VVSM,VVSM,AMR_01,G12_7,WS_2_20,"[""101296""]",1,17840.399999880636,18243.949999874763,18163.349999875936,17840.399999880636,18080.899999877136,18084.949999877077,18153.249999876083,18153.299999876082,18163.299999875937,18163.349999875936,18239.899999874822,18243.949999874763,18.100000000000122,166.0500000000035,25.80000000000023,0,193.35000000000971,0.25,0,68.00000000000082,104.00000000000165
J002085,2023-02-03/TSDA,TSDA,AMR_05,G15_12,WS_8_20,"[""101097""]",1,17842.8999998806,17996.449999878365,17907.749999879656,17842.8999998806,17842.8999998806,17846.94999988054,17897.649999879803,17897.699999879802,17907.699999879656,17907.749999879656,17992.399999878424,17996.449999878365,18.100000000000122,77.04999999999777,8.549999999999986,0,49.64999999999932,0.2,0,0.0,84.00000000000102
J002086,2023-02-03/WKBS,WKBS,AMR_19,G3_14,WS_30_20,"[""111226""]",1,17846.699999880544,18284.549999874172,18152.499999876094,17846.699999880544,17846.699999880544,17850.749999880485,18142.39999987624,18142.44999987624,18152.449999876095,18152.499999876094,18280.49999987423,18284.549999874172,18.100000000000122,211.65000000001388,20.950000000000163,0,186.95000000000826,0.2,0,0.0,239.99999999999307
J002087,2023-02-03/VVSM,VVSM,AMR_12,G17_9,WS_2_20,"[""112003""]",1,17849.349999880505,18388.59999987266,18327.699999873545,17849.349999880505,17889.64999987992,17893.69999987986,18317.59999987369,18317.64999987369,18327.649999873545,18327.699999873545,18384.549999872717,18388.59999987266,18.100000000000122,136.9499999999969,18.250000000000124,0,365.7000000000489,0.25,0,36.00000000000003,116.00000000000227
J002088,2023-02-03/SEBR,SEBR,AMR_34,G20_12,WS_25_20,"[""111387"", ""111995""]",3,17858.099999880378,18072.34999987726,17941.949999879158,17858.099999880378,17883.29999988001,17887.349999879953,17931.849999879305,17931.899999879304,17941.89999987916,17941.949999879158,18068.29999987732,18072.34999987726,18.100000000000122,84.69999999999733,13.350000000000055,0,97.84999999999658,0.25,0,20.0,68.00000000000031
J002089,2023-02-03/TSDA,TSDA,AMR_20,G21_14,WS_8_20,"[""112279""]",1,17864.89999988028,18183.149999875648,18105.99999987677,17864.89999988028,17971.549999878727,17975.59999987867,18095.899999876918,18095.949999876917,18105.94999987677,18105.99999987677,18179.099999875707,18183.149999875648,18.100000000000122,147.19999999999922,23.000000000000192,0,129.69999999999524,0.25,0,58.00000000000027,92.00000000000065
J002090,2023-02-03/TPAN,TPAN,AMR_09,G11_10,WS_13_20,"[""111833"", ""112227""]",2,17884.19999988,18094.699999876935,18052.39999987755,17884.19999988,17909.199999879635,17913.249999879576,18042.299999877698,18042.349999877697,18052.34999987755,18052.39999987755,18090.649999876994,18094.699999876935,18.100000000000122,103.09999999999629,19.100000000000136,0,69.94999999999817,0.25,0,16.0,80.00000000000065
J002091,2023-02-03/SEBR,SEBR,AMR_10,G26_14,WS_25_20,"[""101147""]",1,17884.999999879987,18260.399999874524,18227.699999875,17884.999999879987,18176.649999875743,18180.699999875684,18217.599999875147,18217.649999875146,18227.649999875,18227.699999875,18256.349999874583,18260.399999874524,18.100000000000122,142.84999999999823,25.850000000000232,0,188.35000000000858,0.25,0,100.00000000000131,44.00000000000004
J002092,2023-02-03/TSDA,TSDA,AMR_15,G24_14,WS_8_20,"[""107396""]",1,17886.94999987996,18193.549999875497,18122.249999876534,17886.94999987996,17968.149999878777,17972.199999878718,18112.14999987668,18112.19999987668,18122.199999876535,18122.249999876534,18189.499999875556,18193.549999875497,18.100000000000122,148.09999999999943,15.300000000000082,0,124.84999999999505,0.25,0,50.00000000000013,104.00000000000077
J002093,2023-02-03/TPAN,TPAN,AMR_18,G8_13,WS_13_20,"[""111366""]",1,17890.049999879913,18195.34999987547,18160.199999875982,17890.049999879913,18084.84999987708,18088.89999987702,18150.09999987613,18150.14999987613,18160.149999875983,18160.199999875982,18191.29999987553,18195.34999987547,18.100000000000122,169.80000000000436,32.50000000000029,0,84.64999999999733,0.25,0,108.00000000000114,64.00000000000054
J002094,2023-02-03/SEBR,SEBR,AMR_07,G20_9,WS_25_20,"[""107129""]",1,17900.149999879766,18124.5999998765,18025.799999877938,17900.149999879766,17960.599999878887,17964.649999878828,18015.699999878085,18015.749999878084,18025.74999987794,18025.799999877938,18120.54999987656,18124.5999998765,18.100000000000122,126.14999999999498,17.20000000000011,0,62.74999999999857,0.25,0,48.000000000000185,84.0000000000004
J002095,2023-02-03/TSDA,TSDA,AMR_40,G2_13,WS_8_20,"[""110548""]",1,17911.4999998796,18266.449999874436,18230.599999874958,17911.4999998796,18156.09999987604,18160.149999875983,18220.499999875105,18220.549999875104,18230.54999987496,18230.599999874958,18262.399999874495,18266.449999874436,18.100000000000122,150.1499999999999,22.90000000000019,0,163.55000000000294,0.25,0,88.00000000000078,68.00000000000041
J002096,2023-02-03/VVSM,VVSM,AMR_22,G18_10,WS_2_20,"[""101328""]",1,17917.599999879512,18313.849999873746,18218.09999987514,17917.599999879512,17940.849999879174,17944.899999879115,18207.999999875286,18208.049999875286,18218.04999987514,18218.09999987514,18309.799999873805,18313.849999873746,18.100000000000122,124.34999999999508,13.350000000000055,0,240.20000000002037,0.25,0,14.0,116.00000000000148
J002097,2023-02-03/TPAN,TPAN,AMR_29,G3_15,WS_13_20,"[""110255""]",1,17917.599999879512,18145.549999876195,18099.449999876866,17917.599999879512,17935.349999879254,17939.399999879195,18089.349999877013,18089.399999877012,18099.399999876867,18099.449999876866,18141.499999876254,18145.549999876195,18.100000000000122,79.54999999999762,10.450000000000014,0,119.59999999999535,0.25,0,14.0,68.00000000000058
J002098,2023-02-03/TSDA,TSDA,AMR_14,G21_8,WS_8_20,"[""110535""]",1,17928.299999879357,18324.949999873585,18167.749999875872,17928.299999879357,17958.049999878924,17962.099999878865,18157.64999987602,18157.69999987602,18167.699999875873,18167.749999875872,18320.899999873644,18324.949999873585,18.100000000000122,177.65000000000614,23.950000000000205,0,176.70000000000593,0.25,0,14.0,171.99999999999775
J002099,2023-02-03/SEBR,SEBR,AMR_33,G18_12,WS_25_20,"[""110526""]",1,17930.69999987932,18063.799999877385,17983.04999987856,17930.69999987932,17930.69999987932,17934.749999879263,17972.949999878707,17972.999999878706,17982.99999987856,17983.04999987856,18059.749999877444,18063.799999877385,18.100000000000122,64.64999999999847,8.549999999999986,0,41.599999999999774,0.2,0,0.0,68.00000000000026
J002100,2023-02-03/TPAN,TPAN,AMR_17,G18_15,WS_13_20,"[""101296""]",1,17934.499999879266,18737.849999867576,18681.3499998684,17934.499999879266,18626.84999986919,18630.899999869132,18671.249999868545,18671.299999868545,18681.2999998684,18681.3499998684,18733.799999867635,18737.849999867576,18.100000000000122,405.10000000005783,57.54999999999887,0,322.350000000039,0.25,0,395.9999999999818,44.00000000000006
J002101,2023-02-03/TSDA,TSDA,AMR_24,G24_12,WS_8_20,"[""111285""]",1,17978.99999987862,18338.649999873385,18138.199999876302,17978.99999987862,18010.799999878156,18014.849999878097,18128.09999987645,18128.14999987645,18138.149999876303,18138.199999876302,18334.599999873444,18338.649999873385,18.100000000000122,161.10000000000238,21.950000000000177,0,158.25000000000173,0.25,0,34.0,140.00000000000077
J002102,2023-02-03/SEBR,SEBR,AMR_31,G21_13,WS_25_20,"[""107256"", ""110466"", ""110590""]",3,17984.44999987854,18109.999999876713,18067.149999877336,17984.44999987854,17984.44999987854,17988.49999987848,18057.049999877483,18057.099999877482,18067.099999877337,18067.149999877336,18105.94999987677,18109.999999876713,18.100000000000122,66.34999999999837,13.400000000000055,0,27.500000000000256,0.2,0,0.0,68.00000000000014
J002103,2023-02-03/VVSM,VVSM,AMR_05,G15_12,WS_2_20,"[""101097""]",1,17996.499999878364,18180.99999987568,18113.59999987666,17996.499999878364,17996.499999878364,18000.549999878305,18103.499999876807,18103.549999876806,18113.54999987666,18113.59999987666,18176.94999987574,18180.99999987568,18.100000000000122,93.24999999999685,9.5,0,63.44999999999853,0.2,0,0.0,96.00000000000114
J002104,2023-02-03/TPAN,TPAN,AMR_35,G21_12,WS_13_20,"[""101022""]",1,18002.799999878273,18209.24999987527,18142.949999876233,18002.799999878273,18056.44999987749,18060.499999877433,18132.84999987638,18132.89999987638,18142.899999876234,18142.949999876233,18205.199999875327,18209.24999987527,18.100000000000122,116.49999999999552,15.200000000000081,0,56.39999999999893,0.25,0,40.0,80.00000000000037
J002105,2023-02-03/SEBR,SEBR,AMR_26,G36_14,WS_25_20,"[""112302""]",1,18028.899999877893,18204.099999875343,18133.149999876376,18028.899999877893,18079.89999987715,18083.94999987709,18123.049999876523,18123.099999876522,18133.099999876376,18133.149999876376,18200.049999875402,18204.099999875343,18.100000000000122,116.59999999999552,15.300000000000082,0,24.95000000000022,0.25,0,56.00000000000013,84.00000000000004
J002106,2023-02-03/WKBS,WKBS,AMR_13,G15_10,WS_30_20,"[""112286""]",1,18039.649999877736,18375.149999872854,18135.299999876344,18039.649999877736,18039.649999877736,18043.699999877677,18125.19999987649,18125.24999987649,18135.249999876345,18135.299999876344,18371.099999872913,18375.149999872854,18.100000000000122,122.0999999999952,15.300000000000082,0,179.80000000000663,0.2,0,0.0,124.00000000000051
J002107,2023-02-03/SEBR,SEBR,AMR_38,G20_8,WS_25_20,"[""117030""]",1,18042.0999998777,18392.999999872594,18315.199999873726,18042.0999998777,18212.799999875217,18216.849999875158,18305.099999873873,18305.149999873873,18315.149999873727,18315.199999873726,18388.949999872653,18392.999999872594,18.100000000000122,159.05000000000192,30.7000000000003,0,142.79999999999822,0.25,0,62.000000000000256,96.0000000000004
J002108,2023-02-03/TPAN,TPAN,AMR_21,G18_9,WS_13_20,"[""117442""]",1,18054.349999877522,18506.949999870936,18316.39999987371,18054.349999877522,18228.44999987499,18232.49999987493,18306.299999873856,18306.349999873855,18316.34999987371,18316.39999987371,18502.899999870995,18506.949999870936,18.100000000000122,213.40000000001427,28.750000000000274,0,192.10000000000943,0.25,0,136.00000000000202,96.00000000000105
J002109,2023-02-03/SEBR,SEBR,AMR_23,G14_13,WS_25_20,"[""111295""]",1,18067.199999877335,18342.049999873336,18167.449999875877,18067.199999877335,18067.199999877335,18071.249999877276,18157.349999876024,18157.399999876023,18167.399999875877,18167.449999875877,18337.999999873395,18342.049999873336,18.100000000000122,97.34999999999661,13.350000000000055,0,145.84999999999891,0.2,0,0.0,92.00000000000009
J002110,2023-02-03/TPAN,TPAN,AMR_33,G15_8,WS_13_20,"[""107202""]",1,18069.499999877302,18512.79999987085,18433.549999872004,18069.499999877302,18158.24999987601,18162.29999987595,18423.44999987215,18423.49999987215,18433.499999872005,18433.549999872004,18508.74999987091,18512.79999987085,18.100000000000122,167.3000000000038,24.850000000000218,0,232.80000000001868,0.25,0,58.00000000000033,112.00000000000153
J002111,2023-02-03/VVSM,VVSM,AMR_16,G17_13,WS_2_20,"[""107159""]",1,18071.849999877268,18425.949999872115,18344.999999873293,18071.849999877268,18071.849999877268,18075.89999987721,18334.89999987344,18334.94999987344,18344.949999873294,18344.999999873293,18421.899999872174,18425.949999872115,18.100000000000122,95.49999999999672,11.450000000000028,0,228.8500000000178,0.2,0,0.0,100.00000000000097
J002112,2023-02-03/TSDA,TSDA,AMR_34,G26_15,WS_8_20,"[""110575""]",1,18073.69999987724,18268.9499998744,18183.849999875638,18073.69999987724,18101.89999987683,18105.94999987677,18173.749999875785,18173.799999875784,18183.79999987564,18183.849999875638,18264.89999987446,18268.9499998744,18.100000000000122,117.44999999999547,10.450000000000014,0,48.99999999999935,0.25,0,22.0,100.00000000000048
J002113,2023-02-03/SEBR,SEBR,AMR_36,G18_8,WS_25_20,"[""110270""]",1,18083.2499998771,18247.349999874714,18188.44999987557,18083.2499998771,18086.299999877057,18090.349999877,18178.349999875718,18178.399999875717,18188.39999987557,18188.44999987557,18243.299999874773,18247.349999874714,18.100000000000122,83.74999999999739,9.5,0,52.499999999999154,0.25,0,2.0,84.00000000000045
J002114,2023-02-03/VVSM,VVSM,AMR_04,G15_9,WS_2_20,"[""101105""]",1,18094.549999876937,18649.749999868858,18555.54999987023,18094.549999876937,18438.499999871932,18442.549999871873,18545.449999870376,18545.499999870375,18555.49999987023,18555.54999987023,18645.699999868917,18649.749999868858,18.100000000000122,200.40000000001132,40.29999999999985,0,296.15000000003306,0.25,0,74.00000000000045,128.00000000000222
J002115,2023-02-03/TPAN,TPAN,AMR_09,G20_12,WS_13_20,"[""107327""]",1,18099.499999876865,18438.399999871934,18399.4499998725,18099.499999876865,18317.0499998737,18321.09999987364,18389.349999872647,18389.399999872647,18399.3999998725,18399.4499998725,18434.349999871993,18438.399999871934,18.100000000000122,96.54999999999666,17.25000000000011,0,206.75000000001276,0.25,0,26.0,64.00000000000053
J002116,2023-02-03/TSDA,TSDA,AMR_32,G18_12,WS_8_20,"[""101305""]",1,18106.04999987677,18703.24999986808,18649.949999868855,18106.04999987677,18514.649999870824,18518.699999870765,18639.849999869002,18639.899999869,18649.899999868856,18649.949999868855,18699.19999986814,18703.24999986808,18.100000000000122,290.40000000003175,44.09999999999963,0,244.3500000000213,0.25,0,213.9999999999946,88.00000000000088
J002117,2023-02-03/VVSM,VVSM,AMR_08,G17_8,WS_2_20,"[""101043""]",1,18113.64999987666,18586.949999869772,18513.249999870844,18113.64999987666,18374.499999872864,18378.549999872805,18503.14999987099,18503.19999987099,18513.199999870845,18513.249999870844,18582.89999986983,18586.949999869772,18.100000000000122,175.60000000000568,26.900000000000247,0,252.45000000002315,0.25,0,64.00000000000045,112.0000000000021
J002118,2023-02-03/TSDA,TSDA,AMR_31,G26_13,WS_8_20,"[""104356""]",1,18122.299999876534,18278.64999987426,18214.449999875193,18122.299999876534,18152.89999987609,18156.94999987603,18204.34999987534,18204.39999987534,18214.399999875193,18214.449999875193,18274.599999874317,18278.64999987426,18.100000000000122,109.8499999999959,15.300000000000082,0,12.850000000000048,0.25,0,18.0,108.00000000000131
J002119,2023-02-03/SEBR,SEBR,AMR_07,G14_10,WS_25_20,"[""107291""]",1,18133.199999876375,18403.54999987244,18348.69999987324,18133.199999876375,18210.49999987525,18214.54999987519,18338.599999873386,18338.649999873385,18348.64999987324,18348.69999987324,18399.4999998725,18403.54999987244,18.100000000000122,164.90000000000325,22.000000000000178,0,65.09999999999845,0.25,0,62.000000000000554,128.00000000000117
J002120,2023-02-03/TSDA,TSDA,AMR_28,G36_15,WS_8_20,"[""118513""]",1,18138.2499998763,18622.19999986926,18427.399999872094,18138.2499998763,18273.84999987433,18277.89999987427,18417.29999987224,18417.34999987224,18427.349999872094,18427.399999872094,18618.149999869318,18622.19999986926,18.100000000000122,214.4000000000145,24.850000000000218,0,226.35000000001722,0.25,0,62.0,183.9999999999936
J002121,2023-02-03/TPAN,TPAN,AMR_39,G17_14,WS_13_20,"[""107232""]",1,18142.999999876232,18420.299999872197,18365.249999872998,18142.999999876232,18323.14999987361,18327.199999873552,18355.149999873145,18355.199999873144,18365.199999873,18365.249999872998,18416.249999872256,18420.299999872197,18.100000000000122,148.64999999999955,28.700000000000273,0,81.59999999999751,0.25,0,94.00000000000034,44.000000000000256
J002122,2023-02-03/WSBJ,WSBJ,AMR_29,G3_15,WS_30_20,"[""101024"", ""110222"", ""110305"", ""110561"", ""110615"", ""112231"", ""112392""]",7,18152.549999876093,18329.34999987352,18267.44999987442,18152.549999876093,18152.549999876093,18156.599999876034,18257.34999987457,18257.399999874568,18267.399999874422,18267.44999987442,18325.29999987358,18329.34999987352,18.100000000000122,118.5499999999954,8.549999999999986,0,31.40000000000031,0.2,0,0.0,136.00000000000034
J002123,2023-02-03/WSBJ,WSBJ,AMR_03,G30_9,WS_30_20,"[""110148"", ""110475"", ""110592"", ""123310"", ""125413"", ""136923""]",6,18153.899999876074,18331.049999873496,18287.749999874126,18153.899999876074,18229.349999874976,18233.399999874917,18277.649999874273,18277.699999874272,18287.699999874127,18287.749999874126,18326.999999873555,18331.049999873496,18.100000000000122,134.3999999999963,16.200000000000095,0,8.199999999999982,0.25,0,94.00000000000122,68.00000000000051
J002124,2023-02-03/WSBJ,WSBJ,AMR_37,G20_15,WS_30_20,"[""101075"", ""110502"", ""110603"", ""112010"", ""139323""]",5,18157.199999876026,18594.74999986966,18561.04999987015,18157.199999876026,18495.09999987111,18499.14999987105,18550.949999870296,18550.999999870295,18560.99999987015,18561.04999987015,18590.699999869717,18594.74999986966,18.100000000000122,207.800000000013,31.650000000000315,0,179.75000000000662,0.25,0,158.00000000000048,68.00000000000001
J002125,2023-02-03/WSBJ,WSBJ,AMR_02,G15_15,WS_30_20,"[""101290"", ""101329"", ""110604"", ""124211"", ""134029""]",5,18172.5999998758,18390.899999872625,18348.299999873245,18172.5999998758,18233.599999874914,18237.649999874855,18338.19999987339,18338.24999987339,18348.249999873246,18348.299999873245,18386.849999872684,18390.899999872625,18.100000000000122,116.9999999999955,15.300000000000082,0,67.6499999999983,0.25,0,34.0,88.00000000000004
J002126,2023-02-03/WSBJ,WSBJ,AMR_05,G23_14,WS_30_20,"[""101012"", ""110252"", ""110433"", ""111272""]",4,18181.04999987568,18494.94999987111,18456.649999871668,18181.04999987568,18365.599999872993,18369.649999872934,18446.549999871815,18446.599999871814,18456.59999987167,18456.649999871668,18490.89999987117,18494.94999987111,18.100000000000122,126.04999999999498,23.900000000000205,0,145.59999999999886,0.25,0,48.00000000000003,68.00000000000006
J002127,2023-02-03/VVSM,VVSM,AMR_20,G21_14,WS_2_20,"[""112279""]",1,18183.199999875647,18386.199999872693,18302.59999987391,18183.199999875647,18183.199999875647,18187.24999987559,18292.499999874057,18292.549999874056,18302.54999987391,18302.59999987391,18382.149999872752,18386.199999872693,18.100000000000122,102.49999999999632,9.55,0,72.64999999999802,0.2,0,0.0,112.00000000000145
J002128,2023-02-03/SEBR,SEBR,AMR_27,G12_10,WS_25_20,"[""112217""]",1,18183.59999987564,18524.64999987068,18424.749999872132,18183.59999987564,18252.249999874643,18256.299999874584,18414.64999987228,18414.69999987228,18424.699999872133,18424.749999872132,18520.599999870738,18524.64999987068,18.100000000000122,147.69999999999933,15.250000000000082,0,159.75000000000207,0.25,0,50.0000000000005,100.00000000000031
J002129,2023-02-03/TPAN,TPAN,AMR_15,G20_10,WS_13_20,"[""107444""]",1,18193.599999875496,18457.349999871658,18299.549999873954,18193.599999875496,18226.449999875018,18230.49999987496,18289.4499998741,18289.4999998741,18299.499999873955,18299.549999873954,18453.299999871717,18457.349999871658,18.100000000000122,96.49999999999666,16.250000000000096,0,132.6499999999959,0.25,0,20.0,76.00000000000031
J002130,2023-02-03/WSBJ,WSBJ,AMR_18,G5_10,WS_30_20,"[""109989"", ""110189"", ""111238"", ""112380""]",4,18195.39999987547,18434.799999871986,18331.34999987349,18195.39999987547,18220.8499998751,18224.89999987504,18321.24999987364,18321.299999873638,18331.299999873492,18331.34999987349,18430.749999872045,18434.799999871986,18.100000000000122,164.2500000000031,17.15000000000011,0,39.649999999999885,0.25,0,12.0,183.9999999999956
J002131,2023-02-03/SEBR,SEBR,AMR_26,G9_14,WS_25_20,"[""107377""]",1,18204.149999875342,18463.749999871565,18408.899999872363,18204.149999875342,18276.699999874287,18280.749999874228,18398.79999987251,18398.84999987251,18408.849999872364,18408.899999872363,18459.699999871624,18463.749999871565,18.100000000000122,144.24999999999855,15.300000000000082,0,81.6999999999975,0.25,0,70.00000000000048,96.00000000000048
J002132,2023-02-03/SEBR,SEBR,AMR_35,G9_13,WS_25_20,"[""117431""]",1,18209.299999875268,18574.14999986996,18456.649999871668,18209.299999875268,18301.699999873923,18305.749999873864,18446.549999871815,18446.599999871814,18456.59999987167,18456.649999871668,18570.099999870017,18574.14999986996,18.100000000000122,185.90000000000802,22.90000000000019,0,137.69999999999706,0.25,0,78.00000000000139,136.0000000000008
J002133,2023-02-03/VVSM,VVSM,AMR_01,G21_12,WS_2_20,"[""101022""]",1,18243.999999874763,18662.69999986867,18597.99999986961,18243.999999874763,18410.39999987234,18414.449999872282,18587.899999869758,18587.949999869757,18597.949999869612,18597.99999986961,18658.64999986873,18662.69999986867,18.100000000000122,177.70000000000616,20.10000000000015,0,202.5500000000118,0.25,0,60.00000000000027,120.0000000000017
J002134,2023-02-03/SEBR,SEBR,AMR_06,G8_15,WS_25_20,"[""101102""]",2,18247.249999874715,18704.299999868064,18518.649999870766,18247.249999874715,18325.34999987358,18329.39999987352,18508.549999870913,18508.599999870912,18518.599999870767,18518.649999870766,18700.249999868123,18704.299999868064,18.100000000000122,212.55000000001408,23.800000000000203,0,202.35000000001176,0.25,0,82.00000000000188,147.99999999999892
J002135,2023-02-03/WSBJ,WSBJ,AMR_10,G21_13,WS_30_20,"[""107256"", ""110216"", ""134683""]",3,18267.49999987442,18511.099999870876,18473.69999987142,18267.49999987442,18356.049999873132,18360.099999873073,18463.599999871567,18463.649999871566,18473.64999987142,18473.69999987142,18507.049999870935,18511.099999870876,18.100000000000122,109.9499999999959,19.150000000000137,0,96.14999999999668,0.25,0,28.0,88.00000000000057
J002136,2023-02-03/WSBJ,WSBJ,AMR_36,G18_13,WS_30_20,"[""107457"", ""110298"", ""131216""]",3,18287.799999874125,18411.04999987233,18369.89999987293,18287.799999874125,18306.499999873853,18310.549999873794,18359.799999873077,18359.849999873077,18369.84999987293,18369.89999987293,18406.99999987239,18411.04999987233,18.100000000000122,87.54999999999717,15.300000000000082,0,2.0500000000000007,0.25,0,14.0,84.00000000000023
J002137,2023-02-03/TPAN,TPAN,AMR_34,G23_13,WS_13_20,"[""138355""]",1,18299.599999873953,18435.449999871977,18382.39999987275,18299.599999873953,18323.09999987361,18327.149999873553,18372.299999872896,18372.349999872895,18382.34999987275,18382.39999987275,18431.399999872036,18435.449999871977,18.100000000000122,86.79999999999721,14.350000000000069,0,16.350000000000097,0.25,0,18.0,72.00000000000034
J002138,2023-02-03/VVSM,VVSM,AMR_31,G18_8,WS_2_20,"[""115120""]",1,18302.64999987391,18554.949999870238,18482.799999871288,18302.64999987391,18365.199999873,18369.24999987294,18472.699999871435,18472.749999871434,18482.74999987129,18482.799999871288,18550.899999870297,18554.949999870238,18.100000000000122,176.45000000000587,19.100000000000136,0,38.399999999999956,0.25,0,46.00000000000031,175.99999999999724
J002139,2023-02-03/SEBR,SEBR,AMR_19,G8_13,WS_25_20,"[""111390""]",1,18315.249999873726,18683.34999986837,18589.89999986973,18315.249999873726,18343.349999873317,18347.399999873258,18579.799999869876,18579.849999869875,18589.84999986973,18589.89999986973,18679.299999868428,18683.34999986837,18.100000000000122,136.79999999999686,19.100000000000136,0,193.85000000000983,0.25,0,19.999999999999986,116.0000000000006
J002140,2023-02-03/TPAN,TPAN,AMR_22,G18_10,WS_13_20,"[""107168""]",1,18316.44999987371,18528.399999870624,18416.499999872252,18316.44999987371,18316.44999987371,18320.49999987365,18406.3999998724,18406.4499998724,18416.449999872253,18416.499999872252,18524.349999870683,18528.399999870624,18.100000000000122,71.99999999999805,9.5,0,112.14999999999577,0.2,0,0.0,68.00000000000037
J002141,2023-02-03/VVSM,VVSM,AMR_11,G20_9,WS_2_20,"[""107129""]",1,18327.749999873544,18648.94999986887,18580.699999869863,18327.749999873544,18377.49999987282,18381.54999987276,18570.59999987001,18570.64999987001,18580.649999869864,18580.699999869863,18644.89999986893,18648.94999986887,18.100000000000122,141.04999999999782,16.200000000000095,0,145.59999999999886,0.25,0,22.0,120.0000000000017
J002142,2023-02-03/WSBJ,WSBJ,AMR_03,G26_15,WS_30_20,"[""110165"", ""110575""]",2,18331.39999987349,18465.39999987154,18439.499999871918,18331.39999987349,18376.09999987284,18380.14999987278,18429.399999872065,18429.449999872064,18439.44999987192,18439.499999871918,18461.3499998716,18465.39999987154,18.100000000000122,74.89999999999789,14.350000000000069,0,26.40000000000024,0.25,0,32.0,44.00000000000003
J002143,2023-02-03/VVSM,VVSM,AMR_23,G14_13,WS_2_20,"[""111295""]",1,18345.049999873292,18535.199999870525,18456.099999871676,18345.049999873292,18345.049999873292,18349.099999873233,18445.999999871823,18446.049999871822,18456.049999871677,18456.099999871676,18531.149999870584,18535.199999870525,18.100000000000122,74.89999999999789,9.55,0,87.39999999999718,0.2,0,0.0,80.00000000000077
J002144,2023-02-03/WSBJ,WSBJ,AMR_24,G30_13,WS_30_20,"[""111326"", ""112444""]",2,18348.349999873244,18447.249999871805,18416.149999872257,18348.349999873244,18373.549999872877,18377.59999987282,18406.049999872404,18406.099999872404,18416.09999987226,18416.149999872257,18443.199999871864,18447.249999871805,18.100000000000122,65.19999999999844,13.350000000000055,0,2.000000000000001,0.25,0,22.0,44.00000000000013
J002145,2023-02-03/SEBR,SEBR,AMR_14,G21_8,WS_25_20,"[""107314""]",1,18348.74999987324,18478.249999871354,18440.6999998719,18348.74999987324,18348.74999987324,18352.79999987318,18430.599999872047,18430.649999872046,18440.6499998719,18440.6999998719,18474.199999871413,18478.249999871354,18.100000000000122,76.3499999999978,13.400000000000055,0,21.45000000000017,0.2,0,0.0,80.00000000000071
J002146,2023-02-03/TPAN,TPAN,AMR_29,G24_13,WS_13_20,"[""110138""]",1,18365.299999872997,18947.499999864525,18793.24999986677,18365.299999872997,18688.399999868296,18692.449999868237,18783.149999866917,18783.199999866916,18793.19999986677,18793.24999986677,18943.449999864584,18947.499999864525,18.100000000000122,191.70000000000934,25.75000000000023,0,346.4000000000445,0.25,0,102.00000000000065,88.00000000000011
J002147,2023-02-03/WSBJ,WSBJ,AMR_40,G21_15,WS_30_20,"[""107412"", ""110254"", ""110274""]",3,18369.94999987293,18722.049999867806,18677.19999986846,18369.94999987293,18604.749999869513,18608.799999869454,18667.099999868606,18667.149999868605,18677.14999986846,18677.19999986846,18717.999999867865,18722.049999867806,18.100000000000122,113.4999999999957,16.250000000000096,0,204.00000000001214,0.25,0,54.0000000000002,64.00000000000003
J002148,2023-02-03/TPAN,TPAN,AMR_25,G21_9,WS_13_20,"[""107165""]",1,18382.449999872748,18639.949999869,18491.299999871164,18382.449999872748,18413.2499998723,18417.29999987224,18481.19999987131,18481.24999987131,18491.249999871165,18491.299999871164,18635.89999986906,18639.949999869,18.100000000000122,111.84999999999579,13.350000000000055,0,113.94999999999567,0.25,0,18.0,88.00000000000051
J002149,2023-02-03/TPAN,TPAN,AMR_20,G24_12,WS_13_20,"[""111285""]",1,18399.4999998725,18647.49999986889,18508.349999870916,18399.4999998725,18424.99999987213,18429.04999987207,18498.249999871063,18498.299999871062,18508.299999870917,18508.349999870916,18643.44999986895,18647.49999986889,18.100000000000122,111.44999999999581,14.300000000000068,0,103.89999999999624,0.25,0,14.0,88.00000000000028
J002150,2023-02-03/SEBR,SEBR,AMR_02,G6_15,WS_25_20,"[""107333""]",1,18408.949999872362,19046.999999863077,18996.59999986381,18408.949999872362,18770.149999867106,18774.199999867047,18986.499999863958,18986.549999863957,18996.54999986381,18996.59999986381,19042.949999863136,19046.999999863077,18.100000000000122,235.85000000001938,50.69999999999926,0,333.1500000000415,0.25,0,74.00000000000037,155.99999999999753
J002151,2023-02-03/WSBJ,WSBJ,AMR_13,G26_14,WS_30_20,"[""101147"", ""111363""]",3,18416.199999872257,18610.44999986943,18578.1999998699,18416.199999872257,18518.94999987076,18522.999999870703,18568.099999870046,18568.149999870046,18578.1499998699,18578.1999998699,18606.39999986949,18610.44999986943,18.100000000000122,119.64999999999534,18.100000000000122,0,38.14999999999997,0.25,0,78.00000000000094,56.000000000000114
J002152,2023-02-03/TPAN,TPAN,AMR_36,G18_13,WS_13_20,"[""110452""]",1,18416.54999987225,18573.499999869968,18474.099999871414,18416.54999987225,18416.54999987225,18420.599999872193,18463.99999987156,18464.04999987156,18474.049999871415,18474.099999871414,18569.449999870027,18573.499999869968,18.100000000000122,74.44999999999791,11.450000000000028,0,52.74999999999914,0.2,0,0.0,76.00000000000094
J002153,2023-02-03/SEBR,SEBR,AMR_39,G5_15,WS_25_20,"[""112445""]",1,18424.79999987213,18925.79999986484,18814.149999866466,18424.79999987213,18625.299999869214,18629.349999869155,18804.049999866613,18804.099999866612,18814.099999866467,18814.149999866466,18921.7499998649,18925.79999986484,18.100000000000122,220.5000000000159,23.850000000000204,0,238.30000000001993,0.25,0,126.00000000000276,108.00000000000058
J002154,2023-02-03/TPAN,TPAN,AMR_16,G17_13,WS_13_20,"[""110541""]",1,18433.599999872004,18621.099999869275,18537.49999987049,18433.599999872004,18433.599999872004,18437.649999871945,18527.39999987064,18527.449999870638,18537.449999870492,18537.49999987049,18617.049999869334,18621.099999869275,18.100000000000122,56.84999999999891,9.55,0,102.7999999999963,0.2,0,0.0,48.00000000000013
J002155,2023-02-03/WSBJ,WSBJ,AMR_09,G27_13,WS_30_20,"[""111223"", ""111247""]",2,18439.549999871917,18628.699999869164,18599.149999869594,18439.549999871917,18536.7999998705,18540.849999870443,18589.04999986974,18589.09999986974,18599.099999869595,18599.149999869594,18624.649999869223,18628.699999869164,18.100000000000122,103.74999999999625,22.95000000000019,0,44.09999999999963,0.25,0,52.00000000000013,48.00000000000013
J002156,2023-02-03/SEBR,SEBR,AMR_18,G2_14,WS_25_20,"[""111207""]",1,18440.7499998719,18696.149999868183,18629.399999869154,18440.7499998719,18466.89999987152,18470.94999987146,18619.2999998693,18619.3499998693,18629.349999869155,18629.399999869154,18692.099999868242,18696.149999868183,18.100000000000122,159.35000000000198,21.050000000000164,0,56.64999999999892,0.25,0,17.999999999999993,155.99999999999847
J002157,2023-02-03/VVSM,VVSM,AMR_34,G23_15,WS_2_20,"[""107328""]",1,18456.149999871675,18688.449999868295,18615.049999869363,18456.149999871675,18482.299999871295,18486.349999871236,18604.94999986951,18604.99999986951,18614.999999869364,18615.049999869363,18684.399999868354,18688.449999868295,18.100000000000122,112.34999999999576,10.500000000000014,0,91.09999999999697,0.25,0,8.0,108.00000000000102
J002158,2023-02-03/WSBJ,WSBJ,AMR_07,G24_14,WS_30_20,"[""107297"", ""110391""]",2,18456.699999871667,18648.399999868878,18616.149999869347,18456.699999871667,18544.249999870393,18548.299999870334,18606.049999869494,18606.099999869493,18616.099999869348,18616.149999869347,18644.349999868937,18648.399999868878,18.100000000000122,119.69999999999534,18.200000000000124,0,35.450000000000124,0.25,0,72.00000000000054,56.000000000000114
J002159,2023-02-03/SEBR,SEBR,AMR_12,G3_10,WS_25_20,"[""110574""]",2,18456.699999871667,18765.349999867176,18664.949999868637,18456.699999871667,18534.699999870532,18538.749999870473,18654.849999868784,18654.899999868783,18664.899999868638,18664.949999868637,18761.299999867235,18765.349999867176,18.100000000000122,229.50000000001793,22.95000000000019,0,37.84999999999999,0.25,0,62.00000000000075,219.99999999998965
J002160,2023-02-03/WSBJ,WSBJ,AMR_03,G26_12,WS_30_20,"[""111241"", ""112377""]",2,18473.74999987142,18588.49999986975,18542.29999987042,18473.74999987142,18488.7499998712,18492.799999871142,18532.19999987057,18532.249999870568,18542.249999870422,18542.29999987042,18584.44999986981,18588.49999986975,18.100000000000122,70.24999999999815,12.35000000000004,0,13.800000000000061,0.25,0,10.0,64.0000000000003
J002161,2023-02-03/TPAN,TPAN,AMR_38,G20_8,WS_13_20,"[""118532""]",1,18474.149999871413,18695.64999986819,18560.099999870163,18474.149999871413,18474.149999871413,18478.199999871355,18549.99999987031,18550.04999987031,18560.049999870163,18560.099999870163,18691.59999986825,18695.64999986819,18.100000000000122,83.3999999999974,11.450000000000028,0,108.34999999999599,0.2,0,0.0,80.00000000000054
J002162,2023-02-03/VVSM,VVSM,AMR_15,G20_6,WS_2_20,"[""110252""]",1,18482.849999871287,18701.349999868107,18632.099999869115,18482.849999871287,18513.949999870834,18517.999999870775,18621.999999869262,18622.04999986926,18632.049999869116,18632.099999869115,18697.299999868166,18701.349999868107,18.100000000000122,146.29999999999902,14.350000000000069,0,39.49999999999989,0.25,0,16.0,167.9999999999982
J002163,2023-02-03/TPAN,TPAN,AMR_14,G23_10,WS_13_20,"[""101154""]",1,18491.349999871163,18688.599999868293,18624.549999869225,18491.349999871163,18505.94999987095,18509.99999987089,18614.449999869372,18614.49999986937,18624.499999869226,18624.549999869225,18684.54999986835,18688.599999868293,18.100000000000122,94.29999999999679,14.300000000000068,0,70.29999999999815,0.25,0,8.0,84.00000000000051
J002164,2023-02-03/TPAN,TPAN,AMR_05,G26_13,WS_13_20,"[""140089""]",1,18508.399999870915,18767.949999867138,18641.44999986898,18508.399999870915,18536.099999870512,18540.149999870453,18631.349999869126,18631.399999869125,18641.39999986898,18641.44999986898,18763.899999867197,18767.949999867138,18.100000000000122,112.44999999999575,15.300000000000082,0,113.4499999999957,0.25,0,20.0,84.00000000000026
J002165,2023-02-03/VVSM,VVSM,AMR_21,G18_9,WS_2_20,"[""112275""]",1,18513.299999870844,18717.64999986787,18653.549999868803,18513.299999870844,18513.299999870844,18517.349999870785,18643.44999986895,18643.49999986895,18653.499999868804,18653.549999868803,18713.59999986793,18717.64999986787,18.100000000000122,105.49999999999615,9.55,0,70.99999999999811,0.2,0,0.0,120.0000000000023
J002166,2023-02-03/TPAN,TPAN,AMR_24,G27_15,WS_13_20,"[""110479""]",1,18537.54999987049,18807.04999986657,18658.49999986873,18537.54999987049,18563.69999987011,18567.74999987005,18648.399999868878,18648.449999868877,18658.44999986873,18658.49999986873,18802.999999866628,18807.04999986657,18.100000000000122,103.54999999999626,12.400000000000041,0,135.1999999999965,0.25,0,18.0,80.00000000000014
J002167,2023-02-03/WSBJ,WSBJ,AMR_23,G14_13,WS_30_20,"[""111295"", ""112208"", ""126308""]",3,18542.34999987042,18779.299999866973,18711.299999867962,18542.34999987042,18542.34999987042,18546.399999870362,18701.19999986811,18701.24999986811,18711.249999867963,18711.299999867962,18775.249999867032,18779.299999866973,18.100000000000122,105.74999999999613,11.450000000000028,0,101.44999999999638,0.2,0,0.0,108.00000000000028
J002168,2023-02-03/VVSM,VVSM,AMR_10,G23_9,WS_2_20,"[""107251""]",1,18555.59999987023,18972.899999864156,18815.79999986644,18555.59999987023,18572.949999869976,18576.999999869917,18805.69999986659,18805.749999866588,18815.749999866443,18815.79999986644,18968.849999864215,18972.899999864156,18.100000000000122,145.94999999999894,17.20000000000011,0,235.80000000001937,0.25,0,12.0,132.0000000000011
J002169,2023-02-03/TPAN,TPAN,AMR_22,G27_14,WS_13_20,"[""101109""]",1,18560.149999870162,18829.64999986624,18698.649999868147,18560.149999870162,18612.3999998694,18616.449999869343,18688.549999868294,18688.599999868293,18698.599999868147,18698.649999868147,18825.5999998663,18829.64999986624,18.100000000000122,136.9999999999969,18.150000000000123,0,95.99999999999669,0.25,0,30.0,112.00000000000054
J002170,2023-02-03/WSBJ,WSBJ,AMR_31,G21_14,WS_30_20,"[""110283"", ""112334""]",2,18561.099999870148,18921.949999864897,18828.849999866252,18561.099999870148,18715.199999867906,18719.249999867847,18818.7499998664,18818.799999866398,18828.799999866253,18828.849999866252,18917.899999864956,18921.949999864897,18.100000000000122,176.95000000000599,30.750000000000302,0,134.7999999999964,0.25,0,98.00000000000131,84.00000000000011
J002171,2023-02-03/WSBJ,WSBJ,AMR_36,G20_14,WS_30_20,"[""112284"", ""112287""]",2,18578.2499998699,18757.44999986729,18694.24999986821,18578.2499998699,18591.29999986971,18595.34999986965,18684.149999868358,18684.199999868357,18694.19999986821,18694.24999986821,18753.39999986735,18757.44999986729,18.100000000000122,88.8499999999971,13.400000000000055,0,58.59999999999881,0.25,0,6.0,80.00000000000009
J002172,2023-02-03/VVSM,VVSM,AMR_30,G26_15,WS_2_20,"[""110575""]",1,18580.749999869862,18832.3499998662,18730.399999867685,18580.749999869862,18633.69999986909,18637.749999869033,18720.29999986783,18720.34999986783,18730.349999867685,18730.399999867685,18828.29999986626,18832.3499998662,18.100000000000122,159.400000000002,19.150000000000137,0,54.69999999999903,0.25,0,42.00000000000023,140.00000000000145
J002173,2023-02-03/VVSM,VVSM,AMR_03,G27_12,WS_2_20,"[""138368""]",1,18598.04999986961,18845.649999866007,18756.8999998673,18598.04999986961,18601.099999869566,18605.149999869507,18746.799999867446,18746.849999867445,18756.8499998673,18756.8999998673,18841.599999866066,18845.649999866007,18.100000000000122,147.5499999999993,8.549999999999986,0,73.14999999999799,0.25,0,2.0,175.99999999999687
J002174,2023-02-03/WSBJ,WSBJ,AMR_37,G20_13,WS_30_20,"[""101015"", ""107263""]",2,18599.199999869594,18781.099999866947,18728.349999867714,18599.199999869594,18630.899999869132,18634.949999869074,18718.24999986786,18718.29999986786,18728.299999867715,18728.349999867714,18777.049999867006,18781.099999866947,18.100000000000122,94.79999999999676,14.300000000000068,0,54.449999999999044,0.25,0,8.0,92.00000000000057
J002175,2023-02-03/VVSM,VVSM,AMR_13,G26_14,WS_2_20,"[""101147""]",1,18615.099999869362,18921.199999864908,18832.849999866194,18615.099999869362,18615.099999869362,18619.149999869303,18822.74999986634,18822.79999986634,18832.799999866194,18832.849999866194,18917.149999864967,18921.199999864908,18.100000000000122,158.25000000000173,15.300000000000082,0,114.24999999999565,0.2,0,0.0,183.99999999999503
J002176,2023-02-03/WSBJ,WSBJ,AMR_08,G15_14,WS_30_20,"[""110191"", ""110316""]",2,18616.199999869346,18986.39999986396,18745.399999867466,18616.199999869346,18636.099999869057,18640.149999868998,18735.299999867613,18735.349999867612,18745.349999867467,18745.399999867466,18982.349999864018,18986.39999986396,18.100000000000122,172.00000000000486,24.90000000000022,0,154.95000000000098,0.25,0,16.0,159.9999999999979
J002177,2023-02-03/TPAN,TPAN,AMR_33,G17_8,WS_13_20,"[""111244""]",1,18624.599999869224,18808.099999866554,18728.899999867706,18624.599999869224,18631.349999869126,18635.399999869067,18718.799999867853,18718.849999867853,18728.849999867707,18728.899999867706,18804.049999866613,18808.099999866554,18.100000000000122,75.79999999999784,13.400000000000055,0,75.94999999999783,0.25,0,4.0,68.00000000000051
J002178,2023-02-03/VVSM,VVSM,AMR_09,G27_13,WS_2_20,"[""110374""]",1,18632.149999869114,18885.799999865423,18798.84999986669,18632.149999869114,18632.149999869114,18636.199999869055,18788.749999866835,18788.799999866835,18798.79999986669,18798.84999986669,18881.749999865482,18885.799999865423,18.100000000000122,135.44999999999655,11.450000000000028,0,88.44999999999712,0.2,0,0.0,152.0000000000006
J002179,2023-02-03/TPAN,TPAN,AMR_25,G26_10,WS_13_20,"[""111274""]",1,18641.49999986898,18871.299999865634,18776.299999867017,18641.49999986898,18678.299999868443,18682.349999868384,18766.199999867164,18766.249999867163,18776.249999867017,18776.299999867017,18867.249999865693,18871.299999865634,18.100000000000122,119.09999999999538,18.100000000000122,0,74.24999999999793,0.25,0,16.0,100.00000000000057
J002180,2023-02-03/SEBR,SEBR,AMR_04,G15_9,WS_25_20,"[""127717""]",1,18649.799999868857,18891.249999865344,18797.899999866702,18649.799999868857,18649.799999868857,18653.8499998688,18787.79999986685,18787.84999986685,18797.849999866703,18797.899999866702,18887.199999865403,18891.249999865344,18.100000000000122,122.34999999999519,19.150000000000137,0,81.6499999999975,0.2,0,0.0,128.00000000000088
J002181,2023-02-03/WKLP,WKLP,AMR_11,G18_14,WS_8_20,"[""110189"", ""110380"", ""110504""]",5,18649.999999868855,18930.79999986477,18790.49999986681,18649.999999868855,18668.94999986858,18672.99999986852,18780.399999866957,18780.449999866956,18790.44999986681,18790.49999986681,18926.749999864827,18930.79999986477,18.100000000000122,129.9499999999953,21.050000000000164,0,111.44999999999581,0.25,0,14.0,120.00000000000162
J002182,2023-02-03/WKLP,WKLP,AMR_26,G2_15,WS_8_20,"[""101192"", ""107301""]",2,18649.999999868855,18786.749999866865,18758.599999867274,18649.999999868855,18696.44999986818,18700.49999986812,18748.49999986742,18748.54999986742,18758.549999867275,18758.599999867274,18782.699999866923,18786.749999866865,18.100000000000122,83.3999999999974,14.350000000000069,0,20.65000000000016,0.25,0,36.00000000000004,52.000000000000185
J002183,2023-02-03/WKLP,WKLP,AMR_16,G15_15,WS_8_20,"[""111376"", ""124702""]",2,18649.999999868855,18791.1999998668,18726.64999986774,18649.999999868855,18664.899999868638,18668.94999986858,18716.549999867886,18716.599999867885,18726.59999986774,18726.64999986774,18787.14999986686,18791.1999998668,18.100000000000122,64.49999999999848,10.500000000000014,0,47.84999999999942,0.25,0,8.0,56.00000000000051
J002184,2023-02-03/WKLP,WKLP,AMR_27,G17_6,WS_8_20,"[""123310"", ""134027""]",2,18649.999999868855,18901.84999986519,18806.449999866578,18649.999999868855,18701.649999868103,18705.699999868044,18796.349999866725,18796.399999866724,18806.39999986658,18806.449999866578,18897.79999986525,18901.84999986519,18.100000000000122,147.0499999999992,19.100000000000136,0,67.34999999999832,0.25,0,46.000000000000256,112.00000000000125
J002185,2023-02-03/WKLP,WKLP,AMR_35,G3_15,WS_8_20,"[""110615""]",1,18649.999999868855,18773.89999986705,18742.649999867506,18649.999999868855,18683.449999868368,18687.49999986831,18732.549999867653,18732.599999867653,18742.599999867507,18742.649999867506,18769.84999986711,18773.89999986705,18.100000000000122,75.14999999999787,12.400000000000041,0,18.00000000000012,0.25,0,28.000000000000025,48.000000000000114
J002186,2023-02-03/WKLP,WKLP,AMR_07,G14_15,WS_8_20,"[""125413""]",2,18649.999999868855,18874.549999865587,18774.549999867042,18649.999999868855,18724.049999867777,18728.099999867718,18764.44999986719,18764.49999986719,18774.499999867043,18774.549999867042,18870.499999865646,18874.549999865587,18.100000000000122,89.04999999999708,12.450000000000042,0,104.6999999999962,0.25,0,34.00000000000003,52.0000000000002
J002187,2023-02-03/VVSM,VVSM,AMR_20,G27_10,WS_2_20,"[""101179""]",1,18653.599999868802,19020.149999863468,18952.199999864457,18653.599999868802,18675.349999868486,18679.399999868427,18942.099999864604,18942.149999864603,18952.149999864458,18952.199999864457,19016.099999863527,19020.149999863468,18.100000000000122,171.45000000000474,21.000000000000163,0,155.75000000000117,0.25,0,10.0,167.99999999999727
J002188,2023-02-03/TPAN,TPAN,AMR_28,G29_15,WS_13_20,"[""110509""]",1,18658.54999986873,18974.299999864135,18810.299999866522,18658.54999986873,18705.049999868053,18709.099999867994,18800.19999986667,18800.249999866668,18810.249999866523,18810.299999866522,18970.249999864194,18974.299999864135,18.100000000000122,136.89999999999688,17.15000000000011,0,143.34999999999835,0.25,0,26.0,112.00000000000065
J002189,2023-02-03/WSBJ,WSBJ,AMR_01,G17_13,WS_30_20,"[""110163"", ""122632"", ""123788""]",3,18677.249999868458,18994.59999986384,18918.549999864947,18677.249999868458,18753.749999867345,18757.799999867286,18908.449999865094,18908.499999865093,18918.499999864947,18918.549999864947,18990.5499998639,18994.59999986384,18.100000000000122,134.09999999999624,24.000000000000206,0,140.8999999999978,0.25,0,34.0,108.00000000000045
J002190,2023-02-03/TPAN,TPAN,AMR_19,G29_13,WS_13_20,"[""135012""]",1,18683.39999986837,18964.499999864278,18844.399999866026,18683.39999986837,18745.549999867464,18749.599999867405,18834.299999866173,18834.349999866172,18844.349999866026,18844.399999866026,18960.449999864337,18964.499999864278,18.100000000000122,141.849999999998,15.300000000000082,0,105.59999999999614,0.25,0,54.00000000000004,96.00000000000023
J002191,2023-02-03/WSBJ,WSBJ,AMR_34,G23_15,WS_30_20,"[""124210"", ""134027""]",2,18694.29999986821,18803.249999866624,18762.449999867218,18694.29999986821,18694.29999986821,18698.34999986815,18752.349999867365,18752.399999867364,18762.39999986722,18762.449999867218,18799.199999866683,18803.249999866624,18.100000000000122,53.349999999999106,7.649999999999981,0,29.650000000000286,0.2,0,0.0,56.00000000000003
J002192,2023-02-03/TPAN,TPAN,AMR_14,G29_12,WS_13_20,"[""110562""]",1,18698.699999868146,18959.049999864357,18827.349999866274,18698.699999868146,18720.049999867835,18724.099999867776,18817.24999986642,18817.29999986642,18827.299999866274,18827.349999866274,18954.999999864416,18959.049999864357,18.100000000000122,116.34999999999553,12.35000000000004,0,113.2999999999957,0.25,0,16.0,100.00000000000043
J002193,2023-02-03/WSBJ,WSBJ,AMR_32,G24_12,WS_30_20,"[""107366"", ""134028""]",2,18711.34999986796,18970.59999986419,18935.699999864697,18711.34999986796,18858.299999865823,18862.349999865764,18925.599999864844,18925.649999864843,18935.649999864698,18935.699999864697,18966.549999864248,18970.59999986419,18.100000000000122,144.34999999999857,20.00000000000015,0,76.5499999999978,0.25,0,96.00000000000179,64.0000000000003
J002194,2023-02-03/SEBR,SEBR,AMR_21,G18_9,WS_25_20,"[""112275""]",1,18717.69999986787,18933.099999864735,18835.14999986616,18717.69999986787,18717.69999986787,18721.74999986781,18825.049999866307,18825.099999866306,18835.09999986616,18835.14999986616,18929.049999864794,18933.099999864735,18.100000000000122,82.59999999999745,11.450000000000028,0,103.04999999999629,0.2,0,0.0,80.00000000000037
J002195,2023-02-03/WKLP,WKLP,AMR_40,G21_12,WS_8_20,"[""101022"", ""111246""]",2,18726.69999986774,18995.449999863828,18920.799999864914,18726.69999986774,18798.349999866696,18802.399999866637,18910.69999986506,18910.74999986506,18920.749999864915,18920.799999864914,18991.399999863886,18995.449999863828,18.100000000000122,114.24999999999565,15.250000000000082,0,120.89999999999527,0.25,0,18.0,100.00000000000105
J002196,2023-02-03/WSBJ,WSBJ,AMR_06,G15_13,WS_30_20,"[""107272"", ""107293""]",2,18728.399999867714,19013.349999863567,18952.74999986445,18728.399999867714,18764.599999867187,18768.649999867128,18942.649999864596,18942.699999864595,18952.69999986445,18952.74999986445,19009.299999863626,19013.349999863567,18.100000000000122,134.14999999999625,18.150000000000123,0,114.29999999999565,0.25,0,34.0,120.00000000000048
J002197,2023-02-03/TPAN,TPAN,AMR_38,G30_14,WS_13_20,"[""101021""]",1,18728.949999867706,18999.49999986377,18930.499999864773,18728.949999867706,18792.299999866784,18796.349999866725,18920.39999986492,18920.44999986492,18930.449999864773,18930.499999864773,18995.449999863828,18999.49999986377,18.100000000000122,155.050000000001,19.100000000000136,0,78.04999999999771,0.25,0,60.00000000000051,108.00000000000026
J002198,2023-02-03/VVSM,VVSM,AMR_15,G30_13,WS_2_20,"[""112404""]",1,18730.449999867684,19043.049999863135,18935.099999864706,18730.449999867684,18784.1999998669,18788.249999866843,18924.999999864853,18925.049999864852,18935.049999864706,18935.099999864706,19038.999999863194,19043.049999863135,18.100000000000122,191.25000000000924,15.300000000000082,0,87.69999999999716,0.25,0,42.00000000000004,191.99999999999474
J002199,2023-02-03/WKLP,WKLP,AMR_17,G18_15,WS_8_20,"[""101095"", ""123272""]",3,18742.699999867506,19055.04999986296,19016.449999863522,18742.699999867506,18742.699999867506,18746.749999867447,19006.34999986367,19006.39999986367,19016.399999863523,19016.449999863522,19050.99999986302,19055.04999986296,18.100000000000122,124.44999999999507,15.350000000000083,0,154.25000000000082,0.2,0,0.0,148.0000000000001
J002200,2023-02-03/WSBJ,WSBJ,AMR_18,G15_12,WS_30_20,"[""101097"", ""110468""]",3,18745.449999867466,18964.699999864275,18871.59999986563,18745.449999867466,18782.599999866925,18786.649999866866,18861.499999865777,18861.549999865776,18871.54999986563,18871.59999986563,18960.649999864334,18964.699999864275,18.100000000000122,129.44999999999519,15.300000000000082,0,56.14999999999895,0.25,0,38.00000000000007,112.00000000000057
J002201,2023-02-03/VVSM,VVSM,AMR_36,G20_8,WS_2_20,"[""110537""]",1,18757.49999986729,18974.449999864133,18867.049999865696,18757.49999986729,18777.449999867,18781.49999986694,18856.949999865843,18856.999999865842,18866.999999865697,18867.049999865696,18970.399999864192,18974.449999864133,18.100000000000122,141.3999999999979,13.400000000000055,0,43.79999999999965,0.25,0,16.0,156.00000000000202
J002202,2023-02-03/WKLP,WKLP,AMR_12,G9_13,WS_8_20,"[""107162""]",1,18765.399999867175,18877.299999865547,18839.549999866096,18765.399999867175,18790.849999866805,18794.899999866746,18829.449999866243,18829.499999866242,18839.499999866097,18839.549999866096,18873.249999865606,18877.299999865547,18.100000000000122,68.89999999999823,11.450000000000028,0,13.200000000000053,0.25,0,22.0,48.0000000000002
J002203,2023-02-03/WSBJ,WSBJ,AMR_05,G15_10,WS_30_20,"[""109969"", ""112286""]",2,18767.999999867137,19181.49999986112,19116.099999862072,18767.999999867137,19020.09999986347,19024.14999986341,19105.99999986222,19106.049999862218,19116.049999862073,19116.099999862072,19177.44999986118,19181.49999986112,18.100000000000122,210.95000000001372,30.6500000000003,0,153.55000000000067,0.25,0,116.00000000000193,108.00000000000074
J002204,2023-02-03/WKLP,WKLP,AMR_35,G17_15,WS_8_20,"[""111249""]",1,18774.59999986704,19005.099999863687,18957.049999864386,18774.59999986704,18902.999999865173,18907.049999865114,18946.949999864533,18946.999999864533,18956.999999864387,18957.049999864386,19001.049999863746,19005.099999863687,18.100000000000122,103.64999999999625,15.300000000000082,0,93.19999999999685,0.25,0,44.0000000000002,64.00000000000082
J002205,2023-02-03/TPAN,TPAN,AMR_23,G3_10,WS_13_20,"[""130718""]",1,18779.349999866972,19001.199999863744,18901.399999865196,18779.349999866972,18812.54999986649,18816.59999986643,18891.299999865343,18891.349999865342,18901.349999865197,18901.399999865196,18997.149999863803,19001.199999863744,18.100000000000122,124.14999999999509,20.05000000000015,0,59.29999999999877,0.25,0,28.000000000000025,104.00000000000136
J002206,2023-02-03/WKLP,WKLP,AMR_37,G20_13,WS_8_20,"[""110501"", ""110513"", ""111999""]",3,18790.54999986681,18946.249999864543,18894.049999865303,18790.54999986681,18790.54999986681,18794.59999986675,18883.94999986545,18883.99999986545,18893.999999865304,18894.049999865303,18942.199999864602,18946.249999864543,18.100000000000122,82.19999999999747,9.55,0,45.649999999999544,0.2,0,0.0,84.00000000000088
J002207,2023-02-03/TPAN,TPAN,AMR_16,G32_15,WS_13_20,"[""101084""]",1,18793.29999986677,19099.249999862317,19047.249999863074,18793.29999986677,18976.999999864096,18981.049999864037,19037.14999986322,19037.19999986322,19047.199999863074,19047.249999863074,19095.199999862376,19099.249999862317,18.100000000000122,146.04999999999896,17.20000000000011,0,124.34999999999508,0.25,0,66.00000000000037,100.00000000000031
J002208,2023-02-03/VVSM,VVSM,AMR_26,G26_13,WS_2_20,"[""112333""]",1,18798.899999866688,19098.94999986232,19012.799999863575,18798.899999866688,18885.94999986542,18889.999999865362,19002.699999863722,19002.74999986372,19012.749999863576,19012.799999863575,19094.89999986238,19098.94999986232,18.100000000000122,190.45000000000906,16.250000000000096,0,74.99999999999788,0.25,0,64.00000000000023,167.99999999999804
J002209,2023-02-03/WKLP,WKLP,AMR_34,G5_10,WS_8_20,"[""110362""]",1,18806.499999866577,19031.299999863306,18989.04999986392,18806.499999866577,18911.249999865053,18915.299999864994,18978.949999864068,18978.999999864067,18988.99999986392,18989.04999986392,19027.249999863365,19031.299999863306,18.100000000000122,150.90000000000006,19.100000000000136,0,36.45000000000007,0.25,0,98.00000000000227,68.00000000000026
J002210,2023-02-03/VVSM,VVSM,AMR_24,G30_12,WS_2_20,"[""111371""]",1,18815.84999986644,19066.249999862797,18986.29999986396,18815.84999986644,18842.249999866057,18846.299999865998,18976.199999864108,18976.249999864107,18986.24999986396,18986.29999986396,19062.199999862856,19066.249999862797,18.100000000000122,151.0500000000001,13.350000000000055,0,67.6499999999983,0.25,0,20.0,155.99999999999864
J002211,2023-02-03/WSBJ,WSBJ,AMR_33,G9_14,WS_30_20,"[""110296"", ""124899""]",2,18828.89999986625,19070.549999862735,19017.8499998635,18828.89999986625,18881.399999865487,18885.44999986543,19007.74999986365,19007.799999863648,19017.799999863502,19017.8499998635,19066.499999862794,19070.549999862735,18.100000000000122,149.49999999999974,19.100000000000136,0,54.69999999999903,0.25,0,48.00000000000027,120.00000000000043
J002212,2023-02-03/VVSM,VVSM,AMR_22,G27_14,WS_2_20,"[""125463""]",1,18832.899999866193,19053.64999986298,18969.24999986421,18832.899999866193,18832.899999866193,18836.949999866134,18959.149999864356,18959.199999864355,18969.19999986421,18969.24999986421,19049.59999986304,19053.64999986298,18.100000000000122,119.94999999999533,9.55,0,72.949999999998,0.2,0,0.0,136.00000000000168
J002213,2023-02-03/WKLP,WKLP,AMR_30,G17_12,WS_8_20,"[""101297""]",1,18839.599999866095,19124.34999986195,19080.349999862592,18839.599999866095,18972.399999864163,18976.449999864104,19070.24999986274,19070.29999986274,19080.299999862593,19080.349999862592,19120.29999986201,19124.34999986195,18.100000000000122,131.94999999999575,21.050000000000164,0,113.3999999999957,0.25,0,64.0000000000005,76.00000000000102
J002214,2023-02-03/WSBJ,WSBJ,AMR_25,G8_15,WS_30_20,"[""101244"", ""131589""]",2,18871.64999986563,19214.849999860635,19133.149999861824,18871.64999986563,19001.199999863744,19005.249999863685,19123.04999986197,19123.09999986197,19133.099999861824,19133.149999861824,19210.799999860694,19214.849999860635,18.100000000000122,182.05000000000715,17.15000000000011,0,125.649999999995,0.25,0,78.0000000000007,116.00000000000018
J002215,2023-02-03/WKLP,WKLP,AMR_12,G11_6,WS_8_20,"[""123034""]",1,18894.099999865302,19022.79999986343,18973.099999864153,18894.099999865302,18920.199999864923,18924.249999864864,18962.9999998643,18963.0499998643,18973.049999864154,18973.099999864153,19018.74999986349,19022.79999986343,18.100000000000122,84.69999999999733,13.400000000000055,0,12.250000000000039,0.25,0,18.0,76.00000000000077
J002216,2023-02-03/WSBJ,WSBJ,AMR_07,G14_15,WS_30_20,"[""110262"", ""110417""]",2,18918.599999864946,19053.79999986298,18998.349999863785,18918.599999864946,18918.599999864946,18922.649999864887,18988.249999863932,18988.29999986393,18998.299999863786,18998.349999863785,19049.749999863037,19053.79999986298,18.100000000000122,80.64999999999756,9.55,0,26.700000000000244,0.2,0,0.0,92.0000000000001
J002217,2023-02-03/WKLP,WKLP,AMR_03,G21_13,WS_8_20,"[""110520""]",1,18920.849999864913,19093.949999862394,19032.49999986329,18920.849999864913,18944.49999986457,18948.54999986451,19022.399999863435,19022.449999863435,19032.44999986329,19032.49999986329,19089.899999862453,19093.949999862394,18.100000000000122,104.79999999999619,14.350000000000069,0,35.600000000000115,0.25,0,18.0,96.00000000000082
J002218,2023-02-03/WSBJ,WSBJ,AMR_39,G11_7,WS_30_20,"[""110432"", ""111208""]",3,18935.749999864696,19173.049999861243,19081.999999862568,18935.749999864696,18970.54999986419,18974.59999986413,19071.899999862715,19071.949999862714,19081.94999986257,19081.999999862568,19168.999999861302,19173.049999861243,18.100000000000122,173.85000000000528,18.100000000000122,0,27.00000000000025,0.25,0,32.00000000000003,179.99999999999488
J002219,2023-02-03/WSBJ,WSBJ,AMR_04,G2_8,WS_30_20,"[""110437"", ""111207""]",2,18952.79999986445,19406.399999857847,19204.649999860783,18952.79999986445,19092.19999986242,19096.24999986236,19194.54999986093,19194.59999986093,19204.599999860784,19204.649999860783,19402.349999857906,19406.399999857847,18.100000000000122,273.950000000028,36.40000000000007,0,124.89999999999505,0.25,0,104.00000000000212,219.9999999999938
J002220,2023-02-03/WKLP,WKLP,AMR_11,G5_15,WS_8_20,"[""110533""]",1,18957.099999864386,19136.14999986178,19112.249999862128,18957.099999864386,19044.499999863114,19048.549999863055,19102.149999862275,19102.199999862274,19112.19999986213,19112.249999862128,19132.09999986184,19136.14999986178,18.100000000000122,116.39999999999553,14.350000000000069,0,29.95000000000029,0.25,0,96.00000000000222,40.0
J002221,2023-02-03/VVSM,VVSM,AMR_14,G29_12,WS_2_20,"[""134500""]",1,18959.099999864357,19121.399999861995,19042.449999863144,18959.099999864357,18959.099999864357,18963.149999864298,19032.34999986329,19032.39999986329,19042.399999863144,19042.449999863144,19117.349999862054,19121.399999861995,18.100000000000122,119.14999999999537,9.55,0,15.300000000000082,0.2,0,0.0,148.00000000000037
J002222,2023-02-03/WKLP,WKLP,AMR_18,G15_12,WS_8_20,"[""101097""]",1,18973.149999864152,19106.899999862206,19048.449999863056,18973.149999864152,18973.149999864152,18977.199999864093,19038.349999863203,19038.399999863203,19048.399999863057,19048.449999863056,19102.849999862265,19106.899999862206,18.100000000000122,75.39999999999786,10.450000000000014,0,29.600000000000286,0.2,0,0.0,76.00000000000085
J002223,2023-02-03/WKLP,WKLP,AMR_08,G15_14,WS_8_20,"[""101155""]",2,18989.09999986392,19107.94999986219,19064.399999862824,18989.09999986392,18989.09999986392,18993.14999986386,19054.29999986297,19054.34999986297,19064.349999862825,19064.399999862824,19103.89999986225,19107.94999986219,18.100000000000122,65.64999999999841,9.55,0,25.350000000000225,0.2,0,0.0,68.00000000000065
J002224,2023-02-03/TMCO,TMCO,AMR_32,G24_12,WS_25_20,"[""112307""]",1,18996.64999986381,19075.399999862664,19042.149999863148,18996.64999986381,18996.64999986381,19000.69999986375,19032.049999863295,19032.099999863294,19042.09999986315,19042.149999863148,19071.349999862723,19075.399999862664,18.100000000000122,49.699999999999314,9.55,0,1.2000000000000004,0.2,0,0.0,52.00000000000023
J002225,2023-02-03/TMCO,TMCO,AMR_37,G18_12,WS_25_20,"[""110347""]",1,18996.64999986381,19102.299999862273,19066.74999986279,18996.64999986381,19009.849999863618,19013.89999986356,19056.649999862937,19056.699999862936,19066.69999986279,19066.74999986279,19098.24999986233,19102.299999862273,18.100000000000122,70.09999999999816,13.400000000000055,0,3.7999999999999945,0.25,0,6.0,68.00000000000031
J002226,2023-02-03/WSBJ,WSBJ,AMR_28,G27_15,WS_30_20,"[""111283""]",1,18998.399999863785,19155.99999986149,19099.04999986232,18998.399999863785,19004.79999986369,19008.849999863633,19088.949999862467,19088.999999862466,19098.99999986232,19099.04999986232,19151.94999986155,19155.99999986149,18.100000000000122,51.34999999999922,11.450000000000028,0,76.4499999999978,0.25,0,4.0,40.0
J002227,2023-02-03/WKLP,WKLP,AMR_31,G23_15,WS_8_20,"[""110232""]",1,19016.49999986352,19169.1499998613,19096.29999986236,19016.49999986352,19029.64999986333,19033.69999986327,19086.199999862507,19086.249999862506,19096.24999986236,19096.29999986236,19165.09999986136,19169.1499998613,18.100000000000122,84.09999999999737,10.500000000000014,0,39.69999999999988,0.25,0,6.0,88.0000000000004
J002228,2023-02-03/WSBJ,WSBJ,AMR_19,G29_13,WS_30_20,"[""131642""]",1,19017.8999998635,19094.499999862386,19064.949999862816,19017.8999998635,19017.8999998635,19021.949999863442,19054.849999862963,19054.899999862962,19064.899999862817,19064.949999862816,19090.449999862445,19094.499999862386,18.100000000000122,47.049999999999464,9.55,0,1.7000000000000008,0.2,0,0.0,48.00000000000021
J002229,2023-02-03/TPAN,TPAN,AMR_20,G27_10,WS_13_20,"[""101179""]",1,19020.199999863467,19179.099999861155,19089.599999862457,19020.199999863467,19020.199999863467,19024.24999986341,19079.499999862604,19079.549999862604,19089.54999986246,19089.599999862457,19175.049999861214,19179.099999861155,18.100000000000122,113.04999999999572,12.400000000000041,0,15.15000000000008,0.2,0,0.0,132.00000000000162
J002230,2023-02-03/WKLP,WKLP,AMR_13,G26_15,WS_8_20,"[""110575""]",2,19032.549999863288,19200.399999860845,19128.199999861896,19032.549999863288,19036.54999986323,19040.59999986317,19118.099999862043,19118.149999862042,19128.149999861897,19128.199999861896,19196.349999860904,19200.399999860845,18.100000000000122,88.94999999999709,6.649999999999984,0,53.899999999999075,0.25,0,2.0,100.00000000000074
J002231,2023-02-03/WBCK,WBCK,AMR_12,G9_8,WS_2_20,"[""107238"", ""123094""]",2,19042.499999863143,19210.049999860705,19148.899999861595,19042.499999863143,19057.04999986293,19061.099999862872,19138.79999986174,19138.84999986174,19148.849999861595,19148.899999861595,19205.999999860764,19210.049999860705,18.100000000000122,90.24999999999702,13.400000000000055,0,45.54999999999955,0.25,0,8.0,88.00000000000105
J002232,2023-02-03/WBCK,WBCK,AMR_27,G17_6,WS_2_20,"[""111261"", ""123310""]",2,19042.499999863143,19254.099999860064,19183.199999861095,19042.499999863143,19042.499999863143,19046.549999863084,19173.099999861242,19173.14999986124,19183.149999861096,19183.199999861095,19250.049999860123,19254.099999860064,18.100000000000122,118.04999999999544,13.350000000000055,0,61.89999999999862,0.2,0,0.0,132.00000000000236
J002233,2023-02-03/WBCK,WBCK,AMR_23,G3_14,WS_2_20,"[""101151""]",1,19042.499999863143,19126.59999986192,19095.64999986237,19042.499999863143,19058.699999862907,19062.74999986285,19085.549999862516,19085.599999862516,19095.59999986237,19095.64999986237,19122.549999861978,19126.59999986192,18.100000000000122,52.54999999999915,10.500000000000014,0,2.6999999999999984,0.25,0,12.0,40.000000000000014
J002234,2023-02-03/WBCK,WBCK,AMR_34,G6_14,WS_2_20,"[""112387""]",1,19042.499999863143,19202.299999860817,19166.149999861344,19042.499999863143,19070.74999986273,19074.799999862673,19156.04999986149,19156.09999986149,19166.099999861344,19166.149999861344,19198.249999860876,19202.299999860817,18.100000000000122,69.79999999999818,14.350000000000069,0,57.29999999999888,0.25,0,14.0,52.00000000000021
J002235,2023-02-03/WBCK,WBCK,AMR_35,G6_13,WS_2_20,"[""113227""]",1,19042.499999863143,19237.7499998603,19200.249999860847,19042.499999863143,19113.999999862102,19118.049999862043,19190.149999860994,19190.199999860994,19200.199999860848,19200.249999860847,19233.69999986036,19237.7499998603,18.100000000000122,99.2499999999965,16.200000000000095,0,61.449999999998646,0.25,0,38.000000000000114,56.00000000000031
J002236,2023-02-03/WBCK,WBCK,AMR_01,G6_10,WS_2_20,"[""112403""]",1,19042.499999863143,19152.999999861535,19117.449999862052,19042.499999863143,19072.9499998627,19076.99999986264,19107.3499998622,19107.3999998622,19117.399999862053,19117.449999862052,19148.949999861594,19152.999999861535,18.100000000000122,77.04999999999777,12.450000000000042,0,2.6499999999999986,0.25,0,28.00000000000003,60.000000000000625
J002237,2023-02-03/WKLP,WKLP,AMR_29,G26_14,WS_8_20,"[""101147""]",1,19048.499999863056,19264.54999985991,19144.149999861664,19048.499999863056,19061.549999862866,19065.599999862807,19134.04999986181,19134.09999986181,19144.099999861664,19144.149999861664,19260.49999985997,19264.54999985991,18.100000000000122,114.04999999999566,13.400000000000055,0,70.24999999999815,0.25,0,6.0,104.00000000000028
J002238,2023-02-03/WKLP,WKLP,AMR_10,G26_12,WS_8_20,"[""111241""]",1,19064.449999862823,19342.39999985878,19184.84999986107,19064.449999862823,19080.099999862596,19084.149999862537,19174.74999986122,19174.799999861218,19184.799999861072,19184.84999986107,19338.349999858838,19342.39999985878,18.100000000000122,124.94999999999504,11.450000000000028,0,123.19999999999514,0.25,0,12.0,112.00000000000063
J002239,2023-02-03/WSBJ,WSBJ,AMR_17,G18_15,WS_30_20,"[""101296"", ""123272""]",2,19064.999999862815,19217.599999860595,19158.499999861455,19064.999999862815,19064.999999862815,19069.049999862757,19148.399999861602,19148.4499998616,19158.449999861456,19158.499999861455,19213.549999860654,19217.599999860595,18.100000000000122,69.64999999999819,9.55,0,55.09999999999901,0.2,0,0.0,76.00000000000001
J002240,2023-02-03/TMDY,TMDY,AMR_40,G23_13,WS_25_20,"[""124008""]",1,19066.79999986279,19163.499999861382,19133.34999986182,19066.79999986279,19078.699999862616,19082.749999862557,19123.249999861968,19123.299999861967,19133.29999986182,19133.34999986182,19159.44999986144,19163.499999861382,18.100000000000122,58.099999999998836,12.400000000000041,0,7.84999999999998,0.25,0,6.0,52.00000000000021
J002241,2023-02-03/TMDY,TMDY,AMR_24,G30_12,WS_25_20,"[""111371""]",1,19066.79999986279,19158.999999861448,19114.2499998621,19066.79999986279,19066.79999986279,19070.84999986273,19104.149999862246,19104.199999862245,19114.1999998621,19114.2499998621,19154.949999861507,19158.999999861448,18.100000000000122,62.99999999999856,9.5,0,1.4000000000000006,0.2,0,0.0,68.00000000000023
J002242,2023-02-03/TMDY,TMDY,AMR_06,G14_13,WS_25_20,"[""117415""]",1,19066.79999986279,19191.449999860975,19149.09999986159,19066.79999986279,19069.699999862747,19073.749999862688,19138.99999986174,19139.049999861738,19149.049999861592,19149.09999986159,19187.399999861034,19191.449999860975,18.100000000000122,80.89999999999755,7.599999999999981,0,17.800000000000118,0.25,0,2.0,88.00000000000045
J002243,2023-02-03/TMDY,TMDY,AMR_02,G3_13,WS_25_20,"[""104397""]",2,19066.79999986279,19445.749999857275,19276.699999859735,19066.79999986279,19108.199999862187,19112.249999862128,19266.59999985988,19266.64999985988,19276.649999859736,19276.699999859735,19441.699999857334,19445.749999857275,18.100000000000122,169.5500000000043,21.050000000000164,0,170.0000000000044,0.25,0,21.999999999999996,139.99999999999955
J002244,2023-02-03/TMDY,TMDY,AMR_07,G2_14,WS_25_20,"[""110220""]",1,19066.79999986279,19492.79999985659,19294.94999985947,19066.79999986279,19155.549999861498,19159.59999986144,19284.849999859616,19284.899999859615,19294.89999985947,19294.94999985947,19488.74999985665,19492.79999985659,18.100000000000122,189.00000000000873,18.150000000000123,0,200.50000000001134,0.25,0,37.99999999999996,175.99999999999943
J002245,2023-02-03/WKLP,WKLP,AMR_32,G24_12,WS_8_20,"[""120779""]",1,19080.39999986259,19302.049999859366,19169.0999998613,19080.39999986259,19080.39999986259,19084.449999862532,19158.999999861448,19159.049999861447,19169.0499998613,19169.0999998613,19297.999999859425,19302.049999859366,18.100000000000122,109.39999999999593,10.450000000000014,0,83.4999999999974,0.2,0,0.0,112.00000000000048
J002246,2023-02-03/WSBJ,WSBJ,AMR_22,G24_15,WS_30_20,"[""111277""]",1,19082.049999862567,19271.099999859816,19238.749999860287,19082.049999862567,19117.849999862046,19121.899999861987,19228.649999860434,19228.699999860433,19238.699999860288,19238.749999860287,19267.049999859875,19271.099999859816,18.100000000000122,74.7999999999979,12.400000000000041,0,83.4999999999974,0.25,0,20.0,52.00000000000003
J002247,2023-02-03/WGMS,WGMS,AMR_36,G17_4,WS_13_20,"[""123310"", ""124704"", ""136923""]",4,19089.649999862457,19396.54999985799,19199.29999986086,19089.649999862457,19113.49999986211,19117.54999986205,19189.199999861008,19189.249999861007,19199.249999860862,19199.29999986086,19392.49999985805,19396.54999985799,18.100000000000122,132.1499999999958,20.05000000000015,0,136.34999999999675,0.25,0,17.999999999999996,120.00000000000155
J002248,2023-02-03/WGMS,WGMS,AMR_21,G21_15,WS_13_20,"[""107412"", ""110418""]",3,19089.649999862457,19225.999999860473,19160.29999986143,19089.649999862457,19117.59999986205,19121.64999986199,19150.199999861576,19150.249999861575,19160.24999986143,19160.29999986143,19221.94999986053,19225.999999860473,18.100000000000122,74.99999999999788,12.450000000000042,0,30.5500000000003,0.25,0,22.0,56.0000000000003
J002249,2023-02-03/WGMS,WGMS,AMR_09,G26_7,WS_13_20,"[""110189"", ""124208""]",2,19089.649999862457,19498.699999856504,19264.59999985991,19089.649999862457,19134.499999861804,19138.549999861745,19254.499999860058,19254.549999860057,19264.54999985991,19264.59999985991,19494.649999856563,19498.699999856504,18.100000000000122,171.40000000000472,24.850000000000218,0,194.45000000000996,0.25,0,38.00000000000011,155.99999999999832
J002250,2023-02-03/WGMS,WGMS,AMR_33,G15_15,WS_13_20,"[""123094""]",1,19089.649999862457,19203.5499998608,19177.549999861178,19089.649999862457,19123.69999986196,19127.749999861902,19167.449999861325,19167.499999861324,19177.49999986118,19177.549999861178,19199.49999986086,19203.5499998608,18.100000000000122,53.04999999999912,10.550000000000015,0,31.95000000000032,0.25,0,18.0,32.0
J002251,2023-02-03/WGMS,WGMS,AMR_38,G14_14,WS_13_20,"[""107034""]",1,19089.649999862457,19264.69999985991,19225.54999986048,19089.649999862457,19162.449999861397,19166.49999986134,19215.449999860626,19215.499999860625,19225.49999986048,19225.54999986048,19260.64999985997,19264.69999985991,18.100000000000122,91.14999999999696,15.300000000000082,0,50.24999999999928,0.25,0,52.00000000000033,40.00000000000004
J002252,2023-02-03/WGMS,WGMS,AMR_15,G9_15,WS_13_20,"[""110484""]",1,19089.649999862457,19415.04999985772,19322.099999859074,19089.649999862457,19206.599999860755,19210.649999860696,19311.99999985922,19312.04999985922,19322.049999859075,19322.099999859074,19410.99999985778,19415.04999985772,18.100000000000122,123.69999999999511,20.10000000000015,0,163.25000000000287,0.25,0,82.00000000000065,44.000000000000114
J002253,2023-02-03/WBCK,WBCK,AMR_03,G9_14,WS_2_20,"[""112329""]",1,19095.69999986237,19285.19999985961,19217.2999998606,19095.69999986237,19137.249999861764,19141.299999861705,19207.199999860746,19207.249999860745,19217.2499998606,19217.2999998606,19281.14999985967,19285.19999985961,18.100000000000122,99.49999999999649,15.300000000000082,0,56.349999999998936,0.25,0,38.000000000000114,64.00000000000043
J002254,2023-02-03/WKLP,WKLP,AMR_19,G27_13,WS_8_20,"[""111223""]",1,19096.34999986236,19353.699999858614,19217.099999860602,19096.34999986236,19104.899999862235,19108.949999862176,19206.99999986075,19207.04999986075,19217.049999860603,19217.099999860602,19349.649999858673,19353.699999858614,18.100000000000122,113.89999999999567,11.500000000000028,0,113.59999999999569,0.25,0,4.0,120.00000000000085
J002255,2023-02-03/WSBJ,WSBJ,AMR_26,G26_13,WS_30_20,"[""112333""]",1,19099.09999986232,19255.199999860048,19221.699999860535,19099.09999986232,19099.09999986232,19103.14999986226,19211.599999860682,19211.64999986068,19221.649999860536,19221.699999860535,19251.149999860107,19255.199999860048,18.100000000000122,60.79999999999868,11.450000000000028,0,65.54999999999842,0.2,0,0.0,60.00000000000021
J002256,2023-02-03/WKLP,WKLP,AMR_37,G27_12,WS_8_20,"[""138386""]",1,19112.299999862127,19455.549999857132,19249.199999860135,19112.299999862127,19144.849999861653,19148.899999861595,19239.099999860282,19239.14999986028,19249.149999860136,19249.199999860135,19451.49999985719,19455.549999857132,18.100000000000122,158.45000000000178,16.250000000000096,0,150.1999999999999,0.25,0,22.0,147.99999999999852
J002257,2023-02-03/WSBJ,WSBJ,AMR_16,G33_12,WS_30_20,"[""112357""]",1,19116.14999986207,19226.699999860462,19181.949999861114,19116.14999986207,19137.49999986176,19141.5499998617,19171.84999986126,19171.89999986126,19181.899999861114,19181.949999861114,19222.64999986052,19226.699999860462,18.100000000000122,73.59999999999796,13.300000000000054,0,5.299999999999989,0.25,0,16.0,56.00000000000031
J002258,2023-02-03/WBCK,WBCK,AMR_08,G15_14,WS_2_20,"[""101155"", ""110191""]",2,19117.49999986205,19434.34999985744,19234.34999986035,19117.49999986205,19117.49999986205,19121.549999861993,19224.249999860498,19224.299999860497,19234.29999986035,19234.34999986035,19430.2999998575,19434.34999985744,18.100000000000122,122.59999999999518,15.300000000000082,0,160.65000000000228,0.2,0,0.0,128.0000000000016
J002259,2023-02-03/WKLP,WKLP,AMR_14,G29_15,WS_8_20,"[""112007""]",1,19128.249999861895,19423.099999857604,19233.249999860367,19128.249999861895,19144.249999861662,19148.299999861603,19223.149999860514,19223.199999860513,19233.199999860368,19233.249999860367,19419.049999857663,19423.099999857604,18.100000000000122,164.50000000000315,17.20000000000011,0,94.79999999999676,0.25,0,10.0,179.99999999999497
J002260,2023-02-03/WSBJ,WSBJ,AMR_30,G24_13,WS_30_20,"[""112084""]",1,19133.199999861823,19289.29999985955,19255.79999986004,19133.199999861823,19159.699999861437,19163.74999986138,19245.699999860186,19245.749999860185,19255.74999986004,19255.79999986004,19285.24999985961,19289.29999985955,18.100000000000122,81.34999999999752,13.350000000000055,0,43.04999999999969,0.25,0,24.0,60.00000000000021
J002261,2023-02-03/WKLP,WKLP,AMR_18,G29_14,WS_8_20,"[""111222""]",1,19144.199999861663,19592.44999985514,19474.599999856855,19144.199999861663,19217.2499998606,19221.29999986054,19464.499999857002,19464.549999857,19474.549999856856,19474.599999856855,19588.3999998552,19592.44999985514,18.100000000000122,193.05000000000965,31.450000000000312,0,205.40000000001245,0.25,0,48.00000000000004,151.99999999999827
J002262,2023-02-03/WBCK,WBCK,AMR_11,G17_15,WS_2_20,"[""107120""]",1,19148.949999861594,19444.899999857287,19380.249999858228,19148.949999861594,19252.449999860088,19256.49999986003,19370.149999858375,19370.199999858374,19380.19999985823,19380.249999858228,19440.849999857346,19444.899999857287,18.100000000000122,129.39999999999517,13.400000000000055,0,134.7999999999964,0.25,0,28.0,108.00000000000159
J002263,2023-02-03/WSBJ,WSBJ,AMR_28,G29_12,WS_30_20,"[""134500""]",1,19158.549999861454,19311.49999985923,19272.84999985979,19158.549999861454,19176.149999861198,19180.19999986114,19262.749999859938,19262.799999859937,19272.79999985979,19272.84999985979,19307.449999859287,19311.49999985923,18.100000000000122,79.09999999999765,14.300000000000068,0,41.1999999999998,0.25,0,10.0,68.0000000000004
J002264,2023-02-03/WGMS,WGMS,AMR_01,G15_12,WS_13_20,"[""101097""]",1,19160.349999861428,19410.699999857785,19281.649999859663,19160.349999861428,19218.149999860587,19222.199999860528,19271.54999985981,19271.59999985981,19281.599999859664,19281.649999859663,19406.649999857844,19410.699999857785,18.100000000000122,100.49999999999643,14.250000000000068,0,117.24999999999548,0.25,0,54.000000000000455,52.00000000000037
J002265,2023-02-03/WBCK,WBCK,AMR_40,G18_12,WS_2_20,"[""101305""]",1,19166.199999861343,19394.249999858024,19252.749999860083,19166.199999861343,19192.199999860964,19196.249999860906,19242.64999986023,19242.69999986023,19252.699999860084,19252.749999860083,19390.199999858083,19394.249999858024,18.100000000000122,113.3499999999957,13.400000000000055,0,82.94999999999743,0.25,0,16.0,108.00000000000105
J002266,2023-02-03/WKLP,WKLP,AMR_24,G27_15,WS_8_20,"[""112292""]",1,19169.1499998613,19505.549999856405,19265.149999859903,19169.1499998613,19191.299999860978,19195.34999986092,19255.04999986005,19255.09999986005,19265.099999859904,19265.149999859903,19501.499999856464,19505.549999856405,18.100000000000122,144.99999999999872,19.100000000000136,0,153.95000000000076,0.25,0,16.0,136.0000000000005
J002267,2023-02-03/WGMS,WGMS,AMR_31,G20_15,WS_13_20,"[""139323""]",1,19177.599999861177,19319.499999859112,19247.349999860162,19177.599999861177,19201.899999860823,19205.949999860764,19237.24999986031,19237.299999860308,19247.299999860163,19247.349999860162,19315.44999985917,19319.499999859112,18.100000000000122,63.79999999999851,11.450000000000028,0,48.29999999999939,0.25,0,10.0,52.000000000000156
J002268,2023-02-03/TMDY,TMDY,AMR_05,G15_10,WS_25_20,"[""112286""]",1,19181.54999986112,19308.949999859266,19260.849999859965,19181.54999986112,19181.54999986112,19185.59999986106,19250.749999860112,19250.79999986011,19260.799999859966,19260.849999859965,19304.899999859324,19308.949999859266,18.100000000000122,80.44999999999757,9.55,0,19.100000000000136,0.2,0,0.0,88.00000000000037
J002269,2023-02-03/WSBJ,WSBJ,AMR_20,G23_13,WS_30_20,"[""110528""]",1,19181.999999861113,19330.69999985895,19289.899999859543,19181.999999861113,19204.749999860782,19208.799999860723,19279.79999985969,19279.84999985969,19289.849999859543,19289.899999859543,19326.649999859008,19330.69999985895,18.100000000000122,86.69999999999722,15.250000000000082,0,28.40000000000027,0.25,0,18.0,72.00000000000023
J002270,2023-02-03/WBCK,WBCK,AMR_39,G21_13,WS_2_20,"[""107256""]",1,19183.249999861095,19461.499999857046,19354.949999858596,19183.249999861095,19248.649999860143,19252.699999860084,19344.849999858743,19344.899999858742,19354.899999858597,19354.949999858596,19457.449999857105,19461.499999857046,18.100000000000122,190.40000000000904,19.150000000000137,0,50.34999999999928,0.25,0,60.00000000000034,167.99999999999991
J002271,2023-02-03/WGMS,WGMS,AMR_23,G8_13,WS_13_20,"[""110190""]",1,19199.34999986086,19550.699999855748,19501.09999985647,19199.34999986086,19227.199999860455,19231.249999860396,19490.999999856616,19491.049999856616,19501.04999985647,19501.09999985647,19546.649999855807,19550.699999855748,18.100000000000122,162.80000000000277,28.650000000000272,0,141.54999999999794,0.25,0,19.999999999999986,140.0000000000006
J002272,2023-02-03/WBCK,WBCK,AMR_06,G23_15,WS_2_20,"[""107328""]",1,19200.299999860847,19672.04999985398,19488.949999856646,19200.299999860847,19265.699999859895,19269.749999859836,19478.849999856793,19478.899999856792,19488.899999856647,19488.949999856646,19667.99999985404,19672.04999985398,18.100000000000122,175.6500000000057,21.050000000000164,0,256.7000000000241,0.25,0,42.00000000000023,140.00000000000082
J002273,2023-02-03/WSBJ,WSBJ,AMR_13,G32_10,WS_30_20,"[""124704""]",1,19204.699999860783,19341.799999858787,19306.949999859295,19204.699999860783,19234.699999860346,19238.749999860287,19296.84999985944,19296.89999985944,19306.899999859295,19306.949999859295,19337.749999858846,19341.799999858787,18.100000000000122,81.04999999999754,14.300000000000068,0,23.400000000000198,0.25,0,26.0,60.00000000000041
J002274,2023-02-03/WBCK,WBCK,AMR_33,G20_7,WS_2_20,"[""112004""]",1,19217.3499998606,19651.49999985428,19547.449999855795,19217.3499998606,19269.949999859833,19273.999999859774,19537.349999855942,19537.39999985594,19547.399999855796,19547.449999855795,19647.44999985434,19651.49999985428,18.100000000000122,164.80000000000322,23.800000000000203,0,227.2000000000174,0.25,0,26.00000000000003,144.0000000000003
J002275,2023-02-03/WSBJ,WSBJ,AMR_17,G23_12,WS_30_20,"[""101189""]",1,19221.749999860534,19428.79999985752,19389.999999858086,19221.749999860534,19307.29999985929,19311.34999985923,19379.899999858233,19379.949999858232,19389.949999858087,19389.999999858086,19424.74999985758,19428.79999985752,18.100000000000122,107.94999999999601,16.250000000000096,0,64.49999999999848,0.25,0,32.0,76.00000000000031
J002276,2023-02-03/WGMS,WGMS,AMR_25,G20_14,WS_13_20,"[""101332""]",1,19225.59999986048,19681.89999985384,19638.199999854474,19225.59999986048,19475.299999856845,19479.349999856786,19628.09999985462,19628.14999985462,19638.149999854475,19638.199999854474,19677.849999853897,19681.89999985384,18.100000000000122,210.0000000000135,33.45000000000024,0,194.50000000000998,0.25,0,134.00000000000287,84.00000000000023
J002277,2023-02-03/WBCK,WBCK,AMR_21,G26_15,WS_2_20,"[""110575""]",1,19234.39999986035,19568.199999855493,19463.84999985701,19234.39999986035,19262.899999859936,19266.949999859877,19453.74999985716,19453.799999857158,19463.799999857012,19463.84999985701,19564.149999855552,19568.199999855493,18.100000000000122,169.90000000000438,21.950000000000177,0,123.59999999999512,0.25,0,14.0,167.99999999999753
J002278,2023-02-03/WSBJ,WSBJ,AMR_16,G29_9,WS_30_20,"[""112009""]",1,19238.799999860286,19386.29999985814,19332.59999985892,19238.799999860286,19280.54999985968,19284.59999985962,19322.49999985907,19322.549999859068,19332.549999858922,19332.59999985892,19382.2499998582,19386.29999985814,18.100000000000122,86.59999999999722,16.250000000000096,0,26.30000000000024,0.25,0,18.0,72.00000000000045
J002279,2023-02-03/WGMS,WGMS,AMR_34,G18_15,WS_13_20,"[""110595""]",1,19247.39999986016,19637.949999854478,19484.199999856715,19247.39999986016,19397.549999857976,19401.599999857917,19474.099999856862,19474.14999985686,19484.149999856716,19484.199999856715,19633.899999854537,19637.949999854478,18.100000000000122,124.24999999999508,22.10000000000018,0,225.8500000000171,0.25,0,70.0000000000004,44.00000000000003
J002280,2023-02-03/WBCK,WBCK,AMR_12,G27_10,WS_2_20,"[""101179""]",1,19252.799999860083,19592.299999855142,19506.049999856397,19252.799999860083,19309.799999859253,19313.849999859194,19495.949999856544,19495.999999856544,19505.999999856398,19506.049999856397,19588.2499998552,19592.299999855142,18.100000000000122,197.55000000001067,15.300000000000082,0,108.29999999999599,0.25,0,64.00000000000047,179.99999999999537
J002281,2023-02-03/WSBJ,WSBJ,AMR_26,G21_12,WS_30_20,"[""101022""]",1,19255.84999986004,19394.699999858018,19355.899999858582,19255.84999986004,19289.699999859546,19293.749999859487,19345.79999985873,19345.84999985873,19355.849999858583,19355.899999858582,19390.649999858077,19394.699999858018,18.100000000000122,86.29999999999724,15.250000000000082,0,18.950000000000134,0.25,0,16.0,76.00000000000031
J002282,2023-02-03/WGMS,WGMS,AMR_35,G5_15,WS_13_20,"[""110533""]",1,19264.64999985991,19443.749999857304,19407.59999985783,19264.64999985991,19314.24999985919,19318.29999985913,19397.499999857977,19397.549999857976,19407.54999985783,19407.59999985783,19439.699999857363,19443.749999857304,18.100000000000122,91.84999999999692,14.350000000000069,0,54.54999999999904,0.25,0,30.000000000000014,60.00000000000054
J002283,2023-02-03/WSBJ,WSBJ,AMR_29,G23_10,WS_30_20,"[""110242""]",1,19272.89999985979,19412.099999857764,19372.949999858334,19272.89999985979,19299.999999859396,19304.049999859337,19362.84999985848,19362.89999985848,19372.899999858335,19372.949999858334,19408.049999857823,19412.099999857764,18.100000000000122,89.74999999999704,15.300000000000082,0,15.80000000000009,0.25,0,14.0,84.00000000000054
J002284,2023-02-03/WGMS,WGMS,AMR_38,G14_10,WS_13_20,"[""135096""]",1,19281.699999859662,19465.24999985699,19375.94999985829,19281.699999859662,19298.94999985941,19302.999999859352,19365.849999858438,19365.899999858437,19375.89999985829,19375.94999985829,19461.19999985705,19465.24999985699,18.100000000000122,71.04999999999811,13.400000000000055,0,80.74999999999756,0.25,0,12.0,56.000000000000185
J002285,2023-02-03/WSBJ,WSBJ,AMR_30,G21_10,WS_30_20,"[""110311""]",1,19289.949999859542,19461.84999985704,19407.049999857838,19289.949999859542,19319.64999985911,19323.69999985905,19396.949999857985,19396.999999857984,19406.99999985784,19407.049999857838,19457.7999998571,19461.84999985704,18.100000000000122,95.64999999999671,15.300000000000082,0,42.59999999999972,0.25,0,16.0,84.0000000000002
J002286,2023-02-03/WSBJ,WSBJ,AMR_27,G17_14,WS_30_20,"[""110465""]",1,19306.999999859294,19571.84999985544,19424.09999985759,19306.999999859294,19329.549999858966,19333.599999858907,19413.999999857737,19414.049999857736,19424.04999985759,19424.09999985759,19567.7999998555,19571.84999985544,18.100000000000122,104.74999999999619,13.400000000000055,0,128.34999999999494,0.25,0,20.0,92.0
J002287,2023-02-03/WGMS,WGMS,AMR_03,G9_14,WS_13_20,"[""112329""]",1,19322.149999859073,19461.09999985705,19431.04999985749,19322.149999859073,19322.149999859073,19326.199999859014,19420.949999857636,19420.999999857635,19430.99999985749,19431.04999985749,19457.04999985711,19461.09999985705,18.100000000000122,61.299999999998654,11.450000000000028,0,47.899999999999416,0.2,0,0.0,60.00000000000017
J002288,2023-02-03/WSBJ,WSBJ,AMR_05,G17_12,WS_30_20,"[""110313""]",1,19332.64999985892,19564.699999855544,19441.14999985734,19332.64999985892,19351.049999858653,19355.099999858594,19431.04999985749,19431.099999857488,19441.099999857342,19441.14999985734,19560.649999855603,19564.699999855544,18.100000000000122,113.4499999999957,20.10000000000015,0,80.14999999999759,0.25,0,8.0,112.0000000000006
J002289,2023-02-03/WBCK,WBCK,AMR_22,G26_14,WS_2_20,"[""101147""]",1,19354.999999858595,19700.899999853562,19578.949999855337,19354.999999858595,19366.899999858422,19370.949999858363,19568.849999855483,19568.899999855483,19578.899999855337,19578.949999855337,19696.84999985362,19700.899999853562,18.100000000000122,127.29999999999491,12.400000000000041,0,187.85000000000846,0.25,0,6.0,124.00000000000117
J002290,2023-02-03/WSBJ,WSBJ,AMR_31,G18_9,WS_30_20,"[""112312""]",1,19355.94999985858,19511.24999985632,19459.449999857075,19355.94999985858,19376.69999985828,19380.74999985822,19449.349999857222,19449.39999985722,19459.399999857076,19459.449999857075,19507.19999985638,19511.24999985632,18.100000000000122,109.9999999999959,16.200000000000095,0,10.750000000000018,0.25,0,16.0,100.00000000000045
J002291,2023-02-03/WSBJ,WSBJ,AMR_32,G14_12,WS_30_20,"[""124826""]",1,19372.999999858333,19604.949999854958,19493.39999985658,19372.999999858333,19403.44999985789,19407.49999985783,19483.29999985673,19483.349999856728,19493.349999856582,19493.39999985658,19600.899999855017,19604.949999854958,18.100000000000122,126.44999999999496,17.20000000000011,0,69.94999999999817,0.25,0,24.0,120.00000000000068
J002292,2023-02-03/WGMS,WGMS,AMR_20,G3_15,WS_13_20,"[""110222""]",1,19375.99999985829,19631.449999854573,19544.849999855833,19375.99999985829,19469.299999856932,19473.349999856873,19534.74999985598,19534.79999985598,19544.799999855833,19544.849999855833,19627.39999985463,19631.449999854573,18.100000000000122,136.64999999999682,15.250000000000082,0,85.1999999999973,0.25,0,96.0000000000022,68.00000000000041
J002293,2023-02-03/WBCK,WBCK,AMR_10,G26_12,WS_2_20,"[""110609""]",1,19380.299999858227,19681.249999853848,19596.249999855085,19380.299999858227,19380.299999858227,19384.34999985817,19586.14999985523,19586.19999985523,19596.199999855085,19596.249999855085,19677.199999853907,19681.249999853848,18.100000000000122,141.49999999999793,9.55,0,131.59999999999567,0.2,0,0.0,167.99999999999793
J002294,2023-02-03/WSBJ,WSBJ,AMR_28,G14_9,WS_30_20,"[""129531""]",1,19390.049999858085,19954.49999984987,19859.449999851255,19390.049999858085,19777.649999852445,19781.699999852386,19849.3499998514,19849.3999998514,19859.399999851255,19859.449999851255,19950.44999984993,19954.49999984987,18.100000000000122,225.75000000001708,35.35000000000013,0,285.0000000000305,0.25,0,108.00000000000045,132.00000000000074
J002295,2023-02-03/WSBJ,WSBJ,AMR_40,G18_12,WS_30_20,"[""101305""]",1,19407.099999857837,19565.449999855533,19476.34999985683,19407.099999857837,19407.099999857837,19411.14999985778,19466.249999856977,19466.299999856976,19476.29999985683,19476.34999985683,19561.399999855592,19565.449999855533,18.100000000000122,82.04999999999748,13.350000000000055,0,44.6499999999996,0.2,0,0.0,88.00000000000023
J002296,2023-02-03/WGMS,WGMS,AMR_26,G21_12,WS_13_20,"[""101022""]",1,19407.64999985783,19683.79999985381,19569.349999855476,19407.64999985783,19407.64999985783,19411.69999985777,19559.249999855623,19559.299999855622,19569.299999855477,19569.349999855476,19679.74999985387,19683.79999985381,18.100000000000122,92.64999999999688,13.400000000000055,0,151.80000000000027,0.2,0,0.0,92.00000000000048
J002297,2023-02-03/WSBJ,WSBJ,AMR_01,G11_10,WS_30_20,"[""122643""]",1,19424.14999985759,19597.14999985507,19527.349999856087,19424.14999985759,19453.149999857167,19457.19999985711,19517.249999856234,19517.299999856234,19527.299999856088,19527.349999856087,19593.09999985513,19597.14999985507,18.100000000000122,122.79999999999517,16.250000000000096,0,15.600000000000087,0.25,0,16.0,124.00000000000082
J002298,2023-02-03/WGMS,WGMS,AMR_04,G2_15,WS_13_20,"[""115355""]",1,19431.099999857488,19565.149999855537,19518.14999985622,19431.099999857488,19452.599999857175,19456.649999857116,19508.04999985637,19508.099999856368,19518.099999856222,19518.14999985622,19561.099999855596,19565.149999855537,18.100000000000122,82.84999999999744,10.500000000000014,0,22.350000000000183,0.25,0,17.999999999999993,72.00000000000058
J002299,2023-02-03/WSBJ,WSBJ,AMR_15,G11_9,WS_30_20,"[""111289""]",1,19441.19999985734,19687.699999853754,19573.399999855417,19441.19999985734,19471.749999856896,19475.799999856838,19563.299999855564,19563.349999855564,19573.349999855418,19573.399999855417,19683.649999853813,19687.699999853754,18.100000000000122,153.60000000000068,16.200000000000095,0,58.34999999999882,0.25,0,16.0,167.99999999999812
J002300,2023-02-03/WSBJ,WSBJ,AMR_35,G6_14,WS_30_20,"[""112387""]",1,19459.499999857075,19811.799999851948,19699.349999853584,19459.499999857075,19487.499999856667,19491.54999985661,19689.24999985373,19689.29999985373,19699.299999853585,19699.349999853584,19807.749999852007,19811.799999851948,18.100000000000122,153.00000000000054,21.950000000000177,0,159.0000000000019,0.25,0,12.0,151.99999999999815
J002301,2023-02-03/WBCK,WBCK,AMR_13,G30_14,WS_2_20,"[""111367""]",1,19463.89999985701,19884.949999850884,19784.29999985235,19463.89999985701,19480.999999856762,19485.049999856703,19774.199999852495,19774.249999852495,19784.24999985235,19784.29999985235,19880.899999850943,19884.949999850884,18.100000000000122,182.3500000000072,19.100000000000136,0,201.2500000000115,0.25,0,12.0,203.99999999999235
J002302,2023-02-03/WTNM,WTNM,AMR_11,G17_15,WS_8_20,"[""107120"", ""110231"", ""111249"", ""124704""]",4,19474.649999856854,19880.199999850953,19811.849999851947,19474.649999856854,19474.649999856854,19478.699999856795,19801.749999852094,19801.799999852094,19811.799999851948,19811.849999851947,19876.14999985101,19880.199999850953,18.100000000000122,74.6499999999979,9.55,0,303.05000000003463,0.2,0,0.0,68.0000000000004
J002303,2023-02-03/WTNM,WTNM,AMR_08,G15_15,WS_8_20,"[""107238"", ""123094"", ""134029""]",3,19474.649999856854,19644.149999854388,19548.949999855773,19474.649999856854,19478.749999856795,19482.799999856736,19538.84999985592,19538.89999985592,19548.899999855774,19548.949999855773,19640.099999854447,19644.149999854388,18.100000000000122,62.44999999999859,6.649999999999984,0,82.04999999999748,0.25,0,2.0,56.00000000000041
J002304,2023-02-03/WTNM,WTNM,AMR_29,G23_5,WS_8_20,"[""112394"", ""121875"", ""123310""]",3,19474.649999856854,19698.499999853597,19580.84999985531,19474.649999856854,19491.44999985661,19495.49999985655,19570.749999855456,19570.799999855455,19580.79999985531,19580.84999985531,19694.449999853656,19698.499999853597,18.100000000000122,152.10000000000034,19.150000000000137,0,34.25000000000019,0.25,0,14.0,163.99999999999815
J002305,2023-02-03/WTNM,WTNM,AMR_38,G14_15,WS_8_20,"[""101025"", ""110262""]",2,19474.649999856854,19646.999999854346,19564.89999985554,19474.649999856854,19494.74999985656,19498.799999856503,19554.799999855688,19554.849999855687,19564.84999985554,19564.89999985554,19642.949999854405,19646.999999854346,18.100000000000122,70.69999999999813,10.450000000000014,0,72.849999999998,0.25,0,14.0,52.000000000000384
J002306,2023-02-03/WTNM,WTNM,AMR_02,G2_13,WS_8_20,"[""101235"", ""101322""]",2,19474.649999856854,19568.849999855483,19533.149999856003,19474.649999856854,19477.79999985681,19481.84999985675,19523.04999985615,19523.09999985615,19533.099999856004,19533.149999856003,19564.799999855542,19568.849999855483,18.100000000000122,63.79999999999851,7.599999999999981,0,4.449999999999992,0.25,0,2.0,68.00000000000047
J002307,2023-02-03/WTNM,WTNM,AMR_39,G20_13,WS_8_20,"[""110501"", ""110513""]",2,19474.649999856854,19948.699999849956,19872.84999985106,19474.649999856854,19477.79999985681,19481.84999985675,19862.749999851207,19862.799999851206,19872.79999985106,19872.84999985106,19944.649999850015,19948.699999849956,18.100000000000122,141.74999999999798,20.950000000000163,0,293.00000000003234,0.25,0,2.0,128.00000000000065
J002308,2023-02-03/WSBJ,WSBJ,AMR_03,G3_14,WS_30_20,"[""107103""]",1,19476.39999985683,19723.949999853226,19627.59999985463,19476.39999985683,19509.699999856344,19513.749999856285,19617.499999854776,19617.549999854775,19627.54999985463,19627.59999985463,19719.899999853285,19723.949999853226,18.100000000000122,163.90000000000302,21.050000000000164,0,44.24999999999962,0.25,0,28.000000000000025,167.99999999999636
J002309,2023-02-03/WGMS,WGMS,AMR_36,G15_14,WS_13_20,"[""101155"", ""110323""]",2,19484.249999856715,19888.449999850833,19807.749999852007,19484.249999856715,19508.299999856365,19512.349999856306,19797.649999852154,19797.699999852153,19807.699999852008,19807.749999852007,19884.39999985089,19888.449999850833,18.100000000000122,126.19999999999497,22.000000000000178,0,237.6500000000198,0.25,0,24.0,96.00000000000054
J002310,2023-02-03/WBCK,WBCK,AMR_14,G32_15,WS_2_20,"[""101084""]",1,19488.999999856645,19844.199999851477,19638.899999854464,19488.999999856645,19515.299999856263,19519.349999856204,19628.79999985461,19628.84999985461,19638.849999854465,19638.899999854464,19840.149999851536,19844.199999851477,18.100000000000122,144.24999999999855,14.250000000000068,0,178.3500000000063,0.25,0,10.0,147.99999999999886
J002311,2023-02-03/WSBJ,WSBJ,AMR_30,G14_10,WS_30_20,"[""135096""]",1,19493.44999985658,19851.44999985137,19590.749999855165,19493.44999985658,19515.849999856255,19519.899999856196,19580.64999985531,19580.69999985531,19590.699999855166,19590.749999855165,19847.39999985143,19851.44999985137,18.100000000000122,136.74999999999685,20.00000000000015,0,182.90000000000734,0.25,0,18.0,132.0000000000005
J002312,2023-02-03/WGMS,WGMS,AMR_17,G23_13,WS_13_20,"[""124008""]",1,19501.14999985647,19688.64999985374,19586.34999985523,19501.14999985647,19505.14999985641,19509.19999985635,19576.249999855376,19576.299999855375,19586.29999985523,19586.34999985523,19684.5999998538,19688.64999985374,18.100000000000122,84.79999999999733,13.350000000000055,0,70.99999999999811,0.25,0,2.0,76.00000000000028
J002313,2023-02-03/WGMS,WGMS,AMR_07,G3_13,WS_13_20,"[""111997""]",1,19518.19999985622,19694.14999985366,19655.09999985423,19518.19999985622,19548.099999855785,19552.149999855726,19644.999999854375,19645.049999854375,19655.04999985423,19655.09999985423,19690.09999985372,19694.14999985366,18.100000000000122,91.84999999999692,15.300000000000082,0,50.44999999999927,0.25,0,19.999999999999968,76.00000000000087
J002314,2023-02-03/WSBJ,WSBJ,AMR_31,G9_2,WS_30_20,"[""110210""]",2,19527.399999856087,19739.899999852994,19657.549999854193,19527.399999856087,19571.04999985545,19575.099999855393,19647.44999985434,19647.49999985434,19657.499999854193,19657.549999854193,19735.849999853053,19739.899999852994,18.100000000000122,171.60000000000477,17.15000000000011,0,5.399999999999989,0.25,0,44.000000000000156,171.99999999999648
J002315,2023-02-03/WTNM,WTNM,AMR_24,G21_15,WS_8_20,"[""107412"", ""110274""]",2,19533.199999856002,19883.6999998509,19795.89999985218,19533.199999856002,19576.149999855377,19580.19999985532,19785.799999852326,19785.849999852326,19795.84999985218,19795.89999985218,19879.64999985096,19883.6999998509,18.100000000000122,110.24999999999588,13.400000000000055,0,208.50000000001316,0.25,0,20.0,80.0000000000004
J002316,2023-02-03/WGMS,WGMS,AMR_09,G24_14,WS_13_20,"[""124207""]",1,19544.899999855832,19790.849999852253,19672.14999985398,19544.899999855832,19567.199999855507,19571.24999985545,19662.049999854127,19662.099999854127,19672.09999985398,19672.14999985398,19786.799999852312,19790.849999852253,18.100000000000122,113.79999999999568,17.20000000000011,0,96.59999999999665,0.25,0,18.0,104.00000000000097
J002317,2023-02-03/WTNM,WTNM,AMR_19,G5_15,WS_8_20,"[""110533""]",1,19548.999999855772,20070.64999984818,20045.599999848546,19548.999999855772,19947.549999849973,19951.599999849914,20035.499999848693,20035.549999848692,20045.549999848547,20045.599999848546,20066.59999984824,20070.64999984818,18.100000000000122,130.74999999999548,20.05000000000015,0,352.5000000000459,0.25,0,88.00000000000044,40.00000000000003
J002318,2023-02-03/WTNM,WTNM,AMR_05,G15_13,WS_8_20,"[""110346""]",1,19564.94999985554,19869.049999851115,19780.04999985241,19564.94999985554,19589.64999985518,19593.699999855122,19769.949999852557,19769.999999852556,19779.99999985241,19780.04999985241,19864.999999851174,19869.049999851115,18.100000000000122,98.89999999999652,16.250000000000096,0,170.60000000000454,0.25,0,6.0,88.00000000000068
J002319,2023-02-03/WGMS,WGMS,AMR_37,G23_12,WS_13_20,"[""110600""]",1,19569.399999855475,19981.649999849476,19785.049999852337,19569.399999855475,19604.499999854965,19608.549999854906,19774.949999852484,19774.999999852484,19784.999999852338,19785.049999852337,19977.599999849535,19981.649999849476,18.100000000000122,131.99999999999577,16.250000000000096,0,245.6500000000216,0.25,0,12.0,132.00000000000236
J002320,2023-02-03/WSBJ,WSBJ,AMR_02,G2_13,WS_30_20,"[""107105""]",1,19573.449999855417,19857.499999851283,19674.89999985394,19573.449999855417,19573.449999855417,19577.499999855358,19664.799999854087,19664.849999854086,19674.84999985394,19674.89999985394,19853.449999851342,19857.499999851283,18.100000000000122,150.44999999999996,15.250000000000082,0,100.04999999999646,0.2,0,0.0,179.99999999999568
J002321,2023-02-03/WTNM,WTNM,AMR_04,G2_15,WS_8_20,"[""110343""]",1,19580.899999855308,19696.749999853622,19663.19999985411,19580.899999855308,19580.899999855308,19584.94999985525,19653.099999854257,19653.149999854257,19663.14999985411,19663.19999985411,19692.69999985368,19696.749999853622,18.100000000000122,48.69999999999937,7.649999999999981,0,41.1999999999998,0.2,0,0.0,52.000000000000185
J002322,2023-02-03/WGMS,WGMS,AMR_40,G18_8,WS_13_20,"[""112372""]",1,19586.399999855228,19789.349999852275,19710.899999853416,19586.399999855228,19603.649999854977,19607.699999854918,19700.799999853563,19700.849999853563,19710.849999853417,19710.899999853416,19785.299999852334,19789.349999852275,18.100000000000122,116.59999999999552,21.050000000000164,0,46.94999999999947,0.25,0,12.0,112.00000000000122
J002323,2023-02-03/WSBJ,WSBJ,AMR_23,G2_12,WS_30_20,"[""107144""]",1,19590.799999855164,19983.999999849442,19826.399999851736,19590.799999855164,19615.19999985481,19619.24999985475,19816.299999851883,19816.349999851882,19826.349999851736,19826.399999851736,19979.9499998495,19983.999999849442,18.100000000000122,209.75000000001344,25.80000000000023,0,139.29999999999742,0.25,0,17.999999999999975,227.99999999999375
J002324,2023-02-03/WGMS,WGMS,AMR_21,G26_15,WS_13_20,"[""110575""]",1,19638.249999854474,19839.09999985155,19728.249999853164,19638.249999854474,19638.249999854474,19642.299999854415,19718.14999985331,19718.19999985331,19728.199999853165,19728.249999853164,19835.04999985161,19839.09999985155,18.100000000000122,86.04999999999725,10.450000000000014,0,86.04999999999725,0.2,0,0.0,84.00000000000004
J002325,2023-02-03/WGMS,WGMS,AMR_18,G27_14,WS_13_20,"[""125463""]",1,19655.149999854228,19927.399999850266,19762.349999852668,19655.149999854228,19661.499999854135,19665.549999854076,19752.249999852815,19752.299999852814,19762.29999985267,19762.349999852668,19923.349999850325,19927.399999850266,18.100000000000122,107.84999999999602,15.300000000000082,0,130.74999999999548,0.25,0,4.0,108.0000000000006
J002326,2023-02-03/WTNM,WTNM,AMR_20,G3_15,WS_8_20,"[""110615""]",1,19663.24999985411,19789.59999985227,19759.949999852703,19663.24999985411,19663.24999985411,19667.29999985405,19749.84999985285,19749.89999985285,19759.899999852703,19759.949999852703,19785.54999985233,19789.59999985227,18.100000000000122,47.64999999999943,7.599999999999981,0,52.79999999999914,0.2,0,0.0,48.00000000000004
J002327,2023-02-03/WGMS,WGMS,AMR_06,G23_15,WS_13_20,"[""124210""]",1,19672.19999985398,19871.699999851076,19745.299999852916,19672.19999985398,19672.19999985398,19676.24999985392,19735.199999853063,19735.249999853062,19745.249999852917,19745.299999852916,19867.649999851135,19871.699999851076,18.100000000000122,74.7999999999979,9.5,0,96.89999999999664,0.2,0,0.0,68.0
J002328,2023-02-03/WGMS,WGMS,AMR_22,G26_14,WS_13_20,"[""101147""]",1,19710.949999853416,19918.2499998504,19841.699999851513,19710.949999853416,19710.949999853416,19714.999999853357,19831.59999985166,19831.64999985166,19841.649999851514,19841.699999851513,19914.199999850458,19918.2499998504,18.100000000000122,85.74999999999727,11.450000000000028,0,91.79999999999693,0.2,0,0.0,84.00000000000023
J002329,2023-02-03/WGMS,WGMS,AMR_10,G26_12,WS_13_20,"[""112377""]",1,19728.299999853163,19914.399999850455,19825.049999851755,19728.299999853163,19728.299999853163,19732.349999853104,19814.949999851902,19814.9999998519,19824.999999851756,19825.049999851755,19910.349999850514,19914.399999850455,18.100000000000122,88.6999999999971,9.55,0,69.54999999999819,0.2,0,0.0,88.00000000000026
J002330,2023-02-03/WTNM,WTNM,AMR_26,G21_12,WS_8_20,"[""110448"", ""111246""]",2,19759.999999852702,19965.849999849706,19904.5499998506,19759.999999852702,19759.999999852702,19764.049999852643,19894.449999850745,19894.499999850745,19904.4999998506,19904.5499998506,19961.799999849765,19965.849999849706,18.100000000000122,137.99999999999713,18.100000000000122,0,31.450000000000312,0.2,0,0.0,151.99999999999903
J002331,2023-02-03/WTNM,WTNM,AMR_32,G15_12,WS_8_20,"[""101097""]",1,19780.09999985241,19918.449999850396,19856.099999851303,19780.09999985241,19783.999999852353,19788.049999852294,19845.99999985145,19846.04999985145,19856.049999851304,19856.099999851303,19914.399999850455,19918.449999850396,18.100000000000122,86.84999999999721,11.450000000000028,0,21.700000000000173,0.25,0,2.0,92.00000000000094
J002332,2023-02-03/WKKR,WKKR,AMR_31,G17_4,WS_2_20,"[""101330"", ""111376"", ""123310"", ""124704"", ""136923""]",5,19784.349999852348,19964.749999849722,19904.799999850595,19784.349999852348,19805.749999852036,19809.799999851977,19894.69999985074,19894.74999985074,19904.749999850595,19904.799999850595,19960.69999984978,19964.749999849722,18.100000000000122,126.14999999999498,12.35000000000004,0,23.5500000000002,0.25,0,19.999999999999996,132.0000000000028
J002333,2023-02-03/WKKR,WKKR,AMR_08,G15_15,WS_2_20,"[""123094"", ""124702"", ""134029""]",3,19784.349999852348,19982.69999984946,19938.8999998501,19784.349999852348,19784.349999852348,19788.39999985229,19928.799999850246,19928.849999850245,19938.8499998501,19938.8999998501,19978.64999984952,19982.69999984946,18.100000000000122,100.04999999999646,15.300000000000082,0,64.69999999999847,0.2,0,0.0,100.00000000000145
J002334,2023-02-03/WKKR,WKKR,AMR_01,G9_15,WS_2_20,"[""110398"", ""123035""]",2,19784.349999852348,19898.099999850692,19853.64999985134,19784.349999852348,19802.04999985209,19806.09999985203,19843.549999851486,19843.599999851485,19853.59999985134,19853.64999985134,19894.04999985075,19898.099999850692,18.100000000000122,65.19999999999844,9.5,0,20.70000000000016,0.25,0,14.0,52.000000000000185
J002335,2023-02-03/WKKR,WKKR,AMR_38,G14_15,WS_2_20,"[""101025"", ""125413""]",2,19784.349999852348,19921.59999985035,19870.69999985109,19784.349999852348,19784.349999852348,19788.39999985229,19860.599999851238,19860.649999851237,19870.64999985109,19870.69999985109,19917.54999985041,19921.59999985035,18.100000000000122,78.84999999999766,7.599999999999981,0,32.50000000000029,0.2,0,0.0,88.00000000000082
J002336,2023-02-03/WKKR,WKKR,AMR_04,G2_15,WS_2_20,"[""115355""]",1,19784.349999852348,19859.499999851254,19836.599999851587,19784.349999852348,19784.349999852348,19788.39999985229,19826.499999851734,19826.549999851733,19836.549999851588,19836.599999851587,19855.449999851313,19859.499999851254,18.100000000000122,36.150000000000084,7.649999999999981,0,13.05000000000005,0.2,0,0.0,31.999999999999986
J002337,2023-02-03/WKKR,WKKR,AMR_03,G3_14,WS_2_20,"[""111996""]",1,19784.349999852348,19853.349999851343,19819.34999985184,19784.349999852348,19784.349999852348,19788.39999985229,19809.249999851985,19809.299999851984,19819.29999985184,19819.34999985184,19849.299999851402,19853.349999851343,18.100000000000122,39.999999999999865,7.649999999999981,0,3.049999999999997,0.2,0,0.0,40.00000000000003
J002338,2023-02-03/WTNM,WTNM,AMR_34,G18_15,WS_8_20,"[""112288""]",1,19795.94999985218,19974.44999984958,19920.749999850363,19795.94999985218,19795.94999985218,19799.99999985212,19910.64999985051,19910.69999985051,19920.699999850363,19920.749999850363,19970.39999984964,19974.44999984958,18.100000000000122,88.14999999999714,13.400000000000055,0,58.649999999998805,0.2,0,0.0,100.00000000000139
J002339,2023-02-03/WTNM,WTNM,AMR_27,G17_12,WS_8_20,"[""101221""]",1,19811.899999851947,19950.049999849936,19888.849999850827,19811.899999851947,19830.89999985167,19834.94999985161,19878.749999850974,19878.799999850973,19888.799999850828,19888.849999850827,19945.999999849995,19950.049999849936,18.100000000000122,84.84999999999732,11.450000000000028,0,23.5000000000002,0.25,0,8.0,80.00000000000094
J002340,2023-02-03/WKKR,WKKR,AMR_20,G3_15,WS_2_20,"[""110615""]",1,19819.399999851837,19911.99999985049,19887.749999850843,19819.399999851837,19819.399999851837,19823.44999985178,19877.64999985099,19877.69999985099,19887.699999850844,19887.749999850843,19907.94999985055,19911.99999985049,18.100000000000122,34.50000000000018,6.649999999999984,0,33.150000000000254,0.2,0,0.0,31.99999999999998
J002341,2023-02-03/WKKR,WKKR,AMR_07,G3_13,WS_2_20,"[""107290""]",1,19836.649999851586,19954.099999849877,19921.849999850347,19836.649999851586,19836.649999851586,19840.699999851528,19911.749999850494,19911.799999850493,19921.799999850347,19921.849999850347,19950.049999849936,19954.099999849877,18.100000000000122,47.049999999999464,7.649999999999981,0,44.44999999999961,0.2,0,0.0,44.000000000000185
J002342,2023-02-03/WKKR,WKKR,AMR_21,G26_15,WS_2_20,"[""110165"", ""110575""]",2,19853.69999985134,20051.849999848455,19972.699999849607,19853.69999985134,19853.69999985134,19857.74999985128,19962.599999849754,19962.649999849753,19972.649999849607,19972.699999849607,20047.799999848514,20051.849999848455,18.100000000000122,114.89999999999561,11.450000000000028,0,53.4999999999991,0.2,0,0.0,124.00000000000114
J002343,2023-02-03/WTNM,WTNM,AMR_09,G23_14,WS_8_20,"[""125639""]",1,19856.149999851303,20055.999999848395,19997.749999849242,19856.149999851303,19859.499999851254,19863.549999851195,19987.64999984939,19987.69999984939,19997.699999849243,19997.749999849242,20051.949999848453,20055.999999848395,18.100000000000122,97.99999999999658,7.599999999999981,0,75.89999999999783,0.25,0,2.0,92.00000000000043
J002344,2023-02-03/WKKR,WKKR,AMR_35,G6_14,WS_2_20,"[""112387""]",1,19870.74999985109,19990.94999984934,19955.94999984985,19870.74999985109,19870.74999985109,19874.79999985103,19945.849999849997,19945.899999849997,19955.89999984985,19955.94999984985,19986.8999998494,19990.94999984934,18.100000000000122,53.64999999999909,9.55,0,38.69999999999994,0.2,0,0.0,52.0000000000004
J002345,2023-02-03/WTNM,WTNM,AMR_06,G23_15,WS_8_20,"[""110232"", ""134027""]",2,19872.89999985106,20043.29999984858,19981.799999849474,19872.89999985106,19872.89999985106,19876.949999851,19971.69999984962,19971.74999984962,19981.749999849475,19981.799999849474,20039.24999984864,20043.29999984858,18.100000000000122,89.79999999999704,7.599999999999981,0,54.69999999999903,0.2,0,0.0,88.0000000000004
J002346,2023-02-03/WGMS,WGMS,AMR_13,G30_14,WS_13_20,"[""110109""]",1,19884.999999850883,20057.349999848375,19981.39999984948,19884.999999850883,19884.999999850883,19889.049999850824,19971.299999849627,19971.349999849626,19981.34999984948,19981.39999984948,20053.299999848434,20057.349999848375,18.100000000000122,100.04999999999646,11.450000000000028,0,42.54999999999972,0.2,0,0.0,116.00000000000071
J002347,2023-02-03/WKKR,WKKR,AMR_24,G21_15,WS_2_20,"[""110274"", ""110418"", ""110531""]",3,19887.799999850842,20104.29999984769,20041.19999984861,19887.799999850842,19887.799999850842,19891.849999850783,20031.099999848757,20031.149999848756,20041.14999984861,20041.19999984861,20100.24999984775,20104.29999984769,18.100000000000122,111.89999999999579,13.350000000000055,0,72.949999999998,0.2,0,0.0,124.00000000000179
J002348,2023-02-03/WTNM,WTNM,AMR_36,G15_14,WS_8_20,"[""101155""]",1,19888.899999850826,20030.99999984876,19965.799999849707,19888.899999850826,19888.899999850826,19892.949999850767,19955.699999849854,19955.749999849853,19965.749999849708,19965.799999849707,20026.949999848817,20030.99999984876,18.100000000000122,84.64999999999733,11.500000000000028,0,27.650000000000258,0.2,0,0.0,88.00000000000071
J002349,2023-02-03/WTNM,WTNM,AMR_17,G23_9,WS_8_20,"[""110422""]",1,19904.599999850598,20118.299999847488,20029.649999848778,19904.599999850598,19922.099999850343,19926.149999850284,20019.549999848925,20019.599999848924,20029.59999984878,20029.649999848778,20114.249999847547,20118.299999847488,18.100000000000122,118.5499999999954,15.300000000000082,0,61.49999999999864,0.25,0,12.0,112.00000000000111
J002350,2023-02-03/WKKR,WKKR,AMR_11,G17_15,WS_2_20,"[""111249"", ""112034""]",2,19904.849999850594,20049.849999848484,20007.099999849106,19904.849999850594,19904.849999850594,19908.899999850535,19996.999999849253,19997.049999849252,20007.049999849107,20007.099999849106,20045.799999848543,20049.849999848484,18.100000000000122,75.09999999999788,7.649999999999981,0,43.94999999999964,0.2,0,0.0,84.00000000000125
J002351,2023-02-03/WTNM,WTNM,AMR_22,G26_14,WS_8_20,"[""101147""]",2,19920.799999850362,20118.09999984749,20013.69999984901,19920.799999850362,19920.799999850362,19924.849999850303,20003.599999849157,20003.649999849156,20013.64999984901,20013.69999984901,20114.04999984755,20118.09999984749,18.100000000000122,123.79999999999511,11.450000000000028,0,43.74999999999965,0.2,0,0.0,147.99999999999974
J002352,2023-02-03/WKKR,WKKR,AMR_03,G5_10,WS_2_20,"[""112394""]",1,19921.899999850346,20026.14999984883,19990.049999849354,19921.899999850346,19939.149999850095,19943.199999850036,19979.9499998495,19979.9999998495,19989.999999849355,19990.049999849354,20022.099999848888,20026.14999984883,18.100000000000122,64.0499999999985,11.500000000000028,0,10.350000000000012,0.25,0,12.0,56.00000000000048
J002353,2023-02-03/WKKR,WKKR,AMR_15,G9_7,WS_2_20,"[""112247""]",1,19938.949999850098,20083.049999848,20024.149999848858,19938.949999850098,19953.549999849885,19957.599999849826,20014.049999849005,20014.099999849004,20024.09999984886,20024.149999848858,20078.99999984806,20083.049999848,18.100000000000122,100.24999999999645,13.400000000000055,0,12.100000000000037,0.25,0,8.0,108.00000000000205
J002354,2023-02-03/WKKR,WKKR,AMR_32,G15_12,WS_2_20,"[""101097""]",1,19955.99999984985,20127.599999847353,20075.299999848114,19955.99999984985,19955.99999984985,19960.04999984979,20065.19999984826,20065.24999984826,20075.249999848114,20075.299999848114,20123.54999984741,20127.599999847353,18.100000000000122,88.44999999999712,11.450000000000028,0,53.3999999999991,0.2,0,0.0,96.00000000000131
J002355,2023-02-03/WTNM,WTNM,AMR_18,G27_15,WS_8_20,"[""112292""]",1,19965.849999849706,20118.79999984748,20061.549999848314,19965.849999849706,19969.899999849647,19973.94999984959,20051.44999984846,20051.49999984846,20061.499999848314,20061.549999848314,20114.74999984754,20118.79999984748,18.100000000000122,93.24999999999685,6.649999999999984,0,34.700000000000166,0.25,0,2.0,104.00000000000071
J002356,2023-02-03/WKKR,WKKR,AMR_30,G14_10,WS_2_20,"[""135096""]",1,19972.749999849606,20104.099999847695,20058.24999984836,19972.749999849606,19972.749999849606,19976.799999849547,20048.14999984851,20048.199999848508,20058.199999848362,20058.24999984836,20100.049999847753,20104.099999847695,18.100000000000122,77.84999999999772,7.599999999999981,0,27.600000000000257,0.2,0,0.0,92.00000000000145
J002357,2023-02-03/WKKR,WKKR,AMR_28,G12_7,WS_2_20,"[""112010""]",1,19990.099999849353,20155.14999984695,20092.349999847866,19990.099999849353,20004.69999984914,20008.749999849082,20082.249999848013,20082.29999984801,20092.299999847866,20092.349999847866,20151.09999984701,20155.14999984695,18.100000000000122,107.999999999996,13.400000000000055,0,25.300000000000225,0.25,0,8.0,120.00000000000261
J002358,2023-02-03/WKKR,WKKR,AMR_34,G18_14,WS_2_20,"[""111342""]",1,20007.149999849105,20162.499999846845,20109.399999847617,20007.149999849105,20010.19999984906,20014.249999849002,20099.299999847764,20099.349999847764,20109.349999847618,20109.399999847617,20158.449999846904,20162.499999846845,18.100000000000122,91.84999999999692,8.549999999999986,0,36.60000000000006,0.25,0,2.0,100.00000000000131
J002359,2023-02-03/WKKR,WKKR,AMR_27,G18_12,WS_2_20,"[""107428""]",1,20024.199999848857,20226.499999845913,20143.49999984712,20024.199999848857,20027.249999848813,20031.299999848754,20133.39999984727,20133.449999847267,20143.449999847122,20143.49999984712,20222.449999845972,20226.499999845913,18.100000000000122,124.59999999999506,10.450000000000014,0,48.89999999999936,0.25,0,2.0,140.00000000000244
J002360,2023-02-03/WKKR,WKKR,AMR_36,G15_14,WS_2_20,"[""112359""]",1,20041.24999984861,20173.449999846685,20126.44999984737,20041.24999984861,20041.24999984861,20045.29999984855,20116.349999847516,20116.399999847516,20126.39999984737,20126.44999984737,20169.399999846744,20173.449999846685,18.100000000000122,78.84999999999766,9.55,0,25.500000000000227,0.2,0,0.0,88.00000000000128
J002361,2023-02-03/WKKR,WKKR,AMR_05,G17_10,WS_2_20,"[""115794""]",1,20058.29999984836,20212.849999846112,20160.549999846873,20058.29999984836,20074.29999984813,20078.34999984807,20150.44999984702,20150.49999984702,20160.499999846874,20160.549999846873,20208.79999984617,20212.849999846112,18.100000000000122,98.64999999999654,13.400000000000055,0,24.150000000000208,0.25,0,10.0,104.00000000000193
J002362,2023-02-03/WKKR,WKKR,AMR_40,G18_10,WS_2_20,"[""117025""]",1,20075.349999848113,20233.54999984581,20177.599999846625,20075.349999848113,20089.9499998479,20093.99999984784,20167.499999846772,20167.54999984677,20177.549999846626,20177.599999846625,20229.49999984587,20233.54999984581,18.100000000000122,103.69999999999625,13.400000000000055,0,22.75000000000019,0.25,0,8.0,116.00000000000225
J002363,2023-02-03/WKKR,WKKR,AMR_26,G20_12,WS_2_20,"[""111995""]",1,20092.399999847865,20274.19999984522,20194.649999846377,20092.399999847865,20096.399999847807,20100.449999847748,20184.549999846524,20184.599999846523,20194.599999846378,20194.649999846377,20270.14999984528,20274.19999984522,18.100000000000122,122.04999999999521,11.400000000000027,0,30.00000000000029,0.25,0,2.0,148.00000000000102
J002364,2023-02-03/WKKR,WKKR,AMR_33,G18_8,WS_2_20,"[""112372""]",1,20109.449999847617,20283.74999984508,20211.69999984613,20109.449999847617,20122.499999847427,20126.549999847368,20201.599999846276,20201.649999846275,20211.64999984613,20211.69999984613,20279.69999984514,20283.74999984508,18.100000000000122,112.54999999999575,15.300000000000082,0,28.100000000000264,0.25,0,6.0,124.00000000000222
J002365,2023-02-03/WKKR,WKKR,AMR_22,G26_14,WS_2_20,"[""101147"", ""101177""]",2,20126.49999984737,20287.19999984503,20228.74999984588,20126.49999984737,20126.49999984737,20130.54999984731,20218.649999846028,20218.699999846027,20228.69999984588,20228.74999984588,20283.14999984509,20287.19999984503,18.100000000000122,101.64999999999637,9.55,0,31.20000000000031,0.2,0,0.0,124.00000000000199
J002366,2023-02-03/WKKR,WKKR,AMR_31,G17_6,WS_2_20,"[""134027""]",1,20143.54999984712,20311.399999844678,20245.799999845633,20143.54999984712,20157.149999846923,20161.199999846864,20235.69999984578,20235.74999984578,20245.749999845633,20245.799999845633,20307.349999844737,20311.399999844678,18.100000000000122,114.59999999999563,12.400000000000041,0,22.500000000000185,0.25,0,8.0,132.00000000000287
J002367,2023-02-03/WKKR,WKKR,AMR_37,G23_12,WS_2_20,"[""125179""]",1,20160.599999846872,20320.049999844552,20262.849999845384,20160.599999846872,20160.599999846872,20164.649999846813,20252.74999984553,20252.79999984553,20262.799999845385,20262.849999845384,20315.99999984461,20320.049999844552,18.100000000000122,99.14999999999651,9.55,0,32.450000000000294,0.2,0,0.0,120.00000000000207
J002368,2023-02-03/WKKR,WKKR,AMR_17,G21_7,WS_2_20,"[""118539""]",1,20177.649999846624,20354.299999844054,20279.899999845136,20177.649999846624,20192.24999984641,20196.299999846353,20269.799999845283,20269.849999845283,20279.849999845137,20279.899999845136,20350.249999844113,20354.299999844054,18.100000000000122,129.74999999999525,13.400000000000055,0,15.15000000000008,0.25,0,8.0,155.99999999999997
J002369,2023-02-03/WKKR,WKKR,AMR_10,G24_13,WS_2_20,"[""112084""]",1,20194.699999846376,20356.799999844017,20296.94999984489,20194.699999846376,20207.749999846186,20211.799999846127,20286.849999845035,20286.899999845034,20296.89999984489,20296.94999984489,20352.749999844076,20356.799999844017,18.100000000000122,115.2499999999956,13.400000000000055,0,15.10000000000008,0.25,0,6.0,136.00000000000196
J002370,2023-02-03/WKKR,WKKR,AMR_12,G26_12,WS_2_20,"[""111241""]",1,20211.749999846128,20375.24999984375,20313.99999984464,20211.749999846128,20223.799999845953,20227.849999845894,20303.899999844787,20303.949999844786,20313.94999984464,20313.99999984464,20371.199999843808,20375.24999984375,18.100000000000122,113.54999999999569,10.450000000000014,0,21.150000000000166,0.25,0,6.0,136.00000000000193
J002371,2023-02-03/WKKR,WKKR,AMR_18,G27_14,WS_2_20,"[""110132""]",1,20228.79999984588,20401.29999984337,20331.049999844392,20228.79999984588,20231.849999845836,20235.899999845777,20320.94999984454,20320.99999984454,20330.999999844393,20331.049999844392,20397.24999984343,20401.29999984337,18.100000000000122,116.8499999999955,10.450000000000014,0,26.850000000000247,0.25,0,2.0,140.0000000000014
J002372,2023-02-03/WKKR,WKKR,AMR_13,G30_14,WS_2_20,"[""111367""]",1,20245.849999845632,20419.449999843106,20348.099999844144,20245.849999845632,20245.849999845632,20249.899999845573,20337.99999984429,20338.04999984429,20348.049999844145,20348.099999844144,20415.399999843165,20419.449999843106,18.100000000000122,128.69999999999501,13.350000000000055,0,13.250000000000053,0.2,0,0.0,159.99999999999815
