job_id,task_id,store_id,robot,rack_id,workstation,covered_skus,covered_lines,dispatch_time_s,completion_time_s,station_release_time_s,to_pickup_time_s,pickup_wait_time_s,to_dropoff_entry_time_s,to_workstation_time_s,dropoff_wait_time_s,to_ingestor_exit_time_s,to_return_time_s,return_wait_time_s,idle_time_s,handling_service_seconds,translation_seconds,rotation_seconds,safety_blocking_seconds,reservation_path_wait_seconds,other_active_wait_seconds,idle_seconds,empty_distance_m,loaded_distance_m
J000001,2023-01-03/AMPP,AMPP,AMR_25,G11_13,WS_13_20,"[""110342"", ""112432""]",4,0.05,94.1499999999968,62.99999999999856,0.05,0.05,4.099999999999993,52.89999999999913,52.94999999999913,62.94999999999856,62.99999999999856,90.09999999999702,94.1499999999968,18.100000000000122,51.39999999999922,9.55,0,14.850000000000076,0.2,0,0.0,52.00000000000017
J000002,2023-01-03/BDBU,BDBU,AMR_03,G23_7,WS_19_20,"[""110569"", ""112010""]",2,0.05,129.4999999999952,72.24999999999804,0.05,21.700000000000173,25.75000000000023,62.149999999998606,62.1999999999986,72.19999999999804,72.24999999999804,125.44999999999501,129.4999999999952,18.100000000000122,84.19999999999736,15.250000000000082,0,11.65000000000003,0.25,0,16.0,72.00000000000054
J000003,2023-01-03/APUR,APUR,AMR_02,G23_15,WS_25_20,"[""112432""]",1,0.05,88.39999999999712,70.79999999999812,0.05,27.75000000000026,31.800000000000317,60.69999999999869,60.749999999998685,70.74999999999812,70.79999999999812,84.34999999999735,88.39999999999712,18.100000000000122,55.59999999999898,8.549999999999986,0,5.849999999999987,0.25,0,20.0,36.00000000000003
J000004,2023-01-03/BDPP,BDPP,AMR_24,G9_13,WS_2_20,"[""119945""]",1,0.05,149.99999999999986,109.19999999999594,0.05,47.99999999999941,52.04999999999918,99.09999999999651,99.14999999999651,109.14999999999594,109.19999999999594,145.94999999999894,149.99999999999986,18.100000000000122,96.29999999999667,17.20000000000011,0,18.100000000000122,0.25,0,33.99999999999997,68.00000000000088
J000005,2023-01-03/BDRW,BDRW,AMR_40,G29_15,WS_30_20,"[""110178""]",1,0.05,98.04999999999657,80.94999999999754,0.05,42.14999999999974,46.19999999999951,70.84999999999812,70.89999999999812,80.89999999999755,80.94999999999754,93.9999999999968,98.04999999999657,18.100000000000122,59.64999999999875,8.599999999999987,0,11.400000000000027,0.25,0,38.0,32.0
J000006,2023-01-03/BKIN,BKIN,AMR_13,G0_15,WS_8_20,"[""101276""]",1,0.05,79.9999999999976,47.24999999999945,0.05,0.05,4.099999999999993,37.15000000000003,37.200000000000024,47.199999999999456,47.24999999999945,75.94999999999783,79.9999999999976,18.100000000000122,53.699999999999086,7.599999999999981,0,0.35,0.2,0,0.0,60.00000000000025
J000007,2023-01-03/AMPP,AMPP,AMR_23,G9_12,WS_13_20,"[""107172"", ""124208""]",2,0.05,146.54999999999907,114.14999999999566,0.05,13.950000000000063,18.00000000000012,104.04999999999623,104.09999999999623,114.09999999999566,114.14999999999566,142.49999999999815,146.54999999999907,18.100000000000122,64.1999999999985,11.400000000000027,0,52.54999999999915,0.25,0,8.0,56.00000000000027
J000008,2023-01-03/BDBU,BDBU,AMR_27,G21_15,WS_19_20,"[""132437""]",1,0.05,79.74999999999761,54.39999999999905,0.05,24.25000000000021,28.300000000000267,44.29999999999962,44.34999999999962,54.34999999999905,54.39999999999905,75.69999999999784,79.74999999999761,18.100000000000122,50.24999999999928,8.599999999999987,0,2.499999999999999,0.25,0,24.0,32.0
J000009,2023-01-03/APUR,APUR,AMR_01,G26_12,WS_25_20,"[""121833""]",1,0.05,145.3999999999988,102.59999999999631,0.05,38.049999999999976,42.099999999999746,92.49999999999689,92.54999999999688,102.54999999999632,102.59999999999631,141.3499999999979,145.3999999999988,18.100000000000122,76.24999999999781,11.400000000000027,0,39.3499999999999,0.25,0,22.0,52.0000000000003
J000010,2023-01-03/BDPP,BDPP,AMR_09,G3_10,WS_2_20,"[""107398""]",1,0.05,80.84999999999755,49.499999999999325,0.05,9.800000000000004,13.850000000000062,39.3999999999999,39.449999999999896,49.44999999999933,49.499999999999325,76.79999999999778,80.84999999999755,18.100000000000122,53.199999999999115,6.649999999999984,0,2.5999999999999988,0.25,0,8.0,52.0000000000004
J000011,2023-01-03/BDRW,BDRW,AMR_04,G35_12,WS_30_20,"[""107327""]",1,0.05,314.05000000003713,267.55000000002656,0.05,222.55000000001635,226.60000000001727,257.45000000002426,257.5000000000243,267.50000000002655,267.55000000002656,310.0000000000362,314.05000000003713,18.100000000000122,190.35000000000903,27.75000000000026,0,77.54999999999774,0.25,0,147.9999999999996,68.0000000000004
J000012,2023-01-03/BKIN,BKIN,AMR_36,G15_10,WS_8_20,"[""110310""]",1,0.05,182.45000000000724,127.4499999999949,0.05,15.350000000000083,19.40000000000014,117.34999999999548,117.39999999999547,127.3999999999949,127.4499999999949,178.40000000000632,182.45000000000724,18.100000000000122,79.9999999999976,12.400000000000041,0,71.64999999999807,0.25,0,10.0,76.00000000000065
J000013,2023-01-03/AMPP,AMPP,AMR_28,G23_2,WS_13_20,"[""110178"", ""110357""]",3,0.05,270.7000000000273,131.19999999999558,0.05,29.650000000000286,33.70000000000022,121.09999999999526,121.14999999999526,131.14999999999557,131.19999999999558,266.65000000002635,270.7000000000273,18.100000000000122,146.49999999999906,16.150000000000095,0,89.64999999999705,0.25,0,27.999999999999996,124.0000000000011
J000014,2023-01-03/BDBU,BDBU,AMR_37,G15_12,WS_19_20,"[""110603""]",1,0.05,180.30000000000675,89.39999999999706,0.05,22.500000000000185,26.550000000000242,79.29999999999764,79.34999999999764,89.34999999999707,89.39999999999706,176.25000000000583,180.30000000000675,18.100000000000122,70.99999999999811,11.400000000000027,0,79.49999999999763,0.25,0,10.0,56.00000000000023
J000015,2023-01-03/APUR,APUR,AMR_05,G23_12,WS_25_20,"[""112087""]",1,0.05,118.39999999999542,86.64999999999722,0.05,27.20000000000025,31.25000000000031,76.5499999999978,76.59999999999779,86.59999999999722,86.64999999999722,114.34999999999565,118.39999999999542,18.100000000000122,74.7499999999979,15.300000000000082,0,9.950000000000006,0.25,0,16.0,56.0000000000003
J000016,2023-01-03/BDPP,BDPP,AMR_15,G3_9,WS_2_20,"[""110153""]",1,0.05,125.14999999999503,66.84999999999835,0.05,21.700000000000173,25.75000000000023,56.74999999999891,56.79999999999891,66.79999999999835,66.84999999999835,121.09999999999526,125.14999999999503,18.100000000000122,75.79999999999784,9.55,0,21.40000000000017,0.25,0,21.999999999999996,60.00000000000021
J000017,2023-01-03/BDRW,BDRW,AMR_38,G32_8,WS_30_20,"[""110519""]",1,0.05,160.7500000000023,120.04999999999532,0.05,70.34999999999815,74.39999999999792,109.9499999999959,109.9999999999959,119.99999999999532,120.04999999999532,156.70000000000138,160.7500000000023,18.100000000000122,110.34999999999587,13.350000000000055,0,18.65000000000013,0.25,0,66.00000000000068,64.00000000000067
J000018,2023-01-03/BKIN,BKIN,AMR_39,G21_12,WS_8_20,"[""112316""]",1,0.05,351.6500000000457,196.65000000001046,0.05,101.99999999999635,106.04999999999612,186.55000000000817,186.60000000000818,196.60000000001045,196.65000000001046,347.60000000004476,351.6500000000457,18.100000000000122,159.95000000000212,20.05000000000015,0,153.2500000000006,0.25,0,58.0000000000004,100.00000000000077
J000019,2023-01-03/AMPP,AMPP,AMR_34,G20_12,WS_13_20,"[""125639""]",1,0.05,239.4500000000202,148.24999999999946,0.05,59.149999999998776,63.199999999998546,138.14999999999716,138.19999999999717,148.19999999999945,148.24999999999946,235.40000000001928,239.4500000000202,18.100000000000122,99.54999999999649,13.350000000000055,0,108.149999999996,0.25,0,28.0,64.0000000000001
J000020,2023-01-03/BDBU,BDBU,AMR_35,G14_12,WS_19_20,"[""124208""]",2,0.05,288.9500000000314,106.4499999999961,0.05,33.95000000000021,37.99999999999998,96.34999999999667,96.39999999999667,106.3999999999961,106.4499999999961,284.9000000000305,288.9500000000314,18.100000000000122,94.74999999999676,11.400000000000027,0,164.40000000000313,0.25,0,26.0,68.00000000000017
J000021,2023-01-03/APUR,APUR,AMR_29,G29_9,WS_25_20,"[""107381""]",1,0.05,159.75000000000207,118.5499999999954,0.05,54.249999999999055,58.299999999998825,108.44999999999598,108.49999999999598,118.49999999999541,118.5499999999954,155.70000000000115,159.75000000000207,18.100000000000122,102.59999999999631,13.350000000000055,0,25.400000000000226,0.25,0,50.000000000000384,68.00000000000051
J000022,2023-01-03/BDPP,BDPP,AMR_08,G6_9,WS_2_20,"[""112007""]",1,0.05,135.89999999999665,92.3499999999969,0.05,39.74999999999988,43.79999999999965,82.24999999999747,82.29999999999747,92.2999999999969,92.3499999999969,131.84999999999573,135.89999999999665,18.100000000000122,88.89999999999709,13.350000000000055,0,15.250000000000082,0.25,0,21.999999999999986,72.00000000000082
J000023,2023-01-03/BDRW,BDRW,AMR_26,G38_9,WS_30_20,"[""125179""]",1,0.05,230.85000000001824,180.1500000000067,0.05,126.69999999999494,130.74999999999548,170.05000000000442,170.10000000000443,180.1000000000067,180.1500000000067,226.80000000001732,230.85000000001824,18.100000000000122,145.7999999999989,19.150000000000137,0,47.49999999999944,0.25,0,84.00000000000036,80.00000000000044
J000024,2023-01-03/BKIN,BKIN,AMR_22,G20_8,WS_8_20,"[""114748""]",1,0.05,272.2000000000276,180.45000000000678,0.05,34.95000000000015,38.99999999999992,170.35000000000448,170.4000000000045,180.40000000000677,180.45000000000678,268.1500000000267,272.2000000000276,18.100000000000122,126.79999999999494,15.250000000000082,0,111.7499999999958,0.25,0,35.99999999999996,104.00000000000145
J000025,2023-01-03/AMPP,AMPP,AMR_33,G9_10,WS_13_20,"[""110227""]",1,0.05,135.1999999999965,97.09999999999663,0.05,14.950000000000077,19.000000000000135,86.9999999999972,87.0499999999972,97.04999999999663,97.09999999999663,131.14999999999557,135.1999999999965,18.100000000000122,77.89999999999772,13.350000000000055,0,25.550000000000228,0.25,0,8.0,68.00000000000037
J000026,2023-01-03/BDBU,BDBU,AMR_32,G23_9,WS_19_20,"[""101067""]",1,0.05,252.45000000002315,207.90000000001302,0.05,159.70000000000206,163.75000000000298,197.80000000001073,197.85000000001074,207.850000000013,207.90000000001302,248.40000000002223,252.45000000002315,18.100000000000122,133.09999999999602,21.050000000000164,0,79.8999999999976,0.25,0,72.00000000000048,64.00000000000058
J000027,2023-01-03/APUR,APUR,AMR_31,G35_9,WS_25_20,"[""101202""]",1,0.05,197.6500000000107,134.14999999999625,0.05,77.99999999999771,82.04999999999748,124.0499999999951,124.09999999999509,134.09999999999624,134.14999999999625,193.60000000000977,197.6500000000107,18.100000000000122,136.64999999999682,15.300000000000082,0,27.300000000000253,0.25,0,70.00000000000038,92.00000000000043
J000028,2023-01-03/BDPP,BDPP,AMR_30,G12_9,WS_2_20,"[""101189""]",1,0.05,189.10000000000875,125.89999999999499,0.05,44.549999999999606,48.599999999999376,115.79999999999556,115.84999999999556,125.84999999999499,125.89999999999499,185.05000000000783,189.10000000000875,18.100000000000122,119.39999999999536,17.20000000000011,0,34.1000000000002,0.25,0,26.0,96.00000000000105
J000029,2023-01-03/BDRW,BDRW,AMR_10,G17_12,WS_30_20,"[""112287""]",1,0.05,268.5000000000268,154.90000000000097,0.05,76.29999999999781,80.34999999999758,144.79999999999868,144.8499999999987,154.85000000000096,154.90000000000097,264.45000000002585,268.5000000000268,18.100000000000122,143.1999999999983,19.050000000000136,0,87.84999999999715,0.25,0,38.00000000000003,124.00000000000074
J000030,2023-01-03/BKIN,BKIN,AMR_11,G29_10,WS_8_20,"[""101256""]",1,0.05,375.65000000005114,283.5500000000302,0.05,195.65000000001024,199.70000000001116,273.4500000000279,273.5000000000279,283.5000000000302,283.5500000000302,371.6000000000502,375.65000000005114,18.100000000000122,225.30000000001698,22.05000000000018,0,109.8999999999959,0.25,0,132.0000000000022,132.00000000000136
J000031,2023-01-03/AMPP,AMPP,AMR_21,G3_12,WS_13_20,"[""110561""]",1,0.05,124.74999999999505,80.0499999999976,0.05,18.100000000000122,22.15000000000018,69.94999999999817,69.99999999999817,79.9999999999976,80.0499999999976,120.69999999999528,124.74999999999505,18.100000000000122,85.89999999999726,11.400000000000027,0,9.049999999999994,0.25,0,12.0,80.00000000000078
J000032,2023-01-03/BDBU,BDBU,AMR_06,G14_9,WS_19_20,"[""107238""]",1,0.05,284.8500000000305,123.8999999999951,0.05,37.699999999999996,41.749999999999766,113.79999999999568,113.84999999999567,123.8499999999951,123.8999999999951,280.80000000002957,284.8500000000305,18.100000000000122,138.94999999999735,13.350000000000055,0,114.14999999999566,0.25,0,46.0000000000004,108.00000000000114
J000033,2023-01-03/BDPP,BDPP,AMR_14,G18_8,WS_2_20,"[""117427""]",1,0.05,250.4000000000227,178.40000000000632,0.05,50.84999999999925,54.89999999999902,168.30000000000402,168.35000000000403,178.3500000000063,178.40000000000632,246.35000000002177,250.4000000000227,18.100000000000122,165.05000000000328,15.250000000000082,0,51.6999999999992,0.25,0,52.00000000000037,144.00000000000185
J000034,2023-01-03/BDRW,BDRW,AMR_12,G15_9,WS_30_20,"[""110313""]",1,0.05,554.6500000000433,434.8000000000646,0.05,334.1500000000417,338.2000000000426,424.7000000000623,424.7500000000623,434.7500000000646,434.8000000000646,550.600000000047,554.6500000000433,18.100000000000122,235.0500000000192,34.50000000000018,0,266.70000000002636,0.25,0,132.00000000000205,112.00000000000068
J000035,2023-01-03/BKIN,BKIN,AMR_20,G35_15,WS_8_20,"[""110473""]",1,0.05,403.1500000000574,267.4000000000265,0.05,159.9000000000021,163.95000000000303,257.3000000000242,257.35000000002424,267.3500000000265,267.4000000000265,399.10000000005647,403.1500000000574,18.100000000000122,245.00000000002146,22.95000000000019,0,116.7999999999955,0.25,0,120.00000000000135,159.99999999999804
J000036,2023-01-03/APUR,APUR,AMR_19,G17_10,WS_25_20,"[""124208""]",1,4.849999999999991,350.8000000000455,265.85000000002617,4.849999999999991,112.29999999999576,116.34999999999553,255.7500000000239,255.8000000000239,265.80000000002616,265.85000000002617,346.75000000004457,350.8000000000455,18.100000000000122,197.90000000001075,21.000000000000163,0,108.69999999999597,0.25,0,80.00000000000122,143.99999999999923
J000037,2023-01-03/BKIN,BKIN,AMR_16,G11_2,WS_8_20,"[""110569""]",1,47.29999999999945,205.30000000001243,143.29999999999833,47.29999999999945,82.04999999999748,86.09999999999725,133.19999999999604,133.24999999999605,143.24999999999832,143.29999999999833,201.2500000000115,205.30000000001243,18.100000000000122,105.29999999999616,11.450000000000028,0,22.90000000000019,0.25,0,25.999999999999982,92.00000000000114
J000038,2023-01-03/BDPP,BDPP,AMR_07,G26_2,WS_2_20,"[""110391""]",1,49.54999999999932,384.90000000005324,305.5000000000352,49.54999999999932,116.04999999999555,120.09999999999532,295.4000000000329,295.4500000000329,305.4500000000352,305.5000000000352,380.8500000000523,384.90000000005324,18.100000000000122,218.55000000001544,20.950000000000163,0,77.49999999999774,0.25,0,62.00000000000017,211.99999999999258
J000039,2023-01-03/BDBU,BDBU,AMR_17,G14_8,WS_19_20,"[""110319""]",1,54.449999999999044,301.1500000000342,225.25000000001697,54.449999999999044,103.94999999999624,107.999999999996,215.15000000001467,215.20000000001468,225.20000000001696,225.25000000001697,297.1000000000333,301.1500000000342,18.100000000000122,124.39999999999507,13.350000000000055,0,90.599999999997,0.25,0,42.00000000000013,84.0000000000006
J000040,2023-01-03/AMPP,AMPP,AMR_18,G18_9,WS_13_20,"[""101153""]",2,63.049999999998555,294.9500000000328,237.90000000001984,63.049999999998555,153.10000000000056,157.15000000000148,227.80000000001755,227.85000000001756,237.85000000001983,237.90000000001984,290.90000000003187,294.9500000000328,18.100000000000122,158.5000000000018,21.000000000000163,0,34.0500000000002,0.25,0,90.00000000000165,84.00000000000071
J000041,2023-01-03/APUR,APUR,AMR_27,G0_10,WS_25_20,"[""100167""]",1,79.79999999999761,484.6500000000759,303.9000000000348,79.79999999999761,188.15000000000853,192.20000000000945,293.8000000000325,293.85000000003254,303.8500000000348,303.9000000000348,480.600000000075,484.6500000000759,18.100000000000122,217.75000000001526,25.80000000000023,0,142.94999999999825,0.25,0,60.00000000000093,183.99999999999295
J000042,2023-01-03/BDBU,BDBU,AMR_13,G26_6,WS_19_20,"[""109843""]",1,80.0499999999976,342.70000000004364,242.30000000002084,80.0499999999976,174.20000000000536,178.25000000000628,232.20000000001855,232.25000000001856,242.25000000002083,242.30000000002084,338.6500000000427,342.70000000004364,18.100000000000122,151.25000000000014,17.20000000000011,0,75.84999999999783,0.25,0,82.00000000000102,88.00000000000051
J000043,2023-01-03/AMPP,AMPP,AMR_09,G20_9,WS_13_20,"[""125547""]",1,80.89999999999755,281.7000000000298,220.65000000001592,80.89999999999755,132.24999999999582,136.29999999999674,210.55000000001363,210.60000000001364,220.6000000000159,220.65000000001592,277.65000000002885,281.7000000000298,18.100000000000122,104.79999999999619,16.250000000000096,0,61.39999999999865,0.25,0,40.00000000000004,76.00000000000085
J000044,2023-01-03/BDRW,BDRW,AMR_02,G18_10,WS_30_20,"[""107323""]",1,88.44999999999712,340.55000000004316,284.65000000003045,88.44999999999712,138.7499999999973,142.79999999999822,274.55000000002815,274.60000000002816,284.60000000003043,284.65000000003045,336.50000000004223,340.55000000004316,18.100000000000122,126.34999999999496,16.200000000000095,0,91.19999999999696,0.25,0,20.0,112.00000000000045
J000045,2023-01-03/BDBU,BDBU,AMR_25,G2_10,WS_19_20,"[""101192""]",1,94.19999999999679,586.2000000000146,521.7500000000732,94.19999999999679,193.3000000000097,197.35000000001062,511.65000000008206,511.70000000008207,521.7000000000733,521.7500000000732,582.1500000000183,586.2000000000146,18.100000000000122,188.4500000000086,24.90000000000022,0,260.3000000000249,0.25,0,56.00000000000064,140.0000000000001
J000046,2023-01-03/AMPP,AMPP,AMR_40,G26_10,WS_13_20,"[""136921""]",1,98.09999999999657,310.0500000000362,254.95000000002372,98.09999999999657,119.59999999999535,123.64999999999512,244.85000000002142,244.90000000002144,254.9000000000237,254.95000000002372,306.0000000000353,310.0500000000362,18.100000000000122,110.19999999999588,13.300000000000054,0,70.09999999999816,0.25,0,16.0,96.00000000000054
J000047,2023-01-03/APUR,APUR,AMR_05,G0_15,WS_25_20,"[""107317""]",1,118.44999999999541,518.5000000000762,463.100000000071,118.44999999999541,251.00000000002282,255.05000000002374,453.0000000000687,453.05000000006874,463.050000000071,463.100000000071,514.4500000000799,518.5000000000762,18.100000000000122,186.35000000000812,18.150000000000123,0,177.20000000000604,0.25,0,80.00000000000102,128.00000000000108
J000048,2023-01-03/BDBU,BDBU,AMR_21,G23_12,WS_19_20,"[""110465""]",1,124.79999999999505,355.50000000004655,259.3500000000247,124.79999999999505,199.050000000011,203.10000000001193,249.25000000002242,249.30000000002244,259.3000000000247,259.3500000000247,351.45000000004563,355.50000000004655,18.100000000000122,94.59999999999677,11.400000000000027,0,106.3499999999961,0.25,0,44.0,52.00000000000021
J000049,2023-01-03/APUR,APUR,AMR_15,G3_9,WS_25_20,"[""107336""]",1,125.19999999999503,508.05000000008124,322.45000000003904,125.19999999999503,125.19999999999503,129.24999999999514,312.35000000003674,312.40000000003675,322.40000000003903,322.45000000003904,504.0000000000803,508.05000000008124,18.100000000000122,133.39999999999608,13.350000000000055,0,217.80000000001527,0.2,0,0.0,140.00000000000085
J000050,2023-01-03/BDRW,BDRW,AMR_03,G23_7,WS_30_20,"[""110569""]",1,129.5499999999952,248.05000000002215,197.2000000000106,129.5499999999952,129.5499999999952,133.59999999999613,187.1000000000083,187.1500000000083,197.15000000001058,197.2000000000106,244.00000000002123,248.05000000002215,18.100000000000122,83.3999999999974,11.450000000000028,0,5.349999999999989,0.2,0,0.0,96.00000000000068
J000051,2023-01-03/AMPP,AMPP,AMR_33,G26_9,WS_13_20,"[""110374""]",1,135.2499999999965,429.5500000000634,363.6500000000484,135.2499999999965,274.7500000000282,278.8000000000291,353.5500000000461,353.6000000000461,363.6000000000484,363.6500000000484,425.50000000006247,429.5500000000634,18.100000000000122,156.15000000000126,24.95000000000022,0,94.84999999999675,0.25,0,60.00000000000004,104.00000000000077
J000052,2023-01-03/APUR,APUR,AMR_08,G3_12,WS_25_20,"[""110561""]",1,135.94999999999666,370.95000000005007,287.9000000000312,135.94999999999666,196.25000000001037,200.3000000000113,277.8000000000289,277.8500000000289,287.8500000000312,287.9000000000312,366.90000000004915,370.95000000005007,18.100000000000122,151.75000000000026,17.25000000000011,0,47.64999999999943,0.25,0,44.00000000000021,128.0000000000009
J000053,2023-01-03/BDBU,BDBU,AMR_01,G9_10,WS_19_20,"[""110227""]",1,145.44999999999882,528.1500000000674,476.300000000074,145.44999999999882,252.15000000002308,256.200000000024,466.2000000000717,466.25000000007174,476.250000000074,476.300000000074,524.1000000000711,528.1500000000674,18.100000000000122,179.05000000000646,31.550000000000313,0,153.7500000000007,0.25,0,70.00000000000085,124.00000000000159
J000054,2023-01-03/AMPP,AMPP,AMR_23,G29_14,WS_13_20,"[""107344""]",1,146.59999999999908,521.7000000000733,424.2500000000622,146.59999999999908,298.2000000000335,302.25000000003445,414.1500000000599,414.2000000000599,424.2000000000622,424.2500000000622,517.650000000077,521.7000000000733,18.100000000000122,133.79999999999617,13.350000000000055,0,209.6000000000134,0.25,0,48.00000000000013,92.00000000000043
J000055,2023-01-03/AMPP,AMPP,AMR_24,G29_12,WS_13_20,"[""110543""]",1,150.04999999999987,505.90000000008075,441.4000000000661,150.04999999999987,281.9000000000298,285.95000000003074,431.3000000000638,431.3500000000638,441.3500000000661,441.4000000000661,501.85000000007983,505.90000000008075,18.100000000000122,147.0499999999992,14.300000000000068,0,176.1500000000058,0.25,0,46.0,104.00000000000054
J000056,2023-01-03/BDRW,BDRW,AMR_29,G9_1,WS_30_20,"[""110339""]",1,159.8000000000021,532.8500000000631,364.8500000000487,159.8000000000021,254.75000000002368,258.80000000002457,354.7500000000464,354.8000000000464,364.80000000004867,364.8500000000487,528.8000000000668,532.8500000000631,18.100000000000122,229.15000000001785,26.750000000000245,0,98.79999999999653,0.25,0,100.00000000000117,171.99999999999613
J000057,2023-01-03/APUR,APUR,AMR_38,G32_8,WS_25_20,"[""110519""]",1,160.8000000000023,260.45000000002494,214.30000000001448,160.8000000000023,160.8000000000023,164.85000000000323,204.20000000001218,204.2500000000122,214.25000000001447,214.30000000001448,256.400000000024,260.45000000002494,18.100000000000122,70.89999999999812,9.55,0,0.9000000000000002,0.2,0,0.0,84.00000000000068
J000058,2023-01-03/BDRW,BDRW,AMR_37,G9_12,WS_30_20,"[""124208""]",1,180.35000000000676,586.2500000000146,530.0000000000657,180.35000000000676,239.0500000000201,243.10000000002103,519.9000000000749,519.9500000000749,529.9500000000658,530.0000000000657,582.2000000000182,586.2500000000146,18.100000000000122,180.70000000000684,20.950000000000163,0,185.90000000000802,0.25,0,36.00000000000003,159.99999999999721
J000059,2023-01-03/BDRW,BDRW,AMR_36,G15_10,WS_30_20,"[""110310""]",1,197.2500000000106,431.10000000006374,323.6500000000393,197.2500000000106,197.2500000000106,201.30000000001152,313.550000000037,313.600000000037,323.6000000000393,323.6500000000393,427.0500000000628,431.10000000006374,18.100000000000122,99.89999999999647,12.400000000000041,0,103.24999999999628,0.2,0,0.0,108.00000000000054
J000060,2023-01-03/BDBU,BDBU,AMR_31,G35_9,WS_19_20,"[""101202""]",1,207.95000000001303,481.35000000007517,276.40000000002857,207.95000000001303,207.95000000001303,212.00000000001396,266.3000000000263,266.3500000000263,276.35000000002856,276.40000000002857,477.30000000007425,481.35000000007517,18.100000000000122,140.9499999999978,17.20000000000011,0,96.94999999999663,0.2,0,0.0,163.99999999999622
J000061,2023-01-03/APUR,APUR,AMR_16,G11_2,WS_25_20,"[""110569""]",1,214.3500000000145,524.9000000000703,338.5500000000427,214.3500000000145,214.3500000000145,218.4000000000154,328.4500000000404,328.5000000000404,338.5000000000427,338.5500000000427,520.850000000074,524.9000000000703,18.100000000000122,181.8000000000071,22.95000000000019,0,87.49999999999717,0.2,0,0.0,207.9999999999925
J000062,2023-01-03/AMPP,AMPP,AMR_30,G12_9,WS_13_20,"[""107303""]",1,220.70000000001593,336.0000000000421,300.85000000003413,220.70000000001593,220.70000000001593,224.75000000001685,290.75000000003183,290.80000000003184,300.8000000000341,300.85000000003413,331.9500000000412,336.0000000000421,18.100000000000122,79.64999999999762,11.450000000000028,0,5.899999999999987,0.2,0,0.0,88.00000000000094
J000063,2023-01-03/AMPP,AMPP,AMR_26,G18_2,WS_13_20,"[""140079""]",1,237.95000000001986,438.60000000006545,386.65000000005364,237.95000000001986,297.7500000000334,301.80000000003434,376.55000000005134,376.60000000005135,386.6000000000536,386.65000000005364,434.55000000006453,438.60000000006545,18.100000000000122,136.1499999999967,18.100000000000122,0,28.050000000000264,0.25,0,62.00000000000011,96.00000000000138
J000064,2023-01-03/AMPP,AMPP,AMR_03,G23_7,WS_13_20,"[""110569""]",2,255.00000000002373,415.8500000000603,346.0000000000444,255.00000000002373,255.00000000002373,259.0500000000246,335.9000000000421,335.9500000000421,345.9500000000444,346.0000000000444,411.80000000005936,415.8500000000603,18.100000000000122,91.89999999999692,11.450000000000028,0,39.19999999999991,0.2,0,0.0,96.00000000000068
J000065,2023-01-03/CENT,CENT,AMR_32,G24_7,WS_8_20,"[""110161"", ""111212"", ""121875"", ""125413""]",4,283.6000000000302,581.350000000019,496.3500000000786,283.6000000000302,301.7000000000343,305.75000000003524,486.2500000000763,486.3000000000763,496.30000000007857,496.3500000000786,577.3000000000227,581.350000000019,18.100000000000122,127.19999999999492,15.250000000000082,0,136.9499999999969,0.25,0,10.0,132.00000000000162
J000066,2023-01-03/CENT,CENT,AMR_28,G29_8,WS_8_20,"[""110504"", ""110596"", ""112066""]",3,283.6000000000302,595.2000000000064,512.3500000000818,283.6000000000302,316.75000000003774,320.80000000003866,502.2500000000799,502.30000000007993,512.3000000000818,512.3500000000818,591.1500000000101,595.2000000000064,18.100000000000122,146.09999999999897,16.250000000000096,0,130.89999999999552,0.25,0,24.00000000000002,140.0000000000006
J000067,2023-01-03/CENT,CENT,AMR_10,G6_10,WS_8_20,"[""110284"", ""110604""]",2,283.6000000000302,411.1000000000592,376.4000000000513,283.6000000000302,326.10000000003987,330.1500000000408,366.300000000049,366.350000000049,376.3500000000513,376.4000000000513,407.0500000000583,411.1000000000592,18.100000000000122,91.79999999999693,15.300000000000082,0,2.0500000000000007,0.25,0,42.00000000000033,60.00000000000048
J000068,2023-01-03/CENT,CENT,AMR_34,G15_12,WS_8_20,"[""101302"", ""107285""]",3,283.6000000000302,634.4499999999707,587.7000000000132,283.6000000000302,509.00000000008146,513.0500000000811,577.6000000000224,577.6500000000224,587.6500000000133,587.7000000000132,630.3999999999744,634.4499999999707,18.100000000000122,133.8499999999962,22.05000000000018,0,176.6000000000059,0.25,0,66.00000000000048,76.00000000000097
J000069,2023-01-03/CENT,CENT,AMR_09,G23_13,WS_8_20,"[""110497"", ""111222""]",2,283.6000000000302,769.8999999998475,619.5999999999842,283.6000000000302,550.8000000000468,554.8500000000431,609.4999999999934,609.5499999999934,619.5499999999843,619.5999999999842,765.8499999998512,769.8999999998475,18.100000000000122,203.20000000001195,28.60000000000027,0,236.15000000001945,0.25,0,118.00000000000028,96.00000000000077
J000070,2023-01-03/CENT,CENT,AMR_14,G23_8,WS_8_20,"[""110317"", ""125583""]",2,283.6000000000302,651.7999999999549,555.8000000000422,283.6000000000302,337.95000000004256,342.0000000000435,545.7000000000514,545.7500000000514,555.7500000000423,555.8000000000422,647.7499999999586,651.7999999999549,18.100000000000122,157.40000000000154,19.150000000000137,0,173.30000000000516,0.25,0,38.000000000000114,136.0000000000014
J000071,2023-01-03/APUR,APUR,AMR_18,G18_9,WS_25_20,"[""110322""]",1,295.0000000000328,471.0000000000728,380.2500000000522,295.0000000000328,295.0000000000328,299.0500000000337,370.1500000000499,370.2000000000499,380.20000000005217,380.2500000000522,466.9500000000719,471.0000000000728,18.100000000000122,93.64999999999682,17.20000000000011,0,46.849999999999476,0.2,0,0.0,96.00000000000034
J000072,2023-01-03/AMPP,AMPP,AMR_38,G32_8,WS_13_20,"[""110519"", ""138355""]",3,300.90000000003414,542.1500000000547,476.95000000007417,300.90000000003414,300.90000000003414,304.95000000003506,466.8500000000719,466.9000000000719,476.90000000007416,476.95000000007417,538.1000000000583,542.1500000000547,18.100000000000122,135.74999999999662,17.15000000000011,0,70.04999999999816,0.2,0,0.0,151.99999999999758
J000073,2023-01-03/JMNS,JMNS,AMR_35,G38_8,WS_2_20,"[""111249""]",1,305.5500000000352,677.5499999999315,579.6000000000206,305.5500000000352,389.6000000000543,393.65000000005523,569.5000000000298,569.5500000000297,579.5500000000206,579.6000000000206,673.4999999999352,677.5499999999315,18.100000000000122,240.50000000002044,19.100000000000136,0,94.0499999999968,0.25,0,84.00000000000031,215.99999999999093
J000074,2023-01-03/AMPP,AMPP,AMR_17,G8_2,WS_13_20,"[""101192""]",1,346.0500000000444,517.2000000000774,458.45000000006996,346.0500000000444,374.40000000005085,378.4500000000518,448.35000000006767,448.4000000000677,458.40000000006995,458.45000000006996,513.150000000081,517.2000000000774,18.100000000000122,115.54999999999558,16.250000000000096,0,21.000000000000163,0.25,0,23.999999999999996,108.00000000000192
J000075,2023-01-03/BDRW,BDRW,AMR_21,G23_12,WS_30_20,"[""112087""]",1,355.55000000004657,536.6000000000597,417.7000000000607,355.55000000004657,355.55000000004657,359.6000000000475,407.6000000000584,407.6500000000584,417.6500000000607,417.7000000000607,532.5500000000634,536.6000000000597,18.100000000000122,71.34999999999809,9.5,0,81.89999999999749,0.2,0,0.0,76.00000000000023
J000076,2023-01-03/AMPP,AMPP,AMR_04,G32_9,WS_13_20,"[""107333""]",1,363.7000000000484,623.8999999999803,512.0000000000821,363.7000000000484,386.20000000005354,390.25000000005446,501.90000000007984,501.95000000007985,511.9500000000821,512.0000000000821,619.849999999984,623.8999999999803,18.100000000000122,126.39999999999496,18.150000000000123,0,97.29999999999661,0.25,0,16.0,124.00000000000074
J000077,2023-01-03/CENT,CENT,AMR_08,G3_12,WS_8_20,"[""110344"", ""110601""]",2,376.4500000000513,461.05000000007055,427.70000000006297,376.4500000000513,376.4500000000513,380.50000000005224,417.6000000000607,417.6500000000607,427.65000000006296,427.70000000006297,457.00000000006963,461.05000000007055,18.100000000000122,55.89999999999896,9.55,0,0.8500000000000002,0.2,0,0.0,60.00000000000031
J000078,2023-01-03/CENT,CENT,AMR_07,G26_2,WS_8_20,"[""101025"", ""110391"", ""110599""]",3,427.750000000063,631.8499999999731,539.600000000057,427.750000000063,427.750000000063,431.8000000000639,529.5000000000662,529.5500000000661,539.550000000057,539.600000000057,627.7999999999768,631.8499999999731,18.100000000000122,139.5999999999975,15.250000000000082,0,30.950000000000305,0.2,0,0.0,171.99999999999758
J000079,2023-01-03/AMPP,AMPP,AMR_31,G35_9,WS_13_20,"[""101202""]",1,481.4000000000752,779.5499999998387,572.0500000000275,481.4000000000752,481.4000000000752,485.4500000000761,561.9500000000367,562.0000000000366,572.0000000000275,572.0500000000275,775.4999999998424,779.5499999998387,18.100000000000122,122.69999999999517,15.250000000000082,0,141.89999999999802,0.2,0,0.0,139.99999999999986
J000080,2023-01-03/CENT,CENT,AMR_18,G18_9,WS_8_20,"[""112361"", ""127626""]",2,496.4000000000786,628.5499999999761,571.7500000000277,496.4000000000786,496.4000000000786,500.4500000000795,561.6500000000369,561.7000000000369,571.7000000000278,571.7500000000277,624.4999999999798,628.5499999999761,18.100000000000122,86.59999999999722,11.450000000000028,0,15.80000000000009,0.2,0,0.0,100.00000000000122
J000081,2023-01-03/BDRW,BDRW,AMR_15,G3_9,WS_30_20,"[""107336""]",1,508.10000000008125,722.2499999998909,627.2999999999772,508.10000000008125,508.10000000008125,512.150000000082,617.1999999999864,617.2499999999864,627.2499999999773,627.2999999999772,718.1999999998945,722.2499999998909,18.100000000000122,158.0500000000017,13.350000000000055,0,24.450000000000212,0.2,0,0.0,191.99999999999608
J000082,2023-01-03/CENT,CENT,AMR_33,G23_9,WS_8_20,"[""110309"", ""110588""]",2,512.4000000000817,795.2999999998244,645.5999999999606,512.4000000000817,520.3500000000745,524.4000000000708,635.4999999999698,635.5499999999697,645.5499999999606,645.5999999999606,791.2499999998281,795.2999999998244,18.100000000000122,118.5499999999954,11.450000000000028,0,134.54999999999634,0.25,0,6.0,112.00000000000094
J000083,2023-01-03/BDMC,BDMC,AMR_02,G20_14,WS_19_20,"[""110342"", ""112432""]",2,521.8000000000732,610.4999999999925,582.1500000000183,521.8000000000732,539.0000000000575,543.0500000000538,572.0500000000275,572.1000000000274,582.1000000000183,582.1500000000183,606.4499999999962,610.4999999999925,18.100000000000122,54.49999999999904,13.400000000000055,0,2.4499999999999993,0.25,0,12.0,40.000000000000114
J000084,2023-01-03/BDMC,BDMC,AMR_36,G14_12,WS_19_20,"[""124208""]",1,521.8000000000732,679.3999999999298,640.4999999999652,521.8000000000732,534.9000000000613,538.9500000000576,630.3999999999744,630.4499999999744,640.4499999999653,640.4999999999652,675.3499999999335,679.3999999999298,18.100000000000122,77.44999999999774,12.35000000000004,0,49.44999999999933,0.25,0,6.0,68.00000000000037
J000085,2023-01-03/BDMC,BDMC,AMR_03,G21_9,WS_19_20,"[""121892""]",1,521.8000000000732,650.2999999999563,606.599999999996,521.8000000000732,536.3500000000599,540.4000000000563,596.5000000000052,596.5500000000052,606.5499999999961,606.599999999996,646.24999999996,650.2999999999563,18.100000000000122,76.24999999999781,15.300000000000082,0,18.60000000000013,0.25,0,8.0,64.00000000000044
J000086,2023-01-03/BDMC,BDMC,AMR_10,G11_12,WS_19_20,"[""123034""]",1,521.8000000000732,701.7499999999095,657.5499999999497,521.8000000000732,555.4000000000426,559.4500000000389,647.4499999999589,647.4999999999588,657.4999999999498,657.5499999999497,697.6999999999132,701.7499999999095,18.100000000000122,92.3499999999969,14.300000000000068,0,54.949999999999015,0.25,0,14.0,80.0000000000006
J000087,2023-01-03/BDMC,BDMC,AMR_30,G12_8,WS_19_20,"[""123069""]",1,521.8000000000732,674.5499999999342,623.4499999999807,521.8000000000732,525.7500000000696,529.8000000000659,613.3499999999899,613.3999999999899,623.3999999999808,623.4499999999807,670.4999999999379,674.5499999999342,18.100000000000122,83.5999999999974,11.400000000000027,0,39.3999999999999,0.25,0,2.0,84.00000000000071
J000088,2023-01-03/BDMC,BDMC,AMR_08,G5_9,WS_19_20,"[""125583""]",1,521.8000000000732,844.4499999997797,761.8999999998548,521.8000000000732,537.7500000000587,541.800000000055,751.799999999864,751.8499999998639,761.8499999998548,761.8999999998548,840.3999999997834,844.4499999997797,18.100000000000122,119.64999999999534,17.20000000000011,0,167.45000000000383,0.25,0,10.0,116.00000000000125
J000089,2023-01-03/APUR,APUR,AMR_01,G9_10,WS_25_20,"[""110227""]",1,528.2000000000673,696.0999999999146,634.3999999999708,528.2000000000673,528.2000000000673,532.2500000000637,624.29999999998,624.3499999999799,634.3499999999708,634.3999999999708,692.0499999999183,696.0999999999146,18.100000000000122,100.9999999999964,8.549999999999986,0,40.04999999999986,0.2,0,0.0,112.00000000000065
J000090,2023-01-03/CENT,CENT,AMR_21,G23_12,WS_8_20,"[""101332"", ""110465""]",2,539.6500000000569,665.0999999999428,603.6499999999987,539.6500000000569,539.6500000000569,543.7000000000533,593.5500000000079,593.6000000000079,603.5999999999988,603.6499999999987,661.0499999999465,665.0999999999428,18.100000000000122,89.14999999999708,10.500000000000014,0,7.499999999999981,0.2,0,0.0,104.00000000000094
J000091,2023-01-03/CENT,CENT,AMR_13,G27_2,WS_8_20,"[""110132"", ""110333""]",2,555.8500000000422,834.9499999997884,694.7499999999159,555.8500000000422,576.950000000023,581.0000000000193,684.6499999999251,684.699999999925,694.6999999999159,694.7499999999159,830.899999999792,834.9499999997884,18.100000000000122,153.45000000000064,16.250000000000096,0,91.04999999999697,0.25,0,14.0,159.99999999999793
J000092,2023-01-03/CENT,CENT,AMR_20,G35_8,WS_8_20,"[""101134"", ""112359""]",2,571.8000000000277,879.299999999748,742.7999999998722,571.8000000000277,633.0999999999719,637.1499999999683,732.6999999998814,732.7499999998813,742.7499999998722,742.7999999998722,875.2499999997517,879.299999999748,18.100000000000122,195.5000000000102,19.100000000000136,0,74.54999999999791,0.25,0,62.00000000000051,163.9999999999974
J000093,2023-01-03/KBES,KBES,AMR_27,G3_12,WS_2_20,"[""107290"", ""110344"", ""110386"", ""110561""]",4,579.6500000000206,677.9499999999312,636.9999999999684,579.6500000000206,599.8500000000022,603.8999999999985,626.8999999999776,626.9499999999775,636.9499999999684,636.9999999999684,673.8999999999348,677.9499999999312,18.100000000000122,57.79999999999885,10.500000000000014,0,11.65000000000003,0.25,0,10.000000000000004,48.00000000000021
J000094,2023-01-03/KBES,KBES,AMR_22,G21_8,WS_2_20,"[""110231"", ""110292"", ""111276"", ""120450""]",4,579.6500000000206,811.4499999998097,722.4499999998907,579.6500000000206,582.5500000000179,586.6000000000142,712.3499999998999,712.3999999998998,722.3999999998907,722.4499999998907,807.3999999998134,811.4499999998097,18.100000000000122,130.09999999999533,9.5,0,73.84999999999795,0.25,0,2.0,136.00000000000088
J000095,2023-01-03/KBES,KBES,AMR_40,G26_12,WS_2_20,"[""110590"", ""112333"", ""118518"", ""121833""]",4,579.6500000000206,782.4499999998361,671.2999999999372,579.6500000000206,586.0500000000147,590.100000000011,661.1999999999464,661.2499999999463,671.2499999999372,671.2999999999372,778.3999999998398,782.4499999998361,18.100000000000122,120.84999999999528,10.500000000000014,0,53.09999999999912,0.25,0,4.0,132.00000000000128
J000096,2023-01-03/KBES,KBES,AMR_26,G20_2,WS_2_20,"[""109843"", ""110097"", ""110499"", ""111212""]",4,579.6500000000206,766.4999999998506,688.3499999999217,579.6500000000206,584.8500000000158,588.9000000000121,678.2499999999309,678.2999999999308,688.2999999999217,688.3499999999217,762.4499999998543,766.4999999998506,18.100000000000122,130.69999999999547,12.400000000000041,0,25.400000000000226,0.25,0,4.0,155.99999999999957
J000097,2023-01-03/KBES,KBES,AMR_17,G3_5,WS_2_20,"[""110255"", ""110339"", ""127627""]",4,579.6500000000206,708.0999999999037,654.2499999999527,579.6500000000206,603.5499999999988,607.5999999999951,644.1499999999619,644.1999999999618,654.1999999999528,654.2499999999527,704.0499999999074,708.0999999999037,18.100000000000122,92.09999999999691,12.400000000000041,0,5.599999999999988,0.25,0,15.999999999999996,84.00000000000095
J000098,2023-01-03/KBES,KBES,AMR_12,G15_9,WS_2_20,"[""101020"", ""110313"", ""110412""]",5,579.6500000000206,780.2499999998381,705.3999999999062,579.6500000000206,579.6500000000206,583.7000000000169,695.2999999999154,695.3499999999153,705.3499999999062,705.3999999999062,776.1999999998418,780.2499999998381,18.100000000000122,125.44999999999501,15.300000000000082,0,41.54999999999978,0.2,0,0.0,148.00000000000097
J000099,2023-01-03/BDMC,BDMC,AMR_32,G23_7,WS_19_20,"[""110569""]",1,582.2000000000182,752.5999999998633,674.5999999999342,582.2000000000182,585.3000000000154,589.3500000000117,664.4999999999434,664.5499999999433,674.5499999999342,674.5999999999342,748.5499999998669,752.5999999998633,18.100000000000122,88.34999999999712,9.5,0,54.19999999999906,0.25,0,2.0,88.00000000000125
J000100,2023-01-03/CENT,CENT,AMR_11,G38_12,WS_8_20,"[""110336"", ""123305""]",2,587.7500000000132,824.6499999997977,726.8499999998867,587.7500000000132,613.6999999999896,617.7499999999859,716.7499999998959,716.7999999998958,726.7999999998867,726.8499999998867,820.5999999998014,824.6499999997977,18.100000000000122,156.3000000000013,14.350000000000069,0,47.899999999999416,0.25,0,22.0,159.9999999999973
J000101,2023-01-03/CENT,CENT,AMR_24,G38_9,WS_8_20,"[""112084"", ""125179""]",2,603.6999999999987,937.8499999996948,758.7499999998577,603.6999999999987,636.1499999999692,640.1999999999655,748.6499999998668,748.6999999998668,758.6999999998577,758.7499999998577,933.7999999996985,937.8499999996948,18.100000000000122,173.75000000000526,18.150000000000123,0,123.8999999999951,0.25,0,24.0,175.99999999999406
J000102,2023-01-03/BDMC,BDMC,AMR_28,G29_8,WS_19_20,"[""101193""]",1,606.649999999996,750.9499999998648,691.6499999999187,606.649999999996,606.649999999996,610.6999999999923,681.5499999999279,681.5999999999278,691.5999999999187,691.6499999999187,746.8999999998684,750.9499999998648,18.100000000000122,82.09999999999748,11.450000000000028,0,32.450000000000294,0.2,0,0.0,92.00000000000054
J000103,2023-01-03/CENT,CENT,AMR_05,G5_15,WS_8_20,"[""111228""]",1,619.6499999999842,807.7499999998131,774.6999999998432,619.6499999999842,689.6499999999205,693.6999999999168,764.5999999998523,764.6499999998523,774.6499999998432,774.6999999998432,803.6999999998168,807.7499999998131,18.100000000000122,91.19999999999696,17.15000000000011,0,61.39999999999865,0.25,0,42.00000000000021,40.0
J000104,2023-01-03/BDMC,BDMC,AMR_38,G32_8,WS_19_20,"[""110519""]",1,623.4999999999807,766.5999999998505,708.6999999999032,623.4999999999807,623.4999999999807,627.549999999977,698.5999999999124,698.6499999999123,708.6499999999032,708.6999999999032,762.5499999998542,766.5999999998505,18.100000000000122,94.79999999999676,13.350000000000055,0,16.6500000000001,0.2,0,0.0,104.00000000000054
J000105,2023-01-03/BIFG,BIFG,AMR_23,G29_15,WS_25_20,"[""110178""]",1,634.4499999999707,708.3999999999035,677.7999999999313,634.4499999999707,638.499999999967,642.5499999999633,667.6999999999405,667.7499999999404,677.7499999999313,677.7999999999313,704.3499999999071,708.3999999999035,18.100000000000122,45.39999999999956,8.549999999999986,0,1.6500000000000008,0.25,0,2.0,44.00000000000003
J000106,2023-01-03/KBES,KBES,AMR_02,G20_14,WS_2_20,"[""110342"", ""112432"", ""132437""]",3,637.0499999999683,937.4999999996951,779.0999999998392,637.0499999999683,637.0499999999683,641.0999999999647,768.9999999998483,769.0499999998483,779.0499999998392,779.0999999998392,933.4499999996988,937.4999999996951,18.100000000000122,115.59999999999557,13.400000000000055,0,153.15000000000057,0.2,0,0.0,116.00000000000117
J000107,2023-01-03/BDMC,BDMC,AMR_25,G0_15,WS_19_20,"[""107317""]",1,640.5499999999652,845.7999999997785,785.849999999833,640.5499999999652,686.1499999999237,690.19999999992,775.7499999998422,775.7999999998422,785.7999999998331,785.849999999833,841.7499999997822,845.7999999997785,18.100000000000122,121.04999999999526,16.300000000000097,0,49.54999999999932,0.25,0,33.9999999999999,104.00000000000136
J000108,2023-01-03/CENT,CENT,AMR_37,G6_13,WS_8_20,"[""111390""]",1,645.6499999999605,753.949999999862,710.7499999999013,645.6499999999605,664.3999999999435,668.4499999999398,700.6499999999105,700.6999999999105,710.6999999999014,710.7499999999013,749.8999999998657,753.949999999862,18.100000000000122,65.24999999999844,13.350000000000055,0,11.350000000000026,0.25,0,12.0,48.00000000000013
J000109,2023-01-03/KBES,KBES,AMR_18,G18_9,WS_2_20,"[""107389"", ""110322"", ""111303""]",3,654.2999999999527,802.4499999998179,745.19999999987,654.2999999999527,654.2999999999527,658.349999999949,735.0999999998792,735.1499999998791,745.14999999987,745.19999999987,798.3999999998216,802.4499999998179,18.100000000000122,112.04999999999578,13.400000000000055,0,4.399999999999992,0.2,0,0.0,132.0000000000023
J000110,2023-01-03/BDMC,BDMC,AMR_34,G0_10,WS_19_20,"[""100167""]",1,657.5999999999497,905.8499999997239,836.8499999997866,657.5999999999497,710.8499999999012,714.8999999998975,826.7499999997958,826.7999999997958,836.7999999997867,836.8499999997866,901.7999999997276,905.8499999997239,18.100000000000122,142.94999999999825,14.350000000000069,0,72.59999999999802,0.25,0,33.99999999999995,124.00000000000098
J000111,2023-01-03/KBES,KBES,AMR_03,G20_9,WS_2_20,"[""101155"", ""110274"", ""125547""]",3,671.3499999999372,843.1999999997809,762.0499999998547,671.3499999999372,674.3999999999344,678.4499999999307,751.9499999998638,751.9999999998638,761.9999999998547,762.0499999998547,839.1499999997845,843.1999999997809,18.100000000000122,128.34999999999494,7.599999999999981,0,17.550000000000114,0.25,0,2.0,155.9999999999997
J000112,2023-01-03/BDMC,BDMC,AMR_21,G23_12,WS_19_20,"[""112087""]",1,674.6499999999342,764.7499999998522,725.7499999998877,674.6499999999342,674.6499999999342,678.6999999999305,715.6499999998969,715.6999999998968,725.6999999998877,725.7499999998877,760.6999999998559,764.7499999998522,18.100000000000122,52.69999999999914,8.549999999999986,0,10.550000000000015,0.2,0,0.0,52.0000000000003
J000113,2023-01-03/AMPP,AMPP,AMR_35,G38_8,WS_13_20,"[""107328""]",1,677.5999999999315,852.6999999997722,760.6999999998559,677.5999999999315,677.5999999999315,681.6499999999278,750.5999999998651,750.649999999865,760.6499999998559,760.6999999998559,848.6499999997759,852.6999999997722,18.100000000000122,125.24999999999503,11.450000000000028,0,20.10000000000015,0.2,0,0.0,151.99999999999815
J000114,2023-01-03/KBES,KBES,AMR_16,G15_2,WS_2_20,"[""110306"", ""110448"", ""134027""]",5,688.3999999999216,853.6499999997714,796.1499999998236,688.3999999999216,704.6499999999069,708.6999999999032,786.0499999998328,786.0999999998328,796.0999999998237,796.1499999998236,849.599999999775,853.6499999997714,18.100000000000122,119.04999999999538,12.400000000000041,0,15.450000000000085,0.25,0,12.0,128.00000000000279
J000115,2023-01-03/BDMC,BDMC,AMR_27,G3_12,WS_19_20,"[""110561""]",1,691.6999999999186,880.4999999997469,819.7999999998021,691.6999999999186,691.6999999999186,695.749999999915,809.6999999998113,809.7499999998113,819.7499999998022,819.7999999998021,876.4499999997506,880.4999999997469,18.100000000000122,101.0999999999964,9.5,0,59.899999999998734,0.2,0,0.0,108.00000000000125
J000116,2023-01-03/CENT,CENT,AMR_36,G11_13,WS_8_20,"[""110363""]",1,694.7999999999158,825.9999999997965,790.6499999998287,694.7999999999158,717.4499999998952,721.4999999998915,780.5499999998378,780.5999999998378,790.5999999998287,790.6499999998287,821.9499999998002,825.9999999997965,18.100000000000122,66.14999999999839,12.450000000000042,0,34.25000000000019,0.25,0,16.0,48.000000000000284
J000117,2023-01-03/BDRW,BDRW,AMR_01,G9_10,WS_30_20,"[""110227""]",1,696.1499999999146,862.799999999763,782.2999999998362,696.1499999999146,696.1499999999146,700.1999999999109,772.1999999998454,772.2499999998454,782.2499999998363,782.2999999998362,858.7499999997667,862.799999999763,18.100000000000122,112.59999999999575,10.450000000000014,0,25.300000000000225,0.2,0,0.0,132.00000000000085
J000118,2023-01-03/KBES,KBES,AMR_07,G23_2,WS_2_20,"[""110178"", ""111238"", ""111999""]",3,705.4499999999061,911.2999999997189,820.4499999998015,705.4499999999061,723.5999999998896,727.649999999886,810.3499999998107,810.3999999998107,820.3999999998016,820.4499999998015,907.2499999997226,911.2999999997189,18.100000000000122,148.3999999999995,17.15000000000011,0,21.950000000000177,0.25,0,10.0,167.99999999999764
J000119,2023-01-03/BDMC,BDMC,AMR_29,G9_1,WS_19_20,"[""110339""]",1,708.7499999999031,892.7999999997357,802.7499999998176,708.7499999999031,708.7499999999031,712.7999999998995,792.6499999998268,792.6999999998268,802.6999999998177,802.7499999998176,888.7499999997394,892.7999999997357,18.100000000000122,113.74999999999568,15.250000000000082,0,36.75000000000005,0.2,0,0.0,124.00000000000165
J000120,2023-01-03/CENT,CENT,AMR_10,G9_12,WS_8_20,"[""124208""]",2,710.7999999999013,857.0499999997683,806.5999999998141,710.7999999999013,719.2499999998936,723.2999999998899,796.4999999998233,796.5499999998233,806.5499999998142,806.5999999998141,852.999999999772,857.0499999997683,18.100000000000122,59.04999999999878,8.599999999999987,0,60.249999999998714,0.25,0,4.0,52.000000000000355
J000121,2023-01-03/KBES,KBES,AMR_14,G26_2,WS_2_20,"[""107213"", ""110599"", ""123094""]",4,722.4999999998906,968.2999999996671,889.0999999997391,722.4999999998906,771.0499999998465,775.0999999998428,878.9999999997483,879.0499999997483,889.0499999997392,889.0999999997391,964.2499999996708,968.2999999996671,18.100000000000122,175.90000000000575,18.200000000000124,0,33.35000000000024,0.25,0,38.00000000000008,171.9999999999965
J000122,2023-01-03/BDMC,BDMC,AMR_15,G3_9,WS_19_20,"[""107336""]",1,725.7999999998876,930.1499999997018,853.8999999997711,725.7999999998876,725.7999999998876,729.849999999884,843.7999999997803,843.8499999997803,853.8499999997712,853.8999999997711,926.0999999997055,930.1499999997018,18.100000000000122,107.04999999999606,11.450000000000028,0,67.5499999999983,0.2,0,0.0,116.00000000000149
J000123,2023-01-03/CENT,CENT,AMR_19,G6_12,WS_8_20,"[""112045""]",1,726.8999999998866,854.4999999997706,822.5499999997996,726.8999999998866,754.8499999998612,758.8999999998575,812.4499999998088,812.4999999998088,822.4999999997997,822.5499999997996,850.4499999997743,854.4999999997706,18.100000000000122,75.59999999999785,13.350000000000055,0,20.300000000000153,0.25,0,26.000000000000014,52.0000000000003
J000124,2023-01-03/CENT,CENT,AMR_06,G11_10,WS_8_20,"[""110233""]",1,742.8499999998721,877.2999999997498,838.4999999997851,742.8499999998721,762.749999999854,766.7999999998503,828.3999999997943,828.4499999997943,838.4499999997852,838.4999999997851,873.2499999997535,877.2999999997498,18.100000000000122,69.64999999999819,11.450000000000028,0,35.00000000000015,0.25,0,12.0,60.00000000000068
J000125,2023-01-03/KBES,KBES,AMR_04,G30_2,WS_2_20,"[""107238"", ""110233"", ""134029""]",4,745.2499999998699,1050.6499999995922,923.1999999997081,745.2499999998699,768.4999999998488,772.5499999998451,913.0999999997173,913.1499999997172,923.1499999997081,923.1999999997081,1046.5999999995959,1050.6499999995922,18.100000000000122,201.85000000001165,20.10000000000015,0,65.09999999999845,0.25,0,17.999999999999996,223.99999999999224
J000126,2023-01-03/CENT,CENT,AMR_39,G17_12,WS_8_20,"[""110540""]",1,758.7999999998576,938.9999999996937,854.4499999997706,758.7999999998576,775.7999999998422,779.8499999998385,844.3499999997798,844.3999999997798,854.3999999997707,854.4499999997706,934.9499999996974,938.9999999996937,18.100000000000122,86.39999999999723,12.400000000000041,0,63.049999999998555,0.25,0,12.0,76.00000000000068
J000127,2023-01-03/BNUT,BNUT,AMR_32,G23_7,WS_13_20,"[""110569""]",1,760.7499999998558,956.3999999996779,834.9499999997884,760.7499999998558,760.7499999998558,764.7999999998522,824.8499999997975,824.8999999997975,834.8999999997884,834.9499999997884,952.3499999996816,956.3999999996779,18.100000000000122,86.54999999999723,9.55,0,81.24999999999753,0.2,0,0.0,96.00000000000085
J000128,2023-01-03/KBES,KBES,AMR_28,G29_8,WS_2_20,"[""110205"", ""110504"", ""112034""]",3,762.0999999998546,979.399999999657,871.9999999997547,762.0999999998546,762.0999999998546,766.1499999998509,861.8999999997638,861.9499999997638,871.9499999997547,871.9999999997547,975.3499999996607,979.399999999657,18.100000000000122,138.94999999999735,11.450000000000028,0,48.599999999999376,0.2,0,0.0,159.99999999999923
J000129,2023-01-03/CENT,CENT,AMR_37,G9_7,WS_8_20,"[""111238""]",1,774.7499999998431,916.1499999997145,870.3999999997561,774.7499999998431,803.9999999998165,808.0499999998128,860.2999999997653,860.3499999997653,870.3499999997562,870.3999999997561,912.0999999997182,916.1499999997145,18.100000000000122,88.09999999999714,13.400000000000055,0,21.55000000000017,0.25,0,22.00000000000003,72.00000000000082
J000130,2023-01-03/KBES,KBES,AMR_21,G23_12,WS_2_20,"[""101063"", ""112036"", ""112087""]",3,779.1499999998391,1002.449999999636,906.1499999997236,779.1499999998391,779.1499999998391,783.1999999998354,896.0499999997328,896.0999999997327,906.0999999997237,906.1499999997236,998.3999999996397,1002.449999999636,18.100000000000122,112.39999999999576,9.55,0,83.04999999999742,0.2,0,0.0,120.00000000000136
J000131,2023-01-03/BDMC,BDMC,AMR_12,G15_9,WS_19_20,"[""110313""]",1,780.2999999998381,912.8999999997175,870.9499999997556,780.2999999998381,780.2999999998381,784.3499999998344,860.8499999997648,860.8999999997648,870.8999999997557,870.9499999997556,908.8499999997211,912.8999999997175,18.100000000000122,66.64999999999836,9.55,0,38.09999999999997,0.2,0,0.0,68.00000000000051
J000132,2023-01-03/BHAU,BHAU,AMR_23,G29_15,WS_30_20,"[""110178""]",1,782.3499999998362,848.2499999997763,831.0999999997919,782.3499999998362,782.3499999998362,786.3999999998325,820.999999999801,821.049999999801,831.0499999997919,831.0999999997919,844.19999999978,848.2499999997763,18.100000000000122,30.250000000000295,5.749999999999988,0,11.60000000000003,0.2,0,0.0,32.0
J000133,2023-01-03/BHAU,BHAU,AMR_09,G17_10,WS_30_20,"[""124208""]",1,782.3499999998362,932.5999999996995,877.9499999997493,782.3499999998362,806.0499999998146,810.099999999811,867.8499999997584,867.8999999997584,877.8999999997493,877.9499999997493,928.5499999997032,932.5999999996995,18.100000000000122,109.14999999999594,16.250000000000096,0,6.499999999999985,0.25,0,18.0,100.00000000000026
J000134,2023-01-03/CENT,CENT,AMR_30,G14_8,WS_8_20,"[""110418""]",1,790.6999999998286,982.7499999996539,886.3499999997416,790.6999999998286,797.2499999998226,801.299999999819,876.2499999997508,876.2999999997508,886.2999999997417,886.3499999997416,978.6999999996576,982.7499999996539,18.100000000000122,81.04999999999754,13.400000000000055,0,79.24999999999764,0.25,0,4.0,80.00000000000097
J000135,2023-01-03/BDMC,BDMC,AMR_33,G23_9,WS_19_20,"[""101067""]",1,795.3499999998244,946.9999999996865,887.9999999997401,795.3499999998244,795.3499999998244,799.3999999998207,877.8999999997493,877.9499999997493,887.9499999997402,887.9999999997401,942.9499999996901,946.9999999996865,18.100000000000122,65.29999999999843,11.450000000000028,0,56.59999999999892,0.2,0,0.0,64.00000000000044
J000136,2023-01-03/KBES,KBES,AMR_38,G32_8,WS_2_20,"[""101095"", ""107312"", ""110519""]",3,796.1999999998236,1049.2999999995934,940.2499999996926,796.1999999998236,796.1999999998236,800.2499999998199,930.1499999997018,930.1999999997017,940.1999999996926,940.2499999996926,1045.249999999597,1049.2999999995934,18.100000000000122,167.60000000000386,15.250000000000082,0,51.949999999999186,0.2,0,0.0,191.99999999999434
J000137,2023-01-03/CENT,CENT,AMR_17,G0_8,WS_8_20,"[""124207""]",1,806.6499999998141,1078.349999999567,1029.899999999611,806.6499999998141,912.4999999997178,916.5499999997141,1019.7999999996202,1019.8499999996202,1029.849999999611,1029.899999999611,1074.2999999995707,1078.349999999567,18.100000000000122,157.2000000000015,24.90000000000022,0,71.2499999999981,0.25,0,80.00000000000121,88.00000000000081
J000138,2023-01-03/KBES,KBES,AMR_18,G12_12,WS_2_20,"[""107407"", ""110572""]",2,820.4999999998015,1026.3999999996142,957.2999999996771,820.4999999998015,846.9499999997774,850.9999999997738,947.1999999996863,947.2499999996862,957.2499999996771,957.2999999996771,1022.3499999996179,1026.3999999996142,18.100000000000122,106.84999999999607,17.20000000000011,0,63.49999999999853,0.25,0,22.0,84.00000000000063
J000139,2023-01-03/CENT,CENT,AMR_05,G3_5,WS_8_20,"[""110218""]",1,822.5999999997996,1020.1999999996199,966.0999999996691,822.5999999997996,852.5999999997723,856.6499999997686,955.9999999996783,956.0499999996782,966.0499999996691,966.0999999996691,1016.1499999996236,1020.1999999996199,18.100000000000122,113.2999999999957,12.400000000000041,0,53.549999999999095,0.25,0,24.000000000000025,96.0000000000013
J000140,2023-01-03/CTSQ,CTSQ,AMR_36,G6_10,WS_13_20,"[""101013"", ""110216"", ""112331"", ""123306""]",6,834.9999999997883,1050.0499999995927,984.7999999996521,834.9999999997883,857.7999999997676,861.8499999997639,974.6999999996613,974.7499999996612,984.7499999996521,984.7999999996521,1045.9999999995964,1050.0499999995927,18.100000000000122,94.49999999999677,14.300000000000068,0,87.89999999999715,0.25,0,16.0,80.00000000000088
J000141,2023-01-03/CTSQ,CTSQ,AMR_22,G23_8,WS_13_20,"[""101329"", ""107276"", ""110419"", ""125583""]",4,834.9999999997883,962.949999999672,899.3999999997297,834.9999999997883,841.5999999997823,845.6499999997786,889.2999999997389,889.3499999997389,899.3499999997298,899.3999999997297,958.8999999996756,962.949999999672,18.100000000000122,85.44999999999729,13.400000000000055,0,10.750000000000018,0.25,0,4.0,92.00000000000065
J000142,2023-01-03/CTSQ,CTSQ,AMR_26,G18_2,WS_13_20,"[""101135"", ""120450"", ""125413"", ""131216""]",7,834.9999999997883,987.7999999996493,916.5999999997141,834.9999999997883,841.5999999997823,845.6499999997786,906.4999999997233,906.5499999997232,916.5499999997141,916.5999999997141,983.749999999653,987.7999999996493,18.100000000000122,99.69999999999648,13.350000000000055,0,21.40000000000017,0.25,0,4.0,108.00000000000156
J000143,2023-01-03/CTSQ,CTSQ,AMR_13,G29_6,WS_13_20,"[""110146"", ""110166"", ""121833"", ""131653""]",4,834.9999999997883,1068.8499999995756,967.7499999996676,834.9999999997883,854.9999999997701,859.0499999997664,957.6499999996768,957.6999999996767,967.6999999996676,967.7499999996676,1064.7999999995793,1068.8499999995756,18.100000000000122,134.44999999999632,16.250000000000096,0,64.79999999999846,0.25,0,12.0,136.00000000000077
J000144,2023-01-03/CTSQ,CTSQ,AMR_11,G35_12,WS_13_20,"[""101296"", ""111277"", ""112059"", ""129530""]",5,834.9999999997883,1032.8999999996083,950.6999999996831,834.9999999997883,851.6999999997731,855.7499999997694,940.5999999996923,940.6499999996922,950.6499999996831,950.6999999996831,1028.849999999612,1032.8999999996083,18.100000000000122,114.49999999999564,11.400000000000027,0,53.64999999999909,0.25,0,10.0,124.0000000000005
J000145,2023-01-03/CTSQ,CTSQ,AMR_40,G20_12,WS_13_20,"[""101335"", ""110606"", ""125639""]",5,834.9999999997883,983.3999999996533,933.6499999996986,834.9999999997883,857.299999999768,861.3499999997643,923.5499999997078,923.5999999997077,933.5999999996986,933.6499999996986,979.349999999657,983.3999999996533,18.100000000000122,80.64999999999756,13.350000000000055,0,36.05000000000009,0.25,0,16.0,64.00000000000044
J000146,2023-01-03/CENT,CENT,AMR_31,G11_2,WS_8_20,"[""110329""]",1,838.5499999997851,1033.5999999996077,982.0499999996546,838.5499999997851,890.9499999997374,894.9999999997337,971.9499999996638,971.9999999996637,981.9999999996546,982.0499999996546,1029.5499999996114,1033.5999999996077,18.100000000000122,129.4999999999952,12.400000000000041,0,34.80000000000016,0.25,0,62.0000000000004,92.00000000000138
J000147,2023-01-03/CENT,CENT,AMR_35,G38_8,WS_8_20,"[""101295"", ""107130""]",2,854.4999999997706,1163.6999999994894,997.9999999996401,854.4999999997706,854.4999999997706,858.5499999997669,987.8999999996493,987.9499999996492,997.9499999996401,997.9999999996401,1159.649999999493,1163.6999999994894,18.100000000000122,190.00000000000895,19.050000000000136,0,81.8499999999975,0.2,0,0.0,227.99999999998798
J000148,2023-01-03/BIFG,BIFG,AMR_01,G9_10,WS_25_20,"[""110227""]",1,862.849999999763,998.8999999996392,939.849999999693,862.849999999763,862.849999999763,866.8999999997593,929.7499999997021,929.7999999997021,939.799999999693,939.849999999693,994.8499999996429,998.8999999996392,18.100000000000122,94.24999999999679,11.450000000000028,0,12.050000000000036,0.2,0,0.0,112.00000000000091
J000149,2023-01-03/CENT,CENT,AMR_03,G20_9,WS_8_20,"[""101290""]",1,870.4499999997561,1045.7999999995966,949.8999999996838,870.4499999997561,870.4499999997561,874.4999999997524,939.799999999693,939.849999999693,949.8499999996839,949.8999999996838,1041.7499999996003,1045.7999999995966,18.100000000000122,92.94999999999686,9.55,0,54.54999999999904,0.2,0,0.0,100.00000000000097
J000150,2023-01-03/KBES,KBES,AMR_25,G0_15,WS_2_20,"[""107317"", ""124702""]",2,872.0499999997546,994.9999999996428,974.3499999996616,872.0499999997546,872.0499999997546,876.0999999997509,964.2499999996708,964.2999999996707,974.2999999996616,974.3499999996616,990.9499999996465,994.9999999996428,18.100000000000122,40.24999999999985,6.699999999999984,0,57.69999999999886,0.2,0,0.0,36.00000000000001
J000151,2023-01-03/CENT,CENT,AMR_08,G3_1,WS_8_20,"[""110356""]",1,886.3999999997416,1069.549999999575,1013.9499999996256,886.3999999997416,908.6999999997213,912.7499999997176,1003.8499999996347,1003.8999999996347,1013.8999999996256,1013.9499999996256,1065.4999999995787,1069.549999999575,18.100000000000122,111.84999999999579,11.450000000000028,0,41.49999999999978,0.25,0,19.999999999999954,108.00000000000152
J000152,2023-01-03/KBES,KBES,AMR_06,G9_9,WS_2_20,"[""111229"", ""111281""]",2,889.1499999997391,1034.7999999996066,991.3999999996461,889.1499999997391,902.1999999997272,906.2499999997235,981.2999999996553,981.3499999996552,991.3499999996461,991.3999999996461,1030.7499999996103,1034.7999999996066,18.100000000000122,79.64999999999762,11.450000000000028,0,36.20000000000008,0.25,0,6.0,76.00000000000082
J000153,2023-01-03/CTSQ,CTSQ,AMR_20,G35_8,WS_13_20,"[""101014"", ""101026"", ""110380"", ""111376"", ""112359""]",6,899.4499999997297,1127.899999999522,1018.8999999996211,899.4499999997297,899.4499999997297,903.499999999726,1008.7999999996302,1008.8499999996302,1018.8499999996211,1018.8999999996211,1123.8499999995256,1127.899999999522,18.100000000000122,121.69999999999523,11.450000000000028,0,76.99999999999777,0.2,0,0.0,139.99999999999974
J000154,2023-01-03/KBES,KBES,AMR_10,G15_10,WS_2_20,"[""125181"", ""133910""]",2,906.1999999997236,1104.4999999995432,1025.499999999615,906.1999999997236,925.0999999997064,929.1499999997027,1015.3999999996242,1015.4499999996242,1025.449999999615,1025.499999999615,1100.449999999547,1104.4999999995432,18.100000000000122,107.34999999999604,14.300000000000068,0,58.299999999998825,0.25,0,16.0,96.00000000000091
J000155,2023-01-03/CTSQ,CTSQ,AMR_12,G15_9,WS_13_20,"[""107294"", ""112431"", ""132280"", ""135368""]",5,916.649999999714,1064.7499999995794,1001.8499999996366,916.649999999714,916.649999999714,920.6999999997104,991.7499999996458,991.7999999996457,1001.7999999996366,1001.8499999996366,1060.699999999583,1064.7499999995794,18.100000000000122,64.0499999999985,9.55,0,56.199999999998944,0.2,0,0.0,64.00000000000081
J000156,2023-01-03/KBES,KBES,AMR_23,G26_10,WS_2_20,"[""110236"", ""136921""]",2,923.249999999708,1171.5999999994822,1052.0999999995909,923.249999999708,944.5999999996886,948.649999999685,1041.9999999996,1042.0499999996,1052.049999999591,1052.0999999995909,1167.5499999994859,1171.5999999994822,18.100000000000122,139.04999999999737,13.300000000000054,0,77.64999999999773,0.25,0,16.0,140.00000000000108
J000157,2023-01-03/CTSQ,CTSQ,AMR_19,G9_12,WS_13_20,"[""101337"", ""110502"", ""112284""]",3,933.6999999996985,1083.899999999562,1035.9499999996056,933.6999999996985,948.6999999996849,952.7499999996812,1025.8499999996147,1025.8999999996147,1035.8999999996056,1035.9499999996056,1079.8499999995656,1083.899999999562,18.100000000000122,72.949999999998,11.400000000000027,0,47.49999999999944,0.25,0,10.0,56.00000000000006
J000158,2023-01-03/BKPS,BKPS,AMR_39,G17_15,WS_25_20,"[""110299""]",1,939.8999999996929,1075.4499999995696,1023.2999999996171,939.8999999996929,955.7499999996785,959.7999999996748,1013.1999999996262,1013.2499999996262,1023.2499999996171,1023.2999999996171,1071.3999999995733,1075.4499999995696,18.100000000000122,68.74999999999824,10.500000000000014,0,37.94999999999998,0.25,0,10.0,60.0
J000159,2023-01-03/BKPS,BKPS,AMR_24,G32_9,WS_25_20,"[""101174""]",1,939.8999999996929,1104.9499999995428,1039.2499999996026,939.8999999996929,969.9499999996656,973.9999999996619,1029.1499999996117,1029.1999999996117,1039.1999999996026,1039.2499999996026,1100.8999999995465,1104.9499999995428,18.100000000000122,96.79999999999664,15.300000000000082,0,34.60000000000017,0.25,0,24.0,80.0000000000006
J000160,2023-01-03/BKPS,BKPS,AMR_09,G12_13,WS_25_20,"[""111998""]",1,939.8999999996929,1141.7499999995093,1094.2999999995525,939.8999999996929,996.4499999996415,1000.4999999996378,1084.1999999995617,1084.2499999995616,1094.2499999995525,1094.2999999995525,1137.699999999513,1141.7499999995093,18.100000000000122,121.59999999999523,16.200000000000095,0,45.69999999999954,0.25,0,40.00000000000013,88.00000000000028
J000161,2023-01-03/KBES,KBES,AMR_15,G3_9,WS_2_20,"[""101280"", ""107336""]",2,940.2999999996925,1052.2999999995907,1008.4499999996306,940.2999999996925,940.2999999996925,944.3499999996889,998.3499999996397,998.3999999996397,1008.3999999996306,1008.4499999996306,1048.2499999995944,1052.2999999995907,18.100000000000122,56.84999999999891,7.649999999999981,0,29.20000000000028,0.2,0,0.0,60.000000000000384
J000162,2023-01-03/BKPS,BKPS,AMR_33,G23_9,WS_25_20,"[""101067""]",1,947.0499999996864,1069.6999999995749,1007.2999999996316,947.0499999996864,947.0499999996864,951.0999999996827,997.1999999996408,997.2499999996407,1007.2499999996317,1007.2999999996316,1065.6499999995785,1069.6999999995749,18.100000000000122,65.19999999999844,9.5,0,29.650000000000286,0.2,0,0.0,68.00000000000051
J000163,2023-01-03/CENT,CENT,AMR_02,G29_12,WS_8_20,"[""110543""]",1,949.9499999996838,1148.2999999995034,1072.5999999995722,949.9499999996838,984.7499999996521,988.7999999996484,1062.4999999995814,1062.5499999995814,1072.5499999995723,1072.5999999995722,1144.249999999507,1148.2999999995034,18.100000000000122,136.5999999999968,15.300000000000082,0,28.100000000000264,0.25,0,30.0,124.00000000000082
J000164,2023-01-03/CTSQ,CTSQ,AMR_27,G3_12,WS_13_20,"[""107290"", ""110561"", ""112013""]",5,950.749999999683,1133.9999999995164,1077.6499999995676,950.749999999683,950.749999999683,954.7999999996794,1067.5499999995768,1067.5999999995768,1077.5999999995677,1077.6499999995676,1129.94999999952,1133.9999999995164,18.100000000000122,85.74999999999727,10.450000000000014,0,68.74999999999824,0.2,0,0.0,84.0000000000007
J000165,2023-01-03/KBES,KBES,AMR_16,G17_12,WS_2_20,"[""112287"", ""123304""]",2,957.349999999677,1141.5999999995095,1092.1499999995544,957.349999999677,981.599999999655,985.6499999996513,1082.0499999995636,1082.0999999995636,1092.0999999995545,1092.1499999995544,1137.5499999995131,1141.5999999995095,18.100000000000122,114.19999999999565,15.250000000000082,0,36.45000000000007,0.25,0,24.0,104.00000000000173
J000166,2023-01-03/CENT,CENT,AMR_22,G32_12,WS_8_20,"[""110587""]",1,966.149999999669,1201.6999999994548,1106.899999999541,966.149999999669,997.6499999996404,1001.6999999996367,1096.7999999995502,1096.8499999995502,1106.849999999541,1106.899999999541,1197.6499999994585,1201.6999999994548,18.100000000000122,145.54999999999885,13.350000000000055,0,58.299999999998825,0.25,0,30.0,136.0000000000007
J000167,2023-01-03/CTSQ,CTSQ,AMR_07,G26_8,WS_13_20,"[""101177"", ""112070"", ""124211""]",4,967.7999999996675,1226.2499999994325,1145.9499999995055,967.7999999996675,990.5499999996468,994.5999999996432,1135.8499999995147,1135.8999999995146,1145.8999999995056,1145.9499999995055,1222.1999999994362,1226.2499999994325,18.100000000000122,133.34999999999607,20.950000000000163,0,85.79999999999727,0.25,0,18.0,128.0000000000007
J000168,2023-01-03/KBES,KBES,AMR_14,G38_9,WS_2_20,"[""107136"", ""140089""]",2,974.3999999996615,1276.4999999993868,1177.299999999477,974.3999999996615,1011.0999999996282,1015.1499999996245,1167.1999999994862,1167.2499999994861,1177.249999999477,1177.299999999477,1272.4499999993905,1276.4999999993868,18.100000000000122,205.6500000000125,14.350000000000069,0,63.749999999998515,0.25,0,38.0000000000001,215.99999999998997
J000169,2023-01-03/CENT,CENT,AMR_28,G38_10,WS_8_20,"[""107291""]",1,982.0999999996545,1217.2499999994407,1138.799999999512,982.0999999996545,1013.5999999996259,1017.6499999996222,1128.6999999995212,1128.7499999995212,1138.749999999512,1138.799999999512,1213.1999999994443,1217.2499999994407,18.100000000000122,167.70000000000388,16.250000000000096,0,32.85000000000027,0.25,0,30.0,167.9999999999951
J000170,2023-01-03/CTSQ,CTSQ,AMR_32,G23_2,WS_13_20,"[""111238"", ""111999"", ""112394""]",3,984.849999999652,1172.3499999994815,1111.8499999995365,984.849999999652,1003.1999999996353,1007.2499999996317,1101.7499999995457,1101.7999999995457,1111.7999999995366,1111.8499999995365,1168.2999999994852,1172.3499999994815,18.100000000000122,119.04999999999538,14.350000000000069,0,35.75000000000011,0.25,0,13.999999999999975,116.00000000000135
J000171,2023-01-03/KBES,KBES,AMR_26,G18_2,WS_2_20,"[""101135"", ""112374""]",2,991.449999999646,1187.3999999994678,1126.1499999995235,991.449999999646,991.449999999646,995.4999999996423,1116.0499999995327,1116.0999999995327,1126.0999999995236,1126.1499999995235,1183.3499999994715,1187.3999999994678,18.100000000000122,123.39999999999513,10.500000000000014,0,43.74999999999965,0.2,0,0.0,155.99999999999923
J000172,2023-01-03/BHAU,BHAU,AMR_01,G9_10,WS_30_20,"[""110227""]",1,998.9499999996392,1150.0499999995018,1085.4999999995605,998.9499999996392,998.9499999996392,1002.9999999996355,1075.3999999995697,1075.4499999995696,1085.4499999995605,1085.4999999995605,1145.9999999995055,1150.0499999995018,18.100000000000122,109.9499999999959,10.450000000000014,0,12.400000000000041,0.2,0,0.0,132.00000000000097
J000173,2023-01-03/CTSQ,CTSQ,AMR_25,G0_15,WS_13_20,"[""107256"", ""107317"", ""110528"", ""110541"", ""124702""]",7,1001.8999999996365,1166.5499999994868,1128.899999999521,1001.8999999996365,1001.8999999996365,1005.9499999996328,1118.7999999995302,1118.8499999995302,1128.849999999521,1128.899999999521,1162.4999999994905,1166.5499999994868,18.100000000000122,80.34999999999758,10.450000000000014,0,55.54999999999898,0.2,0,0.0,84.00000000000091
J000174,2023-01-03/KBES,KBES,AMR_34,G0_14,WS_2_20,"[""110336""]",1,1008.4999999996305,1092.0999999995545,1070.0999999995745,1008.4999999996305,1025.7499999996148,1029.7999999996111,1059.9999999995837,1060.0499999995836,1070.0499999995745,1070.0999999995745,1088.0499999995582,1092.0999999995545,18.100000000000122,51.34999999999922,11.500000000000028,0,2.3999999999999995,0.25,0,12.000000000000002,40.000000000000064
J000175,2023-01-03/CTSQ,CTSQ,AMR_21,G23_12,WS_13_20,"[""101063"", ""101075"", ""110148"", ""111237"", ""112036"", ""112087"", ""112451""]",11,1018.949999999621,1165.6499999994876,1094.799999999552,1018.949999999621,1018.949999999621,1022.9999999996173,1084.6999999995612,1084.7499999995612,1094.749999999552,1094.799999999552,1161.5999999994913,1165.6499999994876,18.100000000000122,73.34999999999798,9.55,0,45.49999999999955,0.2,0,0.0,76.00000000000045
J000176,2023-01-03/KBES,KBES,AMR_29,G6_12,WS_2_20,"[""110285""]",1,1025.549999999615,1146.8499999995047,1109.099999999539,1025.549999999615,1051.7499999995912,1055.7999999995875,1098.9999999995482,1099.0499999995482,1109.049999999539,1109.099999999539,1142.7999999995084,1146.8499999995047,18.100000000000122,80.44999999999757,11.450000000000028,0,11.050000000000022,0.25,0,27.99999999999997,60.00000000000064
J000177,2023-01-03/CTSQ,CTSQ,AMR_05,G3_5,WS_13_20,"[""110218"", ""110255"", ""110339"", ""127627""]",7,1035.9999999996055,1234.6499999994248,1162.99999999949,1035.9999999996055,1035.9999999996055,1040.0499999996018,1152.8999999994992,1152.9499999994991,1162.94999999949,1162.99999999949,1230.5999999994285,1234.6499999994248,18.100000000000122,115.29999999999559,13.350000000000055,0,51.6999999999992,0.2,0,0.0,116.0000000000011
J000178,2023-01-03/CENT,CENT,AMR_38,G32_8,WS_8_20,"[""101095""]",1,1049.3499999995934,1260.949999999401,1154.7499999994975,1049.3499999995934,1049.3499999995934,1053.3999999995897,1144.6499999995067,1144.6999999995066,1154.6999999994975,1154.7499999994975,1256.8999999994046,1260.949999999401,18.100000000000122,151.65000000000023,15.250000000000082,0,26.40000000000024,0.2,0,0.0,183.99999999999508
J000179,2023-01-03/KBES,KBES,AMR_06,G9_13,WS_2_20,"[""131980""]",1,1052.1499999995908,1193.9499999994619,1143.199999999508,1052.1499999995908,1067.249999999577,1071.2999999995734,1133.0999999995172,1133.1499999995171,1143.149999999508,1143.199999999508,1189.8999999994655,1193.9499999994619,18.100000000000122,77.64999999999773,11.450000000000028,0,34.350000000000186,0.25,0,12.0,68.0000000000008
J000180,2023-01-03/CENT,CENT,AMR_15,G3_9,WS_8_20,"[""107336""]",1,1052.3499999995906,1173.0999999994808,1122.8499999995265,1052.3499999995906,1052.3499999995906,1056.399999999587,1112.7499999995357,1112.7999999995357,1122.7999999995266,1122.8499999995265,1169.0499999994845,1173.0999999994808,18.100000000000122,80.29999999999758,11.450000000000028,0,10.700000000000017,0.2,0,0.0,84.00000000000075
J000181,2023-01-03/KBES,KBES,AMR_33,G23_9,WS_2_20,"[""107207"", ""110588""]",2,1070.1499999995744,1268.8499999993937,1194.3499999994615,1070.1499999995744,1070.1499999995744,1074.1999999995708,1184.2499999994707,1184.2999999994706,1194.2999999994615,1194.3499999994615,1264.7999999993974,1268.8499999993937,18.100000000000122,120.19999999999531,11.450000000000028,0,48.74999999999937,0.2,0,0.0,132.00000000000162
J000182,2023-01-03/CTSQ,CTSQ,AMR_13,G29_8,WS_13_20,"[""110504"", ""112034"", ""112066""]",4,1077.6999999995676,1257.0499999994045,1195.7999999994602,1077.6999999995676,1092.3999999995542,1096.4499999995505,1185.6999999994694,1185.7499999994693,1195.7499999994602,1195.7999999994602,1252.9999999994081,1257.0499999994045,18.100000000000122,110.04999999999589,17.20000000000011,0,33.75000000000022,0.25,0,8.0,116.00000000000088
J000183,2023-01-03/GLPT,GLPT,AMR_11,G30_9,WS_30_20,"[""110299""]",1,1085.5499999995604,1194.799999999461,1156.0999999994963,1085.5499999995604,1107.5499999995404,1111.5999999995367,1145.9999999995055,1146.0499999995054,1156.0499999994963,1156.0999999994963,1190.7499999994648,1194.799999999461,18.100000000000122,72.49999999999802,13.350000000000055,0,5.04999999999999,0.25,0,16.0,60.00000000000058
J000184,2023-01-03/GLPT,GLPT,AMR_40,G23_7,WS_30_20,"[""110569""]",1,1085.5499999995604,1228.1499999994307,1179.0499999994754,1085.5499999995604,1116.749999999532,1120.7999999995284,1168.9499999994846,1168.9999999994845,1178.9999999994754,1179.0499999994754,1224.0999999994344,1228.1499999994307,18.100000000000122,96.89999999999664,13.350000000000055,0,14.000000000000064,0.25,0,16.0,96.00000000000068
J000185,2023-01-03/KBES,KBES,AMR_36,G5_10,WS_2_20,"[""112272""]",1,1092.1999999995544,1203.0499999994536,1160.2499999994925,1092.1999999995544,1096.0999999995508,1100.1499999995472,1150.1499999995017,1150.1999999995016,1160.1999999994925,1160.2499999994925,1198.9999999994573,1203.0499999994536,18.100000000000122,57.54999999999887,5.699999999999988,0,29.25000000000028,0.25,0,2.0,56.00000000000033
J000186,2023-01-03/BKSD,BKSD,AMR_39,G29_15,WS_25_20,"[""110178"", ""112432""]",2,1094.3499999995524,1291.4499999993732,1254.8499999994065,1094.3499999995524,1174.04999999948,1178.0999999994763,1244.7499999994156,1244.7999999994156,1254.7999999994065,1254.8499999994065,1287.3999999993769,1291.4499999993732,18.100000000000122,85.44999999999729,11.400000000000027,0,81.89999999999749,0.25,0,44.00000000000023,44.00000000000003
J000187,2023-01-03/BKSD,BKSD,AMR_30,G12_9,WS_25_20,"[""101221"", ""112386""]",2,1094.3499999995524,1305.2499999993606,1238.899999999421,1094.3499999995524,1119.4499999995296,1123.499999999526,1228.7999999994302,1228.84999999943,1238.849999999421,1238.899999999421,1301.1999999993643,1305.2499999993606,18.100000000000122,107.79999999999602,15.300000000000082,0,69.4499999999982,0.25,0,6.0,104.000000000001
J000188,2023-01-03/BKSD,BKSD,AMR_12,G17_4,WS_25_20,"[""110299"", ""110592""]",2,1094.3499999995524,1282.5499999993813,1222.9499999994355,1094.3499999995524,1112.9499999995355,1116.9999999995318,1212.8499999994447,1212.8999999994446,1222.8999999994355,1222.9499999994355,1278.499999999385,1282.5499999993813,18.100000000000122,114.04999999999566,13.350000000000055,0,42.449999999999726,0.25,0,14.0,112.00000000000097
J000189,2023-01-03/BKSD,BKSD,AMR_04,G29_14,WS_25_20,"[""107344""]",1,1094.3499999995524,1213.2999999994443,1175.2499999994789,1094.3499999995524,1125.9999999995237,1130.04999999952,1165.149999999488,1165.199999999488,1175.199999999479,1175.2499999994789,1209.249999999448,1213.2999999994443,18.100000000000122,74.6999999999979,14.350000000000069,0,11.55000000000003,0.25,0,30.0,48.000000000000114
J000190,2023-01-03/BKSD,BKSD,AMR_03,G20_14,WS_25_20,"[""110342""]",1,1094.3499999995524,1239.94999999942,1206.99999999945,1094.3499999995524,1112.9499999995355,1116.9999999995318,1196.8999999994592,1196.9499999994591,1206.94999999945,1206.99999999945,1235.8999999994237,1239.94999999942,18.100000000000122,74.84999999999789,13.400000000000055,0,38.99999999999992,0.25,0,14.0,60.00000000000004
J000191,2023-01-03/BKSD,BKSD,AMR_18,G29_10,WS_25_20,"[""101256""]",1,1094.3499999995524,1230.6999999994284,1191.0499999994645,1094.3499999995524,1136.649999999514,1140.6999999995103,1180.9499999994737,1180.9999999994736,1190.9999999994645,1191.0499999994645,1226.649999999432,1230.6999999994284,18.100000000000122,91.39999999999695,15.300000000000082,0,11.300000000000026,0.25,0,38.0,64.00000000000048
J000192,2023-01-03/CTSQ,CTSQ,AMR_31,G26_2,WS_13_20,"[""110530"", ""121904"", ""123094""]",3,1094.849999999552,1326.2499999993415,1264.199999999398,1094.849999999552,1152.0499999995,1156.0999999994963,1254.0999999994071,1254.149999999407,1264.149999999398,1264.199999999398,1322.1999999993452,1326.2499999993415,18.100000000000122,151.65000000000023,19.050000000000136,0,42.34999999999973,0.25,0,46.000000000000014,128.00000000000142
J000193,2023-01-03/KBES,KBES,AMR_19,G9_12,WS_2_20,"[""124208""]",1,1109.149999999539,1250.5499999994104,1211.399999999446,1109.149999999539,1109.149999999539,1113.1999999995353,1201.2999999994552,1201.3499999994551,1211.349999999446,1211.399999999446,1246.499999999414,1250.5499999994104,18.100000000000122,64.54999999999848,6.649999999999984,0,51.89999999999919,0.2,0,0.0,72.00000000000094
J000194,2023-01-03/CTSQ,CTSQ,AMR_37,G11_13,WS_13_20,"[""110292"", ""121875""]",2,1111.8999999995365,1246.0999999994144,1213.0499999994445,1111.8999999995365,1134.8499999995156,1138.899999999512,1202.9499999994537,1202.9999999994536,1212.9999999994445,1213.0499999994445,1242.049999999418,1246.0999999994144,18.100000000000122,73.99999999999794,13.400000000000055,0,28.45000000000027,0.25,0,16.0,52.00000000000017
J000195,2023-01-03/KBES,KBES,AMR_10,G6_10,WS_2_20,"[""107124""]",1,1126.1999999995235,1268.8499999993937,1228.4499999994305,1126.1999999995235,1167.7499999994857,1171.799999999482,1218.3499999994397,1218.3999999994396,1228.3999999994305,1228.4499999994305,1264.7999999993974,1268.8499999993937,18.100000000000122,82.69999999999744,12.35000000000004,0,29.25000000000028,0.25,0,26.000000000000014,64.00000000000082
J000196,2023-01-03/CTSQ,CTSQ,AMR_34,G3_15,WS_13_20,"[""112040"", ""115591""]",2,1128.949999999521,1315.0499999993517,1281.2499999993825,1128.949999999521,1171.749999999482,1175.7999999994784,1271.1499999993916,1271.1999999993916,1281.1999999993825,1281.2499999993825,1310.9999999993554,1315.0499999993517,18.100000000000122,77.44999999999774,12.450000000000042,0,77.84999999999772,0.25,0,12.0,68.00000000000071
J000197,2023-01-03/GLPT,GLPT,AMR_27,G3_12,WS_30_20,"[""110601""]",1,1134.0499999995163,1346.549999999323,1244.399999999416,1134.0499999995163,1134.0499999995163,1138.0999999995126,1234.2999999994252,1234.349999999425,1244.349999999416,1244.399999999416,1342.4999999993267,1346.549999999323,18.100000000000122,137.0499999999969,10.500000000000014,0,46.64999999999949,0.2,0,0.0,159.99999999999727
J000198,2023-01-03/KBES,KBES,AMR_20,G35_8,WS_2_20,"[""101026"", ""111372""]",2,1143.249999999508,1368.3499999993032,1262.5499999993995,1143.249999999508,1143.249999999508,1147.2999999995043,1252.4499999994086,1252.4999999994086,1262.4999999993995,1262.5499999993995,1364.299999999307,1368.3499999993032,18.100000000000122,150.80000000000004,11.450000000000028,0,44.549999999999606,0.2,0,0.0,183.99999999999548
J000199,2023-01-03/CTSQ,CTSQ,AMR_16,G17_9,WS_13_20,"[""101180"", ""107459""]",3,1145.9999999995055,1269.1499999993935,1230.099999999429,1145.9999999995055,1160.9999999994918,1165.0499999994881,1219.9999999994382,1220.0499999994381,1230.049999999429,1230.099999999429,1265.0999999993971,1269.1499999993935,18.100000000000122,70.69999999999813,12.400000000000041,0,21.700000000000173,0.25,0,10.0,64.00000000000081
J000200,2023-01-03/BDMC,BDMC,AMR_01,G9_10,WS_19_20,"[""110227""]",1,1150.0999999995017,1275.099999999388,1223.6499999994348,1150.0999999995017,1150.0999999995017,1154.149999999498,1213.549999999444,1213.599999999444,1223.5999999994349,1223.6499999994348,1271.0499999993917,1275.099999999388,18.100000000000122,80.29999999999758,10.500000000000014,0,15.900000000000091,0.2,0,0.0,88.00000000000068
J000201,2023-01-03/KBES,KBES,AMR_17,G0_9,WS_2_20,"[""107395""]",1,1160.2999999994925,1274.099999999389,1245.499999999415,1160.2999999994925,1164.2999999994888,1168.3499999994851,1235.3999999994242,1235.449999999424,1245.449999999415,1245.499999999415,1270.0499999993926,1274.099999999389,18.100000000000122,59.149999999998776,7.599999999999981,0,28.700000000000273,0.25,0,2.0,60.000000000000576
J000202,2023-01-03/CTSQ,CTSQ,AMR_02,G29_12,WS_13_20,"[""101181"", ""101291"", ""125183""]",3,1163.04999999949,1307.2499999993588,1247.1499999994135,1163.04999999949,1163.04999999949,1167.0999999994863,1237.0499999994227,1237.0999999994226,1247.0999999994135,1247.1499999994135,1303.1999999993625,1307.2499999993588,18.100000000000122,85.74999999999727,9.55,0,30.6000000000003,0.2,0,0.0,100.0000000000006
J000203,2023-01-03/BKSD,BKSD,AMR_15,G3_9,WS_25_20,"[""107116"", ""107336""]",2,1175.2999999994788,1361.2499999993097,1270.799999999392,1175.2999999994788,1175.2999999994788,1179.3499999994751,1260.6999999994011,1260.749999999401,1270.749999999392,1270.799999999392,1357.1999999993134,1361.2499999993097,18.100000000000122,122.84999999999516,13.350000000000055,0,31.450000000000312,0.2,0,0.0,140.00000000000063
J000204,2023-01-03/KBES,KBES,AMR_35,G38_8,WS_2_20,"[""101295"", ""110165"", ""110703"", ""123788""]",4,1177.349999999477,1430.0499999992471,1297.199999999368,1177.349999999477,1177.349999999477,1181.3999999994733,1287.0999999993771,1287.149999999377,1297.149999999368,1297.199999999368,1425.9999999992508,1430.0499999992471,18.100000000000122,167.95000000000394,13.400000000000055,0,53.04999999999912,0.2,0,0.0,199.9999999999935
J000205,2023-01-03/BKSD,BKSD,AMR_25,G0_15,WS_25_20,"[""101276"", ""107317""]",2,1191.0999999994644,1402.2499999992724,1302.699999999363,1191.0999999994644,1191.0999999994644,1195.1499999994608,1292.5999999993721,1292.649999999372,1302.649999999363,1302.699999999363,1398.199999999276,1402.2499999992724,18.100000000000122,112.19999999999577,9.55,0,71.0999999999981,0.2,0,0.0,128.00000000000122
J000206,2023-01-03/KBES,KBES,AMR_29,G6_9,WS_2_20,"[""110618""]",1,1194.3999999994614,1372.6499999992993,1314.2499999993524,1194.3999999994614,1225.2499999994334,1229.2999999994297,1304.1499999993616,1304.1999999993616,1314.1999999993525,1314.2499999993524,1368.599999999303,1372.6499999992993,18.100000000000122,79.19999999999764,13.400000000000055,0,67.29999999999832,0.25,0,10.0,72.0000000000008
J000207,2023-01-03/CTSQ,CTSQ,AMR_06,G9_13,WS_13_20,"[""101021"", ""113218""]",2,1195.8499999994601,1336.799999999332,1298.299999999367,1195.8499999994601,1195.8499999994601,1199.8999999994564,1288.1999999993761,1288.249999999376,1298.249999999367,1298.299999999367,1332.7499999993356,1336.799999999332,18.100000000000122,59.899999999998734,9.55,0,53.199999999999115,0.2,0,0.0,52.00000000000013
J000208,2023-01-03/BKSD,BKSD,AMR_22,G35_15,WS_25_20,"[""110473""]",1,1207.04999999945,1335.0499999993335,1286.7499999993775,1207.04999999945,1228.3999999994305,1232.4499999994268,1276.6499999993866,1276.6999999993866,1286.6999999993775,1286.7499999993775,1330.9999999993372,1335.0499999993335,18.100000000000122,77.24999999999775,10.450000000000014,0,21.950000000000177,0.25,0,16.0,68.00000000000001
J000209,2023-01-03/KBES,KBES,AMR_36,G3_7,WS_2_20,"[""111263""]",1,1211.449999999446,1320.4499999993468,1279.8499999993837,1211.449999999446,1235.2499999994243,1239.2999999994206,1269.749999999393,1269.7999999993929,1279.7999999993838,1279.8499999993837,1316.3999999993505,1320.4499999993468,18.100000000000122,68.54999999999825,10.500000000000014,0,11.60000000000003,0.25,0,10.0,68.00000000000075
J000210,2023-01-03/CTSQ,CTSQ,AMR_26,G18_9,WS_13_20,"[""107389"", ""112361""]",2,1213.0999999994444,1376.8499999992955,1314.9999999993518,1213.0999999994444,1233.299999999426,1237.3499999994224,1304.899999999361,1304.949999999361,1314.9499999993518,1314.9999999993518,1372.7999999992992,1376.8499999992955,18.100000000000122,85.09999999999731,12.400000000000041,0,47.899999999999416,0.25,0,18.0,76.00000000000094
J000211,2023-01-03/BKSD,BKSD,AMR_21,G17_12,WS_25_20,"[""112287""]",1,1222.9999999994354,1404.0499999992708,1348.0499999993217,1222.9999999994354,1266.8499999993955,1270.8999999993919,1337.9499999993309,1337.9999999993308,1347.9999999993217,1348.0499999993217,1399.9999999992745,1404.0499999992708,18.100000000000122,109.59999999999592,17.20000000000011,0,35.9000000000001,0.25,0,32.0,80.00000000000023
J000212,2023-01-03/DESA,DESA,AMR_09,G11_10,WS_19_20,"[""112203""]",1,1223.6999999994348,1420.5499999992558,1368.1499999993034,1223.6999999994348,1243.4499999994168,1247.4999999994131,1358.0499999993126,1358.0999999993126,1368.0999999993035,1368.1499999993034,1416.4999999992594,1420.5499999992558,18.100000000000122,95.54999999999671,14.300000000000068,0,68.64999999999824,0.25,0,12.0,84.0000000000006
J000213,2023-01-03/DESA,DESA,AMR_32,G14_7,WS_19_20,"[""110157""]",2,1223.6999999994348,1479.4999999992021,1402.2499999992724,1223.6999999994348,1268.9499999993936,1272.99999999939,1392.1499999992816,1392.1999999992815,1402.1999999992724,1402.2499999992724,1475.4499999992058,1479.4999999992021,18.100000000000122,117.74999999999545,14.300000000000068,0,105.39999999999615,0.25,0,40.00000000000014,88.00000000000082
J000214,2023-01-03/DESA,DESA,AMR_28,G35_12,WS_19_20,"[""111220""]",1,1223.6999999994348,1415.3999999992604,1334.0499999993344,1223.6999999994348,1239.2499999994207,1243.299999999417,1323.9499999993436,1323.9999999993436,1333.9999999993345,1334.0499999993344,1411.3499999992641,1415.3999999992604,18.100000000000122,106.99999999999606,16.250000000000096,0,50.09999999999929,0.25,0,10.0,104.0000000000003
J000215,2023-01-03/DESA,DESA,AMR_04,G28_2,WS_19_20,"[""101071""]",1,1223.6999999994348,1381.3999999992914,1316.7999999993501,1223.6999999994348,1249.3999999994114,1253.4499999994077,1306.6999999993593,1306.7499999993593,1316.7499999993502,1316.7999999993501,1377.349999999295,1381.3999999992914,18.100000000000122,121.44999999999524,14.350000000000069,0,3.5499999999999954,0.25,0,26.000000000000014,120.0000000000011
J000216,2023-01-03/DESA,DESA,AMR_07,G26_8,WS_19_20,"[""110186"", ""137523""]",2,1226.2999999994324,1350.2499999993197,1280.0999999993835,1226.2999999994324,1226.2999999994324,1230.3499999994287,1269.9999999993927,1270.0499999993926,1280.0499999993835,1280.0999999993835,1346.1999999993234,1350.2499999993197,18.100000000000122,71.1999999999981,9.55,0,24.90000000000022,0.2,0,0.0,80.00000000000068
J000217,2023-01-03/KBES,KBES,AMR_11,G32_12,WS_2_20,"[""112029"", ""138468""]",2,1228.4999999994304,1499.499999999184,1391.8499999992819,1228.4999999994304,1244.4999999994159,1248.5499999994122,1381.749999999291,1381.799999999291,1391.799999999282,1391.8499999992819,1495.4499999991876,1499.499999999184,18.100000000000122,152.8500000000005,21.000000000000163,0,78.79999999999767,0.25,0,10.0,163.99999999999798
J000218,2023-01-03/CTSQ,CTSQ,AMR_08,G6_12,WS_13_20,"[""107263"", ""112334""]",2,1230.149999999429,1467.0999999992134,1417.099999999259,1230.149999999429,1334.6499999993339,1338.6999999993302,1406.999999999268,1407.049999999268,1417.049999999259,1417.099999999259,1463.049999999217,1467.0999999992134,18.100000000000122,128.599999999995,19.050000000000136,0,70.94999999999811,0.25,0,60.000000000000426,72.00000000000051
J000219,2023-01-03/BKSD,BKSD,AMR_18,G29_9,WS_25_20,"[""107381""]",1,1238.949999999421,1392.4999999992813,1318.6499999993484,1238.949999999421,1242.9499999994173,1246.9999999994136,1308.5499999993576,1308.5999999993576,1318.5999999993485,1318.6499999993484,1388.449999999285,1392.4999999992813,18.100000000000122,70.54999999999814,9.5,0,55.149999999999004,0.25,0,2.0,68.0000000000006
J000220,2023-01-03/KCTJ,KCTJ,AMR_03,G17_10,WS_30_20,"[""123763"", ""124208""]",3,1244.449999999416,1502.699999999181,1450.6499999992284,1244.449999999416,1274.8999999993882,1278.9499999993845,1440.5499999992376,1440.5999999992375,1450.5999999992284,1450.6499999992284,1498.6499999991847,1502.699999999181,18.100000000000122,128.1499999999949,20.05000000000015,0,91.69999999999693,0.25,0,14.0,124.00000000000048
J000221,2023-01-03/KCTJ,KCTJ,AMR_40,G20_2,WS_30_20,"[""110179"", ""124207""]",2,1244.449999999416,1472.8499999992082,1388.499999999285,1244.449999999416,1266.5999999993958,1270.649999999392,1378.399999999294,1378.449999999294,1388.449999999285,1388.499999999285,1468.7999999992119,1472.8499999992082,18.100000000000122,127.3999999999949,18.150000000000123,0,64.49999999999848,0.25,0,15.999999999999996,120.00000000000132
J000222,2023-01-03/KCTJ,KCTJ,AMR_23,G26_9,WS_30_20,"[""110139""]",1,1244.449999999416,1379.7999999992928,1337.3499999993314,1244.449999999416,1247.4999999994131,1251.5499999994095,1327.2499999993406,1327.2999999993406,1337.2999999993315,1337.3499999993314,1375.7499999992965,1379.7999999992928,18.100000000000122,71.54999999999808,8.549999999999986,0,36.90000000000004,0.25,0,2.0,76.0000000000004
J000223,2023-01-03/KCTJ,KCTJ,AMR_24,G26_6,WS_30_20,"[""120448""]",1,1244.449999999416,1397.149999999277,1354.399999999316,1244.449999999416,1278.6999999993848,1282.749999999381,1344.299999999325,1344.349999999325,1354.349999999316,1354.399999999316,1393.0999999992807,1397.149999999277,18.100000000000122,105.54999999999615,15.300000000000082,0,13.500000000000057,0.25,0,30.00000000000003,88.0000000000008
J000224,2023-01-03/KCTJ,KCTJ,AMR_05,G17_13,WS_30_20,"[""112394""]",1,1244.449999999416,1597.0999999990952,1516.1999999991688,1244.449999999416,1351.6999999993184,1355.7499999993147,1506.099999999178,1506.149999999178,1516.1499999991688,1516.1999999991688,1593.0499999990989,1597.0999999990952,18.100000000000122,186.7000000000082,28.700000000000273,0,118.89999999999539,0.25,0,80.0000000000008,132.00000000000026
J000225,2023-01-03/KBES,KBES,AMR_37,G9_8,WS_2_20,"[""107225""]",1,1246.1499999994144,1467.0999999992134,1408.8499999992664,1246.1499999994144,1335.4499999993332,1339.4999999993295,1398.7499999992756,1398.7999999992755,1408.7999999992664,1408.8499999992664,1463.049999999217,1467.0999999992134,18.100000000000122,129.64999999999523,23.050000000000193,0,49.8999999999993,0.25,0,54.00000000000048,88.00000000000117
J000226,2023-01-03/CTSQ,CTSQ,AMR_19,G20_9,WS_13_20,"[""110346"", ""126834""]",3,1250.5999999994103,1446.749999999232,1383.5499999992894,1250.5999999994103,1327.5499999993403,1331.5999999993367,1373.4499999992986,1373.4999999992986,1383.4999999992895,1383.5499999992894,1442.6999999992356,1446.749999999232,18.100000000000122,130.49999999999542,16.250000000000096,0,31.050000000000306,0.25,0,72.00000000000111,76.00000000000088
J000227,2023-01-03/BKSD,BKSD,AMR_13,G18_10,WS_25_20,"[""113142""]",1,1257.0999999994044,1406.9499999992681,1368.7499999993029,1257.0999999994044,1288.6499999993757,1292.699999999372,1358.649999999312,1358.699999999312,1368.699999999303,1368.7499999993029,1402.8999999992718,1406.9499999992681,18.100000000000122,95.6999999999967,15.250000000000082,0,20.550000000000157,0.25,0,30.0,76.00000000000043
J000228,2023-01-03/KCTJ,KCTJ,AMR_38,G24_2,WS_30_20,"[""123034""]",1,1260.9999999994009,1449.5499999992294,1371.4499999993004,1260.9999999994009,1293.6499999993712,1297.6999999993675,1361.3499999993096,1361.3999999993096,1371.3999999993005,1371.4499999993004,1445.499999999233,1449.5499999992294,18.100000000000122,121.14999999999526,15.250000000000082,0,33.80000000000022,0.25,0,27.99999999999999,112.0000000000017
J000229,2023-01-03/KBES,KBES,AMR_10,G15_12,WS_2_20,"[""101302""]",1,1268.8999999993937,1527.5999999991584,1470.4499999992104,1268.8999999993937,1362.8499999993082,1366.8999999993046,1460.3499999992196,1460.3999999992195,1470.3999999992104,1470.4499999992104,1523.549999999162,1527.5999999991584,18.100000000000122,160.95000000000235,24.850000000000218,0,54.54999999999904,0.25,0,78.0000000000012,100.00000000000159
J000230,2023-01-03/CTSQ,CTSQ,AMR_33,G32_8,WS_13_20,"[""101095"", ""107232"", ""107312"", ""110519""]",5,1268.8999999993937,1565.449999999124,1488.549999999194,1268.8999999993937,1347.4999999993222,1351.5499999993185,1478.449999999203,1478.499999999203,1488.499999999194,1488.549999999194,1561.3999999991277,1565.449999999124,18.100000000000122,164.2500000000031,21.000000000000163,0,92.94999999999686,0.25,0,56.0000000000006,128.00000000000077
J000231,2023-01-03/DESA,DESA,AMR_16,G17_9,WS_19_20,"[""120775""]",1,1269.1999999993934,1402.749999999272,1351.099999999319,1269.1999999993934,1269.1999999993934,1273.2499999993897,1340.999999999328,1341.049999999328,1351.049999999319,1351.099999999319,1398.6999999992756,1402.749999999272,18.100000000000122,69.94999999999817,9.55,0,35.75000000000011,0.2,0,0.0,68.00000000000037
J000232,2023-01-03/BKSD,BKSD,AMR_17,G14_12,WS_25_20,"[""124208""]",2,1274.149999999389,1491.2499999991915,1437.5999999992403,1274.149999999389,1324.1999999993434,1328.2499999993397,1427.4999999992494,1427.5499999992494,1437.5499999992403,1437.5999999992403,1487.1999999991951,1491.2499999991915,18.100000000000122,122.39999999999519,16.250000000000096,0,60.09999999999872,0.25,0,33.99999999999994,92.00000000000031
J000233,2023-01-03/CENT,CENT,AMR_01,G9_10,WS_8_20,"[""112371""]",1,1275.149999999388,1376.9999999992954,1328.999999999339,1275.149999999388,1275.149999999388,1279.1999999993843,1318.8999999993482,1318.9499999993482,1328.949999999339,1328.999999999339,1372.949999999299,1376.9999999992954,18.100000000000122,54.99999999999901,6.649999999999984,0,21.900000000000176,0.2,0,0.0,56.0000000000003
J000234,2023-01-03/KBES,KBES,AMR_14,G14_9,WS_2_20,"[""101080""]",1,1279.8999999993837,1560.5999999991284,1487.4999999991949,1279.8999999993837,1398.9999999992754,1403.0499999992717,1477.399999999204,1477.449999999204,1487.449999999195,1487.4999999991949,1556.549999999132,1560.5999999991284,18.100000000000122,191.25000000000924,24.90000000000022,0,46.19999999999951,0.25,0,120.00000000000185,96.00000000000105
J000235,2023-01-03/CTSQ,CTSQ,AMR_12,G6_8,WS_13_20,"[""111356"", ""112323""]",3,1282.5999999993812,1528.1999999991579,1434.2999999992433,1282.5999999993812,1327.4999999993404,1331.5499999993367,1424.1999999992524,1424.2499999992524,1434.2499999992433,1434.2999999992433,1524.1499999991615,1528.1999999991579,18.100000000000122,144.0499999999985,19.150000000000137,0,64.0499999999985,0.25,0,46.000000000000426,112.00000000000148
J000236,2023-01-03/BKSD,BKSD,AMR_39,G15_10,WS_25_20,"[""110310""]",1,1291.4999999993731,1550.2999999991378,1485.8499999991964,1291.4999999993731,1390.649999999283,1394.6999999992793,1475.7499999992056,1475.7999999992055,1485.7999999991964,1485.8499999991964,1546.2499999991414,1550.2999999991378,18.100000000000122,130.19999999999536,19.050000000000136,0,91.19999999999696,0.25,0,46.000000000000355,88.00000000000026
J000237,2023-01-03/KBES,KBES,AMR_30,G3_2,WS_2_20,"[""112231""]",1,1305.2999999993606,1477.7999999992037,1436.0999999992416,1305.2999999993606,1368.8999999993027,1372.949999999299,1425.9999999992508,1426.0499999992508,1436.0499999992417,1436.0999999992416,1473.7499999992074,1477.7999999992037,18.100000000000122,124.74999999999505,18.150000000000123,0,11.250000000000025,0.25,0,52.00000000000044,92.0000000000013
J000238,2023-01-03/DESA,DESA,AMR_02,G29_12,WS_19_20,"[""101181""]",1,1307.2999999993588,1427.899999999249,1385.199999999288,1307.2999999993588,1307.2999999993588,1311.349999999355,1375.099999999297,1375.149999999297,1385.149999999288,1385.199999999288,1423.8499999992528,1427.899999999249,18.100000000000122,68.34999999999826,9.55,0,24.40000000000021,0.2,0,0.0,76.00000000000031
J000239,2023-01-03/CTSQ,CTSQ,AMR_34,G12_9,WS_13_20,"[""101221"", ""120779""]",2,1315.0999999993517,1503.0999999991807,1468.2499999992124,1315.0999999993517,1392.2999999992815,1396.3499999992778,1458.1499999992216,1458.1999999992215,1468.1999999992124,1468.2499999992124,1499.0499999991844,1503.0999999991807,18.100000000000122,119.49999999999535,16.200000000000095,0,33.95000000000021,0.25,0,70.00000000000105,60.00000000000058
J000240,2023-01-03/BKSD,BKSD,AMR_36,G15_9,WS_25_20,"[""110313""]",1,1320.4999999993468,1602.5499999990902,1501.7999999991819,1320.4999999993468,1405.3999999992695,1409.4499999992659,1491.699999999191,1491.749999999191,1501.749999999182,1501.7999999991819,1598.499999999094,1602.5499999990902,18.100000000000122,146.89999999999915,17.20000000000011,0,99.59999999999648,0.25,0,68.00000000000051,92.00000000000037
J000241,2023-01-03/KBES,KBES,AMR_31,G6_1,WS_2_20,"[""113203""]",1,1326.2999999993415,1503.1499999991806,1453.3999999992259,1326.2999999993415,1375.249999999297,1379.2999999992933,1443.299999999235,1443.349999999235,1453.349999999226,1453.3999999992259,1499.0999999991843,1503.1499999991806,18.100000000000122,128.649999999995,13.350000000000055,0,16.5000000000001,0.25,0,50.00000000000062,104.00000000000176
J000242,2023-01-03/CTHR,CTHR,AMR_22,G9_7,WS_8_20,"[""111252"", ""121833""]",2,1335.0999999993335,1626.2499999990687,1546.799999999141,1335.0999999993335,1492.79999999919,1496.8499999991864,1536.6999999991501,1536.74999999915,1546.749999999141,1546.799999999141,1622.1999999990724,1626.2499999990687,18.100000000000122,150.6,22.000000000000178,0,100.19999999999645,0.25,0,80.00000000000091,72.00000000000051
J000243,2023-01-03/CTHR,CTHR,AMR_06,G6_14,WS_8_20,"[""111261""]",1,1336.8499999993319,1452.7999999992264,1418.8499999992573,1336.8499999993319,1364.8499999993064,1368.8999999993027,1408.7499999992665,1408.7999999992664,1418.7999999992574,1418.8499999992573,1448.74999999923,1452.7999999992264,18.100000000000122,66.69999999999835,15.300000000000082,0,15.600000000000087,0.25,0,19.999999999999986,44.000000000000114
J000244,2023-01-03/CTHR,CTHR,AMR_27,G9_12,WS_8_20,"[""124208""]",1,1346.599999999323,1518.4499999991667,1476.4999999992049,1346.599999999323,1403.899999999271,1407.9499999992672,1466.399999999214,1466.449999999214,1476.449999999205,1476.4999999992049,1514.3999999991704,1518.4499999991667,18.100000000000122,96.69999999999665,14.300000000000068,0,42.49999999999972,0.25,0,48.000000000000384,52.0000000000005
J000245,2023-01-03/CTHR,CTHR,AMR_07,G21_12,WS_8_20,"[""101203""]",1,1350.2999999993197,1523.8999999991618,1460.3499999992196,1350.2999999993197,1376.7499999992956,1380.799999999292,1450.2499999992287,1450.2999999992287,1460.2999999992196,1460.3499999992196,1519.8499999991654,1523.8999999991618,18.100000000000122,111.04999999999583,16.250000000000096,0,27.950000000000262,0.25,0,18.0,100.00000000000088
J000246,2023-01-03/KCTJ,KCTJ,AMR_15,G11_15,WS_30_20,"[""112004""]",1,1361.2999999993096,1603.6999999990892,1533.1499999991534,1361.2999999993096,1435.4499999992422,1439.4999999992385,1523.0499999991625,1523.0999999991625,1533.0999999991534,1533.1499999991534,1599.6499999990929,1603.6999999990892,18.100000000000122,124.59999999999506,16.300000000000097,0,83.14999999999742,0.25,0,36.000000000000014,104.00000000000037
J000247,2023-01-03/BKSD,BKSD,AMR_20,G30_2,WS_25_20,"[""126832""]",1,1368.3999999993032,1523.649999999162,1469.8999999992109,1368.3999999993032,1394.5499999992794,1398.5999999992757,1459.79999999922,1459.84999999922,1469.849999999211,1469.8999999992109,1519.5999999991657,1523.649999999162,18.100000000000122,109.69999999999591,16.250000000000096,0,10.95000000000002,0.25,0,21.99999999999999,100.00000000000112
J000248,2023-01-03/CTHR,CTHR,AMR_29,G23_12,WS_8_20,"[""112087""]",1,1372.6999999992993,1716.2999999989868,1635.2499999990605,1372.6999999992993,1536.5499999991503,1540.5999999991466,1625.1499999990697,1625.1999999990696,1635.1999999990605,1635.2499999990605,1712.2499999989905,1716.2999999989868,18.100000000000122,194.35000000000994,28.700000000000273,0,102.19999999999634,0.25,0,108.0000000000021,104.00000000000094
J000249,2023-01-03/BKSD,BKSD,AMR_26,G18_9,WS_25_20,"[""110322""]",1,1376.8999999992955,1509.8499999991745,1454.1499999992252,1376.8999999992955,1376.8999999992955,1380.9499999992918,1444.0499999992344,1444.0999999992343,1454.0999999992252,1454.1499999992252,1505.7999999991782,1509.8499999991745,18.100000000000122,74.29999999999792,9.55,0,30.800000000000303,0.2,0,0.0,80.00000000000028
J000250,2023-01-03/CTSQ,CTSQ,AMR_01,G9_10,WS_13_20,"[""107224"", ""107380"", ""112086"", ""112294""]",5,1377.0499999992953,1496.6499999991865,1451.1999999992279,1377.0499999992953,1377.0499999992953,1381.0999999992916,1441.099999999237,1441.149999999237,1451.149999999228,1451.1999999992279,1492.5999999991902,1496.6499999991865,18.100000000000122,65.69999999999841,7.599999999999981,0,28.000000000000263,0.2,0,0.0,64.00000000000031
J000251,2023-01-03/CTHR,CTHR,AMR_23,G23_10,WS_8_20,"[""127332""]",1,1379.8499999992928,1647.799999999049,1508.3999999991759,1379.8499999992928,1399.8999999992745,1403.9499999992709,1498.299999999185,1498.349999999185,1508.349999999176,1508.3999999991759,1643.7499999990528,1647.799999999049,18.100000000000122,121.64999999999523,12.400000000000041,0,115.54999999999558,0.25,0,8.0,108.00000000000057
J000252,2023-01-03/BKSD,BKSD,AMR_04,G3_12,WS_25_20,"[""110561""]",1,1381.4499999992913,1764.8499999989426,1675.5499999990238,1381.4499999992913,1489.2999999991932,1493.3499999991895,1665.449999999033,1665.499999999033,1675.4999999990239,1675.5499999990238,1760.7999999989463,1764.8499999989426,18.100000000000122,232.10000000001853,25.80000000000023,0,107.14999999999606,0.25,0,106.00000000000229,155.99999999999824
J000253,2023-01-03/KBES,KBES,AMR_18,G26_8,WS_2_20,"[""110191"", ""124211""]",2,1392.5499999992812,1596.3999999990958,1518.4499999991667,1392.5499999992812,1424.3999999992523,1428.4499999992486,1508.349999999176,1508.3999999991759,1518.3999999991668,1518.4499999991667,1592.3499999990995,1596.3999999990958,18.100000000000122,147.64999999999932,15.300000000000082,0,22.550000000000185,0.25,0,20.0,148.00000000000037
J000254,2023-01-03/CTSQ,CTSQ,AMR_24,G3_9,WS_13_20,"[""110153"", ""111226""]",3,1397.199999999277,1600.599999999092,1547.94999999914,1397.199999999277,1454.399999999225,1458.4499999992213,1537.849999999149,1537.899999999149,1547.89999999914,1547.94999999914,1596.5499999990957,1600.599999999092,18.100000000000122,133.8999999999962,15.300000000000082,0,35.8500000000001,0.25,0,64.0000000000011,92.00000000000126
J000255,2023-01-03/KBES,KBES,AMR_16,G17_9,WS_2_20,"[""110143""]",1,1408.8999999992664,1616.049999999078,1535.0999999991516,1408.8999999992664,1408.8999999992664,1412.9499999992627,1524.9999999991608,1525.0499999991607,1535.0499999991516,1535.0999999991516,1611.9999999990816,1616.049999999078,18.100000000000122,105.34999999999616,13.400000000000055,0,70.09999999999816,0.2,0,0.0,112.00000000000165
J000256,2023-01-03/CTSQ,CTSQ,AMR_13,G26_12,WS_13_20,"[""110534"", ""112326""]",2,1417.1499999992589,1553.349999999135,1505.6499999991784,1417.1499999992589,1438.7999999992392,1442.8499999992355,1495.5499999991875,1495.5999999991875,1505.5999999991784,1505.6499999991784,1549.2999999991387,1553.349999999135,18.100000000000122,93.74999999999682,11.400000000000027,0,12.700000000000045,0.25,0,20.0,88.0000000000006
J000257,2023-01-03/CTHR,CTHR,AMR_25,G0_15,WS_8_20,"[""107317"", ""110316""]",2,1418.8999999992573,1523.1499999991624,1492.4499999991904,1418.8999999992573,1418.8999999992573,1422.9499999992536,1482.3499999991996,1482.3999999991995,1492.3999999991904,1492.4499999991904,1519.0999999991661,1523.1499999991624,18.100000000000122,57.049999999998896,7.649999999999981,0,21.250000000000167,0.2,0,0.0,60.000000000000256
J000258,2023-01-03/DESA,DESA,AMR_35,G38_8,WS_19_20,"[""107130""]",1,1430.099999999247,1567.549999999122,1507.9499999991763,1430.099999999247,1430.099999999247,1434.1499999992434,1497.8499999991855,1497.8999999991854,1507.8999999991763,1507.9499999991763,1563.4999999991257,1567.549999999122,18.100000000000122,104.5499999999962,9.55,0,5.04999999999999,0.2,0,0.0,128.00000000000063
J000259,2023-01-03/CTSQ,CTSQ,AMR_09,G3_8,WS_13_20,"[""107347"", ""110624""]",3,1434.3499999992432,1658.6499999990392,1607.3999999990858,1434.3499999992432,1516.4499999991685,1520.4999999991649,1597.299999999095,1597.349999999095,1607.3499999990859,1607.3999999990858,1654.599999999043,1658.6499999990392,18.100000000000122,137.54999999999703,18.150000000000123,0,50.24999999999928,0.25,0,56.00000000000057,96.00000000000104
J000260,2023-01-03/KBES,KBES,AMR_21,G12_2,WS_2_20,"[""110189""]",1,1436.1499999992416,1610.7499999990828,1552.0499999991362,1436.1499999992416,1489.9499999991926,1493.999999999189,1541.9499999991453,1541.9999999991453,1551.9999999991362,1552.0499999991362,1606.6999999990865,1610.7499999990828,18.100000000000122,121.69999999999523,14.300000000000068,0,20.250000000000153,0.25,0,30.000000000000025,116.00000000000226
J000261,2023-01-03/BKSD,BKSD,AMR_02,G9_1,WS_25_20,"[""110339""]",1,1437.6499999992402,1676.7499999990227,1603.799999999089,1437.6499999992402,1498.0999999991852,1502.1499999991815,1593.6999999990983,1593.7499999990982,1603.7499999990891,1603.799999999089,1672.6999999990264,1676.7499999990227,18.100000000000122,184.30000000000766,20.950000000000163,0,15.500000000000085,0.25,0,66.00000000000065,151.99999999999926
J000262,2023-01-03/CTSQ,CTSQ,AMR_19,G0_9,WS_13_20,"[""107428"", ""111273""]",2,1451.2499999992278,1689.649999999011,1641.4999999990548,1451.2499999992278,1519.5499999991657,1523.599999999162,1631.399999999064,1631.449999999064,1641.4499999990549,1641.4999999990548,1685.5999999990147,1689.649999999011,18.100000000000122,141.04999999999782,17.20000000000011,0,61.799999999998626,0.25,0,48.00000000000018,104.00000000000183
J000263,2023-01-03/KBES,KBES,AMR_38,G20_8,WS_2_20,"[""107210""]",1,1453.4499999992258,1720.7999999989827,1644.3499999990522,1453.4499999992258,1494.8999999991881,1498.9499999991845,1634.2499999990614,1634.2999999990614,1644.2999999990523,1644.3499999990522,1716.7499999989864,1720.7999999989827,18.100000000000122,161.90000000000256,21.000000000000163,0,66.09999999999839,0.25,0,24.00000000000002,152.00000000000048
J000264,2023-01-03/CTHR,CTHR,AMR_06,G11_2,WS_8_20,"[""110569""]",1,1460.3999999992195,1698.5999999990029,1611.7999999990818,1460.3999999992195,1561.3499999991277,1565.399999999124,1601.699999999091,1601.749999999091,1611.7499999990819,1611.7999999990818,1694.5499999990066,1698.5999999990029,18.100000000000122,131.14999999999557,18.200000000000124,0,70.49999999999814,0.25,0,54.000000000000426,92.00000000000118
J000265,2023-01-03/CTSQ,CTSQ,AMR_37,G17_2,WS_13_20,"[""101145"", ""137330""]",2,1468.2999999992123,1640.6999999990555,1590.1499999991015,1468.2999999992123,1532.499999999154,1536.5499999991503,1580.0499999991107,1580.0999999991107,1590.0999999991016,1590.1499999991015,1636.6499999990592,1640.6999999990555,18.100000000000122,121.24999999999525,20.10000000000015,0,12.700000000000045,0.25,0,44.000000000000135,92.00000000000138
J000266,2023-01-03/KBES,KBES,AMR_08,G15_1,WS_2_20,"[""110259""]",1,1470.4999999992103,1659.0999999990388,1597.6499999990947,1470.4999999992103,1519.5499999991657,1523.599999999162,1587.5499999991039,1587.5999999991038,1597.5999999990947,1597.6499999990947,1655.0499999990425,1659.0999999990388,18.100000000000122,143.5999999999984,12.400000000000041,0,14.250000000000068,0.25,0,44.00000000000029,140.00000000000188
J000267,2023-01-03/CTHR,CTHR,AMR_40,G18_2,WS_8_20,"[""140079""]",1,1476.5499999992048,1674.0999999990252,1569.1999999991206,1476.5499999992048,1481.8999999992,1485.9499999991963,1559.0999999991297,1559.1499999991297,1569.1499999991206,1569.1999999991206,1670.0499999990288,1674.0999999990252,18.100000000000122,115.84999999999556,10.450000000000014,0,52.89999999999913,0.25,0,4.0,124.0000000000021
J000268,2023-01-03/KBES,KBES,AMR_28,G23_8,WS_2_20,"[""110531""]",1,1487.5499999991948,1877.74999999884,1781.8499999989272,1487.5499999991948,1550.7999999991373,1554.8499999991336,1771.7499999989363,1771.7999999989363,1781.7999999989272,1781.8499999989272,1873.6999999988436,1877.74999999884,18.100000000000122,201.80000000001164,24.800000000000217,0,145.24999999999878,0.25,0,56.000000000000355,163.99999999999872
J000269,2023-01-03/CTSQ,CTSQ,AMR_32,G38_13,WS_13_20,"[""107204"", ""110552""]",2,1488.5999999991939,1756.0499999989506,1692.6499999990083,1488.5999999991939,1583.5499999991075,1587.5999999991038,1682.5499999990175,1682.5999999990174,1692.5999999990083,1692.6499999990083,1751.9999999989543,1756.0499999989506,18.100000000000122,186.50000000000816,21.050000000000164,0,41.54999999999978,0.25,0,88.00000000000033,132.00000000000026
J000270,2023-01-03/CTHR,CTHR,AMR_17,G26_2,WS_8_20,"[""101025""]",1,1492.4999999991903,1742.2999999989631,1651.3999999990458,1492.4999999991903,1537.849999999149,1541.8999999991454,1641.299999999055,1641.349999999055,1651.3499999990458,1651.3999999990458,1738.2499999989668,1742.2999999989631,18.100000000000122,176.65000000000592,16.250000000000096,0,38.54999999999995,0.25,0,44.00000000000035,163.9999999999982
J000271,2023-01-03/CTSQ,CTSQ,AMR_01,G8_15,WS_13_20,"[""110306""]",1,1505.6999999991783,1685.8999999990144,1658.5499999990393,1505.6999999991783,1573.8999999991163,1577.9499999991126,1648.4499999990485,1648.4999999990484,1658.4999999990393,1658.5499999990393,1681.849999999018,1685.8999999990144,18.100000000000122,105.44999999999615,12.35000000000004,0,44.049999999999635,0.25,0,56.00000000000051,48.00000000000023
J000272,2023-01-03/DSKD,DSKD,AMR_03,G18_8,WS_19_20,"[""107364""]",1,1507.9999999991762,1679.5999999990202,1621.499999999073,1507.9999999991762,1538.949999999148,1542.9999999991444,1611.3999999990822,1611.4499999990821,1621.449999999073,1621.499999999073,1675.5499999990238,1679.5999999990202,18.100000000000122,76.29999999999781,14.350000000000069,0,62.59999999999858,0.25,0,14.0,64.00000000000067
J000273,2023-01-03/DSKD,DSKD,AMR_34,G12_10,WS_19_20,"[""112200""]",1,1507.9999999991762,1633.4499999990621,1575.249999999115,1507.9999999991762,1511.8999999991727,1515.949999999169,1565.1499999991242,1565.1999999991242,1575.199999999115,1575.249999999115,1629.3999999990658,1633.4499999990621,18.100000000000122,71.54999999999808,9.5,0,26.050000000000235,0.25,0,2.0,76.00000000000065
J000274,2023-01-03/DSKD,DSKD,AMR_11,G29_9,WS_19_20,"[""112083""]",1,1507.9999999991762,1659.5499999990384,1604.4999999990885,1507.9999999991762,1532.6499999991538,1536.6999999991501,1594.3999999990976,1594.4499999990976,1604.4499999990885,1604.4999999990885,1655.499999999042,1659.5499999990384,18.100000000000122,95.99999999999669,15.300000000000082,0,21.900000000000176,0.25,0,16.0,88.0000000000006
J000275,2023-01-03/DSKD,DSKD,AMR_30,G27_2,WS_19_20,"[""107444""]",1,1507.9999999991762,1712.0499999989906,1644.8999999990517,1507.9999999991762,1553.0499999991353,1557.0999999991316,1634.799999999061,1634.8499999990609,1644.8499999990518,1644.8999999990517,1707.9999999989943,1712.0499999989906,18.100000000000122,135.14999999999648,15.300000000000082,0,35.250000000000135,0.25,0,52.0,112.0000000000011
J000276,2023-01-03/DSKD,DSKD,AMR_31,G2_10,WS_19_20,"[""110437""]",1,1507.9999999991762,1825.1499999988878,1684.4999999990157,1507.9999999991762,1589.0999999991025,1593.1499999990988,1674.3999999990249,1674.4499999990248,1684.4499999990157,1684.4999999990157,1821.0999999988915,1825.1499999988878,18.100000000000122,171.80000000000481,21.050000000000164,0,105.94999999999612,0.25,0,70.00000000000085,116.00000000000142
J000277,2023-01-03/CTHR,CTHR,AMR_26,G38_10,WS_8_20,"[""110158""]",1,1509.8999999991745,1864.599999998852,1722.8999999989808,1509.8999999991745,1591.1499999991006,1595.199999999097,1712.79999999899,1712.84999999899,1722.8499999989808,1722.8999999989808,1860.5499999988556,1864.599999998852,18.100000000000122,216.35000000001494,18.100000000000122,0,101.89999999999635,0.25,0,66.00000000000047,179.99999999999477
J000278,2023-01-03/KBES,KBES,AMR_27,G9_10,WS_2_20,"[""110294"", ""110583"", ""112086"", ""112371""]",4,1518.4999999991667,1616.7999999990773,1574.8999999991154,1518.4999999991667,1524.4499999991613,1528.4999999991576,1564.7999999991246,1564.8499999991245,1574.8499999991154,1574.8999999991154,1612.749999999081,1616.7999999990773,18.100000000000122,67.94999999999828,9.5,0,2.499999999999999,0.25,0,4.0,72.00000000000077
J000279,2023-01-03/DSKD,DSKD,AMR_25,G12_9,WS_19_20,"[""101189""]",1,1523.1999999991624,1806.0499999989052,1708.6499999989937,1523.1999999991624,1588.599999999103,1592.6499999990992,1698.549999999003,1698.5999999990029,1708.5999999989938,1708.6499999989937,1801.9999999989088,1806.0499999989052,18.100000000000122,144.29999999999856,20.10000000000015,0,100.09999999999646,0.25,0,48.000000000000455,96.00000000000074
J000280,2023-01-03/KBES,KBES,AMR_07,G26_9,WS_2_20,"[""110374""]",2,1535.1499999991515,1780.5499999989283,1699.649999999002,1535.1499999991515,1560.6499999991283,1564.6999999991247,1689.549999999011,1689.599999999011,1699.599999999002,1699.649999999002,1776.499999998932,1780.5499999989283,18.100000000000122,144.34999999999857,18.150000000000123,0,64.54999999999848,0.25,0,16.0,148.00000000000003
J000281,2023-01-03/CTSQ,CTSQ,AMR_10,G15_13,WS_13_20,"[""112319""]",2,1547.9999999991398,1668.4499999990303,1624.4499999990703,1547.9999999991398,1552.0499999991362,1556.0999999991325,1614.3499999990795,1614.3999999990795,1624.3999999990704,1624.4499999990703,1664.399999999034,1668.4499999990303,18.100000000000122,56.14999999999895,9.5,0,36.45000000000007,0.25,0,2.0,48.000000000000185
J000282,2023-01-03/KBES,KBES,AMR_20,G35_13,WS_2_20,"[""110214""]",1,1552.0999999991361,1890.7499999988281,1723.5499999989802,1552.0999999991361,1584.7999999991064,1588.8499999991027,1713.4499999989894,1713.4999999989893,1723.4999999989802,1723.5499999989802,1886.6999999988318,1890.7499999988281,18.100000000000122,188.15000000000853,21.950000000000177,0,110.19999999999588,0.25,0,31.999999999999996,171.99999999999633
J000283,2023-01-03/KCTJ,KCTJ,AMR_14,G14_9,WS_30_20,"[""110262""]",1,1560.6499999991283,1717.7499999989855,1637.0999999990588,1560.6499999991283,1560.6499999991283,1564.6999999991247,1626.999999999068,1627.049999999068,1637.0499999990589,1637.0999999990588,1713.6999999989891,1717.7499999989855,18.100000000000122,105.49999999999615,11.450000000000028,0,21.850000000000176,0.2,0,0.0,124.0000000000008
J000284,2023-01-03/BKSD,BKSD,AMR_33,G32_8,WS_25_20,"[""110519""]",1,1565.499999999124,1677.599999999022,1619.5499999990748,1565.499999999124,1565.499999999124,1569.5499999991202,1609.449999999084,1609.499999999084,1619.4999999990748,1619.5499999990748,1673.5499999990257,1677.599999999022,18.100000000000122,72.999999999998,9.55,0,11.250000000000025,0.2,0,0.0,84.00000000000068
J000285,2023-01-03/CTHR,CTHR,AMR_35,G38_8,WS_8_20,"[""107130""]",1,1567.599999999122,1801.5999999989092,1706.6499999989956,1567.599999999122,1567.599999999122,1571.6499999991183,1696.5499999990047,1696.5999999990047,1706.5999999989956,1706.6499999989956,1797.5499999989129,1801.5999999989092,18.100000000000122,162.5000000000027,13.350000000000055,0,39.84999999999987,0.2,0,0.0,195.99999999999167
J000286,2023-01-03/KBES,KBES,AMR_13,G35_10,WS_2_20,"[""111367""]",1,1574.9499999991153,1842.449999998872,1740.4999999989648,1574.9499999991153,1597.4999999990948,1601.5499999990911,1730.399999998974,1730.449999998974,1740.4499999989648,1740.4999999989648,1838.3999999988757,1842.449999998872,18.100000000000122,173.5000000000052,14.250000000000068,0,61.39999999999865,0.25,0,22.0,175.99999999999528
J000287,2023-01-03/CTSQ,CTSQ,AMR_39,G18_14,WS_13_20,"[""110492""]",1,1590.1999999991015,1717.099999998986,1675.5999999990238,1590.1999999991015,1614.0999999990797,1618.149999999076,1665.499999999033,1665.549999999033,1675.5499999990238,1675.5999999990238,1713.0499999989897,1717.099999998986,18.100000000000122,74.99999999999788,14.350000000000069,0,19.200000000000138,0.25,0,18.0,56.000000000000256
J000288,2023-01-03/DSKD,DSKD,AMR_18,G26_8,WS_19_20,"[""107159""]",1,1596.4499999990958,1724.3999999989794,1661.8499999990363,1596.4499999990958,1596.4499999990958,1600.499999999092,1651.7499999990455,1651.7999999990454,1661.7999999990363,1661.8499999990363,1720.349999998983,1724.3999999989794,18.100000000000122,74.34999999999792,11.450000000000028,0,23.850000000000204,0.2,0,0.0,80.00000000000054
J000289,2023-01-03/KBES,KBES,AMR_05,G35_9,WS_2_20,"[""131589""]",1,1597.6999999990946,1923.899999998798,1831.1999999988823,1597.6999999990946,1705.3999999989967,1709.449999998993,1821.0999999988915,1821.1499999988914,1831.1499999988823,1831.1999999988823,1919.8499999988016,1923.899999998798,18.100000000000122,226.15000000001717,19.150000000000137,0,62.54999999999858,0.25,0,80.00000000000101,203.9999999999911
J000290,2023-01-03/CTHR,CTHR,AMR_36,G15_9,WS_8_20,"[""110313""]",1,1602.5999999990902,1796.399999998914,1743.3999999989621,1602.5999999990902,1602.5999999990902,1606.6499999990865,1733.2999999989713,1733.3499999989713,1743.3499999989622,1743.3999999989621,1792.3499999989176,1796.399999998914,18.100000000000122,116.34999999999553,17.25000000000011,0,41.89999999999976,0.2,0,0.0,132.00000000000233
J000291,2023-01-03/CTSQ,CTSQ,AMR_15,G12_12,WS_13_20,"[""110572""]",1,1607.4499999990858,1740.5499999989647,1709.6999999989928,1607.4499999990858,1638.8999999990572,1642.9499999990535,1699.599999999002,1699.649999999002,1709.6499999989928,1709.6999999989928,1736.4999999989684,1740.5499999989647,18.100000000000122,67.19999999999833,12.35000000000004,0,35.20000000000014,0.25,0,16.0,48.00000000000023
J000292,2023-01-03/CTHR,CTHR,AMR_27,G9_10,WS_8_20,"[""110227""]",1,1616.8499999990772,1703.5499999989984,1667.3499999990313,1616.8499999990772,1616.8499999990772,1620.8999999990735,1657.2499999990405,1657.2999999990404,1667.2999999990313,1667.3499999990313,1699.499999999002,1703.5499999989984,18.100000000000122,51.14999999999923,5.699999999999988,0,11.55000000000003,0.2,0,0.0,56.00000000000051
J000293,2023-01-03/CTSQ,CTSQ,AMR_16,G14_12,WS_13_20,"[""111342""]",1,1624.4999999990703,1771.3499999989367,1726.7499999989773,1624.4999999990703,1676.9999999990225,1681.0499999990188,1716.6499999989865,1716.6999999989864,1726.6999999989773,1726.7499999989773,1767.2999999989404,1771.3499999989367,18.100000000000122,92.2999999999969,15.250000000000082,0,20.950000000000163,0.25,0,39.999999999999986,48.00000000000023
J000294,2023-01-03/KELS,KELS,AMR_34,G26_12,WS_30_20,"[""121833""]",1,1637.1499999990588,1769.1499999989387,1727.4499999989766,1637.1499999990588,1673.6999999990255,1677.7499999990218,1717.3499999989858,1717.3999999989858,1727.3999999989767,1727.4499999989766,1765.0999999989424,1769.1499999989387,18.100000000000122,89.59999999999705,13.300000000000054,0,10.750000000000018,0.25,0,32.0,64.00000000000023
J000295,2023-01-03/KELS,KELS,AMR_21,G30_9,WS_30_20,"[""134029""]",1,1637.1499999990588,1820.0499999988924,1782.5499999989265,1637.1499999990588,1734.1499999989705,1738.1999999989669,1772.4499999989357,1772.4999999989357,1782.4999999989266,1782.5499999989265,1815.999999998896,1820.0499999988924,18.100000000000122,135.09999999999647,20.10000000000015,0,9.349999999999998,0.25,0,94.00000000000102,60.00000000000058
J000296,2023-01-03/KELS,KELS,AMR_22,G32_6,WS_30_20,"[""140079""]",1,1637.1499999990588,1840.0499999988742,1799.8999999989107,1637.1499999990588,1736.4499999989685,1740.4999999989648,1789.79999999892,1789.8499999989199,1799.8499999989108,1799.8999999989107,1835.999999998878,1840.0499999988742,18.100000000000122,122.89999999999516,19.200000000000138,0,42.449999999999726,0.25,0,64.00000000000011,72.0000000000008
J000297,2023-01-03/KELS,KELS,AMR_12,G17_12,WS_30_20,"[""110540""]",1,1637.1499999990588,1796.199999998914,1747.2999999989586,1637.1499999990588,1671.1499999990278,1675.1999999990242,1737.1999999989678,1737.2499999989677,1747.2499999989586,1747.2999999989586,1792.1499999989178,1796.199999998914,18.100000000000122,113.3999999999957,14.300000000000068,0,13.00000000000005,0.25,0,30.0,100.00000000000026
J000298,2023-01-03/KELS,KELS,AMR_24,G0_15,WS_30_20,"[""110528""]",1,1637.1499999990588,1876.2499999988413,1816.5999999988956,1637.1499999990588,1681.5499999990184,1685.5999999990147,1806.4999999989047,1806.5499999989047,1816.5499999988956,1816.5999999988956,1872.199999998845,1876.2499999988413,18.100000000000122,140.9499999999978,12.450000000000042,0,67.34999999999832,0.25,0,25.999999999999932,147.9999999999983
J000299,2023-01-03/CTSQ,CTSQ,AMR_37,G11_12,WS_13_20,"[""123034""]",1,1641.5499999990548,1784.6499999989246,1743.7999999989618,1641.5499999990548,1685.5499999990147,1689.599999999011,1733.699999998971,1733.749999998971,1743.7499999989618,1743.7999999989618,1780.5999999989283,1784.6499999989246,18.100000000000122,92.54999999999688,14.250000000000068,0,17.95000000000012,0.25,0,31.999999999999993,56.00000000000023
J000300,2023-01-03/CTSQ,CTSQ,AMR_23,G15_12,WS_13_20,"[""107272""]",1,1658.5999999990393,1840.7499999988736,1760.8499999989463,1658.5999999990393,1696.0999999990051,1700.1499999990015,1750.7499999989554,1750.7999999989554,1760.7999999989463,1760.8499999989463,1836.6999999988773,1840.7499999988736,18.100000000000122,82.34999999999746,13.300000000000054,0,68.14999999999827,0.25,0,20.0,52.000000000000284
J000301,2023-01-03/BLOS,BLOS,AMR_10,G17_10,WS_25_20,"[""124208""]",1,1675.5999999990238,1810.0999999989015,1768.0499999989397,1675.5999999990238,1703.1999999989987,1707.249999998995,1757.949999998949,1757.9999999989489,1767.9999999989398,1768.0499999989397,1806.0499999989052,1810.0999999989015,18.100000000000122,86.49999999999723,14.300000000000068,0,15.350000000000083,0.25,0,10.0,84.00000000000028
J000302,2023-01-03/CTSQ,CTSQ,AMR_40,G14_10,WS_13_20,"[""107288""]",1,1675.6499999990237,1843.1499999988714,1777.8999999989308,1675.6499999990237,1705.1999999989969,1709.2499999989932,1767.79999999894,1767.84999999894,1777.8499999989308,1777.8999999989308,1839.099999998875,1843.1499999988714,18.100000000000122,85.89999999999726,13.300000000000054,0,49.9499999999993,0.25,0,27.999999999999996,56.0000000000003
J000303,2023-01-03/DSKD,DSKD,AMR_02,G9_1,WS_19_20,"[""135420""]",1,1676.7999999990227,1877.64999999884,1805.149999998906,1676.7999999990227,1676.7999999990227,1680.849999999019,1795.0499999989152,1795.099999998915,1805.099999998906,1805.149999998906,1873.5999999988437,1877.64999999884,18.100000000000122,129.79999999999526,10.450000000000014,0,42.299999999999734,0.2,0,0.0,151.9999999999991
J000304,2023-01-03/CTHR,CTHR,AMR_33,G32_8,WS_8_20,"[""110519""]",1,1677.649999999022,1874.5999999988428,1781.4999999989275,1677.649999999022,1677.649999999022,1681.6999999990182,1771.3999999989367,1771.4499999989366,1781.4499999989275,1781.4999999989275,1870.5499999988465,1874.5999999988428,18.100000000000122,139.49999999999747,11.450000000000028,0,27.70000000000026,0.2,0,0.0,171.99999999999707
J000305,2023-01-03/CTSQ,CTSQ,AMR_01,G11_10,WS_13_20,"[""110233""]",2,1692.6999999990082,1868.3499999988485,1821.3499999988912,1692.6999999990082,1716.8999999989862,1720.9499999989825,1811.2499999989004,1811.2999999989004,1821.2999999988913,1821.3499999988912,1864.2999999988522,1868.3499999988485,18.100000000000122,86.04999999999725,13.300000000000054,0,57.949999999998845,0.25,0,20.0,64.00000000000034
J000306,2023-01-03/BLOS,BLOS,AMR_27,G9_10,WS_25_20,"[""110227""]",1,1703.5999999989983,1885.7499999988327,1819.2499999988931,1703.5999999989983,1703.5999999989983,1707.6499999989946,1809.1499999989023,1809.1999999989023,1819.1999999988932,1819.2499999988931,1881.6999999988363,1885.7499999988327,18.100000000000122,102.8499999999963,9.5,0,51.49999999999921,0.2,0,0.0,120.00000000000117
J000307,2023-01-03/CTSQ,CTSQ,AMR_06,G11_9,WS_13_20,"[""111276""]",2,1709.7499999989927,1926.2999999987958,1872.4999999988447,1709.7499999989927,1729.9499999989744,1733.9999999989707,1862.399999998854,1862.4499999988539,1872.4499999988448,1872.4999999988447,1922.2499999987995,1926.2999999987958,18.100000000000122,88.59999999999711,12.400000000000041,0,97.19999999999662,0.25,0,18.0,68.00000000000045
J000308,2023-01-03/KBES,KBES,AMR_30,G27_2,WS_2_20,"[""101073""]",1,1712.0999999989906,1913.7999999988072,1810.1499999989014,1712.0999999989906,1712.0999999989906,1716.149999998987,1800.0499999989106,1800.0999999989106,1810.0999999989015,1810.1499999989014,1909.7499999988108,1913.7999999988072,18.100000000000122,147.39999999999927,11.450000000000028,0,24.550000000000214,0.2,0,0.0,187.99999999999565
J000309,2023-01-03/CTSQ,CTSQ,AMR_14,G14_9,WS_13_20,"[""123035""]",1,1726.7999999989772,1851.399999998864,1804.049999998907,1726.7999999989772,1726.7999999989772,1730.8499999989735,1793.9499999989162,1793.999999998916,1803.999999998907,1804.049999998907,1847.3499999988676,1851.399999998864,18.100000000000122,65.39999999999843,11.450000000000028,0,29.450000000000284,0.2,0,0.0,64.0000000000004
J000310,2023-01-03/CTSQ,CTSQ,AMR_03,G18_10,WS_13_20,"[""107323""]",1,1743.8499999989617,1888.2499999988304,1838.3999999988757,1743.8499999989617,1758.4499999989484,1762.4999999989448,1828.299999998885,1828.3499999988849,1838.3499999988758,1838.3999999988757,1884.199999998834,1888.2499999988304,18.100000000000122,78.2999999999977,13.350000000000055,0,34.40000000000018,0.25,0,8.0,68.00000000000063
J000311,2023-01-03/KBES,KBES,AMR_32,G38_13,WS_2_20,"[""107204""]",1,1756.0999999989506,1957.899999998767,1876.499999998841,1756.0999999989506,1756.0999999989506,1760.149999998947,1866.3999999988503,1866.4499999988502,1876.4499999988411,1876.499999998841,1953.8499999987707,1957.899999998767,18.100000000000122,148.09999999999943,13.350000000000055,0,22.05000000000018,0.2,0,0.0,179.99999999999582
J000312,2023-01-03/CTSQ,CTSQ,AMR_29,G21_12,WS_13_20,"[""101203""]",1,1760.8999999989462,1907.8499999988126,1855.4499999988602,1760.8999999989462,1767.2499999989404,1771.2999999989368,1845.3499999988694,1845.3999999988694,1855.3999999988603,1855.4499999988602,1903.7999999988162,1907.8499999988126,18.100000000000122,77.59999999999773,12.450000000000042,0,38.54999999999995,0.25,0,4.0,76.00000000000048
J000313,2023-01-03/CTSQ,CTSQ,AMR_15,G9_9,WS_13_20,"[""134599""]",1,1777.9499999989307,1931.649999998791,1889.5499999988292,1777.9499999989307,1819.499999998893,1823.5499999988892,1879.4499999988384,1879.4999999988383,1889.4999999988293,1889.5499999988292,1927.5999999987946,1931.649999998791,18.100000000000122,86.54999999999723,15.300000000000082,0,33.500000000000234,0.25,0,16.0,76.00000000000085
J000314,2023-01-03/CTSQ,CTSQ,AMR_35,G38_8,WS_13_20,"[""123788"", ""125176""]",3,1804.099999998907,1992.3999999987357,1906.5999999988137,1804.099999998907,1804.099999998907,1808.1499999989032,1896.499999998823,1896.5499999988228,1906.5499999988137,1906.5999999988137,1988.3499999987393,1992.3999999987357,18.100000000000122,135.14999999999648,11.450000000000028,0,23.400000000000198,0.2,0,0.0,171.9999999999953
J000315,2023-01-03/CTHR,CTHR,AMR_25,G12_9,WS_8_20,"[""110200"", ""112386""]",2,1806.099999998905,1906.6999999988136,1857.6499999988582,1806.099999998905,1806.099999998905,1810.1499999989014,1847.5499999988674,1847.5999999988674,1857.5999999988583,1857.6499999988582,1902.6499999988173,1906.6999999988136,18.100000000000122,68.39999999999826,9.55,0,4.3499999999999925,0.2,0,0.0,76.000000000001
J000316,2023-01-03/KJIN,KJIN,AMR_34,G32_12,WS_30_20,"[""112029"", ""138468""]",2,1816.6499999988955,1932.3499999987903,1882.6499999988355,1816.6499999988955,1839.4499999988748,1843.499999998871,1872.5499999988447,1872.5999999988446,1882.5999999988355,1882.6499999988355,1928.299999998794,1932.3499999987903,18.100000000000122,65.09999999999845,11.400000000000027,0,20.85000000000016,0.25,0,16.0,48.00000000000006
J000317,2023-01-03/KJIN,KJIN,AMR_10,G17_10,WS_30_20,"[""111380"", ""124208""]",2,1816.6499999988955,1977.0499999987496,1899.9999999988197,1816.6499999988955,1816.6499999988955,1820.6999999988918,1889.899999998829,1889.9499999988288,1899.9499999988197,1899.9999999988197,1972.9999999987533,1977.0499999987496,18.100000000000122,96.84999999999664,9.5,0,35.75000000000011,0.2,0,0.0,104.00000000000014
J000318,2023-01-03/KJIN,KJIN,AMR_17,G20_2,WS_30_20,"[""109843"", ""110097""]",2,1816.6499999988955,2061.449999998734,1951.1499999987732,1816.6499999988955,1838.4999999988756,1842.549999998872,1941.0499999987824,1941.0999999987823,1951.0999999987732,1951.1499999987732,2057.399999998719,2061.449999998734,18.100000000000122,131.14999999999557,19.100000000000136,0,76.19999999999781,0.25,0,16.0,128.00000000000122
J000319,2023-01-03/KJIN,KJIN,AMR_04,G3_13,WS_30_20,"[""101322"", ""107287""]",2,1816.6499999988955,2106.249999998897,1968.1999999987577,1816.6499999988955,1820.449999998892,1824.4999999988884,1958.0999999987669,1958.1499999987668,1968.1499999987577,1968.1999999987577,2102.199999998882,2106.249999998897,18.100000000000122,131.84999999999573,9.5,0,129.8999999999953,0.25,0,2.0,143.99999999999972
J000320,2023-01-03/KJIN,KJIN,AMR_11,G32_15,WS_30_20,"[""110283""]",1,1816.6499999988955,1959.6499999987655,1934.0999999987887,1816.6499999988955,1873.249999998844,1877.2999999988403,1923.9999999987979,1924.0499999987978,1934.0499999987887,1934.0999999987887,1955.5999999987691,1959.6499999987655,18.100000000000122,77.19999999999776,12.450000000000042,0,35.00000000000015,0.25,0,50.000000000000654,32.0
J000321,2023-01-03/KJIN,KJIN,AMR_12,G23_12,WS_30_20,"[""101332""]",1,1816.6499999988955,1969.3499999987566,1917.0499999988042,1816.6499999988955,1842.2499999988722,1846.2999999988685,1906.9499999988134,1906.9999999988133,1916.9999999988042,1917.0499999988042,1965.2999999987603,1969.3499999987566,18.100000000000122,86.29999999999724,13.350000000000055,0,34.700000000000166,0.25,0,16.0,76.00000000000023
J000322,2023-01-03/BSAR,BSAR,AMR_37,G6_10,WS_25_20,"[""107124"", ""110216""]",3,1819.299999998893,2148.949999999052,2012.5999999987173,1819.299999998893,1893.5499999988256,1897.5999999988219,2002.4999999987265,2002.5499999987264,2012.5499999987173,2012.5999999987173,2144.8999999990374,2148.949999999052,18.100000000000122,189.95000000000894,19.000000000000135,0,102.34999999999633,0.25,0,54.00000000000054,151.9999999999989
J000323,2023-01-03/BSAR,BSAR,AMR_39,G20_12,WS_25_20,"[""125639""]",1,1819.299999998893,1934.4999999987883,1898.9999999988206,1819.299999998893,1840.399999998874,1844.4499999988702,1888.8999999988298,1888.9499999988298,1898.9499999988207,1898.9999999988206,1930.449999998792,1934.4999999987883,18.100000000000122,74.24999999999793,13.350000000000055,0,9.249999999999996,0.25,0,8.0,72.00000000000026
J000324,2023-01-03/BSAR,BSAR,AMR_38,G18_13,WS_25_20,"[""109989""]",1,1819.299999998893,2148.949999999052,2041.9499999986906,1819.299999998893,1904.9999999988152,1909.0499999988115,2031.8499999986998,2031.8999999986997,2041.8999999986906,2041.9499999986906,2144.8999999990374,2148.949999999052,18.100000000000122,138.54999999999725,23.000000000000192,0,149.7499999999998,0.25,0,70.00000000000045,76.00000000000006
J000325,2023-01-03/BSAR,BSAR,AMR_16,G23_7,WS_25_20,"[""112010""]",1,1819.299999998893,1997.449999998731,1936.3999999987866,1819.299999998893,1852.9999999988624,1857.0499999988588,1926.2999999987958,1926.3499999987957,1936.3499999987866,1936.3999999987866,1993.3999999987348,1997.449999998731,18.100000000000122,99.89999999999647,15.250000000000082,0,44.6499999999996,0.25,0,28.00000000000003,76.00000000000071
J000326,2023-01-03/BSAR,BSAR,AMR_07,G36_12,WS_25_20,"[""110157""]",1,1819.299999998893,1965.9999999987597,1914.8499999988062,1819.299999998893,1851.0499999988642,1855.0999999988605,1904.7499999988154,1904.7999999988153,1914.7999999988062,1914.8499999988062,1961.9499999987634,1965.9999999987597,18.100000000000122,104.99999999999618,14.300000000000068,0,9.049999999999994,0.25,0,30.0,92.0000000000004
J000327,2023-01-03/CTSQ,CTSQ,AMR_18,G23_13,WS_13_20,"[""101282""]",1,1821.3999999988912,1996.9499999987315,1940.6999999987827,1821.3999999988912,1856.3499999988594,1860.3999999988557,1930.5999999987919,1930.6499999987918,1940.6499999987827,1940.6999999987827,1992.8999999987352,1996.9499999987315,18.100000000000122,91.99999999999692,15.300000000000082,0,49.8999999999993,0.25,0,20.0,72.00000000000051
J000328,2023-01-03/CTSQ,CTSQ,AMR_36,G17_12,WS_13_20,"[""123304""]",1,1838.4499999988757,1964.0499999987615,1923.6499999987982,1838.4499999988757,1854.4499999988611,1858.4999999988574,1913.5499999988074,1913.5999999988073,1923.5999999987982,1923.6499999987982,1959.9999999987651,1964.0499999987615,18.100000000000122,68.54999999999825,14.350000000000069,0,24.35000000000021,0.25,0,10.0,56.0000000000005
J000329,2023-01-03/CTSQ,CTSQ,AMR_31,G6_9,WS_13_20,"[""110618""]",1,1855.4999999988602,2024.0999999987068,1983.299999998744,1855.4999999988602,1891.1999999988277,1895.249999998824,1973.1999999987531,1973.249999998753,1983.249999998744,1983.299999998744,2020.0499999987105,2024.0999999987068,18.100000000000122,90.29999999999701,14.350000000000069,0,45.59999999999955,0.25,0,17.999999999999986,80.00000000000088
J000330,2023-01-03/DMHS,DMHS,AMR_09,G5_15,WS_8_20,"[""111391""]",2,1857.6999999988582,1953.0499999987715,1929.299999998793,1857.6999999988582,1879.0999999988387,1883.149999998835,1919.1999999988022,1919.2499999988022,1929.249999998793,1929.299999998793,1948.9999999987751,1953.0499999987715,18.100000000000122,57.249999999998884,10.500000000000014,0,9.249999999999996,0.25,0,17.999999999999986,40.0
J000331,2023-01-03/DMHS,DMHS,AMR_40,G9_12,WS_8_20,"[""124208""]",1,1857.6999999988582,1987.2999999987403,1945.0999999987787,1857.6999999988582,1877.69999999884,1881.7499999988363,1934.9999999987879,1935.0499999987878,1945.0499999987787,1945.0999999987787,1983.249999998744,1987.2999999987403,18.100000000000122,68.59999999999825,11.450000000000028,0,31.20000000000031,0.25,0,14.0,52.0000000000004
J000332,2023-01-03/DMHS,DMHS,AMR_19,G3_5,WS_8_20,"[""110339""]",1,1857.6999999988582,2003.7999999987253,1961.0499999987642,1857.6999999988582,1889.0999999988296,1893.149999998826,1950.9499999987734,1950.9999999987733,1960.9999999987642,1961.0499999987642,1999.749999998729,2003.7999999987253,18.100000000000122,100.34999999999644,15.300000000000082,0,12.100000000000037,0.25,0,25.999999999999982,88.00000000000112
J000333,2023-01-03/DMHS,DMHS,AMR_08,G11_2,WS_8_20,"[""110569""]",1,1857.6999999988582,2049.7499999986912,2000.5999999987282,1857.6999999988582,1885.8499999988326,1889.899999998829,1990.4999999987374,1990.5499999987373,2000.5499999987283,2000.5999999987282,2045.6999999986872,2049.7499999986912,18.100000000000122,131.94999999999575,18.200000000000124,0,23.5500000000002,0.25,0,18.0,136.00000000000193
J000334,2023-01-03/DMHS,DMHS,AMR_23,G23_9,WS_8_20,"[""101067""]",1,1857.6999999988582,2237.7999999993754,2016.5999999987137,1857.6999999988582,1906.299999998814,1910.3499999988103,2006.4999999987228,2006.5499999987228,2016.5499999987137,2016.5999999987137,2233.7499999993606,2237.7999999993754,18.100000000000122,134.94999999999644,14.350000000000069,0,212.45000000001406,0.25,0,22.0,112.00000000000082
J000335,2023-01-03/BSAR,BSAR,AMR_01,G11_10,WS_25_20,"[""107396""]",1,1868.3999999988484,2045.0999999986877,1952.2499999987722,1868.3999999988484,1868.3999999988484,1872.4499999988448,1942.1499999987814,1942.1999999987813,1952.1999999987722,1952.2499999987722,2041.0499999986914,2045.0999999986877,18.100000000000122,102.99999999999629,11.450000000000028,0,43.94999999999964,0.2,0,0.0,112.00000000000057
J000336,2023-01-03/CTSQ,CTSQ,AMR_13,G21_9,WS_13_20,"[""110457""]",1,1872.5499999988447,2248.2499999994134,2022.0999999987087,1872.5499999988447,1913.3499999988076,1917.3999999988039,2011.9999999987178,2012.0499999987178,2022.0499999987087,2022.0999999987087,2244.1999999993986,2248.2499999994134,18.100000000000122,149.04999999999964,18.150000000000123,0,190.150000000009,0.25,0,34.0,112.00000000000074
J000337,2023-01-03/DMHS,DMHS,AMR_33,G32_8,WS_8_20,"[""110519""]",1,1874.6499999988428,2079.5999999988,1983.9999999987433,1874.6499999988428,1874.6499999988428,1878.699999998839,1973.8999999987525,1973.9499999987524,1983.9499999987434,1983.9999999987433,2075.549999998785,2079.5999999988,18.100000000000122,131.14999999999557,11.450000000000028,0,44.049999999999635,0.2,0,0.0,151.99999999999866
J000338,2023-01-03/KJRH,KJRH,AMR_24,G2_10,WS_2_20,"[""101192"", ""110305"", ""110386"", ""115591""]",4,1876.549999998841,1969.6999999987563,1942.499999998781,1876.549999998841,1894.0499999988251,1898.0999999988214,1932.3999999987902,1932.4499999987902,1942.449999998781,1942.499999998781,1965.64999999876,1969.6999999987563,18.100000000000122,60.4499999999987,8.549999999999986,0,5.799999999999987,0.25,0,14.0,52.000000000000455
J000339,2023-01-03/KJRH,KJRH,AMR_14,G6_12,WS_2_20,"[""110285"", ""110468"", ""111363""]",3,1876.549999998841,2024.6999999987063,1982.2999999987449,1876.549999998841,1938.7999999987844,1942.8499999987807,1972.199999998754,1972.249999998754,1982.249999998745,1982.2999999987449,2020.64999999871,2024.6999999987063,18.100000000000122,98.64999999999654,17.20000000000011,0,13.950000000000063,0.25,0,46.000000000000355,60.000000000000625
J000340,2023-01-03/KJRH,KJRH,AMR_21,G15_12,WS_2_20,"[""101302"", ""110166"", ""110323""]",3,1876.549999998841,2072.3999999987736,2012.849999998717,1876.549999998841,1940.7499999987826,1944.799999998779,2002.7499999987263,2002.7999999987262,2012.799999998717,2012.849999998717,2068.349999998759,2072.3999999987736,18.100000000000122,139.34999999999744,16.250000000000096,0,21.900000000000176,0.25,0,56.00000000000023,96.00000000000097
J000341,2023-01-03/KJRH,KJRH,AMR_26,G3_12,WS_2_20,"[""112013"", ""134611""]",2,1876.549999998841,2079.349999998799,2045.4499999986874,1876.549999998841,2007.7499999987217,2011.799999998718,2035.3499999986966,2035.3999999986966,2045.3999999986875,2045.4499999986874,2075.299999998784,2079.349999998799,18.100000000000122,133.54999999999612,16.200000000000095,0,34.700000000000166,0.25,0,94.00000000000092,48.00000000000033
J000342,2023-01-03/KJRH,KJRH,AMR_22,G0_12,WS_2_20,"[""110231"", ""134029""]",2,1876.549999998841,2261.299999999461,2236.599999999371,1876.549999998841,2155.199999999075,2159.2499999990896,2226.4999999993342,2226.5499999993344,2236.549999999371,2236.599999999371,2257.249999999446,2261.299999999461,18.100000000000122,209.45000000001338,36.45000000000007,0,120.4999999999953,0.25,0,171.99999999999574,48.00000000000026
J000343,2023-01-03/KJRH,KJRH,AMR_02,G9_13,WS_2_20,"[""101328"", ""112404""]",2,1877.69999999884,2125.7499999989677,2085.3499999988207,1877.69999999884,2014.2499999987158,2018.299999998712,2075.249999998784,2075.299999998784,2085.2999999988206,2085.3499999988207,2121.699999998953,2125.7499999989677,18.100000000000122,155.40000000000109,22.000000000000178,0,52.299999999999166,0.25,0,104.00000000000213,68.00000000000088
J000344,2023-01-03/HQMW,HQMW,AMR_28,G23_8,WS_19_20,"[""110419""]",1,1877.79999999884,1972.8999999987534,1927.3499999987948,1877.79999999884,1877.79999999884,1881.8499999988362,1917.249999998804,1917.299999998804,1927.2999999987949,1927.3499999987948,1968.849999998757,1972.8999999987534,18.100000000000122,63.59999999999852,11.450000000000028,0,1.7500000000000009,0.2,0,0.0,68.00000000000045
J000345,2023-01-03/KJIN,KJIN,AMR_27,G9_10,WS_30_20,"[""107224"", ""107293""]",2,1885.7999999988326,2101.399999998879,2002.2999999987267,1885.7999999988326,1885.7999999988326,1889.849999998829,1992.1999999987358,1992.2499999987358,2002.2499999987267,2002.2999999987267,2097.3499999988644,2101.399999998879,18.100000000000122,112.69999999999574,10.450000000000014,0,74.14999999999793,0.2,0,0.0,132.0000000000009
J000346,2023-01-03/CTSQ,CTSQ,AMR_03,G23_10,WS_13_20,"[""122556""]",1,1889.5999999988292,2317.749999999666,2005.149999998724,1889.5999999988292,1915.8999999988052,1919.9499999988016,1995.0499999987333,1995.0999999987332,2005.0999999987241,2005.149999998724,2313.6999999996515,2317.749999999666,18.100000000000122,146.14999999999898,21.000000000000163,0,242.65000000002092,0.25,0,14.0,124.00000000000071
J000347,2023-01-03/KJIN,KJIN,AMR_20,G29_8,WS_30_20,"[""110596""]",1,1900.0499999988197,2057.9999999987213,1985.2999999987421,1900.0499999988197,1931.649999998791,1935.6999999987872,1975.1999999987513,1975.2499999987513,1985.2499999987422,1985.2999999987421,2053.9499999987065,2057.9999999987213,18.100000000000122,108.049999999996,21.050000000000164,0,10.500000000000014,0.25,0,26.0,88.00000000000048
J000348,2023-01-03/CTSQ,CTSQ,AMR_25,G0_10,WS_13_20,"[""110392""]",1,1906.7499999988136,2092.0999999988453,2039.1499999986931,1906.7499999988136,1943.2999999987803,1947.3499999987766,2029.0499999987023,2029.0999999987023,2039.0999999986932,2039.1499999986931,2088.0499999988306,2092.0999999988453,18.100000000000122,114.99999999999561,15.300000000000082,0,36.70000000000005,0.25,0,33.99999999999995,100.00000000000149
J000349,2023-01-03/KJIN,KJIN,AMR_30,G26_7,WS_30_20,"[""101273""]",1,1917.0999999988042,2176.899999999154,2122.0499999989543,1917.0999999988042,2029.449999998702,2033.4999999986983,2111.9499999989175,2111.9999999989177,2121.999999998954,2122.0499999989543,2172.849999999139,2176.899999999154,18.100000000000122,185.20000000000786,25.850000000000232,0,30.400000000000297,0.25,0,100.00000000000102,108.0000000000012
J000350,2023-01-03/CTSQ,CTSQ,AMR_29,G26_10,WS_13_20,"[""107251""]",1,1923.6999999987981,2166.0999999991145,2056.1999999987147,1923.6999999987981,1957.1999999987677,1961.249999998764,2046.0999999986868,2046.1499999986868,2056.1499999987145,2056.1999999987147,2162.0499999991,2166.0999999991145,18.100000000000122,106.69999999999608,12.35000000000004,0,104.99999999999618,0.25,0,14.0,96.00000000000051
J000351,2023-01-03/JJNG,JJNG,AMR_06,G18_8,WS_19_20,"[""107364""]",1,1927.3999999987948,2143.3499999990318,2039.199999998693,1927.3999999987948,1968.5499999987574,1972.5999999987537,2029.0999999987023,2029.1499999987022,2039.1499999986931,2039.199999998693,2139.299999999017,2143.3499999990318,18.100000000000122,103.19999999999628,17.20000000000011,0,77.19999999999776,0.25,0,32.0,68.00000000000028
J000352,2023-01-03/DMHS,DMHS,AMR_05,G0_15,WS_8_20,"[""107317""]",1,1929.349999998793,2248.0499999994126,2217.4499999993013,1929.349999998793,2167.1999999991185,2171.2499999991333,2207.3499999992646,2207.3999999992648,2217.399999999301,2217.4499999993013,2243.999999999398,2248.0499999994126,18.100000000000122,169.90000000000438,22.000000000000178,0,108.44999999999598,0.25,0,122.00000000000112,60.00000000000034
J000353,2023-01-03/KJIN,KJIN,AMR_34,G29_6,WS_30_20,"[""134028""]",1,1934.1499999987886,2101.1999999988784,2062.1499999987363,1934.1499999987886,1978.4499999987484,1982.4999999987447,2052.0499999986996,2052.0999999987,2062.099999998736,2062.1499999987363,2097.1499999988637,2101.1999999988784,18.100000000000122,92.04999999999691,13.350000000000055,0,43.29999999999968,0.25,0,22.00000000000003,76.00000000000074
J000354,2023-01-03/CTSQ,CTSQ,AMR_15,G3_7,WS_13_20,"[""134659""]",1,1940.7499999987826,2153.599999999069,2090.349999998839,1940.7499999987826,1976.69999999875,1980.7499999987463,2080.249999998802,2080.2999999988024,2090.2999999988388,2090.349999998839,2149.5499999990543,2153.599999999069,18.100000000000122,135.84999999999664,19.100000000000136,0,39.54999999999989,0.25,0,31.999999999999996,120.00000000000192
J000355,2023-01-03/KJRH,KJRH,AMR_39,G11_13,WS_2_20,"[""110328"", ""110342""]",2,1942.549999998781,2173.9999999991433,2108.549999998905,1942.549999998781,2042.8999999986897,2046.949999998686,2098.4499999988684,2098.4999999988686,2108.499999998905,2108.549999998905,2169.9499999991285,2173.9999999991433,18.100000000000122,95.7999999999967,15.300000000000082,0,101.99999999999635,0.25,0,28.0,68.00000000000074
J000356,2023-01-03/DMHS,DMHS,AMR_09,G21_12,WS_8_20,"[""112316""]",1,1953.0999999987714,2343.49999999976,2279.749999999528,1953.0999999987714,2048.6499999986872,2052.699999998702,2269.6499999994912,2269.6999999994914,2279.699999999528,2279.749999999528,2339.449999999745,2343.49999999976,18.100000000000122,181.50000000000702,23.000000000000192,0,167.55000000000385,0.25,0,86.00000000000117,116.00000000000156
J000357,2023-01-03/KJIN,KJIN,AMR_32,G38_13,WS_30_20,"[""107204""]",1,1957.949999998767,2058.0499999987214,2019.3499999987112,1957.949999998767,1957.949999998767,1961.9999999987633,2009.2499999987203,2009.2999999987203,2019.2999999987112,2019.3499999987112,2053.9999999987067,2058.0499999987214,18.100000000000122,58.94999999999879,9.55,0,13.300000000000054,0.2,0,0.0,64.00000000000021
J000358,2023-01-03/DMHS,DMHS,AMR_11,G27_2,WS_8_20,"[""110444""]",1,1961.0999999987641,2230.7499999993497,2104.2499999988895,1961.0999999987641,2000.899999998728,2004.9499999987243,2094.1499999988528,2094.199999998853,2104.1999999988893,2104.2499999988895,2226.699999999335,2230.7499999993497,18.100000000000122,164.2500000000031,15.250000000000082,0,71.79999999999806,0.25,0,36.00000000000003,167.9999999999974
J000359,2023-01-03/KJIN,KJIN,AMR_36,G20_9,WS_30_20,"[""101155""]",1,1968.2499999987576,2611.6500000007354,2428.4000000000688,1968.2499999987576,2166.9499999991176,2170.9999999991323,2418.300000000032,2418.350000000032,2428.3500000000686,2428.4000000000688,2607.6000000007207,2611.6500000007354,18.100000000000122,275.6500000000284,41.049999999999805,0,308.35000000003583,0.25,0,92.00000000000125,195.99999999999645
J000360,2023-01-03/KJRH,KJRH,AMR_10,G17_10,WS_2_20,"[""110225"", ""111380"", ""124208""]",3,1982.3499999987448,2147.9999999990487,2068.4499999987593,1982.3499999987448,1982.3499999987448,1986.3999999987411,2058.3499999987225,2058.3999999987227,2068.399999998759,2068.4499999987593,2143.949999999034,2147.9999999990487,18.100000000000122,95.29999999999673,9.5,0,42.54999999999972,0.2,0,0.0,104.00000000000165
J000361,2023-01-03/CTSQ,CTSQ,AMR_12,G29_13,WS_13_20,"[""110109""]",1,1983.349999998744,2222.6499999993202,2164.349999999108,1983.349999998744,2052.0499999986996,2056.0999999987143,2154.2499999990714,2154.2999999990716,2164.299999999108,2164.349999999108,2218.5999999993055,2222.6499999993202,18.100000000000122,132.24999999999582,20.10000000000015,0,68.59999999999825,0.25,0,46.00000000000013,96.00000000000054
J000362,2023-01-03/KJIN,KJIN,AMR_28,G20_12,WS_30_20,"[""125639""]",1,1985.349999998742,2681.4500000009893,2403.2499999999773,1985.349999998742,2240.199999999384,2244.249999999399,2393.1499999999405,2393.1999999999407,2403.199999999977,2403.2499999999773,2677.4000000009746,2681.4500000009893,18.100000000000122,257.40000000002425,47.84999999999942,0,372.5000000000504,0.25,0,122.00000000000102,132.00000000000014
J000363,2023-01-03/DMHS,DMHS,AMR_07,G23_12,WS_8_20,"[""112087""]",1,1989.1499999987386,2252.3499999994283,2172.249999999137,1989.1499999987386,2017.8999999987125,2021.9499999987088,2162.1499999991,2162.1999999991003,2172.1999999991367,2172.249999999137,2248.2999999994136,2252.3499999994283,18.100000000000122,119.89999999999533,12.400000000000041,0,112.54999999999575,0.25,0,30.0,100.00000000000082
J000364,2023-01-03/KJIN,KJIN,AMR_40,G18_10,WS_30_20,"[""113142""]",1,2002.3499999987266,2402.399999999974,2322.349999999683,2002.3499999987266,2189.849999999201,2193.8999999992157,2312.249999999646,2312.2999999996464,2322.2999999996828,2322.349999999683,2398.3499999999594,2402.399999999974,18.100000000000122,218.90000000001552,31.500000000000313,0,131.2999999999956,0.25,0,114.00000000000139,136.00000000000063
J000365,2023-01-03/CTSQ,CTSQ,AMR_16,G14_2,WS_13_20,"[""110847""]",1,2005.199999998724,2225.4999999993306,2181.599999999171,2005.199999998724,2114.3499999989263,2118.399999998941,2171.499999999134,2171.5499999991343,2181.5499999991707,2181.599999999171,2221.449999999316,2225.4999999993306,18.100000000000122,149.6999999999998,22.95000000000019,0,29.30000000000028,0.25,0,72.00000000000063,88.00000000000114
J000366,2023-01-03/KJRH,KJRH,AMR_24,G12_9,WS_2_20,"[""101221"", ""112386""]",2,2012.899999998717,2269.1499999994894,2219.549999999309,2012.899999998717,2121.8499999989535,2125.8999999989683,2209.449999999272,2209.4999999992724,2219.499999999309,2219.549999999309,2265.0999999994747,2269.1499999994894,18.100000000000122,173.1000000000051,22.95000000000019,0,41.84999999999976,0.25,0,102.00000000000216,96.00000000000156
J000367,2023-01-03/KJIN,KJIN,AMR_18,G20_8,WS_30_20,"[""107254""]",1,2019.399999998711,2523.4000000004144,2345.949999999769,2019.399999998711,2055.999999998714,2060.0499999987287,2335.849999999732,2335.8999999997322,2345.8999999997686,2345.949999999769,2519.3500000003996,2523.4000000004144,18.100000000000122,181.60000000000704,28.700000000000273,0,275.35000000002833,0.25,0,20.0,143.999999999999
J000368,2023-01-03/CTSQ,CTSQ,AMR_19,G12_1,WS_13_20,"[""110128""]",1,2022.1499999987086,2201.2999999992426,2147.499999999047,2022.1499999987086,2053.8999999987063,2057.949999998721,2137.39999999901,2137.4499999990103,2147.4499999990467,2147.499999999047,2197.249999999228,2201.2999999992426,18.100000000000122,119.59999999999535,15.250000000000082,0,25.950000000000234,0.25,0,29.99999999999997,100.00000000000122
J000369,2023-01-03/CTSQ,CTSQ,AMR_31,G6_1,WS_13_20,"[""113203""]",2,2039.199999998693,2208.7499999992697,2130.3499999989845,2039.199999998693,2061.8999999987354,2065.94999999875,2120.2499999989477,2120.299999998948,2130.2999999989843,2130.3499999989845,2204.699999999255,2208.7499999992697,18.100000000000122,116.74999999999551,15.300000000000082,0,19.150000000000137,0.25,0,19.99999999999995,116.00000000000199
J000370,2023-01-03/KOLA,KOLA,AMR_35,G30_2,WS_19_20,"[""107238"", ""110233"", ""110499"", ""110609"", ""111373"", ""126832""]",7,2039.249999998693,2288.6499999995604,2202.0499999992453,2039.249999998693,2116.8499999989353,2120.89999999895,2191.9499999992086,2191.9999999992087,2201.999999999245,2202.0499999992453,2284.5999999995456,2288.6499999995604,18.100000000000122,177.60000000000613,22.000000000000178,0,31.450000000000312,0.25,0,64.00000000000047,144.00000000000003
J000371,2023-01-03/KOLA,KOLA,AMR_14,G26_12,WS_19_20,"[""101146"", ""110534"", ""110590"", ""112333"", ""118518""]",7,2039.249999998693,2361.2999999998246,2292.699999999575,2039.249999998693,2193.3499999992137,2197.3999999992284,2282.5999999995383,2282.6499999995385,2292.649999999575,2292.699999999575,2357.24999999981,2361.2999999998246,18.100000000000122,176.05000000000578,22.95000000000019,0,104.6999999999962,0.25,0,128.0000000000022,64.0000000000003
J000372,2023-01-03/KOLA,KOLA,AMR_01,G29_12,WS_19_20,"[""101181"", ""110543"", ""110595"", ""112452"", ""125183""]",5,2045.1499999986877,2344.399999999763,2275.7999999995136,2045.1499999986877,2154.999999999074,2159.049999999089,2265.699999999477,2265.749999999477,2275.7499999995134,2275.7999999995136,2340.3499999997484,2344.399999999763,18.100000000000122,142.2499999999981,22.000000000000178,0,116.64999999999552,0.25,0,64.0000000000003,80.00000000000031
J000373,2023-01-03/KOLA,KOLA,AMR_08,G38_8,WS_19_20,"[""101295"", ""107328"", ""110703"", ""111276"", ""125176""]",5,2049.7999999986914,2621.9000000007727,2497.3000000003194,2049.7999999986914,2330.9999999997144,2335.049999999729,2487.2000000002827,2487.250000000283,2497.2500000003192,2497.3000000003194,2617.850000000758,2621.9000000007727,18.100000000000122,301.2500000000342,38.19999999999997,0,214.30000000001448,0.25,0,205.9999999999931,128.0000000000004
J000374,2023-01-03/KOLA,KOLA,AMR_20,G18_14,WS_19_20,"[""110342"", ""110393"", ""110492"", ""111391""]",5,2058.0499999987214,2389.999999999929,2330.7499999997135,2058.0499999987214,2227.5999999993383,2231.649999999353,2320.6499999996768,2320.699999999677,2330.6999999997133,2330.7499999997135,2385.9499999999143,2389.999999999929,18.100000000000122,91.99999999999692,19.200000000000138,0,202.40000000001177,0.25,0,38.000000000000114,40.000000000000114
J000375,2023-01-03/KJRH,KJRH,AMR_32,G6_9,WS_2_20,"[""101218"", ""110133""]",2,2058.0999999987216,2295.2999999995845,2253.649999999433,2058.0999999987216,2164.89999999911,2168.949999999125,2243.5499999993963,2243.5999999993965,2253.599999999433,2253.649999999433,2291.24999999957,2295.2999999995845,18.100000000000122,152.20000000000036,17.20000000000011,0,49.44999999999933,0.25,0,108.00000000000222,72.00000000000094
J000376,2023-01-03/CTSQ,CTSQ,AMR_17,G32_7,WS_13_20,"[""111378""]",1,2061.499999998734,2489.1000000002896,2412.6000000000113,2061.499999998734,2140.999999999023,2145.049999999038,2402.4999999999745,2402.5499999999747,2412.550000000011,2412.6000000000113,2485.050000000275,2489.1000000002896,18.100000000000122,233.20000000001878,32.450000000000294,0,143.5999999999984,0.25,0,74.00000000000088,187.99999999999315
J000377,2023-01-03/KJIN,KJIN,AMR_21,G26_2,WS_30_20,"[""107213""]",1,2072.449999998774,2270.2499999994934,2222.249999999319,2072.449999998774,2151.449999999061,2155.499999999076,2212.149999999282,2212.199999999282,2222.1999999993186,2222.249999999319,2266.1999999994787,2270.2499999994934,18.100000000000122,132.94999999999598,17.20000000000011,0,29.30000000000028,0.25,0,50.00000000000003,104.0000000000016
J000378,2023-01-03/KOLA,KOLA,AMR_26,G20_2,WS_19_20,"[""109843"", ""110097"", ""110297"", ""124207""]",4,2079.399999998799,2417.3000000000284,2363.9999999998345,2079.399999998799,2129.349999998981,2133.3999999989956,2353.8999999997977,2353.949999999798,2363.9499999998343,2363.9999999998345,2413.2500000000136,2417.3000000000284,18.100000000000122,147.19999999999922,19.100000000000136,0,153.2500000000006,0.25,0,54.000000000000526,116.00000000000182
J000379,2023-01-03/BSAR,BSAR,AMR_33,G32_8,WS_25_20,"[""101018""]",1,2079.6499999988,2195.599999999222,2144.1499999990347,2079.6499999988,2079.6499999988,2083.6999999988147,2134.049999998998,2134.099999998998,2144.0999999990345,2144.1499999990347,2191.549999999207,2195.599999999222,18.100000000000122,72.49999999999802,9.55,0,15.600000000000087,0.2,0,0.0,84.00000000000054
J000380,2023-01-03/KJRH,KJRH,AMR_25,G11_10,WS_2_20,"[""107412"", ""112203"", ""132279""]",3,2092.1499999988455,2249.4499999994177,2202.499999999247,2092.1499999988455,2123.9999999989614,2128.049999998976,2192.39999999921,2192.4499999992104,2202.4499999992468,2202.499999999247,2245.399999999403,2249.4499999994177,18.100000000000122,98.54999999999654,14.300000000000068,0,26.100000000000236,0.25,0,25.999999999999982,80.00000000000097
J000381,2023-01-03/CTSQ,CTSQ,AMR_34,G11_2,WS_13_20,"[""124183""]",1,2101.2499999988786,2289.649999999564,2232.499999999356,2101.2499999988786,2157.999999999085,2162.0499999991,2222.3999999993193,2222.4499999993195,2232.449999999356,2232.499999999356,2285.5999999995493,2289.649999999564,18.100000000000122,131.04999999999555,18.150000000000123,0,20.85000000000016,0.25,0,56.00000000000048,96.00000000000152
J000382,2023-01-03/DMHS,DMHS,AMR_27,G9_10,WS_8_20,"[""110227""]",1,2101.4499999988793,2192.4999999992106,2156.3999999990792,2101.4499999988793,2101.4499999988793,2105.499999998894,2146.2999999990425,2146.3499999990427,2156.349999999079,2156.3999999990792,2188.449999999196,2192.4999999992106,18.100000000000122,53.349999999999106,6.649999999999984,0,12.750000000000046,0.2,0,0.0,56.00000000000051
J000383,2023-01-03/KJRH,KJRH,AMR_04,G3_5,WS_2_20,"[""110339"", ""110349""]",2,2106.299999998897,2228.399999999341,2185.199999999184,2106.299999998897,2128.849999998979,2132.8999999989937,2175.0999999991473,2175.1499999991474,2185.149999999184,2185.199999999184,2224.3499999993264,2228.399999999341,18.100000000000122,81.89999999999749,11.500000000000028,0,10.350000000000012,0.25,0,20.000000000000025,76.00000000000095
J000384,2023-01-03/KJIN,KJIN,AMR_02,G12_13,WS_30_20,"[""107413""]",1,2125.799999998968,2471.050000000224,2240.149999999384,2125.799999998968,2162.7999999991025,2166.8499999991172,2230.049999999347,2230.0999999993473,2240.0999999993837,2240.149999999384,2467.000000000209,2471.050000000224,18.100000000000122,158.25000000000173,26.750000000000245,0,141.89999999999802,0.25,0,22.0,135.99999999999966
J000385,2023-01-03/CTSQ,CTSQ,AMR_06,G35_9,WS_13_20,"[""101219""]",1,2143.399999999032,2605.9500000007147,2395.5499999999493,2143.399999999032,2232.799999999357,2236.849999999372,2385.4499999999125,2385.4999999999127,2395.499999999949,2395.5499999999493,2601.9000000007,2605.9500000007147,18.100000000000122,206.30000000001266,22.95000000000019,0,214.95000000001463,0.25,0,68.00000000000041,159.9999999999969
J000386,2023-01-03/DSHA,DSHA,AMR_10,G35_12,WS_25_20,"[""107327""]",1,2148.049999999049,2364.0499999998347,2299.6499999996004,2148.049999999049,2243.0999999993946,2247.1499999994094,2289.5499999995636,2289.599999999564,2299.5999999996,2299.6499999996004,2359.99999999982,2364.0499999998347,18.100000000000122,138.19999999999717,16.200000000000095,0,43.24999999999968,0.25,0,76.00000000000063,80.0000000000003
J000387,2023-01-03/DSHA,DSHA,AMR_38,G23_7,WS_25_20,"[""110569""]",1,2148.9999999990523,2511.6000000003714,2331.749999999717,2148.9999999990523,2254.0999999994347,2258.1499999994494,2321.6499999996804,2321.6999999996806,2331.699999999717,2331.749999999717,2507.5500000003567,2511.6000000003714,18.100000000000122,115.74999999999557,15.300000000000082,0,213.20000000001423,0.25,0,34.00000000000003,76.00000000000037
J000388,2023-01-03/DSHA,DSHA,AMR_37,G3_12,WS_25_20,"[""110561""]",1,2148.9999999990523,2654.8500000008926,2554.0000000005257,2148.9999999990523,2177.3999999991556,2181.4499999991704,2543.900000000489,2543.950000000489,2553.9500000005255,2554.0000000005257,2650.800000000878,2654.8500000008926,18.100000000000122,213.30000000001425,30.6000000000003,0,243.60000000002114,0.25,0,10.0,211.99999999999505
J000389,2023-01-03/KJRH,KJRH,AMR_15,G26_8,WS_2_20,"[""107334"", ""110186""]",2,2153.649999999069,2586.550000000644,2440.6500000001133,2153.649999999069,2214.29999999929,2218.3499999993046,2430.5500000000766,2430.6000000000768,2440.600000000113,2440.6500000001133,2582.5000000006294,2586.550000000644,18.100000000000122,204.05000000001215,21.050000000000164,0,189.45000000000883,0.25,0,64.00000000000038,175.9999999999985
J000390,2023-01-03/CTSQ,CTSQ,AMR_29,G38_15,WS_13_20,"[""112372""]",1,2166.1499999991147,2544.0000000004893,2327.6499999997022,2166.1499999991147,2199.2999999992353,2203.34999999925,2317.5499999996655,2317.5999999996657,2327.599999999702,2327.6499999997022,2539.9500000004746,2544.0000000004893,18.100000000000122,154.95000000000098,21.900000000000176,0,182.65000000000728,0.25,0,34.0,135.9999999999996
J000391,2023-01-03/CTSQ,CTSQ,AMR_39,G38_10,WS_13_20,"[""104429""]",1,2174.0499999991434,2678.000000000977,2511.750000000372,2174.0499999991434,2358.9999999998163,2363.049999999831,2501.6500000003352,2501.7000000003354,2511.700000000372,2511.750000000372,2673.950000000962,2678.000000000977,18.100000000000122,281.8500000000298,35.30000000000013,0,168.45000000000405,0.25,0,163.99999999999716,163.9999999999976
J000392,2023-01-03/CTSQ,CTSQ,AMR_30,G38_9,WS_13_20,"[""140089""]",1,2181.649999999171,2599.3500000006907,2378.449999999887,2181.649999999171,2227.3999999993375,2231.4499999993523,2368.3499999998503,2368.3999999998505,2378.399999999887,2378.449999999887,2595.300000000676,2599.3500000006907,18.100000000000122,185.850000000008,24.90000000000022,0,188.60000000000863,0.25,0,48.000000000000384,155.99999999999713
J000393,2023-01-03/KJRH,KJRH,AMR_27,G9_10,WS_2_20,"[""110227"", ""110382"", ""110583""]",3,2192.5499999992107,2312.5499999996473,2270.699999999495,2192.5499999992107,2192.5499999992107,2196.5999999992255,2260.5999999994583,2260.6499999994585,2270.649999999495,2270.699999999495,2308.4999999996326,2312.5499999996473,18.100000000000122,66.19999999999838,7.599999999999981,0,27.90000000000026,0.2,0,0.0,72.00000000000077
J000394,2023-01-03/KOLA,KOLA,AMR_33,G32_8,WS_19_20,"[""101297"", ""107232"", ""110519"", ""138355""]",6,2202.0999999992455,2479.650000000255,2309.749999999637,2202.0999999992455,2202.0999999992455,2206.14999999926,2299.6499999996004,2299.6999999996005,2309.699999999637,2309.749999999637,2475.6000000002405,2479.650000000255,18.100000000000122,120.29999999999531,15.250000000000082,0,123.69999999999511,0.2,0,0.0,128.0000000000004
J000395,2023-01-03/KJRH,KJRH,AMR_19,G26_7,WS_2_20,"[""101273"", ""124795""]",2,2202.549999999247,2444.150000000126,2365.9999999998417,2202.549999999247,2250.599999999422,2254.6499999994367,2355.899999999805,2355.949999999805,2365.9499999998416,2365.9999999998417,2440.1000000001113,2444.150000000126,18.100000000000122,170.95000000000462,19.100000000000136,0,33.20000000000025,0.25,0,44.00000000000018,167.99999999999775
J000396,2023-01-03/KJRH,KJRH,AMR_31,G26_6,WS_2_20,"[""109843"", ""138468""]",3,2219.599999999309,2507.050000000355,2386.7999999999174,2219.599999999309,2286.6999999995533,2290.749999999568,2376.6999999998807,2376.749999999881,2386.7499999999172,2386.7999999999174,2503.00000000034,2507.050000000355,18.100000000000122,195.20000000001014,17.20000000000011,0,56.699999999998916,0.25,0,50.000000000000114,179.99999999999957
J000397,2023-01-03/KJIN,KJIN,AMR_12,G18_8,WS_30_20,"[""110176""]",1,2222.6999999993204,2619.3500000007634,2479.000000000253,2222.6999999993204,2260.6999999994587,2264.7499999994734,2468.900000000216,2468.9500000002163,2478.9500000002527,2479.000000000253,2615.3000000007487,2619.3500000007634,18.100000000000122,160.40000000000222,24.90000000000022,0,193.00000000000963,0.25,0,32.0,136.00000000000003
J000398,2023-01-03/DSHA,DSHA,AMR_11,G27_2,WS_25_20,"[""110444""]",1,2230.79999999935,2394.7499999999463,2315.799999999659,2230.79999999935,2230.79999999935,2234.8499999993646,2305.6999999996224,2305.7499999996226,2315.749999999659,2315.799999999659,2390.6999999999316,2394.7499999999463,18.100000000000122,91.54999999999694,11.450000000000028,0,42.649999999999714,0.2,0,0.0,104.00000000000112
J000399,2023-01-03/CTSQ,CTSQ,AMR_16,G39_10,WS_13_20,"[""110177""]",1,2232.5499999993563,2651.35000000088,2528.6500000004335,2232.5499999993563,2325.2499999996935,2329.2999999997082,2518.5500000003967,2518.600000000397,2528.6000000004333,2528.6500000004335,2647.300000000865,2651.35000000088,18.100000000000122,248.10000000002216,26.650000000000244,0,125.699999999995,0.25,0,70.00000000000057,199.9999999999936
J000400,2023-01-03/KJRH,KJRH,AMR_04,G29_10,WS_2_20,"[""110239"", ""112330""]",2,2236.649999999371,2700.7000000010594,2623.2500000007776,2236.649999999371,2349.0999999997803,2353.149999999795,2613.150000000741,2613.200000000741,2623.2000000007774,2623.2500000007776,2696.6500000010446,2700.7000000010594,18.100000000000122,262.1000000000253,24.90000000000022,0,158.70000000000184,0.25,0,110.0000000000015,215.99999999999343
J000401,2023-01-03/DSHA,DSHA,AMR_23,G23_9,WS_25_20,"[""101067""]",1,2237.8499999993755,2479.300000000254,2347.699999999775,2237.8499999993755,2237.8499999993755,2241.8999999993903,2337.5999999997384,2337.6499999997386,2347.649999999775,2347.699999999775,2475.250000000239,2479.300000000254,18.100000000000122,96.44999999999666,15.300000000000082,0,111.39999999999581,0.2,0,0.0,92.00000000000043
J000402,2023-01-03/KJIN,KJIN,AMR_05,G3_10,WS_30_20,"[""127627""]",1,2248.099999999413,2624.6500000007827,2386.2499999999154,2248.099999999413,2270.649999999495,2274.6999999995096,2376.1499999998787,2376.199999999879,2386.1999999999152,2386.2499999999154,2620.600000000768,2624.6500000007827,18.100000000000122,156.3500000000013,14.250000000000068,0,187.6000000000084,0.25,0,15.999999999999993,155.99999999999727
J000403,2023-01-03/KJRH,KJRH,AMR_07,G29_8,WS_2_20,"[""107034"", ""110205""]",2,2253.699999999433,2711.2000000010976,2457.7000000001754,2253.699999999433,2277.6999999995205,2281.7499999995352,2447.6000000001386,2447.650000000139,2457.650000000175,2457.7000000001754,2707.150000001083,2711.2000000010976,18.100000000000122,233.95000000001895,30.6000000000003,0,174.60000000000545,0.25,0,20.0,235.99999999999457
J000404,2023-01-03/DSHA,DSHA,AMR_25,G0_15,WS_25_20,"[""107317""]",1,2253.7999999994336,2686.800000001009,2597.3500000006834,2253.7999999994336,2292.2499999995734,2296.299999999588,2587.2500000006467,2587.300000000647,2597.300000000683,2597.3500000006834,2682.750000000994,2686.800000001009,18.100000000000122,168.10000000000397,17.20000000000011,0,229.3500000000179,0.25,0,35.99999999999996,151.99999999999778
J000405,2023-01-03/KJRH,KJRH,AMR_21,G29_6,WS_2_20,"[""110450"", ""110543""]",2,2270.7499999994952,2511.5500000003713,2423.7000000000517,2270.7499999994952,2295.699999999586,2299.7499999996007,2413.600000000015,2413.650000000015,2423.6500000000515,2423.7000000000517,2507.5000000003565,2511.5500000003713,18.100000000000122,178.60000000000636,18.150000000000123,0,25.70000000000023,0.25,0,14.0,199.99999999999253
J000406,2023-01-03/KOLA,KOLA,AMR_13,G23_12,WS_19_20,"[""101063"", ""101332"", ""110148"", ""110398"", ""112036"", ""112087""]",8,2275.849999999514,2513.0500000003767,2380.8499999998958,2275.849999999514,2291.6999999995714,2295.749999999586,2370.749999999859,2370.799999999859,2380.7999999998956,2380.8499999998958,2509.000000000362,2513.0500000003767,18.100000000000122,75.84999999999783,17.20000000000011,0,125.799999999995,0.25,0,10.0,56.00000000000007
J000407,2023-01-03/IPBC,IPBC,AMR_24,G8_12,WS_8_20,"[""110178""]",1,2279.799999999528,2382.3999999999014,2350.5499999997855,2279.799999999528,2304.0499999996164,2308.099999999631,2340.449999999749,2340.499999999749,2350.4999999997854,2350.5499999997855,2378.3499999998867,2382.3999999999014,18.100000000000122,68.89999999999823,13.350000000000055,0,2.000000000000001,0.25,0,18.0,52.0000000000003
J000408,2023-01-03/IPBC,IPBC,AMR_22,G9_12,WS_8_20,"[""124208""]",1,2279.799999999528,2402.5499999999747,2366.399999999843,2279.799999999528,2314.5999999996548,2318.6499999996695,2356.2999999998065,2356.3499999998066,2366.349999999843,2366.399999999843,2398.49999999996,2402.5499999999747,18.100000000000122,69.09999999999822,11.450000000000028,0,23.850000000000204,0.25,0,21.999999999999982,52.0000000000005
J000409,2023-01-03/KOLA,KOLA,AMR_35,G35_8,WS_19_20,"[""101014"", ""101026"", ""101065"", ""110234""]",4,2292.7499999995753,2533.450000000451,2428.80000000007,2292.7499999995753,2320.749999999677,2324.799999999692,2418.7000000000335,2418.7500000000337,2428.75000000007,2428.80000000007,2529.400000000436,2533.450000000451,18.100000000000122,135.79999999999663,18.150000000000123,0,68.39999999999826,0.25,0,22.00000000000002,120.00000000000055
J000410,2023-01-03/KOLA,KOLA,AMR_34,G23_8,WS_19_20,"[""101076"", ""107276"", ""110401""]",3,2309.7999999996373,2550.450000000513,2463.150000000195,2309.7999999996373,2345.3499999997666,2349.3999999997814,2453.0500000001584,2453.1000000001586,2463.100000000195,2463.150000000195,2546.400000000498,2550.450000000513,18.100000000000122,111.5999999999958,16.250000000000096,0,94.44999999999678,0.25,0,36.000000000000014,76.00000000000017
J000411,2023-01-03/IPBC,IPBC,AMR_27,G9_10,WS_8_20,"[""110227""]",1,2312.5999999996475,2429.350000000072,2382.3499999999012,2312.5999999996475,2312.5999999996475,2316.649999999662,2372.2499999998645,2372.2999999998647,2382.299999999901,2382.3499999999012,2425.3000000000575,2429.350000000072,18.100000000000122,55.849999999998964,5.699999999999988,0,36.90000000000004,0.2,0,0.0,56.00000000000051
J000412,2023-01-03/KJIN,KJIN,AMR_32,G11_10,WS_30_20,"[""107412""]",1,2322.399999999683,2773.150000001323,2694.1000000010354,2322.399999999683,2345.699999999768,2349.7499999997826,2684.0000000009986,2684.050000000999,2694.050000001035,2694.1000000010354,2769.100000001308,2773.150000001323,18.100000000000122,193.7500000000098,25.75000000000023,0,212.90000000001416,0.25,0,16.0,183.9999999999955
J000413,2023-01-03/KOLA,KOLA,AMR_03,G12_9,WS_19_20,"[""101189"", ""112386"", ""122645""]",3,2330.7999999997137,2520.6500000004044,2480.2500000002574,2330.7999999997137,2372.399999999865,2376.4499999998798,2470.1500000002206,2470.200000000221,2480.200000000257,2480.2500000002574,2516.6000000003896,2520.6500000004044,18.100000000000122,105.99999999999612,13.350000000000055,0,52.149999999999174,0.25,0,28.0,80.00000000000074
J000414,2023-01-03/KJIN,KJIN,AMR_09,G3_7,WS_30_20,"[""101094""]",1,2345.999999999769,2759.100000001272,2636.7500000008267,2345.999999999769,2487.9500000002854,2492.0000000003,2626.65000000079,2626.70000000079,2636.7000000008265,2636.7500000008267,2755.050000001257,2759.100000001272,18.100000000000122,261.7000000000252,29.650000000000286,0,103.39999999999627,0.25,0,106.00000000000237,215.99999999998988
J000415,2023-01-03/KOLA,KOLA,AMR_01,G32_12,WS_19_20,"[""111342"", ""112029"", ""138468""]",3,2364.0499999998347,2730.300000001167,2649.6500000008737,2364.0499999998347,2378.949999999889,2382.9999999999036,2639.550000000837,2639.600000000837,2649.6000000008735,2649.6500000008737,2726.2500000011523,2730.300000001167,18.100000000000122,124.24999999999508,19.000000000000135,0,204.65000000001228,0.25,0,10.0,104.00000000000017
J000416,2023-01-03/KJRH,KJRH,AMR_10,G38_12,WS_2_20,"[""101028"", ""110336""]",2,2366.049999999842,2768.550000001306,2675.1000000009662,2366.049999999842,2380.599999999895,2384.6499999999096,2665.0000000009295,2665.0500000009297,2675.050000000966,2675.1000000009662,2764.5000000012915,2768.550000001306,18.100000000000122,206.4500000000127,20.900000000000162,0,156.8000000000014,0.25,0,10.0,231.99999999998866
J000417,2023-01-03/KOLA,KOLA,AMR_14,G6_12,WS_19_20,"[""107263"", ""112045"", ""134028""]",3,2380.899999999896,2597.000000000682,2531.3500000004433,2380.899999999896,2429.7500000000737,2433.8000000000884,2521.2500000004065,2521.3000000004067,2531.300000000443,2531.3500000004433,2592.9500000006674,2597.000000000682,18.100000000000122,119.64999999999534,13.350000000000055,0,64.74999999999847,0.25,0,44.0000000000004,92.00000000000091
J000418,2023-01-03/KAMP,KAMP,AMR_24,G9_14,WS_8_20,"[""112432""]",1,2382.4499999999016,2486.0000000002783,2449.5500000001457,2382.4499999999016,2409.0499999999984,2413.100000000013,2439.450000000109,2439.500000000109,2449.5000000001455,2449.5500000001457,2481.9500000002636,2486.0000000002783,18.100000000000122,60.5499999999987,11.450000000000028,0,13.200000000000053,0.25,0,14.0,44.000000000000185
J000419,2023-01-03/KJIN,KJIN,AMR_20,G0_9,WS_30_20,"[""131976""]",1,2390.0499999999292,2778.5000000013424,2658.2000000009048,2390.0499999999292,2447.95000000014,2452.0000000001546,2648.100000000868,2648.150000000868,2658.1500000009046,2658.2000000009048,2774.4500000013277,2778.5000000013424,18.100000000000122,213.65000000001433,24.800000000000217,0,131.64999999999569,0.25,0,50.00000000000046,199.99999999999233
J000420,2023-01-03/KJRH,KJRH,AMR_11,G5_15,WS_2_20,"[""111228""]",1,2394.7999999999465,2547.1500000005008,2519.8500000004015,2394.7999999999465,2474.150000000235,2478.20000000025,2509.7500000003647,2509.800000000365,2519.8000000004013,2519.8500000004015,2543.100000000486,2547.1500000005008,18.100000000000122,106.3499999999961,15.300000000000082,0,12.35000000000004,0.25,0,86.00000000000179,35.999999999999986
J000421,2023-01-03/KJRH,KJRH,AMR_22,G8_15,WS_2_20,"[""110097""]",1,2423.750000000052,2534.1500000004535,2502.6000000003387,2423.750000000052,2449.600000000146,2453.6500000001606,2492.500000000302,2492.550000000302,2502.5500000003385,2502.6000000003387,2530.1000000004387,2534.1500000004535,18.100000000000122,61.24999999999866,10.450000000000014,0,20.350000000000154,0.25,0,16.0,48.000000000000426
J000422,2023-01-03/KOLA,KOLA,AMR_26,G3_5,WS_19_20,"[""110339"", ""110386"", ""112013""]",6,2428.8500000000704,2677.3500000009744,2564.000000000562,2428.8500000000704,2475.750000000241,2479.8000000002557,2553.9000000005253,2553.9500000005255,2563.950000000562,2564.000000000562,2673.3000000009597,2677.3500000009744,18.100000000000122,164.15000000000308,19.100000000000136,0,46.89999999999947,0.25,0,48.00000000000033,140.00000000000057
J000423,2023-01-03/KAMP,KAMP,AMR_27,G9_10,WS_8_20,"[""110227""]",1,2429.4000000000724,2505.5500000003494,2468.2000000002135,2429.4000000000724,2429.4000000000724,2433.450000000087,2458.100000000177,2458.150000000177,2468.1500000002134,2468.2000000002135,2501.5000000003347,2505.5500000003494,18.100000000000122,51.099999999999234,5.699999999999988,0,1.0500000000000003,0.2,0,0.0,56.00000000000051
J000424,2023-01-03/KJRH,KJRH,AMR_40,G0_10,WS_2_20,"[""110192""]",1,2440.7000000001135,2564.250000000563,2536.9000000004635,2440.7000000001135,2479.5000000002547,2483.5500000002694,2526.8000000004267,2526.850000000427,2536.8500000004633,2536.9000000004635,2560.2000000005482,2564.250000000563,18.100000000000122,84.09999999999737,12.450000000000042,0,8.649999999999988,0.25,0,40.000000000000064,56.00000000000045
J000425,2023-01-03/KJRH,KJRH,AMR_19,G9_12,WS_2_20,"[""110593""]",1,2457.7500000001755,2659.4500000009093,2606.300000000716,2457.7500000001755,2552.750000000521,2556.800000000536,2596.200000000679,2596.2500000006794,2606.2500000007158,2606.300000000716,2655.4000000008946,2659.4500000009093,18.100000000000122,145.24999999999878,22.95000000000019,0,15.15000000000008,0.25,0,88.00000000000148,72.00000000000065
J000426,2023-01-03/KTUN,KTUN,AMR_02,G11_12,WS_8_20,"[""110161"", ""110178"", ""110298"", ""123034"", ""132437""]",8,2471.100000000224,2567.000000000573,2530.8500000004415,2471.100000000224,2490.850000000296,2494.9000000003107,2520.7500000004047,2520.800000000405,2530.8000000004413,2530.8500000004415,2562.9500000005582,2567.000000000573,18.100000000000122,61.49999999999864,11.450000000000028,0,4.599999999999992,0.25,0,12.0,52.0000000000005
J000427,2023-01-03/KTUN,KTUN,AMR_23,G0_8,WS_8_20,"[""111376"", ""120450"", ""123094"", ""134029""]",6,2479.350000000254,2745.900000001224,2685.4000000010037,2479.350000000254,2581.4000000006254,2585.45000000064,2675.300000000967,2675.350000000967,2685.3500000010035,2685.4000000010037,2741.850000001209,2745.900000001224,18.100000000000122,161.90000000000256,22.85000000000019,0,63.44999999999853,0.25,0,80.00000000000126,88.00000000000067
J000428,2023-01-03/KTUN,KTUN,AMR_33,G26_12,WS_8_20,"[""110590"", ""112326"", ""118518"", ""121833""]",5,2479.7000000002554,2688.000000001013,2621.650000000772,2479.7000000002554,2504.7500000003465,2508.8000000003613,2611.550000000735,2611.6000000007352,2621.6000000007716,2621.650000000772,2683.9500000009984,2688.000000001013,18.100000000000122,116.74999999999551,13.350000000000055,0,59.84999999999874,0.25,0,20.0,112.00000000000136
J000429,2023-01-03/CTSQ,CTSQ,AMR_24,G23_9,WS_13_20,"[""111315""]",1,2486.0500000002785,2707.4000000010838,2608.550000000724,2486.0500000002785,2538.0000000004675,2542.050000000482,2598.4500000006874,2598.5000000006876,2608.500000000724,2608.550000000724,2703.350000001069,2707.4000000010838,18.100000000000122,140.34999999999766,21.050000000000164,0,41.599999999999774,0.25,0,38.00000000000004,112.00000000000125
J000430,2023-01-03/KJIN,KJIN,AMR_17,G32_8,WS_30_20,"[""110519""]",1,2489.1500000002898,2643.8500000008526,2589.3500000006543,2489.1500000002898,2493.100000000304,2497.150000000319,2579.2500000006175,2579.3000000006177,2589.300000000654,2589.3500000006543,2639.800000000838,2643.8500000008526,18.100000000000122,95.7499999999967,13.350000000000055,0,27.250000000000252,0.25,0,2.0,100.00000000000082
J000431,2023-01-03/KOLA,KOLA,AMR_27,G17_12,WS_19_20,"[""101027"", ""107131""]",4,2505.6000000003496,2653.8000000008888,2606.7000000007174,2505.6000000003496,2533.20000000045,2537.2500000004648,2596.6000000006807,2596.650000000681,2606.6500000007172,2606.7000000007174,2649.750000000874,2653.8000000008888,18.100000000000122,82.29999999999747,13.350000000000055,0,34.200000000000195,0.25,0,20.0,56.00000000000023
J000432,2023-01-03/KTUN,KTUN,AMR_31,G12_12,WS_8_20,"[""107250"", ""110501"", ""112010""]",5,2507.100000000355,2712.150000001101,2669.4500000009457,2507.100000000355,2593.950000000671,2598.0000000006858,2659.350000000909,2659.400000000909,2669.4000000009455,2669.4500000009457,2708.1000000010863,2712.150000001101,18.100000000000122,113.4999999999957,14.300000000000068,0,58.89999999999879,0.25,0,56.00000000000044,64.00000000000064
J000433,2023-01-03/KOLA,KOLA,AMR_21,G15_12,WS_19_20,"[""110251"", ""110323""]",4,2511.6000000003714,2716.9000000011183,2666.7000000009357,2511.6000000003714,2595.5000000006767,2599.5500000006914,2656.600000000899,2656.650000000899,2666.6500000009355,2666.7000000009357,2712.8500000011036,2716.9000000011183,18.100000000000122,90.24999999999702,13.350000000000055,0,83.34999999999741,0.25,0,40.00000000000003,56.00000000000023
J000434,2023-01-03/KTUN,KTUN,AMR_38,G14_12,WS_8_20,"[""101330"", ""124208"", ""125413""]",5,2511.6500000003716,2693.700000001034,2653.5000000008877,2511.6500000003716,2586.4500000006437,2590.5000000006585,2643.400000000851,2643.450000000851,2653.4500000008875,2653.5000000008877,2689.650000001019,2693.700000001034,18.100000000000122,111.39999999999581,17.20000000000011,0,35.10000000000014,0.25,0,56.00000000000054,64.00000000000077
J000435,2023-01-03/KJRH,KJRH,AMR_13,G6_10,WS_2_20,"[""124210""]",1,2513.100000000377,2675.7000000009684,2640.3000000008396,2513.100000000377,2586.6500000006445,2590.700000000659,2630.200000000803,2630.250000000803,2640.2500000008395,2640.3000000008396,2671.6500000009537,2675.7000000009684,18.100000000000122,87.94999999999715,12.400000000000041,0,43.89999999999964,0.25,0,38.00000000000004,60.0000000000006
J000436,2023-01-03/KOLA,KOLA,AMR_03,G26_9,WS_19_20,"[""110149"", ""110486""]",2,2520.7000000004045,2745.0500000012207,2683.7500000009977,2520.7000000004045,2593.65000000067,2597.7000000006847,2673.650000000961,2673.700000000961,2683.7000000009975,2683.7500000009977,2741.000000001206,2745.0500000012207,18.100000000000122,126.74999999999494,19.100000000000136,0,60.14999999999872,0.25,0,60.00000000000041,76.00000000000034
J000437,2023-01-03/DSHA,DSHA,AMR_18,G20_8,WS_25_20,"[""114748""]",1,2523.4500000004145,2680.9500000009875,2613.3500000007416,2523.4500000004145,2523.4500000004145,2527.5000000004293,2603.250000000705,2603.300000000705,2613.3000000007414,2613.3500000007416,2676.900000000973,2680.9500000009875,18.100000000000122,82.94999999999743,11.450000000000028,0,44.79999999999959,0.2,0,0.0,88.0000000000006
J000438,2023-01-03/KTUN,KTUN,AMR_35,G9_10,WS_8_20,"[""101293"", ""110583"", ""112086""]",5,2533.500000000451,2740.6000000012045,2701.3500000010617,2533.500000000451,2632.700000000812,2636.7500000008267,2691.250000001025,2691.300000001025,2701.3000000010616,2701.3500000010617,2736.55000000119,2740.6000000012045,18.100000000000122,114.64999999999563,13.400000000000055,0,60.69999999999869,0.25,0,60.00000000000021,60.00000000000068
J000439,2023-01-03/KJRH,KJRH,AMR_22,G23_7,WS_2_20,"[""110569"", ""112010""]",2,2534.2000000004537,2862.1000000016465,2787.700000001376,2534.2000000004537,2652.800000000885,2656.8500000009,2777.600000001339,2777.6500000013393,2787.6500000013757,2787.700000001376,2858.050000001632,2862.1000000016465,18.100000000000122,196.8500000000105,20.10000000000015,0,92.59999999999688,0.25,0,70.00000000000091,155.9999999999993
J000440,2023-01-03/KOLA,KOLA,AMR_29,G32_15,WS_19_20,"[""110130"", ""110283""]",2,2544.0500000004895,2684.5500000010006,2632.3500000008107,2544.0500000004895,2563.700000000561,2567.7500000005757,2622.250000000774,2622.300000000774,2632.3000000008105,2632.3500000008107,2680.500000000986,2684.5500000010006,18.100000000000122,81.44999999999752,12.450000000000042,0,28.250000000000266,0.25,0,16.0,76.00000000000003
J000441,2023-01-03/KTUN,KTUN,AMR_11,G2_10,WS_8_20,"[""110210"", ""110343"", ""110386""]",4,2547.200000000501,2689.85000000102,2637.5500000008296,2547.200000000501,2568.7500000005793,2572.800000000594,2627.450000000793,2627.500000000793,2637.5000000008295,2637.5500000008296,2685.800000001005,2689.85000000102,18.100000000000122,91.44999999999695,15.250000000000082,0,17.600000000000115,0.25,0,15.999999999999993,76.00000000000026
J000442,2023-01-03/KJRH,KJRH,AMR_34,G3_9,WS_2_20,"[""107336""]",1,2550.500000000513,2729.500000001164,2692.0000000010277,2550.500000000513,2639.600000000837,2643.650000000852,2681.900000000991,2681.950000000991,2691.9500000010275,2692.0000000010277,2725.4500000011494,2729.500000001164,18.100000000000122,125.799999999995,17.25000000000011,0,17.600000000000115,0.25,0,90.00000000000169,60.00000000000067
J000443,2023-01-03/KOLA,KOLA,AMR_40,G32_13,WS_19_20,"[""110212"", ""111210""]",3,2564.300000000563,2813.6500000014703,2754.700000001256,2564.300000000563,2660.0500000009115,2664.1000000009262,2744.600000001219,2744.6500000012193,2754.6500000012556,2754.700000001256,2809.6000000014556,2813.6500000014703,18.100000000000122,156.85000000000142,15.300000000000082,0,58.84999999999879,0.25,0,98.00000000000134,84.00000000000023
J000444,2023-01-03/KJRH,KJRH,AMR_06,G35_9,WS_2_20,"[""110480"", ""112053""]",2,2606.350000000716,2860.9500000016424,2753.600000001252,2606.350000000716,2606.350000000716,2610.400000000731,2743.500000001215,2743.5500000012153,2753.5500000012516,2753.600000001252,2856.9000000016276,2860.9500000016424,18.100000000000122,153.50000000000065,11.450000000000028,0,71.34999999999809,0.2,0,0.0,179.99999999999446
J000445,2023-01-03/KOLA,KOLA,AMR_30,G38_9,WS_19_20,"[""101122"", ""112084"", ""125179"", ""140089""]",4,2606.7500000007176,2812.700000001467,2737.750000001194,2606.7500000007176,2606.7500000007176,2610.8000000007323,2727.6500000011574,2727.7000000011576,2737.700000001194,2737.750000001194,2808.650000001452,2812.700000001467,18.100000000000122,111.04999999999583,13.350000000000055,0,63.24999999999854,0.2,0,0.0,124.00000000000038
J000446,2023-01-03/DEPE,DEPE,AMR_02,G18_12,WS_13_20,"[""101299""]",1,2608.6000000007243,2748.5000000012333,2709.7500000010923,2608.6000000007243,2658.9500000009075,2663.0000000009222,2699.6500000010556,2699.7000000010557,2709.700000001092,2709.7500000010923,2744.4500000012185,2748.5000000012333,18.100000000000122,79.9499999999976,15.300000000000082,0,26.30000000000024,0.25,0,22.0,64.00000000000058
J000447,2023-01-03/DEPE,DEPE,AMR_14,G15_9,WS_13_20,"[""110313""]",1,2608.6000000007243,2765.700000001296,2726.650000001154,2608.6000000007243,2672.250000000956,2676.3000000009706,2716.550000001117,2716.600000001117,2726.6000000011536,2726.650000001154,2761.650000001281,2765.700000001296,18.100000000000122,111.7499999999958,17.20000000000011,0,9.800000000000004,0.25,0,60.000000000000924,64.00000000000081
J000448,2023-01-03/DEPE,DEPE,AMR_15,G27_2,WS_13_20,"[""110509""]",1,2608.6000000007243,2812.700000001467,2743.700000001216,2608.6000000007243,2632.20000000081,2636.250000000825,2733.600000001179,2733.6500000011793,2743.6500000012156,2743.700000001216,2808.650000001452,2812.700000001467,18.100000000000122,135.04999999999646,20.05000000000015,0,30.6500000000003,0.25,0,17.999999999999996,136.0000000000006
J000449,2023-01-03/IPGD,IPGD,AMR_36,G29_15,WS_25_20,"[""110178"", ""112432""]",2,2613.400000000742,2811.8500000014637,2779.0500000013444,2613.400000000742,2742.350000001211,2746.4000000012256,2768.9500000013077,2769.000000001308,2779.0000000013442,2779.0500000013444,2807.800000001449,2811.8500000014637,18.100000000000122,97.19999999999662,19.100000000000136,0,63.79999999999851,0.25,0,50.00000000000003,44.00000000000003
J000450,2023-01-03/IPGD,IPGD,AMR_12,G17_10,WS_25_20,"[""124208""]",1,2619.4000000007636,2771.250000001316,2727.4500000011567,2619.4000000007636,2640.5500000008406,2644.6000000008553,2717.35000000112,2717.40000000112,2727.4000000011565,2727.4500000011567,2767.2000000013013,2771.250000001316,18.100000000000122,91.64999999999694,14.300000000000068,0,27.550000000000257,0.25,0,14.0,84.0000000000002
J000451,2023-01-03/KTUN,KTUN,AMR_08,G17_9,WS_8_20,"[""107281"", ""110225"", ""112369""]",3,2621.950000000773,2850.150000001603,2776.2500000013342,2621.950000000773,2715.400000001113,2719.4500000011276,2766.1500000012975,2766.2000000012977,2776.200000001334,2776.2500000013342,2846.1000000015883,2850.150000001603,18.100000000000122,158.65000000000182,22.95000000000019,0,28.250000000000266,0.25,0,88.00000000000063,88.0000000000008
J000452,2023-01-03/KJRH,KJRH,AMR_05,G20_9,WS_2_20,"[""110597"", ""125547""]",2,2624.700000000783,2870.150000001676,2770.650000001314,2624.700000000783,2688.200000001014,2692.2500000010286,2760.550000001277,2760.6000000012773,2770.6000000013137,2770.650000001314,2866.100000001661,2870.150000001676,18.100000000000122,168.10000000000397,17.15000000000011,0,41.84999999999976,0.25,0,72.00000000000128,120.00000000000168
J000453,2023-01-03/KOLA,KOLA,AMR_17,G35_13,WS_19_20,"[""107255"", ""112069""]",2,2643.9000000008527,2828.700000001525,2777.9000000013402,2643.9000000008527,2708.6500000010883,2712.700000001103,2767.8000000013035,2767.8500000013037,2777.85000000134,2777.9000000013402,2824.6500000015103,2828.700000001525,18.100000000000122,125.14999999999503,19.150000000000137,0,22.15000000000018,0.25,0,40.00000000000013,96.00000000000021
J000454,2023-01-03/KTUN,KTUN,AMR_16,G23_12,WS_8_20,"[""101075"", ""112036"", ""112087""]",3,2651.40000000088,3006.4500000021717,2855.900000001624,2651.40000000088,2746.7000000012267,2750.7500000012415,2845.8000000015873,2845.8500000015874,2855.850000001624,2855.900000001624,3002.400000002157,3006.4500000021717,18.100000000000122,171.80000000000481,21.000000000000163,0,143.89999999999847,0.25,0,84.00000000000054,100.00000000000108
J000455,2023-01-03/KJRH,KJRH,AMR_27,G3_10,WS_2_20,"[""101163""]",1,2653.850000000889,2838.900000001562,2804.750000001438,2653.850000000889,2753.8500000012527,2757.9000000012675,2794.650000001401,2794.7000000014013,2804.7000000014377,2804.750000001438,2834.8500000015474,2838.900000001562,18.100000000000122,119.99999999999532,16.300000000000097,0,30.400000000000297,0.25,0,84.00000000000175,52.00000000000031
J000456,2023-01-03/KOLA,KOLA,AMR_37,G6_8,WS_19_20,"[""107266"", ""112323""]",2,2654.9000000008928,2921.2500000018617,2846.000000001588,2654.9000000008928,2730.2000000011667,2734.2500000011814,2835.9000000015512,2835.9500000015514,2845.950000001588,2846.000000001588,2917.200000001847,2921.2500000018617,18.100000000000122,135.74999999999662,17.20000000000011,0,95.04999999999674,0.25,0,42.0000000000003,108.00000000000148
J000457,2023-01-03/KTUN,KTUN,AMR_19,G3_2,WS_8_20,"[""110349"", ""110494"", ""110496""]",5,2659.5000000009095,2858.4500000016333,2792.100000001392,2659.5000000009095,2709.900000001093,2713.9500000011076,2782.000000001355,2782.0500000013553,2792.0500000013917,2792.100000001392,2854.4000000016185,2858.4500000016333,18.100000000000122,118.6499999999954,13.350000000000055,0,48.599999999999376,0.25,0,31.999999999999996,100.00000000000146
J000458,2023-01-03/KJRH,KJRH,AMR_13,G32_8,WS_2_20,"[""110519"", ""138355""]",2,2675.7500000009686,2943.300000001942,2842.700000001576,2675.7500000009686,2744.6500000012193,2748.700000001234,2832.6000000015392,2832.6500000015394,2842.650000001576,2842.700000001576,2939.250000001927,2943.300000001942,18.100000000000122,213.1000000000142,14.300000000000068,0,21.800000000000175,0.25,0,76.00000000000037,191.99999999999304
J000459,2023-01-03/KOLA,KOLA,AMR_26,G9_12,WS_19_20,"[""101337"", ""107172"", ""112284""]",5,2677.4000000009746,2839.450000001564,2794.850000001402,2677.4000000009746,2713.3500000011054,2717.40000000112,2784.750000001365,2784.8000000013653,2794.8000000014017,2794.850000001402,2835.4000000015494,2839.450000001564,18.100000000000122,101.69999999999636,13.350000000000055,0,28.650000000000272,0.25,0,25.999999999999993,80.00000000000043
J000460,2023-01-03/KTUN,KTUN,AMR_39,G26_8,WS_8_20,"[""107159"", ""110555"", ""137523""]",4,2678.050000000977,2903.3500000017966,2839.950000001566,2678.050000000977,2717.2000000011194,2721.250000001134,2829.850000001529,2829.9000000015294,2839.900000001566,2839.950000001566,2899.300000001782,2903.3500000017966,18.100000000000122,146.84999999999914,16.200000000000095,0,43.89999999999964,0.25,0,36.000000000000014,128.00000000000196
J000461,2023-01-03/KOLA,KOLA,AMR_18,G26_2,WS_19_20,"[""110433"", ""110530""]",2,2683.800000000998,2883.150000001723,2828.950000001526,2683.800000000998,2724.1500000011447,2728.2000000011594,2818.850000001489,2818.9000000014894,2828.9000000015258,2828.950000001526,2879.1000000017084,2883.150000001723,18.100000000000122,121.99999999999521,16.250000000000096,0,42.74999999999971,0.25,0,27.999999999999996,104.00000000000112
J000462,2023-01-03/KTUN,KTUN,AMR_28,G6_10,WS_8_20,"[""101013"", ""107120"", ""110604""]",5,2685.450000001004,2852.2500000016107,2808.05000000145,2685.450000001004,2736.8000000011907,2740.8500000012054,2797.950000001413,2798.0000000014134,2808.0000000014497,2808.05000000145,2848.200000001596,2852.2500000016107,18.100000000000122,93.89999999999681,11.450000000000028,0,43.09999999999969,0.25,0,32.00000000000001,60.00000000000051
J000463,2023-01-03/KJRH,KJRH,AMR_25,G0_15,WS_2_20,"[""100949"", ""107317"", ""110479""]",3,2692.050000001028,2759.700000001274,2736.5000000011896,2692.050000001028,2692.050000001028,2696.1000000010426,2726.400000001153,2726.450000001153,2736.4500000011894,2736.5000000011896,2755.6500000012593,2759.700000001274,18.100000000000122,37.40000000000001,7.649999999999981,0,4.299999999999993,0.2,0,0.0,36.0
J000464,2023-01-03/KTUN,KTUN,AMR_29,G35_14,WS_8_20,"[""110146"", ""111218"", ""124402""]",3,2701.400000001062,2905.2000000018033,2824.000000001508,2701.400000001062,2720.10000000113,2724.1500000011447,2813.900000001471,2813.9500000014714,2823.9500000015078,2824.000000001508,2901.1500000017886,2905.2000000018033,18.100000000000122,132.04999999999578,13.350000000000055,0,40.04999999999986,0.25,0,12.0,140.00000000000026
J000465,2023-01-03/KJIN,KJIN,AMR_24,G23_9,WS_30_20,"[""110588""]",1,2707.450000001084,2812.200000001465,2771.9000000013184,2707.450000001084,2707.450000001084,2711.5000000010987,2761.8000000012817,2761.850000001282,2771.850000001318,2771.9000000013184,2808.1500000014503,2812.200000001465,18.100000000000122,72.14999999999804,11.450000000000028,0,2.849999999999998,0.2,0,0.0,80.00000000000048
J000466,2023-01-03/KJRH,KJRH,AMR_21,G20_8,WS_2_20,"[""107254"", ""135158""]",2,2736.55000000119,3040.350000002295,2876.250000001698,2736.55000000119,2788.550000001379,2792.6000000013937,2866.1500000016613,2866.2000000016615,2876.200000001698,2876.250000001698,3036.3000000022803,3040.350000002295,18.100000000000122,156.4000000000013,17.15000000000011,0,111.89999999999579,0.25,0,46.00000000000031,124.00000000000179
J000467,2023-01-03/KOLA,KOLA,AMR_31,G12_12,WS_19_20,"[""101198"", ""110501""]",2,2737.8000000011943,2852.900000001613,2811.900000001464,2737.8000000011943,2737.8000000011943,2741.850000001209,2801.800000001427,2801.8500000014274,2811.8500000014637,2811.900000001464,2848.8500000015983,2852.900000001613,18.100000000000122,64.39999999999849,8.549999999999986,0,23.850000000000204,0.2,0,0.0,68.0000000000004
J000468,2023-01-03/DEPE,DEPE,AMR_35,G9_10,WS_13_20,"[""110227"", ""110583""]",2,2740.6500000012047,2831.5500000015354,2796.200000001407,2740.6500000012047,2740.6500000012047,2744.7000000012195,2786.10000000137,2786.1500000013702,2796.1500000014066,2796.200000001407,2827.5000000015207,2831.5500000015354,18.100000000000122,59.99999999999873,9.55,0,3.049999999999997,0.2,0,0.0,64.0000000000005
J000469,2023-01-03/KJRH,KJRH,AMR_02,G15_15,WS_2_20,"[""115130""]",1,2753.650000001252,2907.9500000018134,2859.4000000016367,2753.650000001252,2790.9500000013877,2795.0000000014024,2849.3000000016,2849.3500000016,2859.3500000016365,2859.4000000016367,2903.9000000017986,2907.9500000018134,18.100000000000122,91.59999999999694,10.450000000000014,0,33.90000000000021,0.25,0,16.0,76.00000000000072
J000470,2023-01-03/KOLA,KOLA,AMR_34,G3_9,WS_19_20,"[""107336"", ""111226""]",2,2754.750000001256,3006.7000000021726,2880.100000001712,2754.750000001256,2754.750000001256,2758.8000000012707,2870.0000000016753,2870.0500000016755,2880.050000001712,2880.100000001712,3002.650000002158,3006.7000000021726,18.100000000000122,115.2499999999956,11.450000000000028,0,106.94999999999607,0.2,0,0.0,116.00000000000118
J000471,2023-01-03/DEPE,DEPE,AMR_10,G38_12,WS_13_20,"[""101028""]",1,2768.6000000013064,2953.70000000198,2851.800000001609,2768.6000000013064,2768.6000000013064,2772.650000001321,2841.7000000015723,2841.7500000015725,2851.750000001609,2851.800000001609,2949.650000001965,2953.70000000198,18.100000000000122,110.99999999999584,9.55,0,46.24999999999951,0.2,0,0.0,135.99999999999974
J000472,2023-01-03/KJRH,KJRH,AMR_09,G3_7,WS_2_20,"[""101094""]",1,2770.700000001314,2865.9500000016606,2825.350000001513,2770.700000001314,2770.700000001314,2774.7500000013288,2815.250000001476,2815.3000000014763,2825.3000000015127,2825.350000001513,2861.900000001646,2865.9500000016606,18.100000000000122,58.999999999998785,7.649999999999981,0,10.300000000000011,0.2,0,0.0,68.00000000000075
J000473,2023-01-03/KPAS,KPAS,AMR_04,G29_12,WS_30_20,"[""110417"", ""110595"", ""112452"", ""113197""]",4,2771.9500000013186,2874.650000001692,2843.75000000158,2771.9500000013186,2777.3500000013382,2781.400000001353,2833.650000001543,2833.7000000015432,2843.7000000015796,2843.75000000158,2870.6000000016775,2874.650000001692,18.100000000000122,57.049999999998896,11.450000000000028,0,15.85000000000009,0.25,0,4.0,52.00000000000023
J000474,2023-01-03/KPAS,KPAS,AMR_03,G27_9,WS_30_20,"[""110231"", ""110475"", ""112208"", ""134029""]",4,2771.9500000013186,2896.2000000017706,2860.850000001642,2771.9500000013186,2774.850000001329,2778.900000001344,2850.7500000016053,2850.8000000016054,2860.800000001642,2860.850000001642,2892.150000001756,2896.2000000017706,18.100000000000122,69.09999999999822,9.5,0,27.300000000000253,0.25,0,2.0,64.0000000000004
J000475,2023-01-03/KPAS,KPAS,AMR_14,G20_2,WS_30_20,"[""110097"", ""110390"", ""110499"", ""121875""]",4,2771.9500000013186,2975.75000000206,2912.000000001828,2771.9500000013186,2808.5500000014517,2812.6000000014665,2901.9000000017913,2901.9500000017915,2911.950000001828,2912.000000001828,2971.7000000020453,2975.75000000206,18.100000000000122,126.79999999999494,16.200000000000095,0,42.449999999999726,0.25,0,23.999999999999996,120.0000000000018
J000476,2023-01-03/KPAS,KPAS,AMR_12,G21_10,WS_30_20,"[""110362"", ""110592"", ""111276""]",3,2771.9500000013186,2938.8500000019258,2894.950000001766,2771.9500000013186,2799.4500000014186,2803.5000000014334,2884.8500000017293,2884.9000000017295,2894.900000001766,2894.950000001766,2934.800000001911,2938.8500000019258,18.100000000000122,94.94999999999675,13.300000000000054,0,40.29999999999985,0.25,0,16.0,84.00000000000028
J000477,2023-01-03/KPAS,KPAS,AMR_33,G26_6,WS_30_20,"[""110604"", ""112056"", ""138468""]",3,2771.9500000013186,2931.250000001898,2877.900000001704,2771.9500000013186,2791.7000000013904,2795.750000001405,2867.8000000016673,2867.8500000016675,2877.850000001704,2877.900000001704,2927.2000000018834,2931.250000001898,18.100000000000122,98.94999999999652,15.300000000000082,0,26.700000000000244,0.25,0,16.0,88.00000000000051
J000478,2023-01-03/KPAS,KPAS,AMR_38,G11_15,WS_30_20,"[""110484"", ""111988"", ""112004""]",3,2771.9500000013186,2996.5000000021355,2929.05000000189,2771.9500000013186,2796.000000001406,2800.050000001421,2918.9500000018534,2919.0000000018536,2929.00000000189,2929.05000000189,2992.4500000021208,2996.5000000021355,18.100000000000122,115.1499999999956,10.450000000000014,0,80.59999999999756,0.25,0,20.0,104.00000000000006
J000479,2023-01-03/KTUN,KTUN,AMR_07,G29_8,WS_8_20,"[""101193"", ""110205"", ""110504""]",5,2776.3000000013344,3001.7000000021544,2871.850000001682,2776.3000000013344,2776.3000000013344,2780.350000001349,2861.7500000016453,2861.8000000016455,2871.800000001682,2871.850000001682,2997.6500000021397,3001.7000000021544,18.100000000000122,135.09999999999647,13.350000000000055,0,58.649999999998805,0.2,0,0.0,147.9999999999993
J000480,2023-01-03/KOLA,KOLA,AMR_25,G0_15,WS_19_20,"[""107256"", ""107317"", ""110528"", ""110541"", ""112324""]",7,2777.9500000013404,3068.650000002398,2897.150000001774,2777.9500000013404,2777.9500000013404,2782.000000001355,2887.0500000017373,2887.1000000017375,2897.100000001774,2897.150000001774,3064.6000000023832,3068.650000002398,18.100000000000122,157.2500000000015,24.90000000000022,0,90.24999999999702,0.2,0,0.0,167.99999999999608
J000481,2023-01-03/IPMG,IPMG,AMR_32,G9_13,WS_25_20,"[""101021""]",1,2779.1000000013446,3000.45000000215,2897.0000000017735,2779.1000000013446,2798.450000001415,2802.5000000014297,2886.9000000017368,2886.950000001737,2896.9500000017733,2897.0000000017735,2996.400000002135,3000.45000000215,18.100000000000122,105.79999999999613,12.400000000000041,0,84.79999999999733,0.25,0,10.0,100.00000000000034
J000482,2023-01-03/KJRH,KJRH,AMR_11,G14_9,WS_2_20,"[""107238""]",1,2787.750000001376,2961.0000000020063,2905.5500000018046,2787.750000001376,2819.5500000014918,2823.6000000015065,2895.450000001768,2895.500000001768,2905.5000000018044,2905.5500000018046,2956.9500000019916,2961.0000000020063,18.100000000000122,111.5999999999958,14.350000000000069,0,28.950000000000276,0.25,0,30.0,96.00000000000134
J000483,2023-01-03/KTUN,KTUN,AMR_01,G38_8,WS_8_20,"[""101295"", ""107328"", ""110703""]",3,2792.150000001392,3019.500000002219,2913.400000001833,2792.150000001392,2817.2500000014834,2821.300000001498,2903.3000000017964,2903.3500000017966,2913.350000001833,2913.400000001833,3015.4500000022044,3019.500000002219,18.100000000000122,174.3500000000054,15.250000000000082,0,19.40000000000014,0.25,0,20.0,195.99999999999167
J000484,2023-01-03/KOLA,KOLA,AMR_20,G11_10,WS_19_20,"[""107396"", ""112317""]",3,2794.900000001402,3128.4000000026153,3013.100000002196,2794.900000001402,2873.3000000016873,2877.350000001702,3003.000000002159,3003.0500000021593,3013.0500000021957,3013.100000002196,3124.3500000026006,3128.4000000026153,18.100000000000122,129.9499999999953,23.000000000000192,0,162.20000000000263,0.25,0,31.99999999999996,100.00000000000125
J000485,2023-01-03/KJRH,KJRH,AMR_23,G14_8,WS_2_20,"[""110319""]",1,2804.800000001438,3020.250000002222,2967.55000000203,2804.800000001438,2889.650000001747,2893.7000000017615,2957.4500000019934,2957.5000000019936,2967.50000000203,2967.55000000203,3016.200000002207,3020.250000002222,18.100000000000122,144.8499999999987,19.100000000000136,0,33.150000000000254,0.25,0,60.000000000000824,100.00000000000125
J000486,2023-01-03/KTUN,KTUN,AMR_36,G6_12,WS_8_20,"[""107263"", ""112334""]",2,2811.900000001464,2988.8000000021075,2948.500000001961,2811.900000001464,2890.0500000017482,2894.100000001763,2938.400000001924,2938.4500000019243,2948.4500000019607,2948.500000001961,2984.7500000020927,2988.8000000021075,18.100000000000122,114.09999999999566,15.250000000000082,0,29.20000000000028,0.25,0,72.00000000000111,56.00000000000033
J000487,2023-01-03/KOLA,KOLA,AMR_24,G23_9,WS_19_20,"[""107207"", ""110588"", ""111315"", ""114899""]",5,2812.250000001465,2923.800000001871,2863.05000000165,2812.250000001465,2812.250000001465,2816.30000000148,2852.9500000016133,2853.0000000016134,2863.00000000165,2863.05000000165,2919.7500000018563,2923.800000001871,18.100000000000122,66.74999999999835,9.5,0,17.000000000000107,0.2,0,0.0,64.00000000000044
J000488,2023-01-03/KTUN,KTUN,AMR_40,G3_12,WS_8_20,"[""110344"", ""112367""]",3,2824.050000001508,3029.900000002257,2996.150000002134,2824.050000001508,2922.200000001865,2926.25000000188,2986.0500000020975,2986.1000000020977,2996.100000002134,2996.150000002134,3025.8500000022423,3029.900000002257,18.100000000000122,126.49999999999496,17.20000000000011,0,43.79999999999965,0.25,0,80.0000000000013,60.000000000000284
J000489,2023-01-03/KJRH,KJRH,AMR_15,G18_13,WS_2_20,"[""110283""]",1,2825.400000001513,3070.7000000024054,3018.7000000022163,2825.400000001513,2890.0500000017482,2894.100000001763,3008.6000000021795,3008.6500000021797,3018.650000002216,3018.7000000022163,3066.6500000023907,3070.7000000024054,18.100000000000122,131.2499999999956,16.250000000000096,0,79.44999999999763,0.25,0,40.00000000000004,104.00000000000168
J000490,2023-01-03/KOLA,KOLA,AMR_30,G38_13,WS_19_20,"[""107174"", ""107204""]",2,2829.000000001526,2996.400000002135,2916.8500000018457,2829.000000001526,2847.900000001595,2851.9500000016096,2906.750000001809,2906.800000001809,2916.8000000018455,2916.8500000018457,2992.3500000021204,2996.400000002135,18.100000000000122,113.3499999999957,15.300000000000082,0,20.400000000000155,0.25,0,12.0,116.00000000000044
J000491,2023-01-03/KTUN,KTUN,AMR_35,G6_2,WS_8_20,"[""101200"", ""110492""]",5,2840.000000001566,3027.100000002247,2980.200000002076,2840.000000001566,2895.750000001769,2899.8000000017837,2970.1000000020395,2970.1500000020396,2980.150000002076,2980.200000002076,3023.050000002232,3027.100000002247,18.100000000000122,118.04999999999544,13.300000000000054,0,37.40000000000001,0.25,0,38.000000000000014,92.00000000000125
J000492,2023-01-03/KJRH,KJRH,AMR_26,G18_10,WS_2_20,"[""113142""]",1,2842.750000001576,3055.50000000235,3001.6500000021542,2842.750000001576,2874.900000001693,2878.950000001708,2991.5500000021175,2991.6000000021177,3001.600000002154,3001.6500000021542,3051.4500000023354,3055.50000000235,18.100000000000122,119.04999999999538,14.350000000000069,0,60.99999999999867,0.25,0,22.0,108.00000000000173
J000493,2023-01-03/KPAS,KPAS,AMR_17,G38_9,WS_30_20,"[""110215"", ""110395"", ""140089""]",3,2843.80000000158,2990.100000002112,2946.100000001952,2843.80000000158,2874.00000000169,2878.0500000017046,2936.0000000019154,2936.0500000019156,2946.050000001952,2946.100000001952,2986.0500000020975,2990.100000002112,18.100000000000122,89.29999999999707,15.300000000000082,0,23.350000000000197,0.25,0,18.0,80.00000000000058
J000494,2023-01-03/KOLA,KOLA,AMR_27,G3_10,WS_19_20,"[""101163"", ""107398""]",2,2846.050000001588,3150.550000002696,3053.250000002342,2846.050000001588,2846.050000001588,2850.100000001603,3043.150000002305,3043.2000000023054,3053.2000000023418,3053.250000002342,3146.500000002681,3150.550000002696,18.100000000000122,147.39999999999927,17.100000000000108,0,121.69999999999523,0.2,0,0.0,151.99999999999932
J000495,2023-01-03/MMJJ,MMJJ,AMR_08,G3_15,WS_13_20,"[""110305""]",1,2851.8500000016093,3015.1500000022033,2972.1000000020467,2851.8500000016093,2899.000000001781,2903.0500000017955,2962.00000000201,2962.05000000201,2972.0500000020465,2972.1000000020467,3011.1000000021886,3015.1500000022033,18.100000000000122,100.9999999999964,12.450000000000042,0,31.500000000000313,0.25,0,44.0000000000004,68.00000000000065
J000496,2023-01-03/MMJJ,MMJJ,AMR_28,G6_10,WS_13_20,"[""124210""]",1,2852.300000001611,2969.200000002036,2914.3000000018365,2852.300000001611,2852.300000001611,2856.3500000016256,2904.2000000017997,2904.2500000018,2914.2500000018363,2914.3000000018365,2965.1500000020214,2969.200000002036,18.100000000000122,71.69999999999807,9.5,0,17.400000000000112,0.2,0,0.0,76.0000000000008
J000497,2023-01-03/MMJJ,MMJJ,AMR_31,G5_9,WS_13_20,"[""110448""]",1,2852.9500000016133,3090.0000000024756,3040.1500000022943,2852.9500000016133,2941.8500000019367,2945.9000000019514,3030.0500000022575,3030.1000000022577,3040.100000002294,3040.1500000022943,3085.950000002461,3090.0000000024756,18.100000000000122,148.79999999999959,24.850000000000218,0,45.04999999999958,0.25,0,68.00000000000108,92.00000000000082
J000498,2023-01-03/MMJJ,MMJJ,AMR_19,G0_9,WS_13_20,"[""121807""]",1,2858.5000000016335,3061.4000000023716,3006.0500000021702,2858.5000000016335,2932.1500000019014,2936.200000001916,2995.9500000021335,2996.0000000021337,3006.00000000217,3006.0500000021702,3057.350000002357,3061.4000000023716,18.100000000000122,135.89999999999665,23.000000000000192,0,25.65000000000023,0.25,0,48.00000000000018,104.00000000000175
J000499,2023-01-03/MMJJ,MMJJ,AMR_06,G3_5,WS_13_20,"[""127627""]",1,2861.0000000016425,3117.6500000025762,3057.2000000023563,2861.0000000016425,2951.1000000019703,2955.150000001985,3047.1000000023196,3047.1500000023198,3057.150000002356,3057.2000000023563,3113.6000000025615,3117.6500000025762,18.100000000000122,183.50000000000747,19.100000000000136,0,35.70000000000011,0.25,0,100.00000000000189,116.0000000000018
J000500,2023-01-03/KTUN,KTUN,AMR_22,G14_2,WS_8_20,"[""110292"", ""110847""]",3,2862.1500000016467,3033.9500000022717,2964.250000002018,2862.1500000016467,2892.2500000017562,2896.300000001771,2954.1500000019814,2954.2000000019816,2964.200000002018,2964.250000002018,3029.900000002257,3033.9500000022717,18.100000000000122,115.99999999999555,15.250000000000082,0,22.20000000000018,0.25,0,27.999999999999996,104.00000000000168
J000501,2023-01-03/KJRH,KJRH,AMR_09,G3_2,WS_2_20,"[""112231""]",1,2866.0000000016607,2992.25000000212,2950.2500000019672,2866.0000000016607,2884.200000001727,2888.2500000017417,2940.1500000019305,2940.2000000019307,2950.200000001967,2950.2500000019672,2988.2000000021053,2992.25000000212,18.100000000000122,83.74999999999739,10.550000000000015,0,13.600000000000058,0.25,0,13.999999999999975,84.00000000000121
J000502,2023-01-03/KPAS,KPAS,AMR_05,G12_12,WS_30_20,"[""107250"", ""110501"", ""112010"", ""112017""]",4,2870.200000001676,3214.4500000029284,3100.6500000025144,2870.200000001676,2929.7500000018927,2933.8000000019074,3090.5500000024776,3090.600000002478,3100.600000002514,3100.6500000025144,3210.4000000029137,3214.4500000029284,18.100000000000122,139.89999999999756,17.15000000000011,0,168.85000000000414,0.25,0,22.0,116.00000000000034
J000503,2023-01-03/KOLA,KOLA,AMR_04,G9_10,WS_19_20,"[""110227"", ""112086""]",2,2874.7000000016924,3314.650000003293,3264.0000000031087,2874.7000000016924,3108.3500000025424,3112.400000002557,3253.900000003072,3253.950000003072,3263.9500000031085,3264.0000000031087,3310.600000003278,3314.650000003293,18.100000000000122,184.65000000000774,24.750000000000217,0,212.200000000014,0.25,0,100.00000000000094,88.00000000000077
J000504,2023-01-03/MMJJ,MMJJ,AMR_18,G23_1,WS_13_20,"[""110455""]",1,2883.2000000017233,3056.1000000023523,2989.000000002108,2883.2000000017233,2907.00000000181,2911.0500000018246,2978.9000000020715,2978.9500000020716,2988.950000002108,2989.000000002108,3052.0500000023376,3056.1000000023523,18.100000000000122,124.19999999999509,16.150000000000095,0,14.200000000000067,0.25,0,15.999999999999993,124.00000000000168
J000505,2023-01-03/KPAS,KPAS,AMR_03,G17_9,WS_30_20,"[""107459"", ""110143"", ""110225""]",3,2896.250000001771,3206.350000002899,3083.6000000024524,2896.250000001771,2935.7000000019143,2939.750000001929,3073.5000000024156,3073.550000002416,3083.550000002452,3083.6000000024524,3202.300000002884,3206.350000002899,18.100000000000122,142.79999999999822,15.300000000000082,0,133.64999999999614,0.25,0,36.00000000000003,112.00000000000028
J000506,2023-01-03/KOLA,KOLA,AMR_39,G20_9,WS_19_20,"[""101155"", ""125547"", ""126834""]",3,2903.400000001797,3117.900000002577,3030.0000000022574,2903.400000001797,2948.500000001961,2952.5500000019756,3019.9000000022206,3019.950000002221,3029.950000002257,3030.0000000022574,3113.8500000025624,3117.900000002577,18.100000000000122,96.59999999999665,15.300000000000082,0,84.24999999999736,0.25,0,38.000000000000085,60.000000000000355
J000507,2023-01-03/KTUN,KTUN,AMR_29,G29_12,WS_8_20,"[""110417"", ""113197""]",5,2905.2500000018035,3210.6000000029144,3027.200000002247,2905.2500000018035,2930.450000001895,2934.50000000191,3017.1000000022104,3017.1500000022106,3027.150000002247,3027.200000002247,3206.5500000028997,3210.6000000029144,18.100000000000122,149.84999999999982,19.150000000000137,0,117.99999999999544,0.25,0,20.0,139.99999999999974
J000508,2023-01-03/JLTS,JLTS,AMR_02,G15_15,WS_25_20,"[""107451""]",1,2908.0000000018135,3029.850000002257,2996.8500000021368,2908.0000000018135,2908.0000000018135,2912.0500000018283,2986.7500000021,2986.8000000021,2996.8000000021366,2996.8500000021368,3025.800000002242,3029.850000002257,18.100000000000122,73.74999999999795,9.5,0,20.300000000000153,0.2,0,0.0,84.00000000000028
J000509,2023-01-03/KJRH,KJRH,AMR_37,G6_8,WS_2_20,"[""121570""]",1,2921.300000001862,3027.650000002249,2984.300000002091,2921.300000001862,2921.300000001862,2925.3500000018767,2974.2000000020544,2974.2500000020545,2984.250000002091,2984.300000002091,3023.600000002234,3027.650000002249,18.100000000000122,69.3499999999982,9.55,0,9.149999999999995,0.2,0,0.0,76.00000000000105
J000510,2023-01-03/KPAS,KPAS,AMR_24,G26_8,WS_30_20,"[""101177"", ""107159"", ""112292""]",3,2923.850000001871,3060.95000000237,3013.950000002199,2923.850000001871,2936.8500000019185,2940.900000001933,3003.8500000021622,3003.9000000021624,3013.900000002199,3013.950000002199,3056.9000000023552,3060.95000000237,18.100000000000122,83.69999999999739,13.350000000000055,0,21.700000000000173,0.25,0,8.0,80.00000000000063
J000511,2023-01-03/KOLA,KOLA,AMR_33,G0_11,WS_19_20,"[""112215"", ""122643""]",2,2931.3000000018983,3151.6500000027,3089.500000002474,2931.3000000018983,3007.5500000021757,3011.6000000021904,3079.400000002437,3079.4500000024373,3089.4500000024736,3089.500000002474,3147.600000002685,3151.6500000027,18.100000000000122,168.85000000000414,17.20000000000011,0,15.950000000000092,0.25,0,86.00000000000203,120.00000000000155
J000512,2023-01-03/KPAS,KPAS,AMR_12,G26_2,WS_30_20,"[""101207"", ""107213"", ""123094""]",3,2938.900000001926,3097.3500000025024,3049.400000002328,2938.900000001926,2981.30000000208,2985.350000002095,3039.300000002291,3039.3500000022914,3049.3500000023278,3049.400000002328,3093.3000000024876,3097.3500000025024,18.100000000000122,105.84999999999613,14.300000000000068,0,19.95000000000015,0.25,0,25.99999999999999,100.00000000000136
J000513,2023-01-03/MMJJ,MMJJ,AMR_13,G32_8,WS_13_20,"[""110519""]",1,2943.350000001942,3110.8000000025513,3023.1000000022323,2943.350000001942,2943.350000001942,2947.400000001957,3013.0000000021955,3013.0500000021957,3023.050000002232,3023.1000000022323,3106.7500000025366,3110.8000000025513,18.100000000000122,104.44999999999621,9.55,0,35.15000000000014,0.2,0,0.0,128.00000000000085
J000514,2023-01-03/KTUN,KTUN,AMR_10,G26_6,WS_8_20,"[""109843"", ""138468""]",2,2953.75000000198,3375.9000000035157,3209.900000002912,2953.75000000198,3068.2500000023965,3072.3000000024113,3199.800000002875,3199.8500000028753,3209.8500000029117,3209.900000002912,3371.850000003501,3375.9000000035157,18.100000000000122,221.000000000016,28.700000000000273,0,154.1000000000008,0.25,0,92.00000000000094,151.9999999999994
J000515,2023-01-03/KJRH,KJRH,AMR_11,G23_9,WS_2_20,"[""107175"", ""110588""]",2,2961.0500000020065,3219.350000002946,3090.0000000024756,2961.0500000020065,2995.1500000021306,2999.2000000021453,3079.900000002439,3079.950000002439,3089.9500000024755,3090.0000000024756,3215.3000000029315,3219.350000002946,18.100000000000122,155.5000000000011,15.300000000000082,0,69.14999999999822,0.25,0,30.0,167.9999999999985
J000516,2023-01-03/KPAS,KPAS,AMR_28,G9_12,WS_30_20,"[""101117"", ""101337"", ""124208""]",3,2969.2500000020364,3196.4000000028627,3066.5500000023903,2969.2500000020364,2984.250000002091,2988.3000000021057,3056.4500000023536,3056.5000000023538,3066.50000000239,3066.5500000023903,3192.350000002848,3196.4000000028627,18.100000000000122,129.24999999999514,17.15000000000011,0,62.39999999999859,0.25,0,10.0,132.0000000000005
J000517,2023-01-03/KTUN,KTUN,AMR_14,G29_9,WS_8_20,"[""112008"", ""112083""]",2,2975.80000000206,3285.250000003186,3105.0500000025304,2975.80000000206,3017.6000000022123,3021.650000002227,3094.9500000024937,3095.000000002494,3105.00000000253,3105.0500000025304,3281.200000003171,3285.250000003186,18.100000000000122,182.90000000000734,20.05000000000015,0,88.14999999999714,0.25,0,31.999999999999982,159.99999999999872
J000518,2023-01-03/KJRH,KJRH,AMR_36,G18_9,WS_2_20,"[""110360""]",1,2988.8500000021077,3212.5000000029213,3134.050000002636,2988.8500000021077,3060.2500000023674,3064.300000002382,3123.950000002599,3124.0000000025993,3134.0000000026357,3134.050000002636,3208.4500000029066,3212.5000000029213,18.100000000000122,168.50000000000406,17.15000000000011,0,19.650000000000144,0.25,0,66.00000000000102,144.00000000000156
J000519,2023-01-03/KTUN,KTUN,AMR_17,G32_10,WS_8_20,"[""110256"", ""110263""]",2,2990.1500000021124,3200.050000002876,3089.050000002472,2990.1500000021124,3013.7500000021982,3017.800000002213,3078.9500000024354,3079.0000000024356,3089.000000002472,3089.050000002472,3196.0000000028613,3200.050000002876,18.100000000000122,137.29999999999697,14.300000000000068,0,39.94999999999987,0.25,0,18.0,143.99999999999955
J000520,2023-01-03/KJRH,KJRH,AMR_09,G21_12,WS_2_20,"[""101303""]",1,2992.30000000212,3271.300000003135,3206.8000000029006,2992.30000000212,3046.650000002318,3050.7000000023327,3196.700000002864,3196.750000002864,3206.7500000029004,3206.8000000029006,3267.2500000031205,3271.300000003135,18.100000000000122,195.1000000000101,17.20000000000011,0,48.34999999999939,0.25,0,56.00000000000037,179.99999999999665
J000521,2023-01-03/KTUN,KTUN,AMR_30,G30_2,WS_8_20,"[""107238"", ""110233""]",2,2996.4500000021353,3419.150000003673,3226.0500000029706,2996.4500000021353,3042.4500000023027,3046.5000000023174,3215.950000002934,3216.000000002934,3226.0000000029704,3226.0500000029706,3415.1000000036584,3419.150000003673,18.100000000000122,202.85000000001187,21.950000000000177,0,179.55000000000658,0.25,0,38.000000000000014,168.00000000000009
J000522,2023-01-03/KOLA,KOLA,AMR_38,G38_12,WS_19_20,"[""101028"", ""110336"", ""110522""]",4,2996.5500000021357,3425.0500000036945,3281.0500000031707,2996.5500000021357,3195.5000000028595,3199.550000002874,3270.950000003134,3271.000000003134,3281.0000000031705,3281.0500000031707,3421.00000000368,3425.0500000036945,18.100000000000122,191.0500000000092,21.950000000000177,0,197.15000000001058,0.25,0,100.00000000000067,112.00000000000024
J000523,2023-01-03/KIDP,KIDP,AMR_32,G23_15,WS_25_20,"[""112432""]",1,3000.50000000215,3151.900000002701,3134.2000000026364,3000.50000000215,3068.2500000023965,3072.3000000024113,3124.1000000025997,3124.1500000026,3134.1500000026363,3134.2000000026364,3147.850000002686,3151.900000002701,18.100000000000122,78.54999999999768,12.450000000000042,0,42.04999999999975,0.25,0,44.0,36.00000000000003
J000524,2023-01-03/KIDP,KIDP,AMR_07,G32_13,WS_25_20,"[""101336""]",1,3001.7500000021546,3140.3000000026586,3096.2500000024984,3001.7500000021546,3049.150000002327,3053.2000000023418,3086.1500000024616,3086.200000002462,3096.200000002498,3096.2500000024984,3136.250000002644,3140.3000000026586,18.100000000000122,82.59999999999745,15.300000000000082,0,22.300000000000182,0.25,0,20.0,64.00000000000021
J000525,2023-01-03/KIDP,KIDP,AMR_16,G23_12,WS_25_20,"[""112451""]",1,3006.500000002172,3108.3500000025424,3062.4000000023752,3006.500000002172,3006.500000002172,3010.5500000021866,3052.3000000023385,3052.3500000023387,3062.350000002375,3062.4000000023752,3104.3000000025277,3108.3500000025424,18.100000000000122,54.39999999999905,9.5,0,19.650000000000144,0.2,0,0.0,56.00000000000023
J000526,2023-01-03/KJRH,KJRH,AMR_34,G21_10,WS_2_20,"[""110357""]",2,3006.750000002173,3244.5000000030377,3189.7000000028384,3006.750000002173,3061.9500000023736,3066.0000000023883,3179.6000000028016,3179.650000002802,3189.650000002838,3189.7000000028384,3240.450000003023,3244.5000000030377,18.100000000000122,143.24999999999832,14.350000000000069,0,61.799999999998626,0.25,0,42.0,120.00000000000202
J000527,2023-01-03/KPAS,KPAS,AMR_08,G29_15,WS_30_20,"[""110178"", ""112432""]",2,3015.2000000022035,3174.750000002784,3157.950000002723,3015.2000000022035,3118.950000002581,3123.0000000025957,3147.850000002686,3147.9000000026863,3157.9000000027227,3157.950000002723,3170.7000000027692,3174.750000002784,18.100000000000122,98.89999999999652,13.350000000000055,0,28.950000000000276,0.25,0,76.00000000000054,32.0
J000528,2023-01-03/KIDP,KIDP,AMR_01,G29_8,WS_25_20,"[""110232""]",1,3019.5500000022193,3160.5500000027323,3118.0000000025775,3019.5500000022193,3060.95000000237,3065.0000000023847,3107.9000000025408,3107.950000002541,3117.9500000025773,3118.0000000025775,3156.5000000027176,3160.5500000027323,18.100000000000122,95.8499999999967,15.300000000000082,0,11.500000000000028,0.25,0,34.0,72.00000000000068
J000529,2023-01-03/KJRH,KJRH,AMR_23,G23_13,WS_2_20,"[""112081""]",1,3020.300000002222,3293.4000000032156,3223.8500000029626,3020.300000002222,3060.2500000023674,3064.300000002382,3213.750000002926,3213.800000002926,3223.8000000029624,3223.8500000029626,3289.350000003201,3293.4000000032156,18.100000000000122,155.80000000000118,19.150000000000137,0,79.79999999999761,0.25,0,32.0,136.0000000000022
J000530,2023-01-03/KTUN,KTUN,AMR_35,G3_9,WS_8_20,"[""101280"", ""112194""]",3,3027.150000002247,3158.4500000027247,3121.0000000025884,3027.150000002247,3053.4000000023425,3057.4500000023572,3110.9000000025517,3110.950000002552,3120.9500000025882,3121.0000000025884,3154.40000000271,3158.4500000027247,18.100000000000122,84.49999999999734,13.350000000000055,0,15.10000000000008,0.25,0,19.999999999999996,72.00000000000055
J000531,2023-01-03/KOLA,KOLA,AMR_37,G39_9,WS_19_20,"[""110847"", ""112374""]",2,3027.700000002249,3280.90000000317,3207.3500000029026,3027.700000002249,3106.050000002534,3110.1000000025488,3197.250000002866,3197.300000002866,3207.3000000029024,3207.3500000029026,3276.8500000031554,3280.90000000317,18.100000000000122,185.30000000000788,15.300000000000082,0,34.25000000000019,0.25,0,92.00000000000041,135.99999999999952
J000532,2023-01-03/KPAS,KPAS,AMR_02,G26_12,WS_30_20,"[""112326"", ""118518""]",2,3029.900000002257,3180.000000002803,3141.4000000026626,3029.900000002257,3086.850000002464,3090.900000002479,3131.300000002626,3131.350000002626,3141.3500000026625,3141.4000000026626,3175.9500000027883,3180.000000002803,18.100000000000122,95.24999999999673,16.250000000000096,0,20.250000000000153,0.25,0,36.0,64.00000000000023
J000533,2023-01-03/KJRH,KJRH,AMR_40,G23_10,WS_2_20,"[""107094""]",1,3029.950000002257,3379.9500000035305,3240.9000000030246,3029.950000002257,3071.650000002409,3075.7000000024236,3230.800000002988,3230.850000002988,3240.8500000030244,3240.9000000030246,3375.9000000035157,3379.9500000035305,18.100000000000122,159.55000000000203,12.35000000000004,0,159.75000000000207,0.25,0,44.0,128.00000000000185
J000534,2023-01-03/KTUN,KTUN,AMR_22,G8_15,WS_8_20,"[""110097""]",1,3034.000000002272,3172.800000002777,3142.9500000026683,3034.000000002272,3101.2500000025166,3105.3000000025313,3132.8500000026315,3132.9000000026317,3142.900000002668,3142.9500000026683,3168.750000002762,3172.800000002777,18.100000000000122,88.19999999999713,16.300000000000097,0,15.950000000000092,0.25,0,54.00000000000054,36.000000000000014
J000535,2023-01-03/KOLA,KOLA,AMR_21,G12_15,WS_19_20,"[""101032""]",1,3040.400000002295,3259.8500000030936,3230.000000002985,3040.400000002295,3143.9000000026717,3147.9500000026865,3219.900000002948,3219.9500000029484,3229.950000002985,3230.000000002985,3255.800000003079,3259.8500000030936,18.100000000000122,97.99999999999658,16.250000000000096,0,86.84999999999721,0.25,0,38.00000000000006,56.0000000000003
J000536,2023-01-03/KPAS,KPAS,AMR_26,G3_12,WS_30_20,"[""110561"", ""115355"", ""134611""]",3,3055.5500000023503,3557.8500000041777,3401.80000000361,3055.5500000023503,3206.8000000029006,3210.8500000029153,3391.700000003573,3391.7500000035734,3401.75000000361,3401.80000000361,3553.800000004163,3557.8500000041777,18.100000000000122,246.00000000002169,24.800000000000217,0,213.15000000001422,0.25,0,114.00000000000301,155.9999999999991
J000537,2023-01-03/KOLA,KOLA,AMR_18,G12_13,WS_19_20,"[""112277""]",1,3056.1500000023525,3225.400000002968,3190.400000002841,3056.1500000023525,3106.850000002537,3110.9000000025517,3180.300000002804,3180.3500000028043,3190.3500000028407,3190.400000002841,3221.3500000029535,3225.400000002968,18.100000000000122,100.34999999999644,13.350000000000055,0,37.200000000000024,0.25,0,50.000000000000455,64.00000000000034
J000538,2023-01-03/MMNB,MMNB,AMR_24,G18_8,WS_13_20,"[""107364""]",1,3061.00000000237,3241.7000000030275,3189.550000002838,3061.00000000237,3105.1000000025306,3109.1500000025453,3179.450000002801,3179.5000000028012,3189.5000000028376,3189.550000002838,3237.650000003013,3241.7000000030275,18.100000000000122,106.4499999999961,15.300000000000082,0,40.59999999999983,0.25,0,36.0,80.00000000000088
J000539,2023-01-03/MMNB,MMNB,AMR_19,G32_9,WS_13_20,"[""110439""]",1,3061.450000002372,3696.6500000046826,3549.400000004147,3061.450000002372,3229.9000000029846,3233.9500000029993,3539.30000000411,3539.3500000041104,3549.3500000041468,3549.400000004147,3692.600000004668,3696.6500000046826,18.100000000000122,241.45000000002065,28.750000000000274,0,346.65000000004454,0.25,0,72.00000000000003,175.9999999999961
J000540,2023-01-03/KPAS,KPAS,AMR_25,G0_15,WS_30_20,"[""107317"", ""110479"", ""124702""]",3,3068.700000002398,3564.200000004201,3262.950000003105,3068.700000002398,3068.700000002398,3072.750000002413,3252.850000003068,3252.9000000030683,3262.9000000031047,3262.950000003105,3560.150000004186,3564.200000004201,18.100000000000122,205.05000000001237,26.750000000000245,0,245.40000000002155,0.2,0,0.0,219.99999999999454
J000541,2023-01-03/KPAS,KPAS,AMR_15,G35_12,WS_30_20,"[""101296"", ""110450""]",2,3083.6500000024525,3216.250000002935,3175.850000002788,3083.6500000024525,3131.050000002625,3135.1000000026397,3165.750000002751,3165.8000000027514,3175.800000002788,3175.850000002788,3212.20000000292,3216.250000002935,18.100000000000122,88.94999999999709,13.350000000000055,0,11.950000000000035,0.25,0,40.0,56.0000000000003
J000542,2023-01-03/KJRH,KJRH,AMR_31,G23_8,WS_2_20,"[""101076""]",1,3090.050000002476,3396.550000003591,3310.7500000032787,3090.050000002476,3226.5500000029724,3230.600000002987,3300.650000003242,3300.700000003242,3310.7000000032785,3310.7500000032787,3392.500000003576,3396.550000003591,18.100000000000122,166.4000000000036,17.20000000000011,0,104.5499999999962,0.25,0,50.00000000000013,136.00000000000168
J000543,2023-01-03/KTUN,KTUN,AMR_12,G26_2,WS_8_20,"[""101207"", ""107213""]",4,3097.4000000025026,3354.9000000034393,3170.350000002768,3097.4000000025026,3097.4000000025026,3101.4500000025173,3160.250000002731,3160.3000000027314,3170.300000002768,3170.350000002768,3350.8500000034246,3354.9000000034393,18.100000000000122,122.44999999999519,9.5,0,107.24999999999605,0.2,0,0.0,151.999999999999
J000544,2023-01-03/KOLA,KOLA,AMR_16,G20_10,WS_19_20,"[""107405""]",1,3108.4000000025426,3291.1500000032074,3246.9500000030466,3108.4000000025426,3126.400000002608,3130.450000002623,3236.85000000301,3236.90000000301,3246.9000000030464,3246.9500000030466,3287.1000000031927,3291.1500000032074,18.100000000000122,90.549999999997,18.100000000000122,0,55.74999999999897,0.25,0,10.0,76.00000000000034
J000545,2023-01-03/KPAS,KPAS,AMR_13,G26_9,WS_30_20,"[""110486"", ""111247""]",2,3110.8500000025515,3263.800000003108,3211.550000002918,3110.8500000025515,3150.7000000026965,3154.750000002711,3201.450000002881,3201.5000000028813,3211.5000000029177,3211.550000002918,3259.750000003093,3263.800000003108,18.100000000000122,103.04999999999629,17.20000000000011,0,14.350000000000069,0.25,0,38.000000000000085,76.00000000000051
J000546,2023-01-03/KTUN,KTUN,AMR_06,G9_13,WS_8_20,"[""131980""]",1,3117.7000000025764,3255.300000003077,3193.2500000028513,3117.7000000025764,3156.2500000027167,3160.3000000027314,3183.1500000028145,3183.2000000028147,3193.200000002851,3193.2500000028513,3251.2500000030623,3255.300000003077,18.100000000000122,76.79999999999778,13.400000000000055,0,29.050000000000278,0.25,0,32.0,48.0000000000003
J000547,2023-01-03/KTUN,KTUN,AMR_39,G20_9,WS_8_20,"[""101155"", ""110346"", ""125547""]",4,3121.0500000025886,3558.6500000041806,3242.0000000030286,3121.0500000025886,3121.0500000025886,3125.1000000026033,3231.900000002992,3231.950000002992,3241.9500000030284,3242.0000000030286,3554.600000004166,3558.6500000041806,18.100000000000122,161.6500000000025,21.000000000000163,0,236.65000000001956,0.2,0,0.0,167.99999999999793
J000548,2023-01-03/KJRH,KJRH,AMR_20,G23_12,WS_2_20,"[""112087""]",1,3134.100000002636,3386.5500000035545,3293.8500000032172,3134.100000002636,3227.6500000029764,3231.700000002991,3283.7500000031805,3283.8000000031807,3293.800000003217,3293.8500000032172,3382.5000000035398,3386.5500000035545,18.100000000000122,129.84999999999528,10.450000000000014,0,93.79999999999681,0.25,0,28.0,124.0000000000021
J000549,2023-01-03/KJSC,KJSC,AMR_07,G32_8,WS_25_20,"[""110513"", ""110519""]",2,3140.350000002659,3267.3000000031207,3212.2500000029204,3140.350000002659,3158.9500000027265,3163.000000002741,3202.1500000028836,3202.200000002884,3212.20000000292,3212.2500000029204,3263.250000003106,3267.3000000031207,18.100000000000122,89.54999999999706,15.300000000000082,0,3.7499999999999947,0.25,0,14.0,84.00000000000051
J000550,2023-01-03/KJSC,KJSC,AMR_27,G9_6,WS_25_20,"[""110178"", ""112432""]",2,3150.600000002696,3414.400000003656,3273.9000000031447,3150.600000002696,3186.5000000028267,3190.5500000028414,3263.800000003108,3263.850000003108,3273.8500000031445,3273.9000000031447,3410.350000003641,3414.400000003656,18.100000000000122,150.29999999999993,18.200000000000124,0,76.94999999999777,0.25,0,28.00000000000003,143.99999999999932
J000551,2023-01-03/KJSC,KJSC,AMR_33,G17_12,WS_25_20,"[""112287""]",1,3151.7000000027,3554.700000004166,3407.4000000036303,3151.7000000027,3253.8500000030717,3257.9000000030865,3397.3000000035936,3397.350000003594,3407.35000000363,3407.4000000036303,3550.6500000041515,3554.700000004166,18.100000000000122,146.09999999999897,19.100000000000136,0,219.45000000001565,0.25,0,68.00000000000102,80.0000000000002
J000552,2023-01-03/KJSC,KJSC,AMR_32,G17_10,WS_25_20,"[""124208""]",1,3151.950000002701,3284.9000000031847,3242.5500000030306,3151.950000002701,3177.1000000027925,3181.1500000028072,3232.450000002994,3232.500000002994,3242.5000000030304,3242.5500000030306,3280.85000000317,3284.9000000031847,18.100000000000122,96.34999999999667,15.250000000000082,0,2.9999999999999973,0.25,0,22.0,84.00000000000028
J000553,2023-01-03/KPAS,KPAS,AMR_35,G3_9,WS_30_20,"[""101280"", ""107336"", ""110153""]",4,3158.500000002725,3657.6500000045407,3419.100000003673,3158.500000002725,3158.500000002725,3162.5500000027396,3409.000000003636,3409.0500000036363,3419.0500000036727,3419.100000003673,3653.600000004526,3657.6500000045407,18.100000000000122,207.05000000001283,24.800000000000217,0,249.00000000002237,0.2,0,0.0,227.99999999998954
J000554,2023-01-03/KJSC,KJSC,AMR_01,G32_6,WS_25_20,"[""140079""]",1,3160.6000000027325,3323.800000003326,3258.1500000030874,3160.6000000027325,3192.400000002848,3196.450000002863,3248.0500000030506,3248.100000003051,3258.100000003087,3258.1500000030874,3319.7500000033115,3323.800000003326,18.100000000000122,106.14999999999611,17.20000000000011,0,21.50000000000017,0.25,0,26.0,92.00000000000071
J000555,2023-01-03/KTUN,KTUN,AMR_22,G6_13,WS_8_20,"[""111390""]",1,3172.850000002777,3296.4500000032267,3257.9500000030866,3172.850000002777,3186.350000002826,3190.400000002841,3247.85000000305,3247.90000000305,3257.9000000030865,3257.9500000030866,3292.400000003212,3296.4500000032267,18.100000000000122,60.4999999999987,12.400000000000041,0,32.3500000000003,0.25,0,8.0,48.00000000000021
J000556,2023-01-03/KPAS,KPAS,AMR_08,G3_5,WS_30_20,"[""110339"", ""110349"", ""127627""]",3,3174.800000002784,3540.1500000041133,3435.900000003734,3174.800000002784,3272.65000000314,3276.700000003155,3425.8000000036973,3425.8500000036975,3435.850000003734,3435.900000003734,3536.1000000040985,3540.1500000041133,18.100000000000122,240.00000000002032,25.75000000000023,0,81.24999999999753,0.25,0,96.00000000000155,199.99999999999352
J000557,2023-01-03/KJSC,KJSC,AMR_02,G35_5,WS_25_20,"[""101102""]",1,3180.0500000028032,3355.650000003442,3291.1500000032074,3180.0500000028032,3216.6500000029364,3220.700000002951,3281.0500000031707,3281.100000003171,3291.1000000032072,3291.1500000032074,3351.6000000034273,3355.650000003442,18.100000000000122,115.54999999999558,13.350000000000055,0,28.350000000000268,0.25,0,32.00000000000003,108.00000000000097
J000558,2023-01-03/KTUN,KTUN,AMR_28,G11_10,WS_8_20,"[""124403""]",1,3196.450000002863,3342.0000000033924,3300.8500000032427,3196.450000002863,3247.350000003048,3251.400000003063,3290.750000003206,3290.800000003206,3300.8000000032425,3300.8500000032427,3337.9500000033777,3342.0000000033924,18.100000000000122,92.74999999999687,14.300000000000068,0,20.15000000000015,0.25,0,44.00000000000034,60.0000000000006
J000559,2023-01-03/KOLA,KOLA,AMR_17,G21_9,WS_19_20,"[""131990""]",1,3200.100000002876,3412.550000003649,3332.300000003357,3200.100000002876,3258.7000000030894,3262.750000003104,3322.2000000033204,3322.2500000033206,3332.250000003357,3332.300000003357,3408.5000000036343,3412.550000003649,18.100000000000122,104.19999999999622,14.300000000000068,0,75.59999999999785,0.25,0,48.000000000000384,64.0000000000004
J000560,2023-01-03/KJRH,KJRH,AMR_03,G17_9,WS_2_20,"[""110143""]",1,3206.400000002899,3342.3500000033937,3269.7000000031294,3206.400000002899,3206.400000002899,3210.450000002914,3259.6000000030926,3259.650000003093,3269.650000003129,3269.7000000031294,3338.300000003379,3342.3500000033937,18.100000000000122,92.44999999999689,9.55,0,15.650000000000087,0.2,0,0.0,108.00000000000156
J000561,2023-01-03/KTUN,KTUN,AMR_29,G15_12,WS_8_20,"[""107280""]",2,3210.6500000029146,3552.450000004158,3494.9000000039487,3210.6500000029146,3438.5500000037437,3442.6000000037584,3484.800000003912,3484.850000003912,3494.8500000039485,3494.9000000039487,3548.4000000041433,3552.450000004158,18.100000000000122,187.1000000000083,29.650000000000286,0,106.69999999999608,0.25,0,124.00000000000128,76.00000000000091
J000562,2023-01-03/KPAS,KPAS,AMR_36,G29_8,WS_30_20,"[""101193"", ""110504""]",3,3212.5500000029215,3540.5000000041146,3504.300000003983,3212.5500000029215,3430.650000003715,3434.7000000037297,3494.200000003946,3494.2500000039463,3504.2500000039827,3504.300000003983,3536.4500000041,3540.5000000041146,18.100000000000122,220.5000000000159,36.45000000000007,0,52.649999999999146,0.25,0,163.9999999999986,84.00000000000091
J000563,2023-01-03/KOLA,KOLA,AMR_05,G20_8,WS_19_20,"[""107254""]",1,3214.5000000029286,3566.8500000042104,3461.150000003826,3214.5000000029286,3252.000000003065,3256.0500000030797,3451.050000003789,3451.1000000037893,3461.1000000038257,3461.150000003826,3562.8000000041957,3566.8500000042104,18.100000000000122,99.59999999999648,17.20000000000011,0,217.20000000001514,0.25,0,24.0,72.00000000000037
J000564,2023-01-03/KJRH,KJRH,AMR_15,G20_1,WS_2_20,"[""129517""]",1,3216.300000002935,3443.5000000037617,3351.1500000034257,3216.300000002935,3267.2500000031205,3271.300000003135,3341.050000003389,3341.100000003389,3351.1000000034255,3351.1500000034257,3439.450000003747,3443.5000000037617,18.100000000000122,170.30000000000447,15.250000000000082,0,23.300000000000196,0.25,0,56.00000000000001,155.99999999999923
J000565,2023-01-03/KTUN,KTUN,AMR_11,G9_9,WS_8_20,"[""111229""]",1,3219.4000000029464,3354.250000003437,3316.8000000033007,3219.4000000029464,3271.0500000031343,3275.100000003149,3306.700000003264,3306.750000003264,3316.7500000033006,3316.8000000033007,3350.2000000034222,3354.250000003437,18.100000000000122,96.04999999999669,13.400000000000055,0,7.049999999999983,0.25,0,52.00000000000058,60.00000000000061
J000566,2023-01-03/KPAS,KPAS,AMR_18,G20_12,WS_30_20,"[""111387"", ""125639""]",2,3225.4500000029684,3520.3500000040412,3383.0000000035416,3225.4500000029684,3259.5500000030925,3263.600000003107,3372.900000003505,3372.950000003505,3382.9500000035414,3383.0000000035416,3516.3000000040265,3520.3500000040412,18.100000000000122,107.84999999999602,15.300000000000082,0,153.40000000000063,0.25,0,22.0,88.0
J000567,2023-01-03/KJRH,KJRH,AMR_24,G29_7,WS_2_20,"[""110598""]",1,3241.7500000030277,3848.4000000052347,3766.250000004936,3241.7500000030277,3549.3000000041466,3553.3500000041613,3756.150000004899,3756.2000000048993,3766.2000000049356,3766.250000004936,3844.35000000522,3848.4000000052347,18.100000000000122,220.90000000001598,23.000000000000192,0,344.40000000004403,0.25,0,76.00000000000082,179.99999999999537
J000568,2023-01-03/KTUN,KTUN,AMR_34,G12_13,WS_8_20,"[""111998""]",1,3244.550000003038,3393.000000003578,3353.950000003436,3244.550000003038,3307.6500000032675,3311.700000003282,3343.850000003399,3343.9000000033993,3353.9000000034357,3353.950000003436,3388.950000003563,3393.000000003578,18.100000000000122,101.1499999999964,14.300000000000068,0,14.650000000000073,0.25,0,56.00000000000077,60.00000000000068
J000569,2023-01-03/KOLA,KOLA,AMR_06,G18_9,WS_19_20,"[""112361""]",1,3255.350000003077,3667.900000004578,3633.0500000044512,3255.350000003077,3445.000000003767,3449.050000003782,3622.9500000044145,3623.0000000044147,3633.000000004451,3633.0500000044512,3663.8500000045633,3667.900000004578,18.100000000000122,192.8500000000096,32.65000000000028,0,168.7000000000041,0.25,0,114.00000000000165,92.00000000000088
J000570,2023-01-03/KTUN,KTUN,AMR_21,G6_9,WS_8_20,"[""112377""]",1,3259.9000000030937,3405.4500000036232,3369.7500000034934,3259.9000000030937,3315.750000003297,3319.8000000033117,3359.6500000034566,3359.700000003457,3369.700000003493,3369.7500000034934,3401.4000000036085,3405.4500000036232,18.100000000000122,94.0999999999968,18.150000000000123,0,14.950000000000077,0.25,0,31.999999999999986,64.00000000000061
J000571,2023-01-03/KPAS,KPAS,AMR_13,G15_13,WS_30_20,"[""111243"", ""214619""]",2,3263.850000003108,3620.5000000044056,3568.350000004216,3263.850000003108,3431.500000003718,3435.5500000037327,3558.250000004179,3558.3000000041793,3568.3000000042157,3568.350000004216,3616.450000004391,3620.5000000044056,18.100000000000122,178.50000000000634,24.90000000000022,0,134.89999999999642,0.25,0,90.00000000000102,96.00000000000011
J000572,2023-01-03/KOLA,KOLA,AMR_07,G21_10,WS_19_20,"[""110357""]",4,3267.350000003121,3573.2500000042337,3478.500000003889,3267.350000003121,3306.450000003263,3310.500000003278,3468.4000000038523,3468.4500000038524,3478.450000003889,3478.500000003889,3569.200000004219,3573.2500000042337,18.100000000000122,120.94999999999527,18.150000000000123,0,148.4499999999995,0.25,0,30.0,92.00000000000051
J000573,2023-01-03/KJRH,KJRH,AMR_09,G32_13,WS_2_20,"[""111285""]",1,3271.3500000031354,3605.1500000043497,3459.3500000038193,3271.3500000031354,3339.6000000033837,3343.6500000033984,3449.2500000037826,3449.3000000037828,3459.300000003819,3459.3500000038193,3601.100000004335,3605.1500000043497,18.100000000000122,157.05000000000146,16.300000000000097,0,142.09999999999806,0.25,0,32.0,152.00000000000054
J000574,2023-01-03/KTUN,KTUN,AMR_37,G5_9,WS_8_20,"[""125535""]",1,3280.9500000031703,3468.4500000038524,3420.500000003678,3280.9500000031703,3362.0500000034654,3366.10000000348,3410.4000000036413,3410.4500000036414,3420.450000003678,3420.500000003678,3464.4000000038377,3468.4500000038524,18.100000000000122,141.3499999999979,15.300000000000082,0,12.500000000000043,0.25,0,100.00000000000148,72.0000000000006
J000575,2023-01-03/KOLA,KOLA,AMR_32,G17_10,WS_19_20,"[""110225""]",1,3284.950000003185,3466.2000000038443,3404.4500000036196,3284.950000003185,3284.950000003185,3289.0000000031996,3394.350000003583,3394.400000003583,3404.4000000036194,3404.4500000036196,3462.1500000038295,3466.2000000038443,18.100000000000122,73.54999999999797,11.450000000000028,0,77.94999999999771,0.2,0,0.0,64.00000000000004
J000576,2023-01-03/KJRH,KJRH,AMR_14,G29_9,WS_2_20,"[""111348""]",1,3285.300000003186,3543.8500000041267,3419.0500000036727,3285.300000003186,3285.300000003186,3289.350000003201,3408.950000003636,3409.000000003636,3419.0000000036725,3419.0500000036727,3539.800000004112,3543.8500000041267,18.100000000000122,134.7499999999964,9.55,0,95.94999999999669,0.2,0,0.0,155.99999999999918
J000577,2023-01-03/KOLA,KOLA,AMR_16,G14_9,WS_19_20,"[""112288""]",1,3291.2000000032076,3639.350000004474,3598.900000004327,3291.2000000032076,3445.550000003769,3449.600000003784,3588.8000000042903,3588.8500000042905,3598.850000004327,3598.900000004327,3635.3000000044594,3639.350000004474,18.100000000000122,131.84999999999573,18.150000000000123,0,179.80000000000663,0.25,0,66.00000000000074,80.00000000000074
J000578,2023-01-03/KJRH,KJRH,AMR_23,G35_8,WS_2_20,"[""110234""]",1,3293.9000000032174,3898.500000005417,3805.650000005079,3293.9000000032174,3390.050000003567,3394.100000003582,3795.5500000050424,3795.6000000050426,3805.600000005079,3805.650000005079,3894.450000005402,3898.500000005417,18.100000000000122,327.25000000004013,40.349999999999845,0,218.65000000001547,0.25,0,50.00000000000013,327.99999999997794
J000579,2023-01-03/KTUN,KTUN,AMR_22,G12_9,WS_8_20,"[""117431""]",1,3300.900000003243,3500.6000000039694,3436.700000003737,3300.900000003243,3337.450000003376,3341.5000000033906,3426.6000000037,3426.6500000037004,3436.6500000037367,3436.700000003737,3496.5500000039547,3500.6000000039694,18.100000000000122,97.19999999999662,15.300000000000082,0,68.84999999999823,0.25,0,24.0,76.00000000000097
J000580,2023-01-03/KJSC,KJSC,AMR_04,G9_10,WS_25_20,"[""110227""]",1,3314.700000003293,3537.7500000041045,3433.100000003724,3314.700000003293,3314.700000003293,3318.750000003308,3423.000000003687,3423.0500000036873,3433.0500000037237,3433.100000003724,3533.70000000409,3537.7500000041045,18.100000000000122,106.99999999999606,11.450000000000028,0,86.29999999999724,0.2,0,0.0,120.00000000000057
J000581,2023-01-03/KJRH,KJRH,AMR_01,G38_13,WS_2_20,"[""107204""]",1,3323.8500000033264,3970.550000005679,3597.850000004323,3323.8500000033264,3358.2500000034515,3362.3000000034663,3587.7500000042864,3587.8000000042866,3597.800000004323,3597.850000004323,3966.5000000056643,3970.550000005679,18.100000000000122,260.650000000025,30.5500000000003,0,337.1500000000424,0.25,0,30.0,271.9999999999876
J000582,2023-01-03/KOLA,KOLA,AMR_28,G23_13,WS_19_20,"[""131590""]",1,3342.0500000033926,3533.9500000040907,3439.9000000037486,3342.0500000033926,3396.7500000035916,3400.8000000036063,3429.800000003712,3429.850000003712,3439.8500000037484,3439.9000000037486,3529.900000004076,3533.9500000040907,18.100000000000122,84.19999999999736,14.350000000000069,0,74.99999999999788,0.25,0,30.0,48.0
J000583,2023-01-03/KTUN,KTUN,AMR_03,G15_10,WS_8_20,"[""133910""]",1,3342.400000003394,3507.2500000039936,3452.650000003795,3342.400000003394,3355.7500000034424,3359.800000003457,3442.550000003758,3442.6000000037584,3452.600000003795,3452.650000003795,3503.200000003979,3507.2500000039936,18.100000000000122,79.54999999999762,12.400000000000041,0,54.54999999999904,0.25,0,6.0,76.00000000000085
J000584,2023-01-03/KJRH,KJRH,AMR_11,G38_9,WS_2_20,"[""110395""]",1,3354.300000003437,3770.9000000049527,3614.900000004385,3354.300000003437,3495.500000003951,3499.5500000039656,3604.8000000043485,3604.8500000043487,3614.850000004385,3614.900000004385,3766.850000004938,3770.9000000049527,18.100000000000122,262.25000000002535,22.90000000000019,0,113.09999999999572,0.25,0,98.0000000000005,219.99999999998929
J000585,2023-01-03/KTUN,KTUN,AMR_12,G3_8,WS_8_20,"[""121937""]",1,3354.9500000034395,3517.750000004032,3478.9500000038906,3354.9500000034395,3418.7500000036716,3422.8000000036864,3468.850000003854,3468.900000003854,3478.9000000038905,3478.9500000038906,3513.700000004017,3517.750000004032,18.100000000000122,114.44999999999564,15.300000000000082,0,14.700000000000074,0.25,0,58.00000000000088,76.00000000000072
J000586,2023-01-03/KTUN,KTUN,AMR_02,G3_7,WS_8_20,"[""107144""]",1,3369.8000000034936,3551.600000004155,3511.5500000040092,3369.8000000034936,3446.950000003774,3451.000000003789,3501.4500000039725,3501.5000000039727,3511.500000004009,3511.5500000040092,3547.55000000414,3551.600000004155,18.100000000000122,140.4999999999977,17.20000000000011,0,5.749999999999988,0.25,0,88.00000000000155,80.00000000000081
J000587,2023-01-03/KPAS,KPAS,AMR_40,G32_8,WS_30_20,"[""101095"", ""110519""]",2,3383.0500000035418,3529.050000004073,3483.450000003907,3383.0500000035418,3420.1000000036765,3424.1500000036913,3473.3500000038703,3473.4000000038704,3483.400000003907,3483.450000003907,3525.000000004058,3529.050000004073,18.100000000000122,92.94999999999686,16.200000000000095,0,18.500000000000128,0.25,0,26.0,68.00000000000045
J000588,2023-01-03/KPAS,KPAS,AMR_20,G23_12,WS_30_20,"[""101063"", ""110169"", ""112087""]",3,3401.85000000361,3517.0500000040292,3466.5000000038453,3401.85000000361,3401.85000000361,3405.900000003625,3456.4000000038086,3456.450000003809,3466.450000003845,3466.5000000038453,3513.0000000040145,3517.0500000040292,18.100000000000122,71.54999999999808,11.450000000000028,0,13.900000000000063,0.2,0,0.0,76.00000000000031
J000589,2023-01-03/KOLA,KOLA,AMR_31,G23_10,WS_19_20,"[""122556""]",1,3404.50000000362,3620.2500000044047,3580.250000004259,3404.50000000362,3418.900000003672,3422.950000003687,3570.1500000042224,3570.2000000042226,3580.200000004259,3580.250000004259,3616.20000000439,3620.2500000044047,18.100000000000122,82.94999999999743,18.200000000000124,0,96.24999999999667,0.25,0,8.0,72.0000000000004
J000590,2023-01-03/KJRH,KJRH,AMR_10,G26_2,WS_2_20,"[""110452""]",1,3419.100000003673,3654.9000000045307,3580.5500000042603,3419.100000003673,3436.200000003735,3440.25000000375,3570.4500000042235,3570.5000000042237,3580.50000000426,3580.5500000042603,3650.850000004516,3654.9000000045307,18.100000000000122,151.15000000000012,15.250000000000082,0,51.04999999999924,0.25,0,11.999999999999996,171.99999999999656
J000591,2023-01-03/KPAS,KPAS,AMR_17,G32_6,WS_30_20,"[""101200"", ""140079""]",2,3419.150000003673,3564.4000000042015,3524.0000000040545,3419.150000003673,3471.900000003865,3475.9500000038797,3513.900000004018,3513.950000004018,3523.9500000040543,3524.0000000040545,3560.3500000041868,3564.4000000042015,18.100000000000122,101.54999999999637,17.25000000000011,0,8.09999999999998,0.25,0,44.000000000000114,72.00000000000088
J000592,2023-01-03/KTUN,KTUN,AMR_30,G23_9,WS_8_20,"[""110588""]",2,3420.550000003678,3813.1500000051064,3613.700000004381,3420.550000003678,3451.550000003791,3455.6000000038057,3603.600000004344,3603.6500000043443,3613.6500000043807,3613.700000004381,3809.1000000050917,3813.1500000051064,18.100000000000122,142.49999999999815,18.150000000000123,0,213.60000000001432,0.25,0,27.999999999999996,124.00000000000148
J000593,2023-01-03/KOMA,KOMA,AMR_38,G30_14,WS_25_20,"[""111391"", ""132437""]",2,3433.150000003724,3564.0000000042,3516.700000004028,3433.150000003724,3466.3000000038446,3470.3500000038593,3506.600000003991,3506.6500000039914,3516.650000004028,3516.700000004028,3559.9500000041853,3564.0000000042,18.100000000000122,84.29999999999735,15.300000000000082,0,12.900000000000048,0.25,0,28.0,60.000000000000114
J000594,2023-01-03/KOMA,KOMA,AMR_34,G21_12,WS_25_20,"[""101102"", ""107879""]",3,3433.150000003724,3652.8500000045233,3597.850000004323,3433.150000003724,3461.0000000038253,3465.05000000384,3587.7500000042864,3587.8000000042866,3597.800000004323,3597.850000004323,3648.8000000045085,3652.8500000045233,18.100000000000122,93.14999999999685,17.20000000000011,0,90.99999999999697,0.25,0,24.0,68.00000000000026
J000595,2023-01-03/KOMA,KOMA,AMR_27,G23_7,WS_25_20,"[""110569"", ""112010""]",2,3433.150000003724,3694.050000004673,3613.800000004381,3433.150000003724,3475.8500000038794,3479.900000003894,3603.7000000043445,3603.7500000043447,3613.750000004381,3613.800000004381,3690.0000000046584,3694.050000004673,18.100000000000122,120.14999999999532,17.20000000000011,0,105.19999999999617,0.25,0,42.000000000000206,84.00000000000051
J000596,2023-01-03/KOMA,KOMA,AMR_21,G26_6,WS_25_20,"[""109843"", ""136998""]",2,3433.150000003724,3668.9000000045817,3581.900000004265,3433.150000003724,3485.950000003916,3490.000000003931,3571.8000000042284,3571.8500000042286,3581.850000004265,3581.900000004265,3664.850000004567,3668.9000000045817,18.100000000000122,117.79999999999545,15.300000000000082,0,84.29999999999735,0.25,0,58.000000000000114,76.00000000000088
J000597,2023-01-03/KOMA,KOMA,AMR_15,G39_9,WS_25_20,"[""107238"", ""123305""]",2,3443.550000003762,3628.250000004434,3566.0500000042075,3443.550000003762,3498.1500000039605,3502.200000003975,3555.9500000041708,3556.000000004171,3566.0000000042073,3566.0500000042075,3624.200000004419,3628.250000004434,18.100000000000122,144.29999999999856,15.300000000000082,0,6.749999999999984,0.25,0,62.000000000000384,116.0000000000005
J000598,2023-01-03/KOLA,KOLA,AMR_32,G14_8,WS_19_20,"[""110319""]",1,3466.2500000038444,3660.9000000045526,3616.000000004389,3466.2500000038444,3518.5000000040345,3522.5500000040493,3605.9000000043525,3605.9500000043527,3615.950000004389,3616.000000004389,3656.850000004538,3660.9000000045526,18.100000000000122,122.99999999999515,18.200000000000124,0,35.10000000000014,0.25,0,46.00000000000033,84.00000000000071
J000599,2023-01-03/KPAS,KPAS,AMR_37,G6_10,WS_30_20,"[""107120"", ""110284""]",2,3468.5000000038526,3730.6500000048063,3639.1000000044733,3468.5000000038526,3488.5500000039256,3492.6000000039403,3629.0000000044365,3629.0500000044367,3639.050000004473,3639.1000000044733,3726.6000000047916,3730.6500000048063,18.100000000000122,150.04999999999987,14.300000000000068,0,79.44999999999763,0.25,0,12.0,143.9999999999988
J000600,2023-01-03/KTUN,KTUN,AMR_22,G6_1,WS_8_20,"[""113203""]",1,3500.6500000039696,3675.9500000046073,3629.7500000044392,3500.6500000039696,3545.7500000041337,3549.8000000041484,3619.6500000044025,3619.7000000044027,3629.700000004439,3629.7500000044392,3671.9000000045926,3675.9500000046073,18.100000000000122,120.99999999999527,15.300000000000082,0,20.65000000000016,0.25,0,40.00000000000014,96.00000000000125
J000601,2023-01-03/KPAS,KPAS,AMR_03,G6_9,WS_30_20,"[""101218"", ""115181""]",2,3507.300000003994,4000.3000000057873,3844.900000005222,3507.300000003994,3555.0000000041673,3559.050000004182,3834.800000005185,3834.8500000051854,3844.850000005222,3844.900000005222,3996.2500000057726,4000.3000000057873,18.100000000000122,188.0000000000085,31.550000000000313,0,255.10000000002375,0.25,0,23.99999999999997,167.99999999999514
J000602,2023-01-03/KTUN,KTUN,AMR_20,G27_12,WS_8_20,"[""115951""]",1,3517.1000000040294,3966.5500000056645,3767.8000000049415,3517.1000000040294,3624.45000000442,3628.5000000044347,3757.7000000049047,3757.750000004905,3767.7500000049413,3767.8000000049415,3962.50000000565,3966.5500000056645,18.100000000000122,188.8500000000087,24.850000000000218,0,217.40000000001518,0.25,0,64.00000000000031,132.00000000000108
J000603,2023-01-03/KTUN,KTUN,AMR_12,G32_12,WS_8_20,"[""112029""]",1,3517.800000004032,4048.600000005963,3885.8000000053707,3517.800000004032,3708.800000004727,3712.8500000047416,3875.700000005334,3875.750000005334,3885.7500000053706,3885.8000000053707,4044.5500000059483,4048.600000005963,18.100000000000122,282.55000000002997,39.24999999999991,0,190.6500000000091,0.25,0,102.00000000000117,207.99999999999312
J000604,2023-01-03/KOMA,KOMA,AMR_18,G9_12,WS_25_20,"[""107172"", ""124208""]",2,3520.4000000040414,3860.80000000528,3773.3500000049617,3520.4000000040414,3577.0000000042473,3581.050000004262,3763.250000004925,3763.300000004925,3773.3000000049615,3773.3500000049617,3856.750000005265,3860.80000000528,18.100000000000122,140.14999999999762,19.100000000000136,0,162.80000000000277,0.25,0,38.000000000000114,108.00000000000048
J000605,2023-01-03/KPAS,KPAS,AMR_40,G29_14,WS_30_20,"[""107344""]",1,3529.100000004073,3650.250000004514,3622.200000004412,3529.100000004073,3558.250000004179,3562.300000004194,3612.100000004375,3612.150000004375,3622.1500000044116,3622.200000004412,3646.200000004499,3650.250000004514,18.100000000000122,68.09999999999827,15.300000000000082,0,19.40000000000014,0.25,0,22.0,44.00000000000004
J000606,2023-01-03/KOLA,KOLA,AMR_28,G26_8,WS_19_20,"[""107159""]",1,3534.000000004091,3763.2000000049247,3699.6000000046934,3534.000000004091,3584.4500000042744,3588.500000004289,3689.5000000046566,3689.550000004657,3699.550000004693,3699.6000000046934,3759.15000000491,3763.2000000049247,18.100000000000122,129.84999999999528,22.95000000000019,0,58.04999999999884,0.25,0,36.000000000000014,92.00000000000031
J000607,2023-01-03/KTUN,KTUN,AMR_04,G32_8,WS_8_20,"[""110519""]",1,3537.8000000041047,3908.150000005452,3804.4000000050746,3537.8000000041047,3657.700000004541,3661.7500000045557,3794.300000005038,3794.350000005038,3804.3500000050744,3804.4000000050746,3904.1000000054373,3908.150000005452,18.100000000000122,230.6500000000182,22.95000000000019,0,98.39999999999655,0.25,0,90.0000000000008,171.99999999999702
J000608,2023-01-03/KPAS,KPAS,AMR_08,G35_14,WS_30_20,"[""124402""]",1,3540.2000000041135,3830.300000005169,3789.8000000050215,3540.2000000041135,3733.7000000048174,3737.750000004832,3779.7000000049848,3779.750000004985,3789.7500000050213,3789.8000000050215,3826.250000005154,3830.300000005169,18.100000000000122,176.50000000000588,28.700000000000273,0,66.54999999999836,0.25,0,145.99999999999918,48.000000000000114
J000609,2023-01-03/KOMA,KOMA,AMR_36,G23_2,WS_25_20,"[""110178"", ""110357""]",6,3540.5500000041147,3690.950000004662,3634.5000000044565,3540.5500000041147,3571.8500000042286,3575.9000000042433,3624.40000000442,3624.45000000442,3634.4500000044563,3634.5000000044565,3686.900000004647,3690.950000004662,18.100000000000122,101.1499999999964,15.300000000000082,0,15.600000000000087,0.25,0,23.99999999999999,92.00000000000114
J000610,2023-01-03/KOLA,KOLA,AMR_14,G29_10,WS_19_20,"[""110311""]",2,3543.900000004127,3811.0000000050986,3682.700000004632,3543.900000004127,3548.000000004142,3552.0500000041566,3672.600000004595,3672.6500000045953,3682.6500000046317,3682.700000004632,3806.950000005084,3811.0000000050986,18.100000000000122,82.94999999999743,9.5,0,156.3000000000013,0.25,0,2.0,84.00000000000048
J000611,2023-01-03/MMPL,MMPL,AMR_02,G20_2,WS_13_20,"[""109989"", ""110179"", ""110390"", ""110499"", ""111212"", ""111391"", ""124207""]",7,3551.650000004155,3836.5500000051916,3770.750000004952,3551.650000004155,3617.7000000043954,3621.75000000441,3760.6500000049155,3760.7000000049156,3770.700000004952,3770.750000004952,3832.500000005177,3836.5500000051916,18.100000000000122,141.29999999999788,22.000000000000178,0,103.24999999999628,0.25,0,56.000000000000306,104.00000000000135
J000612,2023-01-03/MMPL,MMPL,AMR_29,G15_12,WS_13_20,"[""107272"", ""107280"", ""107285"", ""110166"", ""110603""]",5,3552.500000004158,3738.550000004835,3605.8500000043523,3552.500000004158,3552.500000004158,3556.550000004173,3595.7500000043156,3595.8000000043157,3605.800000004352,3605.8500000043523,3734.5000000048203,3738.550000004835,18.100000000000122,53.09999999999912,8.549999999999986,0,106.09999999999611,0.2,0,0.0,52.00000000000034
J000613,2023-01-03/MMPL,MMPL,AMR_33,G38_8,WS_13_20,"[""101015"", ""107130"", ""107328"", ""111276"", ""112279""]",6,3554.7500000041664,4209.800000006549,4005.950000005808,3554.7500000041664,3654.70000000453,3658.7500000045447,3995.850000005771,3995.9000000057713,4005.9000000058077,4005.950000005808,4205.750000006535,4209.800000006549,18.100000000000122,227.30000000001743,30.6000000000003,0,378.80000000005185,0.25,0,82.00000000000031,163.9999999999964
J000614,2023-01-03/MMPL,MMPL,AMR_26,G17_4,WS_13_20,"[""110189"", ""110475"", ""110592"", ""111376""]",4,3557.900000004178,3833.35000000518,3787.6000000050135,3557.900000004178,3654.65000000453,3658.7000000045446,3777.5000000049768,3777.550000004977,3787.5500000050133,3787.6000000050135,3829.300000005165,3833.35000000518,18.100000000000122,128.84999999999505,18.200000000000124,0,110.04999999999589,0.25,0,56.000000000000526,84.00000000000128
J000615,2023-01-03/MMPL,MMPL,AMR_39,G20_9,WS_13_20,"[""101290"", ""110274"", ""110353"", ""110597""]",4,3558.7000000041808,3760.300000004914,3623.1500000044152,3558.7000000041808,3558.7000000041808,3562.7500000041955,3613.0500000043785,3613.1000000043787,3623.100000004415,3623.1500000044152,3756.2500000048994,3760.300000004914,18.100000000000122,69.2999999999982,9.55,0,104.44999999999621,0.2,0,0.0,76.0000000000008
J000616,2023-01-03/KTUN,KTUN,AMR_38,G23_13,WS_8_20,"[""110394""]",1,3564.0500000042002,3971.5500000056827,3747.7500000048685,3564.0500000042002,3599.8500000043305,3603.900000004345,3737.650000004832,3737.700000004832,3747.7000000048683,3747.7500000048685,3967.500000005668,3971.5500000056827,18.100000000000122,123.44999999999513,19.150000000000137,0,246.5500000000218,0.25,0,32.0,100.00000000000077
J000617,2023-01-03/KPAS,KPAS,AMR_25,G9_10,WS_30_20,"[""107224"", ""107380"", ""112086"", ""112371""]",4,3564.250000004201,4119.30000000622,3935.900000005553,3564.250000004201,3596.5000000043183,3600.550000004333,3925.8000000055163,3925.8500000055164,3935.850000005553,3935.900000005553,4115.2500000062055,4119.30000000622,18.100000000000122,176.90000000000597,21.900000000000176,0,337.90000000004255,0.25,0,27.999999999999943,163.9999999999971
J000618,2023-01-03/MMPL,MMPL,AMR_17,G29_12,WS_13_20,"[""101181"", ""110595"", ""112452"", ""136197""]",5,3564.4500000042017,3971.5500000056827,3745.0000000048585,3564.4500000042017,3588.1000000042877,3592.1500000043025,3734.900000004822,3734.950000004822,3744.9500000048583,3745.0000000048585,3967.500000005668,3971.5500000056827,18.100000000000122,125.24999999999503,17.15000000000011,0,246.35000000002177,0.25,0,18.0,104.00000000000054
J000619,2023-01-03/KOMA,KOMA,AMR_05,G8_2,WS_25_20,"[""101192"", ""110386""]",2,3566.9000000042106,3934.1500000055466,3839.8000000052034,3566.9000000042106,3615.400000004387,3619.4500000044018,3829.7000000051667,3829.750000005167,3839.750000005203,3839.8000000052034,3930.100000005532,3934.1500000055466,18.100000000000122,193.3000000000097,23.000000000000192,0,132.5999999999959,0.25,0,36.000000000000014,183.9999999999944
J000620,2023-01-03/KPAS,KPAS,AMR_07,G17_12,WS_30_20,"[""107131"", ""110540""]",2,3573.300000004234,4258.2000000067255,4201.75000000652,3573.300000004234,3605.500000004351,3609.5500000043658,4191.650000006483,4191.700000006484,4201.70000000652,4201.75000000652,4254.150000006711,4258.2000000067255,18.100000000000122,186.15000000000808,28.60000000000027,0,451.80000000006845,0.25,0,12.0,163.99999999999636
J000621,2023-01-03/KOLA,KOLA,AMR_09,G6_13,WS_19_20,"[""149347""]",1,3605.20000000435,4048.300000005962,3972.5500000056863,3605.20000000435,3765.750000004934,3769.8000000049487,3962.4500000056496,3962.50000000565,3972.500000005686,3972.5500000056863,4044.250000005947,4048.300000005962,18.100000000000122,184.40000000000768,24.90000000000022,0,215.45000000001474,0.25,0,76.00000000000048,112.00000000000128
J000622,2023-01-03/KOMA,KOMA,AMR_31,G29_6,WS_25_20,"[""110543""]",1,3620.300000004405,3900.6500000054248,3731.0500000048078,3620.300000004405,3649.8500000045124,3653.900000004527,3720.950000004771,3721.000000004771,3731.0000000048076,3731.0500000048078,3896.60000000541,3900.6500000054248,18.100000000000122,118.7499999999954,20.10000000000015,0,123.14999999999515,0.25,0,24.00000000000003,92.0000000000008
J000623,2023-01-03/KOLA,KOLA,AMR_13,G29_8,WS_19_20,"[""101193""]",1,3620.550000004406,3853.0500000052516,3749.1500000048736,3620.550000004406,3659.8500000045487,3663.9000000045635,3739.050000004837,3739.100000004837,3749.1000000048734,3749.1500000048736,3849.000000005237,3853.0500000052516,18.100000000000122,120.3499999999953,17.20000000000011,0,76.59999999999779,0.25,0,38.000000000000114,92.00000000000054
J000624,2023-01-03/MMPL,MMPL,AMR_15,G0_15,WS_13_20,"[""100949"", ""107256"", ""107310"", ""107317"", ""110316"", ""110479"", ""110528"", ""124702""]",8,3628.300000004434,3876.4000000053366,3838.7500000051996,3628.300000004434,3758.2000000049065,3762.2500000049213,3828.650000005163,3828.700000005163,3838.7000000051994,3838.7500000051996,3872.350000005322,3876.4000000053366,18.100000000000122,154.05000000000078,12.450000000000042,0,63.24999999999854,0.25,0,98.00000000000085,80.00000000000091
J000625,2023-01-03/KOMA,KOMA,AMR_16,G35_9,WS_25_20,"[""101202""]",1,3639.4000000044744,3890.7000000053886,3789.2500000050195,3639.4000000044744,3699.8500000046943,3703.900000004709,3779.1500000049828,3779.200000004983,3789.2000000050193,3789.2500000050195,3886.650000005374,3890.7000000053886,18.100000000000122,145.84999999999891,19.100000000000136,0,67.99999999999828,0.25,0,70.00000000000038,96.00000000000047
J000626,2023-01-03/KTUN,KTUN,AMR_40,G20_8,WS_8_20,"[""112068""]",1,3650.300000004514,3946.350000005591,3857.800000005269,3650.300000004514,3791.250000005027,3795.3000000050415,3847.700000005232,3847.7500000052323,3857.7500000052687,3857.800000005269,3942.3000000055763,3946.350000005591,18.100000000000122,159.8500000000021,24.850000000000218,0,92.99999999999686,0.25,0,58.00000000000024,104.0000000000012
J000627,2023-01-03/KPAS,KPAS,AMR_34,G39_9,WS_30_20,"[""110461"", ""110847""]",2,3652.9000000045235,3839.0000000052005,3772.8000000049597,3652.9000000045235,3715.20000000475,3719.250000004765,3762.700000004923,3762.750000004923,3772.7500000049595,3772.8000000049597,3834.9500000051858,3839.0000000052005,18.100000000000122,132.5499999999959,15.250000000000082,0,19.95000000000015,0.25,0,70.00000000000041,92.00000000000058
J000628,2023-01-03/KOLA,KOLA,AMR_10,G32_10,WS_19_20,"[""107176""]",1,3654.950000004531,3999.0500000057827,3820.150000005132,3654.950000004531,3684.400000004638,3688.450000004653,3810.050000005095,3810.1000000050954,3820.1000000051317,3820.150000005132,3995.000000005768,3999.0500000057827,18.100000000000122,120.14999999999532,17.15000000000011,0,188.4500000000086,0.25,0,27.999999999999996,100.00000000000031
J000629,2023-01-03/KOMA,KOMA,AMR_35,G21_2,WS_25_20,"[""112308""]",1,3657.700000004541,3999.7500000057853,3908.400000005453,3657.700000004541,3702.4500000047037,3706.5000000047185,3898.300000005416,3898.3500000054164,3908.350000005453,3908.400000005453,3995.7000000057706,3999.7500000057853,18.100000000000122,160.65000000000228,21.000000000000163,0,142.04999999999805,0.25,0,50.00000000000027,132.00000000000173
J000630,2023-01-03/MMPL,MMPL,AMR_32,G9_2,WS_13_20,"[""110305"", ""112040"", ""115591"", ""126347""]",4,3660.9500000045527,3860.4000000052783,3804.6500000050755,3660.9500000045527,3695.4500000046783,3699.500000004693,3794.550000005039,3794.600000005039,3804.6000000050753,3804.6500000050755,3856.3500000052636,3860.4000000052783,18.100000000000122,124.94999999999504,17.15000000000011,0,38.99999999999992,0.25,0,29.999999999999922,104.00000000000122
J000631,2023-01-03/KTUN,KTUN,AMR_06,G18_9,WS_8_20,"[""112361""]",2,3667.950000004578,3971.5500000056827,3820.6000000051336,3667.950000004578,3667.950000004578,3672.000000004593,3810.500000005097,3810.550000005097,3820.5500000051334,3820.6000000051336,3967.500000005668,3971.5500000056827,18.100000000000122,114.34999999999565,17.20000000000011,0,153.7500000000007,0.2,0,0.0,108.00000000000071
J000632,2023-01-03/KPAS,KPAS,AMR_21,G26_13,WS_30_20,"[""214618""]",1,3668.950000004582,3904.1500000054375,3806.8500000050835,3668.950000004582,3701.700000004701,3705.7500000047157,3796.750000005047,3796.800000005047,3806.8000000050833,3806.8500000050835,3900.1000000054228,3904.1500000054375,18.100000000000122,93.14999999999685,17.25000000000011,0,106.4499999999961,0.25,0,18.0,76.00000000000031
J000633,2023-01-03/KOLA,KOLA,AMR_22,G3_13,WS_19_20,"[""111264""]",2,3676.0000000046075,4020.30000000586,3955.8500000056256,3676.0000000046075,3722.2000000047756,3726.2500000047903,3945.750000005589,3945.800000005589,3955.8000000056254,3955.8500000056256,4016.2500000058453,4020.30000000586,18.100000000000122,130.8499999999955,15.250000000000082,0,179.85000000000664,0.25,0,46.000000000000085,100.00000000000132
J000634,2023-01-03/KOLA,KOLA,AMR_36,G3_12,WS_19_20,"[""110561""]",1,3691.000000004662,4116.150000006209,4029.600000005894,3691.000000004662,3753.100000004888,3757.1500000049027,4019.500000005857,4019.5500000058573,4029.5500000058937,4029.600000005894,4112.100000006194,4116.150000006209,18.100000000000122,179.30000000000652,24.800000000000217,0,202.70000000001184,0.25,0,68.00000000000128,120.00000000000104
J000635,2023-01-03/KJRH,KJRH,AMR_19,G32_9,WS_2_20,"[""107333""]",1,3696.700000004683,4235.000000006641,4108.850000006182,3696.700000004683,3696.700000004683,3700.7500000046975,4098.7500000061455,4098.800000006146,4108.800000006182,4108.850000006182,4230.950000006626,4235.000000006641,18.100000000000122,288.20000000003125,34.50000000000018,0,197.3000000000106,0.2,0,0.0,331.9999999999791
J000636,2023-01-03/KOLA,KOLA,AMR_27,G27_2,WS_19_20,"[""110509""]",1,3699.6500000046935,4108.700000006182,3837.1000000051936,3699.6500000046935,3764.350000004929,3768.4000000049436,3827.000000005157,3827.050000005157,3837.0500000051934,3837.1000000051936,4104.650000006167,4108.700000006182,18.100000000000122,168.35000000000403,23.900000000000205,0,198.45000000001087,0.25,0,54.00000000000051,128.00000000000108
J000637,2023-01-03/MMPL,MMPL,AMR_37,G6_10,WS_13_20,"[""101318"", ""110284"", ""110604"", ""123306"", ""124210""]",6,3745.0500000048587,3863.350000005289,3821.7000000051376,3745.0500000048587,3745.0500000048587,3749.1000000048734,3811.600000005101,3811.650000005101,3821.6500000051374,3821.7000000051376,3859.3000000052743,3863.350000005289,18.100000000000122,72.04999999999805,10.450000000000014,0,17.500000000000114,0.2,0,0.0,76.00000000000068
J000638,2023-01-03/KTUN,KTUN,AMR_29,G35_12,WS_8_20,"[""126308""]",1,3747.8000000048687,4248.000000006688,4157.70000000636,3747.8000000048687,3828.150000005161,3832.2000000051758,4147.600000006323,4147.650000006323,4157.65000000636,4157.70000000636,4243.950000006674,4248.000000006688,18.100000000000122,194.05000000000987,18.100000000000122,0,269.70000000002705,0.25,0,76.00000000000067,151.99999999999795
J000639,2023-01-03/KOLA,KOLA,AMR_39,G3_8,WS_19_20,"[""107347""]",1,3760.3500000049144,4079.050000006074,4012.550000005832,3760.3500000049144,3826.7000000051557,3830.7500000051705,4002.450000005795,4002.5000000057953,4012.5000000058317,4012.550000005832,4075.000000006059,4079.050000006074,18.100000000000122,197.35000000001062,24.850000000000218,0,78.1499999999977,0.25,0,72.0000000000014,159.9999999999992
J000640,2023-01-03/KTUN,KTUN,AMR_28,G38_12,WS_8_20,"[""110131""]",3,3767.8500000049416,4119.000000006219,4012.05000000583,3767.8500000049416,3812.9000000051055,3816.9500000051203,4001.9500000057933,4002.0000000057935,4012.00000000583,4012.05000000583,4114.950000006204,4119.000000006219,18.100000000000122,191.60000000000932,25.75000000000023,0,115.44999999999558,0.25,0,36.0,175.99999999999608
J000641,2023-01-03/MMPL,MMPL,AMR_11,G12_9,WS_13_20,"[""101221"", ""110200"", ""120779""]",3,3770.950000004953,4176.650000006429,4141.800000006302,3770.950000004953,4030.3000000058964,4034.350000005911,4131.700000006265,4131.7500000062655,4141.750000006302,4141.800000006302,4172.600000006414,4176.650000006429,18.100000000000122,198.80000000001095,34.45000000000018,0,154.1000000000008,0.25,0,136.0000000000005,64.00000000000058
J000642,2023-01-03/KPAS,KPAS,AMR_14,G20_9,WS_30_20,"[""101185"", ""110346""]",2,3811.050000005099,4179.000000006437,4015.850000005844,3811.050000005099,3933.9000000055457,3937.9500000055605,4005.750000005807,4005.8000000058073,4015.8000000058437,4015.850000005844,4174.950000006423,4179.000000006437,18.100000000000122,156.05000000000123,23.000000000000192,0,170.55000000000453,0.25,0,68.00000000000043,100.00000000000051
J000643,2023-01-03/MMPL,MMPL,AMR_30,G26_8,WS_13_20,"[""107159"", ""110186"", ""112292"", ""124211"", ""137523""]",5,3813.2000000051066,4165.150000006387,3971.850000005684,3813.2000000051066,3826.200000005154,3830.2500000051687,3961.750000005647,3961.8000000056472,3971.8000000056836,3971.850000005684,4161.100000006372,4165.150000006387,18.100000000000122,114.84999999999562,17.15000000000011,0,201.6000000000116,0.25,0,8.0,108.0000000000006
J000644,2023-01-03/KTUN,KTUN,AMR_08,G38_9,WS_8_20,"[""140089""]",1,3830.350000005169,4116.60000000621,4027.950000005888,3830.350000005169,3858.2500000052705,3862.3000000052853,4017.850000005851,4017.9000000058513,4027.9000000058877,4027.950000005888,4112.550000006196,4116.60000000621,18.100000000000122,175.10000000000556,21.000000000000163,0,71.79999999999806,0.25,0,20.0,175.99999999999508
J000645,2023-01-03/KPAS,KPAS,AMR_26,G15_12,WS_30_20,"[""110603"", ""117432""]",2,3833.40000000518,4214.150000006565,4167.650000006396,3833.40000000518,3855.850000005262,3859.9000000052765,4157.550000006359,4157.60000000636,4167.600000006396,4167.650000006396,4210.1000000065505,4214.150000006565,18.100000000000122,133.29999999999606,19.100000000000136,0,210.0000000000135,0.25,0,20.0,120.00000000000011
J000646,2023-01-03/MMPL,MMPL,AMR_02,G14_9,WS_13_20,"[""110262"", ""111239"", ""123035""]",3,3836.6000000051918,3994.3000000057655,3954.9500000056223,3836.6000000051918,3869.8000000053125,3873.8500000053273,3944.8500000055856,3944.9000000055858,3954.900000005622,3954.9500000056223,3990.2500000057507,3994.3000000057655,18.100000000000122,85.84999999999727,14.300000000000068,0,39.19999999999991,0.25,0,29.999999999999982,60.00000000000058
J000647,2023-01-03/KOLA,KOLA,AMR_34,G28_2,WS_19_20,"[""113093""]",1,3839.0500000052007,4055.200000005987,3995.2000000057687,3839.0500000052007,3877.1500000053393,3881.200000005354,3985.100000005732,3985.150000005732,3995.1500000057686,3995.2000000057687,4051.1500000059723,4055.200000005987,18.100000000000122,130.4499999999954,18.150000000000123,0,49.19999999999934,0.25,0,40.0,112.00000000000107
J000648,2023-01-03/KPAS,KPAS,AMR_24,G35_13,WS_30_20,"[""107255""]",1,3848.450000005235,4016.5500000058464,3981.75000000572,3848.450000005235,3929.55000000553,3933.6000000055446,3971.650000005683,3971.7000000056833,3981.7000000057196,3981.75000000572,4012.5000000058317,4016.5500000058464,18.100000000000122,97.84999999999658,17.25000000000011,0,34.65000000000017,0.25,0,52.00000000000074,52.00000000000021
J000649,2023-01-03/MMPL,MMPL,AMR_13,G17_9,WS_13_20,"[""101180"", ""107281"", ""107459""]",3,3853.100000005252,4155.900000006353,4023.00000000587,3853.100000005252,3913.650000005472,3917.700000005487,4012.900000005833,4012.9500000058333,4022.9500000058697,4023.00000000587,4151.850000006339,4155.900000006353,18.100000000000122,110.79999999999585,17.20000000000011,0,156.45000000000132,0.25,0,50.000000000000384,64.00000000000057
J000650,2023-01-03/KOLA,KOLA,AMR_32,G38_10,WS_19_20,"[""127570""]",1,3860.4500000052785,4361.700000007102,4273.450000006781,3860.4500000052785,3924.950000005513,3929.000000005528,4263.350000006744,4263.400000006744,4273.400000006781,4273.450000006781,4357.650000007087,4361.700000007102,18.100000000000122,211.65000000001388,27.650000000000258,0,243.60000000002114,0.25,0,78.0,155.99999999999682
J000651,2023-01-03/KPAS,KPAS,AMR_18,G36_12,WS_30_20,"[""110157""]",1,3860.85000000528,4007.050000005812,3964.700000005658,3860.85000000528,3916.050000005481,3920.1000000054955,3954.600000005621,3954.650000005621,3964.6500000056576,3964.700000005658,4003.000000005797,4007.050000005812,18.100000000000122,108.54999999999598,11.400000000000027,0,7.89999999999998,0.25,0,58.0,68.0000000000003
J000652,2023-01-03/MMPL,MMPL,AMR_37,G9_7,WS_13_20,"[""110542"", ""111238"", ""121833""]",4,3863.4000000052893,4135.250000006278,3988.900000005746,3863.4000000052893,3887.750000005378,3891.8000000053926,3978.800000005709,3978.8500000057093,3988.8500000057456,3988.900000005746,4131.2000000062635,4135.250000006278,18.100000000000122,96.34999999999667,13.350000000000055,0,143.79999999999845,0.25,0,20.00000000000003,76.00000000000074
J000653,2023-01-03/KTUN,KTUN,AMR_15,G0_15,WS_8_20,"[""110316"", ""124702""]",3,3876.4500000053367,3955.2500000056234,3924.650000005512,3876.4500000053367,3876.4500000053367,3880.5000000053515,3914.5500000054753,3914.6000000054755,3924.600000005512,3924.650000005512,3951.2000000056087,3955.2500000056234,18.100000000000122,52.39999999999916,7.649999999999981,0,0.44999999999999996,0.2,0,0.0,60.00000000000031
J000654,2023-01-03/KTUN,KTUN,AMR_23,G35_8,WS_8_20,"[""112359""]",3,3898.550000005417,4228.350000006617,4130.050000006259,3898.550000005417,3898.550000005417,3902.600000005432,4119.950000006223,4120.000000006223,4130.000000006259,4130.050000006259,4224.300000006602,4228.350000006617,18.100000000000122,138.2999999999972,9.55,0,163.65000000000296,0.2,0,0.0,163.99999999999667
J000655,2023-01-03/KOMA,KOMA,AMR_04,G32_8,WS_25_20,"[""138355""]",1,3908.2000000054522,4180.500000006443,4129.250000006256,3908.2000000054522,3908.2000000054522,3912.250000005467,4119.15000000622,4119.20000000622,4129.200000006256,4129.250000006256,4176.450000006428,4180.500000006443,18.100000000000122,81.7999999999975,11.450000000000028,0,160.7500000000023,0.2,0,0.0,84.00000000000054
J000656,2023-01-03/KPAS,KPAS,AMR_16,G35_10,WS_30_20,"[""117025""]",1,3935.950000005553,4040.050000005932,3998.800000005782,3935.950000005553,3940.1500000055685,3944.200000005583,3988.700000005745,3988.7500000057453,3998.7500000057817,3998.800000005782,4036.000000005917,4040.050000005932,18.100000000000122,63.44999999999853,10.450000000000014,0,11.850000000000033,0.25,0,2.0,64.0000000000004
J000657,2023-01-03/MMPL,MMPL,AMR_21,G39_9,WS_13_20,"[""110461"", ""110847"", ""112374""]",3,3955.0000000056225,4279.800000006804,4192.950000006488,3955.0000000056225,4022.6000000058684,4026.650000005883,4182.850000006451,4182.900000006452,4192.900000006488,4192.950000006488,4275.750000006789,4279.800000006804,18.100000000000122,188.75000000000867,23.000000000000192,0,94.69999999999676,0.25,0,46.00000000000004,175.99999999999525
J000658,2023-01-03/KOLA,KOLA,AMR_15,G0_9,WS_19_20,"[""121807""]",1,3955.9000000056258,4130.700000006262,4072.6500000060505,3955.9000000056258,3974.8500000056947,3978.9000000057094,4062.5500000060138,4062.600000006014,4072.6000000060503,4072.6500000060505,4126.650000006247,4130.700000006262,18.100000000000122,123.04999999999515,14.300000000000068,0,19.100000000000136,0.25,0,16.000000000000004,128.00000000000193
J000659,2023-01-03/KPAS,KPAS,AMR_31,G35_9,WS_30_20,"[""110480""]",1,3964.750000005658,4198.300000006508,4097.100000006139,3964.750000005658,4033.450000005908,4037.5000000059226,4087.0000000061027,4087.050000006103,4097.050000006139,4097.100000006139,4194.250000006493,4198.300000006508,18.100000000000122,115.1499999999956,17.20000000000011,0,82.84999999999744,0.25,0,54.00000000000041,68.00000000000058
J000660,2023-01-03/KTUN,KTUN,AMR_01,G38_13,WS_8_20,"[""107204""]",2,3970.6000000056792,4283.650000006818,4173.700000006418,3970.6000000056792,3970.6000000056792,3974.650000005694,4163.600000006381,4163.650000006382,4173.650000006418,4173.700000006418,4279.600000006803,4283.650000006818,18.100000000000122,175.05000000000555,15.250000000000082,0,104.44999999999621,0.2,0,0.0,207.99999999999412
J000661,2023-01-03/MMPL,MMPL,AMR_06,G17_13,WS_13_20,"[""110492"", ""112394""]",2,3971.900000005684,4160.45000000637,4107.700000006178,3971.900000005684,3998.2000000057797,4002.2500000057944,4097.600000006141,4097.650000006141,4107.650000006178,4107.700000006178,4156.400000006355,4160.45000000637,18.100000000000122,71.54999999999808,15.300000000000082,0,83.34999999999741,0.25,0,18.0,48.0000000000004
J000662,2023-01-03/KOLA,KOLA,AMR_05,G6_1,WS_19_20,"[""113203""]",2,3972.6000000056865,4153.7500000063455,4089.550000006112,3972.6000000056865,3985.5000000057335,3989.550000005748,4079.4500000060752,4079.5000000060754,4089.500000006112,4089.550000006112,4149.700000006331,4153.7500000063455,18.100000000000122,125.99999999999498,16.250000000000096,0,20.550000000000157,0.25,0,6.0,140.00000000000114
J000663,2023-01-03/KPAS,KPAS,AMR_38,G23_13,WS_30_20,"[""134660""]",1,3981.80000000572,4192.950000006488,4150.600000006334,3981.80000000572,3981.80000000572,3985.8500000057347,4140.500000006297,4140.5500000062975,4150.550000006334,4150.600000006334,4188.900000006473,4192.950000006488,18.100000000000122,74.29999999999792,11.450000000000028,0,107.09999999999606,0.2,0,0.0,76.00000000000014
J000664,2023-01-03/MMPL,MMPL,AMR_40,G9_13,WS_13_20,"[""101328"", ""110219""]",3,3988.950000005746,4183.050000006452,4124.75000000624,3988.950000005746,4024.8500000058766,4028.9000000058913,4114.650000006203,4114.7000000062035,4124.70000000624,4124.75000000624,4179.000000006437,4183.050000006452,18.100000000000122,86.34999999999724,15.300000000000082,0,74.09999999999793,0.25,0,32.0,52.00000000000013
J000665,2023-01-03/KPAS,KPAS,AMR_20,G26_7,WS_30_20,"[""101273""]",1,3998.850000005782,4188.900000006473,4120.150000006223,3998.850000005782,4021.2000000058633,4025.250000005878,4110.050000006187,4110.100000006187,4120.100000006223,4120.150000006223,4184.850000006459,4188.900000006473,18.100000000000122,112.34999999999576,20.10000000000015,0,39.24999999999991,0.25,0,16.0,100.00000000000088
J000666,2023-01-03/KOLA,KOLA,AMR_03,G6_9,WS_19_20,"[""101109""]",1,4000.3500000057875,4161.400000006373,4106.600000006174,4000.3500000057875,4000.3500000057875,4004.400000005802,4096.500000006137,4096.550000006137,4106.550000006174,4106.600000006174,4157.350000006359,4161.400000006373,18.100000000000122,94.59999999999677,9.55,0,38.599999999999945,0.2,0,0.0,104.00000000000114
J000667,2023-01-03/MMPL,MMPL,AMR_02,G9_12,WS_13_20,"[""110502"", ""112284""]",2,4006.000000005808,4191.4000000064825,4158.850000006364,4006.000000005808,4055.9000000059896,4059.9500000060043,4148.750000006327,4148.8000000063275,4158.800000006364,4158.850000006364,4187.350000006468,4191.4000000064825,18.100000000000122,96.34999999999667,17.25000000000011,0,53.4499999999991,0.25,0,44.00000000000037,56.00000000000021
J000668,2023-01-03/KPAS,KPAS,AMR_35,G23_8,WS_30_20,"[""125583""]",1,4015.900000005844,4234.0000000066375,4184.700000006458,4015.900000005844,4067.5000000060318,4071.5500000060465,4174.600000006421,4174.650000006422,4184.650000006458,4184.700000006458,4229.950000006623,4234.0000000066375,18.100000000000122,126.44999999999496,19.100000000000136,0,54.19999999999906,0.25,0,40.00000000000013,92.00000000000043
J000669,2023-01-03/MMPL,MMPL,AMR_22,G11_10,WS_13_20,"[""110233"", ""112203""]",2,4023.05000000587,4213.400000006563,4175.900000006426,4023.05000000587,4049.650000005967,4053.7000000059816,4165.800000006389,4165.85000000639,4175.850000006426,4175.900000006426,4209.350000006548,4213.400000006563,18.100000000000122,85.94999999999726,16.250000000000096,0,69.79999999999818,0.25,0,22.0,60.00000000000044
J000670,2023-01-03/KPAS,KPAS,AMR_17,G18_10,WS_30_20,"[""107323""]",1,4097.15000000614,4326.200000006973,4241.350000006664,4097.15000000614,4125.850000006244,4129.900000006259,4231.2500000066275,4231.300000006628,4241.300000006664,4241.350000006664,4322.150000006958,4326.200000006973,18.100000000000122,114.99999999999561,16.250000000000096,0,79.44999999999763,0.25,0,26.0,96.00000000000014
J000671,2023-01-03/MMPL,MMPL,AMR_09,G9_9,WS_13_20,"[""111229"", ""111281""]",3,4107.750000006178,4252.100000006703,4210.00000000655,4107.750000006178,4126.600000006247,4130.6500000062615,4199.900000006513,4199.950000006514,4209.95000000655,4210.00000000655,4248.050000006689,4252.100000006703,18.100000000000122,88.09999999999714,11.450000000000028,0,26.45000000000024,0.25,0,14.0,76.00000000000085
J000672,2023-01-03/KLGU,KLGU,AMR_39,G11_12,WS_2_20,"[""123034""]",1,4108.900000006182,4246.1000000066815,4187.300000006468,4108.900000006182,4136.850000006284,4140.900000006299,4177.200000006431,4177.250000006431,4187.250000006467,4187.300000006468,4242.050000006667,4246.1000000066815,18.100000000000122,91.89999999999692,12.400000000000041,0,14.550000000000072,0.25,0,24.0,76.00000000000074
J000673,2023-01-03/KLGU,KLGU,AMR_10,G14_12,WS_2_20,"[""124208""]",1,4108.900000006182,4539.350000007748,4467.400000007487,4108.900000006182,4411.200000007282,4415.250000007297,4457.30000000745,4457.35000000745,4467.350000007486,4467.400000007487,4535.300000007734,4539.350000007748,18.100000000000122,273.850000000028,35.40000000000013,0,102.8499999999963,0.25,0,227.99999999999443,88.00000000000105
J000674,2023-01-03/KLGU,KLGU,AMR_27,G11_2,WS_2_20,"[""110569""]",1,4108.900000006182,4290.100000006842,4231.550000006629,4108.900000006182,4151.100000006336,4155.150000006351,4221.450000006592,4221.500000006592,4231.500000006628,4231.550000006629,4286.050000006827,4290.100000006842,18.100000000000122,122.74999999999517,13.400000000000055,0,26.700000000000244,0.25,0,36.00000000000003,112.00000000000223
J000675,2023-01-03/KLGU,KLGU,AMR_12,G20_10,WS_2_20,"[""107230""]",1,4108.900000006182,4345.550000007043,4285.900000006826,4108.900000006182,4159.350000006366,4163.400000006381,4275.80000000679,4275.85000000679,4285.850000006826,4285.900000006826,4341.500000007029,4345.550000007043,18.100000000000122,139.89999999999756,16.200000000000095,0,62.1999999999986,0.25,0,44.0,116.00000000000193
J000676,2023-01-03/KLGU,KLGU,AMR_34,G21_9,WS_2_20,"[""112356""]",1,4108.900000006182,4349.400000007057,4248.50000000669,4108.900000006182,4139.050000006292,4143.100000006307,4238.4000000066535,4238.450000006654,4248.45000000669,4248.50000000669,4345.350000007043,4349.400000007057,18.100000000000122,164.40000000000313,16.250000000000096,0,41.49999999999978,0.25,0,27.999999999999996,168.0000000000003
J000677,2023-01-03/KLGU,KLGU,AMR_16,G26_13,WS_2_20,"[""214618""]",1,4108.900000006182,4305.450000006897,4212.900000006561,4108.900000006182,4138.950000006292,4143.000000006306,4202.800000006524,4202.850000006524,4212.850000006561,4212.900000006561,4301.400000006883,4305.450000006897,18.100000000000122,139.49999999999747,16.250000000000096,0,22.450000000000184,0.25,0,28.0,132.00000000000162
J000678,2023-01-03/KOMA,KOMA,AMR_25,G9_10,WS_25_20,"[""107293""]",1,4119.35000000622,4306.700000006902,4219.800000006586,4119.35000000622,4119.35000000622,4123.400000006235,4209.700000006549,4209.750000006549,4219.750000006586,4219.800000006586,4302.650000006887,4306.700000006902,18.100000000000122,98.44999999999655,11.400000000000027,0,59.199999999998774,0.2,0,0.0,112.00000000000057
J000679,2023-01-03/KPAS,KPAS,AMR_28,G38_12,WS_30_20,"[""110522""]",1,4120.2000000062235,4280.950000006808,4224.400000006603,4120.2000000062235,4120.2000000062235,4124.250000006238,4214.300000006566,4214.350000006566,4224.350000006602,4224.400000006603,4276.900000006794,4280.950000006808,18.100000000000122,81.6499999999975,11.450000000000028,0,49.34999999999933,0.2,0,0.0,84.00000000000043
J000680,2023-01-03/MMPL,MMPL,AMR_08,G38_9,WS_13_20,"[""101182"", ""110526"", ""140089""]",3,4124.80000000624,4309.900000006914,4227.050000006612,4124.80000000624,4124.80000000624,4128.850000006255,4216.9500000065755,4217.000000006576,4227.000000006612,4227.050000006612,4305.850000006899,4309.900000006914,18.100000000000122,127.64999999999489,11.450000000000028,0,27.70000000000026,0.2,0,0.0,147.99999999999815
J000681,2023-01-03/MMPL,MMPL,AMR_36,G18_9,WS_13_20,"[""110360"", ""111303""]",2,4141.850000006302,4354.900000007077,4261.150000006736,4141.850000006302,4193.35000000649,4197.400000006504,4251.0500000066995,4251.1000000067,4261.100000006736,4261.150000006736,4350.850000007063,4354.900000007077,18.100000000000122,136.74999999999685,19.100000000000136,0,38.84999999999993,0.25,0,40.00000000000004,108.00000000000134
J000682,2023-01-03/KPAS,KPAS,AMR_24,G30_2,WS_30_20,"[""110609""]",1,4150.650000006334,4306.1000000069,4258.400000006726,4150.650000006334,4183.350000006453,4187.400000006468,4248.3000000066895,4248.35000000669,4258.350000006726,4258.400000006726,4302.050000006885,4306.1000000069,18.100000000000122,104.6499999999962,16.250000000000096,0,16.200000000000095,0.25,0,32.0,88.00000000000115
J000683,2023-01-03/MMPL,MMPL,AMR_13,G23_12,WS_13_20,"[""101075"", ""112036""]",2,4158.900000006364,4300.350000006879,4244.100000006674,4158.900000006364,4185.10000000646,4189.150000006474,4234.0000000066375,4234.050000006638,4244.050000006674,4244.100000006674,4296.300000006864,4300.350000006879,18.100000000000122,95.04999999999674,13.350000000000055,0,14.700000000000074,0.25,0,22.0,76.00000000000034
J000684,2023-01-03/KPAS,KPAS,AMR_30,G27_2,WS_30_20,"[""110444""]",2,4167.700000006396,4328.800000006982,4275.450000006788,4167.700000006396,4191.450000006483,4195.500000006497,4265.3500000067515,4265.400000006752,4275.400000006788,4275.450000006788,4324.750000006968,4328.800000006982,18.100000000000122,104.6999999999962,18.150000000000123,0,19.900000000000148,0.25,0,17.999999999999996,92.00000000000112
J000685,2023-01-03/MMPL,MMPL,AMR_15,G3_12,WS_13_20,"[""107290"", ""134611""]",2,4175.950000006426,4335.600000007007,4295.25000000686,4175.950000006426,4195.650000006498,4199.700000006513,4285.150000006824,4285.200000006824,4295.20000000686,4295.25000000686,4331.550000006992,4335.600000007007,18.100000000000122,92.64999999999688,15.300000000000082,0,33.35000000000024,0.25,0,12.0,84.00000000000098
J000686,2023-01-03/KPAS,KPAS,AMR_06,G15_9,WS_30_20,"[""110313""]",1,4184.750000006458,4400.650000007244,4334.400000007003,4184.750000006458,4209.050000006547,4213.1000000065615,4324.300000006966,4324.350000006966,4334.350000007003,4334.400000007003,4396.600000007229,4400.650000007244,18.100000000000122,120.3499999999953,15.300000000000082,0,61.89999999999862,0.25,0,12.0,112.00000000000048
J000687,2023-01-03/KLGU,KLGU,AMR_03,G0_9,WS_2_20,"[""110155""]",1,4187.350000006468,4297.450000006868,4268.9000000067645,4187.350000006468,4217.750000006578,4221.800000006593,4258.800000006728,4258.850000006728,4268.850000006764,4268.9000000067645,4293.400000006854,4297.450000006868,18.100000000000122,75.59999999999785,13.400000000000055,0,2.7499999999999982,0.25,0,23.999999999999954,60.00000000000056
J000688,2023-01-03/MMPL,MMPL,AMR_04,G32_8,WS_13_20,"[""101018"", ""107232"", ""110511"", ""110513""]",4,4193.000000006488,4388.100000007198,4278.200000006798,4193.000000006488,4193.000000006488,4197.050000006503,4268.100000006762,4268.150000006762,4278.150000006798,4278.200000006798,4384.050000007183,4388.100000007198,18.100000000000122,111.19999999999582,11.450000000000028,0,54.14999999999906,0.2,0,0.0,128.00000000000057
J000689,2023-01-03/KPAS,KPAS,AMR_11,G14_10,WS_30_20,"[""110422""]",1,4201.80000000652,4532.450000007723,4351.350000007064,4201.80000000652,4214.850000006568,4218.900000006583,4341.250000007028,4341.300000007028,4351.300000007064,4351.350000007064,4528.4000000077085,4532.450000007723,18.100000000000122,131.2999999999956,18.100000000000122,0,162.9000000000028,0.25,0,6.0,116.00000000000031
J000690,2023-01-03/MMPL,MMPL,AMR_02,G6_9,WS_13_20,"[""110618"", ""115181""]",2,4210.05000000655,4397.350000007232,4338.350000007017,4210.05000000655,4228.950000006619,4233.000000006634,4328.25000000698,4328.300000006981,4338.300000007017,4338.350000007017,4393.300000007217,4397.350000007232,18.100000000000122,97.4499999999966,15.250000000000082,0,56.24999999999894,0.25,0,12.0,84.00000000000074
J000691,2023-01-03/KLGU,KLGU,AMR_14,G17_9,WS_2_20,"[""107259""]",1,4212.950000006561,4406.950000007267,4353.150000007071,4212.950000006561,4269.4500000067665,4273.500000006781,4343.050000007034,4343.100000007034,4353.100000007071,4353.150000007071,4402.900000007252,4406.950000007267,18.100000000000122,137.8499999999971,19.150000000000137,0,18.65000000000013,0.25,0,50.0000000000004,108.00000000000188
J000692,2023-01-03/SEBR,SEBR,AMR_26,G20_9,WS_25_20,"[""110274"", ""110597"", ""125547""]",3,4219.850000006586,4422.900000007325,4368.400000007126,4219.850000006586,4298.0500000068705,4302.100000006885,4358.30000000709,4358.35000000709,4368.350000007126,4368.400000007126,4418.85000000731,4422.900000007325,18.100000000000122,108.99999999999595,17.20000000000011,0,58.49999999999881,0.25,0,36.00000000000003,80.00000000000051
J000693,2023-01-03/SEBR,SEBR,AMR_22,G17_10,WS_25_20,"[""110297"", ""110604"", ""124208""]",3,4219.850000006586,4419.0000000073105,4352.150000007067,4219.850000006586,4276.200000006791,4280.250000006806,4342.050000007031,4342.100000007031,4352.100000007067,4352.150000007067,4414.950000007296,4419.0000000073105,18.100000000000122,99.99999999999646,19.200000000000138,0,61.59999999999864,0.25,0,20.0,80.00000000000028
J000694,2023-01-03/SEBR,SEBR,AMR_18,G29_6,WS_25_20,"[""110166"", ""110450"", ""121833""]",3,4219.850000006586,4376.450000007156,4316.250000006937,4219.850000006586,4263.400000006744,4267.450000006759,4306.1500000069,4306.2000000069,4316.2000000069365,4316.250000006937,4372.400000007141,4376.450000007156,18.100000000000122,109.59999999999592,15.250000000000082,0,13.400000000000055,0.25,0,42.00000000000013,80.00000000000088
J000695,2023-01-03/SEBR,SEBR,AMR_38,G23_15,WS_25_20,"[""112432"", ""132437""]",2,4219.850000006586,4302.500000006887,4284.8500000068225,4219.850000006586,4246.1000000066815,4250.150000006696,4274.750000006786,4274.800000006786,4284.800000006822,4284.8500000068225,4298.450000006872,4302.500000006887,18.100000000000122,42.8499999999997,8.599999999999987,0,12.850000000000048,0.25,0,8.0,36.00000000000003
J000696,2023-01-03/SEBR,SEBR,AMR_20,G23_9,WS_25_20,"[""101067"", ""110588""]",2,4219.850000006586,4356.200000007082,4300.75000000688,4219.850000006586,4236.150000006645,4240.20000000666,4290.650000006844,4290.700000006844,4300.70000000688,4300.75000000688,4352.150000007067,4356.200000007082,18.100000000000122,77.84999999999772,13.400000000000055,0,26.750000000000245,0.25,0,10.0,64.00000000000023
J000697,2023-01-03/SEBR,SEBR,AMR_31,G23_7,WS_25_20,"[""110569"", ""112010""]",2,4219.850000006586,4467.350000007486,4336.700000007011,4219.850000006586,4265.700000006753,4269.750000006768,4326.600000006974,4326.650000006975,4336.650000007011,4336.700000007011,4463.300000007472,4467.350000007486,18.100000000000122,140.84999999999778,22.95000000000019,0,65.34999999999843,0.25,0,48.000000000000206,104.00000000000085
J000698,2023-01-03/KPAS,KPAS,AMR_33,G38_8,WS_30_20,"[""107328""]",1,4224.450000006603,4349.700000007058,4292.50000000685,4224.450000006603,4224.450000006603,4228.5000000066175,4282.400000006814,4282.450000006814,4292.45000000685,4292.50000000685,4345.650000007044,4349.700000007058,18.100000000000122,75.34999999999786,9.55,0,22.05000000000018,0.2,0,0.0,84.00000000000044
J000699,2023-01-03/MMPL,MMPL,AMR_40,G20_8,WS_13_20,"[""107254"", ""107274""]",2,4227.100000006612,4452.2500000074315,4400.8500000072445,4227.100000006612,4305.850000006899,4309.900000006914,4390.750000007208,4390.800000007208,4400.800000007244,4400.8500000072445,4448.200000007417,4452.2500000074315,18.100000000000122,111.5499999999958,15.300000000000082,0,79.9499999999976,0.25,0,32.0,80.00000000000068
J000700,2023-01-03/KLGU,KLGU,AMR_23,G26_9,WS_2_20,"[""110374""]",1,4231.600000006629,4530.900000007718,4410.7500000072805,4231.600000006629,4278.8000000068005,4282.850000006815,4400.650000007244,4400.700000007244,4410.70000000728,4410.7500000072805,4526.850000007703,4530.900000007718,18.100000000000122,192.15000000000944,17.20000000000011,0,71.59999999999808,0.25,0,32.0,179.99999999999997
J000701,2023-01-03/KTUN,KTUN,AMR_19,G32_9,WS_8_20,"[""101327""]",1,4235.050000006641,4486.550000007556,4392.300000007213,4235.050000006641,4235.050000006641,4239.100000006656,4382.200000007177,4382.250000007177,4392.250000007213,4392.300000007213,4482.5000000075415,4486.550000007556,18.100000000000122,137.0499999999969,9.55,0,86.59999999999722,0.2,0,0.0,147.99999999999872
J000702,2023-01-03/KPAS,KPAS,AMR_37,G14_9,WS_30_20,"[""110262""]",1,4241.400000006664,4458.3000000074535,4374.500000007149,4241.400000006664,4288.1500000068345,4292.200000006849,4364.400000007112,4364.450000007112,4374.450000007148,4374.500000007149,4454.250000007439,4458.3000000074535,18.100000000000122,142.54999999999816,17.20000000000011,0,38.79999999999993,0.25,0,22.0,124.00000000000045
J000703,2023-01-03/MMPL,MMPL,AMR_35,G35_8,WS_13_20,"[""101014"", ""101134"", ""112359""]",3,4244.150000006674,4503.300000007617,4438.600000007382,4244.150000006674,4347.850000007052,4351.900000007066,4428.500000007345,4428.550000007345,4438.550000007382,4438.600000007382,4499.2500000076025,4503.300000007617,18.100000000000122,188.35000000000858,19.150000000000137,0,33.300000000000246,0.25,0,80.000000000001,139.99999999999935
J000704,2023-01-03/KLGU,KLGU,AMR_29,G26_2,WS_2_20,"[""110599""]",1,4248.55000000669,4507.800000007634,4393.800000007219,4248.55000000669,4284.400000006821,4288.450000006836,4383.700000007182,4383.750000007182,4393.750000007219,4393.800000007219,4503.750000007619,4507.800000007634,18.100000000000122,173.15000000000512,15.200000000000081,0,52.54999999999915,0.25,0,38.0,171.9999999999969
J000705,2023-01-03/KTUN,KTUN,AMR_07,G17_12,WS_8_20,"[""110540""]",2,4258.250000006726,4406.150000007264,4338.600000007018,4258.250000006726,4258.250000006726,4262.30000000674,4328.500000006981,4328.5500000069815,4338.550000007018,4338.600000007018,4402.100000007249,4406.150000007264,18.100000000000122,74.44999999999791,10.450000000000014,0,44.6999999999996,0.2,0,0.0,76.00000000000077
J000706,2023-01-03/KPAS,KPAS,AMR_39,G12_9,WS_30_20,"[""110525""]",1,4258.450000006726,4625.950000008063,4476.300000007519,4258.450000006726,4323.200000006962,4327.250000006977,4466.200000007482,4466.250000007482,4476.250000007519,4476.300000007519,4621.900000008049,4625.950000008063,18.100000000000122,163.25000000000287,21.900000000000176,0,164.00000000000304,0.25,0,32.0,151.9999999999983
J000707,2023-01-03/MMPL,MMPL,AMR_09,G3_10,WS_13_20,"[""101024"", ""107301""]",2,4261.200000006736,4426.900000007339,4383.8000000071825,4261.200000006736,4306.3000000069005,4310.350000006915,4373.700000007146,4373.750000007146,4383.750000007182,4383.8000000071825,4422.8500000073245,4426.900000007339,18.100000000000122,112.34999999999576,15.250000000000082,0,19.750000000000146,0.25,0,38.000000000000114,88.0000000000013
J000708,2023-01-03/KULA,KULA,AMR_05,G11_12,WS_19_20,"[""110178"", ""110298""]",2,4273.500000006781,4428.3500000073445,4368.100000007125,4273.500000006781,4311.65000000692,4315.700000006935,4358.000000007089,4358.050000007089,4368.050000007125,4368.100000007125,4424.30000000733,4428.3500000073445,18.100000000000122,102.14999999999634,13.300000000000054,0,21.050000000000164,0.25,0,31.999999999999986,80.00000000000065
J000709,2023-01-03/KULA,KULA,AMR_21,G29_7,WS_19_20,"[""110355"", ""111224""]",2,4279.850000006804,4525.250000007697,4454.000000007438,4279.850000006804,4355.850000007081,4359.9000000070955,4443.900000007401,4443.950000007401,4453.950000007438,4454.000000007438,4521.200000007682,4525.250000007697,18.100000000000122,154.5500000000009,21.050000000000164,0,51.449999999999214,0.25,0,68.00000000000082,100.00000000000071
J000710,2023-01-03/KULA,KULA,AMR_28,G12_12,WS_19_20,"[""101191""]",1,4281.0000000068085,4795.000000008678,4747.300000008505,4281.0000000068085,4639.700000008113,4643.750000008128,4737.200000008468,4737.250000008468,4747.250000008505,4747.300000008505,4790.950000008664,4795.000000008678,18.100000000000122,200.25000000001128,27.70000000000026,0,267.7000000000266,0.25,0,136.00000000000068,68.00000000000037
J000711,2023-01-03/KULA,KULA,AMR_01,G23_8,WS_19_20,"[""125583""]",1,4283.700000006818,4442.000000007394,4392.400000007214,4283.700000006818,4340.250000007024,4344.300000007039,4382.300000007177,4382.350000007177,4392.350000007214,4392.400000007214,4437.9500000073795,4442.000000007394,18.100000000000122,100.54999999999643,17.20000000000011,0,22.20000000000018,0.25,0,44.00000000000013,68.00000000000054
J000712,2023-01-03/KULA,KULA,AMR_27,G6_8,WS_19_20,"[""111356""]",1,4290.150000006842,4463.500000007472,4409.6500000072765,4290.150000006842,4318.450000006945,4322.500000006959,4399.55000000724,4399.60000000724,4409.600000007276,4409.6500000072765,4459.450000007458,4463.500000007472,18.100000000000122,119.49999999999535,16.200000000000095,0,19.30000000000014,0.25,0,22.000000000000007,108.00000000000128
J000713,2023-01-03/KPAS,KPAS,AMR_03,G9_9,WS_30_20,"[""111281""]",1,4297.5000000068685,4640.350000008116,4536.000000007736,4297.5000000068685,4331.650000006993,4335.7000000070075,4525.900000007699,4525.9500000077,4535.950000007736,4536.000000007736,4636.300000008101,4640.350000008116,18.100000000000122,176.35000000000585,19.100000000000136,0,129.0499999999951,0.25,0,25.99999999999995,159.99999999999784
J000714,2023-01-03/MMPL,MMPL,AMR_13,G0_14,WS_13_20,"[""110336"", ""123094""]",2,4300.400000006879,4512.550000007651,4463.950000007474,4300.400000006879,4400.150000007242,4404.200000007257,4453.850000007437,4453.9000000074375,4463.900000007474,4463.950000007474,4508.500000007636,4512.550000007651,18.100000000000122,130.14999999999534,15.300000000000082,0,48.34999999999939,0.25,0,58.00000000000053,84.0000000000009
J000715,2023-01-03/SEBR,SEBR,AMR_38,G35_12,WS_25_20,"[""101296"", ""111220""]",2,4302.550000006887,4483.950000007547,4402.800000007252,4302.550000006887,4336.50000000701,4340.550000007025,4392.700000007215,4392.750000007215,4402.750000007251,4402.800000007252,4479.900000007532,4483.950000007547,18.100000000000122,105.44999999999615,16.200000000000095,0,41.399999999999785,0.25,0,34.0,84.00000000000021
J000716,2023-01-03/KULA,KULA,AMR_16,G0_15,WS_19_20,"[""107317""]",1,4305.500000006898,4570.800000007863,4488.850000007565,4305.500000006898,4421.000000007318,4425.0500000073325,4478.750000007528,4478.800000007528,4488.800000007564,4488.850000007565,4566.750000007848,4570.800000007863,18.100000000000122,148.54999999999953,14.350000000000069,0,84.04999999999737,0.25,0,64.00000000000071,104.00000000000114
J000717,2023-01-03/KPAS,KPAS,AMR_24,G38_13,WS_30_20,"[""107204""]",1,4306.1500000069,4554.550000007804,4494.3000000075845,4306.1500000069,4442.050000007394,4446.100000007409,4484.200000007548,4484.250000007548,4494.250000007584,4494.3000000075845,4550.500000007789,4554.550000007804,18.100000000000122,130.59999999999545,25.900000000000233,0,73.54999999999797,0.25,0,70.00000000000061,72.00000000000044
J000718,2023-01-03/MMPL,MMPL,AMR_25,G9_10,WS_13_20,"[""107380"", ""110583"", ""112086""]",4,4306.750000006902,4401.800000007248,4366.900000007121,4306.750000006902,4306.750000006902,4310.800000006917,4356.800000007084,4356.850000007084,4366.850000007121,4366.900000007121,4397.750000007233,4401.800000007248,18.100000000000122,60.949999999998674,9.55,0,6.249999999999986,0.2,0,0.0,64.0000000000005
J000719,2023-01-03/KLGU,KLGU,AMR_08,G38_9,WS_2_20,"[""112084""]",1,4309.950000006914,4548.15000000778,4450.450000007425,4309.950000006914,4309.950000006914,4314.0000000069285,4440.350000007388,4440.400000007388,4450.400000007425,4450.450000007425,4544.100000007766,4548.15000000778,18.100000000000122,176.90000000000597,13.400000000000055,0,29.600000000000286,0.2,0,0.0,219.99999999999235
J000720,2023-01-03/SEBR,SEBR,AMR_17,G26_7,WS_25_20,"[""101273"", ""124795""]",2,4326.250000006973,4511.200000007646,4426.250000007337,4326.250000006973,4366.150000007118,4370.200000007133,4416.1500000073,4416.2000000073,4426.200000007337,4426.250000007337,4507.150000007631,4511.200000007646,18.100000000000122,93.74999999999682,14.350000000000069,0,58.49999999999881,0.25,0,26.00000000000003,72.0000000000008
J000721,2023-01-03/KLGU,KLGU,AMR_30,G38_12,WS_2_20,"[""101028""]",1,4328.850000006983,4811.450000008738,4650.000000008151,4328.850000006983,4437.550000007378,4441.600000007393,4639.900000008114,4639.950000008114,4649.950000008151,4650.000000008151,4807.4000000087235,4811.450000008738,18.100000000000122,232.0500000000185,23.000000000000192,0,209.20000000001332,0.25,0,78.0000000000006,183.99999999999687
J000722,2023-01-03/KPAS,KPAS,AMR_15,G6_13,WS_30_20,"[""112347""]",1,4335.650000007007,4731.850000008449,4621.100000008046,4335.650000007007,4357.000000007085,4361.0500000071,4611.000000008009,4611.050000008009,4621.050000008046,4621.100000008046,4727.800000008434,4731.850000008449,18.100000000000122,172.30000000000493,22.85000000000019,0,182.7000000000073,0.25,0,16.0,167.9999999999968
J000723,2023-01-03/SEBR,SEBR,AMR_12,G30_2,WS_25_20,"[""107238"", ""110609"", ""134029""]",3,4345.6000000070435,4583.500000007909,4515.550000007662,4345.6000000070435,4451.95000000743,4456.000000007445,4505.450000007625,4505.500000007625,4515.500000007662,4515.550000007662,4579.450000007894,4583.500000007909,18.100000000000122,160.85000000000232,20.00000000000015,0,38.69999999999994,0.25,0,76.00000000000098,100.00000000000087
J000724,2023-01-03/MMPL,MMPL,AMR_34,G21_9,WS_13_20,"[""110152"", ""111345""]",2,4349.4500000070575,4473.600000007509,4421.450000007319,4349.4500000070575,4349.4500000070575,4353.500000007072,4411.350000007283,4411.400000007283,4421.400000007319,4421.450000007319,4469.550000007494,4473.600000007509,18.100000000000122,78.59999999999768,11.450000000000028,0,15.80000000000009,0.2,0,0.0,88.00000000000077
J000725,2023-01-03/SEBR,SEBR,AMR_33,G9_13,WS_25_20,"[""112404"", ""131980""]",2,4349.750000007059,4721.30000000841,4638.450000008109,4349.750000007059,4511.700000007648,4515.7500000076625,4628.350000008072,4628.400000008072,4638.400000008109,4638.450000008109,4717.250000008396,4721.30000000841,18.100000000000122,175.05000000000555,21.050000000000164,0,157.10000000000147,0.25,0,84.00000000000077,100.00000000000048
J000726,2023-01-03/KPAS,KPAS,AMR_36,G5_10,WS_30_20,"[""122814""]",1,4354.9500000070775,4663.050000008198,4558.600000007818,4354.9500000070775,4424.000000007329,4428.050000007343,4548.500000007782,4548.550000007782,4558.550000007818,4558.600000007818,4659.000000008184,4663.050000008198,18.100000000000122,193.45000000000974,18.150000000000123,0,78.1499999999977,0.25,0,72.00000000000097,147.99999999999915
J000727,2023-01-03/KLGU,KLGU,AMR_20,G38_8,WS_2_20,"[""123788""]",1,4356.250000007082,4792.80000000867,4690.250000008297,4356.250000007082,4476.60000000752,4480.650000007535,4680.150000008261,4680.200000008261,4690.200000008297,4690.250000008297,4788.750000008656,4792.80000000867,18.100000000000122,228.55000000001772,23.000000000000192,0,166.65000000000364,0.25,0,56.00000000000013,215.99999999999088
J000728,2023-01-03/SEBR,SEBR,AMR_32,G6_2,WS_25_20,"[""110283"", ""111330""]",2,4361.750000007102,4775.550000008608,4654.400000008167,4361.750000007102,4482.00000000754,4486.050000007554,4644.30000000813,4644.35000000813,4654.350000008167,4654.400000008167,4771.500000008593,4775.550000008608,18.100000000000122,238.25000000001992,19.050000000000136,0,138.14999999999716,0.25,0,120.00000000000192,155.99999999999847
J000729,2023-01-03/KULA,KULA,AMR_18,G3_12,WS_19_20,"[""110344""]",1,4376.500000007156,4650.4500000081525,4602.250000007977,4376.500000007156,4500.550000007607,4504.600000007622,4592.15000000794,4592.200000007941,4602.200000007977,4602.250000007977,4646.400000008138,4650.4500000081525,18.100000000000122,188.65000000000865,24.850000000000218,0,42.099999999999746,0.25,0,116.00000000000246,108.00000000000126
J000730,2023-01-03/MMPL,MMPL,AMR_04,G21_8,WS_13_20,"[""110193"", ""110231""]",2,4388.150000007198,4686.200000008283,4610.950000008009,4388.150000007198,4427.850000007343,4431.900000007357,4600.850000007972,4600.900000007972,4610.900000008009,4610.950000008009,4682.150000008268,4686.200000008283,18.100000000000122,123.34999999999513,15.300000000000082,0,141.04999999999782,0.25,0,34.0,92.00000000000071
J000731,2023-01-03/MMMR,MMMR,AMR_02,G9_8,WS_8_20,"[""107265""]",1,4397.400000007232,4529.350000007712,4480.500000007534,4397.400000007232,4425.6000000073345,4429.650000007349,4470.4000000074975,4470.450000007498,4480.450000007534,4480.500000007534,4525.300000007697,4529.350000007712,18.100000000000122,84.34999999999735,13.400000000000055,0,15.85000000000009,0.25,0,20.0,68.00000000000063
J000732,2023-01-03/MMMR,MMMR,AMR_06,G11_2,WS_8_20,"[""110569""]",1,4400.700000007244,4562.150000007831,4504.250000007621,4400.700000007244,4431.600000007356,4435.650000007371,4494.150000007584,4494.200000007584,4504.2000000076205,4504.250000007621,4558.100000007817,4562.150000007831,18.100000000000122,107.54999999999603,13.350000000000055,0,22.20000000000018,0.25,0,25.999999999999996,92.00000000000105
J000733,2023-01-03/MMMR,MMMR,AMR_25,G35_9,WS_8_20,"[""101202""]",1,4401.850000007248,4908.5500000090915,4748.250000008508,4401.850000007248,4566.0500000078455,4570.10000000786,4738.150000008472,4738.200000008472,4748.200000008508,4748.250000008508,4904.500000009077,4908.5500000090915,18.100000000000122,273.20000000002784,32.3500000000003,0,182.80000000000732,0.25,0,86.00000000000047,215.9999999999919
J000734,2023-01-03/SEBR,SEBR,AMR_07,G32_8,WS_25_20,"[""110513"", ""110519"", ""138355""]",3,4406.200000007264,4624.750000008059,4552.650000007797,4406.200000007264,4492.700000007579,4496.750000007593,4542.55000000776,4542.60000000776,4552.600000007797,4552.650000007797,4620.700000008044,4624.750000008059,18.100000000000122,132.5999999999959,17.20000000000011,0,50.399999999999274,0.25,0,62.000000000000526,84.00000000000068
J000735,2023-01-03/MMPL,MMPL,AMR_14,G3_9,WS_13_20,"[""110198"", ""125462""]",2,4407.000000007267,4693.250000008308,4645.050000008133,4407.000000007267,4517.150000007668,4521.200000007682,4634.950000008096,4635.000000008096,4645.000000008133,4645.050000008133,4689.2000000082935,4693.250000008308,18.100000000000122,145.2999999999988,19.150000000000137,0,103.44999999999627,0.25,0,68.00000000000124,92.0000000000011
J000736,2023-01-03/KLGU,KLGU,AMR_22,G17_12,WS_2_20,"[""112287""]",1,4419.050000007311,4573.600000007873,4524.0000000076925,4419.050000007311,4440.90000000739,4444.950000007405,4513.900000007656,4513.950000007656,4523.950000007692,4524.0000000076925,4569.550000007858,4573.600000007873,18.100000000000122,96.04999999999669,13.300000000000054,0,26.850000000000247,0.25,0,8.0,100.0000000000017
J000737,2023-01-03/MMPL,MMPL,AMR_26,G26_12,WS_13_20,"[""101183"", ""122632""]",2,4422.950000007325,4665.200000008206,4576.850000007885,4422.950000007325,4451.550000007429,4455.600000007444,4566.750000007848,4566.800000007848,4576.800000007885,4576.850000007885,4661.1500000081915,4665.200000008206,18.100000000000122,112.49999999999575,17.20000000000011,0,94.19999999999679,0.25,0,22.0,88.00000000000045
J000738,2023-01-03/SEBR,SEBR,AMR_09,G9_10,WS_25_20,"[""107224"", ""107293"", ""110227"", ""110382""]",4,4426.950000007339,4676.0000000082455,4568.600000007855,4426.950000007339,4472.800000007506,4476.850000007521,4558.500000007818,4558.550000007818,4568.550000007855,4568.600000007855,4671.950000008231,4676.0000000082455,18.100000000000122,132.49999999999588,15.250000000000082,0,82.94999999999743,0.25,0,16.0,124.00000000000082
J000739,2023-01-03/KPAS,KPAS,AMR_05,G3_15,WS_30_20,"[""112040""]",1,4428.400000007345,4770.100000008588,4684.950000008278,4428.400000007345,4566.700000007848,4570.750000007863,4674.850000008241,4674.9000000082415,4684.900000008278,4684.950000008278,4766.050000008573,4770.100000008588,18.100000000000122,170.70000000000456,15.300000000000082,0,137.34999999999698,0.25,0,54.00000000000047,136.00000000000017
J000740,2023-01-03/MMPL,MMPL,AMR_01,G23_8,WS_13_20,"[""101076"", ""101329""]",2,4442.050000007394,4657.0500000081765,4593.900000007947,4442.050000007394,4442.050000007394,4446.100000007409,4583.80000000791,4583.85000000791,4593.850000007947,4593.900000007947,4653.000000008162,4657.0500000081765,18.100000000000122,91.04999999999697,11.450000000000028,0,94.19999999999679,0.2,0,0.0,92.00000000000057
J000741,2023-01-03/KLGU,KLGU,AMR_40,G20_9,WS_2_20,"[""107457""]",1,4452.300000007432,4611.800000008012,4553.700000007801,4452.300000007432,4456.600000007447,4460.650000007462,4543.600000007764,4543.650000007764,4553.6500000078,4553.700000007801,4607.750000007997,4611.800000008012,18.100000000000122,106.84999999999607,11.400000000000027,0,22.90000000000019,0.25,0,2.0,120.00000000000205
J000742,2023-01-03/SEBR,SEBR,AMR_37,G15_9,WS_25_20,"[""107168"", ""110313""]",2,4458.350000007454,4597.55000000796,4536.900000007739,4458.350000007454,4461.700000007466,4465.750000007481,4526.800000007703,4526.850000007703,4536.850000007739,4536.900000007739,4593.500000007945,4597.55000000796,18.100000000000122,86.29999999999724,7.599999999999981,0,26.950000000000248,0.25,0,2.0,92.00000000000051
J000743,2023-01-03/MMPL,MMPL,AMR_27,G0_10,WS_13_20,"[""101281"", ""112006""]",3,4463.550000007473,4638.600000008109,4559.850000007823,4463.550000007473,4495.4000000075885,4499.450000007603,4549.750000007786,4549.800000007786,4559.800000007823,4559.850000007823,4634.550000008095,4638.600000008109,18.100000000000122,112.99999999999572,15.300000000000082,0,28.40000000000027,0.25,0,23.999999999999954,100.00000000000146
J000744,2023-01-03/MMPL,MMPL,AMR_31,G26_6,WS_13_20,"[""120448"", ""138468""]",2,4467.400000007487,4739.150000008475,4628.000000008071,4467.400000007487,4497.6000000075965,4501.650000007611,4617.900000008034,4617.950000008034,4627.950000008071,4628.000000008071,4735.1000000084605,4739.150000008475,18.100000000000122,139.99999999999758,19.100000000000136,0,94.29999999999679,0.25,0,24.000000000000007,124.00000000000148
J000745,2023-01-03/KPAS,KPAS,AMR_34,G6_8,WS_30_20,"[""111356""]",1,4476.350000007519,4878.750000008983,4753.550000008528,4476.350000007519,4541.6000000077565,4545.650000007771,4743.450000008491,4743.500000008491,4753.500000008527,4753.550000008528,4874.700000008968,4878.750000008983,18.100000000000122,235.25000000001924,22.90000000000019,0,125.89999999999499,0.25,0,68.00000000000122,211.9999999999906
J000746,2023-01-03/KLGU,KLGU,AMR_19,G32_9,WS_2_20,"[""130011""]",1,4486.600000007556,4749.4000000085125,4633.050000008089,4486.600000007556,4486.600000007556,4490.650000007571,4622.9500000080525,4623.000000008053,4633.000000008089,4633.050000008089,4745.350000008498,4749.4000000085125,18.100000000000122,156.25000000000128,15.300000000000082,0,72.949999999998,0.2,0,0.0,183.99999999999667
J000747,2023-01-03/KPAS,KPAS,AMR_38,G0_9,WS_30_20,"[""107395""]",1,4494.350000007585,4815.450000008753,4717.850000008398,4494.350000007585,4575.200000007879,4579.2500000078935,4707.750000008361,4707.800000008361,4717.800000008398,4717.850000008398,4811.400000008738,4815.450000008753,18.100000000000122,228.60000000001773,21.000000000000163,0,53.14999999999912,0.25,0,100.00000000000169,175.99999999999608
J000748,2023-01-03/KLGU,KLGU,AMR_35,G35_8,WS_2_20,"[""101134""]",1,4503.350000007617,4830.000000008806,4722.400000008414,4503.350000007617,4503.350000007617,4507.400000007632,4712.3000000083775,4712.350000008378,4722.350000008414,4722.400000008414,4825.950000008791,4830.000000008806,18.100000000000122,187.6000000000084,19.100000000000136,0,101.64999999999637,0.2,0,0.0,215.99999999999093
J000749,2023-01-03/KULA,KULA,AMR_29,G26_2,WS_19_20,"[""123272""]",1,4507.850000007634,4638.050000008107,4582.600000007906,4507.850000007634,4507.850000007634,4511.9000000076485,4572.500000007869,4572.550000007869,4582.5500000079055,4582.600000007906,4634.000000008093,4638.050000008107,18.100000000000122,92.69999999999688,10.450000000000014,0,8.74999999999999,0.2,0,0.0,104.00000000000125
J000750,2023-01-03/SEBR,SEBR,AMR_17,G23_14,WS_25_20,"[""110363""]",1,4515.600000007662,4665.600000008208,4622.700000008052,4515.600000007662,4549.700000007786,4553.750000007801,4612.600000008015,4612.650000008015,4622.650000008051,4622.700000008052,4661.550000008193,4665.600000008208,18.100000000000122,75.44999999999786,15.300000000000082,0,40.899999999999814,0.25,0,24.0,48.00000000000004
J000751,2023-01-03/SEBR,SEBR,AMR_21,G29_14,WS_25_20,"[""107344""]",1,4536.95000000774,4782.500000008633,4735.800000008463,4536.95000000774,4680.10000000826,4684.150000008275,4725.700000008426,4725.7500000084265,4735.750000008463,4735.800000008463,4778.450000008618,4782.500000008633,18.100000000000122,131.2999999999956,24.95000000000022,0,70.94999999999811,0.25,0,86.00000000000108,48.000000000000114
J000752,2023-01-03/SEBR,SEBR,AMR_10,G23_13,WS_25_20,"[""131590""]",1,4552.700000007797,4716.450000008393,4670.350000008225,4552.700000007797,4591.850000007939,4595.900000007954,4660.250000008188,4660.300000008188,4670.300000008225,4670.350000008225,4712.400000008378,4716.450000008393,18.100000000000122,82.64999999999745,14.350000000000069,0,48.39999999999939,0.25,0,24.0,52.00000000000013
J000753,2023-01-03/MMPL,MMPL,AMR_23,G21_2,WS_13_20,"[""110609"", ""122631""]",2,4559.900000007823,4737.150000008468,4679.150000008257,4559.900000007823,4594.950000007951,4599.000000007965,4669.05000000822,4669.10000000822,4679.100000008257,4679.150000008257,4733.100000008453,4737.150000008468,18.100000000000122,118.39999999999542,16.200000000000095,0,24.30000000000021,0.25,0,23.999999999999996,108.00000000000146
J000754,2023-01-03/SEBR,SEBR,AMR_11,G23_12,WS_25_20,"[""112087""]",1,4568.650000007855,4746.800000008503,4686.300000008283,4568.650000007855,4594.000000007947,4598.050000007962,4676.200000008246,4676.250000008246,4686.250000008283,4686.300000008283,4742.750000008488,4746.800000008503,18.100000000000122,82.64999999999745,12.400000000000041,0,64.74999999999847,0.25,0,22.0,56.00000000000023
J000755,2023-01-03/MMPL,MMPL,AMR_22,G17_12,WS_13_20,"[""112287"", ""123304""]",2,4576.900000007885,4726.250000008428,4662.100000008195,4576.900000007885,4576.900000007885,4580.9500000079,4652.000000008158,4652.050000008158,4662.050000008195,4662.100000008195,4722.200000008414,4726.250000008428,18.100000000000122,57.34999999999888,8.549999999999986,0,65.14999999999844,0.2,0,0.0,52.00000000000034
J000756,2023-01-03/MMPL,MMPL,AMR_12,G29_8,WS_13_20,"[""101193"", ""112034""]",2,4593.950000007947,4798.700000008692,4713.250000008381,4593.950000007947,4617.700000008033,4621.750000008048,4703.150000008344,4703.200000008344,4713.200000008381,4713.250000008381,4794.650000008677,4798.700000008692,18.100000000000122,125.749999999995,20.05000000000015,0,40.59999999999983,0.25,0,18.0,116.0000000000008
J000757,2023-01-03/MMPL,MMPL,AMR_06,G27_2,WS_13_20,"[""101073"", ""110132""]",2,4611.000000008009,4810.7000000087355,4747.350000008505,4611.000000008009,4642.700000008124,4646.750000008139,4737.250000008468,4737.3000000084685,4747.300000008505,4747.350000008505,4806.650000008721,4810.7000000087355,18.100000000000122,137.74999999999707,14.300000000000068,0,29.30000000000028,0.25,0,36.0,132.00000000000185
J000758,2023-01-03/SEBR,SEBR,AMR_16,G0_15,WS_25_20,"[""107317"", ""110316""]",2,4622.750000008052,4863.800000008929,4767.700000008579,4622.750000008052,4622.750000008052,4626.8000000080665,4757.600000008542,4757.6500000085425,4767.650000008579,4767.700000008579,4859.750000008914,4863.800000008929,18.100000000000122,119.49999999999535,13.400000000000055,0,89.84999999999704,0.2,0,0.0,136.0
J000759,2023-01-03/MMPL,MMPL,AMR_37,G15_13,WS_13_20,"[""214619""]",1,4628.050000008071,4734.650000008459,4696.200000008319,4628.050000008071,4645.300000008134,4649.3500000081485,4686.100000008282,4686.150000008282,4696.150000008319,4696.200000008319,4730.600000008444,4734.650000008459,18.100000000000122,62.04999999999861,13.400000000000055,0,12.800000000000047,0.25,0,12.0,48.00000000000031
J000760,2023-01-03/SEBR,SEBR,AMR_29,G26_2,WS_25_20,"[""107213"", ""121904""]",2,4638.500000008109,4793.150000008672,4702.250000008341,4638.500000008109,4638.500000008109,4642.550000008124,4692.150000008304,4692.200000008304,4702.200000008341,4702.250000008341,4789.100000008657,4793.150000008672,18.100000000000122,86.14999999999725,9.5,0,40.699999999999825,0.2,0,0.0,92.00000000000077
J000761,2023-01-03/MMPL,MMPL,AMR_40,G18_12,WS_13_20,"[""110341""]",1,4645.100000008133,4791.750000008667,4730.300000008443,4645.100000008133,4661.100000008191,4665.150000008206,4720.200000008406,4720.2500000084065,4730.250000008443,4730.300000008443,4787.700000008652,4791.750000008667,18.100000000000122,70.64999999999813,13.400000000000055,0,44.24999999999962,0.25,0,10.0,64.00000000000058
J000762,2023-01-03/SEBR,SEBR,AMR_07,G32_12,WS_25_20,"[""138468""]",1,4654.450000008167,4789.550000008659,4720.000000008406,4654.450000008167,4671.70000000823,4675.750000008245,4709.900000008369,4709.950000008369,4719.950000008405,4720.000000008406,4785.500000008644,4789.550000008659,18.100000000000122,75.74999999999784,13.400000000000055,0,27.600000000000257,0.25,0,12.0,68.00000000000031
J000763,2023-01-03/MMPL,MMPL,AMR_01,G21_13,WS_13_20,"[""101053""]",1,4662.150000008195,4845.400000008862,4804.000000008711,4662.150000008195,4724.550000008422,4728.600000008437,4793.900000008674,4793.950000008675,4803.950000008711,4804.000000008711,4841.350000008847,4845.400000008862,18.100000000000122,112.09999999999577,17.20000000000011,0,35.600000000000115,0.25,0,46.000000000000014,72.00000000000051
J000764,2023-01-03/SEBR,SEBR,AMR_17,G23_8,WS_25_20,"[""101076"", ""110401""]",2,4670.400000008225,4839.600000008841,4783.650000008637,4670.400000008225,4690.3000000082975,4694.350000008312,4773.5500000086,4773.600000008601,4783.600000008637,4783.650000008637,4835.550000008826,4839.600000008841,18.100000000000122,85.74999999999727,13.400000000000055,0,51.6999999999992,0.25,0,16.0,72.00000000000063
J000765,2023-01-03/MMPL,MMPL,AMR_09,G6_12,WS_13_20,"[""112045""]",1,4679.200000008257,4813.500000008746,4764.400000008567,4679.200000008257,4693.450000008309,4697.500000008324,4754.30000000853,4754.3500000085305,4764.350000008567,4764.400000008567,4809.450000008731,4813.500000008746,18.100000000000122,75.39999999999786,11.450000000000028,0,29.10000000000028,0.25,0,10.0,68.0000000000004
J000766,2023-01-03/SEBR,SEBR,AMR_26,G26_12,WS_25_20,"[""118518""]",1,4686.350000008283,4789.000000008657,4751.750000008521,4686.350000008283,4686.350000008283,4690.400000008298,4741.650000008484,4741.7000000084845,4751.700000008521,4751.750000008521,4784.950000008642,4789.000000008657,18.100000000000122,55.44999999999899,9.5,0,19.40000000000014,0.2,0,0.0,56.0000000000003
J000767,2023-01-03/MMPL,MMPL,AMR_39,G15_9,WS_13_20,"[""107294""]",1,4696.250000008319,4830.700000008808,4786.900000008649,4696.250000008319,4734.95000000846,4739.000000008475,4776.800000008612,4776.850000008612,4786.850000008649,4786.900000008649,4826.6500000087935,4830.700000008808,18.100000000000122,81.14999999999753,15.300000000000082,0,19.650000000000144,0.25,0,18.0,64.00000000000078
J000768,2023-01-03/SEBR,SEBR,AMR_04,G29_10,WS_25_20,"[""112330""]",1,4702.300000008341,4860.250000008916,4799.600000008695,4702.300000008341,4743.950000008493,4748.000000008507,4789.500000008658,4789.550000008659,4799.550000008695,4799.600000008695,4856.200000008901,4860.250000008916,18.100000000000122,88.44999999999712,16.250000000000096,0,34.900000000000155,0.25,0,24.0,64.0000000000004
J000769,2023-01-03/MMPL,MMPL,AMR_03,G18_10,WS_13_20,"[""107323""]",1,4713.300000008381,4865.050000008933,4821.050000008773,4713.300000008381,4743.050000008489,4747.100000008504,4810.950000008736,4811.000000008737,4821.000000008773,4821.050000008773,4861.0000000089185,4865.050000008933,18.100000000000122,89.29999999999707,14.300000000000068,0,29.80000000000029,0.25,0,24.0,68.00000000000063
J000770,2023-01-03/SEBR,SEBR,AMR_10,G26_9,WS_25_20,"[""110374""]",1,4720.050000008406,4896.300000009047,4842.000000008849,4720.050000008406,4750.050000008515,4754.10000000853,4831.900000008813,4831.950000008813,4841.950000008849,4842.000000008849,4892.250000009032,4896.300000009047,18.100000000000122,106.49999999999609,19.150000000000137,0,32.250000000000306,0.25,0,18.0,96.00000000000111
J000771,2023-01-03/KPBR,KPBR,AMR_02,G9_6,WS_2_20,"[""110178"", ""112432""]",2,4722.4500000084145,4911.150000009101,4842.500000008851,4722.4500000084145,4737.250000008468,4741.300000008483,4832.4000000088145,4832.450000008815,4842.450000008851,4842.500000008851,4907.100000009086,4911.150000009101,18.100000000000122,108.49999999999598,13.400000000000055,0,48.449999999999385,0.25,0,8.0,108.00000000000148
J000772,2023-01-03/KPBR,KPBR,AMR_18,G3_12,WS_2_20,"[""110561""]",1,4722.4500000084145,4792.70000000867,4761.600000008557,4722.4500000084145,4722.4500000084145,4726.500000008429,4751.50000000852,4751.55000000852,4761.550000008557,4761.600000008557,4788.650000008655,4792.70000000867,18.100000000000122,43.64999999999966,6.699999999999984,0,1.6000000000000008,0.2,0,0.0,48.0000000000004
J000773,2023-01-03/KPBR,KPBR,AMR_33,G11_15,WS_2_20,"[""112004""]",1,4722.4500000084145,4832.900000008816,4791.250000008665,4722.4500000084145,4737.250000008468,4741.300000008483,4781.150000008628,4781.200000008628,4791.200000008665,4791.250000008665,4828.8500000088015,4832.900000008816,18.100000000000122,62.1999999999986,10.500000000000014,0,19.40000000000014,0.25,0,8.0,60.000000000000725
J000774,2023-01-03/KPBR,KPBR,AMR_36,G9_12,WS_2_20,"[""124208""]",1,4722.4500000084145,4847.55000000887,4808.400000008727,4722.4500000084145,4739.900000008478,4743.950000008493,4798.30000000869,4798.350000008691,4808.350000008727,4808.400000008727,4843.500000008855,4847.55000000887,18.100000000000122,77.39999999999775,13.400000000000055,0,15.950000000000092,0.25,0,12.0,72.00000000000094
J000775,2023-01-03/KPBR,KPBR,AMR_14,G9_10,WS_2_20,"[""110227""]",1,4722.4500000084145,4867.300000008941,4825.450000008789,4722.4500000084145,4746.550000008502,4750.600000008517,4815.350000008752,4815.400000008753,4825.400000008789,4825.450000008789,4863.250000008927,4867.300000008941,18.100000000000122,84.69999999999733,13.350000000000055,0,28.45000000000027,0.25,0,18.0,72.00000000000077
J000776,2023-01-03/KPBR,KPBR,AMR_27,G12_9,WS_2_20,"[""112386""]",1,4722.4500000084145,4931.150000009174,4859.550000008913,4722.4500000084145,4764.000000008566,4768.05000000858,4849.4500000088765,4849.500000008877,4859.500000008913,4859.550000008913,4927.100000009159,4931.150000009174,18.100000000000122,118.84999999999539,15.300000000000082,0,56.199999999998944,0.25,0,34.00000000000003,96.00000000000136
J000777,2023-01-03/MMPL,MMPL,AMR_22,G23_14,WS_13_20,"[""134027""]",1,4730.350000008443,4878.250000008981,4838.100000008835,4730.350000008443,4762.700000008561,4766.750000008576,4828.000000008798,4828.050000008799,4838.050000008835,4838.100000008835,4874.2000000089665,4878.250000008981,18.100000000000122,82.69999999999744,13.350000000000055,0,33.500000000000234,0.25,0,20.0,68.00000000000043
J000778,2023-01-03/SEBR,SEBR,AMR_37,G26_8,WS_25_20,"[""110186""]",1,4735.850000008463,5033.050000009544,4969.550000009313,4735.850000008463,4910.600000009099,4914.650000009114,4959.450000009277,4959.500000009277,4969.500000009313,4969.550000009313,5029.00000000953,5033.050000009544,18.100000000000122,170.75000000000458,28.850000000000275,0,79.24999999999764,0.25,0,120.00000000000196,68.00000000000054
J000779,2023-01-03/MMPL,MMPL,AMR_15,G6_13,WS_13_20,"[""112032""]",1,4747.400000008505,4934.350000009185,4855.150000008897,4747.400000008505,4747.400000008505,4751.45000000852,4845.0500000088605,4845.100000008861,4855.100000008897,4855.150000008897,4930.300000009171,4934.350000009185,18.100000000000122,62.349999999998595,9.55,0,96.74999999999665,0.2,0,0.0,64.00000000000036
J000780,2023-01-03/MMST,MMST,AMR_13,G6_10,WS_8_20,"[""110284"", ""110604"", ""123306"", ""124210""]",4,4748.3000000085085,4857.750000008907,4823.3500000087815,4748.3000000085085,4773.800000008601,4777.850000008616,4813.250000008745,4813.300000008745,4823.300000008781,4823.3500000087815,4853.700000008892,4857.750000008907,18.100000000000122,75.54999999999785,13.350000000000055,0,2.2,0.25,0,19.99999999999998,60.00000000000041
J000781,2023-01-03/MMST,MMST,AMR_11,G20_9,WS_8_20,"[""101290"", ""110274"", ""110346"", ""110597""]",4,4748.3000000085085,4931.150000009174,4856.6000000089025,4748.3000000085085,4772.650000008597,4776.700000008612,4846.500000008866,4846.550000008866,4856.550000008902,4856.6000000089025,4927.100000009159,4931.150000009174,18.100000000000122,111.89999999999579,13.350000000000055,0,39.24999999999991,0.25,0,16.0,100.00000000000117
J000782,2023-01-03/MMST,MMST,AMR_23,G15_12,WS_8_20,"[""101302"", ""110166"", ""110603""]",4,4748.3000000085085,4887.600000009015,4840.600000008844,4748.3000000085085,4781.450000008629,4785.500000008644,4830.500000008808,4830.550000008808,4840.550000008844,4840.600000008844,4883.5500000090005,4887.600000009015,18.100000000000122,95.8999999999967,15.300000000000082,0,9.750000000000004,0.25,0,31.999999999999996,76.00000000000097
J000783,2023-01-03/MMST,MMST,AMR_31,G24_7,WS_8_20,"[""110231"", ""110475"", ""125413""]",3,4748.3000000085085,4946.050000009228,4872.750000008961,4748.3000000085085,4761.550000008557,4765.600000008571,4862.6500000089245,4862.700000008925,4872.700000008961,4872.750000008961,4942.000000009213,4946.050000009228,18.100000000000122,127.5499999999949,17.20000000000011,0,34.65000000000017,0.25,0,6.0,132.00000000000134
J000784,2023-01-03/MMST,MMST,AMR_08,G32_8,WS_8_20,"[""101018"", ""101297"", ""110513""]",3,4748.3000000085085,5048.850000009602,4888.700000009019,4748.3000000085085,4780.100000008624,4784.150000008639,4878.6000000089825,4878.650000008983,4888.650000009019,4888.700000009019,5044.800000009587,5048.850000009602,18.100000000000122,190.6500000000091,21.050000000000164,0,70.49999999999814,0.25,0,26.0,191.99999999999486
J000785,2023-01-03/MMST,MMST,AMR_24,G11_10,WS_8_20,"[""107412"", ""112203""]",2,4748.3000000085085,5004.150000009439,4962.850000009289,4748.3000000085085,4923.300000009145,4927.35000000916,4952.750000009252,4952.8000000092525,4962.800000009289,4962.850000009289,5000.100000009425,5004.150000009439,18.100000000000122,133.9499999999962,21.950000000000177,0,81.59999999999751,0.25,0,80.00000000000048,60.00000000000051
J000786,2023-01-03/KPAS,KPAS,AMR_19,G32_9,WS_30_20,"[""130011""]",1,4749.450000008513,4870.450000008953,4820.30000000877,4749.450000008513,4749.450000008513,4753.500000008527,4810.200000008734,4810.250000008734,4820.25000000877,4820.30000000877,4866.400000008938,4870.450000008953,18.100000000000122,55.149999999999004,9.55,0,37.99999999999998,0.2,0,0.0,60.00000000000058
J000787,2023-01-03/SEBR,SEBR,AMR_05,G17_12,WS_25_20,"[""101333"", ""112287""]",2,4770.150000008588,5026.25000000952,4953.600000009255,4770.150000008588,4836.950000008831,4841.000000008846,4943.500000009219,4943.550000009219,4953.550000009255,4953.600000009255,5022.200000009505,5026.25000000952,18.100000000000122,124.99999999999504,19.150000000000137,0,93.59999999999683,0.25,0,46.00000000000017,80.00000000000014
J000788,2023-01-03/KPBR,KPBR,AMR_32,G15_10,WS_2_20,"[""125181""]",1,4775.600000008608,4943.400000009218,4887.750000009016,4775.600000008608,4817.8500000087615,4821.900000008776,4877.650000008979,4877.700000008979,4887.700000009016,4887.750000009016,4939.3500000092035,4943.400000009218,18.100000000000122,114.99999999999561,13.350000000000055,0,21.100000000000165,0.25,0,38.000000000000085,96.00000000000105
J000789,2023-01-03/MMPL,MMPL,AMR_21,G14_8,WS_13_20,"[""110162""]",1,4782.550000008633,5030.550000009535,4994.300000009403,4782.550000008633,4926.000000009155,4930.05000000917,4984.200000009367,4984.250000009367,4994.250000009403,4994.300000009403,5026.500000009521,5030.550000009535,18.100000000000122,146.04999999999896,23.000000000000192,0,60.599999999998694,0.25,0,98.00000000000125,64.00000000000067
J000790,2023-01-03/SEBR,SEBR,AMR_26,G20_8,WS_25_20,"[""107254""]",1,4789.050000008657,4961.250000009283,4905.600000009081,4789.050000008657,4819.250000008767,4823.300000008781,4895.500000009044,4895.550000009044,4905.550000009081,4905.600000009081,4957.2000000092685,4961.250000009283,18.100000000000122,101.89999999999635,15.300000000000082,0,36.650000000000055,0.25,0,24.0,84.0000000000006
J000791,2023-01-03/MMPL,MMPL,AMR_07,G23_13,WS_13_20,"[""111222""]",1,4789.600000008659,4986.700000009376,4943.050000009217,4789.600000008659,4888.85000000902,4892.900000009035,4932.95000000918,4933.00000000918,4943.000000009217,4943.050000009217,4982.650000009361,4986.700000009376,18.100000000000122,108.149999999996,19.150000000000137,0,51.449999999999214,0.25,0,48.000000000000156,72.00000000000043
J000792,2023-01-03/KPBR,KPBR,AMR_40,G18_8,WS_2_20,"[""107364""]",1,4791.800000008667,5000.150000009425,4920.500000009135,4791.800000008667,4809.20000000873,4813.250000008745,4910.400000009098,4910.450000009098,4920.450000009135,4920.500000009135,4996.10000000941,5000.150000009425,18.100000000000122,124.19999999999509,15.300000000000082,0,50.49999999999927,0.25,0,12.0,124.00000000000182
J000793,2023-01-03/SEBR,SEBR,AMR_18,G18_9,WS_25_20,"[""110322""]",1,4792.75000000867,4965.650000009299,4921.700000009139,4792.75000000867,4858.000000008908,4862.050000008922,4911.600000009103,4911.650000009103,4921.650000009139,4921.700000009139,4961.6000000092845,4965.650000009299,18.100000000000122,124.94999999999504,16.250000000000096,0,13.350000000000055,0.25,0,64.0000000000008,80.00000000000051
J000794,2023-01-03/KULA,KULA,AMR_20,G38_8,WS_19_20,"[""110165""]",1,4792.850000008671,4988.050000009381,4869.900000008951,4792.850000008671,4792.850000008671,4796.900000008685,4859.800000008914,4859.850000008914,4869.850000008951,4869.900000008951,4984.000000009366,4988.050000009381,18.100000000000122,110.24999999999588,9.55,0,57.09999999999889,0.2,0,0.0,128.00000000000045
J000795,2023-01-03/SEBR,SEBR,AMR_12,G29_8,WS_25_20,"[""110596""]",1,4799.650000008695,4930.20000000917,4857.900000008907,4799.650000008695,4799.650000008695,4803.70000000871,4847.8000000088705,4847.850000008871,4857.850000008907,4857.900000008907,4926.1500000091555,4930.20000000917,18.100000000000122,68.44999999999825,9.55,0,34.25000000000019,0.2,0,0.0,72.00000000000054
J000796,2023-01-03/MMPL,MMPL,AMR_28,G12_12,WS_13_20,"[""101191""]",1,4804.050000008711,4942.050000009213,4872.200000008959,4804.050000008711,4804.050000008711,4808.100000008726,4862.1000000089225,4862.150000008923,4872.150000008959,4872.200000008959,4938.000000009199,4942.050000009213,18.100000000000122,80.09999999999759,15.300000000000082,0,24.30000000000021,0.2,0,0.0,80.00000000000097
J000797,2023-01-03/KPBR,KPBR,AMR_29,G23_12,WS_2_20,"[""112087""]",1,4808.450000008727,5124.550000009877,4985.650000009372,4808.450000008727,4883.800000009001,4887.850000009016,4975.550000009335,4975.600000009335,4985.600000009372,4985.650000009372,5120.500000009863,5124.550000009877,18.100000000000122,181.9000000000071,23.950000000000205,0,91.89999999999692,0.25,0,50.00000000000024,147.99999999999994
J000798,2023-01-03/MMPL,MMPL,AMR_30,G38_12,WS_13_20,"[""101028"", ""110522""]",2,4821.100000008773,5007.350000009451,4923.100000009144,4821.100000008773,4821.100000008773,4825.150000008788,4913.000000009108,4913.050000009108,4923.050000009144,4923.100000009144,5003.300000009436,5007.350000009451,18.100000000000122,125.39999999999502,9.5,0,33.05000000000026,0.2,0,0.0,147.99999999999864
J000799,2023-01-03/MMST,MMST,AMR_09,G3_10,WS_8_20,"[""101024"", ""107301""]",4,4823.400000008782,4974.8000000093325,4938.750000009201,4823.400000008782,4876.150000008974,4880.200000008988,4928.650000009165,4928.700000009165,4938.700000009201,4938.750000009201,4970.750000009318,4974.8000000093325,18.100000000000122,79.34999999999764,15.250000000000082,0,38.44999999999995,0.25,0,14.0,68.00000000000053
J000800,2023-01-03/KPBR,KPBR,AMR_06,G29_14,WS_2_20,"[""107344""]",1,4825.500000008789,5165.550000010026,5094.400000009768,4825.500000008789,4932.85000000918,4936.900000009195,5084.300000009731,5084.350000009731,5094.350000009767,5094.400000009768,5161.500000010012,5165.550000010026,18.100000000000122,196.10000000001034,27.80000000000026,0,97.79999999999659,0.25,0,80.00000000000065,140.000000000001
J000801,2023-01-03/KPAS,KPAS,AMR_35,G35_8,WS_30_20,"[""110582""]",1,4830.050000008806,4922.400000009142,4881.200000008992,4830.050000008806,4830.050000008806,4834.100000008821,4871.100000008955,4871.150000008955,4881.150000008992,4881.200000008992,4918.350000009127,4922.400000009142,18.100000000000122,62.94999999999856,9.55,0,1.5500000000000007,0.2,0,0.0,72.00000000000061
J000802,2023-01-03/MMPL,MMPL,AMR_33,G3_13,WS_13_20,"[""107287""]",1,4838.150000008835,5070.750000009682,5015.40000000948,4838.150000008835,4940.100000009206,4944.150000009221,5005.3000000094435,5005.350000009444,5015.35000000948,5015.40000000948,5066.700000009667,5070.750000009682,18.100000000000122,95.6999999999967,14.350000000000069,0,104.19999999999622,0.25,0,23.999999999999996,76.00000000000072
J000803,2023-01-03/MMST,MMST,AMR_17,G32_12,WS_8_20,"[""124184"", ""138468""]",2,4840.6500000088445,5160.150000010007,5058.650000009638,4840.6500000088445,4945.450000009226,4949.5000000092405,5048.550000009601,5048.600000009601,5058.600000009637,5058.650000009638,5156.100000009992,5160.150000010007,18.100000000000122,200.40000000001132,22.000000000000178,0,78.74999999999767,0.25,0,86.00000000000148,139.99999999999977
J000804,2023-01-03/SEBR,SEBR,AMR_39,G17_9,WS_25_20,"[""112369""]",1,4842.05000000885,4981.200000009356,4937.650000009197,4842.05000000885,4859.3500000089125,4863.400000008927,4927.550000009161,4927.600000009161,4937.600000009197,4937.650000009197,4977.150000009341,4981.200000009356,18.100000000000122,86.29999999999724,13.400000000000055,0,21.100000000000165,0.25,0,4.0,92.00000000000051
J000805,2023-01-03/KPBR,KPBR,AMR_38,G27_2,WS_2_20,"[""110444""]",1,4842.550000008851,5090.8000000097545,5008.300000009454,4842.550000008851,4910.300000009098,4914.350000009113,4998.200000009418,4998.250000009418,5008.250000009454,5008.300000009454,5086.75000000974,5090.8000000097545,18.100000000000122,200.15000000001126,16.250000000000096,0,13.500000000000057,0.25,0,68.0000000000005,187.99999999999554
J000806,2023-01-03/MMPL,MMPL,AMR_36,G9_8,WS_13_20,"[""107113""]",1,4855.200000008897,5024.850000009515,4977.250000009341,4855.200000008897,4871.4500000089565,4875.500000008971,4967.150000009305,4967.200000009305,4977.200000009341,4977.250000009341,5020.8000000095,5024.850000009515,18.100000000000122,90.599999999997,16.250000000000096,0,44.44999999999961,0.25,0,12.0,80.00000000000085
J000807,2023-01-03/MMST,MMST,AMR_01,G35_12,WS_8_20,"[""101296"", ""110194""]",2,4856.650000008903,5158.550000010001,5042.85000000958,4856.650000008903,4924.200000009148,4928.250000009163,5032.750000009543,5032.8000000095435,5042.80000000958,5042.85000000958,5154.500000009986,5158.550000010001,18.100000000000122,176.80000000000595,17.20000000000011,0,89.54999999999706,0.25,0,50.00000000000023,147.99999999999883
J000808,2023-01-03/SEBR,SEBR,AMR_13,G38_13,WS_25_20,"[""101092""]",1,4857.950000008907,5152.250000009978,5093.400000009764,4857.950000008907,5032.650000009543,5036.700000009558,5083.300000009727,5083.350000009727,5093.350000009764,5093.400000009764,5148.200000009963,5152.250000009978,18.100000000000122,185.65000000000796,23.000000000000192,0,67.29999999999832,0.25,0,118.00000000000084,88.00000000000021
J000809,2023-01-03/KPBR,KPBR,AMR_04,G15_9,WS_2_20,"[""110313""]",1,4860.300000008916,5147.050000009959,5028.150000009527,4860.300000008916,4944.150000009221,4948.200000009236,5018.05000000949,5018.10000000949,5028.100000009526,5028.150000009527,5143.000000009944,5147.050000009959,18.100000000000122,159.9000000000021,23.850000000000204,0,84.64999999999733,0.25,0,62.0000000000005,108.00000000000122
J000810,2023-01-03/MMTU,MMTU,AMR_14,G3_5,WS_19_20,"[""110218"", ""110255"", ""110339"", ""112392"", ""127627""]",5,4869.950000008951,5219.500000010223,5086.150000009738,4869.950000008951,4935.75000000919,4939.800000009205,5076.050000009701,5076.100000009701,5086.100000009737,5086.150000009738,5215.450000010208,5219.500000010223,18.100000000000122,164.00000000000304,21.050000000000164,0,146.14999999999898,0.25,0,38.00000000000003,140.0000000000013
J000811,2023-01-03/MMTU,MMTU,AMR_03,G20_14,WS_19_20,"[""110328"", ""110342"", ""110492"", ""112432""]",4,4869.950000008951,5009.400000009458,4981.100000009355,4869.950000008951,4895.750000009045,4899.80000000906,4971.000000009319,4971.050000009319,4981.050000009355,4981.100000009355,5005.350000009444,5009.400000009458,18.100000000000122,69.74999999999818,14.300000000000068,0,37.05000000000003,0.25,0,12.0,56.000000000000114
J000812,2023-01-03/MMTU,MMTU,AMR_16,G27_9,WS_19_20,"[""110148"", ""110475"", ""111362""]",4,4869.950000008951,5098.150000009781,5034.850000009551,4869.950000008951,4957.800000009271,4961.850000009285,5024.750000009514,5024.800000009514,5034.800000009551,5034.850000009551,5094.1000000097665,5098.150000009781,18.100000000000122,141.799999999998,14.300000000000068,0,53.74999999999908,0.25,0,70.00000000000034,88.0000000000006
J000813,2023-01-03/MMTU,MMTU,AMR_19,G23_2,WS_19_20,"[""110193"", ""110286"", ""110362""]",3,4870.500000008953,5154.800000009987,5069.100000009676,4870.500000008953,4992.050000009395,4996.10000000941,5059.000000009639,5059.050000009639,5069.050000009675,5069.100000009676,5150.750000009973,5154.800000009987,18.100000000000122,156.00000000000122,23.950000000000205,0,85.99999999999726,0.25,0,76.00000000000114,92.00000000000107
J000814,2023-01-03/MMTU,MMTU,AMR_22,G18_13,WS_19_20,"[""110283"", ""129530""]",2,4878.300000008981,4993.600000009401,4963.950000009293,4878.300000008981,4912.600000009106,4916.650000009121,4953.850000009256,4953.9000000092565,4963.900000009293,4963.950000009293,4989.550000009386,4993.600000009401,18.100000000000122,65.34999999999843,15.300000000000082,0,16.300000000000097,0.25,0,20.0,44.00000000000021
J000815,2023-01-03/MMPL,MMPL,AMR_34,G8_8,WS_13_20,"[""101296""]",1,4878.800000008983,5006.450000009448,4960.200000009279,4878.800000008983,4885.400000009007,4889.450000009022,4950.100000009243,4950.150000009243,4960.150000009279,4960.200000009279,5002.400000009433,5006.450000009448,18.100000000000122,80.24999999999758,11.500000000000028,0,17.550000000000114,0.25,0,4.0,84.00000000000085
J000816,2023-01-03/LARK,LARK,AMR_23,G20_2,WS_30_20,"[""109843"", ""109989"", ""110499"", ""111212"", ""111391""]",6,4887.6500000090155,5096.150000009774,5030.6000000095355,4887.6500000090155,4930.10000000917,4934.150000009185,5020.500000009499,5020.550000009499,5030.550000009535,5030.6000000095355,5092.100000009759,5096.150000009774,18.100000000000122,135.1999999999965,16.150000000000095,0,38.79999999999993,0.25,0,29.999999999999996,124.00000000000114
J000817,2023-01-03/LARK,LARK,AMR_10,G26_12,WS_30_20,"[""101183"", ""110534"", ""110590"", ""112326""]",5,4896.350000009047,5050.850000009609,5013.650000009474,4896.350000009047,4912.450000009106,4916.50000000912,5003.550000009437,5003.600000009437,5013.600000009474,5013.650000009474,5046.800000009594,5050.850000009609,18.100000000000122,77.84999999999772,14.300000000000068,0,43.99999999999964,0.25,0,10.0,64.0000000000004
J000818,2023-01-03/LARK,LARK,AMR_25,G23_8,WS_30_20,"[""101329"", ""110419"", ""110531"", ""125583""]",5,4908.600000009092,5278.650000010438,5234.700000010278,4908.600000009092,5131.550000009903,5135.6000000099175,5224.600000010241,5224.6500000102415,5234.650000010278,5234.700000010278,5274.600000010423,5278.650000010438,18.100000000000122,214.20000000001446,38.29999999999996,0,99.1999999999965,0.25,0,134.0000000000011,92.00000000000071
J000819,2023-01-03/LARK,LARK,AMR_02,G38_9,WS_30_20,"[""107343"", ""110526"", ""140089""]",3,4911.200000009101,5097.050000009777,5047.6500000095975,4911.200000009101,4975.650000009336,4979.70000000935,5037.550000009561,5037.600000009561,5047.600000009597,5047.6500000095975,5093.0000000097625,5097.050000009777,18.100000000000122,131.89999999999574,17.20000000000011,0,18.400000000000126,0.25,0,76.00000000000038,80.00000000000058
J000820,2023-01-03/MMST,MMST,AMR_35,G8_15,WS_8_20,"[""110306""]",1,4922.450000009142,5414.150000010931,5371.400000010775,4922.450000009142,5284.70000001046,5288.750000010475,5361.300000010739,5361.350000010739,5371.350000010775,5371.400000010775,5410.100000010916,5414.150000010931,18.100000000000122,182.80000000000732,30.6000000000003,0,259.95000000002483,0.25,0,148.00000000000017,36.0
J000821,2023-01-03/SEBR,SEBR,AMR_12,G32_6,WS_25_20,"[""110466""]",1,4930.25000000917,5129.500000009895,5069.750000009678,4930.25000000917,4970.250000009316,4974.300000009331,5059.650000009641,5059.700000009641,5069.700000009678,5069.750000009678,5125.450000009881,5129.500000009895,18.100000000000122,115.54999999999558,17.20000000000011,0,48.1499999999994,0.25,0,26.000000000000007,92.00000000000071
J000822,2023-01-03/KPBR,KPBR,AMR_27,G0_15,WS_2_20,"[""107317""]",1,4931.200000009174,5090.300000009753,5069.550000009677,4931.200000009174,5029.10000000953,5033.150000009545,5059.4500000096405,5059.500000009641,5069.500000009677,5069.550000009677,5086.250000009738,5090.300000009753,18.100000000000122,87.64999999999716,15.350000000000083,0,37.74999999999999,0.25,0,52.00000000000057,35.99999999999999
J000823,2023-01-03/LARK,LARK,AMR_11,G9_2,WS_30_20,"[""110291"", ""112040"", ""127405""]",4,4931.200000009174,5215.000000010206,5064.70000000966,4931.200000009174,4969.150000009312,4973.200000009327,5054.600000009623,5054.650000009623,5064.650000009659,5064.70000000966,5210.950000010192,5215.000000010206,18.100000000000122,173.60000000000522,17.15000000000011,0,74.6999999999979,0.25,0,36.0,163.9999999999971
J000824,2023-01-03/MMTU,MMTU,AMR_15,G9_10,WS_19_20,"[""107224"", ""110227"", ""110583""]",3,4934.4000000091855,5097.75000000978,5051.900000009613,4934.4000000091855,4981.050000009355,4985.10000000937,5041.800000009576,5041.850000009576,5051.850000009613,5051.900000009613,5093.700000009765,5097.75000000978,18.100000000000122,109.8999999999959,18.150000000000123,0,16.950000000000106,0.25,0,32.0,88.00000000000077
J000825,2023-01-03/MMST,MMST,AMR_28,G11_15,WS_8_20,"[""110193""]",1,4942.1000000092135,5044.600000009586,5010.150000009461,4942.1000000092135,4963.650000009292,4967.700000009307,5000.050000009424,5000.100000009425,5010.100000009461,5010.150000009461,5040.550000009572,5044.600000009586,18.100000000000122,57.89999999999885,10.500000000000014,0,15.750000000000089,0.25,0,16.0,40.00000000000003
J000826,2023-01-03/MMPL,MMPL,AMR_32,G35_9,WS_13_20,"[""112053"", ""113201""]",2,4943.4500000092185,5156.250000009993,5074.400000009695,4943.4500000092185,4993.4000000094,4997.450000009415,5064.300000009658,5064.350000009658,5074.350000009695,5074.400000009695,5152.200000009978,5156.250000009993,18.100000000000122,156.00000000000122,16.250000000000096,0,22.20000000000018,0.25,0,46.00000000000004,136.0000000000002
J000827,2023-01-03/SEBR,SEBR,AMR_31,G5_15,WS_25_20,"[""111228""]",1,4946.100000009228,5200.900000010155,5142.2000000099415,4946.100000009228,5064.250000009658,5068.300000009673,5132.100000009905,5132.150000009905,5142.150000009941,5142.2000000099415,5196.85000001014,5200.900000010155,18.100000000000122,147.84999999999937,12.450000000000042,0,76.14999999999782,0.25,0,62.000000000000966,108.00000000000085
J000828,2023-01-03/MMPL,MMPL,AMR_26,G23_10,WS_13_20,"[""107094""]",1,4961.300000009283,5100.45000000979,5052.500000009615,4961.300000009283,4985.10000000937,4989.150000009385,5042.400000009578,5042.450000009579,5052.450000009615,5052.500000009615,5096.400000009775,5100.45000000979,18.100000000000122,93.84999999999681,14.300000000000068,0,12.650000000000045,0.25,0,18.0,84.00000000000074
J000829,2023-01-03/MMST,MMST,AMR_18,G3_15,WS_8_20,"[""110305""]",1,4965.700000009299,5130.600000009899,5103.4500000098005,4965.700000009299,5052.200000009614,5056.250000009629,5093.350000009764,5093.400000009764,5103.4000000098,5103.4500000098005,5126.550000009885,5130.600000009899,18.100000000000122,119.39999999999536,14.300000000000068,0,12.850000000000048,0.25,0,94.00000000000206,48.0000000000001
J000830,2023-01-03/SEBR,SEBR,AMR_09,G12_12,WS_25_20,"[""112017""]",1,4974.850000009333,5236.350000010284,5175.350000010062,4974.850000009333,5112.050000009832,5116.100000009847,5165.250000010025,5165.3000000100255,5175.300000010062,5175.350000010062,5232.300000010269,5236.350000010284,18.100000000000122,181.10000000000693,20.950000000000163,0,41.0999999999998,0.25,0,118.00000000000287,92.00000000000031
J000831,2023-01-03/MMTU,MMTU,AMR_39,G29_8,WS_19_20,"[""110205"", ""110504"", ""110596"", ""112066""]",4,4981.250000009356,5188.45000001011,5123.950000009875,4981.250000009356,5038.750000009565,5042.80000000958,5113.850000009838,5113.900000009839,5123.900000009875,5123.950000009875,5184.400000010095,5188.45000001011,18.100000000000122,121.34999999999525,17.20000000000011,0,50.29999999999928,0.25,0,38.000000000000114,92.00000000000051
J000832,2023-01-03/KPBR,KPBR,AMR_07,G18_10,WS_2_20,"[""107323""]",1,4986.750000009376,5268.800000010402,5152.600000009979,4986.750000009376,5042.550000009579,5046.600000009594,5142.500000009943,5142.550000009943,5152.550000009979,5152.600000009979,5264.750000010387,5268.800000010402,18.100000000000122,146.39999999999904,20.05000000000015,0,97.24999999999662,0.25,0,44.00000000000033,108.00000000000139
J000833,2023-01-03/MMPL,MMPL,AMR_20,G26_13,WS_13_20,"[""110463""]",1,4988.100000009381,5287.000000010468,5208.250000010182,4988.100000009381,5075.9500000097005,5080.000000009715,5198.150000010145,5198.200000010145,5208.200000010182,5208.250000010182,5282.950000010454,5287.000000010468,18.100000000000122,138.84999999999732,22.95000000000019,0,118.7499999999954,0.25,0,62.00000000000013,84.00000000000048
J000834,2023-01-03/SEBR,SEBR,AMR_22,G6_12,WS_25_20,"[""111363""]",1,4993.650000009401,5228.200000010254,5158.20000001,4993.650000009401,5068.900000009675,5072.95000000969,5148.100000009963,5148.150000009963,5158.1500000099995,5158.20000001,5224.15000001024,5228.200000010254,18.100000000000122,137.0499999999969,13.350000000000055,0,65.7999999999984,0.25,0,34.00000000000003,116.00000000000085
J000835,2023-01-03/MMPL,MMPL,AMR_40,G23_9,WS_13_20,"[""110223""]",1,5000.200000009425,5315.550000010572,5225.300000010244,5000.200000009425,5034.850000009551,5038.900000009566,5215.200000010207,5215.250000010207,5225.250000010244,5225.300000010244,5311.500000010557,5315.550000010572,18.100000000000122,125.09999999999503,21.050000000000164,0,150.85000000000005,0.25,0,20.0,104.00000000000077
J000836,2023-01-03/LARK,LARK,AMR_24,G38_8,WS_30_20,"[""107130"", ""107328"", ""111276"", ""112279""]",5,5004.2000000094395,5183.800000010093,5138.200000009927,5004.2000000094395,5082.100000009723,5086.150000009738,5128.10000000989,5128.15000000989,5138.150000009927,5138.200000009927,5179.750000010078,5183.800000010093,18.100000000000122,132.5999999999959,14.300000000000068,0,14.350000000000069,0.25,0,82.00000000000031,84.00000000000067
J000837,2023-01-03/MMST,MMST,AMR_34,G9_12,WS_8_20,"[""110593""]",1,5006.500000009448,5127.700000009889,5074.600000009696,5006.500000009448,5027.750000009525,5031.80000000954,5064.500000009659,5064.550000009659,5074.550000009695,5074.600000009696,5123.650000009874,5127.700000009889,18.100000000000122,66.64999999999836,11.450000000000028,0,24.750000000000217,0.25,0,14.0,52.0000000000005
J000838,2023-01-03/MMTU,MMTU,AMR_30,G15_12,WS_19_20,"[""101302"", ""110166""]",2,5007.400000009451,5397.200000010869,5365.050000010752,5007.400000009451,5204.750000010169,5208.800000010184,5354.9500000107155,5355.000000010716,5365.000000010752,5365.050000010752,5393.1500000108545,5397.200000010869,18.100000000000122,162.20000000000263,31.500000000000313,0,177.75000000000617,0.25,0,106.0000000000002,56.00000000000023
J000839,2023-01-03/SEBR,SEBR,AMR_03,G3_12,WS_25_20,"[""110601""]",1,5009.450000009459,5402.650000010889,5228.600000010256,5009.450000009459,5129.850000009897,5133.900000009911,5218.500000010219,5218.550000010219,5228.550000010256,5228.600000010256,5398.600000010874,5402.650000010889,18.100000000000122,231.85000000001847,28.700000000000273,0,114.29999999999565,0.25,0,94.000000000002,155.99999999999812
J000840,2023-01-03/MMPL,MMPL,AMR_36,G26_9,WS_13_20,"[""101085""]",1,5024.900000009515,5411.350000010921,5312.750000010562,5024.900000009515,5217.8000000102165,5221.850000010231,5302.650000010525,5302.700000010525,5312.700000010562,5312.750000010562,5407.300000010906,5411.350000010921,18.100000000000122,221.4500000000161,30.6000000000003,0,116.04999999999555,0.25,0,136.00000000000105,100.00000000000043
J000841,2023-01-03/LARK,LARK,AMR_05,G35_8,WS_30_20,"[""101065"", ""110520""]",3,5026.30000000952,5201.8500000101585,5155.45000000999,5026.30000000952,5083.300000009727,5087.350000009742,5145.350000009953,5145.400000009953,5155.4000000099895,5155.45000000999,5197.800000010144,5201.8500000101585,18.100000000000122,110.74999999999585,16.200000000000095,0,30.250000000000295,0.25,0,48.00000000000013,76.00000000000067
J000842,2023-01-03/MMST,MMST,AMR_21,G5_12,WS_8_20,"[""110492""]",1,5030.6000000095355,5203.150000010163,5169.750000010042,5030.6000000095355,5111.350000009829,5115.400000009844,5159.650000010005,5159.700000010005,5169.700000010042,5169.750000010042,5199.1000000101485,5203.150000010163,18.100000000000122,107.79999999999602,17.20000000000011,0,29.20000000000028,0.25,0,54.000000000000654,60.00000000000031
J000843,2023-01-03/KPBR,KPBR,AMR_37,G26_8,WS_2_20,"[""107334""]",1,5033.100000009545,5204.400000010168,5135.750000009918,5033.100000009545,5033.100000009545,5037.150000009559,5125.650000009881,5125.7000000098815,5135.700000009918,5135.750000009918,5200.350000010153,5204.400000010168,18.100000000000122,117.99999999999544,9.55,0,25.450000000000227,0.2,0,0.0,148.000000000001
J000844,2023-01-03/MMTU,MMTU,AMR_28,G20_9,WS_19_20,"[""110274"", ""126834""]",2,5044.650000009587,5373.450000010783,5338.650000010656,5044.650000009587,5253.150000010345,5257.20000001036,5328.550000010619,5328.60000001062,5338.600000010656,5338.650000010656,5369.400000010768,5373.450000010783,18.100000000000122,161.30000000000243,27.75000000000026,0,121.39999999999525,0.25,0,110.00000000000128,60.00000000000058
J000845,2023-01-03/LARK,LARK,AMR_08,G32_8,WS_30_20,"[""107232"", ""107312"", ""110592"", ""138355""]",4,5048.900000009602,5146.450000009957,5098.750000009783,5048.900000009602,5048.900000009602,5052.950000009617,5088.650000009747,5088.700000009747,5098.700000009783,5098.750000009783,5142.400000009942,5146.450000009957,18.100000000000122,59.24999999999877,9.55,0,10.450000000000014,0.2,0,0.0,64.0000000000006
J000846,2023-01-03/MMPL,MMPL,AMR_10,G12_2,WS_13_20,"[""124402""]",1,5050.900000009609,5257.900000010362,5191.20000001012,5050.900000009609,5132.000000009904,5136.050000009919,5181.100000010083,5181.150000010083,5191.15000001012,5191.20000001012,5253.850000010348,5257.900000010362,18.100000000000122,132.5499999999959,20.05000000000015,0,36.05000000000009,0.25,0,64.00000000000033,88.00000000000131
J000847,2023-01-03/MMST,MMST,AMR_33,G0_14,WS_8_20,"[""110336""]",1,5070.800000009682,5187.200000010105,5152.450000009979,5070.800000009682,5098.5000000097825,5102.550000009797,5142.350000009942,5142.400000009942,5152.400000009979,5152.450000009979,5183.1500000100905,5187.200000010105,18.100000000000122,79.49999999999763,15.300000000000082,0,3.2499999999999964,0.25,0,19.999999999999968,64.00000000000031
J000848,2023-01-03/MMTU,MMTU,AMR_27,G6_10,WS_19_20,"[""110284"", ""124210""]",2,5090.350000009753,5267.300000010397,5220.350000010226,5090.350000009753,5121.000000009864,5125.050000009879,5210.250000010189,5210.300000010189,5220.300000010226,5220.350000010226,5263.250000010382,5267.300000010397,18.100000000000122,110.34999999999587,13.350000000000055,0,34.900000000000155,0.25,0,21.99999999999998,100.00000000000125
J000849,2023-01-03/LARK,LARK,AMR_38,G18_9,WS_30_20,"[""107389"", ""112361""]",2,5090.850000009755,5332.900000010635,5251.350000010339,5090.850000009755,5152.150000009978,5156.200000009992,5241.250000010302,5241.300000010302,5251.300000010338,5251.350000010339,5328.8500000106205,5332.900000010635,18.100000000000122,137.24999999999696,20.10000000000015,0,66.34999999999837,0.25,0,48.00000000000044,100.00000000000054
J000850,2023-01-03/SEBR,SEBR,AMR_23,G20_2,WS_25_20,"[""110097""]",1,5096.200000009774,5276.40000001043,5212.750000010198,5096.200000009774,5096.200000009774,5100.250000009789,5202.650000010161,5202.700000010162,5212.700000010198,5212.750000010198,5272.350000010415,5276.40000001043,18.100000000000122,91.84999999999692,12.400000000000041,0,57.64999999999886,0.2,0,0.0,104.00000000000107
J000851,2023-01-03/MMPL,MMPL,AMR_02,G12_1,WS_13_20,"[""110128""]",1,5097.100000009777,5362.850000010744,5295.6500000105,5097.100000009777,5217.900000010217,5221.950000010232,5285.550000010463,5285.600000010463,5295.6000000105,5295.6500000105,5358.8000000107295,5362.850000010744,18.100000000000122,181.70000000000707,26.850000000000247,0,38.84999999999993,0.25,0,112.00000000000122,100.00000000000145
J000852,2023-01-03/MMST,MMST,AMR_15,G12_9,WS_8_20,"[""122645""]",1,5097.80000000978,5229.80000001026,5185.7000000101,5097.80000000978,5125.7000000098815,5129.750000009896,5175.600000010063,5175.650000010063,5185.6500000101,5185.7000000101,5225.7500000102455,5229.80000001026,18.100000000000122,87.94999999999715,14.350000000000069,0,11.350000000000026,0.25,0,16.0,76.00000000000111
J000853,2023-01-03/MMTU,MMTU,AMR_16,G35_14,WS_19_20,"[""110390"", ""120450""]",2,5098.200000009781,5252.7000000103435,5203.150000010163,5098.200000009781,5132.800000009907,5136.850000009922,5193.0500000101265,5193.100000010127,5203.100000010163,5203.150000010163,5248.650000010329,5252.7000000103435,18.100000000000122,106.3499999999961,15.300000000000082,0,14.500000000000071,0.25,0,26.0,92.0000000000001
J000854,2023-01-03/LARK,LARK,AMR_26,G0_15,WS_30_20,"[""107317"", ""112324"", ""124702""]",3,5100.50000000979,5607.400000011634,5467.850000011126,5100.50000000979,5283.2000000104545,5287.250000010469,5457.7500000110895,5457.80000001109,5467.800000011126,5467.850000011126,5603.350000011619,5607.400000011634,18.100000000000122,230.2000000000181,22.90000000000019,0,235.4500000000193,0.25,0,92.00000000000159,151.9999999999984
J000855,2023-01-03/MMST,MMST,AMR_29,G38_9,WS_8_20,"[""110174"", ""110395""]",2,5124.6000000098775,5510.350000011281,5403.500000010892,5124.6000000098775,5227.750000010253,5231.8000000102675,5393.400000010855,5393.450000010856,5403.450000010892,5403.500000010892,5506.300000011266,5510.350000011281,18.100000000000122,188.5000000000086,18.150000000000123,0,160.7500000000023,0.25,0,36.00000000000003,171.99999999999542
J000856,2023-01-03/MMTU,MMTU,AMR_34,G15_2,WS_19_20,"[""110466"", ""115988""]",2,5127.750000009889,5362.500000010743,5253.050000010345,5127.750000009889,5162.650000010016,5166.700000010031,5242.950000010308,5243.000000010308,5253.000000010345,5253.050000010345,5358.450000010728,5362.500000010743,18.100000000000122,134.54999999999634,17.15000000000011,0,64.69999999999847,0.25,0,36.0,112.00000000000111
J000857,2023-01-03/SEBR,SEBR,AMR_12,G9_1,WS_25_20,"[""110339""]",1,5129.5500000098955,5389.30000001084,5289.850000010479,5129.5500000098955,5186.200000010102,5190.250000010116,5279.750000010442,5279.800000010442,5289.8000000104785,5289.850000010479,5385.250000010826,5389.30000001084,18.100000000000122,178.70000000000638,20.00000000000015,0,42.69999999999971,0.25,0,60.00000000000053,151.99999999999898
J000858,2023-01-03/MMPL,MMPL,AMR_18,G6_1,WS_13_20,"[""113203""]",1,5130.6500000098995,5406.300000010902,5346.850000010686,5130.6500000098995,5232.000000010268,5236.050000010283,5336.750000010649,5336.8000000106495,5346.800000010686,5346.850000010686,5402.250000010888,5406.300000010902,18.100000000000122,145.09999999999874,17.20000000000011,0,94.99999999999675,0.25,0,46.000000000000426,116.0000000000019
J000859,2023-01-03/KPBR,KPBR,AMR_08,G32_8,WS_2_20,"[""110519""]",1,5146.500000009957,5442.6500000110345,5254.050000010348,5146.500000009957,5146.500000009957,5150.550000009972,5243.950000010312,5244.000000010312,5254.000000010348,5254.050000010348,5438.60000001102,5442.6500000110345,18.100000000000122,153.90000000000074,11.450000000000028,0,112.49999999999575,0.2,0,0.0,171.9999999999978
J000860,2023-01-03/LARK,LARK,AMR_04,G15_9,WS_30_20,"[""110313"", ""110412"", ""132280""]",5,5147.100000009959,5449.150000011058,5348.500000010692,5147.100000009959,5147.100000009959,5151.150000009974,5338.400000010655,5338.4500000106555,5348.450000010692,5348.500000010692,5445.100000011043,5449.150000011058,18.100000000000122,114.44999999999564,11.450000000000028,0,157.85000000000164,0.2,0,0.0,112.00000000000009
J000861,2023-01-03/MMST,MMST,AMR_13,G17_12,WS_8_20,"[""134598""]",1,5152.300000009978,5430.900000010992,5349.000000010694,5152.300000009978,5297.650000010507,5301.700000010522,5338.900000010657,5338.950000010657,5348.950000010694,5349.000000010694,5426.850000010977,5430.900000010992,18.100000000000122,161.1500000000024,25.850000000000232,0,73.24999999999798,0.25,0,96.00000000000082,80.00000000000085
J000862,2023-01-03/MMTU,MMTU,AMR_19,G3_15,WS_19_20,"[""110305"", ""115591""]",2,5154.8500000099875,5428.3500000109825,5382.050000010814,5154.8500000099875,5229.65000001026,5233.700000010274,5371.950000010777,5372.0000000107775,5382.000000010814,5382.050000010814,5424.300000010968,5428.3500000109825,18.100000000000122,140.5499999999977,11.400000000000027,0,103.19999999999628,0.25,0,74.00000000000135,92.00000000000094
J000863,2023-01-03/LARK,LARK,AMR_32,G14_9,WS_30_20,"[""110262"", ""112288""]",4,5156.300000009993,5448.300000011055,5331.40000001063,5156.300000009993,5232.700000010271,5236.7500000102855,5321.300000010593,5321.350000010593,5331.35000001063,5331.40000001063,5444.25000001104,5448.300000011055,18.100000000000122,173.35000000000517,19.100000000000136,0,81.19999999999753,0.25,0,70.00000000000037,124.00000000000077
J000864,2023-01-03/KPBR,KPBR,AMR_01,G35_12,WS_2_20,"[""107327""]",1,5158.600000010001,5400.000000010879,5270.95000001041,5158.600000010001,5158.600000010001,5162.650000010016,5260.850000010373,5260.900000010373,5270.90000001041,5270.95000001041,5395.950000010865,5400.000000010879,18.100000000000122,142.7499999999982,10.500000000000014,0,69.84999999999818,0.2,0,0.0,171.9999999999958
J000865,2023-01-03/SEBR,SEBR,AMR_17,G2_10,WS_25_20,"[""115591""]",1,5160.200000010007,5481.750000011177,5384.050000010821,5160.200000010007,5276.250000010429,5280.300000010444,5373.950000010785,5374.000000010785,5384.000000010821,5384.050000010821,5477.700000011162,5481.750000011177,18.100000000000122,212.6000000000141,21.000000000000163,0,69.59999999999819,0.25,0,116.00000000000209,140.0
J000866,2023-01-03/MMST,MMST,AMR_06,G0_10,WS_8_20,"[""125185""]",1,5165.600000010027,5459.250000011095,5419.45000001095,5165.600000010027,5316.700000010576,5320.750000010591,5409.350000010913,5409.400000010914,5419.40000001095,5419.45000001095,5455.20000001108,5459.250000011095,18.100000000000122,146.14999999999898,19.200000000000138,0,109.9499999999959,0.25,0,78.00000000000144,80.00000000000061
J000867,2023-01-03/SEBR,SEBR,AMR_24,G38_8,WS_25_20,"[""107328""]",1,5183.850000010093,5320.6000000105905,5251.250000010338,5183.850000010093,5183.850000010093,5187.900000010108,5241.1500000103015,5241.200000010302,5251.200000010338,5251.250000010338,5316.550000010576,5320.6000000105905,18.100000000000122,95.09999999999674,11.450000000000028,0,11.900000000000034,0.2,0,0.0,108.00000000000053
J000868,2023-01-03/MMST,MMST,AMR_33,G9_7,WS_8_20,"[""121833""]",2,5187.250000010105,5378.450000010801,5278.5500000104375,5187.250000010105,5225.950000010246,5230.000000010261,5268.450000010401,5268.500000010401,5278.500000010437,5278.5500000104375,5374.400000010786,5378.450000010801,18.100000000000122,100.44999999999644,15.300000000000082,0,57.09999999999889,0.25,0,35.999999999999986,72.00000000000068
J000869,2023-01-03/LARK,LARK,AMR_39,G23_12,WS_30_20,"[""110465"", ""112036""]",2,5188.50000001011,5362.400000010743,5292.300000010488,5188.50000001011,5231.8000000102675,5235.850000010282,5282.200000010451,5282.250000010451,5292.250000010487,5292.300000010488,5358.350000010728,5362.400000010743,18.100000000000122,105.74999999999613,15.250000000000082,0,34.550000000000175,0.25,0,40.00000000000021,76.00000000000023
J000870,2023-01-03/MMPL,MMPL,AMR_31,G3_2,WS_13_20,"[""110351""]",1,5200.950000010155,5429.750000010988,5363.900000010748,5200.950000010155,5268.1500000104,5272.200000010414,5353.800000010711,5353.8500000107115,5363.850000010748,5363.900000010748,5425.700000010973,5429.750000010988,18.100000000000122,165.65000000000342,19.050000000000136,0,25.75000000000023,0.25,0,58.00000000000058,132.00000000000233
J000871,2023-01-03/MMST,MMST,AMR_05,G20_8,WS_8_20,"[""107254""]",1,5201.900000010159,5470.850000011137,5387.550000010834,5201.900000010159,5269.000000010403,5273.0500000104175,5377.450000010797,5377.5000000107975,5387.500000010834,5387.550000010834,5466.800000011122,5470.850000011137,18.100000000000122,154.1000000000008,17.20000000000011,0,79.29999999999764,0.25,0,54.0000000000003,104.00000000000117
J000872,2023-01-03/MMTU,MMTU,AMR_21,G32_12,WS_19_20,"[""110164"", ""110587"", ""138468""]",4,5203.200000010163,5485.35000001119,5416.150000010938,5203.200000010163,5296.350000010502,5300.400000010517,5406.050000010901,5406.100000010902,5416.100000010938,5416.150000010938,5481.300000011175,5485.35000001119,18.100000000000122,140.14999999999762,12.35000000000004,0,111.29999999999582,0.25,0,58.0,92.00000000000026
J000873,2023-01-03/MMPL,MMPL,AMR_37,G32_10,WS_13_20,"[""110256""]",1,5208.300000010182,5478.300000011164,5380.95000001081,5208.300000010182,5240.8500000103,5244.900000010315,5370.850000010773,5370.9000000107735,5380.90000001081,5380.95000001081,5474.2500000111495,5478.300000011164,18.100000000000122,137.49999999999702,14.300000000000068,0,99.84999999999647,0.25,0,24.0,120.0000000000004
J000874,2023-01-03/MMTU,MMTU,AMR_11,G26_8,WS_19_20,"[""110254"", ""112292""]",4,5220.400000010226,5461.550000011103,5399.100000010876,5220.400000010226,5288.900000010475,5292.95000001049,5389.000000010839,5389.0500000108395,5399.050000010876,5399.100000010876,5457.500000011089,5461.550000011103,18.100000000000122,138.49999999999724,21.000000000000163,0,63.29999999999854,0.25,0,66.00000000000043,80.00000000000054
J000875,2023-01-03/MMPL,MMPL,AMR_14,G3_1,WS_13_20,"[""110548""]",1,5225.350000010244,5395.250000010862,5329.800000010624,5225.350000010244,5242.350000010306,5246.400000010321,5319.700000010587,5319.750000010587,5329.750000010624,5329.800000010624,5391.200000010847,5395.250000010862,18.100000000000122,123.9999999999951,16.250000000000096,0,11.300000000000026,0.25,0,11.999999999999996,128.00000000000233
J000876,2023-01-03/LARK,LARK,AMR_22,G9_10,WS_30_20,"[""107380"", ""112086""]",4,5234.750000010278,5450.300000011062,5365.550000010754,5234.750000010278,5250.900000010337,5254.950000010352,5355.450000010717,5355.5000000107175,5365.500000010754,5365.550000010754,5446.250000011048,5450.300000011062,18.100000000000122,123.9499999999951,13.350000000000055,0,59.899999999998734,0.25,0,10.0,132.00000000000097
J000877,2023-01-03/LARK,LARK,AMR_09,G6_13,WS_30_20,"[""111223"", ""112032""]",2,5251.400000010339,5532.650000011362,5450.950000011065,5251.400000010339,5274.1500000104215,5278.200000010436,5440.850000011028,5440.900000011028,5450.900000011065,5450.950000011065,5528.600000011347,5532.650000011362,18.100000000000122,142.44999999999814,13.350000000000055,0,107.09999999999606,0.25,0,17.999999999999986,132.00000000000026
J000878,2023-01-03/MMTU,MMTU,AMR_15,G3_10,WS_19_20,"[""101024"", ""107301""]",2,5253.100000010345,5540.800000011392,5444.700000011042,5253.100000010345,5286.400000010466,5290.450000010481,5434.600000011005,5434.650000011005,5444.650000011042,5444.700000011042,5536.750000011377,5540.800000011392,18.100000000000122,135.6999999999966,15.250000000000082,0,118.39999999999542,0.25,0,28.000000000000025,112.00000000000115
J000879,2023-01-03/MMIM,MMIM,AMR_10,G14_8,WS_2_20,"[""110162"", ""110285"", ""111362""]",3,5271.00000001041,5456.1000000110835,5378.700000010802,5271.00000001041,5290.950000010483,5295.000000010497,5368.600000010765,5368.650000010765,5378.650000010802,5378.700000010802,5452.050000011069,5456.1000000110835,18.100000000000122,112.49999999999575,15.300000000000082,0,38.949999999999925,0.25,0,16.0,100.00000000000094
J000880,2023-01-03/MMIM,MMIM,AMR_27,G5_12,WS_2_20,"[""110492"", ""112432""]",2,5271.00000001041,5377.400000010797,5343.250000010673,5271.00000001041,5288.550000010474,5292.600000010489,5333.150000010636,5333.200000010636,5343.200000010673,5343.250000010673,5373.350000010782,5377.400000010797,18.100000000000122,55.199999999999,8.549999999999986,0,24.30000000000021,0.25,0,6.0,52.00000000000054
J000881,2023-01-03/MMIM,MMIM,AMR_07,G29_8,WS_2_20,"[""110232"", ""110596""]",2,5271.00000001041,5607.500000011634,5461.250000011102,5271.00000001041,5306.200000010538,5310.250000010553,5451.1500000110655,5451.200000011066,5461.200000011102,5461.250000011102,5603.4500000116195,5607.500000011634,18.100000000000122,171.80000000000481,18.150000000000123,0,128.1999999999949,0.25,0,30.0,159.99999999999855
J000882,2023-01-03/MMIM,MMIM,AMR_16,G32_15,WS_2_20,"[""110283"", ""110306""]",2,5271.00000001041,5535.250000011371,5427.050000010978,5271.00000001041,5290.700000010482,5294.7500000104965,5416.950000010941,5417.000000010941,5427.000000010978,5427.050000010978,5531.200000011357,5535.250000011371,18.100000000000122,137.399999999997,16.250000000000096,0,92.2499999999969,0.25,0,12.0,147.99999999999937
J000883,2023-01-03/MMIM,MMIM,AMR_23,G35_8,WS_2_20,"[""110234"", ""112359""]",2,5276.45000001043,5589.500000011569,5478.300000011164,5276.45000001043,5315.850000010573,5319.900000010588,5468.2000000111275,5468.250000011128,5478.250000011164,5478.300000011164,5585.450000011554,5589.500000011569,18.100000000000122,199.9000000000112,18.150000000000123,0,76.64999999999779,0.25,0,42.000000000000284,183.99999999999736
J000884,2023-01-03/MMST,MMST,AMR_25,G5_15,WS_8_20,"[""110390""]",1,5278.700000010438,5462.950000011108,5435.400000011008,5278.700000010438,5350.100000010698,5354.150000010713,5425.300000010971,5425.350000010972,5435.350000011008,5435.400000011008,5458.900000011094,5462.950000011108,18.100000000000122,111.24999999999582,12.400000000000041,0,42.24999999999974,0.25,0,86.00000000000205,40.0
J000885,2023-01-03/MMIM,MMIM,AMR_20,G9_12,WS_2_20,"[""110593""]",1,5287.0500000104685,5490.650000011209,5444.20000001104,5287.0500000104685,5384.750000010824,5388.800000010839,5434.100000011003,5434.150000011004,5444.15000001104,5444.20000001104,5486.600000011194,5490.650000011209,18.100000000000122,118.34999999999542,18.100000000000122,0,48.799999999999365,0.25,0,52.000000000000284,72.00000000000068
J000886,2023-01-03/MMPL,MMPL,AMR_40,G26_2,WS_13_20,"[""110530""]",1,5315.600000010572,5512.95000001129,5437.100000011014,5315.600000010572,5336.200000010647,5340.250000010662,5427.000000010978,5427.050000010978,5437.050000011014,5437.100000011014,5508.900000011276,5512.95000001129,18.100000000000122,130.94999999999553,14.300000000000068,0,33.75000000000022,0.25,0,19.999999999999986,128.00000000000176
J000887,2023-01-03/LARK,LARK,AMR_24,G3_9,WS_30_20,"[""111226"", ""125462""]",2,5320.650000010591,5814.150000012386,5695.750000011955,5320.650000010591,5438.000000011018,5442.050000011032,5685.650000011919,5685.700000011919,5695.700000011955,5695.750000011955,5810.100000012371,5814.150000012386,18.100000000000122,262.8500000000255,26.750000000000245,0,185.55000000000794,0.25,0,92.00000000000124,195.99999999999454
J000888,2023-01-03/MMPL,MMPL,AMR_38,G35_13,WS_13_20,"[""110214""]",1,5332.950000010635,5631.850000011723,5504.850000011261,5332.950000010635,5427.300000010979,5431.350000010993,5494.750000011224,5494.800000011224,5504.800000011261,5504.850000011261,5627.800000011708,5631.850000011723,18.100000000000122,179.90000000000666,24.850000000000218,0,75.79999999999784,0.25,0,82.00000000000072,124.00000000000038
J000889,2023-01-03/LARK,LARK,AMR_39,G6_2,WS_30_20,"[""110168"", ""110418""]",3,5362.450000010743,5758.050000012182,5651.5500000117945,5362.450000010743,5453.500000011074,5457.550000011089,5641.450000011758,5641.500000011758,5651.500000011794,5651.5500000117945,5754.000000012167,5758.050000012182,18.100000000000122,229.3000000000179,25.80000000000023,0,122.1499999999952,0.25,0,70.00000000000074,179.99999999999415
J000890,2023-01-03/MMPL,MMPL,AMR_34,G38_15,WS_13_20,"[""112372""]",1,5362.550000010743,5717.500000012034,5620.7500000116825,5362.550000010743,5461.950000011105,5466.0000000111195,5610.650000011646,5610.700000011646,5620.700000011682,5620.7500000116825,5713.45000001202,5717.500000012034,18.100000000000122,203.10000000001193,22.000000000000178,0,111.49999999999581,0.25,0,88.00000000000038,127.99999999999993
J000891,2023-01-03/MMTU,MMTU,AMR_02,G38_8,WS_19_20,"[""101015"", ""101295"", ""110165"", ""123788""]",4,5362.900000010744,5709.500000012005,5567.000000011487,5362.900000010744,5459.050000011094,5463.100000011109,5556.90000001145,5556.95000001145,5566.950000011487,5567.000000011487,5705.450000011991,5709.500000012005,18.100000000000122,202.40000000001177,19.150000000000137,0,106.69999999999608,0.25,0,94.00000000000054,147.99999999999906
J000892,2023-01-03/MMST,MMST,AMR_28,G6_12,WS_8_20,"[""112045""]",1,5373.500000010783,5523.4500000113285,5491.500000011212,5373.500000010783,5427.400000010979,5431.450000010994,5481.4000000111755,5481.450000011176,5491.450000011212,5491.500000011212,5519.400000011314,5523.4500000113285,18.100000000000122,85.64999999999728,13.350000000000055,0,32.600000000000286,0.25,0,34.000000000000014,52.0000000000003
J000893,2023-01-03/LARK,LARK,AMR_27,G29_13,WS_30_20,"[""110199""]",1,5377.450000010797,5602.750000011617,5564.9500000114795,5377.450000010797,5518.200000011309,5522.250000011324,5554.850000011443,5554.900000011443,5564.900000011479,5564.9500000114795,5598.700000011602,5602.750000011617,18.100000000000122,120.3499999999953,18.200000000000124,0,68.39999999999826,0.25,0,74.00000000000034,48.00000000000013
J000894,2023-01-03/MMPL,MMPL,AMR_33,G38_13,WS_13_20,"[""107204""]",1,5378.500000010801,5712.150000012015,5603.50000001162,5378.500000010801,5499.750000011242,5503.800000011257,5593.400000011583,5593.450000011583,5603.4500000116195,5603.50000001162,5708.100000012,5712.150000012015,18.100000000000122,203.0000000000119,19.100000000000136,0,93.19999999999685,0.25,0,94.00000000000041,132.00000000000014
J000895,2023-01-03/MMIM,MMIM,AMR_12,G23_12,WS_2_20,"[""101332"", ""110169"", ""112087""]",3,5389.350000010841,5681.650000011904,5573.050000011509,5389.350000010841,5460.300000011099,5464.3500000111135,5562.950000011472,5563.000000011472,5573.000000011509,5573.050000011509,5677.600000011889,5681.650000011904,18.100000000000122,154.1500000000008,13.300000000000054,0,106.49999999999609,0.25,0,54.00000000000034,124.0000000000021
J000896,2023-01-03/MMTU,MMTU,AMR_14,G15_13,WS_19_20,"[""214619""]",1,5395.300000010862,5639.4500000117505,5547.050000011414,5395.300000010862,5465.950000011119,5470.000000011134,5536.950000011378,5537.000000011378,5547.000000011414,5547.050000011414,5635.400000011736,5639.4500000117505,18.100000000000122,120.09999999999532,18.150000000000123,0,87.54999999999717,0.25,0,72.00000000000142,52.00000000000013
J000897,2023-01-03/MMST,MMST,AMR_30,G23_8,WS_8_20,"[""101076""]",1,5397.250000010869,5614.50000001166,5507.850000011272,5397.250000010869,5426.400000010975,5430.45000001099,5497.750000011235,5497.800000011235,5507.800000011272,5507.850000011272,5610.450000011645,5614.50000001166,18.100000000000122,145.3999999999988,15.250000000000082,0,38.249999999999964,0.25,0,24.0,148.00000000000048
J000898,2023-01-03/MMTU,MMTU,AMR_01,G18_12,WS_19_20,"[""101299""]",1,5400.05000001088,5553.500000011438,5512.80000001129,5400.05000001088,5466.850000011123,5470.900000011137,5502.700000011253,5502.750000011253,5512.75000001129,5512.80000001129,5549.450000011423,5553.500000011438,18.100000000000122,97.84999999999658,18.150000000000123,0,19.100000000000136,0.25,0,58.0000000000003,48.0000000000003
J000899,2023-01-03/LARK,LARK,AMR_03,G20_9,WS_30_20,"[""101185"", ""110346""]",3,5402.700000010889,5705.25000001199,5600.350000011608,5402.700000010889,5523.500000011329,5527.550000011343,5590.2500000115715,5590.300000011572,5600.300000011608,5600.350000011608,5701.200000011975,5705.25000001199,18.100000000000122,189.3500000000088,24.90000000000022,0,69.94999999999817,0.25,0,116.00000000000261,100.00000000000082
J000900,2023-01-03/MMST,MMST,AMR_18,G6_1,WS_8_20,"[""110514""]",1,5406.3500000109025,5521.750000011322,5475.3500000111535,5406.3500000109025,5406.3500000109025,5410.400000010917,5465.250000011117,5465.300000011117,5475.300000011153,5475.3500000111535,5517.700000011308,5521.750000011322,18.100000000000122,82.29999999999747,8.549999999999986,0,6.249999999999986,0.2,0,0.0,96.00000000000159
J000901,2023-01-03/MMIM,MMIM,AMR_36,G23_9,WS_2_20,"[""107175"", ""110309"", ""110588""]",3,5411.400000010921,5572.850000011508,5503.150000011255,5411.400000010921,5419.200000010949,5423.250000010964,5493.050000011218,5493.100000011218,5503.100000011254,5503.150000011255,5568.8000000114935,5572.850000011508,18.100000000000122,122.0999999999952,11.450000000000028,0,9.55,0.25,0,6.0,132.00000000000173
J000902,2023-01-03/MMTU,MMTU,AMR_35,G20_12,WS_19_20,"[""110289""]",1,5414.200000010931,5590.300000011572,5530.000000011352,5414.200000010931,5472.250000011142,5476.300000011157,5519.900000011316,5519.950000011316,5529.950000011352,5530.000000011352,5586.250000011557,5590.300000011572,18.100000000000122,92.14999999999691,15.300000000000082,0,50.29999999999928,0.25,0,38.0,52.0000000000003
J000903,2023-01-03/MMST,MMST,AMR_19,G26_7,WS_8_20,"[""101273""]",1,5428.400000010983,5726.700000012068,5642.550000011762,5428.400000010983,5519.850000011315,5523.90000001133,5632.450000011725,5632.500000011725,5642.500000011762,5642.550000011762,5722.650000012053,5726.700000012068,18.100000000000122,188.80000000000868,16.250000000000096,0,74.89999999999789,0.25,0,90.00000000000125,132.0000000000018
J000904,2023-01-03/MMIM,MMIM,AMR_31,G3_12,WS_2_20,"[""112367""]",1,5429.800000010988,5550.600000011427,5519.700000011315,5429.800000010988,5480.650000011173,5484.7000000111875,5509.600000011278,5509.650000011278,5519.650000011315,5519.700000011315,5546.5500000114125,5550.600000011427,18.100000000000122,66.99999999999834,9.55,0,25.900000000000233,0.25,0,23.999999999999996,48.00000000000041
J000905,2023-01-03/MMTU,MMTU,AMR_13,G17_12,WS_19_20,"[""101027""]",1,5430.950000010992,5540.550000011391,5488.2500000112,5430.950000010992,5430.950000010992,5435.000000011007,5478.150000011164,5478.200000011164,5488.2000000112,5488.2500000112,5536.500000011376,5540.550000011391,18.100000000000122,55.34999999999899,8.549999999999986,0,27.400000000000254,0.2,0,0.0,56.00000000000023
J000906,2023-01-03/MMST,MMST,AMR_08,G29_12,WS_8_20,"[""110417""]",1,5442.700000011035,5711.950000012014,5574.200000011513,5442.700000011035,5463.700000011111,5467.750000011126,5564.100000011476,5564.150000011477,5574.150000011513,5574.200000011513,5707.9000000119995,5711.950000012014,18.100000000000122,135.59999999999658,15.250000000000082,0,100.04999999999646,0.25,0,14.0,128.00000000000114
J000907,2023-01-03/MMIM,MMIM,AMR_32,G6_10,WS_2_20,"[""124210""]",1,5448.350000011055,5571.300000011503,5536.200000011375,5448.350000011055,5478.050000011163,5482.100000011178,5526.100000011338,5526.150000011338,5536.150000011375,5536.200000011375,5567.250000011488,5571.300000011503,18.100000000000122,77.89999999999772,12.400000000000041,0,14.300000000000068,0.25,0,22.0,60.00000000000064
J000908,2023-01-03/MMTU,MMTU,AMR_04,G32_8,WS_19_20,"[""101095"", ""101297"", ""110519""]",4,5449.200000011058,5684.750000011915,5583.900000011548,5449.200000011058,5502.250000011251,5506.300000011266,5573.800000011512,5573.850000011512,5583.850000011548,5583.900000011548,5680.700000011901,5684.750000011915,18.100000000000122,133.14999999999603,15.300000000000082,0,68.74999999999824,0.25,0,44.00000000000013,104.00000000000068
J000909,2023-01-03/MMST,MMST,AMR_22,G35_9,WS_8_20,"[""110151""]",1,5450.350000011063,5815.15000001239,5671.250000011866,5450.350000011063,5516.050000011302,5520.100000011316,5661.150000011829,5661.20000001183,5671.200000011866,5671.250000011866,5811.100000012375,5815.15000001239,18.100000000000122,213.30000000001425,22.90000000000019,0,110.24999999999588,0.25,0,78.00000000000041,163.99999999999758
J000910,2023-01-03/LARK,LARK,AMR_10,G15_12,WS_30_20,"[""107272"", ""107285""]",2,5456.150000011084,5716.1500000120295,5617.45000001167,5456.150000011084,5477.650000011162,5481.700000011177,5607.350000011634,5607.400000011634,5617.40000001167,5617.45000001167,5712.100000012015,5716.1500000120295,18.100000000000122,128.599999999995,17.20000000000011,0,95.8499999999967,0.25,0,14.0,116.00000000000023
J000911,2023-01-03/SEBR,SEBR,AMR_06,G0_10,WS_25_20,"[""124794""]",1,5459.300000011095,5675.350000011881,5586.650000011558,5459.300000011095,5459.300000011095,5463.35000001111,5576.550000011522,5576.600000011522,5586.600000011558,5586.650000011558,5671.300000011866,5675.350000011881,18.100000000000122,142.54999999999816,15.300000000000082,0,39.89999999999987,0.2,0,0.0,159.9999999999983
J000912,2023-01-03/MMIM,MMIM,AMR_11,G26_8,WS_2_20,"[""110186"", ""112292""]",2,5461.6000000111035,5697.950000011963,5589.95000001157,5461.6000000111035,5461.6000000111035,5465.650000011118,5579.850000011534,5579.900000011534,5589.90000001157,5589.95000001157,5693.900000011949,5697.950000011963,18.100000000000122,150.24999999999991,13.350000000000055,0,54.449999999999044,0.2,0,0.0,167.99999999999747
J000913,2023-01-03/LARK,LARK,AMR_25,G35_12,WS_30_20,"[""112059""]",1,5467.900000011126,5670.700000011864,5634.5000000117325,5467.900000011126,5552.750000011435,5556.80000001145,5624.400000011696,5624.450000011696,5634.450000011732,5634.5000000117325,5666.650000011849,5670.700000011864,18.100000000000122,123.39999999999513,14.300000000000068,0,46.74999999999948,0.25,0,74.0000000000003,68.0000000000003
J000914,2023-01-03/MMST,MMST,AMR_05,G14_9,WS_8_20,"[""123035""]",1,5475.400000011154,5608.800000011639,5558.600000011456,5475.400000011154,5507.45000001127,5511.500000011285,5548.50000001142,5548.55000001142,5558.550000011456,5558.600000011456,5604.750000011624,5608.800000011639,18.100000000000122,96.04999999999669,17.20000000000011,0,1.800000000000001,0.25,0,26.0,76.00000000000082
J000915,2023-01-03/MMIM,MMIM,AMR_37,G0_9,WS_2_20,"[""131976""]",1,5478.350000011164,5639.4500000117505,5610.900000011647,5478.350000011164,5559.800000011461,5563.8500000114755,5600.80000001161,5600.85000001161,5610.850000011646,5610.900000011647,5635.400000011736,5639.4500000117505,18.100000000000122,121.89999999999522,12.400000000000041,0,8.449999999999985,0.25,0,90.00000000000169,60.00000000000056
J000916,2023-01-03/MMTU,MMTU,AMR_17,G12_12,WS_19_20,"[""110296""]",1,5488.300000011201,5803.850000012349,5761.950000012196,5488.300000011201,5520.250000011317,5524.300000011332,5751.850000012159,5751.90000001216,5761.900000012196,5761.950000012196,5799.800000012334,5803.850000012349,18.100000000000122,132.34999999999584,20.00000000000015,0,144.8499999999987,0.25,0,24.0,104.00000000000023
J000917,2023-01-03/MMST,MMST,AMR_20,G15_9,WS_8_20,"[""120778""]",1,5491.550000011212,5685.9000000119195,5589.95000001157,5491.550000011212,5524.0000000113305,5528.050000011345,5579.850000011534,5579.900000011534,5589.90000001157,5589.95000001157,5681.850000011905,5685.9000000119195,18.100000000000122,106.74999999999608,16.250000000000096,0,52.999999999999126,0.25,0,22.0,88.0000000000008
J000918,2023-01-03/MMIM,MMIM,AMR_21,G32_12,WS_2_20,"[""112353"", ""124184"", ""138468""]",3,5503.200000011255,5866.850000012578,5713.700000012021,5503.200000011255,5503.200000011255,5507.25000001127,5703.600000011984,5703.650000011984,5713.65000001202,5713.700000012021,5862.800000012563,5866.850000012578,18.100000000000122,175.3000000000056,13.350000000000055,0,156.70000000000138,0.2,0,0.0,207.99999999999318
J000919,2023-01-03/SEBR,SEBR,AMR_29,G38_9,WS_25_20,"[""101122""]",1,5510.400000011281,5628.4500000117105,5570.6500000115,5510.400000011281,5510.400000011281,5514.450000011296,5560.550000011463,5560.600000011464,5570.6000000115,5570.6500000115,5624.400000011696,5628.4500000117105,18.100000000000122,87.0499999999972,11.450000000000028,0,1.2500000000000004,0.2,0,0.0,104.00000000000047
J000920,2023-01-03/MMTU,MMTU,AMR_40,G26_12,WS_19_20,"[""121833""]",2,5513.0000000112905,5672.30000001187,5600.95000001161,5513.0000000112905,5537.250000011379,5541.300000011393,5590.850000011574,5590.900000011574,5600.90000001161,5600.95000001161,5668.250000011855,5672.30000001187,18.100000000000122,84.04999999999737,12.400000000000041,0,44.49999999999961,0.25,0,24.0,64.0000000000003
J000921,2023-01-03/MMIM,MMIM,AMR_18,G12_13,WS_2_20,"[""112195""]",1,5521.8000000113225,5696.550000011958,5645.300000011772,5521.8000000113225,5591.150000011575,5595.2000000115895,5635.200000011735,5635.250000011735,5645.250000011772,5645.300000011772,5692.5000000119435,5696.550000011958,18.100000000000122,127.04999999999492,17.25000000000011,0,12.100000000000037,0.25,0,68.0000000000012,80.00000000000091
J000922,2023-01-03/MMTU,MMTU,AMR_28,G14_10,WS_19_20,"[""125180""]",1,5530.0500000113525,5692.600000011944,5621.350000011685,5530.0500000113525,5557.450000011452,5561.500000011467,5611.250000011648,5611.300000011648,5621.3000000116845,5621.350000011685,5688.550000011929,5692.600000011944,18.100000000000122,94.94999999999675,15.250000000000082,0,34.000000000000206,0.25,0,20.0,76.00000000000051
J000923,2023-01-03/MMIM,MMIM,AMR_09,G9_9,WS_2_20,"[""111229""]",1,5536.250000011375,5684.350000011914,5627.9000000117085,5536.250000011375,5562.000000011469,5566.0500000114835,5617.800000011672,5617.850000011672,5627.850000011708,5627.9000000117085,5680.300000011899,5684.350000011914,18.100000000000122,89.49999999999706,13.400000000000055,0,26.850000000000247,0.25,0,14.0,76.00000000000068
J000924,2023-01-03/MMTU,MMTU,AMR_13,G17_9,WS_19_20,"[""110141""]",1,5547.1000000114145,5694.900000011952,5654.800000011806,5547.1000000114145,5563.100000011473,5567.1500000114875,5644.70000001177,5644.75000001177,5654.750000011806,5654.800000011806,5690.8500000119375,5694.900000011952,18.100000000000122,76.29999999999781,13.400000000000055,0,39.74999999999988,0.25,0,10.0,68.00000000000051
J000925,2023-01-03/LARK,LARK,AMR_31,G3_12,WS_30_20,"[""111268"", ""112013""]",4,5565.00000001148,5833.200000012455,5729.650000012079,5565.00000001148,5565.00000001148,5569.050000011494,5719.550000012042,5719.600000012042,5729.600000012078,5729.650000012079,5829.150000012441,5833.200000012455,18.100000000000122,142.99999999999827,9.5,0,97.39999999999661,0.2,0,0.0,151.99999999999858
J000926,2023-01-03/MMTU,MMTU,AMR_01,G18_8,WS_19_20,"[""110176""]",2,5567.050000011487,5713.50000001202,5671.9000000118685,5567.050000011487,5598.300000011601,5602.3500000116155,5661.800000011832,5661.850000011832,5671.850000011868,5671.9000000118685,5709.450000012005,5713.50000001202,18.100000000000122,81.14999999999753,15.250000000000082,0,31.700000000000315,0.25,0,12.0,68.00000000000054
J000927,2023-01-03/MMIM,MMIM,AMR_36,G17_12,WS_2_20,"[""101027"", ""101333""]",2,5573.100000011509,5763.650000012202,5696.650000011959,5573.100000011509,5601.950000011614,5606.000000011629,5686.550000011922,5686.600000011922,5696.600000011958,5696.650000011959,5759.600000012188,5763.650000012202,18.100000000000122,107.54999999999603,13.350000000000055,0,51.29999999999922,0.25,0,18.0,96.00000000000134
J000928,2023-01-03/MMTU,MMTU,AMR_16,G23_9,WS_19_20,"[""110588""]",3,5583.950000011549,5732.85000001209,5688.950000011931,5583.950000011549,5619.900000011679,5623.950000011694,5678.850000011894,5678.900000011894,5688.90000001193,5688.950000011931,5728.8000000120755,5732.85000001209,18.100000000000122,94.19999999999679,14.250000000000068,0,22.10000000000018,0.25,0,34.0,64.00000000000044
J000929,2023-01-03/SPRG,SPRG,AMR_32,G32_9,WS_25_20,"[""115794""]",1,5586.700000011559,5787.100000012288,5742.100000012124,5586.700000011559,5689.250000011932,5693.300000011946,5732.000000012087,5732.050000012087,5742.050000012124,5742.100000012124,5783.050000012273,5787.100000012288,18.100000000000122,115.39999999999559,14.300000000000068,0,52.34999999999916,0.25,0,58.00000000000004,80.0000000000006
J000930,2023-01-03/MMST,MMST,AMR_23,G35_8,WS_8_20,"[""110234""]",1,5589.550000011569,5810.250000012372,5721.75000001205,5589.550000011569,5589.550000011569,5593.600000011584,5711.650000012013,5711.700000012013,5721.70000001205,5721.75000001205,5806.200000012357,5810.250000012372,18.100000000000122,142.2999999999981,9.55,0,50.549999999999265,0.2,0,0.0,163.99999999999622
J000931,2023-01-03/MMIM,MMIM,AMR_15,G3_5,WS_2_20,"[""110339""]",1,5590.000000011571,5722.550000012053,5679.600000011897,5590.000000011571,5608.650000011638,5612.700000011653,5669.50000001186,5669.55000001186,5679.550000011896,5679.600000011897,5718.500000012038,5722.550000012053,18.100000000000122,79.9499999999976,11.500000000000028,0,22.75000000000019,0.25,0,14.0,76.00000000000095
J000932,2023-01-03/LARK,LARK,AMR_35,G38_12,WS_30_20,"[""110522""]",1,5600.400000011608,5786.800000012287,5746.700000012141,5600.400000011608,5680.6000000119,5684.650000011915,5736.600000012104,5736.650000012104,5746.6500000121405,5746.700000012141,5782.750000012272,5786.800000012287,18.100000000000122,120.5499999999953,17.15000000000011,0,30.350000000000296,0.25,0,60.00000000000023,72.0000000000003
J000933,2023-01-03/MMTU,MMTU,AMR_27,G11_10,WS_19_20,"[""124403""]",1,5602.800000011617,5840.450000012482,5791.400000012303,5602.800000011617,5710.1000000120075,5714.150000012022,5781.3000000122665,5781.350000012267,5791.350000012303,5791.400000012303,5836.400000012467,5840.450000012482,18.100000000000122,141.59999999999795,22.000000000000178,0,55.69999999999897,0.25,0,66.0000000000006,84.0000000000004
J000934,2023-01-03/MMIM,MMIM,AMR_26,G0_15,WS_2_20,"[""100949""]",1,5610.950000011647,5683.20000001191,5662.5500000118345,5610.950000011647,5610.950000011647,5615.0000000116615,5652.450000011798,5652.500000011798,5662.500000011834,5662.5500000118345,5679.150000011895,5683.20000001191,18.100000000000122,36.300000000000075,6.699999999999984,0,10.95000000000002,0.2,0,0.0,35.99999999999999
J000935,2023-01-03/LARK,LARK,AMR_07,G38_10,WS_30_20,"[""112216""]",1,5617.500000011671,5755.350000012172,5712.600000012017,5617.500000011671,5649.000000011785,5653.0500000118,5702.50000001198,5702.55000001198,5712.550000012016,5712.600000012017,5751.300000012157,5755.350000012172,18.100000000000122,95.8999999999967,15.250000000000082,0,8.349999999999984,0.25,0,30.0,76.0000000000005
J000936,2023-01-03/MMTI,MMTI,AMR_05,G17_13,WS_13_20,"[""110178""]",1,5620.800000011683,5829.00000001244,5760.450000012191,5620.800000011683,5700.000000011971,5704.0500000119855,5750.350000012154,5750.400000012154,5760.4000000121905,5760.450000012191,5824.950000012425,5829.00000001244,18.100000000000122,74.09999999999793,15.300000000000082,0,100.44999999999644,0.25,0,18.0,48.000000000000426
J000937,2023-01-03/MMTI,MMTI,AMR_30,G9_10,WS_13_20,"[""110227""]",1,5620.800000011683,5848.000000012509,5777.400000012252,5620.800000011683,5708.4500000120015,5712.500000012016,5767.300000012216,5767.350000012216,5777.350000012252,5777.400000012252,5843.9500000124945,5848.000000012509,18.100000000000122,122.34999999999519,19.050000000000136,0,67.44999999999831,0.25,0,60.000000000000654,64.0000000000005
J000938,2023-01-03/MMTI,MMTI,AMR_29,G23_7,WS_13_20,"[""110569""]",1,5628.500000011711,5854.650000012533,5743.150000012128,5628.500000011711,5678.150000011891,5682.200000011906,5733.050000012091,5733.100000012091,5743.100000012128,5743.150000012128,5850.600000012519,5854.650000012533,18.100000000000122,133.59999999999613,17.20000000000011,0,56.9999999999989,0.25,0,54.000000000000206,96.00000000000063
J000939,2023-01-03/MMTU,MMTU,AMR_38,G23_8,WS_19_20,"[""110317""]",1,5631.900000011723,5770.600000012228,5726.350000012067,5631.900000011723,5671.950000011869,5676.0000000118835,5716.25000001203,5716.30000001203,5726.300000012066,5726.350000012067,5766.550000012213,5770.600000012228,18.100000000000122,95.49999999999672,15.300000000000082,0,9.55,0.25,0,38.000000000000114,68.00000000000068
J000940,2023-01-03/MMIM,MMIM,AMR_14,G12_8,WS_2_20,"[""101077""]",1,5639.500000011751,5878.850000012621,5806.8500000123595,5639.500000011751,5698.200000011964,5702.250000011979,5796.750000012323,5796.800000012323,5806.800000012359,5806.8500000123595,5874.800000012607,5878.850000012621,18.100000000000122,163.90000000000302,21.100000000000165,0,36.00000000000009,0.25,0,36.000000000000014,159.99999999999926
J000941,2023-01-03/LARK,LARK,AMR_37,G39_9,WS_30_20,"[""110847""]",1,5639.500000011751,5852.800000012527,5794.050000012313,5639.500000011751,5736.300000012103,5740.350000012118,5783.950000012276,5784.000000012276,5794.000000012313,5794.050000012313,5848.750000012512,5852.800000012527,18.100000000000122,167.3500000000038,17.20000000000011,0,10.400000000000013,0.25,0,118.00000000000124,92.00000000000058
J000942,2023-01-03/MMIM,MMIM,AMR_25,G6_1,WS_2_20,"[""110514""]",1,5670.750000011864,5880.150000012626,5823.700000012421,5670.750000011864,5749.25000001215,5753.300000012165,5813.600000012384,5813.650000012384,5823.650000012421,5823.700000012421,5876.100000012611,5880.150000012626,18.100000000000122,152.30000000000038,15.250000000000082,0,23.5000000000002,0.25,0,80.00000000000085,104.0000000000019
J000943,2023-01-03/MMTU,MMTU,AMR_40,G9_12,WS_19_20,"[""110593""]",1,5672.35000001187,5888.250000012656,5832.100000012451,5672.35000001187,5770.8500000122285,5774.900000012243,5822.000000012415,5822.050000012415,5832.050000012451,5832.100000012451,5884.200000012641,5888.250000012656,18.100000000000122,132.5499999999959,17.15000000000011,0,47.84999999999942,0.25,0,58.00000000000037,84.00000000000074
J000944,2023-01-03/LARK,LARK,AMR_06,G20_8,WS_30_20,"[""110138""]",1,5675.400000011881,5881.850000012632,5828.100000012437,5675.400000011881,5751.450000012158,5755.500000012173,5818.0000000124,5818.0500000124,5828.050000012437,5828.100000012437,5877.800000012618,5881.850000012632,18.100000000000122,137.8499999999971,17.20000000000011,0,33.05000000000026,0.25,0,48.00000000000014,104.00000000000051
J000945,2023-01-03/MMST,MMST,AMR_12,G23_12,WS_8_20,"[""112087""]",2,5681.700000011904,5856.300000012539,5776.150000012248,5681.700000011904,5681.700000011904,5685.750000011919,5766.050000012211,5766.100000012211,5776.100000012248,5776.150000012248,5852.250000012525,5856.300000012539,18.100000000000122,97.89999999999658,12.35000000000004,0,46.04999999999952,0.2,0,0.0,104.00000000000094
J000946,2023-01-03/MMIM,MMIM,AMR_26,G0_10,WS_2_20,"[""112072""]",1,5683.25000001191,5787.250000012288,5760.050000012189,5683.25000001191,5710.950000012011,5715.000000012025,5749.9500000121525,5750.000000012153,5760.000000012189,5760.050000012189,5783.200000012273,5787.250000012288,18.100000000000122,63.09999999999855,11.500000000000028,0,11.050000000000022,0.25,0,14.000000000000002,56.00000000000046
J000947,2023-01-03/MMTU,MMTU,AMR_09,G12_9,WS_19_20,"[""122645""]",1,5684.400000011914,5851.450000012522,5808.300000012365,5684.400000011914,5731.550000012086,5735.6000000121,5798.200000012328,5798.250000012328,5808.250000012365,5808.300000012365,5847.400000012507,5851.450000012522,18.100000000000122,112.14999999999577,17.20000000000011,0,19.35000000000014,0.25,0,38.0000000000001,80.00000000000057
J000948,2023-01-03/MMIM,MMIM,AMR_04,G20_12,WS_2_20,"[""107101""]",1,5684.8000000119155,5953.700000012894,5874.850000012607,5684.8000000119155,5741.7000000121225,5745.750000012137,5864.75000001257,5864.80000001257,5874.800000012607,5874.850000012607,5949.650000012879,5953.700000012894,18.100000000000122,143.5999999999984,12.400000000000041,0,94.54999999999677,0.25,0,32.0,112.00000000000125
J000949,2023-01-03/MMTU,MMTU,AMR_20,G26_9,WS_19_20,"[""110374""]",1,5689.000000011931,5979.600000012988,5882.550000012635,5689.000000011931,5812.55000001238,5816.600000012395,5872.450000012598,5872.500000012598,5882.500000012635,5882.550000012635,5975.550000012973,5979.600000012988,18.100000000000122,144.54999999999862,24.90000000000022,0,102.7999999999963,0.25,0,78.00000000000063,76.00000000000043
J000950,2023-01-03/LARK,LARK,AMR_13,G17_9,WS_30_20,"[""107459""]",1,5695.8000000119555,5874.400000012605,5811.050000012375,5695.8000000119555,5695.8000000119555,5699.85000001197,5800.950000012338,5801.000000012338,5811.000000012375,5811.050000012375,5870.3500000125905,5874.400000012605,18.100000000000122,106.94999999999607,9.55,0,43.79999999999965,0.2,0,0.0,112.00000000000026
J000951,2023-01-03/SPRG,SPRG,AMR_18,G12_13,WS_25_20,"[""111998""]",1,5696.600000011958,5813.150000012382,5758.250000012183,5696.600000011958,5696.600000011958,5700.650000011973,5748.150000012146,5748.200000012146,5758.2000000121825,5758.250000012183,5809.100000012368,5813.150000012382,18.100000000000122,81.34999999999752,9.55,0,7.349999999999982,0.2,0,0.0,88.0000000000002
J000952,2023-01-03/MMIM,MMIM,AMR_28,G15_9,WS_2_20,"[""120778""]",1,5696.700000011959,5979.500000012988,5857.800000012545,5696.700000011959,5737.400000012107,5741.450000012122,5847.700000012508,5847.750000012508,5857.750000012545,5857.800000012545,5975.450000012973,5979.500000012988,18.100000000000122,123.19999999999514,15.250000000000082,0,125.99999999999498,0.25,0,12.0,112.00000000000176
J000953,2023-01-03/MMST,MMST,AMR_11,G26_8,WS_8_20,"[""110186""]",1,5698.0000000119635,5877.5000000126165,5792.600000012308,5698.0000000119635,5698.0000000119635,5702.050000011978,5782.500000012271,5782.550000012271,5792.5500000123075,5792.600000012308,5873.450000012602,5877.5000000126165,18.100000000000122,111.44999999999581,11.450000000000028,0,38.29999999999996,0.2,0,0.0,128.00000000000125
J000954,2023-01-03/MMST,MMST,AMR_33,G38_13,WS_8_20,"[""107204""]",1,5712.200000012015,5885.800000012647,5808.850000012367,5712.200000012015,5712.200000012015,5716.25000001203,5798.75000001233,5798.80000001233,5808.800000012367,5808.850000012367,5881.750000012632,5885.800000012647,18.100000000000122,131.49999999999565,11.450000000000028,0,12.35000000000004,0.2,0,0.0,155.99999999999815
J000955,2023-01-03/LARK,LARK,AMR_08,G29_12,WS_30_20,"[""101181""]",1,5712.650000012017,5794.600000012315,5763.750000012203,5712.650000012017,5712.650000012017,5716.7000000120315,5753.650000012166,5753.700000012166,5763.7000000122025,5763.750000012203,5790.5500000123,5794.600000012315,18.100000000000122,51.14999999999923,9.55,0,2.9499999999999975,0.2,0,0.0,52.00000000000023
J000956,2023-01-03/MMIM,MMIM,AMR_03,G20_9,WS_2_20,"[""107457"", ""110274""]",2,5713.750000012021,5914.700000012752,5840.750000012483,5713.750000012021,5713.750000012021,5717.8000000120355,5830.650000012446,5830.700000012446,5840.700000012483,5840.750000012483,5910.650000012737,5914.700000012752,18.100000000000122,105.64999999999614,9.55,0,67.44999999999831,0.2,0,0.0,120.00000000000205
J000957,2023-01-03/MMTU,MMTU,AMR_15,G0_15,WS_19_20,"[""100949"", ""110316""]",2,5726.400000012067,5918.550000012766,5848.650000012512,5726.400000012067,5760.900000012192,5764.950000012207,5838.550000012475,5838.600000012475,5848.600000012511,5848.650000012512,5914.500000012751,5918.550000012766,18.100000000000122,122.74999999999517,12.450000000000042,0,38.599999999999945,0.25,0,33.99999999999993,104.00000000000114
J000958,2023-01-03/LARK,LARK,AMR_10,G15_10,WS_30_20,"[""110462""]",1,5729.700000012079,5904.200000012714,5845.150000012499,5729.700000012079,5750.350000012154,5754.400000012169,5835.050000012462,5835.100000012462,5845.100000012499,5845.150000012499,5900.150000012699,5904.200000012714,18.100000000000122,106.3999999999961,13.350000000000055,0,36.40000000000007,0.25,0,8.0,108.00000000000065
J000959,2023-01-03/LARK,LARK,AMR_19,G27_2,WS_30_20,"[""110444""]",2,5746.750000012141,5938.350000012838,5879.250000012623,5746.750000012141,5768.900000012221,5772.950000012236,5869.150000012586,5869.200000012586,5879.200000012623,5879.250000012623,5934.300000012823,5938.350000012838,18.100000000000122,102.29999999999633,18.150000000000123,0,52.79999999999914,0.25,0,15.999999999999996,92.00000000000115
J000960,2023-01-03/TGKK,TGKK,AMR_39,G6_12,WS_25_20,"[""107263""]",1,5758.300000012183,5965.350000012936,5889.35000001266,5758.300000012183,5789.850000012298,5793.900000012312,5879.250000012623,5879.300000012623,5889.300000012659,5889.35000001266,5961.300000012921,5965.350000012936,18.100000000000122,128.649999999995,14.250000000000068,0,45.799999999999535,0.25,0,23.999999999999986,120.00000000000108
J000961,2023-01-03/MMIM,MMIM,AMR_01,G15_12,WS_2_20,"[""110323""]",1,5760.100000012189,5986.800000013014,5891.900000012669,5760.100000012189,5803.500000012347,5807.550000012362,5881.800000012632,5881.850000012632,5891.850000012669,5891.900000012669,5982.750000012999,5986.800000013014,18.100000000000122,123.39999999999513,17.20000000000011,0,67.7499999999983,0.25,0,38.000000000000085,96.00000000000082
J000962,2023-01-03/MMTU,MMTU,AMR_07,G32_13,WS_19_20,"[""111285""]",1,5762.000000012196,5925.000000012789,5865.500000012573,5762.000000012196,5789.100000012295,5793.15000001231,5855.400000012536,5855.450000012536,5865.450000012573,5865.500000012573,5920.950000012775,5925.000000012789,18.100000000000122,97.09999999999663,13.350000000000055,0,34.200000000000195,0.25,0,22.0,84.0000000000002
J000963,2023-01-03/LARK,LARK,AMR_36,G17_12,WS_30_20,"[""123304""]",1,5763.800000012203,5912.250000012743,5862.200000012561,5763.800000012203,5763.800000012203,5767.850000012218,5852.100000012524,5852.150000012524,5862.150000012561,5862.200000012561,5908.200000012728,5912.250000012743,18.100000000000122,91.69999999999693,9.5,0,28.950000000000276,0.2,0,0.0,100.00000000000014
J000964,2023-01-03/MTKB,MTKB,AMR_16,G26_6,WS_13_20,"[""109843"", ""110604"", ""111376"", ""120448"", ""138468""]",5,5777.4500000122525,6032.600000013181,5882.900000012636,5777.4500000122525,5793.20000001231,5797.250000012325,5872.800000012599,5872.8500000126,5882.850000012636,5882.900000012636,6028.550000013166,6032.600000013181,18.100000000000122,131.04999999999555,15.250000000000082,0,90.499999999997,0.25,0,12.0,120.00000000000063
J000965,2023-01-03/MTKB,MTKB,AMR_38,G27_9,WS_13_20,"[""101330"", ""110148"", ""110231"", ""111897""]",4,5777.4500000122525,6051.5000000132495,5916.8000000127595,5777.4500000122525,5829.800000012443,5833.850000012458,5906.700000012723,5906.750000012723,5916.750000012759,5916.8000000127595,6047.450000013235,6051.5000000132495,18.100000000000122,139.69999999999752,17.25000000000011,0,98.74999999999653,0.25,0,42.000000000000284,112.00000000000045
J000966,2023-01-03/MTKB,MTKB,AMR_02,G18_2,WS_13_20,"[""110161"", ""120450"", ""124008"", ""140079""]",7,5777.4500000122525,6053.200000013256,5939.500000012842,5777.4500000122525,5863.650000012566,5867.700000012581,5929.400000012805,5929.4500000128055,5939.450000012842,5939.500000012842,6049.150000013241,6053.200000013256,18.100000000000122,136.4999999999968,15.300000000000082,0,105.59999999999614,0.25,0,52.0,104.00000000000145
J000967,2023-01-03/MTKB,MTKB,AMR_34,G23_2,WS_13_20,"[""110178"", ""110362"", ""110484"", ""112394""]",4,5777.4500000122525,6117.65000001349,5996.400000013049,5777.4500000122525,5861.350000012558,5865.4000000125725,5986.300000013012,5986.3500000130125,5996.350000013049,5996.400000013049,6113.600000013475,6117.65000001349,18.100000000000122,187.20000000000832,19.95000000000015,0,114.69999999999563,0.25,0,88.00000000000107,116.00000000000105
J000968,2023-01-03/MTKB,MTKB,AMR_35,G26_2,WS_13_20,"[""107213"", ""110599"", ""121904"", ""123272""]",5,5786.850000012287,6125.85000001352,5979.100000012986,5786.850000012287,5854.500000012533,5858.550000012548,5969.000000012949,5969.05000001295,5979.050000012986,5979.100000012986,6121.800000013505,6125.85000001352,18.100000000000122,157.55000000000157,16.200000000000095,0,146.89999999999915,0.25,0,44.0,128.00000000000136
J000969,2023-01-03/MTKB,MTKB,AMR_32,G15_13,WS_13_20,"[""111322"", ""111366"", ""214619""]",3,5787.150000012288,5978.900000012985,5900.250000012699,5787.150000012288,5856.950000012542,5861.0000000125565,5890.1500000126625,5890.200000012663,5900.200000012699,5900.250000012699,5974.850000012971,5978.900000012985,18.100000000000122,100.69999999999642,17.20000000000011,0,55.499999999998984,0.25,0,58.00000000000021,48.000000000000256
J000970,2023-01-03/MMTU,MMTU,AMR_26,G9_9,WS_19_20,"[""111229""]",1,5791.4500000123035,5969.500000012951,5910.650000012737,5791.4500000123035,5821.950000012414,5826.000000012429,5900.5500000127,5900.600000012701,5910.600000012737,5910.650000012737,5965.4500000129365,5969.500000012951,18.100000000000122,106.54999999999609,15.250000000000082,0,37.899999999999984,0.25,0,23.99999999999995,92.00000000000102
J000971,2023-01-03/LARK,LARK,AMR_08,G24_2,WS_30_20,"[""123034""]",1,5794.650000012315,6080.150000013354,5953.500000012893,5794.650000012315,5864.70000001257,5868.750000012585,5943.400000012856,5943.450000012856,5953.450000012893,5953.500000012893,6076.100000013339,6080.150000013354,18.100000000000122,157.35000000000153,23.000000000000192,0,86.79999999999721,0.25,0,42.00000000000026,120.00000000000088
J000972,2023-01-03/MMIM,MMIM,AMR_17,G12_1,WS_2_20,"[""101059""]",1,5806.90000001236,5966.650000012941,5908.950000012731,5806.90000001236,5834.300000012459,5838.350000012474,5898.850000012694,5898.900000012694,5908.900000012731,5908.950000012731,5962.600000012926,5966.650000012941,18.100000000000122,121.79999999999522,12.450000000000042,0,7.149999999999983,0.25,0,25.999999999999957,128.000000000003
J000973,2023-01-03/PJOT,PJOT,AMR_23,G20_2,WS_8_20,"[""111212"", ""111391""]",2,5810.300000012372,6101.400000013431,6008.400000013093,5810.300000012372,5874.500000012606,5878.55000001262,5998.300000013056,5998.350000013056,6008.3500000130925,6008.400000013093,6097.350000013416,6101.400000013431,18.100000000000122,186.50000000000816,19.100000000000136,0,67.14999999999833,0.25,0,42.0,175.99999999999656
J000974,2023-01-03/PJOT,PJOT,AMR_18,G14_12,WS_8_20,"[""124208""]",1,5813.200000012383,5996.55000001305,5883.5500000126385,5813.200000012383,5836.250000012466,5840.300000012481,5873.450000012602,5873.500000012602,5883.500000012638,5883.5500000126385,5992.500000013035,5996.55000001305,18.100000000000122,98.69999999999654,19.150000000000137,0,47.14999999999946,0.25,0,6.0,92.00000000000111
J000975,2023-01-03/PJOT,PJOT,AMR_24,G5_10,WS_8_20,"[""122814""]",1,5814.200000012386,5938.100000012837,5899.600000012697,5814.200000012386,5827.450000012434,5831.500000012449,5889.50000001266,5889.55000001266,5899.550000012697,5899.600000012697,5934.050000012822,5938.100000012837,18.100000000000122,73.99999999999794,14.350000000000069,0,17.20000000000011,0.25,0,6.0,68.00000000000045
J000976,2023-01-03/PJOT,PJOT,AMR_22,G11_9,WS_8_20,"[""110595""]",1,5815.20000001239,6137.850000013564,6092.650000013399,5815.20000001239,6018.000000013128,6022.050000013142,6082.5500000133625,6082.600000013363,6092.600000013399,6092.650000013399,6133.800000013549,6137.850000013564,18.100000000000122,178.55000000000635,28.800000000000274,0,96.94999999999663,0.25,0,116.00000000000128,64.00000000000054
J000977,2023-01-03/LARK,LARK,AMR_05,G35_9,WS_30_20,"[""110500""]",1,5829.05000001244,6033.100000013183,5936.20000001283,5829.05000001244,5879.600000012624,5883.650000012639,5926.100000012793,5926.1500000127935,5936.15000001283,5936.20000001283,6029.050000013168,6033.100000013183,18.100000000000122,108.199999999996,17.20000000000011,0,60.29999999999871,0.25,0,48.00000000000004,68.00000000000044
J000978,2023-01-03/MMTU,MMTU,AMR_31,G29_12,WS_19_20,"[""113197""]",1,5833.2500000124555,6133.450000013548,6064.600000013297,5833.2500000124555,5962.950000012927,5967.000000012942,6054.50000001326,6054.550000013261,6064.550000013297,6064.600000013297,6129.400000013533,6133.450000013548,18.100000000000122,152.25000000000037,22.000000000000178,0,107.59999999999603,0.25,0,80.00000000000034,80.00000000000017
J000979,2023-01-03/PJOT,PJOT,AMR_27,G14_7,WS_8_20,"[""110157""]",1,5840.500000012482,6110.550000013464,6024.450000013151,5840.500000012482,5883.250000012637,5887.300000012652,6014.350000013114,6014.400000013115,6024.400000013151,6024.450000013151,6106.50000001345,6110.550000013464,18.100000000000122,117.49999999999547,16.300000000000097,0,117.89999999999544,0.25,0,16.0,100.00000000000122
J000980,2023-01-03/MMIM,MMIM,AMR_30,G15_2,WS_2_20,"[""110466""]",1,5848.050000012509,6022.250000013143,5949.90000001288,5848.050000012509,5879.7000000126245,5883.750000012639,5939.800000012843,5939.850000012843,5949.85000001288,5949.90000001288,6018.200000013128,6022.250000013143,18.100000000000122,131.09999999999556,14.350000000000069,0,10.400000000000013,0.25,0,27.99999999999999,128.0000000000021
J000981,2023-01-03/LARK,LARK,AMR_09,G12_12,WS_30_20,"[""110501""]",2,5851.500000012522,6197.500000013781,6125.85000001352,5851.500000012522,5867.800000012581,5871.850000012596,6115.750000013483,6115.800000013483,6125.80000001352,6125.85000001352,6193.450000013766,6197.500000013781,18.100000000000122,156.95000000000144,21.000000000000163,0,149.6999999999998,0.25,0,10.0,139.99999999999926
J000982,2023-01-03/MMTU,MMTU,AMR_37,G5_9,WS_19_20,"[""110512""]",1,5852.850000012527,6254.200000013987,6087.750000013381,5852.850000012527,5973.350000012965,5977.40000001298,6077.650000013345,6077.700000013345,6087.700000013381,6087.750000013381,6250.150000013972,6254.200000013987,18.100000000000122,222.25000000001629,22.95000000000019,0,137.79999999999708,0.25,0,132.00000000000247,124.00000000000136
J000983,2023-01-03/PJOT,PJOT,AMR_29,G38_12,WS_8_20,"[""113194""]",1,5854.700000012534,6208.30000001382,6076.700000013341,5854.700000012534,5931.200000012812,5935.250000012827,6066.600000013304,6066.650000013305,6076.650000013341,6076.700000013341,6204.250000013805,6208.30000001382,18.100000000000122,204.20000000001218,19.150000000000137,0,111.89999999999579,0.25,0,72.00000000000048,159.99999999999645
J000984,2023-01-03/MMIM,MMIM,AMR_12,G23_8,WS_2_20,"[""101076""]",1,5856.35000001254,6211.15000001383,6078.550000013348,5856.35000001254,5881.25000001263,5885.300000012645,6068.450000013311,6068.500000013311,6078.500000013348,6078.550000013348,6207.100000013816,6211.15000001383,18.100000000000122,165.50000000000338,19.100000000000136,0,151.85000000000028,0.25,0,12.0,171.9999999999994
J000985,2023-01-03/LARK,LARK,AMR_21,G23_7,WS_30_20,"[""111999""]",1,5866.900000012578,6089.1500000133865,6031.800000013178,5866.900000012578,5939.700000012843,5943.7500000128575,6021.700000013141,6021.750000013141,6031.750000013178,6031.800000013178,6085.100000013372,6089.1500000133865,18.100000000000122,116.29999999999553,14.300000000000068,0,73.29999999999798,0.25,0,32.00000000000003,96.00000000000065
J000986,2023-01-03/MMTU,MMTU,AMR_13,G23_12,WS_19_20,"[""112087""]",2,5874.450000012605,6008.3500000130925,5966.750000012941,5874.450000012605,5922.250000012779,5926.300000012794,5956.6500000129045,5956.700000012905,5966.700000012941,5966.750000012941,6004.300000013078,6008.3500000130925,18.100000000000122,75.79999999999784,15.300000000000082,0,24.450000000000212,0.25,0,22.0,52.0000000000003
J000987,2023-01-03/MMIM,MMIM,AMR_11,G30_13,WS_2_20,"[""110286""]",1,5877.550000012617,6246.550000013959,6150.65000001361,5877.550000012617,5935.600000012828,5939.650000012843,6140.5500000135735,6140.600000013574,6150.60000001361,6150.65000001361,6242.500000013944,6246.550000013959,18.100000000000122,198.70000000001093,24.850000000000218,0,127.09999999999492,0.25,0,42.00000000000021,175.9999999999972
J000988,2023-01-03/LARK,LARK,AMR_14,G12_9,WS_30_20,"[""107303""]",2,5878.900000012622,6236.450000013922,6050.750000013247,5878.900000012622,5882.750000012636,5886.80000001265,6040.65000001321,6040.70000001321,6050.700000013247,6050.750000013247,6232.400000013908,6236.450000013922,18.100000000000122,152.15000000000035,15.250000000000082,0,171.80000000000481,0.25,0,2.0,159.99999999999926
J000989,2023-01-03/MMTU,MMTU,AMR_25,G3_12,WS_19_20,"[""112367""]",1,5880.200000012626,6101.350000013431,6047.550000013235,5880.200000012626,5921.300000012776,5925.350000012791,6037.450000013198,6037.500000013199,6047.500000013235,6047.550000013235,6097.300000013416,6101.350000013431,18.100000000000122,133.29999999999606,20.05000000000015,0,49.44999999999933,0.25,0,31.99999999999999,112.0000000000015
J000990,2023-01-03/MMIM,MMIM,AMR_06,G20_8,WS_2_20,"[""107254""]",1,5881.9000000126325,6051.65000001325,5972.400000012962,5881.9000000126325,5881.9000000126325,5885.950000012647,5962.300000012925,5962.350000012925,5972.350000012962,5972.400000012962,6047.600000013235,6051.65000001325,18.100000000000122,107.44999999999604,9.55,0,34.45000000000018,0.2,0,0.0,124.00000000000219
J000991,2023-01-03/MTKB,MTKB,AMR_33,G17_10,WS_13_20,"[""111208"", ""123763"", ""124208""]",3,5885.850000012647,6310.750000014193,6271.9500000140515,5885.850000012647,6221.600000013868,6225.650000013883,6261.850000014015,6261.900000014015,6271.900000014051,6271.9500000140515,6306.700000014178,6310.750000014193,18.100000000000122,215.85000000001483,32.600000000000286,0,158.1000000000017,0.25,0,167.99999999999903,60.00000000000071
J000992,2023-01-03/LARK,LARK,AMR_40,G9_13,WS_30_20,"[""110219""]",1,5888.300000012656,6179.250000013714,6067.900000013309,5888.300000012656,5892.10000001267,5896.150000012684,6057.800000013272,6057.850000013273,6067.850000013309,6067.900000013309,6175.2000000136995,6179.250000013714,18.100000000000122,120.4999999999953,13.300000000000054,0,138.7999999999973,0.25,0,2.0,124.00000000000048
J000993,2023-01-03/TMAB,TMAB,AMR_10,G26_8,WS_25_20,"[""107334"", ""110191"", ""110555"", ""124211""]",6,5904.250000012714,6065.5000000133,6017.150000013125,5904.250000012714,5958.500000012911,5962.550000012926,6007.050000013088,6007.100000013088,6017.100000013124,6017.150000013125,6061.450000013286,6065.5000000133,18.100000000000122,106.94999999999607,15.250000000000082,0,20.70000000000016,0.25,0,50.00000000000033,68.00000000000054
J000994,2023-01-03/TMAB,TMAB,AMR_36,G0_8,WS_25_20,"[""101164"", ""123094"", ""124207"", ""134029""]",4,5912.300000012743,6272.550000014054,6164.700000013661,5912.300000012743,5982.700000012999,5986.750000013014,6154.600000013625,6154.650000013625,6164.650000013661,6164.700000013661,6268.500000014039,6272.550000014054,18.100000000000122,208.3000000000131,26.750000000000245,0,106.84999999999607,0.25,0,70.00000000000139,159.9999999999971
J000995,2023-01-03/TMAB,TMAB,AMR_03,G24_14,WS_25_20,"[""110161"", ""110432"", ""111897""]",3,5914.750000012752,6110.750000013465,6078.850000013349,5914.750000012752,6018.400000013129,6022.450000013144,6068.750000013312,6068.8000000133125,6078.800000013349,6078.850000013349,6106.70000001345,6110.750000013465,18.100000000000122,112.74999999999574,24.90000000000022,0,39.999999999999865,0.25,0,70.00000000000037,44.000000000000114
J000996,2023-01-03/TMAB,TMAB,AMR_15,G29_6,WS_25_20,"[""110130"", ""110146"", ""131653""]",3,5918.600000012766,6270.400000014046,6196.600000013777,5918.600000012766,6091.750000013396,6095.800000013411,6186.500000013741,6186.550000013741,6196.550000013777,6196.600000013777,6266.350000014031,6270.400000014046,18.100000000000122,208.95000000001326,27.70000000000026,0,96.79999999999664,0.25,0,159.9999999999985,80.00000000000088
J000997,2023-01-03/MMTU,MMTU,AMR_07,G35_10,WS_19_20,"[""111367""]",1,5925.0500000127895,6116.250000013485,6030.700000013174,5925.0500000127895,5958.800000012912,5962.850000012927,6020.600000013137,6020.650000013137,6030.650000013174,6030.700000013174,6112.20000001347,6116.250000013485,18.100000000000122,120.04999999999532,16.250000000000096,0,36.55000000000006,0.25,0,16.0,116.00000000000026
J000998,2023-01-03/MMIM,MMIM,AMR_24,G29_9,WS_2_20,"[""111348""]",1,5938.150000012837,6423.9500000146045,6252.000000013979,5938.150000012837,6081.300000013358,6085.350000013373,6241.900000013942,6241.950000013942,6251.950000013979,6252.000000013979,6419.90000001459,6423.9500000146045,18.100000000000122,243.60000000002114,27.75000000000026,0,196.10000000001034,0.25,0,114.00000000000114,179.99999999999798
J000999,2023-01-03/MTKB,MTKB,AMR_19,G23_9,WS_13_20,"[""107175"", ""110588"", ""124483""]",4,5938.400000012838,6114.350000013478,6022.750000013145,5938.400000012838,5967.950000012946,5972.00000001296,6012.650000013108,6012.700000013108,6022.700000013145,6022.750000013145,6110.300000013463,6114.350000013478,18.100000000000122,104.39999999999621,14.300000000000068,0,38.89999999999993,0.25,0,22.0,88.00000000000057
J001000,2023-01-03/LARK,LARK,AMR_04,G9_12,WS_30_20,"[""110502""]",1,5953.750000012894,6220.100000013863,6142.700000013581,5953.750000012894,5985.900000013011,5989.950000013026,6132.600000013545,6132.650000013545,6142.650000013581,6142.700000013581,6216.050000013848,6220.100000013863,18.100000000000122,139.2499999999974,12.400000000000041,0,96.34999999999667,0.25,0,26.0,124.00000000000054
J001001,2023-01-03/TMAB,TMAB,AMR_39,G3_14,WS_25_20,"[""110195"", ""113097"", ""127405""]",3,5965.400000012936,6262.0500000140155,6148.750000013603,5965.400000012936,6002.600000013072,6006.650000013086,6138.650000013567,6138.700000013567,6148.700000013603,6148.750000013603,6258.000000014001,6262.0500000140155,18.100000000000122,153.7500000000007,17.20000000000011,0,107.34999999999604,0.25,0,17.999999999999996,140.00000000000057
J001002,2023-01-03/MMIM,MMIM,AMR_17,G27_2,WS_2_20,"[""110132""]",1,5966.700000012941,6181.350000013722,6095.400000013409,5966.700000012941,6007.900000013091,6011.950000013106,6085.3000000133725,6085.350000013373,6095.350000013409,6095.400000013409,6177.300000013707,6181.350000013722,18.100000000000122,172.2000000000049,13.350000000000055,0,10.750000000000018,0.25,0,36.0,187.99999999999577
J001003,2023-01-03/MMTU,MMTU,AMR_26,G35_8,WS_19_20,"[""110582""]",1,5969.550000012951,6192.550000013763,6105.400000013446,5969.550000012951,6039.200000013205,6043.2500000132195,6095.300000013409,6095.350000013409,6105.350000013445,6105.400000013446,6188.500000013748,6192.550000013763,18.100000000000122,152.0000000000003,15.300000000000082,0,37.350000000000016,0.25,0,62.00000000000013,116.00000000000047
J001004,2023-01-03/MTKB,MTKB,AMR_32,G20_12,WS_13_20,"[""101335"", ""110606"", ""139323""]",3,5978.950000012986,6169.000000013677,6082.300000013362,5978.950000012986,6007.65000001309,6011.700000013105,6072.200000013325,6072.250000013325,6082.250000013361,6082.300000013362,6164.950000013662,6169.000000013677,18.100000000000122,83.94999999999737,15.250000000000082,0,72.49999999999802,0.25,0,16.0,64.00000000000028
J001005,2023-01-03/MMIM,MMIM,AMR_28,G32_13,WS_2_20,"[""111285""]",1,5979.550000012988,6257.200000013998,6168.000000013673,5979.550000012988,6066.050000013302,6070.100000013317,6157.900000013637,6157.950000013637,6167.950000013673,6168.000000013673,6253.150000013983,6257.200000013998,18.100000000000122,198.30000000001084,19.150000000000137,0,41.84999999999976,0.25,0,82.00000000000074,151.99999999999997
J001006,2023-01-03/MTKB,MTKB,AMR_20,G3_1,WS_13_20,"[""101311"", ""110356"", ""110548""]",3,5979.650000012988,6288.900000014113,6220.800000013865,5979.650000012988,6099.550000013424,6103.600000013439,6210.700000013829,6210.750000013829,6220.750000013865,6220.800000013865,6284.850000014098,6288.900000014113,18.100000000000122,192.65000000000956,28.800000000000274,0,69.4499999999982,0.25,0,90.00000000000144,132.000000000002
J001007,2023-01-03/PJOT,PJOT,AMR_01,G15_12,WS_8_20,"[""110323""]",1,5986.850000013014,6120.000000013499,6060.950000013284,5986.850000013014,5986.850000013014,5990.900000013029,6050.850000013247,6050.900000013247,6060.900000013284,6060.950000013284,6115.950000013484,6120.000000013499,18.100000000000122,68.34999999999826,7.599999999999981,0,38.89999999999993,0.2,0,0.0,76.0000000000008
J001008,2023-01-03/MTKB,MTKB,AMR_18,G32_9,WS_13_20,"[""101327"", ""107333"", ""122980""]",3,5996.60000001305,6220.350000013864,6125.450000013519,5996.60000001305,6038.0000000132,6042.050000013215,6115.350000013482,6115.400000013482,6125.400000013518,6125.450000013519,6216.300000013849,6220.350000013864,18.100000000000122,144.29999999999856,17.15000000000011,0,43.94999999999964,0.25,0,42.00000000000004,128.0000000000006
J001009,2023-01-03/LARK,LARK,AMR_13,G9_9,WS_30_20,"[""111281""]",1,6008.400000013093,6413.100000014565,6284.350000014097,6008.400000013093,6069.600000013315,6073.65000001333,6274.25000001406,6274.30000001406,6284.300000014096,6284.350000014097,6409.05000001455,6413.100000014565,18.100000000000122,213.5000000000143,28.650000000000272,0,144.19999999999854,0.25,0,50.00000000000037,171.99999999999665
J001010,2023-01-03/TMAB,TMAB,AMR_30,G15_9,WS_25_20,"[""110313"", ""110412"", ""132280""]",3,6022.300000013143,6182.150000013725,6132.750000013545,6022.300000013143,6042.500000013217,6046.5500000132315,6122.650000013508,6122.7000000135085,6132.700000013545,6132.750000013545,6178.10000001371,6182.150000013725,18.100000000000122,101.59999999999637,14.300000000000068,0,25.60000000000023,0.25,0,18.0,92.00000000000051
J001011,2023-01-03/MMTU,MMTU,AMR_16,G28_2,WS_19_20,"[""101056""]",1,6032.650000013181,6414.0500000145685,6212.550000013835,6032.650000013181,6062.65000001329,6066.700000013305,6202.450000013799,6202.500000013799,6212.500000013835,6212.550000013835,6410.000000014554,6414.0500000145685,18.100000000000122,121.59999999999523,16.250000000000096,0,225.20000000001696,0.25,0,16.0,112.00000000000108
J001012,2023-01-03/MTKB,MTKB,AMR_05,G32_8,WS_13_20,"[""101018"", ""110511"", ""110519""]",4,6033.150000013183,6307.900000014182,6174.900000013698,6033.150000013183,6070.400000013318,6074.450000013333,6164.800000013662,6164.850000013662,6174.850000013698,6174.900000013698,6303.850000014168,6307.900000014182,18.100000000000122,139.49999999999747,15.300000000000082,0,101.59999999999637,0.25,0,32.00000000000001,128.00000000000082
J001013,2023-01-03/LARK,LARK,AMR_38,G15_2,WS_30_20,"[""110448""]",1,6051.55000001325,6417.050000014579,6351.950000014343,6051.55000001325,6094.6500000134065,6098.700000013421,6341.850000014306,6341.900000014306,6351.900000014342,6351.950000014343,6413.000000014565,6417.050000014579,18.100000000000122,164.7500000000032,20.05000000000015,0,162.35000000000267,0.25,0,42.0,139.99999999999977
J001014,2023-01-03/MMTU,MMTU,AMR_06,G38_13,WS_19_20,"[""107204""]",1,6051.70000001325,6315.150000014209,6195.600000013774,6051.70000001325,6114.000000013477,6118.050000013492,6185.500000013737,6185.550000013737,6195.550000013774,6195.600000013774,6311.100000014194,6315.150000014209,18.100000000000122,142.14999999999807,15.300000000000082,0,87.64999999999716,0.25,0,50.00000000000004,108.00000000000016
J001015,2023-01-03/MMIM,MMIM,AMR_02,G35_12,WS_2_20,"[""126308""]",1,6053.250000013256,6496.050000014867,6269.2000000140415,6053.250000013256,6118.750000013494,6122.800000013509,6259.100000014005,6259.150000014005,6269.150000014041,6269.2000000140415,6492.000000014852,6496.050000014867,18.100000000000122,208.75000000001322,17.15000000000011,0,198.5500000000109,0.25,0,54.0,171.99999999999673
J001016,2023-01-03/PJOT,PJOT,AMR_10,G26_8,WS_8_20,"[""124211""]",1,6065.550000013301,6244.700000013952,6160.650000013647,6065.550000013301,6065.550000013301,6069.600000013315,6150.55000001361,6150.60000001361,6160.600000013646,6160.650000013647,6240.650000013938,6244.700000013952,18.100000000000122,112.09999999999577,9.55,0,39.19999999999991,0.2,0,0.0,128.00000000000165
J001017,2023-01-03/TMAB,TMAB,AMR_08,G29_14,WS_25_20,"[""107344"", ""127468""]",2,6080.200000013354,6232.050000013906,6180.650000013719,6080.200000013354,6120.4500000135,6124.500000013515,6170.550000013683,6170.600000013683,6180.600000013719,6180.650000013719,6228.000000013892,6232.050000013906,18.100000000000122,85.89999999999726,15.300000000000082,0,32.3000000000003,0.25,0,34.0,48.000000000000114
J001018,2023-01-03/MMTU,MMTU,AMR_21,G24_2,WS_19_20,"[""129719""]",1,6089.200000013387,6229.700000013898,6172.350000013689,6089.200000013387,6111.550000013468,6115.600000013483,6162.250000013652,6162.300000013653,6172.300000013689,6172.350000013689,6225.650000013883,6229.700000013898,18.100000000000122,102.64999999999631,14.300000000000068,0,5.1999999999999895,0.25,0,15.999999999999996,100.00000000000098
J001019,2023-01-03/MTKB,MTKB,AMR_25,G8_15,WS_13_20,"[""110097"", ""110426""]",3,6101.400000013431,6242.200000013943,6203.900000013804,6101.400000013431,6132.350000013544,6136.400000013558,6193.800000013767,6193.850000013767,6203.850000013804,6203.900000013804,6238.150000013929,6242.200000013943,18.100000000000122,72.34999999999803,11.450000000000028,0,38.64999999999994,0.25,0,24.00000000000003,48.00000000000023
J001020,2023-01-03/LARK,LARK,AMR_23,G18_2,WS_30_20,"[""101135""]",1,6101.450000013431,6284.750000014098,6193.950000013768,6101.450000013431,6107.8500000134545,6111.900000013469,6183.850000013731,6183.900000013731,6193.900000013768,6193.950000013768,6280.700000014083,6284.750000014098,18.100000000000122,115.54999999999558,14.350000000000069,0,35.050000000000146,0.25,0,4.0,128.00000000000136
J001021,2023-01-03/MMTU,MMTU,AMR_27,G0_10,WS_19_20,"[""112072""]",1,6110.6000000134645,6319.150000014223,6245.100000013954,6110.6000000134645,6155.9500000136295,6160.000000013644,6235.000000013917,6235.050000013917,6245.050000013954,6245.100000013954,6315.1000000142085,6319.150000014223,18.100000000000122,144.99999999999872,17.20000000000011,0,28.000000000000263,0.25,0,37.99999999999998,124.00000000000168
J001022,2023-01-03/MMIM,MMIM,AMR_03,G35_9,WS_2_20,"[""112053""]",1,6110.800000013465,6465.150000014754,6306.550000014177,6110.800000013465,6180.250000013718,6184.300000013733,6296.450000014141,6296.500000014141,6306.500000014177,6306.550000014177,6461.10000001474,6465.150000014754,18.100000000000122,251.3000000000229,26.750000000000245,0,57.949999999998845,0.25,0,64.0000000000004,243.9999999999874
J001023,2023-01-03/MMTU,MMTU,AMR_19,G0_9,WS_19_20,"[""131976""]",1,6114.400000013478,6527.3000000149805,6402.900000014528,6114.400000013478,6168.0500000136735,6172.100000013688,6392.800000014491,6392.850000014491,6402.850000014528,6402.900000014528,6523.250000014966,6527.3000000149805,18.100000000000122,184.1000000000076,17.20000000000011,0,193.2500000000097,0.25,0,54.000000000000405,163.99999999999807
J001024,2023-01-03/TMAB,TMAB,AMR_07,G27_12,WS_25_20,"[""101330"", ""131216""]",2,6116.300000013485,6270.700000014047,6231.300000013904,6116.300000013485,6186.800000013742,6190.8500000137565,6221.200000013867,6221.250000013867,6231.250000013903,6231.300000013904,6266.650000014032,6270.700000014047,18.100000000000122,96.29999999999667,19.150000000000137,0,20.600000000000158,0.25,0,44.00000000000023,56.0000000000004
J001025,2023-01-03/MTKB,MTKB,AMR_34,G17_12,WS_13_20,"[""112287"", ""123304""]",2,6117.70000001349,6273.000000014055,6237.8500000139275,6117.70000001349,6156.00000001363,6160.050000013644,6227.750000013891,6227.800000013891,6237.800000013927,6237.8500000139275,6268.950000014041,6273.000000014055,18.100000000000122,80.14999999999759,13.350000000000055,0,43.44999999999967,0.25,0,32.0,52.000000000000526
J001026,2023-01-03/LARK,LARK,AMR_01,G6_10,WS_30_20,"[""107124""]",2,6120.050000013499,6341.250000014304,6259.550000014006,6120.050000013499,6149.600000013606,6153.650000013621,6249.45000001397,6249.50000001397,6259.500000014006,6259.550000014006,6337.200000014289,6341.250000014304,18.100000000000122,149.54999999999976,12.35000000000004,0,40.94999999999981,0.25,0,22.00000000000003,143.99999999999937
J001027,2023-01-03/PJOT,PJOT,AMR_35,G26_2,WS_8_20,"[""110599""]",1,6125.90000001352,6477.950000014801,6288.550000014112,6125.90000001352,6125.90000001352,6129.950000013535,6278.450000014075,6278.500000014075,6288.500000014112,6288.550000014112,6473.900000014786,6477.950000014801,18.100000000000122,139.2499999999974,14.250000000000068,0,180.25000000000674,0.2,0,0.0,151.99999999999906
J001028,2023-01-03/MMIM,MMIM,AMR_31,G35_10,WS_2_20,"[""113232""]",1,6133.500000013548,6451.700000014705,6323.65000001424,6133.500000013548,6165.250000013663,6169.300000013678,6313.550000014203,6313.600000014203,6323.600000014239,6323.65000001424,6447.650000014691,6451.700000014705,18.100000000000122,191.00000000000918,21.050000000000164,0,87.79999999999715,0.25,0,20.0,191.9999999999956
J001029,2023-01-03/MMTU,MMTU,AMR_22,G6_1,WS_19_20,"[""110514""]",1,6137.900000013564,6350.350000014337,6262.0500000140155,6137.900000013564,6169.300000013678,6173.350000013693,6251.950000013979,6252.000000013979,6262.000000014015,6262.0500000140155,6346.300000014322,6350.350000014337,18.100000000000122,142.6999999999982,17.20000000000011,0,34.200000000000195,0.25,0,25.999999999999986,136.0000000000018
J001030,2023-01-03/TMAB,TMAB,AMR_32,G29_12,WS_25_20,"[""112452"", ""125183""]",2,6169.050000013677,6284.200000014096,6247.2000000139615,6169.050000013677,6191.650000013759,6195.700000013774,6237.100000013925,6237.150000013925,6247.150000013961,6247.2000000139615,6280.150000014081,6284.200000014096,18.100000000000122,72.64999999999802,11.400000000000027,0,12.750000000000046,0.25,0,22.0,56.0000000000003
J001031,2023-01-03/MTKB,MTKB,AMR_40,G15_12,WS_13_20,"[""107280"", ""110146""]",2,6179.300000013714,6292.400000014126,6254.9000000139895,6179.300000013714,6203.550000013803,6207.600000013817,6244.800000013953,6244.850000013953,6254.850000013989,6254.9000000139895,6288.350000014111,6292.400000014126,18.100000000000122,74.09999999999793,14.300000000000068,0,6.349999999999985,0.25,0,18.0,52.00000000000044
J001032,2023-01-03/TMAB,TMAB,AMR_17,G18_9,WS_25_20,"[""107389"", ""111303""]",2,6181.400000013722,6377.100000014434,6326.950000014252,6181.400000013722,6245.800000013956,6249.850000013971,6316.850000014215,6316.900000014215,6326.900000014251,6326.950000014252,6373.050000014419,6377.100000014434,18.100000000000122,103.09999999999629,16.250000000000096,0,57.99999999999884,0.25,0,32.00000000000001,80.00000000000037
J001033,2023-01-03/LARK,LARK,AMR_30,G6_9,WS_30_20,"[""112377""]",1,6182.200000013725,6503.4000000148935,6436.100000014649,6182.200000013725,6240.550000013937,6244.600000013952,6426.000000014612,6426.050000014612,6436.0500000146485,6436.100000014649,6499.350000014879,6503.4000000148935,18.100000000000122,173.85000000000528,21.050000000000164,0,107.94999999999601,0.25,0,50.00000000000051,151.99999999999832
J001034,2023-01-03/MMIM,MMIM,AMR_26,G38_9,WS_2_20,"[""101122""]",1,6192.600000013763,6766.30000001585,6503.050000014892,6192.600000013763,6220.500000013864,6224.550000013879,6492.9500000148555,6493.000000014856,6503.000000014892,6503.050000014892,6762.250000015835,6766.30000001585,18.100000000000122,240.00000000002032,30.6500000000003,0,284.70000000003046,0.25,0,20.0,235.99999999999196
J001035,2023-01-03/TMAB,TMAB,AMR_09,G26_6,WS_25_20,"[""112056"", ""120448""]",3,6197.550000013781,6390.850000014484,6347.950000014328,6197.550000013781,6270.200000014045,6274.25000001406,6337.850000014291,6337.900000014291,6347.900000014328,6347.950000014328,6386.800000014469,6390.850000014484,18.100000000000122,122.44999999999519,19.150000000000137,0,33.35000000000024,0.25,0,56.00000000000013,76.00000000000088
J001036,2023-01-03/MMTU,MMTU,AMR_29,G38_12,WS_19_20,"[""101028""]",1,6208.35000001382,6456.4000000147225,6290.200000014118,6208.35000001382,6208.35000001382,6212.400000013835,6280.100000014081,6280.150000014081,6290.150000014118,6290.200000014118,6452.350000014708,6456.4000000147225,18.100000000000122,100.59999999999643,11.400000000000027,0,117.74999999999545,0.2,0,0.0,116.00000000000018
J001037,2023-01-03/MTKB,MTKB,AMR_12,G9_10,WS_13_20,"[""110227"", ""110583""]",2,6211.2000000138305,6445.550000014683,6379.900000014444,6211.2000000138305,6281.650000014087,6285.7000000141015,6369.8000000144075,6369.850000014408,6379.850000014444,6379.900000014444,6441.500000014668,6445.550000014683,18.100000000000122,120.59999999999529,20.05000000000015,0,75.34999999999786,0.25,0,60.000000000000625,64.00000000000036
J001038,2023-01-03/LARK,LARK,AMR_04,G3_13,WS_30_20,"[""117429""]",1,6220.150000013863,6605.050000015263,6477.0000000147975,6220.150000013863,6243.250000013947,6247.300000013962,6466.900000014761,6466.950000014761,6476.950000014797,6477.0000000147975,6601.000000015249,6605.050000015263,18.100000000000122,161.75000000000253,17.15000000000011,0,187.65000000000842,0.25,0,17.999999999999996,147.9999999999991
J001039,2023-01-03/TMAB,TMAB,AMR_18,G23_8,WS_25_20,"[""101329"", ""110419"", ""125583""]",3,6220.400000013864,6347.950000014328,6310.7000000141925,6220.400000013864,6255.950000013993,6260.000000014008,6300.600000014156,6300.650000014156,6310.650000014192,6310.7000000141925,6343.900000014313,6347.950000014328,18.100000000000122,92.04999999999691,15.300000000000082,0,1.850000000000001,0.25,0,32.0,72.0000000000006
J001040,2023-01-03/MTKB,MTKB,AMR_21,G9_12,WS_13_20,"[""107172"", ""110502""]",2,6229.750000013898,6582.300000015181,6521.100000014958,6229.750000013898,6309.95000001419,6314.0000000142045,6511.000000014921,6511.050000014921,6521.050000014958,6521.100000014958,6578.250000015166,6582.300000015181,18.100000000000122,176.70000000000593,25.75000000000023,0,131.7499999999957,0.25,0,78.00000000000134,108.00000000000128
J001041,2023-01-03/TMAB,TMAB,AMR_08,G11_10,WS_25_20,"[""107396"", ""110233""]",2,6232.1000000139065,6476.4500000147955,6417.000000014579,6232.1000000139065,6340.4000000143005,6344.450000014315,6406.9000000145425,6406.950000014543,6416.950000014579,6417.000000014579,6472.400000014781,6476.4500000147955,18.100000000000122,166.35000000000358,25.80000000000023,0,33.850000000000215,0.25,0,76.0000000000006,104.00000000000057
J001042,2023-01-03/LARK,LARK,AMR_14,G3_10,WS_30_20,"[""107103""]",1,6236.5000000139225,6615.1000000153,6511.200000014922,6236.5000000139225,6278.300000014075,6282.350000014089,6501.100000014885,6501.150000014885,6511.150000014922,6511.200000014922,6611.050000015285,6615.1000000153,18.100000000000122,174.55000000000544,14.300000000000068,0,171.40000000000472,0.25,0,28.0,155.99999999999824
J001043,2023-01-03/MTKB,MTKB,AMR_25,G14_9,WS_13_20,"[""101080"", ""107238""]",2,6242.2500000139435,6392.250000014489,6324.850000014244,6242.2500000139435,6275.000000014063,6279.050000014077,6314.750000014207,6314.800000014207,6324.800000014244,6324.850000014244,6388.200000014474,6392.250000014489,18.100000000000122,84.34999999999735,14.350000000000069,0,32.950000000000266,0.25,0,32.0,60.00000000000058
J001044,2023-01-03/TMAB,TMAB,AMR_10,G12_9,WS_25_20,"[""101189"", ""117431""]",2,6244.750000013953,6643.700000015404,6557.40000001509,6244.750000013953,6450.3000000147,6454.350000014715,6547.300000015053,6547.350000015053,6557.35000001509,6557.40000001509,6639.650000015389,6643.700000015404,18.100000000000122,184.35000000000767,28.650000000000272,0,167.60000000000386,0.25,0,82.00000000000068,104.00000000000063
J001045,2023-01-03/MTKB,MTKB,AMR_11,G3_15,WS_13_20,"[""110305"", ""113097""]",2,6246.600000013959,6666.800000015488,6632.500000015363,6246.600000013959,6471.000000014776,6475.05000001479,6622.400000015326,6622.450000015327,6632.450000015363,6632.500000015363,6662.750000015473,6666.800000015488,18.100000000000122,192.8500000000096,29.600000000000286,0,179.40000000000654,0.25,0,94.00000000000051,104.00000000000145
J001046,2023-01-03/TMAB,TMAB,AMR_37,G38_8,WS_25_20,"[""110703"", ""125176""]",2,6254.250000013987,6543.200000015038,6456.600000014723,6254.250000013987,6389.85000001448,6393.900000014495,6446.5000000146865,6446.550000014687,6456.550000014723,6456.600000014723,6539.150000015024,6543.200000015038,18.100000000000122,210.0000000000135,28.700000000000273,0,31.90000000000032,0.25,0,140.00000000000043,108.0000000000005
J001047,2023-01-03/MTKB,MTKB,AMR_28,G17_9,WS_13_20,"[""101180"", ""110482""]",2,6257.250000013998,6537.350000015017,6452.650000014709,6257.250000013998,6370.9000000144115,6374.950000014426,6442.550000014672,6442.600000014672,6452.600000014709,6452.650000014709,6533.300000015002,6537.350000015017,18.100000000000122,131.94999999999575,21.050000000000164,0,108.74999999999596,0.25,0,74.00000000000051,64.00000000000047
J001048,2023-01-03/LARK,LARK,AMR_39,G26_8,WS_30_20,"[""110191"", ""110555"", ""112070"", ""124211""]",5,6262.100000014016,6542.500000015036,6494.15000001486,6262.100000014016,6398.550000014512,6402.600000014527,6484.050000014823,6484.100000014823,6494.10000001486,6494.15000001486,6538.450000015021,6542.500000015036,18.100000000000122,143.39999999999836,19.100000000000136,0,99.54999999999649,0.25,0,70.00000000000045,80.00000000000063
J001049,2023-01-03/MTKB,MTKB,AMR_07,G21_10,WS_13_20,"[""111276"", ""124207""]",2,6272.000000014052,6552.400000015072,6487.000000014834,6272.000000014052,6328.150000014256,6332.200000014271,6476.900000014797,6476.950000014797,6486.950000014834,6487.000000014834,6548.350000015057,6552.400000015072,18.100000000000122,117.99999999999544,17.15000000000011,0,126.89999999999493,0.25,0,40.00000000000021,76.0000000000006
J001050,2023-01-03/PMJY,PMJY,AMR_34,G9_13,WS_8_20,"[""119945""]",1,6288.600000014112,6455.75000001472,6421.000000014594,6288.600000014112,6330.700000014265,6334.75000001428,6410.900000014557,6410.950000014557,6420.950000014594,6421.000000014594,6451.700000014705,6455.75000001472,18.100000000000122,84.14999999999736,15.250000000000082,0,49.39999999999933,0.25,0,22.0,56.00000000000041
J001051,2023-01-03/PMJY,PMJY,AMR_36,G8_12,WS_8_20,"[""110178""]",1,6288.600000014112,6484.850000014826,6452.90000001471,6288.600000014112,6346.100000014321,6350.150000014336,6442.800000014673,6442.850000014673,6452.85000001471,6452.90000001471,6480.800000014811,6484.850000014826,18.100000000000122,97.19999999999662,17.25000000000011,0,63.44999999999853,0.25,0,52.000000000000625,52.0000000000003
J001052,2023-01-03/PMJY,PMJY,AMR_23,G0_15,WS_8_20,"[""101276""]",1,6288.600000014112,6467.900000014764,6436.950000014652,6288.600000014112,6346.650000014323,6350.700000014338,6426.850000014615,6426.900000014615,6436.900000014652,6436.950000014652,6463.85000001475,6467.900000014764,18.100000000000122,112.49999999999575,15.250000000000082,0,33.20000000000025,0.25,0,62.0000000000009,64.00000000000031
J001053,2023-01-03/PMJY,PMJY,AMR_32,G15_10,WS_8_20,"[""110310""]",1,6288.600000014112,6536.750000015015,6468.850000014768,6288.600000014112,6371.4500000144135,6375.500000014428,6458.750000014731,6458.800000014731,6468.800000014768,6468.850000014768,6532.700000015,6536.750000015015,18.100000000000122,128.34999999999494,16.150000000000095,0,85.2999999999973,0.25,0,52.00000000000041,76.00000000000057
J001054,2023-01-03/PMJY,PMJY,AMR_15,G11_2,WS_8_20,"[""110569""]",1,6288.600000014112,6456.600000014723,6404.850000014535,6288.600000014112,6329.4000000142605,6333.450000014275,6394.750000014498,6394.800000014498,6404.800000014535,6404.850000014535,6452.5500000147085,6456.600000014723,18.100000000000122,116.64999999999552,12.400000000000041,0,20.600000000000158,0.25,0,44.0000000000004,92.00000000000144
J001055,2023-01-03/PMJY,PMJY,AMR_20,G32_9,WS_8_20,"[""101174""]",1,6288.950000014113,6609.350000015279,6492.500000014854,6288.950000014113,6417.20000001458,6421.250000014595,6482.400000014817,6482.450000014817,6492.450000014854,6492.500000014854,6605.300000015264,6609.350000015279,18.100000000000122,224.40000000001677,24.850000000000218,0,52.79999999999914,0.25,0,126.00000000000159,147.99999999999912
J001056,2023-01-03/MMIM,MMIM,AMR_05,G32_8,WS_2_20,"[""101297""]",1,6307.9500000141825,6633.600000015367,6520.000000014954,6307.9500000141825,6307.9500000141825,6312.000000014197,6509.900000014917,6509.950000014917,6519.950000014954,6520.000000014954,6629.550000015352,6633.600000015367,18.100000000000122,180.80000000000686,15.300000000000082,0,111.24999999999582,0.2,0,0.0,211.99999999999145
J001057,2023-01-03/TMAB,TMAB,AMR_40,G32_13,WS_25_20,"[""110136"", ""110212""]",2,6310.750000014193,6458.50000001473,6400.100000014518,6310.750000014193,6353.250000014347,6357.300000014362,6390.000000014481,6390.050000014481,6400.0500000145175,6400.100000014518,6454.450000014715,6458.50000001473,18.100000000000122,92.89999999999687,14.300000000000068,0,22.20000000000018,0.25,0,40.00000000000004,64.00000000000021
J001058,2023-01-03/MMIM,MMIM,AMR_06,G38_13,WS_2_20,"[""107204""]",1,6315.200000014209,6642.7000000154,6461.400000014741,6315.200000014209,6315.200000014209,6319.250000014224,6451.300000014704,6451.350000014704,6461.3500000147405,6461.400000014741,6638.650000015386,6642.7000000154,18.100000000000122,182.20000000000718,15.250000000000082,0,111.7499999999958,0.2,0,0.0,211.9999999999923
J001059,2023-01-03/MTKB,MTKB,AMR_27,G3_12,WS_13_20,"[""110561"", ""134611""]",2,6324.900000014244,6542.750000015037,6469.950000014772,6324.900000014244,6375.200000014427,6379.250000014442,6459.850000014735,6459.900000014735,6469.900000014772,6469.950000014772,6538.700000015022,6542.750000015037,18.100000000000122,113.2999999999957,15.250000000000082,0,70.94999999999811,0.25,0,42.000000000000156,80.00000000000087
J001060,2023-01-03/TMAB,TMAB,AMR_33,G39_9,WS_25_20,"[""110847"", ""112374""]",2,6327.000000014252,6518.300000014948,6436.900000014652,6327.000000014252,6373.000000014419,6377.050000014434,6426.800000014615,6426.850000014615,6436.850000014651,6436.900000014652,6514.250000014933,6518.300000014948,18.100000000000122,137.64999999999705,13.350000000000055,0,21.950000000000177,0.25,0,54.00000000000004,116.00000000000055
J001061,2023-01-03/TMAB,TMAB,AMR_18,G27_2,WS_25_20,"[""107444"", ""110509""]",2,6348.000000014328,6528.800000014986,6472.700000014782,6348.000000014328,6375.550000014428,6379.600000014443,6462.600000014745,6462.650000014745,6472.650000014782,6472.700000014782,6524.750000014971,6528.800000014986,18.100000000000122,109.8499999999959,16.250000000000096,0,36.35000000000007,0.25,0,23.99999999999999,96.00000000000104
J001062,2023-01-03/LARK,LARK,AMR_22,G6_1,WS_30_20,"[""113203""]",1,6350.400000014337,6660.050000015463,6551.400000015068,6350.400000014337,6350.400000014337,6354.450000014352,6541.300000015031,6541.350000015032,6551.350000015068,6551.400000015068,6656.000000015449,6660.050000015463,18.100000000000122,166.8500000000037,17.15000000000011,0,107.34999999999604,0.2,0,0.0,183.9999999999939
J001063,2023-01-03/MTKB,MTKB,AMR_17,G18_9,WS_13_20,"[""110322"", ""138352""]",2,6379.950000014444,6561.250000015104,6504.050000014896,6379.950000014444,6379.950000014444,6384.000000014459,6493.950000014859,6494.000000014859,6504.000000014896,6504.050000014896,6557.200000015089,6561.250000015104,18.100000000000122,82.89999999999743,11.450000000000028,0,68.64999999999824,0.2,0,0.0,76.00000000000051
J001064,2023-01-03/TMAB,TMAB,AMR_01,G6_12,WS_25_20,"[""107263"", ""112334""]",2,6400.150000014518,6622.600000015327,6541.400000015032,6400.150000014518,6406.700000014542,6410.7500000145565,6531.300000014995,6531.350000014995,6541.350000015032,6541.400000015032,6618.550000015312,6622.600000015327,18.100000000000122,111.7499999999958,10.500000000000014,0,81.8499999999975,0.25,0,4.0,116.00000000000023
J001065,2023-01-03/PUPT,PUPT,AMR_09,G29_14,WS_19_20,"[""107344""]",1,6402.950000014528,6547.750000015055,6501.050000014885,6402.950000014528,6445.000000014681,6449.050000014696,6490.950000014848,6491.000000014848,6501.000000014885,6501.050000014885,6543.70000001504,6547.750000015055,18.100000000000122,91.39999999999695,15.300000000000082,0,19.750000000000146,0.25,0,26.0,68.00000000000014
J001066,2023-01-03/TMAB,TMAB,AMR_13,G9_9,WS_25_20,"[""111281"", ""112364""]",2,6417.050000014579,6647.850000015419,6504.100000014896,6417.050000014579,6417.050000014579,6421.100000014594,6494.000000014859,6494.0500000148595,6504.050000014896,6504.100000014896,6643.800000015404,6647.850000015419,18.100000000000122,125.09999999999503,17.20000000000011,0,70.19999999999816,0.2,0,0.0,136.00000000000114
J001067,2023-01-03/TMAB,TMAB,AMR_24,G29_9,WS_25_20,"[""101244"", ""112008""]",2,6436.950000014652,6531.450000014996,6488.65000001484,6436.950000014652,6436.950000014652,6441.0000000146665,6478.550000014803,6478.600000014803,6488.60000001484,6488.65000001484,6527.400000014981,6531.450000014996,18.100000000000122,61.74999999999863,9.55,0,4.899999999999991,0.2,0,0.0,68.0000000000006
J001068,2023-01-03/MTKB,MTKB,AMR_12,G6_10,WS_13_20,"[""110216"", ""124210""]",2,6452.700000014709,6652.6500000154365,6606.90000001527,6452.700000014709,6459.750000014735,6463.8000000147495,6596.800000015233,6596.8500000152335,6606.85000001527,6606.90000001527,6648.600000015422,6652.6500000154365,18.100000000000122,80.14999999999759,10.450000000000014,0,90.99999999999697,0.25,0,6.0,76.00000000000063
J001069,2023-01-03/TMAB,TMAB,AMR_15,G3_9,WS_25_20,"[""110198"", ""125462""]",3,6456.650000014723,6678.100000015529,6600.300000015246,6456.650000014723,6488.70000001484,6492.750000014855,6590.200000015209,6590.2500000152095,6600.250000015246,6600.300000015246,6674.050000015514,6678.100000015529,18.100000000000122,148.49999999999952,16.250000000000096,0,38.34999999999996,0.25,0,29.999999999999982,140.0000000000005
J001070,2023-01-03/MTKB,MTKB,AMR_38,G3_2,WS_13_20,"[""110494"", ""110496""]",2,6470.000000014772,6669.000000015496,6589.950000015208,6470.000000014772,6497.650000014873,6501.700000014887,6579.850000015172,6579.900000015172,6589.900000015208,6589.950000015208,6664.950000015481,6669.000000015496,18.100000000000122,136.84999999999687,15.250000000000082,0,28.55000000000027,0.25,0,28.000000000000004,128.000000000002
J001071,2023-01-03/TMAB,TMAB,AMR_23,G0_15,WS_25_20,"[""107317"", ""124702""]",2,6472.750000014782,6760.450000015829,6662.800000015473,6472.750000014782,6472.750000014782,6476.800000014797,6652.700000015437,6652.750000015437,6662.750000015473,6662.800000015473,6756.400000015814,6760.450000015829,18.100000000000122,139.69999999999752,15.250000000000082,0,114.44999999999564,0.2,0,0.0,155.99999999999812
J001072,2023-01-03/LARK,LARK,AMR_35,G26_2,WS_30_20,"[""101149""]",1,6478.000000014801,6629.500000015352,6568.40000001513,6478.000000014801,6478.000000014801,6482.050000014816,6558.300000015093,6558.350000015093,6568.35000001513,6568.40000001513,6625.4500000153375,6629.500000015352,18.100000000000122,92.44999999999689,10.450000000000014,0,30.300000000000296,0.2,0,0.0,96.00000000000101
J001073,2023-01-03/MTKB,MTKB,AMR_31,G35_10,WS_13_20,"[""120447"", ""138386""]",2,6487.050000014834,6665.950000015485,6573.150000015147,6487.050000014834,6487.050000014834,6491.100000014849,6563.0500000151105,6563.100000015111,6573.100000015147,6573.150000015147,6661.90000001547,6665.950000015485,18.100000000000122,113.79999999999568,10.500000000000014,0,36.300000000000075,0.2,0,0.0,132.00000000000034
J001074,2023-01-03/TMAB,TMAB,AMR_08,G21_13,WS_25_20,"[""112071""]",1,6488.70000001484,6603.750000015259,6573.350000015148,6488.70000001484,6520.200000014955,6524.250000014969,6563.250000015111,6563.300000015111,6573.300000015148,6573.350000015148,6599.700000015244,6603.750000015259,18.100000000000122,76.84999999999778,14.350000000000069,0,5.4999999999999885,0.25,0,30.0,52.00000000000013
J001075,2023-01-03/SRPA,SRPA,AMR_34,G9_6,WS_8_20,"[""110178"", ""112432""]",2,6492.550000014854,6629.450000015352,6572.800000015146,6492.550000014854,6513.8500000149315,6517.900000014946,6562.700000015109,6562.750000015109,6572.750000015146,6572.800000015146,6625.400000015337,6629.450000015352,18.100000000000122,88.24999999999713,13.400000000000055,0,16.900000000000105,0.25,0,18.0,76.00000000000071
J001076,2023-01-03/SRPA,SRPA,AMR_25,G14_12,WS_8_20,"[""124208""]",1,6492.550000014854,6629.00000001535,6588.750000015204,6492.550000014854,6517.350000014944,6521.400000014959,6578.650000015167,6578.7000000151675,6588.700000015204,6588.750000015204,6624.950000015336,6629.00000001535,18.100000000000122,75.39999999999786,13.350000000000055,0,29.350000000000282,0.25,0,10.0,64.00000000000067
J001077,2023-01-03/SRPA,SRPA,AMR_36,G9_10,WS_8_20,"[""110227""]",1,6492.550000014854,6593.05000001522,6556.650000015087,6492.550000014854,6504.600000014898,6508.650000014913,6546.5500000150505,6546.600000015051,6556.600000015087,6556.650000015087,6589.000000015205,6593.05000001522,18.100000000000122,61.89999999999862,9.5,0,10.750000000000018,0.25,0,6.0,56.00000000000051
J001078,2023-01-03/SRPA,SRPA,AMR_40,G17_12,WS_8_20,"[""112287""]",1,6492.550000014854,6782.500000015909,6688.800000015568,6492.550000014854,6637.400000015381,6641.450000015396,6678.700000015531,6678.750000015531,6688.750000015568,6688.800000015568,6778.450000015894,6782.500000015909,18.100000000000122,146.94999999999916,20.10000000000015,0,104.5499999999962,0.25,0,52.0,92.00000000000082
J001079,2023-01-03/SRPA,SRPA,AMR_16,G3_5,WS_8_20,"[""110339""]",1,6492.550000014854,6679.400000015534,6617.600000015309,6492.550000014854,6541.400000015032,6545.4500000150465,6607.500000015272,6607.550000015272,6617.550000015309,6617.600000015309,6675.350000015519,6679.400000015534,18.100000000000122,123.9999999999951,14.350000000000069,0,30.150000000000293,0.25,0,56.000000000000796,88.00000000000087
J001080,2023-01-03/SRPA,SRPA,AMR_29,G23_12,WS_8_20,"[""112087""]",1,6492.550000014854,6846.600000016142,6756.250000015813,6492.550000014854,6607.550000015272,6611.600000015287,6746.150000015777,6746.200000015777,6756.200000015813,6756.250000015813,6842.550000016127,6846.600000016142,18.100000000000122,173.1000000000051,20.950000000000163,0,141.64999999999796,0.25,0,62.00000000000014,112.000000000001
J001081,2023-01-03/SEMY,SEMY,AMR_02,G20_14,WS_19_20,"[""110342"", ""112432""]",2,6501.100000014885,6651.050000015431,6621.150000015322,6501.100000014885,6577.800000015164,6581.850000015179,6611.050000015285,6611.100000015285,6621.100000015322,6621.150000015322,6647.000000015416,6651.050000015431,18.100000000000122,89.54999999999706,15.300000000000082,0,26.750000000000245,0.25,0,46.00000000000004,40.00000000000004
J001082,2023-01-03/SEMY,SEMY,AMR_03,G17_13,WS_19_20,"[""110178""]",1,6501.100000014885,6862.000000016198,6735.600000015738,6501.100000014885,6640.700000015393,6644.750000015408,6725.5000000157015,6725.550000015702,6735.550000015738,6735.600000015738,6857.950000016183,6862.000000016198,18.100000000000122,185.05000000000783,32.55000000000029,0,124.94999999999504,0.25,0,68.00000000000006,108.00000000000105
J001083,2023-01-03/SEMY,SEMY,AMR_30,G15_12,WS_19_20,"[""110603""]",1,6503.450000014894,6682.950000015547,6638.250000015384,6503.450000014894,6572.500000015145,6576.55000001516,6628.150000015347,6628.2000000153475,6638.200000015384,6638.250000015384,6678.900000015532,6682.950000015547,18.100000000000122,88.09999999999714,15.300000000000082,0,57.749999999998856,0.25,0,24.0,60.00000000000023
J001084,2023-01-03/SEMY,SEMY,AMR_33,G17_10,WS_19_20,"[""124208""]",1,6518.350000014948,6713.4000000156575,6655.300000015446,6518.350000014948,6583.800000015186,6587.850000015201,6645.200000015409,6645.25000001541,6655.250000015446,6655.300000015446,6709.350000015643,6713.4000000156575,18.100000000000122,119.79999999999534,15.250000000000082,0,41.64999999999977,0.25,0,78.00000000000048,60.00000000000027
J001085,2023-01-03/MMSA,MMSA,AMR_19,G0_12,WS_2_20,"[""110299""]",1,6527.350000014981,6626.300000015341,6590.45000001521,6527.350000014981,6543.200000015038,6547.250000015053,6580.3500000151735,6580.400000015174,6590.40000001521,6590.45000001521,6622.250000015326,6626.300000015341,18.100000000000122,57.399999999998876,11.500000000000028,0,11.700000000000031,0.25,0,10.000000000000002,48.000000000000064
J001086,2023-01-03/MMSA,MMSA,AMR_18,G0_8,WS_2_20,"[""124207""]",1,6528.850000014986,6694.1500000155875,6651.900000015434,6528.850000014986,6584.100000015187,6588.150000015202,6641.800000015397,6641.850000015397,6651.850000015434,6651.900000015434,6690.100000015573,6694.1500000155875,18.100000000000122,120.79999999999528,14.40000000000007,0,11.750000000000032,0.25,0,66.0000000000012,80.00000000000072
J001087,2023-01-03/MMSA,MMSA,AMR_24,G35_9,WS_2_20,"[""101202""]",1,6531.500000014996,6857.7000000161825,6673.850000015514,6531.500000014996,6561.800000015106,6565.850000015121,6663.750000015477,6663.800000015477,6673.800000015513,6673.850000015514,6853.650000016168,6857.7000000161825,18.100000000000122,178.85000000000642,15.300000000000082,0,113.69999999999568,0.25,0,24.0,179.99999999999815
J001088,2023-01-03/MMSA,MMSA,AMR_32,G39_10,WS_2_20,"[""110175""]",1,6536.800000015015,6867.500000016218,6737.350000015745,6536.800000015015,6599.100000015242,6603.150000015256,6727.250000015708,6727.300000015708,6737.300000015744,6737.350000015745,6863.450000016203,6867.500000016218,18.100000000000122,204.65000000001228,13.350000000000055,0,94.34999999999678,0.25,0,52.0,195.99999999999324
J001089,2023-01-03/MTKB,MTKB,AMR_28,G6_9,WS_13_20,"[""101218"", ""115181""]",2,6537.400000015017,6821.20000001605,6694.000000015587,6537.400000015017,6617.90000001531,6621.950000015325,6683.90000001555,6683.95000001555,6693.950000015587,6694.000000015587,6817.150000016035,6821.20000001605,18.100000000000122,164.45000000000314,24.850000000000218,0,76.14999999999782,0.25,0,50.00000000000037,116.00000000000182
J001090,2023-01-03/TMAB,TMAB,AMR_39,G30_13,WS_25_20,"[""101075""]",1,6542.550000015036,6689.500000015571,6633.150000015366,6542.550000015036,6581.200000015177,6585.250000015191,6623.050000015329,6623.100000015329,6633.100000015365,6633.150000015366,6685.450000015556,6689.500000015571,18.100000000000122,87.79999999999715,15.300000000000082,0,25.500000000000227,0.25,0,26.0,64.00000000000021
J001091,2023-01-03/SEMY,SEMY,AMR_27,G29_9,WS_19_20,"[""107381""]",1,6542.800000015037,6744.35000001577,6674.750000015517,6542.800000015037,6614.650000015298,6618.700000015313,6664.65000001548,6664.70000001548,6674.700000015517,6674.750000015517,6740.300000015755,6744.35000001577,18.100000000000122,129.79999999999526,17.20000000000011,0,36.20000000000008,0.25,0,58.00000000000004,88.00000000000043
J001092,2023-01-03/MTKB,MTKB,AMR_37,G0_9,WS_13_20,"[""107428"", ""131976""]",2,6543.2500000150385,6850.150000016155,6765.650000015848,6543.2500000150385,6681.700000015542,6685.750000015557,6755.550000015811,6755.600000015811,6765.600000015847,6765.650000015848,6846.10000001614,6850.150000016155,18.100000000000122,188.15000000000853,24.95000000000022,0,75.44999999999786,0.25,0,110.00000000000155,108.00000000000132
J001093,2023-01-03/TMAB,TMAB,AMR_09,G21_12,WS_25_20,"[""101203""]",1,6547.800000015055,6710.600000015647,6678.950000015532,6547.800000015055,6619.9500000153175,6624.000000015332,6668.850000015495,6668.900000015496,6678.900000015532,6678.950000015532,6706.550000015633,6710.600000015647,18.100000000000122,96.89999999999664,17.25000000000011,0,30.300000000000296,0.25,0,40.000000000000114,56.00000000000023
J001094,2023-01-03/SEMY,SEMY,AMR_07,G9_1,WS_19_20,"[""110339""]",1,6552.450000015072,6798.800000015968,6718.500000015676,6552.450000015072,6599.650000015244,6603.700000015258,6708.400000015639,6708.4500000156395,6718.450000015676,6718.500000015676,6794.750000015953,6798.800000015968,18.100000000000122,158.00000000000168,20.00000000000015,0,49.9999999999993,0.25,0,46.00000000000031,132.0000000000016
J001095,2023-01-03/SRPA,SRPA,AMR_17,G3_12,WS_8_20,"[""110561""]",1,6561.300000015104,6851.050000016158,6817.650000016037,6561.300000015104,6738.400000015748,6742.450000015763,6807.550000016,6807.600000016,6817.600000016037,6817.650000016037,6847.0000000161435,6851.050000016158,18.100000000000122,187.80000000000845,24.90000000000022,0,58.6999999999988,0.25,0,156.00000000000142,64.00000000000038
J001096,2023-01-03/MSAI,MSAI,AMR_21,G38_12,WS_30_20,"[""123305"", ""135075""]",2,6582.350000015181,6775.600000015884,6730.65000001572,6582.350000015181,6642.300000015399,6646.350000015414,6720.5500000156835,6720.600000015684,6730.60000001572,6730.65000001572,6771.550000015869,6775.600000015884,18.100000000000122,122.1999999999952,15.250000000000082,0,37.45000000000001,0.25,0,62.0,72.00000000000024
J001097,2023-01-03/MSAI,MSAI,AMR_36,G21_10,WS_30_20,"[""110357"", ""132437""]",4,6593.10000001522,6744.000000015769,6696.450000015596,6593.10000001522,6628.300000015348,6632.350000015363,6686.350000015559,6686.400000015559,6696.400000015596,6696.450000015596,6739.950000015754,6744.000000015769,18.100000000000122,101.54999999999637,13.350000000000055,0,17.650000000000116,0.25,0,28.0,84.00000000000043
J001098,2023-01-03/MSAI,MSAI,AMR_08,G23_7,WS_30_20,"[""110569"", ""112010""]",2,6603.800000015259,6764.100000015842,6713.600000015658,6603.800000015259,6635.650000015375,6639.700000015389,6703.5000000156215,6703.550000015622,6713.550000015658,6713.600000015658,6760.050000015827,6764.100000015842,18.100000000000122,100.74999999999642,15.300000000000082,0,25.900000000000233,0.25,0,16.0,96.00000000000051
J001099,2023-01-03/TMAB,TMAB,AMR_04,G20_12,WS_25_20,"[""125639""]",1,6605.1000000152635,6816.050000016031,6764.150000015842,6605.1000000152635,6710.800000015648,6714.850000015663,6754.050000015805,6754.100000015806,6764.100000015842,6764.150000015842,6812.000000016016,6816.050000016031,18.100000000000122,123.69999999999511,19.100000000000136,0,49.79999999999931,0.25,0,68.00000000000063,68.00000000000026
J001100,2023-01-03/MMSA,MMSA,AMR_20,G32_9,WS_2_20,"[""101174""]",1,6609.400000015279,6922.500000016418,6754.300000015806,6609.400000015279,6609.400000015279,6613.450000015294,6744.20000001577,6744.25000001577,6754.250000015806,6754.300000015806,6918.4500000164035,6922.500000016418,18.100000000000122,157.40000000000154,9.55,0,127.84999999999488,0.2,0,0.0,167.99999999999798
J001101,2023-01-03/MTKB,MTKB,AMR_14,G3_10,WS_13_20,"[""107103"", ""107301""]",2,6615.1500000153,6777.30000001589,6710.850000015648,6615.1500000153,6615.1500000153,6619.200000015315,6700.7500000156115,6700.800000015612,6710.800000015648,6710.850000015648,6773.250000015875,6777.30000001589,18.100000000000122,82.34999999999746,10.450000000000014,0,51.04999999999924,0.2,0,0.0,88.00000000000112
J001102,2023-01-03/SRPA,SRPA,AMR_01,G11_2,WS_8_20,"[""110569""]",1,6622.650000015327,6785.250000015919,6722.30000001569,6622.650000015327,6671.200000015504,6675.250000015519,6712.200000015653,6712.250000015653,6722.25000001569,6722.30000001569,6781.200000015904,6785.250000015919,18.100000000000122,103.44999999999627,12.400000000000041,0,28.40000000000027,0.25,0,29.999999999999986,92.00000000000132
J001103,2023-01-03/MSAI,MSAI,AMR_19,G15_10,WS_30_20,"[""110310"", ""133910""]",2,6626.350000015341,6954.300000016534,6889.6000000162985,6626.350000015341,6686.050000015558,6690.100000015573,6879.500000016262,6879.550000016262,6889.550000016298,6889.6000000162985,6950.250000016519,6954.300000016534,18.100000000000122,140.14999999999762,16.250000000000096,0,153.20000000000059,0.25,0,33.999999999999986,108.00000000000023
J001104,2023-01-03/TMAB,TMAB,AMR_25,G32_12,WS_25_20,"[""111252""]",1,6629.050000015351,6784.950000015918,6729.700000015717,6629.050000015351,6681.450000015541,6685.500000015556,6719.60000001568,6719.65000001568,6729.650000015717,6729.700000015717,6780.900000015903,6784.950000015918,18.100000000000122,101.24999999999639,13.350000000000055,0,22.95000000000019,0.25,0,40.0,68.00000000000031
J001105,2023-01-03/MTKB,MTKB,AMR_34,G26_8,WS_13_20,"[""107334"", ""110555""]",3,6629.500000015352,6889.300000016297,6803.500000015985,6629.500000015352,6702.300000015617,6706.350000015632,6793.4000000159485,6793.450000015949,6803.450000015985,6803.500000015985,6885.250000016283,6889.300000016297,18.100000000000122,154.5500000000009,19.100000000000136,0,67.79999999999829,0.25,0,62.000000000000355,104.00000000000074
J001106,2023-01-03/SRPA,SRPA,AMR_35,G23_9,WS_8_20,"[""101067""]",1,6629.550000015352,6804.450000015989,6737.900000015747,6629.550000015352,6651.300000015432,6655.350000015446,6727.80000001571,6727.85000001571,6737.850000015746,6737.900000015747,6800.400000015974,6804.450000015989,18.100000000000122,124.79999999999505,10.450000000000014,0,21.300000000000168,0.25,0,20.0,112.00000000000122
J001107,2023-01-03/MMSA,MMSA,AMR_05,G32_8,WS_2_20,"[""101018""]",1,6633.650000015367,6876.850000016252,6771.350000015868,6633.650000015367,6633.650000015367,6637.700000015382,6761.250000015832,6761.300000015832,6771.300000015868,6771.350000015868,6872.800000016237,6876.850000016252,18.100000000000122,172.10000000000488,15.250000000000082,0,37.550000000000004,0.2,0,0.0,203.9999999999928
J001108,2023-01-03/SEMY,SEMY,AMR_06,G9_10,WS_19_20,"[""110227""]",1,6642.7500000154005,7050.650000016884,6994.850000016681,6642.7500000154005,6918.700000016404,6922.750000016419,6984.750000016645,6984.800000016645,6994.800000016681,6994.850000016681,7046.60000001687,7050.650000016884,18.100000000000122,216.90000000001507,28.700000000000273,0,143.94999999999848,0.25,0,155.99999999999903,88.0000000000006
J001109,2023-01-03/MSAI,MSAI,AMR_10,G14_9,WS_30_20,"[""107238"", ""113162""]",2,6643.750000015404,6846.500000016142,6753.8000000158045,6643.750000015404,6650.350000015428,6654.400000015443,6743.700000015768,6743.750000015768,6753.750000015804,6753.8000000158045,6842.450000016127,6846.500000016142,18.100000000000122,120.09999999999532,11.500000000000028,0,52.79999999999914,0.25,0,4.0,124.00000000000045
J001110,2023-01-03/TMAB,TMAB,AMR_13,G26_2,WS_25_20,"[""101207"", ""110433""]",3,6647.900000015419,6843.25000001613,6796.950000015961,6647.900000015419,6714.550000015662,6718.600000015676,6786.850000015925,6786.900000015925,6796.900000015961,6796.950000015961,6839.200000016115,6843.25000001613,18.100000000000122,144.69999999999865,15.250000000000082,0,17.050000000000107,0.25,0,68.00000000000038,104.0000000000012
J001111,2023-01-03/MTKB,MTKB,AMR_02,G12_9,WS_13_20,"[""101221"", ""107303"", ""122645""]",3,6651.100000015431,6956.9500000165435,6922.050000016417,6651.100000015431,6832.35000001609,6836.400000016105,6911.95000001638,6912.00000001638,6922.000000016416,6922.050000016417,6952.900000016529,6956.9500000165435,18.100000000000122,160.8000000000023,24.90000000000022,0,101.79999999999636,0.25,0,110.00000000000199,60.0000000000005
J001112,2023-01-03/SRPA,SRPA,AMR_12,G26_9,WS_8_20,"[""110374""]",1,6652.700000015437,6946.100000016504,6845.850000016139,6652.700000015437,6740.600000015756,6744.650000015771,6835.750000016103,6835.800000016103,6845.800000016139,6845.850000016139,6942.050000016489,6946.100000016504,18.100000000000122,175.85000000000574,15.250000000000082,0,83.94999999999737,0.25,0,70.00000000000088,124.00000000000105
J001113,2023-01-03/MSAI,MSAI,AMR_22,G29_15,WS_30_20,"[""110178""]",1,6660.100000015464,6991.75000001667,6974.850000016609,6660.100000015464,6913.350000016385,6917.4000000164,6964.750000016572,6964.800000016572,6974.8000000166085,6974.850000016609,6987.700000016655,6991.75000001667,18.100000000000122,130.4499999999954,22.15000000000018,0,160.7000000000023,0.25,0,114.00000000000107,32.0
J001114,2023-01-03/TMAB,TMAB,AMR_31,G6_10,WS_25_20,"[""101318"", ""107120""]",2,6666.000000015485,7093.35000001704,7022.700000016783,6666.000000015485,6862.150000016199,6866.200000016213,7012.600000016746,7012.650000016746,7022.6500000167825,7022.700000016783,7089.300000017025,7093.35000001704,18.100000000000122,220.75000000001594,24.700000000000216,0,163.55000000000294,0.25,0,102.00000000000111,124.000000000001
J001115,2023-01-03/MTKB,MTKB,AMR_11,G12_14,WS_13_20,"[""112432""]",1,6666.850000015488,6776.550000015887,6748.050000015784,6666.850000015488,6704.500000015625,6708.55000001564,6737.950000015747,6738.000000015747,6748.000000015783,6748.050000015784,6772.5000000158725,6776.550000015887,18.100000000000122,74.34999999999792,14.300000000000068,0,2.6999999999999984,0.25,0,36.000000000000014,40.000000000000114
J001116,2023-01-03/TMAB,TMAB,AMR_38,G18_10,WS_25_20,"[""110554""]",1,6669.050000015496,7045.000000016864,7006.750000016725,6669.050000015496,6877.300000016254,6881.3500000162685,6996.650000016688,6996.700000016688,7006.7000000167245,7006.750000016725,7040.950000016849,7045.000000016864,18.100000000000122,202.00000000001168,25.75000000000023,0,129.84999999999528,0.25,0,150.00000000000085,76.00000000000043
J001117,2023-01-03/TMAB,TMAB,AMR_15,G29_8,WS_25_20,"[""112034""]",1,6679.000000015532,6990.400000016665,6942.700000016492,6679.000000015532,6877.300000016254,6881.3500000162685,6932.600000016455,6932.650000016455,6942.6500000164915,6942.700000016492,6986.3500000166505,6990.400000016665,18.100000000000122,145.3999999999988,26.900000000000247,0,120.74999999999528,0.25,0,78.00000000000017,72.00000000000054
J001118,2023-01-03/SRPA,SRPA,AMR_30,G27_2,WS_8_20,"[""110444""]",1,6688.850000015568,7110.750000017103,7025.350000016792,6688.850000015568,6916.950000016398,6921.000000016413,7015.250000016756,7015.300000016756,7025.300000016792,7025.350000016792,7106.700000017088,7110.750000017103,18.100000000000122,201.90000000001166,23.900000000000205,0,177.75000000000617,0.25,0,64.0000000000006,171.99999999999656
J001119,2023-01-03/MTKB,MTKB,AMR_16,G12_12,WS_13_20,"[""112010""]",1,6694.050000015587,6855.350000016174,6820.850000016048,6694.050000015587,6743.350000015766,6747.400000015781,6810.750000016012,6810.800000016012,6820.800000016048,6820.850000016048,6851.300000016159,6855.350000016174,18.100000000000122,81.34999999999752,13.350000000000055,0,48.249999999999396,0.25,0,32.00000000000003,48.0000000000003
J001120,2023-01-03/MSAI,MSAI,AMR_18,G3_2,WS_30_20,"[""101192"", ""110349""]",2,6696.500000015596,7042.750000016856,6923.700000016423,6696.500000015596,6720.350000015683,6724.4000000156975,6913.600000016386,6913.650000016386,6923.650000016422,6923.700000016423,7038.700000016841,7042.750000016856,18.100000000000122,201.10000000001148,20.05000000000015,0,106.74999999999608,0.25,0,17.99999999999999,211.99999999999085
J001121,2023-01-03/MTKB,MTKB,AMR_09,G9_13,WS_13_20,"[""131980""]",1,6710.900000015648,6919.350000016407,6887.900000016292,6710.900000015648,6839.350000016116,6843.40000001613,6877.800000016256,6877.850000016256,6887.850000016292,6887.900000016292,6915.300000016392,6919.350000016407,18.100000000000122,104.89999999999618,17.20000000000011,0,67.99999999999828,0.25,0,50.00000000000021,52.00000000000017
J001122,2023-01-03/MSAI,MSAI,AMR_39,G29_12,WS_30_20,"[""110543""]",1,6713.650000015658,6814.850000016027,6783.950000015914,6713.650000015658,6733.35000001573,6737.400000015745,6773.850000015877,6773.900000015878,6783.900000015914,6783.950000015914,6810.800000016012,6814.850000016027,18.100000000000122,65.29999999999843,15.300000000000082,0,2.25,0.25,0,12.0,52.00000000000023
J001123,2023-01-03/SRPA,SRPA,AMR_33,G38_8,WS_8_20,"[""107328""]",1,6722.35000001569,6982.250000016636,6889.350000016298,6722.35000001569,6790.250000015937,6794.300000015952,6879.250000016261,6879.300000016261,6889.300000016297,6889.350000016298,6978.200000016621,6982.250000016636,18.100000000000122,194.65000000001,17.20000000000011,0,29.700000000000287,0.25,0,70.00000000000031,175.9999999999961
J001124,2023-01-03/TMAB,TMAB,AMR_36,G17_10,WS_25_20,"[""123763""]",1,6744.050000015769,6944.350000016498,6888.050000016293,6744.050000015769,6824.10000001606,6828.150000016075,6877.950000016256,6878.000000016256,6888.000000016293,6888.050000016293,6940.300000016483,6944.350000016498,18.100000000000122,123.64999999999512,17.15000000000011,0,41.1499999999998,0.25,0,48.0000000000004,84.00000000000043
J001125,2023-01-03/MSAI,MSAI,AMR_27,G29_10,WS_30_20,"[""101256""]",1,6744.40000001577,6865.900000016212,6830.300000016083,6744.40000001577,6748.450000015785,6752.5000000158,6820.200000016046,6820.250000016046,6830.250000016083,6830.300000016083,6861.850000016198,6865.900000016212,18.100000000000122,59.59999999999875,9.5,0,34.0500000000002,0.25,0,2.0,56.00000000000041
J001126,2023-01-03/MTKB,MTKB,AMR_23,G11_10,WS_13_20,"[""107396""]",1,6760.500000015829,6993.700000016677,6956.150000016541,6760.500000015829,6832.550000016091,6836.600000016106,6946.050000016504,6946.100000016504,6956.10000001654,6956.150000016541,6989.6500000166625,6993.700000016677,18.100000000000122,101.59999999999637,15.250000000000082,0,97.99999999999658,0.25,0,31.999999999999964,60.00000000000031
J001127,2023-01-03/MSAI,MSAI,AMR_08,G21_12,WS_30_20,"[""107879""]",1,6764.150000015842,6917.250000016399,6872.600000016237,6764.150000015842,6782.90000001591,6786.950000015925,6862.5000000162,6862.5500000162,6872.5500000162365,6872.600000016237,6913.200000016384,6917.250000016399,18.100000000000122,83.84999999999738,15.300000000000082,0,35.600000000000115,0.25,0,14.0,76.00000000000023
J001128,2023-01-03/TMAB,TMAB,AMR_26,G17_9,WS_25_20,"[""107459""]",1,6766.35000001585,7074.20000001697,6990.800000016667,6766.35000001585,6889.500000016298,6893.550000016313,6980.70000001663,6980.75000001663,6990.7500000166665,6990.800000016667,7070.150000016955,7074.20000001697,18.100000000000122,171.80000000000481,21.100000000000165,0,96.59999999999665,0.25,0,102.0000000000012,92.00000000000051
J001129,2023-01-03/PONT,PONT,AMR_21,G18_8,WS_2_20,"[""117427""]",1,6775.650000015884,7064.750000016936,6986.9000000166525,6775.650000015884,6902.500000016345,6906.55000001636,6976.800000016616,6976.850000016616,6986.850000016652,6986.9000000166525,7060.700000016921,7064.750000016936,18.100000000000122,206.75000000001276,24.850000000000218,0,39.14999999999991,0.25,0,96.000000000001,144.0000000000019
J001130,2023-01-03/PONT,PONT,AMR_11,G23_7,WS_2_20,"[""110569""]",1,6776.600000015887,7009.500000016735,6929.100000016442,6776.600000015887,6852.400000016163,6856.450000016178,6919.0000000164055,6919.050000016406,6929.050000016442,6929.100000016442,7005.45000001672,7009.500000016735,18.100000000000122,157.35000000000153,17.20000000000011,0,39.999999999999865,0.25,0,36.000000000000036,140.0000000000014
J001131,2023-01-03/MTKB,MTKB,AMR_14,G9_9,WS_13_20,"[""134599""]",1,6777.35000001589,6975.550000016611,6939.100000016479,6777.35000001589,6801.150000015977,6805.2000000159915,6929.000000016442,6929.050000016442,6939.050000016478,6939.100000016479,6971.5000000165965,6975.550000016611,18.100000000000122,87.19999999999719,11.400000000000027,0,81.24999999999753,0.25,0,18.0,68.00000000000057
J001132,2023-01-03/MSAI,MSAI,AMR_40,G26_6,WS_30_20,"[""136998""]",1,6784.000000015914,6990.2000000166645,6940.750000016485,6784.000000015914,6853.700000016168,6857.750000016183,6930.650000016448,6930.700000016448,6940.700000016484,6940.750000016485,6986.15000001665,6990.2000000166645,18.100000000000122,124.0499999999951,16.250000000000096,0,47.549999999999436,0.25,0,30.00000000000003,108.0000000000015
J001133,2023-01-03/TMAB,TMAB,AMR_25,G35_10,WS_25_20,"[""101033""]",2,6797.000000015962,6918.350000016403,6865.600000016211,6797.000000015962,6811.950000016016,6816.000000016031,6855.500000016174,6855.550000016175,6865.550000016211,6865.600000016211,6914.300000016388,6918.350000016403,18.100000000000122,87.39999999999718,12.35000000000004,0,3.2499999999999964,0.25,0,10.0,88.00000000000034
J001134,2023-01-03/MTKB,MTKB,AMR_01,G14_8,WS_13_20,"[""110418""]",1,6803.5500000159855,6946.900000016507,6905.0000000163545,6803.5500000159855,6827.800000016074,6831.850000016088,6894.900000016318,6894.950000016318,6904.950000016354,6905.0000000163545,6942.850000016492,6946.900000016507,18.100000000000122,83.34999999999741,14.350000000000069,0,27.300000000000253,0.25,0,18.0,64.0000000000006
J001135,2023-01-03/MTKB,MTKB,AMR_04,G20_10,WS_13_20,"[""107405""]",1,6820.900000016049,7025.250000016792,6973.200000016603,6820.900000016049,6869.600000016226,6873.6500000162405,6963.100000016566,6963.150000016566,6973.1500000166025,6973.200000016603,7021.200000016777,7025.250000016792,18.100000000000122,83.74999999999739,13.400000000000055,0,88.8499999999971,0.25,0,8.0,72.00000000000048
J001136,2023-01-03/MSAI,MSAI,AMR_35,G23_9,WS_30_20,"[""101067""]",1,6830.350000016083,6960.400000016556,6906.6500000163605,6830.350000016083,6830.350000016083,6834.400000016098,6896.550000016324,6896.600000016324,6906.60000001636,6906.6500000163605,6956.350000016541,6960.400000016556,18.100000000000122,72.949999999998,9.5,0,29.30000000000028,0.2,0,0.0,80.00000000000048
J001137,2023-01-03/SEMY,SEMY,AMR_29,G23_12,WS_19_20,"[""112087""]",1,6846.650000016142,6926.1500000164315,6891.300000016305,6846.650000016142,6846.650000016142,6850.700000016157,6881.200000016268,6881.250000016268,6891.2500000163045,6891.300000016305,6922.100000016417,6926.1500000164315,18.100000000000122,49.699999999999314,9.55,0,1.950000000000001,0.2,0,0.0,52.0000000000003
J001138,2023-01-03/PONT,PONT,AMR_17,G3_12,WS_2_20,"[""110601""]",1,6851.100000016158,6920.1000000164095,6888.750000016295,6851.100000016158,6851.100000016158,6855.150000016173,6878.650000016259,6878.700000016259,6888.700000016295,6888.750000016295,6916.050000016395,6920.1000000164095,18.100000000000122,42.299999999999734,6.699999999999984,0,1.7000000000000008,0.2,0,0.0,48.0000000000004
J001139,2023-01-03/TMAB,TMAB,AMR_39,G38_14,WS_25_20,"[""110179""]",1,6865.650000016211,7019.3500000167705,6958.900000016551,6865.650000016211,6893.350000016312,6897.400000016327,6948.800000016514,6948.850000016514,6958.85000001655,6958.900000016551,7015.300000016756,7019.3500000167705,18.100000000000122,99.89999999999647,13.350000000000055,0,22.10000000000018,0.25,0,26.0,84.0000000000001
J001140,2023-01-03/MSAI,MSAI,AMR_24,G35_9,WS_30_20,"[""101202""]",1,6872.650000016237,6997.9000000166925,6957.800000016547,6872.650000016237,6872.650000016237,6876.700000016252,6947.70000001651,6947.75000001651,6957.750000016546,6957.800000016547,6993.850000016678,6997.9000000166925,18.100000000000122,61.49999999999864,9.55,0,35.9000000000001,0.2,0,0.0,68.00000000000058
J001141,2023-01-03/SRPA,SRPA,AMR_05,G32_8,WS_8_20,"[""110519""]",1,6876.900000016252,7085.550000017011,7004.700000016717,6876.900000016252,6876.900000016252,6880.950000016267,6994.6000000166805,6994.650000016681,7004.650000016717,7004.700000016717,7081.500000016997,7085.550000017011,18.100000000000122,127.5499999999949,9.55,0,53.24999999999911,0.2,0,0.0,151.9999999999986
J001142,2023-01-03/MTKB,MTKB,AMR_07,G9_8,WS_13_20,"[""107225""]",1,6887.9500000162925,7029.450000016807,6990.250000016665,6887.9500000162925,6909.25000001637,6913.300000016385,6980.150000016628,6980.200000016628,6990.2000000166645,6990.250000016665,7025.400000016793,7029.450000016807,18.100000000000122,84.39999999999735,13.400000000000055,0,25.350000000000225,0.25,0,18.0,72.00000000000065
J001143,2023-01-03/TMAB,TMAB,AMR_16,G12_13,WS_25_20,"[""111998""]",1,6888.100000016293,7017.250000016763,6974.850000016609,6888.100000016293,6892.000000016307,6896.050000016322,6964.750000016572,6964.800000016572,6974.8000000166085,6974.850000016609,7013.200000016748,7017.250000016763,18.100000000000122,78.79999999999767,9.5,0,22.500000000000185,0.25,0,2.0,88.00000000000037
J001144,2023-01-03/MSAI,MSAI,AMR_03,G20_9,WS_30_20,"[""125547""]",1,6889.650000016299,7052.900000016893,7000.550000016702,6889.650000016299,6915.950000016394,6920.000000016409,6990.450000016665,6990.500000016666,7000.500000016702,7000.550000016702,7048.850000016878,7052.900000016893,18.100000000000122,123.14999999999515,17.20000000000011,0,4.549999999999992,0.25,0,18.0,124.00000000000128
J001145,2023-01-03/MTKB,MTKB,AMR_28,G8_8,WS_13_20,"[""101296""]",1,6905.050000016355,7049.050000016879,7007.300000016727,6905.050000016355,6918.100000016402,6922.150000016417,6997.20000001669,6997.25000001669,7007.2500000167265,7007.300000016727,7045.000000016864,7049.050000016879,18.100000000000122,84.49999999999734,13.400000000000055,0,27.75000000000026,0.25,0,6.0,84.00000000000102
J001146,2023-01-03/MSAI,MSAI,AMR_10,G14_12,WS_30_20,"[""124208""]",1,6906.700000016361,7092.350000017036,7017.750000016765,6906.700000016361,6922.700000016419,6926.750000016434,7007.650000016728,7007.700000016728,7017.7000000167645,7017.750000016765,7088.300000017021,7092.350000017036,18.100000000000122,114.54999999999563,13.350000000000055,0,39.3999999999999,0.25,0,10.0,112.00000000000017
J001147,2023-01-03/MTKB,MTKB,AMR_08,G20_8,WS_13_20,"[""107254""]",1,6922.100000016417,7110.950000017104,7058.450000016913,6922.100000016417,6969.3000000165885,6973.350000016603,7048.350000016876,7048.400000016876,7058.400000016913,7058.450000016913,7106.900000017089,7110.950000017104,18.100000000000122,109.19999999999594,15.250000000000082,0,46.04999999999952,0.25,0,38.000000000000114,80.00000000000082
J001148,2023-01-03/MSAI,MSAI,AMR_37,G0_15,WS_30_20,"[""101276""]",1,6923.750000016423,7129.20000001717,7045.700000016866,6923.750000016423,6943.650000016495,6947.70000001651,7035.60000001683,7035.65000001683,7045.650000016866,7045.700000016866,7125.150000017155,7129.20000001717,18.100000000000122,139.39999999999745,10.500000000000014,0,37.200000000000024,0.25,0,16.000000000000004,147.99999999999972
J001149,2023-01-03/MTKB,MTKB,AMR_29,G23_12,WS_13_20,"[""112087""]",1,6939.150000016479,7067.150000016944,7024.350000016789,6939.150000016479,6939.150000016479,6943.2000000164935,7014.250000016752,7014.300000016752,7024.3000000167885,7024.350000016789,7063.10000001693,7067.150000016944,18.100000000000122,68.59999999999825,9.55,0,31.550000000000313,0.2,0,0.0,76.0000000000006
J001150,2023-01-03/TMAB,TMAB,AMR_17,G3_12,WS_25_20,"[""110561"", ""112013""]",3,6942.750000016492,7120.200000017137,7038.650000016841,6942.750000016492,6942.750000016492,6946.800000016507,7028.550000016804,7028.600000016804,7038.600000016841,7038.650000016841,7116.150000017123,7120.200000017137,18.100000000000122,125.39999999999502,11.450000000000028,0,22.300000000000182,0.2,0,0.0,143.9999999999996
J001151,2023-01-03/MTKB,MTKB,AMR_19,G15_10,WS_13_20,"[""133910""]",1,6956.200000016541,7079.150000016988,7041.400000016851,6956.200000016541,6956.200000016541,6960.2500000165555,7031.300000016814,7031.350000016814,7041.350000016851,7041.400000016851,7075.100000016973,7079.150000016988,18.100000000000122,58.449999999998816,9.5,0,36.70000000000005,0.2,0,0.0,56.00000000000044
J001152,2023-01-03/TMAB,TMAB,AMR_25,G38_13,WS_25_20,"[""101066""]",1,6958.950000016551,7101.900000017071,7054.600000016899,6958.950000016551,6985.2500000166465,6989.300000016661,7044.500000016862,7044.550000016862,7054.550000016899,7054.600000016899,7097.850000017056,7101.900000017071,18.100000000000122,90.499999999997,14.350000000000069,0,19.750000000000146,0.25,0,12.0,88.00000000000021
J001153,2023-01-03/MTKB,MTKB,AMR_35,G23_10,WS_13_20,"[""110589""]",1,6973.250000016603,7150.300000017247,7075.500000016975,6973.250000016603,6977.250000016617,6981.300000016632,7065.400000016938,7065.450000016938,7075.450000016975,7075.500000016975,7146.250000017232,7150.300000017247,18.100000000000122,85.1999999999973,10.450000000000014,0,63.049999999998555,0.25,0,2.0,84.00000000000051
J001154,2023-01-03/TMAB,TMAB,AMR_02,G12_12,WS_25_20,"[""101191""]",2,6974.900000016609,7119.100000017133,7070.550000016957,6974.900000016609,6991.400000016669,6995.450000016684,7060.45000001692,7060.50000001692,7070.500000016957,7070.550000016957,7115.050000017119,7119.100000017133,18.100000000000122,96.39999999999667,13.350000000000055,0,16.100000000000094,0.25,0,10.0,96.0000000000006
J001155,2023-01-03/PULA,PULA,AMR_27,G26_12,WS_2_20,"[""101146"", ""101183"", ""110534"", ""110590"", ""112326"", ""112333"", ""122632""]",7,6986.950000016653,7298.050000017784,7121.700000017143,6986.950000016653,7001.700000016706,7005.750000016721,7111.600000017106,7111.650000017106,7121.650000017143,7121.700000017143,7294.00000001777,7298.050000017784,18.100000000000122,191.85000000000937,20.00000000000015,0,80.89999999999755,0.25,0,10.0,207.99999999999318
J001156,2023-01-03/PULA,PULA,AMR_14,G3_10,WS_2_20,"[""101024"", ""101163"", ""107103"", ""107398"", ""110210"", ""127627""]",6,6986.950000016653,7084.550000017008,7053.400000016894,6986.950000016653,7011.700000016743,7015.750000016757,7043.300000016858,7043.350000016858,7053.350000016894,7053.400000016894,7080.500000016993,7084.550000017008,18.100000000000122,66.49999999999837,10.450000000000014,0,2.3,0.25,0,17.999999999999996,52.0000000000004
J001157,2023-01-03/PULA,PULA,AMR_36,G15_12,WS_2_20,"[""107272"", ""107280"", ""110146"", ""110323"", ""110603"", ""117432""]",6,6986.950000016653,7131.100000017177,7070.550000016957,6986.950000016653,7001.600000016706,7005.650000016721,7060.45000001692,7060.50000001692,7070.500000016957,7070.550000016957,7127.050000017162,7131.100000017177,18.100000000000122,92.74999999999687,14.350000000000069,0,18.70000000000013,0.25,0,8.0,96.00000000000136
J001158,2023-01-03/PULA,PULA,AMR_13,G20_2,WS_2_20,"[""109989"", ""110297"", ""110390"", ""110499"", ""111212"", ""124207""]",7,6986.950000016653,7176.400000017342,7104.650000017081,6986.950000016653,7009.050000016733,7013.100000016748,7094.550000017044,7094.600000017044,7104.600000017081,7104.650000017081,7172.350000017327,7176.400000017342,18.100000000000122,139.49999999999747,15.250000000000082,0,16.350000000000097,0.25,0,16.0,155.99999999999986
J001159,2023-01-03/PULA,PULA,AMR_34,G26_8,WS_2_20,"[""101177"", ""107334"", ""110191"", ""110555"", ""112292"", ""124211""]",7,6986.950000016653,7166.200000017305,7087.600000017019,6986.950000016653,6986.950000016653,6991.000000016667,7077.500000016982,7077.550000016982,7087.550000017019,7087.600000017019,7162.15000001729,7166.200000017305,18.100000000000122,134.89999999999642,11.450000000000028,0,14.600000000000072,0.2,0,0.0,167.99999999999991
J001160,2023-01-03/PULA,PULA,AMR_20,G29_12,WS_2_20,"[""101181"", ""101291"", ""110163"", ""110595"", ""112452"", ""113197""]",6,6986.950000016653,7262.900000017657,7138.750000017205,6986.950000016653,7006.7000000167245,7010.750000016739,7128.650000017168,7128.700000017168,7138.700000017205,7138.750000017205,7258.850000017642,7262.900000017657,18.100000000000122,142.49999999999815,13.350000000000055,0,101.74999999999636,0.25,0,12.0,144.00000000000009
J001161,2023-01-03/MTKB,MTKB,AMR_09,G3_9,WS_13_20,"[""107336""]",1,6990.300000016665,7211.65000001747,7092.550000017037,6990.300000016665,7021.050000016777,7025.1000000167915,7082.450000017,7082.500000017,7092.500000017037,7092.550000017037,7207.600000017455,7211.65000001747,18.100000000000122,135.14999999999648,21.050000000000164,0,46.79999999999948,0.25,0,24.000000000000025,120.00000000000163
J001162,2023-01-03/TMAB,TMAB,AMR_12,G23_9,WS_25_20,"[""124483""]",1,6990.850000016667,7142.150000017217,7102.450000017073,6990.850000016667,6998.800000016696,7002.8500000167105,7092.350000017036,7092.400000017036,7102.400000017073,7102.450000017073,7138.100000017203,7142.150000017217,18.100000000000122,75.69999999999784,13.400000000000055,0,43.849999999999646,0.25,0,6.0,68.00000000000037
J001163,2023-01-03/TMAB,TMAB,AMR_24,G35_9,WS_25_20,"[""110500""]",1,7006.800000016725,7148.550000017241,7086.500000017015,7006.800000016725,7006.800000016725,7010.85000001674,7076.400000016978,7076.450000016978,7086.450000017015,7086.500000017015,7144.500000017226,7148.550000017241,18.100000000000122,83.64999999999739,11.450000000000028,0,28.350000000000268,0.2,0,0.0,92.00000000000044
J001164,2023-01-03/MTKB,MTKB,AMR_23,G23_8,WS_13_20,"[""110419""]",1,7007.350000016727,7183.900000017369,7125.050000017155,7007.350000016727,7060.55000001692,7064.600000016935,7114.950000017118,7115.0000000171185,7125.000000017155,7125.050000017155,7179.850000017354,7183.900000017369,18.100000000000122,109.49999999999592,14.350000000000069,0,34.350000000000186,0.25,0,32.0,92.00000000000085
J001165,2023-01-03/TMAB,TMAB,AMR_32,G35_8,WS_25_20,"[""101134""]",1,7022.750000016783,7176.700000017343,7118.400000017131,7022.750000016783,7047.750000016874,7051.800000016889,7108.300000017094,7108.350000017094,7118.350000017131,7118.400000017131,7172.650000017328,7176.700000017343,18.100000000000122,101.0499999999964,14.350000000000069,0,20.200000000000152,0.25,0,20.0,96.00000000000053
J001166,2023-01-03/MTKB,MTKB,AMR_22,G27_12,WS_13_20,"[""137330""]",1,7024.400000016789,7226.900000017526,7145.65000001723,7024.400000016789,7083.350000017003,7087.400000017018,7135.550000017193,7135.600000017193,7145.60000001723,7145.65000001723,7222.850000017511,7226.900000017526,18.100000000000122,103.39999999999627,15.250000000000082,0,65.49999999999842,0.25,0,14.0,100.00000000000071
J001167,2023-01-03/SRSD,SRSD,AMR_16,G6_14,WS_8_20,"[""110342"", ""112432""]",2,7025.400000016793,7143.8500000172235,7114.550000017117,7025.400000016793,7057.400000016909,7061.450000016924,7104.45000001708,7104.50000001708,7114.500000017117,7114.550000017117,7139.800000017209,7143.8500000172235,18.100000000000122,71.84999999999806,15.300000000000082,0,12.950000000000049,0.25,0,26.000000000000014,44.000000000000114
J001168,2023-01-03/SRSD,SRSD,AMR_01,G8_12,WS_8_20,"[""110299""]",1,7025.400000016793,7131.000000017177,7098.700000017059,7025.400000016793,7052.400000016891,7056.4500000169055,7088.6000000170225,7088.650000017023,7098.650000017059,7098.700000017059,7126.950000017162,7131.000000017177,18.100000000000122,72.29999999999804,13.350000000000055,0,1.6000000000000008,0.25,0,20.0,52.0000000000003
J001169,2023-01-03/SRSD,SRSD,AMR_04,G5_9,WS_8_20,"[""125583""]",2,7025.400000016793,7222.50000001751,7177.900000017347,7025.400000016793,7098.5000000170585,7102.550000017073,7167.800000017311,7167.850000017311,7177.850000017347,7177.900000017347,7218.450000017495,7222.50000001751,18.100000000000122,131.64999999999569,15.250000000000082,0,31.850000000000318,0.25,0,72.000000000001,72.00000000000048
J001170,2023-01-03/SRSD,SRSD,AMR_11,G12_9,WS_8_20,"[""112386""]",1,7025.400000016793,7179.6000000173535,7130.500000017175,7025.400000016793,7067.600000016946,7071.650000016961,7120.400000017138,7120.450000017138,7130.450000017175,7130.500000017175,7175.550000017339,7179.6000000173535,18.100000000000122,108.24999999999599,17.20000000000011,0,10.400000000000013,0.25,0,42.000000000000284,76.00000000000088
J001171,2023-01-03/SRSD,SRSD,AMR_40,G12_8,WS_8_20,"[""118483""]",1,7025.400000016793,7218.750000017496,7146.450000017233,7025.400000016793,7072.450000016964,7076.500000016978,7136.350000017196,7136.400000017196,7146.400000017233,7146.450000017233,7214.700000017481,7218.750000017496,18.100000000000122,117.94999999999544,17.20000000000011,0,39.84999999999987,0.25,0,44.0000000000003,80.00000000000097
J001172,2023-01-03/SRSD,SRSD,AMR_15,G3_5,WS_8_20,"[""110339""]",1,7025.400000016793,7224.000000017515,7162.400000017291,7025.400000016793,7086.600000017015,7090.65000001703,7152.300000017254,7152.350000017254,7162.350000017291,7162.400000017291,7219.9500000175,7224.000000017515,18.100000000000122,144.4499999999986,17.25000000000011,0,18.55000000000013,0.25,0,66.00000000000087,100.00000000000138
J001173,2023-01-03/TMAB,TMAB,AMR_33,G38_10,WS_25_20,"[""101199""]",1,7038.700000016841,7186.400000017378,7134.350000017189,7038.700000016841,7053.300000016894,7057.350000016909,7124.250000017152,7124.300000017152,7134.300000017189,7134.350000017189,7182.3500000173635,7186.400000017378,18.100000000000122,94.74999999999676,13.350000000000055,0,21.250000000000167,0.25,0,8.0,100.00000000000044
J001174,2023-01-03/MTKB,MTKB,AMR_07,G3_7,WS_13_20,"[""125469""]",1,7041.450000016851,7284.250000017734,7237.350000017564,7041.450000016851,7076.000000016977,7080.050000016991,7227.250000017527,7227.300000017527,7237.300000017563,7237.350000017564,7280.2000000177195,7284.250000017734,18.100000000000122,132.999999999996,23.050000000000193,0,68.39999999999826,0.25,0,30.000000000000053,120.00000000000223
J001175,2023-01-03/MSAI,MSAI,AMR_06,G9_10,WS_30_20,"[""107293"", ""110227""]",2,7050.700000016885,7203.800000017442,7134.900000017191,7050.700000016885,7050.700000016885,7054.750000016899,7124.800000017154,7124.850000017154,7134.850000017191,7134.900000017191,7199.750000017427,7203.800000017442,18.100000000000122,108.69999999999597,9.5,0,16.6000000000001,0.2,0,0.0,132.00000000000068
J001176,2023-01-03/PULA,PULA,AMR_03,G26_2,WS_2_20,"[""101149"", ""101207"", ""110391"", ""110433"", ""121904"", ""123272""]",6,7053.450000016895,7308.850000017824,7189.5000000173895,7053.450000016895,7095.550000017048,7099.6000000170625,7179.400000017353,7179.450000017353,7189.450000017389,7189.5000000173895,7304.800000017809,7308.850000017824,18.100000000000122,188.5000000000086,21.000000000000163,0,27.550000000000257,0.25,0,38.00000000000008,183.99999999999696
J001177,2023-01-03/TMAB,TMAB,AMR_39,G38_9,WS_25_20,"[""140089""]",1,7054.650000016899,7207.9000000174565,7150.300000017247,7054.650000016899,7073.300000016967,7077.3500000169815,7140.20000001721,7140.25000001721,7150.250000017247,7150.300000017247,7203.850000017442,7207.9000000174565,18.100000000000122,105.54999999999615,17.20000000000011,0,12.150000000000038,0.25,0,14.0,104.0000000000005
J001178,2023-01-03/MTKB,MTKB,AMR_38,G17_4,WS_13_20,"[""111218""]",1,7058.500000016913,7251.550000017615,7180.000000017355,7058.500000016913,7096.500000017051,7100.550000017066,7169.900000017318,7169.950000017318,7179.950000017355,7180.000000017355,7247.5000000176005,7251.550000017615,18.100000000000122,102.34999999999633,13.300000000000054,0,59.04999999999878,0.25,0,26.000000000000004,84.00000000000085
J001179,2023-01-03/PULA,PULA,AMR_18,G9_2,WS_2_20,"[""110291"", ""110305"", ""112040"", ""115591"", ""127405""]",6,7070.600000016957,7226.400000017524,7165.950000017304,7070.600000016957,7099.900000017064,7103.950000017078,7155.850000017267,7155.900000017267,7165.900000017304,7165.950000017304,7222.350000017509,7226.400000017524,18.100000000000122,120.19999999999531,12.35000000000004,0,4.899999999999991,0.25,0,23.999999999999986,116.00000000000216
J001180,2023-01-03/TMAB,TMAB,AMR_21,G18_8,WS_25_20,"[""112368""]",1,7070.600000016957,7213.650000017477,7168.650000017314,7070.600000016957,7070.600000016957,7074.650000016972,7158.550000017277,7158.600000017277,7168.6000000173135,7168.650000017314,7209.600000017463,7213.650000017477,18.100000000000122,92.59999999999688,13.350000000000055,0,18.800000000000132,0.2,0,0.0,104.00000000000082
J001181,2023-01-03/MTKB,MTKB,AMR_29,G20_9,WS_13_20,"[""101155""]",1,7075.550000016975,7205.750000017449,7162.950000017293,7075.550000016975,7096.8500000170525,7100.900000017067,7152.850000017256,7152.900000017256,7162.900000017293,7162.950000017293,7201.700000017434,7205.750000017449,18.100000000000122,84.79999999999733,13.350000000000055,0,13.70000000000006,0.25,0,16.0,76.00000000000088
J001182,2023-01-03/SEMY,SEMY,AMR_05,G32_8,WS_19_20,"[""110519""]",1,7085.600000017012,7204.950000017446,7153.2000000172575,7085.600000017012,7085.600000017012,7089.650000017026,7143.100000017221,7143.150000017221,7153.150000017257,7153.2000000172575,7200.900000017431,7204.950000017446,18.100000000000122,87.14999999999719,11.450000000000028,0,2.4499999999999993,0.2,0,0.0,104.00000000000068
J001183,2023-01-03/TMAB,TMAB,AMR_14,G9_12,WS_25_20,"[""101337""]",1,7086.550000017015,7243.400000017586,7184.400000017371,7086.550000017015,7108.850000017096,7112.900000017111,7174.300000017334,7174.350000017334,7184.350000017371,7184.400000017371,7239.350000017571,7243.400000017586,18.100000000000122,104.04999999999623,12.400000000000041,0,22.05000000000018,0.25,0,16.0,104.00000000000063
J001184,2023-01-03/PULA,PULA,AMR_26,G18_2,WS_2_20,"[""101135"", ""112374"", ""125413"", ""131216"", ""140079""]",5,7087.650000017019,7277.750000017711,7207.600000017455,7087.650000017019,7112.450000017109,7116.500000017124,7197.500000017419,7197.550000017419,7207.550000017455,7207.600000017455,7273.700000017696,7277.750000017711,18.100000000000122,136.4999999999968,15.300000000000082,0,19.95000000000015,0.25,0,19.999999999999996,144.00000000000048
J001185,2023-01-03/MTKB,MTKB,AMR_28,G3_6,WS_13_20,"[""122682""]",1,7092.600000017037,7273.650000017696,7205.250000017447,7092.600000017037,7124.650000017154,7128.700000017168,7195.15000001741,7195.20000001741,7205.200000017447,7205.250000017447,7269.600000017681,7273.650000017696,18.100000000000122,118.5499999999954,15.300000000000082,0,28.850000000000275,0.25,0,26.000000000000025,104.00000000000152
J001186,2023-01-03/SRSD,SRSD,AMR_31,G11_2,WS_8_20,"[""110569""]",1,7098.750000017059,7267.250000017672,7209.700000017463,7098.750000017059,7129.350000017171,7133.400000017185,7199.600000017426,7199.6500000174265,7209.650000017463,7209.700000017463,7263.200000017658,7267.250000017672,18.100000000000122,108.39999999999598,11.400000000000027,0,30.350000000000296,0.25,0,25.99999999999996,92.00000000000121
J001187,2023-01-03/TMAB,TMAB,AMR_19,G21_2,WS_25_20,"[""110609""]",1,7102.500000017073,7264.000000017661,7209.5500000174625,7102.500000017073,7142.050000017217,7146.100000017232,7199.450000017426,7199.500000017426,7209.500000017462,7209.5500000174625,7259.950000017646,7264.000000017661,18.100000000000122,115.59999999999557,16.200000000000095,0,11.350000000000026,0.25,0,39.99999999999995,96.00000000000131
J001188,2023-01-03/PULA,PULA,AMR_25,G32_12,WS_2_20,"[""110587"", ""111252"", ""111342"", ""112353"", ""138468""]",6,7104.700000017081,7293.600000017768,7224.550000017517,7104.700000017081,7128.300000017167,7132.350000017182,7214.45000001748,7214.5000000174805,7224.500000017517,7224.550000017517,7289.5500000177535,7293.600000017768,18.100000000000122,141.849999999998,12.400000000000041,0,16.300000000000097,0.25,0,18.0,159.99999999999784
J001189,2023-01-03/SRSD,SRSD,AMR_30,G32_9,WS_8_20,"[""107333""]",1,7114.600000017117,7316.2000000178505,7233.300000017549,7114.600000017117,7142.2000000172175,7146.250000017232,7223.200000017512,7223.250000017512,7233.250000017549,7233.300000017549,7312.150000017836,7316.2000000178505,18.100000000000122,145.94999999999894,16.250000000000096,0,21.050000000000164,0.25,0,23.999999999999996,147.9999999999997
J001190,2023-01-03/TMAB,TMAB,AMR_10,G6_9,WS_25_20,"[""110618""]",1,7118.450000017131,7319.950000017864,7237.800000017565,7118.450000017131,7150.150000017246,7154.200000017261,7227.7000000175285,7227.750000017529,7237.750000017565,7237.800000017565,7315.900000017849,7319.950000017864,18.100000000000122,137.54999999999703,15.250000000000082,0,30.350000000000296,0.25,0,21.999999999999986,128.00000000000082
J001191,2023-01-03/PULA,PULA,AMR_08,G38_8,WS_2_20,"[""101295"", ""107130"", ""107328"", ""110165"", ""125176""]",5,7121.750000017143,7442.750000018311,7341.800000017944,7121.750000017143,7175.650000017339,7179.700000017354,7331.700000017907,7331.750000017907,7341.750000017943,7341.800000017944,7438.700000018296,7442.750000018311,18.100000000000122,213.45000000001428,17.20000000000011,0,71.99999999999805,0.25,0,60.0000000000003,195.99999999999423
J001192,2023-01-03/MTKB,MTKB,AMR_02,G26_7,WS_13_20,"[""101273""]",1,7125.100000017155,7337.200000017927,7254.250000017625,7125.100000017155,7170.8000000173215,7174.850000017336,7244.150000017588,7244.2000000175885,7254.200000017625,7254.250000017625,7333.150000017912,7337.200000017927,18.100000000000122,128.74999999999503,17.20000000000011,0,47.79999999999942,0.25,0,38.00000000000012,108.00000000000068
J001193,2023-01-03/SRSD,SRSD,AMR_37,G0_15,WS_8_20,"[""107317""]",1,7130.550000017175,7224.450000017517,7193.750000017405,7130.550000017175,7130.550000017175,7134.60000001719,7183.650000017368,7183.700000017368,7193.700000017405,7193.750000017405,7220.400000017502,7224.450000017517,18.100000000000122,57.69999999999886,7.649999999999981,0,10.25000000000001,0.2,0,0.0,60.00000000000033
J001194,2023-01-03/TMAB,TMAB,AMR_17,G3_2,WS_25_20,"[""110351""]",1,7134.400000017189,7400.650000018158,7309.200000017825,7134.400000017189,7195.400000017411,7199.450000017426,7299.100000017788,7299.150000017788,7309.150000017825,7309.200000017825,7396.600000018143,7400.650000018158,18.100000000000122,182.20000000000718,17.100000000000108,0,48.599999999999376,0.25,0,48.000000000000384,167.99999999999676
J001195,2023-01-03/PAGU,PAGU,AMR_36,G17_9,WS_30_20,"[""110143"", ""110225"", ""112369"", ""132437""]",4,7134.950000017191,7400.650000018158,7302.100000017799,7134.950000017191,7188.100000017384,7192.150000017399,7292.000000017762,7292.050000017763,7302.050000017799,7302.100000017799,7396.600000018143,7400.650000018158,18.100000000000122,153.45000000000064,20.05000000000015,0,73.84999999999795,0.25,0,38.00000000000004,128.00000000000057
J001196,2023-01-03/PAGU,PAGU,AMR_01,G38_12,WS_30_20,"[""101028"", ""123305""]",2,7134.950000017191,7514.250000018571,7472.600000018419,7134.950000017191,7404.4500000181715,7408.500000018186,7462.500000018383,7462.550000018383,7472.550000018419,7472.600000018419,7510.200000018556,7514.250000018571,18.100000000000122,235.4500000000193,32.50000000000029,0,92.99999999999686,0.25,0,187.99999999999392,72.0000000000003
J001197,2023-01-03/PAGU,PAGU,AMR_12,G21_10,WS_30_20,"[""110357"", ""112029""]",4,7142.2000000172175,7269.30000001768,7224.450000017517,7142.2000000172175,7155.150000017265,7159.200000017279,7214.35000001748,7214.40000001748,7224.4000000175165,7224.450000017517,7265.250000017665,7269.30000001768,18.100000000000122,82.44999999999746,13.350000000000055,0,12.950000000000049,0.25,0,6.0,84.00000000000043
J001198,2023-01-03/PAGU,PAGU,AMR_16,G33_15,WS_30_20,"[""111391""]",1,7143.900000017224,7312.150000017836,7285.050000017737,7143.900000017224,7239.400000017571,7243.450000017586,7274.9500000177,7275.000000017701,7285.000000017737,7285.050000017737,7308.100000017821,7312.150000017836,18.100000000000122,97.89999999999658,12.400000000000041,0,39.59999999999989,0.25,0,68.00000000000004,36.00000000000003
J001199,2023-01-03/PAGU,PAGU,AMR_24,G23_12,WS_30_20,"[""110465""]",1,7148.600000017241,7330.850000017904,7268.050000017675,7148.600000017241,7208.150000017457,7212.200000017472,7257.950000017639,7258.000000017639,7268.000000017675,7268.050000017675,7326.800000017889,7330.850000017904,18.100000000000122,120.4999999999953,17.20000000000011,0,26.200000000000237,0.25,0,58.000000000000554,76.00000000000023
J001200,2023-01-03/PULA,PULA,AMR_35,G5_12,WS_2_20,"[""110475"", ""110492"", ""112432"", ""132450""]",4,7150.350000017247,7446.250000018324,7412.650000018201,7150.350000017247,7364.200000018025,7368.25000001804,7402.550000018165,7402.600000018165,7412.600000018201,7412.650000018201,7442.200000018309,7446.250000018324,18.100000000000122,145.2999999999988,22.000000000000178,0,110.24999999999588,0.25,0,100.00000000000105,48.00000000000034
J001201,2023-01-03/SS02,SS02,AMR_34,G29_6,WS_19_20,"[""110543""]",1,7166.250000017305,7343.250000017949,7271.050000017686,7166.250000017305,7198.900000017424,7202.9500000174385,7260.9500000176495,7261.00000001765,7271.000000017686,7271.050000017686,7339.200000017934,7343.250000017949,18.100000000000122,115.69999999999557,17.20000000000011,0,25.75000000000023,0.25,0,26.0,100.00000000000071
J001202,2023-01-03/MTKB,MTKB,AMR_13,G35_9,WS_13_20,"[""101219"", ""110480""]",2,7176.450000017342,7405.750000018176,7335.40000001792,7176.450000017342,7232.700000017547,7236.750000017561,7325.300000017884,7325.350000017884,7335.35000001792,7335.40000001792,7401.7000000181615,7405.750000018176,18.100000000000122,158.25000000000173,17.15000000000011,0,35.55000000000012,0.25,0,52.00000000000004,136.00000000000048
J001203,2023-01-03/TMAB,TMAB,AMR_32,G3_1,WS_25_20,"[""110356""]",1,7176.750000017343,7528.300000018622,7401.35000001816,7176.750000017343,7267.900000017675,7271.9500000176895,7391.2500000181235,7391.300000018124,7401.30000001816,7401.35000001816,7524.250000018607,7528.300000018622,18.100000000000122,214.15000000001444,22.90000000000019,0,96.14999999999668,0.25,0,86.00000000000115,171.99999999999636
J001204,2023-01-03/PAGU,PAGU,AMR_11,G29_9,WS_30_20,"[""112083""]",1,7179.650000017354,7354.000000017988,7319.150000017861,7179.650000017354,7241.75000001758,7245.800000017594,7309.0500000178245,7309.100000017825,7319.100000017861,7319.150000017861,7349.950000017973,7354.000000017988,18.100000000000122,101.84999999999636,15.300000000000082,0,38.84999999999993,0.25,0,42.00000000000004,64.00000000000058
J001205,2023-01-03/MTKB,MTKB,AMR_23,G20_2,WS_13_20,"[""110179""]",1,7183.950000017369,7347.050000017963,7294.750000017772,7183.950000017369,7207.650000017456,7211.70000001747,7284.650000017736,7284.700000017736,7294.700000017772,7294.750000017772,7343.000000017948,7347.050000017963,18.100000000000122,103.99999999999623,15.300000000000082,0,25.450000000000227,0.25,0,17.999999999999996,104.00000000000153
J001206,2023-01-03/PULA,PULA,AMR_33,G6_10,WS_2_20,"[""107120"", ""110284"", ""112331"", ""124210""]",4,7186.450000017378,7435.750000018285,7395.400000018139,7186.450000017378,7329.650000017899,7333.700000017914,7385.300000018102,7385.350000018102,7395.350000018138,7395.400000018139,7431.700000018271,7435.750000018285,18.100000000000122,159.15000000000194,21.900000000000176,0,49.8999999999993,0.25,0,116.00000000000148,60.0000000000005
J001207,2023-01-03/SRSD,SRSD,AMR_06,G9_10,WS_8_20,"[""110227""]",1,7203.850000017442,7285.500000017739,7249.300000017607,7203.850000017442,7203.850000017442,7207.9000000174565,7239.20000001757,7239.2500000175705,7249.250000017607,7249.300000017607,7281.450000017724,7285.500000017739,18.100000000000122,51.14999999999923,7.649999999999981,0,4.549999999999992,0.2,0,0.0,56.00000000000051
J001208,2023-01-03/SRSD,SRSD,AMR_05,G32_8,WS_8_20,"[""110519"", ""138355""]",2,7205.000000017446,7446.400000018324,7313.4500000178405,7205.000000017446,7205.000000017446,7209.050000017461,7303.350000017804,7303.400000017804,7313.40000001784,7313.4500000178405,7442.350000018309,7446.400000018324,18.100000000000122,143.69999999999843,11.450000000000028,0,67.94999999999828,0.2,0,0.0,151.99999999999991
J001209,2023-01-03/MTKB,MTKB,AMR_29,G29_8,WS_13_20,"[""112034""]",1,7205.800000017449,7436.850000018289,7352.700000017983,7205.800000017449,7249.600000017608,7253.650000017623,7342.6000000179465,7342.650000017947,7352.650000017983,7352.700000017983,7432.800000018275,7436.850000018289,18.100000000000122,141.04999999999782,17.20000000000011,0,54.449999999999044,0.25,0,32.0,116.00000000000063
J001210,2023-01-03/PULA,PULA,AMR_39,G11_10,WS_2_20,"[""107412"", ""112203"", ""112285"", ""124403""]",4,7207.950000017457,7493.700000018496,7446.750000018325,7207.950000017457,7354.60000001799,7358.650000018005,7436.650000018289,7436.700000018289,7446.700000018325,7446.750000018325,7489.6500000184815,7493.700000018496,18.100000000000122,167.60000000000386,21.950000000000177,0,77.84999999999772,0.25,0,112.00000000000139,80.000000000001
J001211,2023-01-03/MTKB,MTKB,AMR_09,G6_1,WS_13_20,"[""113203""]",1,7211.70000001747,7437.600000018292,7386.800000018107,7211.70000001747,7275.100000017701,7279.150000017716,7376.700000018071,7376.750000018071,7386.750000018107,7386.800000018107,7433.550000018277,7437.600000018292,18.100000000000122,130.24999999999537,17.20000000000011,0,60.09999999999872,0.25,0,33.999999999999915,116.00000000000219
J001212,2023-01-03/SRSD,SRSD,AMR_21,G38_9,WS_8_20,"[""125179""]",1,7213.700000017478,7502.150000018527,7404.850000018173,7213.700000017478,7275.400000017702,7279.450000017717,7394.750000018136,7394.800000018136,7404.800000018173,7404.850000018173,7498.100000018512,7502.150000018527,18.100000000000122,189.8000000000089,19.100000000000136,0,61.19999999999866,0.25,0,50.00000000000004,171.99999999999565
J001213,2023-01-03/PULA,PULA,AMR_40,G17_12,WS_2_20,"[""107131"", ""110231"", ""110540"", ""123304""]",4,7218.800000017496,7387.800000018111,7301.1000000177955,7218.800000017496,7242.900000017584,7246.9500000175985,7291.000000017759,7291.050000017759,7301.050000017795,7301.1000000177955,7383.750000018096,7387.800000018111,18.100000000000122,103.89999999999624,12.400000000000041,0,34.350000000000186,0.25,0,18.0,100.00000000000122
J001214,2023-01-03/PAGU,PAGU,AMR_04,G21_12,WS_30_20,"[""107879""]",1,7224.500000017517,7458.95000001837,7414.400000018208,7224.500000017517,7338.700000017932,7342.750000017947,7404.300000018171,7404.350000018171,7414.3500000182075,7414.400000018208,7454.900000018355,7458.95000001837,18.100000000000122,116.04999999999555,19.200000000000138,0,80.84999999999755,0.25,0,46.000000000000085,80.00000000000017
J001215,2023-01-03/PULA,PULA,AMR_37,G0_15,WS_2_20,"[""107256"", ""107310"", ""107317"", ""110316"", ""110479"", ""110528"", ""110541""]",9,7224.600000017517,7285.90000001774,7265.150000017665,7224.600000017517,7224.600000017517,7228.650000017532,7255.050000017628,7255.100000017628,7265.100000017665,7265.150000017665,7281.8500000177255,7285.90000001774,18.100000000000122,34.350000000000186,6.699999999999984,0,1.950000000000001,0.2,0,0.0,35.99999999999998
J001216,2023-01-03/TMAB,TMAB,AMR_18,G9_2,WS_25_20,"[""126347""]",1,7226.450000017524,7409.50000001819,7325.200000017883,7226.450000017524,7226.450000017524,7230.500000017539,7315.1000000178465,7315.150000017847,7325.150000017883,7325.200000017883,7405.450000018175,7409.50000001819,18.100000000000122,121.34999999999525,13.350000000000055,0,30.050000000000292,0.2,0,0.0,143.99999999999977
J001217,2023-01-03/MTKB,MTKB,AMR_22,G27_2,WS_13_20,"[""112329""]",1,7237.400000017564,7480.200000018447,7403.850000018169,7237.400000017564,7268.750000017678,7272.800000017693,7393.750000018133,7393.800000018133,7403.800000018169,7403.850000018169,7476.150000018432,7480.200000018447,18.100000000000122,145.59999999999886,19.100000000000136,0,59.74999999999874,0.25,0,24.000000000000004,144.00000000000048
J001218,2023-01-03/MTKB,MTKB,AMR_38,G30_2,WS_13_20,"[""110609""]",1,7254.300000017625,7518.950000018588,7420.900000018231,7254.300000017625,7282.000000017726,7286.050000017741,7410.800000018195,7410.850000018195,7420.850000018231,7420.900000018231,7514.900000018573,7518.950000018588,18.100000000000122,152.75000000000048,14.300000000000068,0,79.24999999999764,0.25,0,29.999999999999996,143.9999999999994
J001219,2023-01-03/PULA,PULA,AMR_14,G15_9,WS_2_20,"[""107294"", ""110313"", ""110412"", ""132280""]",5,7265.200000017665,7520.350000018593,7463.800000018387,7265.200000017665,7384.350000018098,7388.400000018113,7453.700000018351,7453.750000018351,7463.750000018387,7463.800000018387,7516.300000018578,7520.350000018593,18.100000000000122,149.39999999999972,19.150000000000137,0,68.24999999999827,0.25,0,62.000000000000696,108.00000000000176
J001220,2023-01-03/PAGU,PAGU,AMR_20,G39_9,WS_30_20,"[""107238""]",1,7268.1000000176755,7422.050000018236,7374.150000018061,7268.1000000176755,7298.450000017786,7302.500000017801,7364.050000018025,7364.100000018025,7374.100000018061,7374.150000018061,7418.000000018221,7422.050000018236,18.100000000000122,104.6499999999962,13.350000000000055,0,17.600000000000115,0.25,0,30.0,92.00000000000058
J001221,2023-01-03/STT3,STT3,AMR_19,G24_2,WS_19_20,"[""115951"", ""123034""]",2,7271.100000017686,7454.500000018354,7402.750000018165,7271.100000017686,7286.050000017741,7290.1000000177555,7392.650000018129,7392.700000018129,7402.700000018165,7402.750000018165,7450.450000018339,7454.500000018354,18.100000000000122,110.79999999999585,15.250000000000082,0,38.99999999999992,0.25,0,10.0,116.00000000000179
J001222,2023-01-03/STT3,STT3,AMR_12,G20_12,WS_19_20,"[""125535""]",1,7271.100000017686,7416.650000018216,7385.700000018103,7271.100000017686,7328.350000017895,7332.400000017909,7375.600000018067,7375.650000018067,7385.650000018103,7385.700000018103,7412.600000018201,7416.650000018216,18.100000000000122,85.84999999999727,15.250000000000082,0,26.100000000000236,0.25,0,42.000000000000185,48.0000000000003
J001223,2023-01-03/STT3,STT3,AMR_31,G26_9,WS_19_20,"[""110139""]",1,7271.100000017686,7488.100000018476,7431.40000001827,7271.100000017686,7371.4500000180515,7375.500000018066,7421.300000018233,7421.350000018233,7431.350000018269,7431.40000001827,7484.050000018461,7488.100000018476,18.100000000000122,144.59999999999863,22.000000000000178,0,32.05000000000032,0.25,0,80.0000000000008,76.00000000000045
J001224,2023-01-03/STT3,STT3,AMR_15,G3_10,WS_19_20,"[""107398""]",1,7271.100000017686,7434.800000018282,7368.800000018042,7271.100000017686,7290.700000017758,7294.750000017772,7358.700000018005,7358.750000018005,7368.750000018042,7368.800000018042,7430.750000018267,7434.800000018282,18.100000000000122,120.99999999999527,14.300000000000068,0,10.050000000000008,0.25,0,14.0,120.00000000000128
J001225,2023-01-03/STT3,STT3,AMR_28,G38_13,WS_19_20,"[""101066""]",1,7273.700000017696,7606.350000018906,7537.400000018655,7273.700000017696,7463.700000018387,7467.750000018402,7527.300000018618,7527.350000018619,7537.350000018655,7537.400000018655,7602.300000018891,7606.350000018906,18.100000000000122,206.80000000001277,23.050000000000193,0,84.44999999999735,0.25,0,132.00000000000185,108.00000000000013
J001226,2023-01-03/PAGU,PAGU,AMR_07,G9_12,WS_30_20,"[""107172"", ""124208""]",2,7285.100000017737,7568.650000018769,7489.6500000184815,7285.100000017737,7372.650000018056,7376.700000018071,7479.550000018445,7479.600000018445,7489.600000018481,7489.6500000184815,7564.600000018754,7568.650000018769,18.100000000000122,179.1500000000065,21.000000000000163,0,65.04999999999845,0.25,0,62.00000000000074,132.00000000000102
J001227,2023-01-03/MTKB,MTKB,AMR_37,G0_15,WS_13_20,"[""124702""]",1,7294.800000017773,7409.050000018188,7369.750000018045,7294.800000017773,7294.800000017773,7298.850000017787,7359.6500000180085,7359.700000018009,7369.700000018045,7369.750000018045,7405.0000000181735,7409.050000018188,18.100000000000122,68.19999999999827,6.649999999999984,0,21.100000000000165,0.2,0,0.0,80.00000000000088
J001228,2023-01-03/PULA,PULA,AMR_06,G9_10,WS_2_20,"[""107224"", ""107380"", ""110227"", ""110294"", ""112056"", ""112086""]",7,7301.150000017796,7468.850000018406,7429.700000018263,7301.150000017796,7301.150000017796,7305.20000001781,7419.600000018227,7419.650000018227,7429.650000018263,7429.700000018263,7464.800000018391,7468.850000018406,18.100000000000122,82.14999999999748,8.599999999999987,0,58.649999999998805,0.2,0,0.0,100.00000000000176
J001229,2023-01-03/PAGU,PAGU,AMR_27,G26_12,WS_30_20,"[""118518""]",1,7302.150000017799,7391.900000018126,7356.850000017998,7302.150000017799,7302.150000017799,7306.200000017814,7346.750000017962,7346.800000017962,7356.800000017998,7356.850000017998,7387.850000018111,7391.900000018126,18.100000000000122,58.799999999998796,10.500000000000014,0,2.1500000000000004,0.2,0,0.0,64.00000000000023
J001230,2023-01-03/PAGU,PAGU,AMR_30,G32_9,WS_30_20,"[""122980""]",1,7319.200000017861,7427.400000018255,7391.200000018123,7319.200000017861,7319.200000017861,7323.250000017876,7381.100000018087,7381.150000018087,7391.150000018123,7391.200000018123,7423.35000001824,7427.400000018255,18.100000000000122,64.74999999999847,11.450000000000028,0,13.70000000000006,0.2,0,0.0,68.0000000000006
J001231,2023-01-03/MTKB,MTKB,AMR_25,G29_12,WS_13_20,"[""136197""]",1,7335.4500000179205,7510.150000018556,7437.950000018293,7335.4500000179205,7352.850000017984,7356.9000000179985,7427.850000018257,7427.900000018257,7437.900000018293,7437.950000018293,7506.100000018541,7510.150000018556,18.100000000000122,103.59999999999626,12.35000000000004,0,40.39999999999984,0.25,0,10.0,100.00000000000051
J001232,2023-01-03/PULA,PULA,AMR_26,G20_8,WS_2_20,"[""107254"", ""107274"", ""110536"", ""125463""]",4,7341.850000017944,7595.050000018865,7521.100000018596,7341.850000017944,7400.650000018158,7404.700000018172,7511.000000018559,7511.050000018559,7521.050000018596,7521.100000018596,7591.00000001885,7595.050000018865,18.100000000000122,148.94999999999962,19.100000000000136,0,66.79999999999835,0.25,0,40.00000000000013,124.00000000000176
J001233,2023-01-03/MTKB,MTKB,AMR_16,G35_8,WS_13_20,"[""112359""]",1,7352.750000017983,7523.7500000186055,7455.000000018355,7352.750000017983,7373.050000018057,7377.100000018072,7444.900000018319,7444.950000018319,7454.950000018355,7455.000000018355,7519.700000018591,7523.7500000186055,18.100000000000122,128.69999999999501,14.300000000000068,0,9.650000000000002,0.25,0,18.0,139.9999999999998
J001234,2023-01-03/PAGU,PAGU,AMR_24,G23_7,WS_30_20,"[""110569""]",1,7356.9000000179985,7552.100000018709,7506.7000000185435,7356.9000000179985,7388.650000018114,7392.700000018129,7496.600000018507,7496.650000018507,7506.650000018543,7506.7000000185435,7548.050000018694,7552.100000018709,18.100000000000122,100.14999999999645,15.300000000000082,0,61.39999999999865,0.25,0,14.0,96.00000000000068
J001235,2023-01-03/MTKB,MTKB,AMR_11,G38_15,WS_13_20,"[""112372""]",1,7369.8000000180455,7568.5500000187685,7512.500000018565,7369.8000000180455,7419.500000018226,7423.550000018241,7502.400000018528,7502.450000018528,7512.450000018564,7512.500000018565,7564.500000018754,7568.5500000187685,18.100000000000122,138.04999999999714,14.350000000000069,0,28.000000000000263,0.25,0,38.0,124.00000000000036
J001236,2023-01-03/PAGU,PAGU,AMR_23,G20_9,WS_30_20,"[""101155""]",1,7374.2000000180615,7587.100000018836,7523.7500000186055,7374.2000000180615,7424.300000018244,7428.3500000182585,7513.650000018569,7513.700000018569,7523.700000018605,7523.7500000186055,7583.050000018821,7587.100000018836,18.100000000000122,127.94999999999487,19.100000000000136,0,47.49999999999944,0.25,0,38.000000000000085,100.00000000000034
J001237,2023-01-03/PAGU,PAGU,AMR_03,G26_2,WS_30_20,"[""107213""]",1,7391.2500000181235,7506.7000000185435,7455.600000018358,7391.2500000181235,7391.2500000181235,7395.300000018138,7445.500000018321,7445.550000018321,7455.550000018357,7455.600000018358,7502.650000018529,7506.7000000185435,18.100000000000122,83.99999999999737,9.5,0,3.649999999999995,0.2,0,0.0,100.00000000000111
J001238,2023-01-03/MTKB,MTKB,AMR_27,G26_12,WS_13_20,"[""110590""]",1,7391.950000018126,7518.750000018587,7472.050000018417,7391.950000018126,7391.950000018126,7396.000000018141,7461.950000018381,7462.000000018381,7472.000000018417,7472.050000018417,7514.700000018573,7518.750000018587,18.100000000000122,74.89999999999789,9.55,0,24.050000000000207,0.2,0,0.0,88.0000000000006
J001239,2023-01-03/PULA,PULA,AMR_40,G23_14,WS_2_20,"[""110398"", ""112208"", ""112380"", ""134027""]",4,7395.450000018139,7621.900000018963,7538.050000018658,7395.450000018139,7445.450000018321,7449.500000018335,7527.950000018621,7528.000000018621,7538.000000018657,7538.050000018658,7617.850000018948,7621.900000018963,18.100000000000122,144.29999999999856,18.200000000000124,0,45.59999999999955,0.25,0,36.00000000000003,112.00000000000097
J001240,2023-01-03/TMYL,TMYL,AMR_17,G11_2,WS_8_20,"[""110569""]",2,7404.900000018173,7552.200000018709,7485.700000018467,7404.900000018173,7434.30000001828,7438.350000018295,7475.60000001843,7475.650000018431,7485.650000018467,7485.700000018467,7548.150000018694,7552.200000018709,18.100000000000122,107.09999999999606,14.300000000000068,0,7.549999999999981,0.25,0,23.999999999999986,100.00000000000156
J001241,2023-01-03/TMYL,TMYL,AMR_37,G0_15,WS_8_20,"[""101276""]",1,7409.100000018188,7496.150000018505,7465.600000018394,7409.100000018188,7409.100000018188,7413.150000018203,7455.500000018357,7455.550000018357,7465.550000018394,7465.600000018394,7492.10000001849,7496.150000018505,18.100000000000122,53.94999999999907,7.649999999999981,0,7.149999999999983,0.2,0,0.0,60.00000000000034
J001242,2023-01-03/MTKB,MTKB,AMR_18,G9_2,WS_13_20,"[""110291""]",1,7409.55000001819,7534.550000018645,7489.1000000184795,7409.55000001819,7409.55000001819,7413.600000018205,7479.000000018443,7479.050000018443,7489.050000018479,7489.1000000184795,7530.50000001863,7534.550000018645,18.100000000000122,87.74999999999716,11.450000000000028,0,7.499999999999981,0.2,0,0.0,100.00000000000139
J001243,2023-01-03/PULA,PULA,AMR_36,G17_9,WS_2_20,"[""101180"", ""107281"", ""107459"", ""110141""]",4,7412.7000000182015,7539.800000018664,7480.8500000184495,7412.7000000182015,7412.7000000182015,7416.750000018216,7470.750000018413,7470.800000018413,7480.800000018449,7480.8500000184495,7535.750000018649,7539.800000018664,18.100000000000122,92.04999999999691,11.450000000000028,0,5.299999999999989,0.2,0,0.0,108.00000000000185
J001244,2023-01-03/PAGU,PAGU,AMR_10,G3_2,WS_30_20,"[""101192"", ""110351"", ""112231""]",3,7414.450000018208,7679.500000019172,7563.700000018751,7414.450000018208,7446.750000018325,7450.80000001834,7553.600000018714,7553.650000018714,7563.650000018751,7563.700000018751,7675.450000019157,7679.500000019172,18.100000000000122,187.40000000000836,18.100000000000122,0,41.1999999999998,0.25,0,23.999999999999996,195.99999999999395
J001245,2023-01-03/MTKB,MTKB,AMR_20,G39_9,WS_13_20,"[""123305""]",1,7422.100000018236,7612.750000018929,7529.8000000186275,7422.100000018236,7422.100000018236,7426.1500000182505,7519.700000018591,7519.750000018591,7529.750000018627,7529.8000000186275,7608.700000018915,7612.750000018929,18.100000000000122,129.64999999999523,11.450000000000028,0,31.25000000000031,0.2,0,0.0,159.99999999999605
J001246,2023-01-03/TMYL,TMYL,AMR_30,G32_9,WS_8_20,"[""101174""]",1,7427.450000018255,7636.400000019015,7535.100000018647,7427.450000018255,7427.450000018255,7431.50000001827,7525.00000001861,7525.05000001861,7535.050000018647,7535.100000018647,7632.350000019001,7636.400000019015,18.100000000000122,150.85000000000005,13.350000000000055,0,26.45000000000024,0.2,0,0.0,183.9999999999952
J001247,2023-01-03/PULA,PULA,AMR_12,G6_12,WS_2_20,"[""107263"", ""110285"", ""110512""]",3,7429.750000018264,7590.350000018848,7555.10000001872,7429.750000018264,7498.400000018513,7502.450000018528,7545.000000018683,7545.050000018683,7555.050000018719,7555.10000001872,7586.300000018833,7590.350000018848,18.100000000000122,94.79999999999676,12.400000000000041,0,35.050000000000146,0.25,0,44.00000000000023,60.00000000000064
J001248,2023-01-03/MTKB,MTKB,AMR_08,G38_8,WS_13_20,"[""107328""]",1,7442.800000018311,7649.750000019064,7553.200000018713,7442.800000018311,7442.800000018311,7446.850000018326,7543.100000018676,7543.150000018676,7553.1500000187125,7553.200000018713,7645.700000019049,7649.750000019064,18.100000000000122,132.999999999996,13.350000000000055,0,42.299999999999734,0.2,0,0.0,151.99999999999787
J001249,2023-01-03/TMAB,TMAB,AMR_05,G32_8,WS_25_20,"[""107232"", ""107312""]",3,7446.450000018324,7562.200000018745,7507.050000018545,7446.450000018324,7446.450000018324,7450.500000018339,7496.950000018508,7497.000000018508,7507.000000018545,7507.050000018545,7558.150000018731,7562.200000018745,18.100000000000122,74.29999999999792,11.450000000000028,0,11.700000000000031,0.2,0,0.0,84.00000000000051
J001250,2023-01-03/PULA,PULA,AMR_29,G29_8,WS_2_20,"[""110521"", ""110596"", ""112034"", ""112066""]",4,7446.800000018326,7768.750000019497,7589.200000018844,7446.800000018326,7446.800000018326,7450.85000001834,7579.100000018807,7579.150000018807,7589.1500000188435,7589.200000018844,7764.700000019482,7768.750000019497,18.100000000000122,151.5000000000002,13.400000000000055,0,138.7499999999973,0.2,0,0.0,171.99999999999798
J001251,2023-01-03/PAGU,PAGU,AMR_13,G35_9,WS_30_20,"[""101202""]",1,7455.650000018358,7585.250000018829,7540.800000018668,7455.650000018358,7455.650000018358,7459.7000000183725,7530.700000018631,7530.750000018631,7540.750000018667,7540.800000018668,7581.2000000188145,7585.250000018829,18.100000000000122,65.39999999999843,9.55,0,36.35000000000007,0.2,0,0.0,68.00000000000048
J001252,2023-01-03/PULA,PULA,AMR_33,G14_9,WS_2_20,"[""101080"", ""110262"", ""111239""]",3,7463.850000018388,7703.300000019259,7606.250000018906,7463.850000018388,7494.6500000185,7498.700000018514,7596.150000018869,7596.200000018869,7606.2000000189055,7606.250000018906,7699.250000019244,7703.300000019259,18.100000000000122,115.74999999999557,16.250000000000096,0,89.09999999999708,0.25,0,22.0,96.00000000000088
J001253,2023-01-03/PAGU,PAGU,AMR_06,G12_12,WS_30_20,"[""107106""]",2,7472.65000001842,7739.100000019389,7633.200000019004,7472.65000001842,7499.0000000185155,7503.05000001853,7623.100000018967,7623.150000018967,7633.1500000190035,7633.200000019004,7735.050000019374,7739.100000019389,18.100000000000122,131.7499999999957,18.100000000000122,0,98.24999999999656,0.25,0,10.0,120.00000000000065
J001254,2023-01-03/PULA,PULA,AMR_09,G6_2,WS_2_20,"[""110168"", ""110342"", ""110418""]",5,7480.90000001845,7622.850000018966,7572.150000018782,7480.90000001845,7484.900000018464,7488.950000018479,7562.050000018745,7562.100000018745,7572.100000018781,7572.150000018782,7618.800000018951,7622.850000018966,18.100000000000122,82.39999999999746,6.649999999999984,0,34.550000000000175,0.25,0,2.0,92.00000000000132
J001255,2023-01-03/PAGU,PAGU,AMR_19,G20_2,WS_30_20,"[""110097""]",1,7489.700000018482,7654.900000019083,7599.15000001888,7489.700000018482,7505.70000001854,7509.750000018555,7589.050000018843,7589.100000018843,7599.10000001888,7599.15000001888,7650.850000019068,7654.900000019083,18.100000000000122,109.64999999999591,14.300000000000068,0,22.90000000000019,0.25,0,12.0,120.00000000000155
J001256,2023-01-03/MTKB,MTKB,AMR_21,G38_9,WS_13_20,"[""140089""]",1,7502.200000018527,7684.050000019189,7601.450000018888,7502.200000018527,7502.200000018527,7506.250000018542,7591.3500000188515,7591.400000018852,7601.400000018888,7601.450000018888,7680.000000019174,7684.050000019189,18.100000000000122,128.649999999995,11.450000000000028,0,23.4500000000002,0.2,0,0.0,147.99999999999878
J001257,2023-01-03/PAGU,PAGU,AMR_15,G3_12,WS_30_20,"[""110601""]",1,7506.750000018544,7695.650000019231,7616.150000018942,7506.750000018544,7513.3000000185675,7517.350000018582,7606.050000018905,7606.100000018905,7616.1000000189415,7616.150000018942,7691.600000019216,7695.650000019231,18.100000000000122,129.4999999999952,11.450000000000028,0,29.600000000000286,0.25,0,4.0,151.99999999999858
J001258,2023-01-03/TMCO,TMCO,AMR_04,G20_14,WS_25_20,"[""110342"", ""112432""]",3,7507.100000018545,7618.3000000189495,7585.35000001883,7507.100000018545,7527.400000018619,7531.450000018634,7575.250000018793,7575.300000018793,7585.300000018829,7585.35000001883,7614.250000018935,7618.3000000189495,18.100000000000122,71.84999999999806,13.350000000000055,0,7.649999999999981,0.25,0,14.0,60.00000000000004
J001259,2023-01-03/TMCO,TMCO,AMR_34,G29_6,WS_25_20,"[""110166"", ""121833""]",2,7507.100000018545,7623.300000018968,7569.450000018772,7507.100000018545,7507.100000018545,7511.15000001856,7559.350000018735,7559.400000018735,7569.400000018772,7569.450000018772,7619.250000018953,7623.300000018968,18.100000000000122,74.54999999999791,11.450000000000028,0,11.900000000000034,0.2,0,0.0,80.00000000000071
J001260,2023-01-03/TMCO,TMCO,AMR_31,G23_12,WS_25_20,"[""112087""]",1,7507.100000018545,7637.100000019018,7601.300000018888,7507.100000018545,7527.000000018617,7531.050000018632,7591.200000018851,7591.250000018851,7601.2500000188875,7601.300000018888,7633.050000019003,7637.100000019018,18.100000000000122,71.1999999999981,13.350000000000055,0,27.10000000000025,0.25,0,12.0,56.00000000000023
J001261,2023-01-03/TMCO,TMCO,AMR_39,G20_12,WS_25_20,"[""125639""]",1,7507.100000018545,7743.850000019406,7636.900000019017,7507.100000018545,7570.2000000187745,7574.250000018789,7626.80000001898,7626.850000018981,7636.850000019017,7636.900000019017,7739.8000000193915,7743.850000019406,18.100000000000122,104.34999999999621,17.20000000000011,0,96.84999999999664,0.25,0,38.000000000000114,68.00000000000023
J001262,2023-01-03/TMCO,TMCO,AMR_35,G17_12,WS_25_20,"[""112287""]",1,7507.100000018545,7739.50000001939,7668.950000019134,7507.100000018545,7595.300000018866,7599.350000018881,7658.850000019097,7658.900000019097,7668.900000019134,7668.950000019134,7735.450000019376,7739.50000001939,18.100000000000122,132.24999999999582,17.20000000000011,0,64.59999999999847,0.25,0,64.00000000000098,80.00000000000023
J001263,2023-01-03/TMCO,TMCO,AMR_02,G18_10,WS_25_20,"[""113142""]",1,7507.100000018545,7655.500000019085,7617.250000018946,7507.100000018545,7546.650000018689,7550.700000018704,7607.150000018909,7607.200000018909,7617.2000000189455,7617.250000018946,7651.45000001907,7655.500000019085,18.100000000000122,103.34999999999627,15.250000000000082,0,11.450000000000028,0.25,0,38.000000000000085,76.00000000000043
J001264,2023-01-03/STT3,STT3,AMR_01,G38_12,WS_19_20,"[""110131""]",1,7514.300000018571,7673.150000019149,7586.750000018835,7514.300000018571,7514.300000018571,7518.350000018586,7576.650000018798,7576.700000018798,7586.7000000188345,7586.750000018835,7669.100000019134,7673.150000019149,18.100000000000122,102.59999999999631,11.450000000000028,0,26.50000000000024,0.2,0,0.0,112.00000000000018
J001265,2023-01-03/PULA,PULA,AMR_27,G21_10,WS_2_20,"[""110362"", ""110592"", ""111277""]",3,7521.150000018596,7863.800000019843,7690.400000019212,7521.150000018596,7584.450000018826,7588.500000018841,7680.300000019175,7680.350000019175,7690.350000019212,7690.400000019212,7859.750000019828,7863.800000019843,18.100000000000122,165.90000000000347,21.000000000000163,0,137.399999999997,0.25,0,46.00000000000047,128.00000000000142
J001266,2023-01-03/TSDA,TSDA,AMR_38,G30_2,WS_8_20,"[""107238"", ""110609"", ""111373"", ""134029""]",4,7535.150000018647,7784.6000000195545,7672.250000019146,7535.150000018647,7535.150000018647,7539.200000018662,7662.150000019109,7662.200000019109,7672.200000019146,7672.250000019146,7780.55000001954,7784.6000000195545,18.100000000000122,150.90000000000006,13.350000000000055,0,66.89999999999834,0.2,0,0.0,179.99999999999577
J001267,2023-01-03/TSDA,TSDA,AMR_32,G3_5,WS_8_20,"[""110339"", ""112013"", ""127627""]",3,7535.150000018647,7689.650000019209,7624.400000018972,7535.150000018647,7552.55000001871,7556.600000018725,7614.300000018935,7614.350000018935,7624.3500000189715,7624.400000018972,7685.600000019194,7689.650000019209,18.100000000000122,102.39999999999633,15.300000000000082,0,18.450000000000127,0.25,0,12.0,100.00000000000138
J001268,2023-01-03/TSDA,TSDA,AMR_03,G26_2,WS_8_20,"[""107213"", ""110599"", ""123094""]",3,7535.150000018647,7950.800000020159,7640.35000001903,7535.150000018647,7535.150000018647,7539.200000018662,7630.250000018993,7630.300000018993,7640.3000000190295,7640.35000001903,7946.750000020144,7950.800000020159,18.100000000000122,205.6000000000125,32.55000000000029,0,159.20000000000195,0.2,0,0.0,223.99999999999463
J001269,2023-01-03/TSDA,TSDA,AMR_18,G9_14,WS_8_20,"[""112432"", ""121875""]",2,7535.150000018647,7689.80000001921,7656.300000019088,7535.150000018647,7589.100000018843,7593.150000018858,7646.200000019051,7646.250000019051,7656.250000019088,7656.300000019088,7685.750000019195,7689.80000001921,18.100000000000122,85.64999999999728,13.350000000000055,0,37.30000000000002,0.25,0,40.00000000000013,44.000000000000185
J001270,2023-01-03/TSDA,TSDA,AMR_14,G14_12,WS_8_20,"[""124208"", ""125413""]",2,7535.150000018647,7656.85000001909,7608.450000018914,7535.150000018647,7561.750000018744,7565.8000000187585,7598.350000018877,7598.400000018877,7608.4000000189135,7608.450000018914,7652.800000019075,7656.85000001909,18.100000000000122,75.94999999999783,13.350000000000055,0,14.050000000000065,0.25,0,12.0,64.00000000000064
J001271,2023-01-03/TSDA,TSDA,AMR_37,G6_10,WS_8_20,"[""110604"", ""123306""]",2,7535.150000018647,7722.80000001933,7688.200000019204,7535.150000018647,7587.750000018838,7591.800000018853,7678.100000019167,7678.150000019167,7688.150000019204,7688.200000019204,7718.750000019315,7722.80000001933,18.100000000000122,98.24999999999656,14.300000000000068,0,56.74999999999891,0.25,0,38.00000000000004,60.00000000000051
J001272,2023-01-03/PULA,PULA,AMR_25,G23_8,WS_2_20,"[""101076"", ""101329"", ""110531""]",3,7538.100000018658,7935.400000020103,7724.050000019334,7538.100000018658,7602.550000018892,7606.600000018907,7713.9500000192975,7714.000000019298,7724.000000019334,7724.050000019334,7931.350000020088,7935.400000020103,18.100000000000122,193.85000000000983,21.100000000000165,0,164.00000000000304,0.25,0,52.0000000000006,164.00000000000128
J001273,2023-01-03/PULA,PULA,AMR_16,G35_13,WS_2_20,"[""107255"", ""112069"", ""112283""]",3,7555.15000001872,8115.800000020759,7999.900000020338,7555.15000001872,7616.750000018944,7620.800000018959,7989.800000020301,7989.850000020301,7999.850000020338,7999.900000020338,8111.750000020745,8115.800000020759,18.100000000000122,291.8500000000321,38.249999999999964,0,212.200000000014,0.25,0,50.00000000000023,287.99999999998374
J001274,2023-01-03/STT3,STT3,AMR_05,G32_8,WS_19_20,"[""138355""]",1,7562.250000018746,7779.750000019537,7630.550000018994,7562.250000018746,7562.250000018746,7566.30000001876,7620.450000018957,7620.5000000189575,7630.500000018994,7630.550000018994,7775.700000019522,7779.750000019537,18.100000000000122,95.24999999999673,11.450000000000028,0,92.49999999999689,0.2,0,0.0,104.00000000000037
J001275,2023-01-03/TMCO,TMCO,AMR_36,G17_10,WS_25_20,"[""124208""]",2,7569.500000018772,7733.90000001937,7653.000000019076,7569.500000018772,7573.450000018786,7577.500000018801,7642.900000019039,7642.950000019039,7652.950000019076,7653.000000019076,7729.850000019355,7733.90000001937,18.100000000000122,88.99999999999709,10.450000000000014,0,46.59999999999949,0.25,0,2.0,84.0000000000002
J001276,2023-01-03/PULA,PULA,AMR_22,G35_8,WS_2_20,"[""101134"", ""110520"", ""112359""]",3,7572.200000018782,8075.400000020612,7741.000000019396,7572.200000018782,7602.450000018892,7606.500000018907,7730.900000019359,7730.950000019359,7740.950000019396,7741.000000019396,8071.350000020598,8075.400000020612,18.100000000000122,224.15000000001672,21.950000000000177,0,238.75000000002004,0.25,0,28.000000000000007,227.99999999999395
J001277,2023-01-03/TMCO,TMCO,AMR_07,G18_9,WS_25_20,"[""110322""]",1,7585.40000001883,7849.050000019789,7755.150000019447,7585.40000001883,7649.750000019064,7653.800000019079,7745.050000019411,7745.100000019411,7755.100000019447,7755.150000019447,7845.000000019774,7849.050000019789,18.100000000000122,140.34999999999766,21.000000000000163,0,83.94999999999737,0.25,0,60.00000000000068,92.00000000000045
J001278,2023-01-03/PULA,PULA,AMR_17,G0_9,WS_2_20,"[""107428"", ""131976""]",2,7589.250000018844,7736.050000019378,7707.450000019274,7589.250000018844,7634.500000019008,7638.550000019023,7697.350000019237,7697.400000019237,7707.400000019274,7707.450000019274,7732.000000019363,7736.050000019378,18.100000000000122,92.79999999999687,13.350000000000055,0,22.300000000000182,0.25,0,44.00000000000011,60.00000000000056
J001279,2023-01-03/PAGU,PAGU,AMR_26,G20_8,WS_30_20,"[""112068""]",1,7595.100000018865,7778.350000019532,7699.750000019246,7595.100000018865,7595.100000018865,7599.15000001888,7689.650000019209,7689.700000019209,7699.700000019246,7699.750000019246,7774.300000019517,7778.350000019532,18.100000000000122,97.4499999999966,11.450000000000028,0,56.04999999999895,0.2,0,0.0,104.00000000000082
J001280,2023-01-03/TMCO,TMCO,AMR_24,G23_7,WS_25_20,"[""110569""]",1,7601.350000018888,7757.500000019456,7706.650000019271,7601.350000018888,7601.350000018888,7605.400000018903,7696.550000019234,7696.600000019234,7706.600000019271,7706.650000019271,7753.450000019441,7757.500000019456,18.100000000000122,93.14999999999685,13.400000000000055,0,31.30000000000031,0.2,0,0.0,96.00000000000071
J001281,2023-01-03/PULA,PULA,AMR_12,G9_12,WS_2_20,"[""110502"", ""112284""]",2,7606.300000018906,7714.7500000193,7673.35000001915,7606.300000018906,7622.300000018964,7626.350000018979,7663.250000019113,7663.300000019113,7673.30000001915,7673.35000001915,7710.700000019286,7714.7500000193,18.100000000000122,75.34999999999786,11.450000000000028,0,3.2999999999999963,0.25,0,10.0,72.00000000000088
J001282,2023-01-03/MTKB,MTKB,AMR_28,G38_13,WS_13_20,"[""107204""]",1,7606.400000018906,7988.650000020297,7736.900000019381,7606.400000018906,7606.400000018906,7610.450000018921,7726.800000019344,7726.850000019344,7736.850000019381,7736.900000019381,7984.600000020282,7988.650000020297,18.100000000000122,149.2999999999997,17.20000000000011,0,197.45000000001065,0.2,0,0.0,159.99999999999702
J001283,2023-01-03/TSDA,TSDA,AMR_23,G20_9,WS_8_20,"[""110274"", ""110597"", ""125547""]",3,7608.500000018914,7784.100000019553,7704.150000019262,7608.500000018914,7608.500000018914,7612.550000018929,7694.050000019225,7694.100000019225,7704.100000019262,7704.150000019262,7780.050000019538,7784.100000019553,18.100000000000122,92.99999999999686,13.350000000000055,0,50.94999999999924,0.2,0,0.0,100.00000000000139
J001284,2023-01-03/TMCO,TMCO,AMR_13,G18_8,WS_25_20,"[""107364""]",2,7617.300000018946,8182.000000021,7928.700000020079,7617.300000018946,7672.050000019145,7676.10000001916,7918.600000020042,7918.650000020042,7928.650000020079,7928.700000020079,8177.9500000209855,8182.000000021,18.100000000000122,227.2000000000174,34.40000000000018,0,284.75000000003047,0.25,0,56.0000000000003,187.9999999999964
J001285,2023-01-03/TSDA,TSDA,AMR_40,G23_10,WS_8_20,"[""107094"", ""124034""]",2,7624.450000018972,7987.750000020294,7810.100000019647,7624.450000018972,7705.750000019268,7709.800000019282,7800.0000000196105,7800.050000019611,7810.050000019647,7810.100000019647,7983.700000020279,7987.750000020294,18.100000000000122,182.45000000000724,24.850000000000218,0,137.64999999999705,0.25,0,36.0,144.00000000000094
J001286,2023-01-03/TTNG,TTNG,AMR_04,G20_14,WS_19_20,"[""110342"", ""112432""]",2,7630.600000018994,7709.800000019282,7681.55000001918,7630.600000018994,7630.600000018994,7634.650000019009,7671.450000019143,7671.500000019143,7681.500000019179,7681.55000001918,7705.750000019268,7709.800000019282,18.100000000000122,41.79999999999976,9.55,0,9.55,0.2,0,0.0,40.00000000000004
J001287,2023-01-03/TTNG,TTNG,AMR_09,G17_13,WS_19_20,"[""110178""]",1,7630.600000018994,7786.8000000195625,7749.200000019426,7630.600000018994,7678.550000019169,7682.600000019183,7739.100000019389,7739.150000019389,7749.1500000194255,7749.200000019426,7782.750000019548,7786.8000000195625,18.100000000000122,98.59999999999654,14.300000000000068,0,24.95000000000022,0.25,0,52.00000000000068,52.00000000000013
J001288,2023-01-03/TTNG,TTNG,AMR_34,G15_9,WS_19_20,"[""110313""]",1,7630.600000018994,7814.500000019663,7766.300000019488,7630.600000018994,7683.800000019188,7687.8500000192025,7756.200000019451,7756.250000019451,7766.250000019488,7766.300000019488,7810.4500000196485,7814.500000019663,18.100000000000122,110.99999999999584,15.300000000000082,0,39.24999999999991,0.25,0,46.000000000000384,68.00000000000051
J001289,2023-01-03/TTNG,TTNG,AMR_11,G23_9,WS_19_20,"[""101067""]",1,7630.600000018994,7959.40000002019,7788.95000001957,7630.600000018994,7699.4000000192445,7703.450000019259,7778.850000019534,7778.900000019534,7788.90000001957,7788.95000001957,7955.350000020176,7959.40000002019,18.100000000000122,156.05000000000123,21.950000000000177,0,132.44999999999587,0.25,0,50.00000000000058,112.00000000000117
J001290,2023-01-03/TTNG,TTNG,AMR_20,G12_9,WS_19_20,"[""112386""]",1,7630.600000018994,7981.850000020272,7940.850000020123,7630.600000018994,7788.95000001957,7793.000000019585,7930.750000020086,7930.800000020086,7940.800000020123,7940.850000020123,7977.800000020257,7981.850000020272,18.100000000000122,183.85000000000755,28.850000000000275,0,120.19999999999531,0.25,0,126.00000000000188,84.00000000000074
J001291,2023-01-03/TTNG,TTNG,AMR_30,G26_9,WS_19_20,"[""110374""]",1,7636.4500000190155,8098.700000020697,7851.250000019797,7636.4500000190155,7715.000000019301,7719.050000019316,7841.15000001976,7841.20000001976,7851.200000019797,7851.250000019797,8094.6500000206825,8098.700000020697,18.100000000000122,145.09999999999874,24.90000000000022,0,273.900000000028,0.25,0,56.000000000000355,80.00000000000031
J001292,2023-01-03/TMCO,TMCO,AMR_31,G11_12,WS_25_20,"[""123034""]",1,7637.150000019018,7881.400000019907,7771.250000019506,7637.150000019018,7667.650000019129,7671.700000019144,7761.150000019469,7761.200000019469,7771.200000019506,7771.250000019506,7877.350000019892,7881.400000019907,18.100000000000122,127.24999999999491,12.35000000000004,0,86.29999999999724,0.25,0,28.0,112.00000000000077
J001293,2023-01-03/TSDA,TSDA,AMR_08,G23_12,WS_8_20,"[""110169"", ""112087""]",2,7649.800000019064,8110.700000020741,8036.15000002047,7649.800000019064,7686.800000019199,7690.850000019213,8026.050000020433,8026.100000020433,8036.100000020469,8036.15000002047,8106.650000020726,8110.700000020741,18.100000000000122,212.80000000001414,24.800000000000217,0,204.95000000001235,0.25,0,38.0,199.99999999999605
J001294,2023-01-03/TMCO,TMCO,AMR_19,G9_10,WS_25_20,"[""110227""]",2,7654.950000019083,8173.950000020971,7856.9000000198175,7654.950000019083,7700.600000019249,7704.650000019264,7846.800000019781,7846.850000019781,7856.850000019817,7856.9000000198175,8169.900000020956,8173.950000020971,18.100000000000122,175.45000000000564,21.950000000000177,0,303.2500000000347,0.25,0,38.000000000000085,147.99999999999875
J001295,2023-01-03/TSDA,TSDA,AMR_02,G3_1,WS_8_20,"[""101311"", ""110548""]",2,7656.350000019088,7877.050000019891,7826.250000019706,7656.350000019088,7740.750000019395,7744.80000001941,7816.150000019669,7816.2000000196695,7826.200000019706,7826.250000019706,7873.000000019876,7877.050000019891,18.100000000000122,151.25000000000014,19.100000000000136,0,32.00000000000032,0.25,0,64.00000000000085,108.00000000000166
J001296,2023-01-03/TMCO,TMCO,AMR_14,G15_1,WS_25_20,"[""112080""]",1,7669.000000019134,8062.800000020567,7949.700000020155,7669.000000019134,7708.900000019279,7712.950000019294,7939.600000020118,7939.650000020119,7949.650000020155,7949.700000020155,8058.750000020552,8062.800000020567,18.100000000000122,172.70000000000502,26.650000000000244,0,176.1000000000058,0.25,0,31.999999999999957,139.99999999999926
J001297,2023-01-03/TSDA,TSDA,AMR_01,G32_12,WS_8_20,"[""110164"", ""138468""]",2,7673.200000019149,7975.70000002025,7778.950000019534,7673.200000019149,7692.000000019218,7696.050000019232,7768.850000019497,7768.900000019497,7778.900000019534,7778.950000019534,7971.650000020235,7975.70000002025,18.100000000000122,155.60000000000113,17.100000000000108,0,111.44999999999581,0.25,0,16.0,147.9999999999986
J001298,2023-01-03/PULA,PULA,AMR_10,G38_12,WS_2_20,"[""110336"", ""110522"", ""111373""]",3,7679.550000019172,8423.550000017667,8305.300000019388,7679.550000019172,8174.200000020972,8178.250000020987,8295.200000019535,8295.250000019534,8305.250000019389,8305.300000019388,8419.500000017726,8423.550000017667,18.100000000000122,381.7500000000525,48.89999999999936,0,295.0000000000328,0.25,0,233.99999999999017,183.99999999999736
J001299,2023-01-03/TTNG,TTNG,AMR_21,G14_12,WS_19_20,"[""124208""]",1,7684.100000019189,8016.100000020397,7957.700000020184,7684.100000019189,7820.150000019684,7824.200000019699,7947.6000000201475,7947.650000020148,7957.650000020184,7957.700000020184,8012.050000020382,8016.100000020397,18.100000000000122,158.1500000000017,26.850000000000247,0,128.649999999995,0.25,0,94.00000000000071,72.00000000000045
J001300,2023-01-03/TSDA,TSDA,AMR_32,G27_2,WS_8_20,"[""110132"", ""110333""]",2,7689.700000019209,8003.750000020352,7910.550000020013,7689.700000019209,7783.000000019549,7787.050000019563,7900.450000019976,7900.500000019976,7910.5000000200125,7910.550000020013,7999.700000020337,8003.750000020352,18.100000000000122,211.20000000001377,23.950000000000205,0,60.5499999999987,0.25,0,78.00000000000041,175.9999999999972
J001301,2023-01-03/PULA,PULA,AMR_18,G38_9,WS_2_20,"[""101182"", ""110526"", ""140089""]",3,7690.450000019212,8112.950000020749,7958.800000020188,7690.450000019212,7795.900000019596,7799.95000001961,7948.7000000201515,7948.750000020152,7958.750000020188,7958.800000020188,8108.900000020734,8112.950000020749,18.100000000000122,252.75000000002322,24.850000000000218,0,126.54999999999495,0.25,0,100.00000000000067,191.99999999999605
J001302,2023-01-03/TSDA,TSDA,AMR_15,G3_12,WS_8_20,"[""110561"", ""112367""]",2,7704.200000019262,7827.150000019709,7763.050000019476,7704.200000019262,7704.200000019262,7708.250000019277,7752.950000019439,7753.0000000194395,7763.000000019476,7763.050000019476,7823.100000019695,7827.150000019709,18.100000000000122,72.29999999999804,9.5,0,22.85000000000019,0.2,0,0.0,72.00000000000068
J001303,2023-01-03/TMCO,TMCO,AMR_33,G3_9,WS_25_20,"[""107336""]",1,7706.700000019271,8093.90000002068,7992.050000020309,7706.700000019271,7753.850000019443,7757.900000019457,7981.9500000202725,7982.000000020273,7992.000000020309,7992.050000020309,8089.850000020665,8093.90000002068,18.100000000000122,170.55000000000453,17.20000000000011,0,181.10000000000693,0.25,0,46.00000000000041,139.99999999999994
J001304,2023-01-03/PULA,PULA,AMR_04,G6_9,WS_2_20,"[""112007"", ""115181""]",2,7709.850000019283,7881.650000019908,7840.000000019756,7709.850000019283,7757.800000019457,7761.850000019472,7829.900000019719,7829.9500000197195,7839.950000019756,7840.000000019756,7877.600000019893,7881.650000019908,18.100000000000122,107.39999999999604,15.300000000000082,0,30.750000000000302,0.25,0,46.00000000000051,72.00000000000091
J001305,2023-01-03/PULA,PULA,AMR_37,G9_9,WS_2_20,"[""112364"", ""134599""]",2,7724.100000019334,7849.150000019789,7805.650000019631,7724.100000019334,7738.650000019387,7742.700000019402,7795.550000019594,7795.6000000195945,7805.600000019631,7805.650000019631,7845.100000019775,7849.150000019789,18.100000000000122,76.5499999999978,13.400000000000055,0,16.750000000000103,0.25,0,8.0,76.00000000000097
J001306,2023-01-03/PERL,PERL,AMR_36,G23_14,WS_13_20,"[""112380""]",1,7736.950000019381,7966.950000020218,7898.600000019969,7736.950000019381,7762.200000019473,7766.250000019488,7888.5000000199325,7888.550000019933,7898.550000019969,7898.600000019969,7962.900000020203,7966.950000020218,18.100000000000122,115.0499999999956,18.200000000000124,0,78.39999999999769,0.25,0,20.0,88.00000000000006
J001307,2023-01-03/PERL,PERL,AMR_17,G0_15,WS_13_20,"[""101276""]",1,7736.950000019381,7927.700000020075,7880.400000019903,7736.950000019381,7757.1000000194545,7761.150000019469,7870.300000019866,7870.3500000198665,7880.350000019903,7880.400000019903,7923.65000002006,7927.700000020075,18.100000000000122,87.69999999999716,10.500000000000014,0,74.19999999999793,0.25,0,16.000000000000004,80.00000000000088
J001308,2023-01-03/PERL,PERL,AMR_12,G35_9,WS_13_20,"[""101202""]",1,7736.950000019381,8112.000000020746,7991.500000020307,7736.950000019381,7847.500000019783,7851.550000019798,7981.40000002027,7981.450000020271,7991.450000020307,7991.500000020307,8107.950000020731,8112.000000020746,18.100000000000122,205.80000000001255,23.900000000000205,0,126.99999999999493,0.25,0,106.0000000000011,139.99999999999912
J001309,2023-01-03/PULA,PULA,AMR_06,G12_12,WS_2_20,"[""107250"", ""110296""]",2,7741.050000019396,7906.850000019999,7822.950000019694,7741.050000019396,7741.050000019396,7745.100000019411,7812.850000019657,7812.900000019657,7822.900000019694,7822.950000019694,7902.8000000199845,7906.850000019999,18.100000000000122,79.34999999999764,10.500000000000014,0,57.64999999999886,0.2,0,0.0,84.00000000000074
J001310,2023-01-03/PERL,PERL,AMR_35,G0_9,WS_13_20,"[""111273""]",1,7742.700000019402,8060.8500000205595,8012.850000020385,7742.700000019402,7924.700000020064,7928.750000020079,8002.750000020348,8002.800000020348,8012.800000020385,8012.850000020385,8056.800000020545,8060.8500000205595,18.100000000000122,200.25000000001128,26.800000000000246,0,72.74999999999801,0.25,0,124.00000000000274,104.00000000000166
J001311,2023-01-03/TTNG,TTNG,AMR_39,G18_10,WS_19_20,"[""107323""]",1,7749.250000019426,8101.750000020708,8033.60000002046,7749.250000019426,7832.90000001973,7836.950000019745,8023.500000020424,8023.550000020424,8033.55000002046,8033.60000002046,8097.700000020694,8101.750000020708,18.100000000000122,124.0499999999951,21.000000000000163,0,189.10000000000875,0.25,0,64.00000000000063,56.0
J001312,2023-01-03/TMCO,TMCO,AMR_24,G9_1,WS_25_20,"[""110339""]",1,7757.550000019456,8161.150000020924,7965.950000020214,7757.550000019456,7826.800000019708,7830.850000019723,7955.8500000201775,7955.900000020178,7965.900000020214,7965.950000020214,8157.10000002091,8161.150000020924,18.100000000000122,182.90000000000734,19.050000000000136,0,183.30000000000743,0.25,0,40.00000000000003,163.9999999999971
J001313,2023-01-03/TSDA,TSDA,AMR_29,G17_12,WS_8_20,"[""107131"", ""112287""]",2,7768.800000019497,7981.550000020271,7929.4500000200815,7768.800000019497,7820.0500000196835,7824.100000019698,7919.350000020045,7919.400000020045,7929.400000020081,7929.4500000200815,7977.500000020256,7981.550000020271,18.100000000000122,107.39999999999604,15.250000000000082,0,71.74999999999807,0.25,0,32.0,80.00000000000108
J001314,2023-01-03/TTNG,TTNG,AMR_26,G26_8,WS_19_20,"[""107334""]",1,7778.400000019532,8233.900000020427,8189.800000021029,7778.400000019532,7851.150000019797,7855.200000019811,8179.700000020992,8179.750000020992,8189.750000021028,8189.800000021029,8229.850000020486,8233.900000020427,18.100000000000122,240.55000000002045,34.550000000000175,0,162.0500000000026,0.25,0,40.0000000000002,223.9999999999939
J001315,2023-01-03/PAGU,PAGU,AMR_05,G32_8,WS_30_20,"[""138355""]",1,7779.800000019537,7867.150000019855,7829.500000019718,7779.800000019537,7779.800000019537,7783.850000019552,7819.400000019681,7819.450000019681,7829.450000019718,7829.500000019718,7863.10000001984,7867.150000019855,18.100000000000122,57.79999999999885,9.55,0,1.7000000000000008,0.2,0,0.0,64.00000000000067
J001316,2023-01-03/TMCO,TMCO,AMR_23,G0_10,WS_25_20,"[""100167""]",1,7784.150000019553,8356.850000018638,8242.200000020306,7784.150000019553,7921.000000020051,7925.050000020065,8232.100000020453,8232.150000020452,8242.150000020307,8242.200000020306,8352.800000018697,8356.850000018638,18.100000000000122,287.6500000000311,32.450000000000294,0,234.250000000019,0.25,0,106.00000000000227,219.99999999999415
J001317,2023-01-03/TSDA,TSDA,AMR_38,G20_8,WS_8_20,"[""107254"", ""135158""]",2,7784.650000019555,8258.350000020071,8135.15000002083,7784.650000019555,7958.650000020188,7962.700000020202,8125.050000020793,8125.100000020793,8135.10000002083,8135.15000002083,8254.30000002013,8258.350000020071,18.100000000000122,187.20000000000832,27.90000000000026,0,240.25000000002038,0.25,0,84.0000000000008,120.00000000000156
J001318,2023-01-03/TTNG,TTNG,AMR_09,G18_2,WS_19_20,"[""140079""]",1,7789.0000000195705,8069.1000000205895,8016.650000020399,7789.0000000195705,7822.2500000196915,7826.300000019706,8006.550000020362,8006.600000020362,8016.6000000203985,8016.650000020399,8065.050000020575,8069.1000000205895,18.100000000000122,112.34999999999576,14.300000000000068,0,135.09999999999647,0.25,0,28.000000000000025,92.00000000000081
J001319,2023-01-03/PULA,PULA,AMR_34,G3_2,WS_2_20,"[""110218"", ""110351""]",2,7814.5500000196635,7963.950000020207,7914.600000020027,7814.5500000196635,7854.400000019808,7858.450000019823,7904.500000019991,7904.550000019991,7914.550000020027,7914.600000020027,7959.900000020192,7963.950000020207,18.100000000000122,105.74999999999613,12.400000000000041,0,12.900000000000048,0.25,0,42.000000000000284,88.00000000000118
J001320,2023-01-03/TSDA,TSDA,AMR_15,G29_8,WS_8_20,"[""110504"", ""110596""]",2,7827.2000000197095,8179.700000020992,8082.400000020638,7827.2000000197095,7950.100000020157,7954.150000020171,8072.300000020601,8072.350000020601,8082.350000020638,8082.400000020638,8175.650000020977,8179.700000020992,18.100000000000122,187.85000000000846,18.150000000000123,0,128.1499999999949,0.25,0,80.00000000000071,140.00000000000088
J001321,2023-01-03/PANJ,PANJ,AMR_07,G30_15,WS_30_20,"[""132437""]",1,7849.100000019789,8009.750000020374,7972.650000020239,7849.100000019789,7935.650000020104,7939.700000020119,7962.550000020202,7962.600000020202,7972.600000020238,7972.650000020239,8005.700000020359,8009.750000020374,18.100000000000122,79.04999999999765,16.300000000000097,0,46.94999999999947,0.25,0,44.0000000000002,32.0
J001322,2023-01-03/PANJ,PANJ,AMR_37,G30_13,WS_30_20,"[""107573""]",1,7849.2000000197895,8022.350000020419,7989.6000000203,7849.2000000197895,7932.7500000200935,7936.800000020108,7979.5000000202635,7979.550000020264,7989.5500000203,7989.6000000203,8018.300000020405,8022.350000020419,18.100000000000122,106.3999999999961,13.350000000000055,0,35.050000000000146,0.25,0,78.00000000000077,44.00000000000021
J001323,2023-01-03/PANJ,PANJ,AMR_27,G21_12,WS_30_20,"[""101102""]",1,7863.850000019843,8132.45000002082,8088.9000000206615,7863.850000019843,7869.2500000198625,7873.300000019877,8078.800000020625,8078.850000020625,8088.850000020661,8088.9000000206615,8128.400000020805,8132.45000002082,18.100000000000122,138.84999999999732,23.000000000000192,0,88.39999999999712,0.25,0,4.0,144.00000000000026
J001324,2023-01-03/PANJ,PANJ,AMR_05,G32_8,WS_30_20,"[""110519"", ""138355""]",2,7867.200000019855,7956.800000020181,7919.3000000200445,7867.200000019855,7867.200000019855,7871.25000001987,7909.200000020008,7909.250000020008,7919.250000020044,7919.3000000200445,7952.750000020166,7956.800000020181,18.100000000000122,59.29999999999877,9.55,0,2.4499999999999993,0.2,0,0.0,64.00000000000067
J001325,2023-01-03/PULA,PULA,AMR_02,G3_12,WS_2_20,"[""115355"", ""134611""]",2,7877.100000019891,7972.800000020239,7941.450000020125,7877.100000019891,7903.450000019987,7907.500000020002,7931.350000020088,7931.400000020089,7941.400000020125,7941.450000020125,7968.750000020224,7972.800000020239,18.100000000000122,64.1999999999985,10.550000000000015,0,2.5999999999999988,0.25,0,25.999999999999996,48.0000000000004
J001326,2023-01-03/PANJ,PANJ,AMR_31,G21_10,WS_30_20,"[""110357""]",1,7881.450000019907,8120.150000020775,8044.6000000205,7881.450000019907,7940.400000020121,7944.450000020136,8034.500000020464,8034.550000020464,8044.5500000205,8044.6000000205,8116.1000000207605,8120.150000020775,18.100000000000122,106.84999999999607,14.350000000000069,0,99.14999999999651,0.25,0,24.0,84.00000000000031
J001327,2023-01-03/TMCO,TMCO,AMR_04,G15_9,WS_25_20,"[""110313""]",2,7881.700000019908,8148.90000002088,8097.000000020691,7881.700000019908,7947.750000020148,7951.800000020163,8086.900000020654,8086.950000020654,8096.950000020691,8097.000000020691,8144.850000020865,8148.90000002088,18.100000000000122,111.49999999999581,15.300000000000082,0,122.04999999999521,0.25,0,30.0,92.00000000000051
J001328,2023-01-03/TTNG,TTNG,AMR_06,G18_9,WS_19_20,"[""110322""]",1,7906.900000019999,8190.6000000210315,8155.700000020905,7906.900000019999,8003.9500000203525,8008.000000020367,8145.600000020868,8145.650000020868,8155.650000020904,8155.700000020905,8186.550000021017,8190.6000000210315,18.100000000000122,120.69999999999528,22.05000000000018,0,122.59999999999518,0.25,0,22.0,100.00000000000091
J001329,2023-01-03/TSDA,TSDA,AMR_17,G8_15,WS_8_20,"[""110097""]",1,7927.750000020075,8042.1500000204915,8005.500000020358,7927.750000020075,7955.200000020175,7959.25000002019,7995.400000020321,7995.450000020322,8005.450000020358,8005.500000020358,8038.100000020477,8042.1500000204915,18.100000000000122,60.69999999999869,11.500000000000028,0,23.850000000000204,0.25,0,23.999999999999986,36.000000000000014
J001330,2023-01-03/PULA,PULA,AMR_25,G20_12,WS_2_20,"[""110594"", ""125535""]",2,7935.450000020103,8426.200000017629,8322.30000001914,7935.450000020103,8220.850000020617,8224.900000020558,8312.200000019287,8312.250000019287,8322.250000019141,8322.30000001914,8422.150000017687,8426.200000017629,18.100000000000122,238.70000000002003,30.7000000000003,0,203.0000000000119,0.25,0,146.00000000000134,108.00000000000134
J001331,2023-01-03/PANJ,PANJ,AMR_03,G32_6,WS_30_20,"[""140079""]",1,7950.850000020159,8067.800000020585,8027.300000020437,7950.850000020159,7975.150000020248,7979.200000020262,8017.200000020401,8017.250000020401,8027.250000020437,8027.300000020437,8063.75000002057,8067.800000020585,18.100000000000122,82.39999999999746,13.350000000000055,0,2.849999999999998,0.25,0,20.00000000000002,72.00000000000088
J001332,2023-01-03/TMCO,TMCO,AMR_05,G32_8,WS_25_20,"[""110519""]",1,7956.850000020181,8132.0500000208185,8010.5500000203765,7956.850000020181,7956.850000020181,7960.900000020196,8000.45000002034,8000.50000002034,8010.500000020376,8010.5500000203765,8128.000000020804,8132.0500000208185,18.100000000000122,80.54999999999757,11.450000000000028,0,64.89999999999846,0.2,0,0.0,84.00000000000023
J001333,2023-01-03/PULA,PULA,AMR_11,G12_2,WS_2_20,"[""112379"", ""124402""]",2,7959.450000020191,8125.500000020795,8066.800000020581,7959.450000020191,8004.950000020356,8009.000000020371,8056.700000020544,8056.750000020545,8066.750000020581,8066.800000020581,8121.45000002078,8125.500000020795,18.100000000000122,129.24999999999514,14.300000000000068,0,4.149999999999993,0.25,0,44.00000000000017,116.00000000000232
J001334,2023-01-03/TTNG,TTNG,AMR_34,G23_7,WS_19_20,"[""110569""]",1,7964.000000020207,8183.050000021004,8138.750000020843,7964.000000020207,8010.0000000203745,8014.050000020389,8128.650000020806,8128.700000020806,8138.700000020843,8138.750000020843,8179.000000020989,8183.050000021004,18.100000000000122,138.6999999999973,18.150000000000123,0,43.849999999999646,0.25,0,50.000000000000206,108.00000000000156
J001335,2023-01-03/TSDA,TSDA,AMR_36,G5_15,WS_8_20,"[""111228""]",1,7967.000000020218,8135.600000020831,8111.850000020745,7967.000000020218,8065.700000020577,8069.750000020592,8101.750000020708,8101.8000000207085,8111.800000020745,8111.850000020745,8131.550000020817,8135.600000020831,18.100000000000122,86.19999999999725,16.250000000000096,0,47.79999999999942,0.25,0,46.0000000000005,40.0
J001336,2023-01-03/PANJ,PANJ,AMR_02,G38_8,WS_30_20,"[""107328""]",1,7972.850000020239,8199.900000020922,8154.5000000209,7972.850000020239,8092.400000020674,8096.450000020689,8144.400000020863,8144.450000020864,8154.4500000209,8154.5000000209,8195.85000002098,8199.900000020922,18.100000000000122,168.15000000000398,21.950000000000177,0,18.60000000000013,0.25,0,118.00000000000108,84.00000000000058
J001337,2023-01-03/TMCO,TMCO,AMR_01,G0_15,WS_25_20,"[""107317""]",1,7975.75000002025,8462.450000017101,8258.000000020076,7975.75000002025,8112.700000020748,8116.750000020763,8247.900000020223,8247.950000020222,8257.950000020077,8258.000000020076,8458.40000001716,8462.450000017101,18.100000000000122,233.20000000001878,29.550000000000285,0,205.6000000000125,0.25,0,78.00000000000094,179.99999999999466
J001338,2023-01-03/PULA,PULA,AMR_29,G20_9,WS_2_20,"[""101155"", ""110353""]",2,7981.600000020271,8249.850000020195,8130.250000020812,7981.600000020271,8010.500000020376,8014.550000020391,8120.150000020775,8120.200000020775,8130.200000020812,8130.250000020812,8245.800000020254,8249.850000020195,18.100000000000122,152.60000000000045,21.050000000000164,0,76.24999999999781,0.25,0,12.0,159.99999999999883
J001339,2023-01-03/TTNG,TTNG,AMR_20,G3_12,WS_19_20,"[""110561""]",1,7981.900000020272,8196.900000020965,8110.850000020741,7981.900000020272,8027.750000020439,8031.800000020454,8100.750000020705,8100.800000020705,8110.800000020741,8110.850000020741,8192.850000021024,8196.900000020965,18.100000000000122,119.74999999999534,13.350000000000055,0,63.549999999998526,0.25,0,28.000000000000007,104.00000000000118
J001340,2023-01-03/TSDA,TSDA,AMR_40,G6_14,WS_8_20,"[""111261""]",1,7987.800000020294,8199.850000020922,8170.550000020959,7987.800000020294,8116.1000000207605,8120.150000020775,8160.450000020922,8160.500000020922,8170.500000020958,8170.550000020959,8195.800000020981,8199.850000020922,18.100000000000122,99.1999999999965,17.20000000000011,0,77.29999999999775,0.25,0,58.000000000000625,44.000000000000114
J001341,2023-01-03/PANJ,PANJ,AMR_28,G17_10,WS_30_20,"[""124208""]",1,7988.700000020297,8254.30000002013,8205.100000020846,7988.700000020297,8106.550000020726,8110.6000000207405,8195.000000020993,8195.050000020992,8205.050000020847,8205.100000020846,8250.250000020189,8254.30000002013,18.100000000000122,153.15000000000057,22.000000000000178,0,72.09999999999805,0.25,0,72.00000000000034,100.00000000000026
J001342,2023-01-03/TMCO,TMCO,AMR_32,G12_9,WS_25_20,"[""112386""]",1,8003.800000020352,8202.70000002088,8137.750000020839,8003.800000020352,8050.500000020522,8054.550000020537,8127.6500000208025,8127.700000020803,8137.700000020839,8137.750000020839,8198.65000002094,8202.70000002088,18.100000000000122,134.64999999999637,16.250000000000096,0,29.650000000000286,0.25,0,44.00000000000037,104.00000000000037
J001343,2023-01-03/PULA,PULA,AMR_07,G23_9,WS_2_20,"[""107175"", ""107207""]",2,8009.800000020374,8314.15000001926,8237.10000002038,8009.800000020374,8107.400000020729,8111.450000020744,8227.000000020527,8227.050000020527,8237.050000020381,8237.10000002038,8310.100000019318,8314.15000001926,18.100000000000122,160.8000000000023,14.300000000000068,0,110.89999999999584,0.25,0,30.0,155.99999999999952
J001344,2023-01-03/PKMT,PKMT,AMR_21,G12_14,WS_13_20,"[""112432""]",1,8016.150000020397,8125.850000020796,8093.700000020679,8016.150000020397,8030.65000002045,8034.700000020464,8083.600000020642,8083.650000020642,8093.650000020679,8093.700000020679,8121.800000020781,8125.850000020796,18.100000000000122,54.949999999999015,13.400000000000055,0,23.000000000000192,0.25,0,8.0,40.00000000000004
J001345,2023-01-03/PKMT,PKMT,AMR_37,G14_12,WS_13_20,"[""124208""]",1,8022.40000002042,8196.400000020973,8162.100000020928,8022.40000002042,8115.0000000207565,8119.050000020771,8152.000000020891,8152.050000020891,8162.050000020928,8162.100000020928,8192.350000021032,8196.400000020973,18.100000000000122,115.89999999999556,21.050000000000164,0,18.70000000000013,0.25,0,74.00000000000063,48.00000000000014
J001346,2023-01-03/TTNG,TTNG,AMR_17,G17_12,WS_19_20,"[""112287""]",1,8042.200000020492,8204.950000020848,8172.750000020967,8042.200000020492,8074.400000020609,8078.4500000206235,8162.65000002093,8162.70000002093,8172.700000020966,8172.750000020967,8200.900000020907,8204.950000020848,18.100000000000122,86.14999999999725,12.35000000000004,0,45.89999999999953,0.25,0,32.0,56.00000000000023
J001347,2023-01-03/PANJ,PANJ,AMR_35,G26_2,WS_30_20,"[""121904""]",1,8060.90000002056,8238.250000020364,8184.60000002101,8060.90000002056,8118.60000002077,8122.650000020784,8174.500000020973,8174.550000020973,8184.5500000210095,8184.60000002101,8234.200000020423,8238.250000020364,18.100000000000122,135.84999999999664,16.200000000000095,0,6.949999999999983,0.25,0,66.00000000000051,96.00000000000118
J001348,2023-01-03/TSDA,TSDA,AMR_14,G6_12,WS_8_20,"[""110512""]",1,8062.850000020567,8186.550000021017,8154.600000020901,8062.850000020567,8107.100000020728,8111.1500000207425,8144.500000020864,8144.550000020864,8154.5500000209,8154.600000020901,8182.500000021002,8186.550000021017,18.100000000000122,87.59999999999717,13.350000000000055,0,4.399999999999992,0.25,0,44.000000000000355,52.0000000000003
J001349,2023-01-03/PULA,PULA,AMR_03,G35_12,WS_2_20,"[""101296"", ""126832""]",2,8067.850000020585,8335.500000018948,8220.00000002063,8067.850000020585,8094.10000002068,8098.150000020695,8209.900000020776,8209.950000020775,8219.95000002063,8220.00000002063,8331.450000019007,8335.500000018948,18.100000000000122,170.0000000000044,15.300000000000082,0,63.9999999999985,0.25,0,22.0,171.99999999999474
J001350,2023-01-03/PANJ,PANJ,AMR_09,G12_12,WS_30_20,"[""112010""]",1,8069.15000002059,8417.650000017753,8310.70000001931,8069.15000002059,8176.3000000209795,8180.350000020994,8300.600000019456,8300.650000019456,8310.65000001931,8310.70000001931,8413.600000017812,8417.650000017753,18.100000000000122,178.50000000000634,20.05000000000015,0,131.59999999999567,0.25,0,76.00000000000108,128.0000000000006
J001351,2023-01-03/TTNG,TTNG,AMR_22,G3_5,WS_19_20,"[""110339""]",1,8075.450000020613,8407.100000017906,8310.850000019307,8075.450000020613,8198.65000002094,8202.70000002088,8300.750000019454,8300.800000019453,8310.800000019308,8310.850000019307,8403.050000017965,8407.100000017906,18.100000000000122,226.3000000000172,26.750000000000245,0,60.249999999998714,0.25,0,126.00000000000246,132.0000000000013
J001352,2023-01-03/TSDA,TSDA,AMR_33,G11_10,WS_8_20,"[""107412""]",1,8093.95000002068,8227.650000020518,8186.500000021017,8093.95000002068,8120.750000020777,8124.800000020792,8176.40000002098,8176.45000002098,8186.450000021016,8186.500000021017,8223.600000020577,8227.650000020518,18.100000000000122,79.74999999999761,12.400000000000041,0,23.200000000000195,0.25,0,22.0,60.0000000000006
J001353,2023-01-03/PULA,PULA,AMR_30,G26_9,WS_2_20,"[""110139"", ""110486""]",3,8098.750000020697,8362.300000018558,8254.150000020132,8098.750000020697,8098.750000020697,8102.800000020712,8244.05000002028,8244.100000020278,8254.100000020133,8254.150000020132,8358.250000018617,8362.300000018558,18.100000000000122,139.84999999999755,17.15000000000011,0,88.24999999999713,0.2,0,0.0,144.00000000000065
J001354,2023-01-03/PANJ,PANJ,AMR_39,G3_9,WS_30_20,"[""107336""]",1,8101.8000000207085,8516.200000016319,8386.750000018203,8101.8000000207085,8258.45000002007,8262.50000002001,8376.65000001835,8376.700000018349,8386.700000018203,8386.750000018203,8512.150000016378,8516.200000016319,18.100000000000122,231.20000000001832,23.900000000000205,0,140.9499999999978,0.25,0,88.00000000000172,159.99999999999818
J001355,2023-01-03/TSDA,TSDA,AMR_08,G15_12,WS_8_20,"[""110166""]",1,8110.750000020741,8271.45000001988,8224.80000002056,8110.750000020741,8151.0000000208875,8155.050000020902,8214.700000020706,8214.750000020706,8224.75000002056,8224.80000002056,8267.40000001994,8271.45000001988,18.100000000000122,105.74999999999613,16.200000000000095,0,20.400000000000155,0.25,0,36.00000000000003,76.00000000000105
J001356,2023-01-03/TSDA,TSDA,AMR_12,G35_9,WS_8_20,"[""101202"", ""113201""]",2,8112.050000020746,8405.600000017928,8240.950000020324,8112.050000020746,8112.050000020746,8116.1000000207605,8230.850000020471,8230.90000002047,8240.900000020325,8240.950000020324,8401.550000017987,8405.600000017928,18.100000000000122,148.09999999999943,11.450000000000028,0,115.69999999999557,0.2,0,0.0,159.99999999999707
J001357,2023-01-03/TMCO,TMCO,AMR_18,G38_9,WS_25_20,"[""125179""]",1,8113.000000020749,8251.700000020168,8178.350000020987,8113.000000020749,8113.000000020749,8117.050000020764,8168.25000002095,8168.30000002095,8178.300000020987,8178.350000020987,8247.650000020227,8251.700000020168,18.100000000000122,105.94999999999612,13.350000000000055,0,1.1000000000000003,0.2,0,0.0,128.00000000000153
J001358,2023-01-03/TTNG,TTNG,AMR_16,G23_12,WS_19_20,"[""112087""]",1,8115.85000002076,8246.300000020246,8208.100000020802,8115.85000002076,8161.300000020925,8165.35000002094,8198.00000002095,8198.050000020949,8208.050000020803,8208.100000020802,8242.250000020305,8246.300000020246,18.100000000000122,76.99999999999777,13.350000000000055,0,21.750000000000174,0.25,0,30.0,52.0000000000003
J001359,2023-01-03/PULA,PULA,AMR_31,G15_10,WS_2_20,"[""125181""]",2,8130.300000020812,8352.800000018697,8271.200000019884,8130.300000020812,8176.200000020979,8180.250000020994,8261.100000020031,8261.15000002003,8271.150000019885,8271.200000019884,8348.750000018756,8352.800000018697,18.100000000000122,114.94999999999561,12.35000000000004,0,76.84999999999778,0.25,0,16.0,100.00000000000082
J001360,2023-01-03/TSDA,TSDA,AMR_05,G32_8,WS_8_20,"[""110519"", ""138355""]",2,8135.20000002083,8345.200000018807,8256.900000020092,8135.20000002083,8135.20000002083,8139.250000020845,8246.80000002024,8246.850000020238,8256.850000020093,8256.900000020092,8341.150000018866,8345.200000018807,18.100000000000122,143.74999999999844,13.350000000000055,0,34.60000000000017,0.2,0,0.0,171.9999999999957
J001361,2023-01-03/TSDA,TSDA,AMR_11,G9_9,WS_8_20,"[""134599""]",1,8154.650000020901,8310.300000019315,8272.85000001986,8154.650000020901,8179.850000020992,8183.900000021007,8262.750000020007,8262.800000020006,8272.80000001986,8272.85000001986,8306.250000019374,8310.300000019315,18.100000000000122,77.54999999999774,12.450000000000042,0,47.29999999999945,0.25,0,20.0,60.00000000000061
J001362,2023-01-03/SS14,SS14,AMR_27,G18_13,WS_13_20,"[""110299"", ""112198""]",2,8162.150000020928,8324.700000019106,8269.40000001991,8162.150000020928,8213.05000002073,8217.100000020671,8259.300000020057,8259.350000020057,8269.350000019911,8269.40000001991,8320.650000019165,8324.700000019106,18.100000000000122,90.499999999997,17.20000000000011,0,36.500000000000064,0.25,0,32.0,60.00000000000041
J001363,2023-01-03/SS14,SS14,AMR_21,G14_7,WS_13_20,"[""110178"", ""110342""]",2,8162.150000020928,8351.750000018712,8303.650000019412,8162.150000020928,8195.20000002099,8199.250000020931,8293.550000019559,8293.600000019558,8303.600000019413,8303.650000019412,8347.70000001877,8351.750000018712,18.100000000000122,100.79999999999642,17.25000000000011,0,53.199999999999115,0.25,0,18.0,84.0000000000008
J001364,2023-01-03/SS14,SS14,AMR_24,G9_12,WS_13_20,"[""124208""]",1,8162.150000020928,8336.05000001894,8286.60000001966,8162.150000020928,8192.45000002103,8196.500000020971,8276.500000019807,8276.550000019806,8286.55000001966,8286.60000001966,8332.000000019,8336.05000001894,18.100000000000122,88.14999999999714,11.400000000000027,0,55.999999999998956,0.25,0,29.99999999999995,56.00000000000027
J001365,2023-01-03/SS14,SS14,AMR_04,G18_10,WS_13_20,"[""107323""]",1,8162.150000020928,8379.000000018315,8337.750000018916,8162.150000020928,8212.600000020737,8216.650000020678,8327.650000019063,8327.700000019062,8337.700000018916,8337.750000018916,8374.950000018374,8379.000000018315,18.100000000000122,106.84999999999607,18.150000000000123,0,73.49999999999797,0.25,0,40.000000000000185,64.0000000000006
J001366,2023-01-03/SS14,SS14,AMR_36,G11_2,WS_13_20,"[""110569""]",1,8162.150000020928,8377.600000018336,8320.700000019164,8162.150000020928,8217.650000020663,8221.700000020604,8310.60000001931,8310.65000001931,8320.650000019165,8320.700000019164,8373.550000018395,8377.600000018336,18.100000000000122,135.14999999999648,17.15000000000011,0,44.79999999999959,0.25,0,58.00000000000071,92.0000000000011
J001367,2023-01-03/TTNG,TTNG,AMR_19,G9_10,WS_19_20,"[""110227""]",1,8174.000000020971,8329.100000019042,8270.500000019894,8174.000000020971,8174.000000020971,8178.050000020986,8260.400000020041,8260.45000002004,8270.450000019895,8270.500000019894,8325.0500000191,8329.100000019042,18.100000000000122,79.9999999999976,10.500000000000014,0,46.29999999999951,0.2,0,0.0,88.00000000000068
J001368,2023-01-03/TSDA,TSDA,AMR_15,G3_10,WS_8_20,"[""110210""]",1,8179.750000020992,8369.150000018459,8330.60000001902,8179.750000020992,8266.500000019952,8270.550000019894,8320.500000019167,8320.550000019166,8330.55000001902,8330.60000001902,8365.100000018518,8369.150000018459,18.100000000000122,142.39999999999813,20.00000000000015,0,8.649999999999988,0.25,0,88.00000000000126,68.00000000000037
J001369,2023-01-03/TSDA,TSDA,AMR_13,G17_9,WS_8_20,"[""111307""]",1,8186.550000021017,8413.850000017808,8314.80000001925,8186.550000021017,8216.45000002068,8220.500000020622,8304.700000019397,8304.750000019396,8314.75000001925,8314.80000001925,8409.800000017867,8413.850000017808,18.100000000000122,135.09999999999647,17.25000000000011,0,56.59999999999892,0.25,0,20.0,128.00000000000176
J001370,2023-01-03/TMCO,TMCO,AMR_20,G3_12,WS_25_20,"[""110561""]",1,8196.950000020965,8406.90000001791,8273.950000019844,8196.950000020965,8196.950000020965,8201.000000020906,8263.850000019991,8263.90000001999,8273.900000019845,8273.950000019844,8402.850000017968,8406.90000001791,18.100000000000122,114.59999999999563,13.350000000000055,0,63.69999999999852,0.2,0,0.0,132.00000000000125
J001371,2023-01-03/SS14,SS14,AMR_02,G38_8,WS_13_20,"[""107328""]",1,8199.950000020921,8502.450000016519,8354.800000018668,8199.950000020921,8199.950000020921,8204.000000020862,8344.700000018815,8344.750000018814,8354.750000018668,8354.800000018668,8498.400000016578,8502.450000016519,18.100000000000122,150.44999999999996,17.20000000000011,0,116.54999999999552,0.2,0,0.0,163.99999999999616
J001372,2023-01-03/PANJ,PANJ,AMR_17,G17_12,WS_30_20,"[""112287""]",1,8205.000000020847,8319.800000019177,8269.350000019911,8205.000000020847,8205.000000020847,8209.050000020789,8259.250000020058,8259.300000020057,8269.300000019912,8269.350000019911,8315.750000019236,8319.800000019177,18.100000000000122,84.19999999999736,10.500000000000014,0,1.800000000000001,0.2,0,0.0,100.00000000000026
J001373,2023-01-03/PULA,PULA,AMR_32,G12_9,WS_2_20,"[""107303"", ""110525""]",2,8220.050000020628,8342.050000018853,8288.250000019636,8220.050000020628,8220.050000020628,8224.10000002057,8278.150000019783,8278.200000019782,8288.200000019637,8288.250000019636,8338.000000018912,8342.050000018853,18.100000000000122,82.69999999999744,9.55,0,11.450000000000028,0.2,0,0.0,96.00000000000142
J001374,2023-01-03/TSDA,TSDA,AMR_34,G21_12,WS_8_20,"[""107879""]",1,8224.850000020559,8491.750000016675,8428.650000017593,8224.850000020559,8249.350000020202,8253.400000020143,8418.55000001774,8418.60000001774,8428.600000017594,8428.650000017593,8487.700000016734,8491.750000016675,18.100000000000122,115.79999999999556,16.250000000000096,0,116.49999999999552,0.25,0,14.0,112.00000000000168
J001375,2023-01-03/PULA,PULA,AMR_06,G18_9,WS_2_20,"[""107389"", ""112361""]",3,8237.15000002038,8455.150000017207,8378.100000018329,8237.15000002038,8237.15000002038,8241.20000002032,8368.000000018475,8368.050000018475,8378.05000001833,8378.100000018329,8451.100000017266,8455.150000017207,18.100000000000122,107.34999999999604,11.450000000000028,0,80.89999999999755,0.2,0,0.0,120.00000000000199
J001376,2023-01-03/TSDA,TSDA,AMR_37,G23_14,WS_8_20,"[""134027""]",1,8241.000000020324,8570.750000015525,8510.450000016403,8241.000000020324,8418.250000017744,8422.300000017685,8500.35000001655,8500.400000016549,8510.400000016403,8510.450000016403,8566.700000015584,8570.750000015525,18.100000000000122,134.59999999999636,19.150000000000137,0,157.6500000000016,0.25,0,50.00000000000013,92.00000000000077
J001377,2023-01-03/PANJ,PANJ,AMR_16,G23_12,WS_30_20,"[""112087""]",1,8246.350000020246,8379.150000018313,8327.85000001906,8246.350000020246,8246.350000020246,8250.400000020187,8317.750000019207,8317.800000019206,8327.80000001906,8327.85000001906,8375.100000018372,8379.150000018313,18.100000000000122,71.2999999999981,9.5,0,33.70000000000022,0.2,0,0.0,76.00000000000023
J001378,2023-01-03/PANJ,PANJ,AMR_29,G20_9,WS_30_20,"[""125547""]",1,8249.900000020194,8408.500000017886,8344.700000018815,8249.900000020194,8249.900000020194,8253.950000020135,8334.600000018962,8334.65000001896,8344.650000018815,8344.700000018815,8404.450000017945,8408.500000017886,18.100000000000122,90.34999999999701,9.55,0,40.39999999999984,0.2,0,0.0,100.00000000000048
J001379,2023-01-03/PULA,PULA,AMR_33,G18_12,WS_2_20,"[""110585""]",1,8254.200000020131,8485.950000016759,8420.400000017713,8254.200000020131,8340.350000018878,8344.400000018819,8410.30000001786,8410.35000001786,8420.350000017714,8420.400000017713,8481.900000016818,8485.950000016759,18.100000000000122,148.04999999999941,18.150000000000123,0,47.199999999999456,0.25,0,58.00000000000061,108.00000000000145
J001380,2023-01-03/TSDA,TSDA,AMR_14,G3_2,WS_8_20,"[""110496""]",1,8256.950000020091,8415.10000001779,8360.750000018581,8256.950000020091,8291.300000019592,8295.350000019533,8350.650000018728,8350.700000018727,8360.700000018582,8360.750000018581,8411.050000017849,8415.10000001779,18.100000000000122,116.49999999999552,14.350000000000069,0,8.949999999999992,0.25,0,29.999999999999996,108.00000000000178
J001381,2023-01-03/PULA,PULA,AMR_40,G6_1,WS_2_20,"[""113203""]",2,8271.250000019883,8458.900000017153,8394.950000018083,8271.250000019883,8325.950000019087,8330.000000019028,8384.85000001823,8384.90000001823,8394.900000018084,8394.950000018083,8454.850000017212,8458.900000017153,18.100000000000122,113.3999999999957,11.450000000000028,0,44.44999999999961,0.25,0,29.999999999999943,104.00000000000173
J001382,2023-01-03/TSDA,TSDA,AMR_35,G23_7,WS_8_20,"[""110569""]",1,8272.90000001986,8470.950000016977,8390.450000018149,8272.90000001986,8299.300000019475,8303.350000019416,8380.350000018296,8380.400000018295,8390.40000001815,8390.450000018149,8466.900000017036,8470.950000016977,18.100000000000122,124.39999999999507,16.200000000000095,0,39.099999999999916,0.25,0,20.00000000000002,120.00000000000159
J001383,2023-01-03/WAP2,WAP2,AMR_26,G23_2,WS_25_20,"[""110178"", ""110357"", ""110385"", ""111238"", ""112208""]",6,8274.000000019843,8478.600000016866,8395.500000018075,8274.000000019843,8297.750000019498,8301.800000019439,8385.400000018222,8385.450000018222,8395.450000018076,8395.500000018075,8474.550000016925,8478.600000016866,18.100000000000122,109.9499999999959,16.250000000000096,0,60.049999999998725,0.25,0,17.999999999999996,100.00000000000101
J001384,2023-01-03/WAP2,WAP2,AMR_28,G26_6,WS_25_20,"[""109843"", ""111376"", ""138468""]",3,8274.000000019843,8426.950000017618,8379.550000018307,8274.000000019843,8308.300000019344,8312.350000019285,8369.450000018454,8369.500000018454,8379.500000018308,8379.550000018307,8422.900000017677,8426.950000017618,18.100000000000122,94.74999999999676,14.350000000000069,0,25.500000000000227,0.25,0,30.00000000000003,76.00000000000088
J001385,2023-01-03/WAP2,WAP2,AMR_08,G2_10,WS_25_20,"[""110305"", ""110343"", ""110386""]",4,8274.000000019843,8560.400000015676,8432.200000017541,8274.000000019843,8315.200000019244,8319.250000019185,8422.100000017688,8422.150000017687,8432.150000017542,8432.200000017541,8556.350000015735,8560.400000015676,18.100000000000122,178.25000000000628,17.15000000000011,0,72.64999999999802,0.25,0,29.999999999999986,175.99999999999767
J001386,2023-01-03/WAP2,WAP2,AMR_18,G32_15,WS_25_20,"[""110283"", ""111237""]",2,8274.000000019843,8382.050000018271,8347.550000018773,8274.000000019843,8304.300000019402,8308.350000019343,8337.45000001892,8337.50000001892,8347.500000018774,8347.550000018773,8378.00000001833,8382.050000018271,18.100000000000122,75.14999999999787,12.400000000000041,0,2.1500000000000004,0.25,0,28.0,56.00000000000003
J001387,2023-01-03/WAP2,WAP2,AMR_38,G29_12,WS_25_20,"[""101275"", ""110417""]",2,8274.000000019843,8400.600000018001,8363.60000001854,8274.000000019843,8313.050000019275,8317.100000019216,8353.500000018686,8353.550000018686,8363.55000001854,8363.60000001854,8396.55000001806,8400.600000018001,18.100000000000122,82.59999999999745,15.300000000000082,0,10.350000000000012,0.25,0,30.0,56.0000000000003
J001388,2023-01-03/PULA,PULA,AMR_11,G18_8,WS_2_20,"[""112368""]",1,8310.350000019314,8620.700000014798,8512.65000001637,8310.350000019314,8411.250000017846,8415.300000017787,8502.550000016518,8502.600000016517,8512.600000016371,8512.65000001637,8616.650000014857,8620.700000014798,18.100000000000122,154.25000000000082,19.200000000000138,0,118.5499999999954,0.25,0,52.000000000000384,124.00000000000233
J001389,2023-01-03/WAP2,WAP2,AMR_07,G20_8,WS_25_20,"[""110138"", ""110536""]",3,8314.200000019258,8501.850000016528,8457.500000017173,8314.200000019258,8371.500000018425,8375.550000018366,8447.40000001732,8447.45000001732,8457.450000017174,8457.500000017173,8497.800000016587,8501.850000016528,18.100000000000122,123.14999999999515,21.050000000000164,0,25.10000000000022,0.25,0,44.00000000000031,84.0000000000006
J001390,2023-01-03/SS14,SS14,AMR_17,G17_12,WS_13_20,"[""112287""]",1,8319.850000019176,8457.550000017172,8420.100000017717,8319.850000019176,8319.850000019176,8323.900000019117,8410.000000017864,8410.050000017864,8420.050000017718,8420.100000017717,8453.500000017231,8457.550000017172,18.100000000000122,69.94999999999817,12.400000000000041,0,37.05000000000003,0.2,0,0.0,68.00000000000048
J001391,2023-01-03/PULA,PULA,AMR_27,G14_2,WS_2_20,"[""110847""]",1,8324.750000019105,8539.400000015981,8478.500000016867,8324.750000019105,8407.5500000179,8411.600000017841,8468.400000017014,8468.450000017014,8478.450000016868,8478.500000016867,8535.35000001604,8539.400000015981,18.100000000000122,152.3500000000004,21.050000000000164,0,22.90000000000019,0.25,0,50.000000000000185,124.00000000000264
J001392,2023-01-03/PANJ,PANJ,AMR_19,G9_10,WS_30_20,"[""110227""]",1,8329.15000001904,8509.800000016412,8414.350000017801,8329.15000001904,8329.15000001904,8333.200000018982,8404.250000017948,8404.300000017947,8414.300000017802,8414.350000017801,8505.750000016471,8509.800000016412,18.100000000000122,111.29999999999582,11.450000000000028,0,39.59999999999989,0.2,0,0.0,132.0000000000009
J001393,2023-01-03/TSDA,TSDA,AMR_03,G23_9,WS_8_20,"[""110588""]",1,8335.550000018948,8519.900000016265,8444.450000017363,8335.550000018948,8366.550000018497,8370.600000018438,8434.35000001751,8434.40000001751,8444.400000017364,8444.450000017363,8515.850000016324,8519.900000016265,18.100000000000122,127.84999999999488,13.300000000000054,0,24.850000000000218,0.25,0,30.0,112.00000000000128
J001394,2023-01-03/PULA,PULA,AMR_24,G23_13,WS_2_20,"[""134660""]",1,8336.10000001894,8642.300000014484,8586.350000015298,8336.10000001894,8518.250000016289,8522.30000001623,8576.250000015445,8576.300000015444,8586.300000015299,8586.350000015298,8638.250000014543,8642.300000014484,18.100000000000122,183.45000000000746,24.800000000000217,0,79.59999999999762,0.25,0,90.00000000000037,116.0000000000019
J001395,2023-01-03/TSDA,TSDA,AMR_32,G18_2,WS_8_20,"[""140079""]",1,8342.100000018852,8537.900000016003,8475.150000016916,8342.100000018852,8400.850000017997,8404.900000017939,8465.050000017063,8465.100000017062,8475.100000016917,8475.150000016916,8533.850000016062,8537.900000016003,18.100000000000122,133.9499999999962,14.300000000000068,0,29.20000000000028,0.25,0,37.99999999999999,120.00000000000234
J001396,2023-01-03/TTNG,TTNG,AMR_05,G32_8,WS_19_20,"[""110519"", ""138355""]",2,8345.250000018807,8474.700000016923,8415.400000017786,8345.250000018807,8345.250000018807,8349.300000018748,8405.300000017933,8405.350000017932,8415.350000017786,8415.400000017786,8470.650000016982,8474.700000016923,18.100000000000122,88.89999999999709,11.450000000000028,0,10.800000000000018,0.2,0,0.0,104.00000000000065
J001397,2023-01-03/WAP2,WAP2,AMR_21,G14_12,WS_25_20,"[""115988"", ""124208""]",2,8351.800000018711,8531.400000016098,8473.600000016939,8351.800000018711,8382.300000018267,8386.350000018208,8463.500000017086,8463.550000017085,8473.55000001694,8473.600000016939,8527.350000016157,8531.400000016098,18.100000000000122,101.84999999999636,13.350000000000055,0,46.04999999999952,0.25,0,14.0,96.00000000000068
J001398,2023-01-03/SS14,SS14,AMR_31,G15_10,WS_13_20,"[""110310""]",1,8352.850000018696,8475.100000016917,8437.300000017467,8352.850000018696,8352.850000018696,8356.900000018637,8427.200000017614,8427.250000017613,8437.250000017468,8437.300000017467,8471.050000016976,8475.100000016917,18.100000000000122,62.2999999999986,10.500000000000014,0,31.150000000000308,0.2,0,0.0,64.00000000000071
J001399,2023-01-03/TTNG,TTNG,AMR_23,G0_10,WS_19_20,"[""124666""]",1,8356.900000018637,8585.600000015309,8474.15000001693,8356.900000018637,8356.900000018637,8360.950000018578,8464.050000017078,8464.100000017077,8474.100000016932,8474.15000001693,8581.550000015368,8585.600000015309,18.100000000000122,111.19999999999582,11.450000000000028,0,87.74999999999716,0.2,0,0.0,124.00000000000134
J001400,2023-01-03/TSDA,TSDA,AMR_30,G26_9,WS_8_20,"[""111247""]",1,8362.350000018558,8575.450000015457,8494.300000016638,8362.350000018558,8362.350000018558,8366.400000018499,8484.200000016785,8484.250000016784,8494.250000016638,8494.300000016638,8571.400000015516,8575.450000015457,18.100000000000122,113.09999999999572,11.450000000000028,0,70.24999999999815,0.2,0,0.0,124.0000000000015
J001401,2023-01-03/WAP2,WAP2,AMR_15,G38_9,WS_25_20,"[""110174"", ""140089""]",2,8369.200000018458,8659.950000014227,8601.750000015074,8369.200000018458,8517.350000016302,8521.400000016243,8591.650000015221,8591.70000001522,8601.700000015075,8601.750000015074,8655.900000014286,8659.950000014227,18.100000000000122,208.45000000001315,23.950000000000205,0,39.999999999999865,0.25,0,147.99999999999963,104.00000000000058
J001402,2023-01-03/PULA,PULA,AMR_36,G15_2,WS_2_20,"[""110466""]",1,8378.150000018328,8568.900000015552,8495.600000016619,8378.150000018328,8400.600000018001,8404.650000017942,8485.500000016766,8485.550000016765,8495.55000001662,8495.600000016619,8564.850000015611,8568.900000015552,18.100000000000122,135.04999999999646,14.300000000000068,0,23.050000000000193,0.25,0,12.0,144.00000000000148
J001403,2023-01-03/SS14,SS14,AMR_16,G23_12,WS_13_20,"[""112087""]",1,8379.200000018312,8530.950000016104,8454.350000017219,8379.200000018312,8379.200000018312,8383.250000018254,8444.250000017366,8444.300000017365,8454.30000001722,8454.350000017219,8526.900000016163,8530.950000016104,18.100000000000122,75.19999999999787,9.55,0,48.69999999999937,0.2,0,0.0,76.0000000000006
J001404,2023-01-03/WAP2,WAP2,AMR_04,G11_10,WS_25_20,"[""107219"", ""110233""]",2,8379.600000018307,8612.35000001492,8537.850000016004,8379.600000018307,8405.550000017929,8409.60000001787,8527.75000001615,8527.80000001615,8537.800000016005,8537.850000016004,8608.300000014979,8612.35000001492,18.100000000000122,119.09999999999538,15.300000000000082,0,79.9999999999976,0.25,0,18.0,104.00000000000028
J001405,2023-01-03/TSDA,TSDA,AMR_18,G26_8,WS_8_20,"[""110254""]",1,8390.500000018148,8718.600000013374,8559.950000015682,8390.500000018148,8426.650000017622,8430.700000017563,8549.85000001583,8549.900000015828,8559.900000015683,8559.950000015682,8714.550000013433,8718.600000013374,18.100000000000122,189.20000000000877,21.950000000000177,0,98.59999999999654,0.25,0,30.0,179.9999999999961
J001406,2023-01-03/PULA,PULA,AMR_38,G14_1,WS_2_20,"[""110432""]",1,8400.650000018,8612.200000014922,8551.950000015799,8400.650000018,8476.450000016897,8480.500000016838,8541.850000015946,8541.900000015945,8551.9000000158,8551.950000015799,8608.15000001498,8612.200000014922,18.100000000000122,150.75000000000003,15.300000000000082,0,27.15000000000025,0.25,0,56.000000000000206,132.0000000000029
J001407,2023-01-03/WAP2,WAP2,AMR_12,G2_1,WS_25_20,"[""110349"", ""127405""]",3,8405.650000017928,8758.250000012797,8618.400000014832,8405.650000017928,8487.90000001673,8491.950000016672,8608.300000014979,8608.350000014978,8618.350000014832,8618.400000014832,8754.200000012856,8758.250000012797,18.100000000000122,226.10000000001716,19.100000000000136,0,89.04999999999708,0.25,0,86.00000000000128,187.9999999999947
J001408,2023-01-03/PANJ,PANJ,AMR_20,G3_12,WS_30_20,"[""110561""]",1,8406.950000017909,8617.85000001484,8540.300000015968,8406.950000017909,8406.950000017909,8411.00000001785,8530.200000016115,8530.250000016114,8540.250000015969,8540.300000015968,8613.800000014899,8617.85000001484,18.100000000000122,126.34999999999496,9.55,0,56.699999999998916,0.2,0,0.0,147.99999999999847
J001409,2023-01-03/PULA,PULA,AMR_29,G26_10,WS_2_20,"[""125172""]",1,8420.450000017712,8643.800000014462,8569.300000015546,8420.450000017712,8450.90000001727,8454.95000001721,8559.200000015693,8559.250000015692,8569.250000015547,8569.300000015546,8639.750000014521,8643.800000014462,18.100000000000122,149.99999999999986,16.250000000000096,0,38.749999999999936,0.25,0,22.0,148.00000000000045
J001410,2023-01-03/SS14,SS14,AMR_25,G20_12,WS_13_20,"[""125639""]",1,8426.250000017628,8533.95000001606,8478.850000016862,8426.250000017628,8426.250000017628,8430.300000017569,8468.75000001701,8468.800000017009,8478.800000016863,8478.850000016862,8529.90000001612,8533.95000001606,18.100000000000122,61.24999999999866,9.55,0,18.60000000000013,0.2,0,0.0,64.00000000000058
J001411,2023-01-03/TSDA,TSDA,AMR_10,G29_13,WS_8_20,"[""110109""]",1,8428.700000017592,8657.65000001426,8575.90000001545,8428.700000017592,8457.65000001717,8461.700000017112,8565.800000015597,8565.850000015596,8575.85000001545,8575.90000001545,8653.60000001432,8657.65000001426,18.100000000000122,137.99999999999713,13.350000000000055,0,59.24999999999877,0.25,0,28.0,120.0000000000008
J001412,2023-01-03/WAP2,WAP2,AMR_09,G12_12,WS_25_20,"[""101191"", ""110572""]",2,8432.25000001754,8629.45000001467,8585.800000015306,8432.25000001754,8432.25000001754,8436.300000017482,8575.700000015453,8575.750000015452,8585.750000015307,8585.800000015306,8625.40000001473,8629.45000001467,18.100000000000122,88.49999999999712,11.450000000000028,0,78.94999999999766,0.2,0,0.0,92.00000000000045
J001413,2023-01-03/TSDA,TSDA,AMR_28,G26_7,WS_8_20,"[""101273""]",1,8444.500000017362,8622.450000014773,8544.000000015914,8444.500000017362,8448.500000017304,8452.550000017245,8533.900000016061,8533.95000001606,8543.950000015915,8544.000000015914,8618.400000014832,8622.450000014773,18.100000000000122,126.64999999999495,11.400000000000027,0,21.55000000000017,0.25,0,2.0,148.00000000000094
J001414,2023-01-03/WAP2,WAP2,AMR_06,G32_14,WS_25_20,"[""124008""]",3,8457.550000017172,8614.40000001489,8569.850000015538,8457.550000017172,8505.300000016477,8509.350000016419,8559.750000015685,8559.800000015684,8569.800000015539,8569.850000015538,8610.350000014949,8614.40000001489,18.100000000000122,92.2999999999969,15.300000000000082,0,30.900000000000304,0.25,0,38.000000000000114,60.000000000000114
J001415,2023-01-03/TTNG,TTNG,AMR_01,G0_15,WS_19_20,"[""107317""]",1,8462.5000000171,8606.000000015012,8547.150000015868,8462.5000000171,8462.5000000171,8466.550000017041,8537.050000016015,8537.100000016015,8547.10000001587,8547.150000015868,8601.950000015071,8606.000000015012,18.100000000000122,93.29999999999684,7.649999999999981,0,24.25000000000021,0.2,0,0.0,104.00000000000085
J001416,2023-01-03/WAP2,WAP2,AMR_35,G23_10,WS_25_20,"[""123130""]",2,8473.650000016938,8601.650000015075,8553.90000001577,8473.650000016938,8489.650000016705,8493.700000016646,8543.800000015917,8543.850000015917,8553.850000015771,8553.90000001577,8597.600000015134,8601.650000015075,18.100000000000122,74.14999999999793,11.450000000000028,0,24.050000000000207,0.25,0,10.0,60.000000000000185
J001417,2023-01-03/SS14,SS14,AMR_05,G32_8,WS_13_20,"[""110519""]",1,8474.750000016922,8630.90000001465,8553.700000015773,8474.750000016922,8474.750000016922,8478.800000016863,8543.60000001592,8543.65000001592,8553.650000015774,8553.700000015773,8626.850000014709,8630.90000001465,18.100000000000122,104.5999999999962,9.55,0,23.700000000000202,0.2,0,0.0,128.0000000000009
J001418,2023-01-03/TSDA,TSDA,AMR_31,G15_10,WS_8_20,"[""133910""]",1,8475.200000016916,8574.50000001547,8528.050000016146,8475.200000016916,8475.200000016916,8479.250000016857,8517.950000016293,8518.000000016293,8528.000000016147,8528.050000016146,8570.45000001553,8574.50000001547,18.100000000000122,69.64999999999819,10.450000000000014,0,0.9000000000000002,0.2,0,0.0,76.00000000000105
J001419,2023-01-03/PULA,PULA,AMR_13,G21_2,WS_2_20,"[""122631""]",1,8478.550000016867,8713.850000013443,8620.450000014802,8478.550000016867,8507.300000016448,8511.35000001639,8610.350000014949,8610.400000014948,8620.400000014803,8620.450000014802,8709.800000013502,8713.850000013443,18.100000000000122,153.6500000000007,16.250000000000096,0,47.049999999999464,0.25,0,25.999999999999996,151.99999999999963
J001420,2023-01-03/TSDA,TSDA,AMR_34,G29_9,WS_8_20,"[""112083""]",1,8494.350000016637,8726.850000013254,8635.100000014589,8494.350000016637,8532.300000016085,8536.350000016026,8625.000000014736,8625.050000014735,8635.05000001459,8635.100000014589,8722.800000013312,8726.850000013254,18.100000000000122,148.8499999999996,22.05000000000018,0,43.24999999999968,0.25,0,22.0,147.9999999999997
J001421,2023-01-03/PULA,PULA,AMR_26,G23_7,WS_2_20,"[""111999""]",1,8495.650000016618,8708.750000013517,8603.40000001505,8495.650000016618,8516.650000016312,8520.700000016253,8593.300000015197,8593.350000015196,8603.35000001505,8603.40000001505,8704.700000013576,8708.750000013517,18.100000000000122,133.8999999999962,14.350000000000069,0,46.499999999999496,0.25,0,14.0,140.00000000000156
J001422,2023-01-03/SS14,SS14,AMR_19,G9_10,WS_13_20,"[""110227""]",1,8509.850000016411,8606.000000015012,8570.950000015522,8509.850000016411,8509.850000016411,8513.900000016352,8560.85000001567,8560.900000015668,8570.900000015523,8570.950000015522,8601.950000015071,8606.000000015012,18.100000000000122,60.99999999999867,10.500000000000014,0,6.349999999999985,0.2,0,0.0,64.00000000000045
J001423,2023-01-03/TSDA,TSDA,AMR_02,G32_9,WS_8_20,"[""101327""]",1,8510.500000016402,8882.250000010992,8770.900000012613,8510.500000016402,8550.050000015826,8554.100000015767,8760.80000001276,8760.850000012759,8770.850000012613,8770.900000012613,8878.200000011051,8882.250000010992,18.100000000000122,176.1500000000058,21.000000000000163,0,156.25000000000128,0.25,0,38.000000000000085,159.9999999999982
J001424,2023-01-03/PULA,PULA,AMR_33,G21_12,WS_2_20,"[""101203""]",1,8512.70000001637,8794.650000012267,8684.200000013874,8512.70000001637,8527.400000016156,8531.450000016097,8674.100000014021,8674.15000001402,8684.150000013875,8684.200000013874,8790.600000012326,8794.650000012267,18.100000000000122,143.6499999999984,16.200000000000095,0,103.74999999999625,0.25,0,10.0,148.0000000000004
J001425,2023-01-03/SS14,SS14,AMR_39,G3_9,WS_13_20,"[""107336""]",1,8516.250000016318,8640.300000014513,8588.000000015274,8516.250000016318,8516.250000016318,8520.30000001626,8577.900000015421,8577.95000001542,8587.950000015275,8588.000000015274,8636.250000014572,8640.300000014513,18.100000000000122,84.79999999999733,11.450000000000028,0,9.5,0.2,0,0.0,92.0000000000011
J001426,2023-01-03/TSDA,TSDA,AMR_03,G35_12,WS_8_20,"[""110194""]",1,8528.100000016146,8731.800000013181,8664.60000001416,8528.100000016146,8557.850000015713,8561.900000015654,8654.500000014306,8654.550000014306,8664.55000001416,8664.60000001416,8727.75000001324,8731.800000013181,18.100000000000122,144.09999999999852,11.400000000000027,0,29.85000000000029,0.25,0,30.0,147.99999999999906
J001427,2023-01-03/WAP2,WAP2,AMR_25,G20_12,WS_25_20,"[""110606""]",1,8537.900000016003,8710.750000013488,8646.950000014416,8537.900000016003,8537.900000016003,8541.950000015944,8636.850000014563,8636.900000014562,8646.900000014417,8646.950000014416,8706.700000013547,8710.750000013488,18.100000000000122,67.6999999999983,9.5,0,77.34999999999775,0.2,0,0.0,68.00000000000026
J001428,2023-01-03/SPER,SPER,AMR_16,G29_15,WS_30_20,"[""110178"", ""112432""]",2,8540.350000015967,8640.150000014515,8617.500000014845,8540.350000015967,8565.450000015602,8569.500000015543,8607.400000014992,8607.450000014991,8617.450000014846,8617.500000014845,8636.100000014574,8640.150000014515,18.100000000000122,52.39999999999916,8.549999999999986,0,20.500000000000156,0.25,0,22.0,32.0
J001429,2023-01-03/SPER,SPER,AMR_17,G32_15,WS_30_20,"[""110130""]",1,8540.350000015967,8687.20000001383,8658.950000014242,8540.350000015967,8613.450000014904,8617.500000014845,8648.850000014389,8648.900000014388,8658.900000014242,8658.950000014242,8683.15000001389,8687.20000001383,18.100000000000122,89.89999999999704,15.300000000000082,0,23.300000000000196,0.25,0,64.00000000000055,32.0
J001430,2023-01-03/SPER,SPER,AMR_21,G30_9,WS_30_20,"[""110299""]",1,8540.350000015967,8716.900000013398,8676.000000013993,8540.350000015967,8604.000000015041,8608.050000014982,8665.90000001414,8665.95000001414,8675.950000013994,8676.000000013993,8712.850000013457,8716.900000013398,18.100000000000122,99.3499999999965,13.350000000000055,0,45.49999999999955,0.25,0,42.00000000000004,60.000000000000455
J001431,2023-01-03/SPER,SPER,AMR_07,G18_9,WS_30_20,"[""110322""]",1,8540.350000015967,8752.800000012876,8641.85000001449,8540.350000015967,8553.25000001578,8557.30000001572,8631.750000014637,8631.800000014637,8641.800000014491,8641.85000001449,8748.750000012935,8752.800000012876,18.100000000000122,110.44999999999587,15.300000000000082,0,68.34999999999826,0.25,0,6.0,108.00000000000068
J001432,2023-01-03/SPER,SPER,AMR_27,G17_10,WS_30_20,"[""124208""]",1,8540.350000015967,8945.550000010071,8706.45000001355,8540.350000015967,8612.000000014925,8616.050000014866,8696.350000013697,8696.400000013697,8706.400000013551,8706.45000001355,8941.50000001013,8945.550000010071,18.100000000000122,194.30000000000993,25.75000000000023,0,166.80000000000368,0.25,0,54.00000000000054,155.99999999999858
J001433,2023-01-03/SPER,SPER,AMR_32,G15_9,WS_30_20,"[""110313""]",1,8540.350000015967,8945.60000001007,8889.95000001088,8540.350000015967,8627.650000014697,8631.700000014638,8879.850000011027,8879.900000011026,8889.90000001088,8889.95000001088,8941.55000001013,8945.60000001007,18.100000000000122,165.40000000000336,25.850000000000232,0,195.65000000001024,0.25,0,48.00000000000004,116.00000000000031
J001434,2023-01-03/TSDA,TSDA,AMR_14,G35_8,WS_8_20,"[""101026""]",1,8544.050000015914,8923.850000010387,8819.8500000119,8544.050000015914,8639.10000001453,8643.150000014472,8809.750000012047,8809.800000012046,8819.800000011901,8819.8500000119,8919.800000010446,8923.850000010387,18.100000000000122,252.2000000000231,29.600000000000286,0,79.64999999999762,0.25,0,92.00000000000048,211.99999999999082
J001435,2023-01-03/WRA2,WRA2,AMR_22,G23_12,WS_19_20,"[""110148"", ""110169"", ""112087""]",3,8547.200000015868,8774.350000012562,8704.600000013577,8547.200000015868,8611.350000014934,8615.400000014875,8694.500000013724,8694.550000013724,8704.550000013578,8704.600000013577,8770.300000012621,8774.350000012562,18.100000000000122,128.09999999999488,19.100000000000136,0,61.59999999999864,0.25,0,74.00000000000091,68.00000000000031
J001436,2023-01-03/WRA2,WRA2,AMR_40,G9_6,WS_19_20,"[""110178"", ""112432""]",2,8547.200000015868,8754.60000001285,8685.90000001385,8547.200000015868,8574.200000015475,8578.250000015416,8675.800000013996,8675.850000013996,8685.85000001385,8685.90000001385,8750.550000012909,8754.60000001285,18.100000000000122,118.99999999999538,13.350000000000055,0,56.699999999998916,0.25,0,23.999999999999964,104.00000000000139
J001437,2023-01-03/WRA2,WRA2,AMR_08,G17_12,WS_19_20,"[""123304""]",1,8560.450000015675,8763.750000012717,8731.450000013187,8560.450000015675,8681.550000013913,8685.600000013854,8721.350000013334,8721.400000013333,8731.400000013187,8731.450000013187,8759.700000012775,8763.750000012717,18.100000000000122,107.79999999999602,18.200000000000124,0,58.94999999999879,0.25,0,62.00000000000094,56.00000000000023
J001438,2023-01-03/WRA2,WRA2,AMR_36,G12_13,WS_19_20,"[""112195""]",1,8568.950000015551,8703.950000013587,8668.900000014097,8568.950000015551,8612.100000014923,8616.150000014864,8658.800000014244,8658.850000014243,8668.850000014098,8668.900000014097,8699.900000013646,8703.950000013587,18.100000000000122,84.94999999999732,13.350000000000055,0,18.350000000000126,0.25,0,28.0,64.00000000000034
J001439,2023-01-03/PULA,PULA,AMR_37,G29_14,WS_2_20,"[""107344""]",1,8570.800000015524,8903.65000001068,8822.050000011868,8570.800000015524,8645.050000014444,8649.100000014385,8811.950000012015,8812.000000012014,8822.000000011869,8822.050000011868,8899.60000001074,8903.65000001068,18.100000000000122,163.70000000000297,19.100000000000136,0,131.6999999999957,0.25,0,44.00000000000013,136.00000000000128
J001440,2023-01-03/WAP2,WAP2,AMR_31,G23_8,WS_25_20,"[""125583""]",1,8574.55000001547,8830.350000011747,8713.100000013454,8574.55000001547,8653.250000014325,8657.300000014266,8703.0000000136,8703.0500000136,8713.050000013454,8713.100000013454,8826.300000011806,8830.350000011747,18.100000000000122,134.14999999999625,23.900000000000205,0,79.39999999999763,0.25,0,52.00000000000031,84.00000000000034
J001441,2023-01-03/WRA2,WRA2,AMR_30,G8_15,WS_19_20,"[""110097""]",1,8575.500000015456,8869.30000001118,8814.000000011985,8575.500000015456,8724.35000001329,8728.400000013231,8803.900000012132,8803.950000012132,8813.950000011986,8814.000000011985,8865.25000001124,8869.30000001118,18.100000000000122,133.8499999999962,20.05000000000015,0,121.54999999999524,0.25,0,56.000000000000526,76.00000000000034
J001442,2023-01-03/TSDA,TSDA,AMR_23,G38_13,WS_8_20,"[""110449""]",1,8585.650000015308,9034.850000008772,8921.400000010422,8585.650000015308,8719.750000013357,8723.800000013298,8911.30000001057,8911.350000010569,8921.350000010423,8921.400000010422,9030.80000000883,9034.850000008772,18.100000000000122,266.0500000000262,26.750000000000245,0,138.04999999999714,0.25,0,118.00000000000104,187.99999999999514
J001443,2023-01-03/PULA,PULA,AMR_35,G0_10,WS_2_20,"[""112072""]",1,8601.700000015075,8815.550000011963,8788.350000012359,8601.700000015075,8730.950000013194,8735.000000013135,8778.250000012506,8778.300000012505,8788.30000001236,8788.350000012359,8811.500000012022,8815.550000011963,18.100000000000122,126.49999999999496,19.150000000000137,0,49.849999999999305,0.25,0,86.00000000000156,56.00000000000043
J001444,2023-01-03/SS14,SS14,AMR_01,G0_15,WS_13_20,"[""101276""]",1,8606.050000015011,8725.200000013278,8665.25000001415,8606.050000015011,8606.050000015011,8610.100000014952,8655.150000014297,8655.200000014296,8665.20000001415,8665.25000001415,8721.150000013336,8725.200000013278,18.100000000000122,70.09999999999816,7.649999999999981,0,23.100000000000193,0.2,0,0.0,80.00000000000091
J001445,2023-01-03/WAP2,WAP2,AMR_19,G26_9,WS_25_20,"[""101085"", ""110486""]",2,8606.050000015011,8825.800000011814,8774.50000001256,8606.050000015011,8697.60000001368,8701.65000001362,8764.400000012707,8764.450000012706,8774.45000001256,8774.50000001256,8821.750000011873,8825.800000011814,18.100000000000122,101.99999999999635,15.300000000000082,0,84.09999999999737,0.25,0,40.00000000000004,64.00000000000036
J001446,2023-01-03/PULA,PULA,AMR_38,G35_9,WS_2_20,"[""110151""]",1,8612.250000014921,9081.800000008088,8933.95000001024,8612.250000014921,8676.700000013983,8680.750000013924,8923.850000010387,8923.900000010386,8933.90000001024,8933.95000001024,9077.750000008147,9081.800000008088,18.100000000000122,223.2500000000165,19.050000000000136,0,208.90000000001325,0.25,0,70.00000000000001,179.99999999999622
J001447,2023-01-03/WAP2,WAP2,AMR_04,G23_14,WS_25_20,"[""134027""]",1,8612.400000014919,8786.700000012383,8745.300000012985,8612.400000014919,8656.900000014271,8660.950000014212,8735.200000013132,8735.250000013131,8745.250000012986,8745.300000012985,8782.650000012442,8786.700000012383,18.100000000000122,92.04999999999691,16.250000000000096,0,47.64999999999943,0.25,0,40.00000000000004,48.00000000000004
J001448,2023-01-03/WRA2,WRA2,AMR_06,G15_10,WS_19_20,"[""112305""]",1,8614.45000001489,9043.20000000865,8987.55000000946,8614.45000001489,8909.050000010602,8913.100000010543,8977.450000009607,8977.500000009606,8987.50000000946,8987.55000000946,9039.150000008709,9043.20000000865,18.100000000000122,146.199999999999,22.90000000000019,0,241.30000000002062,0.25,0,82.00000000000043,64.00000000000027
J001449,2023-01-03/SS14,SS14,AMR_20,G3_12,WS_13_20,"[""110561""]",1,8617.900000014839,8733.550000013156,8682.600000013897,8617.900000014839,8617.900000014839,8621.95000001478,8672.500000014044,8672.550000014044,8682.550000013898,8682.600000013897,8729.500000013215,8733.550000013156,18.100000000000122,75.19999999999787,9.55,0,12.600000000000044,0.2,0,0.0,80.00000000000087
J001450,2023-01-03/PULA,PULA,AMR_11,G38_15,WS_2_20,"[""112372""]",1,8620.750000014797,9018.950000009003,8882.750000010985,8620.750000014797,8706.400000013551,8710.450000013492,8872.650000011132,8872.700000011131,8882.700000010986,8882.750000010985,9014.900000009062,9018.950000009003,18.100000000000122,215.65000000001478,20.10000000000015,0,144.09999999999852,0.25,0,66.0000000000003,187.99999999999454
J001451,2023-01-03/WAP2,WAP2,AMR_28,G29_8,WS_25_20,"[""110205""]",1,8622.500000014772,8808.350000012068,8729.450000013216,8622.500000014772,8655.500000014292,8659.550000014233,8719.350000013363,8719.400000013362,8729.400000013216,8729.450000013216,8804.300000012126,8808.350000012068,18.100000000000122,96.99999999999663,17.20000000000011,0,53.29999999999911,0.25,0,28.000000000000007,72.00000000000045
J001452,2023-01-03/SPER,SPER,AMR_09,G9_10,WS_30_20,"[""110227""]",1,8629.50000001467,8948.950000010022,8873.100000011125,8629.50000001467,8656.900000014271,8660.950000014212,8863.000000011272,8863.050000011272,8873.050000011126,8873.100000011125,8944.90000001008,8948.950000010022,18.100000000000122,134.99999999999645,14.300000000000068,0,151.80000000000027,0.25,0,14.0,132.0000000000005
J001453,2023-01-03/TSDA,TSDA,AMR_05,G38_8,WS_8_20,"[""107328""]",1,8630.950000014649,9080.800000008103,8937.250000010192,8630.950000014649,8669.250000014092,8673.300000014033,8927.150000010339,8927.200000010338,8937.200000010193,8937.250000010192,9076.750000008162,9080.800000008103,18.100000000000122,209.6000000000134,22.90000000000019,0,199.000000000011,0.25,0,36.0,191.99999999999378
J001454,2023-01-03/PULA,PULA,AMR_16,G32_8,WS_2_20,"[""101095"", ""107232"", ""107312"", ""110519""]",4,8640.200000014514,9000.350000009274,8899.850000010736,8640.200000014514,8667.95000001411,8672.000000014052,8889.750000010883,8889.800000010882,8899.800000010737,8899.850000010736,8996.300000009333,9000.350000009274,18.100000000000122,207.70000000001298,20.05000000000015,0,114.04999999999566,0.25,0,24.0,223.99999999998985
J001455,2023-01-03/WAP2,WAP2,AMR_39,G15_12,WS_25_20,"[""110603""]",1,8640.350000014512,8954.050000009947,8903.70000001068,8640.350000014512,8728.50000001323,8732.55000001317,8893.600000010827,8893.650000010826,8903.65000001068,8903.70000001068,8950.000000010006,8954.050000009947,18.100000000000122,141.89999999999802,19.100000000000136,0,134.3499999999963,0.25,0,70.00000000000105,80.0000000000002
J001456,2023-01-03/SPER,SPER,AMR_24,G11_2,WS_30_20,"[""110569""]",1,8642.350000014483,9053.350000008502,8931.350000010278,8642.350000014483,8749.400000012925,8753.450000012866,8921.250000010425,8921.300000010424,8931.300000010278,8931.350000010278,9049.300000008561,9053.350000008502,18.100000000000122,235.15000000001922,29.700000000000287,0,127.79999999999488,0.25,0,62.000000000001066,199.99999999999335
J001457,2023-01-03/WAP2,WAP2,AMR_29,G38_12,WS_25_20,"[""110336""]",1,8647.000000014415,8959.300000009871,8887.750000010912,8647.000000014415,8755.800000012832,8759.850000012773,8877.65000001106,8877.700000011058,8887.700000010913,8887.750000010912,8955.25000000993,8959.300000009871,18.100000000000122,160.65000000000228,21.050000000000164,0,112.24999999999577,0.25,0,84.00000000000159,96.00000000000037
J001458,2023-01-03/SPER,SPER,AMR_10,G9_1,WS_30_20,"[""110339""]",1,8659.00000001424,8949.00000001002,8856.500000011367,8659.00000001424,8735.650000013125,8739.700000013067,8846.400000011514,8846.450000011513,8856.450000011368,8856.500000011367,8944.95000001008,8949.00000001002,18.100000000000122,202.35000000001176,22.90000000000019,0,46.3999999999995,0.25,0,72.0000000000006,171.99999999999676
J001459,2023-01-03/TSDA,TSDA,AMR_15,G38_9,WS_8_20,"[""101122""]",1,8660.000000014226,9013.400000009084,8890.200000010876,8660.000000014226,8660.000000014226,8664.050000014167,8880.100000011023,8880.150000011023,8890.150000010877,8890.200000010876,9009.350000009143,9013.400000009084,18.100000000000122,167.3000000000038,17.15000000000011,0,150.65,0.2,0,0.0,179.99999999999486
J001460,2023-01-03/TMMI,TMMI,AMR_17,G18_8,WS_13_20,"[""117427""]",1,8687.25000001383,8894.150000010819,8835.100000011678,8687.25000001383,8771.300000012607,8775.350000012548,8825.000000011825,8825.050000011825,8835.050000011679,8835.100000011678,8890.100000010878,8894.150000010819,18.100000000000122,122.39999999999519,15.300000000000082,0,50.84999999999925,0.25,0,62.00000000000031,80.00000000000088
J001461,2023-01-03/TMMI,TMMI,AMR_36,G23_9,WS_13_20,"[""101067""]",1,8704.000000013586,8874.10000001111,8809.100000012057,8704.000000013586,8738.80000001308,8742.85000001302,8799.000000012204,8799.050000012203,8809.050000012057,8809.100000012057,8870.05000001117,8874.10000001111,18.100000000000122,111.24999999999582,17.20000000000011,0,23.300000000000196,0.25,0,30.0,88.00000000000048
J001462,2023-01-03/TMMI,TMMI,AMR_26,G23_7,WS_13_20,"[""110569""]",1,8708.800000013516,8854.700000011393,8791.800000012308,8708.800000013516,8708.800000013516,8712.850000013457,8781.700000012455,8781.750000012455,8791.75000001231,8791.800000012308,8850.650000011452,8854.700000011393,18.100000000000122,87.0999999999972,11.450000000000028,0,29.050000000000278,0.2,0,0.0,96.00000000000088
J001463,2023-01-03/WRA2,WRA2,AMR_25,G20_12,WS_19_20,"[""107101""]",1,8710.800000013487,8787.800000012367,8756.750000012818,8710.800000013487,8710.800000013487,8714.850000013428,8746.650000012965,8746.700000012965,8756.70000001282,8756.750000012818,8783.750000012426,8787.800000012367,18.100000000000122,47.24999999999945,9.55,0,1.900000000000001,0.2,0,0.0,48.0000000000003
J001464,2023-01-03/SPER,SPER,AMR_13,G3_9,WS_30_20,"[""107336""]",1,8713.900000013442,9044.300000008634,8907.000000010632,8713.900000013442,8759.050000012785,8763.100000012726,8896.900000010779,8896.950000010778,8906.950000010633,8907.000000010632,9040.250000008693,9044.300000008634,18.100000000000122,183.5500000000075,14.350000000000069,0,114.14999999999566,0.25,0,50.00000000000051,159.99999999999778
J001465,2023-01-03/WRA2,WRA2,AMR_21,G9_13,WS_19_20,"[""131980""]",1,8716.950000013398,8974.750000009646,8903.75000001068,8716.950000013398,8831.300000011734,8835.350000011675,8893.650000010826,8893.700000010826,8903.70000001068,8903.75000001068,8970.700000009705,8974.750000009646,18.100000000000122,154.80000000000095,17.25000000000011,0,67.39999999999831,0.25,0,102.0000000000015,76.00000000000051
J001466,2023-01-03/PULA,PULA,AMR_18,G38_10,WS_2_20,"[""112216""]",1,8718.650000013373,9107.75000000771,8951.000000009992,8718.650000013373,8795.250000012258,8799.3000000122,8940.900000010139,8940.950000010138,8950.950000009992,8951.000000009992,9103.70000000777,9107.75000000771,18.100000000000122,225.65000000001706,21.050000000000164,0,124.0499999999951,0.25,0,72.0000000000007,187.99999999999662
J001467,2023-01-03/WAP2,WAP2,AMR_01,G26_8,WS_25_20,"[""107334""]",2,8725.250000013277,9040.000000008697,9001.600000009255,8725.250000013277,8923.100000010398,8927.150000010339,8991.500000009402,8991.550000009402,9001.550000009256,9001.600000009255,9035.950000008756,9040.000000008697,18.100000000000122,169.70000000000434,22.000000000000178,0,104.6999999999962,0.25,0,114.00000000000088,68.00000000000068
J001468,2023-01-03/TMMI,TMMI,AMR_34,G29_9,WS_13_20,"[""107381""]",1,8726.900000013253,8944.750000010083,8852.000000011432,8726.900000013253,8726.900000013253,8730.950000013194,8841.90000001158,8841.950000011579,8851.950000011433,8852.000000011432,8940.700000010142,8944.750000010083,18.100000000000122,121.84999999999522,15.300000000000082,0,62.39999999999859,0.2,0,0.0,128.0000000000006
J001469,2023-01-03/WRA2,WRA2,AMR_03,G35_12,WS_19_20,"[""107327"", ""126832""]",2,8731.85000001318,8970.050000009714,8866.65000001122,8731.85000001318,8731.85000001318,8735.900000013122,8856.550000011366,8856.600000011365,8866.60000001122,8866.65000001122,8966.000000009773,8970.050000009714,18.100000000000122,96.24999999999667,9.55,0,114.09999999999566,0.2,0,0.0,100.0000000000003
J001470,2023-01-03/WAP2,WAP2,AMR_20,G12_13,WS_25_20,"[""110446""]",1,8733.600000013155,8932.000000010268,8871.750000011145,8733.600000013155,8766.800000012672,8770.850000012613,8861.650000011292,8861.700000011291,8871.700000011146,8871.750000011145,8927.950000010327,8932.000000010268,18.100000000000122,109.64999999999591,15.300000000000082,0,55.09999999999901,0.25,0,28.0,88.00000000000037
J001471,2023-01-03/SPER,SPER,AMR_07,G0_15,WS_30_20,"[""107317""]",1,8752.850000012875,9057.700000008439,8948.250000010032,8752.850000012875,8822.350000011864,8826.400000011805,8938.150000010179,8938.200000010178,8948.200000010032,8948.250000010032,9053.650000008498,9057.700000008439,18.100000000000122,184.35000000000767,16.300000000000097,0,85.84999999999727,0.25,0,64.00000000000124,147.99999999999864
J001472,2023-01-03/WRA2,WRA2,AMR_40,G3_12,WS_19_20,"[""110561"", ""134611""]",2,8754.650000012849,8985.050000009496,8883.900000010968,8754.650000012849,8785.350000012402,8789.400000012343,8873.800000011115,8873.850000011114,8883.850000010969,8883.900000010968,8981.000000009555,8985.050000009496,18.100000000000122,133.9499999999962,16.200000000000095,0,61.89999999999862,0.25,0,28.0,112.00000000000122
J001473,2023-01-03/WAP2,WAP2,AMR_12,G14_9,WS_25_20,"[""110440""]",1,8758.300000012796,9014.700000009065,8919.650000010448,8758.300000012796,8798.55000001221,8802.600000012151,8909.550000010595,8909.600000010594,8919.600000010449,8919.650000010448,9010.650000009124,9014.700000009065,18.100000000000122,146.54999999999907,17.20000000000011,0,74.29999999999792,0.25,0,44.00000000000031,116.00000000000054
J001474,2023-01-03/WRA2,WRA2,AMR_08,G18_9,WS_19_20,"[""112361""]",1,8763.800000012716,8885.80000001094,8840.000000011607,8763.800000012716,8787.700000012368,8791.75000001231,8829.900000011754,8829.950000011753,8839.950000011608,8840.000000011607,8881.750000011,8885.80000001094,18.100000000000122,72.19999999999804,13.350000000000055,0,18.100000000000122,0.25,0,12.0,60.0000000000005
J001475,2023-01-03/WAP2,WAP2,AMR_22,G14_8,WS_25_20,"[""110418""]",2,8774.55000001256,9034.500000008777,8985.650000009487,8774.55000001256,8850.05000001146,8854.100000011402,8975.550000009634,8975.600000009634,8985.600000009488,8985.650000009487,9030.450000008836,9034.500000008777,18.100000000000122,149.2499999999997,21.000000000000163,0,71.34999999999809,0.25,0,58.00000000000051,112.00000000000077
J001476,2023-01-03/PULA,PULA,AMR_04,G23_12,WS_2_20,"[""101063"", ""112087""]",2,8791.100000012319,9024.300000008925,8916.900000010488,8791.100000012319,8810.550000012036,8814.600000011977,8906.800000010635,8906.850000010634,8916.850000010489,8916.900000010488,9020.250000008984,9024.300000008925,18.100000000000122,122.59999999999518,13.400000000000055,0,78.84999999999766,0.25,0,8.0,120.00000000000134
J001477,2023-01-03/WRA2,WRA2,AMR_25,G12_9,WS_19_20,"[""122645""]",1,8814.050000011985,9007.750000009166,8941.100000010136,8814.050000011985,8839.550000011614,8843.600000011555,8931.000000010283,8931.050000010282,8941.050000010137,8941.100000010136,9003.700000009225,9007.750000009166,18.100000000000122,101.44999999999638,13.350000000000055,0,60.5499999999987,0.25,0,22.0,80.0000000000006
J001478,2023-01-03/WRA2,WRA2,AMR_19,G26_7,WS_19_20,"[""101273""]",1,8840.050000011606,8978.60000000959,8924.100000010383,8840.050000011606,8854.550000011395,8858.600000011336,8914.00000001053,8914.05000001053,8924.050000010384,8924.100000010383,8974.550000009649,8978.60000000959,18.100000000000122,89.14999999999708,15.300000000000082,0,15.750000000000089,0.25,0,8.0,84.00000000000068
J001479,2023-01-03/WRA2,WRA2,AMR_33,G9_9,WS_19_20,"[""134599""]",1,8866.700000011218,9111.800000007652,9056.050000008463,8866.700000011218,8912.050000010559,8916.1000000105,9045.95000000861,9046.00000000861,9056.000000008464,9056.050000008463,9107.75000000771,9111.800000007652,18.100000000000122,125.649999999995,16.200000000000095,0,84.89999999999732,0.25,0,34.0,92.00000000000094
J001480,2023-01-03/WAP2,WAP2,AMR_30,G8_15,WS_25_20,"[""110097""]",1,8871.800000011144,9014.000000009075,8969.70000000972,8871.800000011144,8871.800000011144,8875.850000011085,8959.600000009867,8959.650000009866,8969.65000000972,8969.70000000972,9009.950000009134,9014.000000009075,18.100000000000122,87.44999999999717,7.649999999999981,0,28.800000000000274,0.2,0,0.0,96.00000000000068
J001481,2023-01-03/TMMI,TMMI,AMR_02,G32_9,WS_13_20,"[""110439""]",1,8882.300000010991,9103.800000007768,9000.400000009273,8882.300000010991,8882.300000010991,8886.350000010932,8990.30000000942,8990.35000000942,9000.350000009274,9000.400000009273,9099.750000007827,9103.800000007768,18.100000000000122,115.79999999999556,11.450000000000028,0,75.94999999999783,0.2,0,0.0,124.00000000000102
J001482,2023-01-03/WRA2,WRA2,AMR_28,G32_12,WS_19_20,"[""138468""]",1,8883.950000010967,9051.50000000853,9004.900000009207,8883.950000010967,8908.750000010607,8912.800000010548,8994.800000009354,8994.850000009354,9004.850000009208,9004.900000009207,9047.450000008588,9051.50000000853,18.100000000000122,97.69999999999659,13.350000000000055,0,38.14999999999997,0.25,0,18.0,88.00000000000031
J001483,2023-01-03/WAP2,WAP2,AMR_36,G21_12,WS_25_20,"[""101102""]",2,8887.800000010911,8996.100000009335,8953.650000009953,8887.800000010911,8903.800000010679,8907.85000001062,8943.5500000101,8943.6000000101,8953.600000009954,8953.650000009953,8992.050000009394,8996.100000009335,18.100000000000122,63.69999999999852,13.400000000000055,0,12.850000000000048,0.25,0,10.0,56.00000000000023
J001484,2023-01-03/WAP2,WAP2,AMR_08,G18_9,WS_25_20,"[""110322""]",1,8903.75000001068,9064.250000008344,9017.550000009023,8903.75000001068,8903.75000001068,8907.80000001062,9007.45000000917,9007.50000000917,9017.500000009024,9017.550000009023,9060.200000008403,9064.250000008344,18.100000000000122,78.84999999999766,13.350000000000055,0,49.9999999999993,0.2,0,0.0,80.00000000000037
J001485,2023-01-03/WRA2,WRA2,AMR_37,G29_8,WS_19_20,"[""112066""]",1,8903.800000010679,9080.800000008103,9021.95000000896,8903.800000010679,8930.250000010294,8934.300000010235,9011.850000009106,9011.900000009105,9021.90000000896,9021.95000000896,9076.750000008162,9080.800000008103,18.100000000000122,102.04999999999634,15.300000000000082,0,41.29999999999979,0.25,0,16.0,92.00000000000048
J001486,2023-01-03/WAP2,WAP2,AMR_35,G11_9,WS_25_20,"[""101135""]",1,8919.700000010447,9247.000000005684,9125.350000007455,8919.700000010447,8994.45000000936,8998.5000000093,9115.250000007602,9115.3000000076,9125.300000007455,9125.350000007455,9242.950000005743,9247.000000005684,18.100000000000122,172.85000000000505,23.000000000000192,0,113.09999999999572,0.25,0,60.000000000000824,124.00000000000048
J001487,2023-01-03/WRA2,WRA2,AMR_17,G2_12,WS_19_20,"[""122697""]",1,8924.150000010382,9188.15000000654,9107.200000007719,8924.150000010382,8988.90000000944,8992.950000009381,9097.100000007866,9097.150000007865,9107.15000000772,9107.200000007719,9184.1000000066,9188.15000000654,18.100000000000122,152.90000000000052,13.350000000000055,0,79.39999999999763,0.25,0,44.000000000000085,116.00000000000124
J001488,2023-01-03/WJGK,WJGK,AMR_14,G39_9,WS_8_20,"[""107238"", ""110847"", ""111376"", ""112374"", ""123305""]",7,8937.300000010191,9176.050000006717,9068.250000008285,8937.300000010191,8969.750000009719,8973.80000000966,9058.150000008432,9058.200000008432,9068.200000008286,9068.250000008285,9172.000000006776,9176.050000006717,18.100000000000122,171.15000000000467,17.20000000000011,0,32.05000000000032,0.25,0,26.0,183.99999999999395
J001489,2023-01-03/WJGK,WJGK,AMR_26,G23_2,WS_8_20,"[""110357"", ""110484"", ""112394""]",4,8937.300000010191,9183.100000006614,9100.050000007823,8937.300000010191,8955.650000009924,8959.700000009865,9089.95000000797,9090.000000007969,9100.000000007823,9100.050000007823,9179.050000006673,9183.100000006614,18.100000000000122,168.85000000000414,19.150000000000137,0,39.449999999999896,0.25,0,13.999999999999975,183.99999999999656
J001490,2023-01-03/WJGK,WJGK,AMR_20,G9_12,WS_8_20,"[""110502"", ""124208""]",2,8937.300000010191,9059.05000000842,9018.000000009017,8937.300000010191,8965.000000009788,8969.050000009729,9007.900000009164,9007.950000009163,9017.950000009017,9018.000000009017,9055.000000008478,9059.05000000842,18.100000000000122,70.34999999999815,12.400000000000041,0,20.65000000000016,0.25,0,16.0,52.00000000000031
J001491,2023-01-03/WJGK,WJGK,AMR_31,G17_12,WS_8_20,"[""112287"", ""123304""]",3,8937.300000010191,9172.500000006768,9116.00000000759,8937.300000010191,9045.850000008611,9049.900000008553,9105.900000007738,9105.950000007737,9115.950000007591,9116.00000000759,9168.450000006827,9172.500000006768,18.100000000000122,121.54999999999524,17.30000000000011,0,77.99999999999771,0.25,0,48.00000000000003,80.000000000001
J001492,2023-01-03/PULA,PULA,AMR_34,G29_9,WS_2_20,"[""112008""]",1,8944.800000010082,9153.300000007048,9041.000000008682,8944.800000010082,8944.800000010082,8948.850000010023,9030.900000008829,9030.950000008828,9040.950000008683,9041.000000008682,9149.250000007107,9153.300000007048,18.100000000000122,154.95000000000098,13.350000000000055,0,21.900000000000176,0.2,0,0.0,191.9999999999952
J001493,2023-01-03/WJGK,WJGK,AMR_27,G23_8,WS_8_20,"[""107276"", ""125583""]",2,8945.60000001007,9159.150000006963,9084.100000008055,8945.60000001007,8982.70000000953,8986.750000009471,9074.000000008202,9074.050000008201,9084.050000008056,9084.100000008055,9155.100000007022,9159.150000006963,18.100000000000122,125.799999999995,16.250000000000096,0,53.14999999999912,0.25,0,20.0,116.00000000000173
J001494,2023-01-03/WRA2,WRA2,AMR_32,G15_9,WS_19_20,"[""120778""]",1,8945.65000001007,9091.600000007946,9039.000000008711,8945.65000001007,8945.65000001007,8949.70000001001,9028.900000008858,9028.950000008857,9038.950000008712,9039.000000008711,9087.550000008005,9091.600000007946,18.100000000000122,66.29999999999838,9.55,0,51.799999999999194,0.2,0,0.0,68.00000000000051
J001495,2023-01-03/WJGK,WJGK,AMR_09,G26_12,WS_8_20,"[""101146"", ""101183""]",2,8949.00000001002,9255.850000005556,9131.950000007359,8949.00000001002,9014.150000009073,9018.200000009014,9121.850000007506,9121.900000007505,9131.90000000736,9131.950000007359,9251.800000005614,9255.850000005556,18.100000000000122,163.65000000000296,15.200000000000081,0,109.64999999999591,0.25,0,66.0000000000004,116.00000000000105
J001496,2023-01-03/WAP2,WAP2,AMR_10,G26_2,WS_25_20,"[""107213""]",2,8953.700000009952,9150.000000007096,9093.40000000792,8953.700000009952,9028.75000000886,9032.800000008801,9083.300000008066,9083.350000008066,9093.35000000792,9093.40000000792,9145.950000007155,9150.000000007096,18.100000000000122,143.6499999999984,20.950000000000163,0,13.350000000000055,0.25,0,64.00000000000007,96.00000000000108
J001497,2023-01-03/WAP2,WAP2,AMR_29,G27_2,WS_25_20,"[""110333""]",1,8969.750000009719,9228.10000000596,9157.25000000699,8969.750000009719,9016.600000009037,9020.650000008978,9147.150000007137,9147.200000007137,9157.200000006991,9157.25000000699,9224.050000006018,9228.10000000596,18.100000000000122,161.30000000000243,21.050000000000164,0,57.64999999999886,0.25,0,50.000000000000014,132.00000000000185
J001498,2023-01-03/WAP2,WAP2,AMR_21,G9_10,WS_25_20,"[""110227""]",1,8985.700000009487,9184.1000000066,9109.400000007687,8985.700000009487,9004.05000000922,9008.10000000916,9099.300000007834,9099.350000007833,9109.350000007687,9109.400000007687,9180.050000006659,9184.1000000066,18.100000000000122,123.69999999999511,14.300000000000068,0,42.04999999999975,0.25,0,10.0,120.00000000000057
J001499,2023-01-03/WRA2,WRA2,AMR_39,G17_10,WS_19_20,"[""123763""]",1,8987.60000000946,9108.200000007704,9073.100000008215,8987.60000000946,9007.650000009167,9011.700000009108,9063.000000008362,9063.050000008361,9073.050000008216,9073.100000008215,9104.150000007763,9108.200000007704,18.100000000000122,69.54999999999819,13.350000000000055,0,19.35000000000014,0.25,0,8.0,60.00000000000041
J001500,2023-01-03/SPER,SPER,AMR_16,G32_8,WS_30_20,"[""110519""]",1,9000.400000009273,9087.600000008004,9049.850000008553,9000.400000009273,9000.400000009273,9004.450000009214,9039.7500000087,9039.8000000087,9049.800000008554,9049.850000008553,9083.550000008063,9087.600000008004,18.100000000000122,57.69999999999886,9.55,0,1.6500000000000008,0.2,0,0.0,64.00000000000067
J001501,2023-01-03/WAP2,WAP2,AMR_40,G6_9,WS_25_20,"[""134546""]",1,9001.650000009255,9352.150000004154,9141.300000007222,9001.650000009255,9024.200000008927,9028.250000008868,9131.20000000737,9131.250000007369,9141.250000007223,9141.300000007222,9348.100000004213,9352.150000004154,18.100000000000122,144.29999999999856,16.250000000000096,0,171.60000000000477,0.25,0,16.0,128.00000000000026
J001502,2023-01-03/WRA2,WRA2,AMR_36,G3_10,WS_19_20,"[""127627""]",1,9004.950000009207,9365.650000003958,9177.050000006702,9004.950000009207,9083.200000008068,9087.250000008009,9166.95000000685,9167.000000006848,9177.000000006703,9177.050000006702,9361.600000004017,9365.650000003958,18.100000000000122,167.70000000000388,16.200000000000095,0,158.45000000000178,0.25,0,68.0000000000013,112.00000000000065
J001503,2023-01-03/WAP2,WAP2,AMR_30,G3_13,WS_25_20,"[""110518""]",1,9017.600000009023,9360.750000004029,9173.200000006758,9017.600000009023,9043.050000008652,9047.100000008593,9163.100000006905,9163.150000006905,9173.150000006759,9173.200000006758,9356.700000004088,9360.750000004029,18.100000000000122,149.64999999999978,14.300000000000068,0,160.85000000000232,0.25,0,17.999999999999996,124.00000000000021
J001504,2023-01-03/WJGK,WJGK,AMR_12,G3_12,WS_8_20,"[""110386"", ""110561"", ""112367""]",5,9018.050000009016,9185.700000006576,9152.300000007062,9018.050000009016,9089.000000007984,9093.050000007925,9142.20000000721,9142.250000007209,9152.250000007063,9152.300000007062,9181.650000006635,9185.700000006576,18.100000000000122,101.79999999999636,15.250000000000082,0,32.250000000000306,0.25,0,48.000000000000426,60.00000000000031
J001505,2023-01-03/WRA2,WRA2,AMR_11,G38_15,WS_19_20,"[""112372""]",1,9022.000000008959,9165.750000006867,9090.150000007967,9022.000000008959,9022.000000008959,9026.0500000089,9080.050000008114,9080.100000008113,9090.100000007968,9090.150000007967,9161.700000006926,9165.750000006867,18.100000000000122,85.69999999999727,7.649999999999981,0,32.100000000000314,0.2,0,0.0,100.00000000000001
J001506,2023-01-03/SPER,SPER,AMR_04,G23_12,WS_30_20,"[""112087""]",1,9024.350000008924,9135.30000000731,9094.200000007908,9024.350000008924,9024.350000008924,9028.400000008865,9084.100000008055,9084.150000008054,9094.150000007909,9094.200000007908,9131.250000007369,9135.30000000731,18.100000000000122,73.94999999999794,10.450000000000014,0,8.249999999999982,0.2,0,0.0,76.00000000000026
J001507,2023-01-03/PULA,PULA,AMR_23,G38_13,WS_2_20,"[""107204""]",2,9034.90000000877,9274.200000005289,9135.100000007313,9034.90000000877,9034.90000000877,9038.950000008712,9125.00000000746,9125.050000007459,9135.050000007313,9135.100000007313,9270.150000005347,9274.200000005289,18.100000000000122,140.9499999999978,9.55,0,70.49999999999814,0.2,0,0.0,175.9999999999964
J001508,2023-01-03/WRA2,WRA2,AMR_15,G38_9,WS_19_20,"[""140089""]",1,9039.05000000871,9281.150000005187,9211.150000006206,9039.05000000871,9039.05000000871,9043.100000008651,9201.050000006353,9201.100000006352,9211.100000006207,9211.150000006206,9277.100000005246,9281.150000005187,18.100000000000122,112.34999999999576,13.350000000000055,0,98.09999999999657,0.2,0,0.0,124.00000000000033
J001509,2023-01-03/TMMI,TMMI,AMR_06,G15_10,WS_13_20,"[""110310""]",1,9043.25000000865,9131.550000007364,9091.800000007943,9043.25000000865,9043.25000000865,9047.30000000859,9081.70000000809,9081.750000008089,9091.750000007944,9091.800000007943,9127.500000007423,9131.550000007364,18.100000000000122,57.29999999999888,10.450000000000014,0,2.25,0.2,0,0.0,56.000000000000355
J001510,2023-01-03/PULA,PULA,AMR_13,G3_9,WS_2_20,"[""125462""]",2,9044.350000008633,9123.950000007475,9086.100000008026,9044.350000008633,9044.350000008633,9048.400000008574,9076.000000008173,9076.050000008172,9086.050000008026,9086.100000008026,9119.900000007534,9123.950000007475,18.100000000000122,51.89999999999919,7.649999999999981,0,1.7500000000000009,0.2,0,0.0,60.00000000000051
J001511,2023-01-03/WRA2,WRA2,AMR_07,G0_15,WS_19_20,"[""124702""]",1,9057.750000008438,9189.100000006527,9129.350000007396,9057.750000008438,9057.750000008438,9061.80000000838,9119.250000007543,9119.300000007543,9129.300000007397,9129.350000007396,9185.050000006586,9189.100000006527,18.100000000000122,86.9499999999972,7.649999999999981,0,18.450000000000127,0.2,0,0.0,104.00000000000102
J001512,2023-01-03/WJGK,WJGK,AMR_08,G18_2,WS_8_20,"[""110161"", ""124008""]",3,9068.300000008285,9275.050000005276,9183.950000006602,9068.300000008285,9089.20000000798,9093.250000007922,9173.850000006749,9173.900000006748,9183.900000006603,9183.950000006602,9271.000000005335,9275.050000005276,18.100000000000122,131.99999999999577,15.300000000000082,0,41.0999999999998,0.25,0,17.999999999999975,136.00000000000213
J001513,2023-01-03/WRA2,WRA2,AMR_05,G38_8,WS_19_20,"[""110703""]",1,9080.850000008102,9289.050000005072,9194.100000006454,9080.850000008102,9080.850000008102,9084.900000008043,9184.000000006601,9184.0500000066,9194.050000006455,9194.100000006454,9285.000000005131,9289.050000005072,18.100000000000122,114.09999999999566,11.450000000000028,0,64.34999999999849,0.2,0,0.0,128.00000000000034
J001514,2023-01-03/WJGK,WJGK,AMR_24,G20_2,WS_8_20,"[""109843"", ""110097""]",2,9084.150000008054,9390.750000003593,9209.800000006226,9084.150000008054,9120.500000007525,9124.550000007466,9199.700000006373,9199.750000006372,9209.750000006226,9209.800000006226,9386.700000003651,9390.750000003593,18.100000000000122,149.89999999999984,19.100000000000136,0,119.24999999999537,0.25,0,21.999999999999996,136.0000000000007
J001515,2023-01-03/WRA2,WRA2,AMR_16,G32_8,WS_19_20,"[""107232"", ""110519""]",3,9090.200000007966,9211.900000006195,9160.100000006949,9090.200000007966,9090.200000007966,9094.250000007907,9150.000000007096,9150.050000007095,9160.05000000695,9160.100000006949,9207.850000006254,9211.900000006195,18.100000000000122,84.24999999999736,9.55,0,9.600000000000001,0.2,0,0.0,104.00000000000068
J001516,2023-01-03/TMMU,TMMU,AMR_22,G14_7,WS_13_20,"[""110178"", ""110342""]",2,9091.850000007942,9255.300000005564,9167.700000006838,9091.850000007942,9095.850000007884,9099.900000007825,9157.600000006985,9157.650000006985,9167.650000006839,9167.700000006838,9251.250000005622,9255.300000005564,18.100000000000122,78.34999999999769,11.400000000000027,0,55.34999999999899,0.25,0,2.0,76.0000000000006
J001517,2023-01-03/TMMU,TMMU,AMR_25,G14_1,WS_13_20,"[""110432"", ""112247""]",3,9091.850000007942,9359.700000004044,9211.300000006204,9091.850000007942,9114.150000007618,9118.200000007559,9201.20000000635,9201.25000000635,9211.250000006205,9211.300000006204,9355.650000004103,9359.700000004044,18.100000000000122,106.2499999999961,13.400000000000055,0,129.84999999999528,0.25,0,19.999999999999957,92.00000000000094
J001518,2023-01-03/TMMU,TMMU,AMR_20,G14_12,WS_13_20,"[""124208""]",1,9091.850000007942,9356.100000004097,9277.300000005243,9091.850000007942,9155.300000007019,9159.35000000696,9267.20000000539,9267.25000000539,9277.250000005244,9277.300000005243,9352.050000004156,9356.100000004097,18.100000000000122,101.34999999999638,23.900000000000205,0,120.64999999999529,0.25,0,38.000000000000114,56.00000000000033
J001519,2023-01-03/TMMU,TMMU,AMR_32,G15_9,WS_13_20,"[""110313""]",1,9091.850000007942,9266.800000005396,9150.600000007087,9091.850000007942,9091.850000007942,9095.900000007883,9140.500000007234,9140.550000007233,9150.550000007088,9150.600000007087,9262.750000005455,9266.800000005396,18.100000000000122,70.44999999999814,11.450000000000028,0,74.7499999999979,0.2,0,0.0,68.00000000000054
J001520,2023-01-03/TMMU,TMMU,AMR_01,G9_7,WS_13_20,"[""121833""]",1,9091.850000007942,9318.950000004637,9260.150000005493,9091.850000007942,9143.50000000719,9147.550000007132,9250.05000000564,9250.10000000564,9260.100000005494,9260.150000005493,9314.900000004696,9318.950000004637,18.100000000000122,116.74999999999551,15.300000000000082,0,76.69999999999779,0.25,0,52.0000000000006,76.0000000000008
J001521,2023-01-03/TMMU,TMMU,AMR_28,G0_10,WS_13_20,"[""100167""]",1,9091.850000007942,9599.400000000556,9537.850000001452,9091.850000007942,9432.500000002985,9436.550000002926,9527.750000001599,9527.800000001598,9537.800000001453,9537.850000001452,9595.350000000615,9599.400000000556,18.100000000000122,223.1500000000165,44.09999999999963,0,221.95000000001622,0.25,0,132.00000000000153,100.00000000000128
J001522,2023-01-03/WAP2,WAP2,AMR_19,G3_5,WS_25_20,"[""127627""]",1,9093.450000007919,9521.300000001693,9384.400000003685,9093.450000007919,9160.950000006937,9165.000000006878,9374.300000003832,9374.350000003831,9384.350000003686,9384.400000003685,9517.250000001752,9521.300000001693,18.100000000000122,197.35000000001062,17.20000000000011,0,194.95000000001008,0.25,0,58.000000000000654,163.9999999999971
J001523,2023-01-03/WJGK,WJGK,AMR_37,G26_8,WS_8_20,"[""110191"", ""110555""]",2,9100.100000007822,9375.000000003822,9275.50000000527,9100.100000007822,9129.200000007399,9133.25000000734,9265.400000005417,9265.450000005416,9275.45000000527,9275.50000000527,9370.95000000388,9375.000000003822,18.100000000000122,141.99999999999804,19.100000000000136,0,95.44999999999672,0.25,0,22.0,128.00000000000085
J001524,2023-01-03/SPER,SPER,AMR_02,G32_9,WS_30_20,"[""110439""]",1,9103.850000007767,9202.350000006334,9152.000000007067,9103.850000007767,9103.850000007767,9107.900000007709,9141.900000007214,9141.950000007213,9151.950000007068,9152.000000007067,9198.300000006393,9202.350000006334,18.100000000000122,60.89999999999868,11.450000000000028,0,7.84999999999998,0.2,0,0.0,64.00000000000036
J001525,2023-01-03/WRA2,WRA2,AMR_18,G38_10,WS_19_20,"[""107291""]",1,9107.80000000771,9291.650000005035,9228.200000005958,9107.80000000771,9107.80000000771,9111.850000007651,9218.100000006105,9218.150000006104,9228.150000005959,9228.200000005958,9287.600000005094,9291.650000005035,18.100000000000122,113.4499999999957,10.450000000000014,0,41.64999999999977,0.2,0,0.0,128.00000000000028
J001526,2023-01-03/WJGK,WJGK,AMR_33,G0_14,WS_8_20,"[""123094""]",1,9116.05000000759,9262.150000005464,9227.40000000597,9116.05000000759,9174.50000000674,9178.55000000668,9217.300000006117,9217.350000006116,9227.35000000597,9227.40000000597,9258.100000005523,9262.150000005464,18.100000000000122,104.24999999999622,15.250000000000082,0,8.249999999999982,0.25,0,52.00000000000039,64.00000000000031
J001527,2023-01-03/WRA2,WRA2,AMR_13,G3_9,WS_19_20,"[""112194""]",1,9129.400000007396,9375.550000003814,9276.700000005252,9129.400000007396,9129.400000007396,9133.450000007337,9266.6000000054,9266.650000005398,9276.650000005253,9276.700000005252,9371.500000003873,9375.550000003814,18.100000000000122,115.59999999999557,11.450000000000028,0,100.79999999999642,0.2,0,0.0,116.00000000000055
J001528,2023-01-03/WJGK,WJGK,AMR_06,G6_10,WS_8_20,"[""101318""]",1,9132.000000007358,9333.350000004428,9259.550000005502,9132.000000007358,9155.95000000701,9160.00000000695,9249.450000005649,9249.500000005648,9259.500000005502,9259.550000005502,9329.300000004487,9333.350000004428,18.100000000000122,80.64999999999756,12.450000000000042,0,89.89999999999704,0.25,0,22.00000000000003,60.00000000000037
J001529,2023-01-03/TMKR,TMKR,AMR_39,G9_6,WS_2_20,"[""101330"", ""111391""]",2,9135.150000007312,9327.550000004512,9254.600000005574,9135.150000007312,9173.900000006748,9177.95000000669,9244.50000000572,9244.55000000572,9254.550000005574,9254.600000005574,9323.500000004571,9327.550000004512,18.100000000000122,120.84999999999528,15.300000000000082,0,37.899999999999984,0.25,0,36.0,96.00000000000111
J001530,2023-01-03/TMKR,TMKR,AMR_03,G3_15,WS_2_20,"[""112040""]",1,9135.150000007312,9427.600000003056,9402.900000003416,9135.150000007312,9356.950000004084,9361.000000004025,9392.800000003563,9392.850000003562,9402.850000003416,9402.900000003416,9423.550000003115,9427.600000003056,18.100000000000122,131.44999999999564,18.150000000000123,0,124.49999999999507,0.25,0,102.00000000000097,31.99999999999997
J001531,2023-01-03/TMKR,TMKR,AMR_38,G6_12,WS_2_20,"[""110468""]",1,9135.150000007312,9398.200000003484,9362.750000004,9135.150000007312,9319.40000000463,9323.450000004572,9352.650000004147,9352.700000004146,9362.700000004,9362.750000004,9394.150000003543,9398.200000003484,18.100000000000122,197.75000000001071,23.950000000000205,0,23.000000000000192,0.25,0,179.99999999999724,60.000000000000625
J001532,2023-01-03/TMKR,TMKR,AMR_04,G9_12,WS_2_20,"[""110502""]",1,9135.350000007309,9307.650000004802,9237.65000000582,9135.350000007309,9173.000000006761,9177.050000006702,9227.550000005967,9227.600000005967,9237.600000005821,9237.65000000582,9303.60000000486,9307.650000004802,18.100000000000122,98.29999999999656,13.350000000000055,0,42.299999999999734,0.25,0,32.0,72.00000000000051
J001533,2023-01-03/TMKR,TMKR,AMR_10,G11_10,WS_2_20,"[""107412""]",1,9150.050000007095,9384.75000000368,9326.800000004523,9150.050000007095,9203.150000006322,9207.200000006264,9316.70000000467,9316.75000000467,9326.750000004524,9326.800000004523,9380.700000003739,9384.75000000368,18.100000000000122,122.34999999999519,15.300000000000082,0,78.69999999999767,0.25,0,50.000000000000384,80.00000000000074
J001534,2023-01-03/TJKR,TJKR,AMR_34,G29_15,WS_30_20,"[""110178""]",1,9153.350000007047,9235.750000005848,9218.600000006098,9153.350000007047,9173.350000006756,9177.400000006697,9208.500000006245,9208.550000006244,9218.550000006098,9218.600000006098,9231.700000005907,9235.750000005848,18.100000000000122,46.94999999999947,8.599999999999987,0,8.499999999999986,0.25,0,16.0,32.0
J001535,2023-01-03/TJKR,TJKR,AMR_27,G23_12,WS_30_20,"[""112087""]",1,9159.200000006962,9289.450000005067,9250.70000000563,9159.200000006962,9176.750000006707,9180.800000006648,9240.600000005777,9240.650000005777,9250.650000005631,9250.70000000563,9285.400000005126,9289.450000005067,18.100000000000122,87.24999999999719,13.350000000000055,0,11.300000000000026,0.25,0,12.0,84.00000000000023
J001536,2023-01-03/TJKR,TJKR,AMR_11,G26_9,WS_30_20,"[""110374""]",1,9165.800000006866,9357.95000000407,9314.00000000471,9165.800000006866,9230.200000005929,9234.25000000587,9303.900000004856,9303.950000004856,9313.95000000471,9314.00000000471,9353.900000004129,9357.95000000407,18.100000000000122,125.49999999999501,21.950000000000177,0,26.35000000000024,0.25,0,48.0000000000005,84.00000000000037
J001537,2023-01-03/TJKR,TJKR,AMR_31,G32_6,WS_30_20,"[""140079""]",1,9172.550000006768,9320.15000000462,9279.750000005208,9172.550000006768,9217.10000000612,9221.15000000606,9269.650000005355,9269.700000005354,9279.700000005208,9279.750000005208,9316.100000004679,9320.15000000462,18.100000000000122,100.39999999999644,13.350000000000055,0,15.500000000000085,0.25,0,42.000000000000234,72.00000000000088
J001538,2023-01-03/TMMU,TMMU,AMR_14,G23_7,WS_13_20,"[""110569""]",1,9176.100000006716,9485.70000000221,9378.100000003777,9176.100000006716,9298.80000000493,9302.850000004872,9368.000000003924,9368.050000003923,9378.050000003777,9378.100000003777,9481.65000000227,9485.70000000221,18.100000000000122,189.7500000000089,26.800000000000246,0,74.6999999999979,0.25,0,120.00000000000145,96.00000000000077
J001539,2023-01-03/TJKR,TJKR,AMR_26,G18_9,WS_30_20,"[""110322""]",1,9183.150000006613,9354.750000004116,9296.950000004957,9183.150000006613,9213.200000006176,9217.250000006117,9286.850000005104,9286.900000005104,9296.900000004958,9296.950000004957,9350.700000004175,9354.750000004116,18.100000000000122,113.89999999999567,17.20000000000011,0,22.15000000000018,0.25,0,23.999999999999996,100.00000000000031
J001540,2023-01-03/WJGK,WJGK,AMR_21,G9_10,WS_8_20,"[""110227""]",1,9184.150000006599,9279.800000005207,9243.600000005734,9184.150000006599,9184.150000006599,9188.20000000654,9233.50000000588,9233.55000000588,9243.550000005735,9243.600000005734,9275.750000005266,9279.800000005207,18.100000000000122,54.599999999999035,6.649999999999984,0,16.100000000000094,0.2,0,0.0,56.00000000000051
J001541,2023-01-03/WAP2,WAP2,AMR_12,G3_12,WS_25_20,"[""110561""]",1,9185.750000006576,9421.20000000315,9352.50000000415,9185.750000006576,9185.750000006576,9189.800000006517,9342.400000004296,9342.450000004295,9352.45000000415,9352.50000000415,9417.150000003208,9421.20000000315,18.100000000000122,134.44999999999632,13.400000000000055,0,69.2999999999982,0.2,0,0.0,143.99999999999932
J001542,2023-01-03/TMKR,TMKR,AMR_17,G15_10,WS_2_20,"[""110310""]",1,9188.20000000654,9482.800000002253,9379.550000003755,9188.20000000654,9228.400000005955,9232.450000005896,9369.450000003902,9369.500000003902,9379.500000003756,9379.550000003755,9478.750000002312,9482.800000002253,18.100000000000122,130.54999999999544,14.300000000000068,0,131.39999999999563,0.25,0,30.0,96.0000000000006
J001543,2023-01-03/TMMU,TMMU,AMR_07,G0_15,WS_13_20,"[""107317""]",1,9189.150000006526,9375.450000003815,9294.200000004997,9189.150000006526,9189.150000006526,9193.200000006467,9284.100000005144,9284.150000005144,9294.150000004998,9294.200000004997,9371.400000003874,9375.450000003815,18.100000000000122,82.49999999999746,7.649999999999981,0,77.84999999999772,0.2,0,0.0,80.00000000000051
J001544,2023-01-03/TJKR,TJKR,AMR_02,G17_10,WS_30_20,"[""124208""]",1,9202.400000006333,9453.750000002676,9364.050000003981,9202.400000006333,9270.100000005348,9274.15000000529,9353.950000004128,9354.000000004127,9364.000000003982,9364.050000003981,9449.700000002735,9453.750000002676,18.100000000000122,139.09999999999738,18.150000000000123,0,75.74999999999784,0.25,0,60.00000000000057,100.00000000000063
J001545,2023-01-03/WAP2,WAP2,AMR_16,G32_8,WS_25_20,"[""107312""]",1,9211.950000006194,9324.100000004562,9272.70000000531,9211.950000006194,9211.950000006194,9216.000000006135,9262.600000005457,9262.650000005457,9272.650000005311,9272.70000000531,9320.050000004621,9324.100000004562,18.100000000000122,74.04999999999794,11.450000000000028,0,8.349999999999984,0.2,0,0.0,84.00000000000054
J001546,2023-01-03/WRA2,WRA2,AMR_29,G27_2,WS_19_20,"[""111246""]",1,9228.150000005959,9370.95000000388,9314.400000004704,9228.150000005959,9228.150000005959,9232.2000000059,9304.30000000485,9304.35000000485,9314.350000004704,9314.400000004704,9366.90000000394,9370.95000000388,18.100000000000122,91.34999999999695,11.450000000000028,0,21.700000000000173,0.2,0,0.0,108.00000000000107
J001547,2023-01-03/WJGK,WJGK,AMR_34,G12_10,WS_8_20,"[""110568""]",1,9235.800000005847,9587.850000000724,9540.650000001411,9235.800000005847,9437.900000002906,9441.950000002847,9530.550000001558,9530.600000001557,9540.600000001412,9540.650000001411,9583.800000000783,9587.850000000724,18.100000000000122,177.35000000000608,26.700000000000244,0,129.64999999999523,0.25,0,92.00000000000051,96.00000000000145
J001548,2023-01-03/WJGK,WJGK,AMR_35,G14_9,WS_8_20,"[""110262""]",1,9247.050000005684,9472.05000000241,9368.650000003914,9247.050000005684,9283.800000005149,9287.85000000509,9358.550000004061,9358.60000000406,9368.600000003915,9368.650000003914,9468.000000002468,9472.05000000241,18.100000000000122,108.89999999999596,17.25000000000011,0,80.49999999999757,0.25,0,18.0,88.0000000000008
J001549,2023-01-03/TMKR,TMKR,AMR_22,G17_9,WS_2_20,"[""110225""]",1,9255.350000005563,9525.65000000163,9437.200000002917,9255.350000005563,9340.900000004318,9344.950000004259,9427.100000003064,9427.150000003063,9437.150000002917,9437.200000002917,9521.600000001688,9525.65000000163,18.100000000000122,160.65000000000228,23.000000000000192,0,68.29999999999826,0.25,0,46.000000000000185,132.00000000000253
J001550,2023-01-03/TJKR,TJKR,AMR_09,G12_9,WS_30_20,"[""112386""]",1,9255.900000005555,9547.350000001314,9449.650000002735,9255.900000005555,9338.100000004359,9342.1500000043,9439.550000002882,9439.600000002882,9449.600000002736,9449.650000002735,9543.300000001373,9547.350000001314,18.100000000000122,162.80000000000277,18.100000000000122,0,92.1999999999969,0.25,0,54.00000000000051,124.000000000001
J001551,2023-01-03/WJGK,WJGK,AMR_33,G20_12,WS_8_20,"[""125639""]",1,9262.200000005463,9702.499999999056,9646.199999999875,9262.200000005463,9508.700000001876,9512.750000001817,9636.100000000022,9636.150000000021,9646.149999999876,9646.199999999875,9698.449999999115,9702.499999999056,18.100000000000122,258.35000000002447,37.350000000000016,0,126.24999999999497,0.25,0,191.9999999999955,92.00000000000094
J001552,2023-01-03/WAP2,WAP2,AMR_32,G15_9,WS_25_20,"[""110313""]",1,9266.850000005395,9395.450000003524,9336.500000004382,9266.850000005395,9266.850000005395,9270.900000005337,9326.400000004529,9326.450000004528,9336.450000004383,9336.500000004382,9391.400000003583,9395.450000003524,18.100000000000122,80.54999999999757,9.55,0,20.200000000000152,0.2,0,0.0,92.00000000000048
J001553,2023-01-03/WRA2,WRA2,AMR_23,G38_13,WS_19_20,"[""110449""]",1,9274.250000005288,9433.450000002971,9355.750000004102,9274.250000005288,9274.250000005288,9278.300000005229,9345.650000004249,9345.700000004248,9355.700000004103,9355.750000004102,9429.40000000303,9433.450000002971,18.100000000000122,95.14999999999674,11.450000000000028,0,34.30000000000019,0.2,0,0.0,108.00000000000013
J001554,2023-01-03/TMMU,TMMU,AMR_08,G18_2,WS_13_20,"[""140079""]",1,9275.100000005275,9399.300000003468,9342.600000004293,9275.100000005275,9275.100000005275,9279.150000005216,9332.50000000444,9332.55000000444,9342.550000004294,9342.600000004293,9395.250000003527,9399.300000003468,18.100000000000122,86.59999999999722,10.500000000000014,0,8.79999999999999,0.2,0,0.0,100.0000000000013
J001555,2023-01-03/WJGK,WJGK,AMR_21,G21_12,WS_8_20,"[""107879""]",1,9279.850000005206,9503.700000001949,9402.900000003416,9279.850000005206,9323.050000004578,9327.100000004519,9392.800000003563,9392.850000003562,9402.850000003416,9402.900000003416,9499.650000002008,9503.700000001949,18.100000000000122,123.09999999999515,12.35000000000004,0,70.04999999999816,0.25,0,28.0,100.00000000000048
J001556,2023-01-03/TJKR,TJKR,AMR_15,G9_1,WS_30_20,"[""110339""]",1,9281.200000005187,9591.60000000067,9493.750000002094,9281.200000005187,9347.400000004223,9351.450000004164,9483.65000000224,9483.70000000224,9493.700000002094,9493.750000002094,9587.550000000729,9591.60000000067,18.100000000000122,204.45000000001224,17.20000000000011,0,70.39999999999814,0.25,0,74.00000000000045,167.99999999999767
J001557,2023-01-03/WAP2,WAP2,AMR_05,G38_8,WS_25_20,"[""123788""]",1,9289.100000005072,9441.850000002849,9368.450000003917,9289.100000005072,9289.100000005072,9293.150000005013,9358.350000004064,9358.400000004063,9368.400000003918,9368.450000003917,9437.800000002908,9441.850000002849,18.100000000000122,95.24999999999673,11.450000000000028,0,27.75000000000026,0.2,0,0.0,108.00000000000053
J001558,2023-01-03/TMMU,TMMU,AMR_27,G9_10,WS_13_20,"[""110227""]",1,9289.500000005066,9542.300000001387,9486.550000002198,9289.500000005066,9427.600000003056,9431.650000002997,9476.450000002345,9476.500000002345,9486.5000000022,9486.550000002198,9538.250000001446,9542.300000001387,18.100000000000122,146.74999999999912,24.850000000000218,0,62.849999999998566,0.25,0,88.00000000000108,64.00000000000045
J001559,2023-01-03/WJGK,WJGK,AMR_18,G20_8,WS_8_20,"[""110536""]",1,9291.700000005034,9515.650000001775,9449.600000002736,9291.700000005034,9367.800000003926,9371.850000003868,9439.500000002883,9439.550000002882,9449.550000002737,9449.600000002736,9511.600000001834,9515.650000001775,18.100000000000122,156.3500000000013,18.200000000000124,0,31.050000000000306,0.25,0,76.00000000000034,104.00000000000125
J001560,2023-01-03/TMMU,TMMU,AMR_04,G23_12,WS_13_20,"[""112087""]",1,9307.700000004801,9627.95000000014,9520.8000000017,9307.700000004801,9443.400000002826,9447.450000002767,9510.700000001847,9510.750000001846,9520.7500000017,9520.8000000017,9623.9000000002,9627.95000000014,18.100000000000122,143.29999999999833,16.250000000000096,0,142.34999999999812,0.25,0,84.00000000000131,76.00000000000051
J001561,2023-01-03/TMKR,TMKR,AMR_01,G6_1,WS_2_20,"[""113203""]",1,9319.000000004637,9469.90000000244,9420.150000003165,9319.000000004637,9347.850000004217,9351.900000004158,9410.050000003312,9410.100000003311,9420.100000003165,9420.150000003165,9465.8500000025,9469.90000000244,18.100000000000122,107.74999999999602,12.400000000000041,0,12.400000000000041,0.25,0,21.999999999999964,104.00000000000176
J001562,2023-01-03/WJGK,WJGK,AMR_31,G17_4,WS_8_20,"[""111218""]",1,9320.20000000462,9542.75000000138,9470.950000002425,9320.20000000462,9356.800000004087,9360.850000004028,9460.850000002572,9460.900000002572,9470.900000002426,9470.950000002425,9538.70000000144,9542.75000000138,18.100000000000122,137.14999999999694,15.250000000000082,0,51.799999999999194,0.25,0,38.0,124.00000000000244
J001563,2023-01-03/TJKR,TJKR,AMR_16,G32_8,WS_30_20,"[""110519"", ""138355""]",2,9324.150000004562,9421.90000000314,9384.350000003686,9324.150000004562,9324.150000004562,9328.200000004503,9374.250000003833,9374.300000003832,9384.300000003686,9384.350000003686,9417.850000003198,9421.90000000314,18.100000000000122,66.24999999999838,11.450000000000028,0,1.7500000000000009,0.2,0,0.0,72.00000000000063
J001564,2023-01-03/TMMU,TMMU,AMR_39,G21_2,WS_13_20,"[""110609""]",1,9327.600000004511,9559.800000001133,9503.750000001948,9327.600000004511,9369.000000003909,9373.05000000385,9493.650000002095,9493.700000002094,9503.700000001949,9503.750000001948,9555.750000001191,9559.800000001133,18.100000000000122,131.2999999999956,14.300000000000068,0,68.24999999999827,0.25,0,31.999999999999996,112.00000000000135
J001565,2023-01-03/TMKR,TMKR,AMR_06,G26_2,WS_2_20,"[""107213""]",1,9333.400000004427,9611.200000000385,9524.050000001653,9333.400000004427,9432.550000002984,9436.600000002925,9513.9500000018,9514.000000001799,9524.000000001653,9524.050000001653,9607.150000000443,9611.200000000385,18.100000000000122,205.05000000001237,19.050000000000136,0,35.35000000000013,0.25,0,68.00000000000054,183.99999999999622
J001566,2023-01-03/TMMU,TMMU,AMR_40,G38_9,WS_13_20,"[""125179""]",1,9352.200000004153,9872.849999996577,9578.55000000086,9352.200000004153,9442.750000002836,9446.800000002777,9568.450000001007,9568.500000001006,9578.50000000086,9578.55000000086,9868.799999996636,9872.849999996577,18.100000000000122,238.05000000001988,34.45000000000018,0,229.800000000018,0.25,0,72.00000000000004,175.99999999999616
J001567,2023-01-03/WTRG,WTRG,AMR_26,G14_7,WS_19_20,"[""110178"", ""110342"", ""124008""]",5,9355.800000004101,9695.599999999156,9551.300000001256,9355.800000004101,9477.800000002326,9481.850000002267,9541.200000001403,9541.250000001402,9551.250000001257,9551.300000001256,9691.549999999215,9695.599999999156,18.100000000000122,144.19999999999854,21.050000000000164,0,156.20000000000127,0.25,0,56.00000000000041,88.00000000000068
J001568,2023-01-03/WTRG,WTRG,AMR_20,G30_2,WS_19_20,"[""107238"", ""110233"", ""134029""]",3,9356.150000004096,9615.200000000326,9516.950000001756,9356.150000004096,9427.35000000306,9431.400000003001,9506.850000001903,9506.900000001902,9516.900000001757,9516.950000001756,9611.150000000385,9615.200000000326,18.100000000000122,155.65000000000114,16.250000000000096,0,68.79999999999824,0.25,0,56.0,124.00000000000107
J001569,2023-01-03/WTRG,WTRG,AMR_11,G21_10,WS_19_20,"[""110357"", ""111276""]",4,9358.000000004069,9535.150000001491,9482.850000002252,9358.000000004069,9394.35000000354,9398.400000003481,9472.7500000024,9472.800000002399,9482.800000002253,9482.850000002252,9531.10000000155,9535.150000001491,18.100000000000122,76.79999999999778,16.200000000000095,0,65.7999999999984,0.25,0,16.0,56.0000000000003
J001570,2023-01-03/WTRG,WTRG,AMR_25,G20_9,WS_19_20,"[""110274"", ""110346""]",2,9359.750000004044,9500.650000001993,9465.8000000025,9359.750000004044,9397.75000000349,9401.800000003432,9455.700000002647,9455.750000002647,9465.750000002501,9465.8000000025,9496.600000002052,9500.650000001993,18.100000000000122,87.0499999999972,13.350000000000055,0,22.15000000000018,0.25,0,31.99999999999996,60.00000000000058
J001571,2023-01-03/WTRG,WTRG,AMR_30,G8_15,WS_19_20,"[""110097"", ""110426""]",3,9360.800000004028,9492.500000002112,9448.500000002752,9360.800000004028,9387.350000003642,9391.400000003583,9438.4000000029,9438.450000002898,9448.450000002753,9448.500000002752,9488.45000000217,9492.500000002112,18.100000000000122,84.44999999999735,12.450000000000042,0,16.4500000000001,0.25,0,22.00000000000003,72.0000000000004
J001572,2023-01-03/TMKR,TMKR,AMR_36,G35_13,WS_2_20,"[""107271""]",1,9365.700000003957,9848.64999999693,9622.100000000226,9365.700000003957,9461.100000002569,9465.15000000251,9612.000000000373,9612.050000000372,9622.050000000227,9622.100000000226,9844.599999996988,9848.64999999693,18.100000000000122,221.80000000001618,23.950000000000205,0,218.8500000000155,0.25,0,70.00000000000004,171.99999999999912
J001573,2023-01-03/WJGK,WJGK,AMR_29,G6_9,WS_8_20,"[""101218""]",2,9371.00000000388,9544.000000001362,9508.200000001883,9371.00000000388,9455.750000002647,9459.800000002588,9498.10000000203,9498.15000000203,9508.150000001884,9508.200000001883,9539.950000001421,9544.000000001362,18.100000000000122,120.09999999999532,18.150000000000123,0,16.400000000000098,0.25,0,68.00000000000088,64.00000000000064
J001574,2023-01-03/TJKR,TJKR,AMR_37,G26_8,WS_30_20,"[""107334""]",1,9375.050000003821,9477.600000002329,9432.350000002987,9375.050000003821,9375.050000003821,9379.100000003762,9422.250000003134,9422.300000003133,9432.300000002988,9432.350000002987,9473.550000002388,9477.600000002329,18.100000000000122,71.49999999999808,11.450000000000028,0,1.3000000000000005,0.2,0,0.0,80.00000000000045
J001575,2023-01-03/TJKR,TJKR,AMR_07,G0_15,WS_30_20,"[""107317""]",1,9375.500000003814,9715.349999998869,9510.900000001844,9375.500000003814,9375.500000003814,9379.550000003755,9500.800000001991,9500.85000000199,9510.850000001845,9510.900000001844,9711.299999998928,9715.349999998869,18.100000000000122,147.1499999999992,11.450000000000028,0,162.9500000000028,0.2,0,0.0,151.99999999999915
J001576,2023-01-03/WTRG,WTRG,AMR_13,G9_12,WS_19_20,"[""110502"", ""124208""]",2,9375.600000003813,9553.300000001227,9499.900000002004,9375.600000003813,9404.800000003388,9408.85000000333,9489.800000002151,9489.85000000215,9499.850000002005,9499.900000002004,9549.250000001286,9553.300000001227,18.100000000000122,95.24999999999673,13.350000000000055,0,50.749999999999254,0.25,0,18.0,80.0000000000006
J001577,2023-01-03/WMTK,WMTK,AMR_10,G23_13,WS_25_20,"[""110394"", ""131590"", ""134660""]",3,9384.800000003679,9543.800000001365,9507.0000000019,9384.800000003679,9458.150000002612,9462.200000002553,9496.900000002048,9496.950000002047,9506.950000001902,9507.0000000019,9539.750000001424,9543.800000001365,18.100000000000122,79.8499999999976,13.350000000000055,0,47.44999999999944,0.25,0,30.0,52.00000000000004
J001578,2023-01-03/WMTK,WMTK,AMR_24,G23_2,WS_25_20,"[""110484"", ""111999"", ""112394""]",3,9390.800000003592,9576.050000000896,9487.250000002188,9390.800000003592,9411.150000003296,9415.200000003237,9477.150000002335,9477.200000002334,9487.200000002189,9487.250000002188,9572.000000000955,9576.050000000896,18.100000000000122,105.19999999999617,18.150000000000123,0,43.54999999999966,0.25,0,10.0,104.00000000000085
J001579,2023-01-03/WMTK,WMTK,AMR_32,G3_10,WS_25_20,"[""101024"", ""107103"", ""107301""]",3,9395.500000003523,10115.749999993042,9898.7499999962,9395.500000003523,9577.500000000875,9581.550000000816,9888.649999996347,9888.699999996346,9898.6999999962,9898.7499999962,10111.699999993101,10115.749999993042,18.100000000000122,267.3500000000265,39.24999999999991,0,395.3000000000556,0.25,0,74.00000000000124,199.99999999999648
J001580,2023-01-03/WMTK,WMTK,AMR_38,G26_6,WS_25_20,"[""109843"", ""138468""]",4,9398.250000003483,9602.55000000051,9561.30000000111,9398.250000003483,9487.350000002187,9491.400000002128,9551.200000001258,9551.250000001257,9561.250000001111,9561.30000000111,9598.50000000057,9602.55000000051,18.100000000000122,139.1999999999974,20.05000000000015,0,26.700000000000244,0.25,0,84.00000000000094,76.00000000000088
J001581,2023-01-03/WMTK,WMTK,AMR_08,G18_2,WS_25_20,"[""101135"", ""131216"", ""140079""]",3,9399.350000003467,9579.25000000085,9471.30000000242,9399.350000003467,9399.350000003467,9403.400000003408,9461.200000002567,9461.250000002567,9471.250000002421,9471.30000000242,9575.200000000908,9579.25000000085,18.100000000000122,112.99999999999572,14.250000000000068,0,34.350000000000186,0.2,0,0.0,120.00000000000094
J001582,2023-01-03/TJKR,TJKR,AMR_12,G15_9,WS_30_20,"[""110313""]",1,9421.250000003149,9820.749999997335,9656.649999999723,9421.250000003149,9575.200000000908,9579.25000000085,9646.54999999987,9646.59999999987,9656.599999999724,9656.649999999723,9816.699999997394,9820.749999997335,18.100000000000122,178.85000000000642,26.850000000000247,0,175.45000000000564,0.25,0,70.00000000000108,116.00000000000028
J001583,2023-01-03/TMMU,TMMU,AMR_16,G32_8,WS_13_20,"[""110519""]",1,9421.950000003138,9633.250000000064,9561.250000001111,9421.950000003138,9421.950000003138,9426.00000000308,9551.150000001258,9551.200000001258,9561.200000001112,9561.250000001111,9629.200000000123,9633.250000000064,18.100000000000122,116.54999999999552,11.450000000000028,0,64.99999999999845,0.2,0,0.0,128.00000000000063
J001584,2023-01-03/WJGK,WJGK,AMR_03,G18_9,WS_8_20,"[""110322""]",1,9427.650000003056,9726.9999999987,9662.149999999643,9427.650000003056,9503.450000001953,9507.500000001894,9652.04999999979,9652.09999999979,9662.099999999644,9662.149999999643,9722.949999998758,9726.9999999987,18.100000000000122,155.9000000000012,18.100000000000122,0,106.99999999999606,0.25,0,70.000000000001,100.00000000000105
J001585,2023-01-03/WMTK,WMTK,AMR_23,G3_12,WS_25_20,"[""107290"", ""112013"", ""112367""]",3,9433.50000000297,9833.399999997151,9717.149999998843,9433.50000000297,9563.650000001076,9567.700000001018,9707.04999999899,9707.099999998989,9717.099999998843,9717.149999998843,9829.34999999721,9833.399999997151,18.100000000000122,220.90000000001598,24.90000000000022,0,135.74999999999662,0.25,0,84.00000000000084,159.9999999999976
J001586,2023-01-03/WTRG,WTRG,AMR_05,G29_8,WS_19_20,"[""110232"", ""110504""]",2,9448.550000002751,9848.54999999693,9684.699999999315,9448.550000002751,9491.000000002134,9495.050000002075,9674.599999999462,9674.649999999461,9684.649999999316,9684.699999999315,9844.49999999699,9848.54999999693,18.100000000000122,152.30000000000038,22.90000000000019,0,206.4500000000127,0.25,0,42.000000000000284,116.00000000000031
J001587,2023-01-03/WJGK,WJGK,AMR_02,G3_1,WS_8_20,"[""101311""]",1,9453.800000002675,9725.849999998716,9678.099999999411,9453.800000002675,9591.60000000067,9595.65000000061,9667.999999999558,9668.049999999557,9678.049999999412,9678.099999999411,9721.799999998775,9725.849999998716,18.100000000000122,173.35000000000517,18.150000000000123,0,62.1999999999986,0.25,0,98.00000000000217,108.00000000000189
J001588,2023-01-03/WTRG,WTRG,AMR_01,G2_2,WS_19_20,"[""110210"", ""127405""]",2,9469.95000000244,9745.349999998432,9593.550000000641,9469.95000000244,9493.700000002094,9497.750000002035,9583.450000000788,9583.500000000788,9593.500000000642,9593.550000000641,9741.299999998491,9745.349999998432,18.100000000000122,141.29999999999788,15.250000000000082,0,100.49999999999643,0.25,0,17.99999999999997,152.0
J001589,2023-01-03/WMTK,WMTK,AMR_35,G14_9,WS_25_20,"[""107238"", ""112288""]",2,9472.100000002409,9860.749999996753,9582.500000000802,9472.100000002409,9472.100000002409,9476.15000000235,9572.40000000095,9572.450000000948,9582.450000000803,9582.500000000802,9856.699999996812,9860.749999996753,18.100000000000122,153.85000000000073,19.050000000000136,0,197.45000000001065,0.2,0,0.0,155.99999999999847
J001590,2023-01-03/WJGK,WJGK,AMR_37,G27_12,WS_8_20,"[""115951""]",1,9477.650000002328,9703.849999999036,9630.000000000111,9477.650000002328,9499.050000002017,9503.100000001958,9619.900000000258,9619.950000000257,9629.950000000112,9630.000000000111,9699.799999999095,9703.849999999036,18.100000000000122,127.14999999999492,16.250000000000096,0,64.44999999999848,0.25,0,14.0,124.00000000000136
J001591,2023-01-03/WTRG,WTRG,AMR_17,G17_12,WS_19_20,"[""110231""]",1,9482.900000002252,9718.549999998822,9610.450000000395,9482.900000002252,9518.05000000174,9522.100000001681,9600.350000000542,9600.400000000542,9610.400000000396,9610.450000000395,9714.499999998881,9718.549999998822,18.100000000000122,71.1499999999981,12.400000000000041,0,133.74999999999616,0.25,0,8.0,56.00000000000023
J001592,2023-01-03/TMMU,TMMU,AMR_14,G26_8,WS_13_20,"[""107334""]",1,9486.600000002198,9962.349999995275,9773.399999998024,9486.600000002198,9530.500000001559,9534.5500000015,9763.299999998171,9763.34999999817,9773.349999998025,9773.399999998024,9958.299999995334,9962.349999995275,18.100000000000122,161.75000000000253,24.850000000000218,0,270.8000000000273,0.25,0,24.0,124.00000000000048
J001593,2023-01-03/WMTK,WMTK,AMR_30,G35_8,WS_25_20,"[""101026"", ""112359""]",2,9492.550000002111,9695.049999999164,9618.700000000275,9492.550000002111,9561.450000001108,9565.50000000105,9608.600000000422,9608.650000000422,9618.650000000276,9618.700000000275,9690.999999999223,9695.049999999164,18.100000000000122,139.29999999999742,14.350000000000069,0,30.5000000000003,0.25,0,76.00000000000067,96.0000000000006
J001594,2023-01-03/WTRG,WTRG,AMR_25,G15_12,WS_19_20,"[""110483""]",1,9500.700000001993,9724.89999999873,9627.500000000147,9500.700000001993,9539.950000001421,9544.000000001362,9617.400000000294,9617.450000000294,9627.450000000148,9627.500000000147,9720.849999998789,9724.89999999873,18.100000000000122,78.84999999999766,13.350000000000055,0,113.64999999999569,0.25,0,16.0,56.00000000000013
J001595,2023-01-03/WMTK,WMTK,AMR_21,G9_13,WS_25_20,"[""112404"", ""131980""]",2,9507.0500000019,10070.149999993706,9914.59999999597,9507.0500000019,9763.899999998162,9767.949999998104,9904.499999996116,9904.549999996116,9914.54999999597,9914.59999999597,10066.099999993765,10070.149999993706,18.100000000000122,236.90000000001962,43.09999999999969,0,264.7500000000259,0.25,0,94.00000000000074,136.0000000000009
J001596,2023-01-03/WJGK,WJGK,AMR_18,G26_9,WS_8_20,"[""110374""]",1,9515.700000001774,10029.449999994298,9822.749999997306,9515.700000001774,9579.550000000845,9583.600000000786,9812.649999997453,9812.699999997452,9822.699999997307,9822.749999997306,10025.399999994357,10029.449999994298,18.100000000000122,172.25000000000492,21.050000000000164,0,302.1000000000344,0.25,0,26.0,147.99999999999957
J001597,2023-01-03/TMMU,TMMU,AMR_19,G3_5,WS_13_20,"[""110339""]",1,9521.350000001692,9658.049999999703,9606.550000000452,9521.350000001692,9521.350000001692,9525.400000001633,9596.4500000006,9596.500000000598,9606.500000000453,9606.550000000452,9653.999999999762,9658.049999999703,18.100000000000122,95.49999999999672,11.450000000000028,0,11.450000000000028,0.2,0,0.0,108.00000000000189
J001598,2023-01-03/WTRG,WTRG,AMR_22,G21_12,WS_19_20,"[""101102""]",1,9525.700000001629,9795.949999997696,9741.549999998488,9525.700000001629,9559.850000001132,9563.900000001073,9731.449999998635,9731.499999998634,9741.499999998488,9741.549999998488,9791.899999997755,9795.949999997696,18.100000000000122,102.19999999999634,18.150000000000123,0,131.54999999999566,0.25,0,18.0,76.0000000000004
J001599,2023-01-03/WJGK,WJGK,AMR_11,G32_12,WS_8_20,"[""138468""]",1,9540.70000000141,10032.549999994253,9899.749999996186,9540.70000000141,9566.750000001031,9570.800000000972,9889.649999996333,9889.699999996332,9899.699999996186,9899.749999996186,10028.499999994312,10032.549999994253,18.100000000000122,165.40000000000336,18.150000000000123,0,289.95000000003165,0.25,0,26.0,151.9999999999989
J001600,2023-01-03/TJKR,TJKR,AMR_27,G9_10,WS_30_20,"[""110227""]",1,9542.350000001386,9929.999999995745,9639.64999999997,9542.350000001386,9542.350000001386,9546.400000001327,9629.550000000118,9629.600000000117,9639.599999999971,9639.64999999997,9925.949999995804,9929.999999995745,18.100000000000122,200.85000000001142,24.850000000000218,0,143.6499999999984,0.2,0,0.0,227.99999999999102
J001601,2023-01-03/WTRG,WTRG,AMR_09,G12_9,WS_19_20,"[""101221"", ""107303""]",2,9551.350000001255,9765.799999998135,9712.199999998915,9551.350000001255,9551.350000001255,9555.400000001197,9702.099999999062,9702.149999999061,9712.149999998916,9712.199999998915,9761.749999998194,9765.799999998135,18.100000000000122,84.79999999999733,13.350000000000055,0,97.99999999999658,0.2,0,0.0,84.00000000000074
J001602,2023-01-03/WMTK,WMTK,AMR_31,G20_8,WS_25_20,"[""107254"", ""135158""]",2,9561.35000000111,9788.449999997805,9653.999999999762,9561.35000000111,9589.250000000704,9593.300000000645,9643.899999999909,9643.949999999908,9653.949999999762,9653.999999999762,9784.399999997864,9788.449999997805,18.100000000000122,100.14999999999645,15.250000000000082,0,93.34999999999684,0.25,0,18.0,84.00000000000031
J001603,2023-01-03/WMTK,WMTK,AMR_24,G38_8,WS_25_20,"[""110703"", ""111276""]",2,9582.550000000801,9788.899999997799,9701.199999999075,9582.550000000801,9620.800000000245,9624.850000000186,9691.099999999222,9691.149999999221,9701.149999999076,9701.199999999075,9784.849999997858,9788.899999997799,18.100000000000122,131.44999999999564,15.250000000000082,0,41.29999999999979,0.25,0,42.000000000000284,108.00000000000053
J001604,2023-01-03/WTRG,WTRG,AMR_29,G6_9,WS_19_20,"[""101109"", ""101218""]",3,9593.60000000064,9825.24999999727,9758.399999998242,9593.60000000064,9593.60000000064,9597.650000000582,9748.29999999839,9748.349999998389,9758.349999998243,9758.399999998242,9821.199999997329,9825.24999999727,18.100000000000122,101.29999999999639,11.450000000000028,0,100.59999999999643,0.2,0,0.0,104.00000000000134
J001605,2023-01-03/WTRG,WTRG,AMR_38,G26_6,WS_19_20,"[""109843"", ""138468""]",2,9610.500000000395,9845.89999999697,9781.049999997913,9610.500000000395,9610.500000000395,9614.550000000336,9770.94999999806,9770.99999999806,9780.999999997914,9781.049999997913,9841.849999997028,9845.89999999697,18.100000000000122,81.44999999999752,11.450000000000028,0,124.19999999999509,0.2,0,0.0,88.00000000000068
J001606,2023-01-03/WMTK,WMTK,AMR_06,G26_2,WS_25_20,"[""107213"", ""110433"", ""121904"", ""123094""]",4,9618.750000000275,9831.799999997174,9685.299999999306,9618.750000000275,9618.750000000275,9622.800000000216,9675.199999999453,9675.249999999452,9685.249999999307,9685.299999999306,9827.749999997233,9831.799999997174,18.100000000000122,109.8499999999959,15.250000000000082,0,69.64999999999819,0.2,0,0.0,116.00000000000122
J001607,2023-01-03/WTRG,WTRG,AMR_13,G11_15,WS_19_20,"[""110484""]",1,9627.550000000147,9868.49999999664,9803.599999997585,9627.550000000147,9646.849999999866,9650.899999999807,9793.499999997732,9793.549999997731,9803.549999997585,9803.599999997585,9864.4499999967,9868.49999999664,18.100000000000122,88.99999999999709,14.350000000000069,0,119.24999999999537,0.25,0,10.0,68.0000000000002
J001608,2023-01-03/WJGK,WJGK,AMR_04,G23_12,WS_8_20,"[""112087""]",1,9630.05000000011,9865.549999996683,9782.949999997885,9630.05000000011,9630.05000000011,9634.100000000051,9772.849999998032,9772.899999998031,9782.899999997886,9782.949999997885,9861.499999996742,9865.549999996683,18.100000000000122,115.74999999999557,14.350000000000069,0,87.0999999999972,0.2,0,0.0,120.00000000000097
J001609,2023-01-03/WJGK,WJGK,AMR_16,G32_8,WS_8_20,"[""101095"", ""110519"", ""138355""]",3,9646.249999999874,9963.899999995252,9806.499999997543,9646.249999999874,9646.249999999874,9650.299999999816,9796.39999999769,9796.449999997689,9806.449999997543,9806.499999997543,9959.849999995311,9963.899999995252,18.100000000000122,146.09999999999897,13.350000000000055,0,139.89999999999756,0.2,0,0.0,152.0000000000007
J001610,2023-01-03/WMTK,WMTK,AMR_10,G21_13,WS_25_20,"[""120257""]",1,9654.049999999761,9862.749999996724,9813.299999997444,9654.049999999761,9671.29999999951,9675.349999999451,9803.19999999759,9803.24999999759,9813.249999997444,9813.299999997444,9858.699999996783,9862.749999996724,18.100000000000122,74.94999999999789,15.350000000000083,0,100.04999999999646,0.25,0,4.0,68.00000000000014
J001611,2023-01-03/TMST,TMST,AMR_20,G35_12,WS_30_20,"[""107327"", ""112059"", ""120448"", ""126832""]",4,9656.699999999722,9858.94999999678,9822.749999997306,9656.699999999722,9760.099999998218,9764.149999998159,9812.649999997453,9812.699999997452,9822.699999997307,9822.749999997306,9854.899999996838,9858.94999999678,18.100000000000122,136.29999999999674,22.000000000000178,0,25.60000000000023,0.25,0,98.00000000000156,56.0000000000003
J001612,2023-01-03/TMST,TMST,AMR_34,G29_12,WS_30_20,"[""101181"", ""124826""]",2,9656.699999999722,9837.049999997098,9805.699999997554,9656.699999999722,9746.19999999842,9750.249999998361,9795.599999997701,9795.6499999977,9805.649999997555,9805.699999997554,9832.999999997157,9837.049999997098,18.100000000000122,90.99999999999697,16.300000000000097,0,54.69999999999903,0.25,0,42.0,52.00000000000023
J001613,2023-01-03/TMST,TMST,AMR_39,G36_12,WS_30_20,"[""110189"", ""110292""]",3,9656.699999999722,9801.549999997615,9754.899999998293,9656.699999999722,9705.399999999014,9709.449999998955,9744.79999999844,9744.84999999844,9754.849999998294,9754.899999998293,9797.499999997674,9801.549999997615,18.100000000000122,106.3499999999961,15.250000000000082,0,4.899999999999991,0.25,0,54.000000000000654,68.00000000000031
J001614,2023-01-03/TMST,TMST,AMR_28,G12_12,WS_30_20,"[""110501"", ""110572""]",2,9656.699999999722,9948.849999995471,9839.799999997058,9656.699999999722,9691.549999999215,9695.599999999156,9829.699999997205,9829.749999997204,9839.749999997059,9839.799999997058,9944.79999999553,9948.849999995471,18.100000000000122,146.6999999999991,19.100000000000136,0,107.999999999996,0.25,0,27.999999999999982,120.0000000000002
J001615,2023-01-03/TMST,TMST,AMR_08,G14_8,WS_30_20,"[""110418"", ""112056""]",2,9656.699999999722,9869.299999996629,9788.7999999978,9656.699999999722,9683.599999999331,9687.649999999272,9778.699999997947,9778.749999997946,9788.7499999978,9788.7999999978,9865.249999996688,9869.299999996629,18.100000000000122,134.19999999999627,15.250000000000082,0,44.79999999999959,0.25,0,24.00000000000002,128.00000000000094
J001616,2023-01-03/TMST,TMST,AMR_15,G20_2,WS_30_20,"[""109989"", ""124207""]",2,9656.699999999722,9848.749999996928,9772.149999998042,9656.699999999722,9685.7499999993,9689.79999999924,9762.04999999819,9762.099999998189,9772.099999998043,9772.149999998042,9844.699999996987,9848.749999996928,18.100000000000122,130.19999999999536,14.250000000000068,0,29.25000000000028,0.25,0,27.999999999999986,128.00000000000153
J001617,2023-01-03/WJGK,WJGK,AMR_19,G21_2,WS_8_20,"[""110609""]",1,9662.199999999642,9964.349999995246,9883.799999996418,9662.199999999642,9711.999999998918,9716.049999998859,9873.699999996565,9873.749999996564,9883.749999996418,9883.799999996418,9960.299999995304,9964.349999995246,18.100000000000122,191.35000000000926,21.000000000000163,0,71.44999999999808,0.25,0,54.00000000000018,179.99999999999622
J001618,2023-01-03/WTRG,WTRG,AMR_30,G26_12,WS_19_20,"[""101146""]",2,9695.099999999164,9900.749999996171,9855.999999996822,9695.099999999164,9808.599999997512,9812.649999997453,9845.89999999697,9845.949999996968,9855.949999996823,9855.999999996822,9896.69999999623,9900.749999996171,18.100000000000122,133.99999999999622,24.850000000000218,0,28.45000000000027,0.25,0,78.00000000000048,64.0000000000003
J001619,2023-01-03/WMTK,WMTK,AMR_26,G18_12,WS_25_20,"[""112340""]",1,9695.649999999156,9875.34999999654,9829.34999999721,9695.649999999156,9733.349999998607,9737.399999998548,9819.249999997357,9819.299999997356,9829.29999999721,9829.34999999721,9871.2999999966,9875.34999999654,18.100000000000122,105.59999999999614,17.20000000000011,0,38.54999999999995,0.25,0,22.0,84.00000000000048
J001620,2023-01-03/TMKR,TMKR,AMR_33,G20_12,WS_2_20,"[""139323""]",1,9702.549999999055,10021.449999994415,9868.749999996637,9702.549999999055,9702.549999999055,9706.599999998996,9858.649999996784,9858.699999996783,9868.699999996637,9868.749999996637,10017.399999994474,10021.449999994415,18.100000000000122,131.2499999999956,15.300000000000082,0,154.05000000000078,0.2,0,0.0,144.00000000000193
J001621,2023-01-03/WJGK,WJGK,AMR_37,G38_13,WS_8_20,"[""107204""]",1,9703.899999999036,9953.199999995408,9867.649999996653,9703.899999999036,9746.099999998421,9750.149999998363,9857.5499999968,9857.599999996799,9867.599999996653,9867.649999996653,9949.149999995467,9953.199999995408,18.100000000000122,161.35000000000244,14.300000000000068,0,55.299999999998995,0.25,0,28.0,155.99999999999838
J001622,2023-01-03/WTRG,WTRG,AMR_07,G23_10,WS_19_20,"[""122556""]",1,9715.399999998868,9946.19999999551,9890.399999996322,9715.399999998868,9818.899999997362,9822.949999997303,9880.299999996469,9880.349999996468,9890.349999996322,9890.399999996322,9942.149999995569,9946.19999999551,18.100000000000122,109.49999999999592,13.300000000000054,0,89.64999999999705,0.25,0,56.00000000000024,60.0000000000003
J001623,2023-01-03/WMTK,WMTK,AMR_17,G29_10,WS_25_20,"[""111833""]",1,9718.599999998822,9931.999999995716,9883.299999996425,9718.599999998822,9833.849999997145,9837.899999997086,9873.199999996572,9873.249999996571,9883.249999996426,9883.299999996425,9927.949999995775,9931.999999995716,18.100000000000122,90.449999999997,13.350000000000055,0,91.24999999999696,0.25,0,28.0,64.00000000000034
J001624,2023-01-03/WMTK,WMTK,AMR_25,G18_10,WS_25_20,"[""107323""]",1,9724.94999999873,9884.549999996407,9845.299999996978,9724.94999999873,9739.649999998515,9743.699999998456,9835.199999997125,9835.249999997124,9845.249999996979,9845.299999996978,9880.499999996466,9884.549999996407,18.100000000000122,91.19999999999696,13.350000000000055,0,36.70000000000005,0.25,0,10.0,80.00000000000034
J001625,2023-01-03/WTRG,WTRG,AMR_03,G18_9,WS_19_20,"[""110322""]",2,9741.599999998487,9872.949999996576,9826.949999997245,9741.599999998487,9741.599999998487,9745.649999998428,9816.849999997392,9816.899999997391,9826.899999997246,9826.949999997245,9868.899999996635,9872.949999996576,18.100000000000122,56.49999999999893,9.55,0,46.99999999999947,0.2,0,0.0,60.00000000000058
J001626,2023-01-03/TMST,TMST,AMR_01,G0_15,WS_30_20,"[""110528"", ""112324"", ""124702""]",3,9754.949999998293,10130.549999992827,10055.39999999392,9754.949999998293,9786.74999999783,9790.799999997771,10045.299999994068,10045.349999994067,10055.349999993921,10055.39999999392,10126.499999992886,10130.549999992827,18.100000000000122,182.7500000000073,17.20000000000011,0,157.30000000000152,0.25,0,29.999999999999996,175.99999999999505
J001627,2023-01-03/WTRG,WTRG,AMR_02,G23_8,WS_19_20,"[""125583""]",1,9758.449999998242,9945.949999995513,9873.34999999657,9758.449999998242,9807.499999997528,9811.549999997469,9863.249999996717,9863.299999996716,9873.29999999657,9873.34999999657,9941.899999995572,9945.949999995513,18.100000000000122,113.04999999999572,15.250000000000082,0,40.84999999999982,0.25,0,58.00000000000051,68.00000000000054
J001628,2023-01-03/TMST,TMST,AMR_09,G12_9,WS_30_20,"[""101221"", ""112386"", ""117431""]",3,9772.199999998042,10022.049999994406,9946.449999995506,9772.199999998042,9772.199999998042,9776.249999997983,9936.349999995653,9936.399999995652,9946.399999995507,9946.449999995506,10017.999999994465,10022.049999994406,18.100000000000122,110.09999999999589,11.450000000000028,0,109.9999999999959,0.2,0,0.0,124.000000000001
J001629,2023-01-03/WJYG,WJYG,AMR_31,G30_2,WS_13_20,"[""107238"", ""110499"", ""126832"", ""134029""]",4,9788.499999997804,10059.499999993861,9922.599999995853,9788.499999997804,9824.149999997286,9828.199999997227,9912.499999996,9912.549999996,9922.549999995854,9922.599999995853,10055.44999999392,10059.499999993861,18.100000000000122,161.6500000000025,18.150000000000123,0,72.849999999998,0.25,0,36.0,147.99999999999855
J001630,2023-01-03/WJYG,WJYG,AMR_24,G35_8,WS_13_20,"[""101026"", ""111376"", ""112359""]",3,9788.949999997798,10117.849999993012,9991.049999994857,9788.949999997798,9823.649999997293,9827.699999997234,9980.949999995004,9980.999999995003,9990.999999994858,9991.049999994857,10113.79999999307,10117.849999993012,18.100000000000122,181.75000000000708,21.000000000000163,0,107.79999999999602,0.25,0,30.0,171.99999999999605
J001631,2023-01-03/WJYG,WJYG,AMR_22,G11_13,WS_13_20,"[""110342"", ""121875""]",2,9795.999999997695,9988.0999999949,9956.949999995353,9795.999999997695,9878.949999996488,9882.99999999643,9946.8499999955,9946.8999999955,9956.899999995354,9956.949999995353,9984.049999994959,9988.0999999949,18.100000000000122,96.79999999999664,16.200000000000095,0,60.749999999998685,0.25,0,46.00000000000021,52.00000000000017
J001632,2023-01-03/WJYG,WJYG,AMR_39,G17_12,WS_13_20,"[""112287"", ""123304""]",3,9801.599999997614,9984.899999994946,9939.899999995601,9801.599999997614,9891.749999996302,9895.799999996243,9929.799999995748,9929.849999995748,9939.849999995602,9939.899999995601,9980.849999995005,9984.899999994946,18.100000000000122,109.19999999999594,16.250000000000096,0,39.49999999999989,0.25,0,62.00000000000023,52.00000000000034
J001633,2023-01-03/WJGK,WJGK,AMR_12,G38_8,WS_8_20,"[""107328""]",1,9820.799999997334,10296.69999999041,10148.699999992563,9820.799999997334,10064.749999993785,10068.799999993726,10138.59999999271,10138.64999999271,10148.649999992564,10148.699999992563,10292.649999990468,10296.69999999041,18.100000000000122,224.30000000001675,21.100000000000165,0,212.150000000014,0.25,0,88.00000000000078,175.99999999999542
J001634,2023-01-03/TMST,TMST,AMR_29,G20_8,WS_30_20,"[""110536"", ""125463""]",2,9825.299999997269,10088.899999993433,10020.899999994423,9825.299999997269,9880.89999999646,9884.949999996401,10010.79999999457,10010.849999994569,10020.849999994423,10020.899999994423,10084.849999993492,10088.899999993433,18.100000000000122,160.95000000000235,19.150000000000137,0,65.14999999999844,0.25,0,62.00000000000068,132.00000000000128
J001635,2023-01-03/WTRG,WTRG,AMR_06,G23_7,WS_19_20,"[""112010""]",1,9831.849999997174,10001.449999994706,9908.149999996063,9831.849999997174,9857.199999996805,9861.249999996746,9898.04999999621,9898.09999999621,9908.099999996064,9908.149999996063,9997.399999994765,10001.449999994706,18.100000000000122,100.9999999999964,17.20000000000011,0,33.05000000000026,0.25,0,20.00000000000002,88.00000000000108
J001636,2023-01-03/WMTK,WMTK,AMR_23,G32_10,WS_25_20,"[""115077""]",1,9833.44999999715,10159.24999999241,10101.599999993248,9833.44999999715,10027.349999994329,10031.39999999427,10091.499999993395,10091.549999993395,10101.549999993249,10101.599999993248,10155.199999992468,10159.24999999241,18.100000000000122,137.34999999999698,13.350000000000055,0,156.7500000000014,0.25,0,62.0,84.0000000000004
J001637,2023-01-03/WJYG,WJYG,AMR_34,G9_12,WS_13_20,"[""110502"", ""124208""]",2,9837.099999997097,10040.99999999413,9973.999999995105,9837.099999997097,9902.799999996141,9906.849999996082,9963.899999995252,9963.949999995251,9973.949999995106,9973.999999995105,10036.949999994189,10040.99999999413,18.100000000000122,124.44999999999507,16.200000000000095,0,44.89999999999959,0.25,0,56.00000000000057,72.00000000000051
J001638,2023-01-03/TMST,TMST,AMR_38,G15_12,WS_30_20,"[""107280"", ""110483""]",2,9845.949999996968,10254.949999991017,10186.449999992014,9845.949999996968,10089.09999999343,10093.149999993371,10176.34999999216,10176.39999999216,10186.399999992014,10186.449999992014,10250.899999991076,10254.949999991017,18.100000000000122,200.65000000001137,28.700000000000273,0,161.30000000000243,0.25,0,106.0000000000004,100.0
J001639,2023-01-03/WJGK,WJGK,AMR_05,G29_8,WS_8_20,"[""110504""]",1,9848.59999999693,10161.749999992373,10085.549999993482,9848.59999999693,9848.59999999693,9852.649999996871,10075.449999993629,10075.499999993628,10085.499999993483,10085.549999993482,10157.699999992432,10161.749999992373,18.100000000000122,143.1499999999983,13.350000000000055,0,138.3499999999972,0.2,0,0.0,163.99999999999764
J001640,2023-01-03/WTRG,WTRG,AMR_36,G3_12,WS_19_20,"[""110561"", ""112013"", ""112367""]",3,9848.699999996928,10200.149999991814,10138.449999992712,9848.699999996928,10069.19999999372,10073.24999999366,10128.349999992859,10128.399999992858,10138.399999992713,10138.449999992712,10196.099999991873,10200.149999991814,18.100000000000122,188.0000000000085,24.800000000000217,0,120.29999999999531,0.25,0,106.00000000000107,104.00000000000135
J001641,2023-01-03/WMTK,WMTK,AMR_15,G29_12,WS_25_20,"[""101181""]",1,9848.799999996927,10076.649999993611,9980.199999995015,9848.799999996927,9937.099999995642,9941.149999995583,9970.099999995162,9970.149999995161,9980.149999995016,9980.199999995015,10072.59999999367,10076.649999993611,18.100000000000122,104.14999999999623,16.250000000000096,0,89.09999999999708,0.25,0,41.999999999999986,56.000000000000156
J001642,2023-01-03/TMST,TMST,AMR_20,G6_9,WS_30_20,"[""112377"", ""134546""]",2,9858.999999996779,10121.749999992955,10038.29999999417,9858.999999996779,9935.14999999567,9939.199999995612,10028.199999994316,10028.249999994316,10038.24999999417,10038.29999999417,10117.699999993014,10121.749999992955,18.100000000000122,190.90000000000916,15.300000000000082,0,38.19999999999997,0.25,0,88.00000000000108,147.99999999999895
J001643,2023-01-03/WTRG,WTRG,AMR_35,G14_9,WS_19_20,"[""101080"", ""112288""]",2,9860.799999996752,9977.949999995048,9925.049999995817,9860.799999996752,9860.799999996752,9864.849999996693,9914.949999995964,9914.999999995964,9924.999999995818,9925.049999995817,9973.899999995107,9977.949999995048,18.100000000000122,71.84999999999806,9.55,0,17.450000000000113,0.2,0,0.0,80.00000000000051
J001644,2023-01-03/WJYG,WJYG,AMR_10,G20_9,WS_13_20,"[""101155"", ""110346""]",2,9862.799999996723,10287.74999999054,10165.39999999232,9862.799999996723,10098.149999993298,10102.19999999324,10155.299999992467,10155.349999992466,10165.34999999232,10165.39999999232,10283.699999990598,10287.74999999054,18.100000000000122,181.400000000007,32.600000000000286,0,192.60000000000954,0.25,0,106.00000000000153,76.00000000000051
J001645,2023-01-03/WMTK,WMTK,AMR_04,G32_9,WS_25_20,"[""101327""]",1,9865.599999996683,10093.749999993363,10009.899999994583,9865.599999996683,9951.949999995426,9955.999999995367,9999.79999999473,9999.849999994729,10009.849999994583,10009.899999994583,10089.699999993421,10093.749999993363,18.100000000000122,107.54999999999603,14.300000000000068,0,87.94999999999715,0.25,0,28.0,80.0000000000006
J001646,2023-01-03/TMST,TMST,AMR_13,G3_9,WS_30_20,"[""110198"", ""125462""]",2,9868.54999999664,10238.149999991261,10134.049999992776,9868.54999999664,9927.049999995788,9931.09999999573,10123.949999992923,10123.999999992922,10133.999999992777,10134.049999992776,10234.09999999132,10238.149999991261,18.100000000000122,201.95000000001167,23.950000000000205,0,125.34999999999502,0.25,0,48.0000000000005,167.99999999999778
J001647,2023-01-03/TSGB,TSGB,AMR_08,G20_2,WS_2_20,"[""109843"", ""110097"", ""110297""]",3,9869.349999996628,10064.99999999378,9992.94999999483,9869.349999996628,9907.499999996073,9911.549999996014,9982.849999994976,9982.899999994976,9992.89999999483,9992.94999999483,10060.94999999384,10064.99999999378,18.100000000000122,158.90000000000188,15.250000000000082,0,3.149999999999997,0.25,0,35.999999999999936,167.99999999999793
J001648,2023-01-03/TSGB,TSGB,AMR_40,G26_6,WS_2_20,"[""110604"", ""138468""]",2,9872.899999996576,10159.649999992404,10062.849999993812,9872.899999996576,9917.34999999593,9921.39999999587,10052.74999999396,10052.799999993958,10062.799999993813,10062.849999993812,10155.599999992462,10159.649999992404,18.100000000000122,199.30000000001107,22.95000000000019,0,46.149999999999515,0.25,0,46.000000000000114,191.99999999999548
J001649,2023-01-03/TSGB,TSGB,AMR_03,G26_2,WS_2_20,"[""107213"", ""110599""]",2,9872.999999996575,10217.249999991565,10126.94999999288,9872.999999996575,9941.99999999557,9946.049999995512,10116.849999993026,10116.899999993026,10126.89999999288,10126.94999999288,10213.199999991624,10217.249999991565,18.100000000000122,207.3000000000129,25.900000000000233,0,92.69999999999688,0.25,0,50.00000000000003,199.99999999999477
J001650,2023-01-03/TSGB,TSGB,AMR_26,G17_9,WS_2_20,"[""112369""]",1,9875.39999999654,10156.099999992455,10080.14999999356,9875.39999999654,9992.399999994837,9996.449999994778,10070.049999993707,10070.099999993707,10080.099999993561,10080.14999999356,10152.049999992514,10156.099999992455,18.100000000000122,146.49999999999906,15.300000000000082,0,100.54999999999643,0.25,0,40.00000000000014,132.00000000000253
J001651,2023-01-03/WJGK,WJGK,AMR_25,G38_9,WS_8_20,"[""140089""]",1,9884.599999996406,10312.099999990185,10101.599999993248,9884.599999996406,9978.49999999504,9982.54999999498,10091.499999993395,10091.549999993395,10101.549999993249,10101.599999993248,10308.049999990244,10312.099999990185,18.100000000000122,207.800000000013,21.000000000000163,0,180.35000000000676,0.25,0,66.00000000000038,171.99999999999656
J001652,2023-01-03/WTRG,WTRG,AMR_30,G23_12,WS_19_20,"[""112087""]",1,9900.79999999617,10156.299999992452,10121.44999999296,9900.79999999617,10077.199999993603,10081.249999993544,10111.349999993106,10111.399999993106,10121.39999999296,10121.44999999296,10152.249999992511,10156.299999992452,18.100000000000122,134.49999999999633,22.90000000000019,0,79.74999999999761,0.25,0,82.00000000000028,52.0000000000003
J001653,2023-01-03/WTRG,WTRG,AMR_27,G15_9,WS_19_20,"[""120778""]",1,9930.049999995745,10114.749999993057,10078.599999993583,9930.049999995745,9971.999999995134,9976.049999995075,10068.49999999373,10068.54999999373,10078.549999993584,10078.599999993583,10110.699999993116,10114.749999993057,18.100000000000122,91.34999999999695,15.250000000000082,0,59.74999999999874,0.25,0,22.0,68.00000000000051
J001654,2023-01-03/WMTK,WMTK,AMR_17,G26_12,WS_25_20,"[""122632""]",1,9932.049999995716,10091.249999993399,10058.24999999388,9932.049999995716,9956.649999995358,9960.699999995299,10048.149999994026,10048.199999994025,10058.19999999388,10058.24999999388,10087.199999993458,10091.249999993399,18.100000000000122,65.54999999999842,13.350000000000055,0,61.94999999999862,0.25,0,10.0,52.0000000000003
J001655,2023-01-03/WTRG,WTRG,AMR_02,G6_12,WS_19_20,"[""112334""]",1,9945.999999995513,10140.299999992685,10095.549999993336,9945.999999995513,10012.599999994543,10016.649999994484,10085.449999993483,10085.499999993483,10095.499999993337,10095.549999993336,10136.249999992744,10140.299999992685,18.100000000000122,132.34999999999584,15.300000000000082,0,28.300000000000267,0.25,0,62.000000000001066,92.00000000000091
J001656,2023-01-03/WJYG,WJYG,AMR_07,G9_10,WS_13_20,"[""110583"", ""112294""]",2,9946.249999995509,10165.39999999232,10120.649999992971,9946.249999995509,10062.099999993823,10066.149999993764,10110.549999993118,10110.599999993117,10120.599999992972,10120.649999992971,10161.349999992379,10165.39999999232,18.100000000000122,136.79999999999686,25.75000000000023,0,38.249999999999964,0.25,0,72.00000000000105,68.0000000000004
J001657,2023-01-03/TSGB,TSGB,AMR_28,G12_12,WS_2_20,"[""112010""]",1,9948.89999999547,10073.099999993663,10017.399999994474,9948.89999999547,9948.89999999547,9952.949999995411,10007.29999999462,10007.34999999462,10017.349999994474,10017.399999994474,10069.049999993722,10073.099999993663,18.100000000000122,71.54999999999808,8.599999999999987,0,25.75000000000023,0.2,0,0.0,84.00000000000114
J001658,2023-01-03/WMTK,WMTK,AMR_37,G18_9,WS_25_20,"[""111303""]",1,9953.249999995407,10190.749999991951,10133.499999992784,9953.249999995407,10039.799999994148,10043.849999994089,10123.399999992931,10123.44999999293,10133.449999992785,10133.499999992784,10186.69999999201,10190.749999991951,18.100000000000122,132.999999999996,17.20000000000011,0,68.94999999999823,0.25,0,60.0000000000005,80.00000000000028
J001659,2023-01-03/WTRG,WTRG,AMR_14,G26_8,WS_19_20,"[""107334""]",1,9962.399999995274,10080.099999993561,10027.94999999432,9962.399999995274,9962.399999995274,9966.449999995215,10017.849999994467,10017.899999994466,10027.89999999432,10027.94999999432,10076.04999999362,10080.099999993561,18.100000000000122,78.74999999999767,13.350000000000055,0,7.299999999999982,0.2,0,0.0,80.00000000000037
J001660,2023-01-03/WJYG,WJYG,AMR_16,G32_8,WS_13_20,"[""107312"", ""110519"", ""138355""]",3,9963.949999995251,10169.749999992257,10058.999999993868,9963.949999995251,9963.949999995251,9967.999999995192,10048.899999994015,10048.949999994014,10058.949999993869,10058.999999993868,10165.699999992315,10169.749999992257,18.100000000000122,117.79999999999545,13.350000000000055,0,56.349999999998936,0.2,0,0.0,128.00000000000065
J001661,2023-01-03/TMST,TMST,AMR_19,G32_15,WS_30_20,"[""111237""]",1,9964.399999995245,10098.249999993297,10072.449999993672,9964.399999995245,10017.69999999447,10021.74999999441,10062.34999999382,10062.399999993819,10072.399999993673,10072.449999993672,10094.199999993356,10098.249999993297,18.100000000000122,75.94999999999783,10.450000000000014,0,29.10000000000028,0.25,0,48.00000000000021,32.0
J001662,2023-01-03/WJYG,WJYG,AMR_35,G23_9,WS_13_20,"[""107207"", ""114899""]",2,9977.999999995047,10245.249999991158,10186.599999992011,9977.999999995047,10086.049999993475,10090.099999993416,10176.499999992158,10176.549999992158,10186.549999992012,10186.599999992011,10241.199999991217,10245.249999991158,18.100000000000122,146.94999999999916,24.95000000000022,0,76.99999999999777,0.25,0,70.00000000000063,88.0000000000008
J001663,2023-01-03/WMTK,WMTK,AMR_39,G17_12,WS_25_20,"[""112287""]",1,9984.949999994946,10158.199999992425,10117.549999993016,9984.949999994946,9984.949999994946,9988.999999994887,10107.449999993163,10107.499999993162,10117.499999993017,10117.549999993016,10154.149999992484,10158.199999992425,18.100000000000122,76.09999999999782,9.5,0,69.3499999999982,0.2,0,0.0,80.0000000000002
J001664,2023-01-03/TSGB,TSGB,AMR_22,G11_2,WS_2_20,"[""110569""]",1,9988.1499999949,10242.599999991196,10182.399999992072,9988.1499999949,10116.399999993033,10120.449999992974,10172.29999999222,10172.349999992219,10182.349999992073,10182.399999992072,10238.549999991255,10242.599999991196,18.100000000000122,145.69999999999888,15.250000000000082,0,75.14999999999787,0.25,0,50.0000000000005,120.00000000000247
J001665,2023-01-03/WJYG,WJYG,AMR_06,G15_2,WS_13_20,"[""110448"", ""134027""]",2,10001.499999994705,10143.099999992644,10093.099999993372,10001.499999994705,10032.649999994252,10036.699999994193,10082.999999993519,10083.049999993518,10093.049999993373,10093.099999993372,10139.049999992703,10143.099999992644,18.100000000000122,101.29999999999639,16.250000000000096,0,5.699999999999988,0.25,0,25.999999999999996,88.00000000000126
J001666,2023-01-03/WMTK,WMTK,AMR_33,G20_12,WS_25_20,"[""125639"", ""139323""]",3,10021.499999994414,10122.549999992943,10085.599999993481,10021.499999994414,10021.499999994414,10025.549999994355,10075.499999993628,10075.549999993627,10085.549999993482,10085.599999993481,10118.499999993002,10122.549999992943,18.100000000000122,64.34999999999849,8.549999999999986,0,9.850000000000005,0.2,0,0.0,68.00000000000026
J001667,2023-01-03/TSGB,TSGB,AMR_09,G21_2,WS_2_20,"[""110609""]",1,10022.099999994405,10325.49999998999,10247.349999991127,10022.099999994405,10121.699999992956,10125.749999992897,10237.249999991274,10237.299999991274,10247.299999991128,10247.349999991127,10321.449999990049,10325.49999998999,18.100000000000122,191.1000000000092,20.00000000000015,0,73.94999999999794,0.25,0,68.00000000000094,163.99999999999878
J001668,2023-01-03/WTRG,WTRG,AMR_18,G5_10,WS_19_20,"[""122814""]",1,10029.499999994297,10243.349999991186,10192.099999991931,10029.499999994297,10125.049999992907,10129.099999992848,10181.999999992078,10182.049999992078,10192.049999991932,10192.099999991931,10239.299999991244,10243.349999991186,18.100000000000122,167.3500000000038,23.850000000000204,0,4.299999999999993,0.25,0,92.00000000000162,104.00000000000128
J001669,2023-01-03/TMST,TMST,AMR_11,G29_13,WS_30_20,"[""111349""]",1,10032.599999994252,10146.599999992593,10116.949999993025,10032.599999994252,10064.249999993792,10068.299999993733,10106.849999993172,10106.899999993171,10116.899999993026,10116.949999993025,10142.549999992652,10146.599999992593,18.100000000000122,66.54999999999836,15.300000000000082,0,13.800000000000061,0.25,0,16.0,48.00000000000013
J001670,2023-01-03/WJYG,WJYG,AMR_34,G23_2,WS_13_20,"[""110357"", ""110484""]",3,10041.04999999413,10315.19999999014,10241.599999991211,10041.04999999413,10138.699999992708,10142.74999999265,10231.499999991358,10231.549999991357,10241.549999991212,10241.599999991211,10311.149999990199,10315.19999999014,18.100000000000122,149.14999999999966,18.150000000000123,0,88.49999999999712,0.25,0,52.000000000000185,124.00000000000168
J001671,2023-01-03/WMTK,WMTK,AMR_31,G26_9,WS_25_20,"[""112381""]",1,10059.54999999386,10213.049999991626,10149.449999992552,10059.54999999386,10088.749999993435,10092.799999993376,10139.349999992699,10139.399999992698,10149.399999992553,10149.449999992552,10208.999999991685,10213.049999991626,18.100000000000122,89.74999999999704,14.350000000000069,0,31.050000000000306,0.25,0,25.999999999999996,64.00000000000034
J001672,2023-01-03/TSGB,TSGB,AMR_08,G29_14,WS_2_20,"[""107344""]",1,10065.04999999378,10571.849999986405,10481.349999987722,10065.04999999378,10324.349999990007,10328.399999989948,10471.24999998787,10471.299999987868,10481.299999987723,10481.349999987722,10567.799999986464,10571.849999986405,18.100000000000122,286.45000000003085,30.6500000000003,0,171.3500000000047,0.25,0,185.9999999999977,136.00000000000117
J001673,2023-01-03/TMST,TMST,AMR_21,G23_14,WS_30_20,"[""110398""]",1,10070.199999993705,10296.499999990412,10250.749999991078,10070.199999993705,10135.549999992754,10139.599999992695,10240.649999991225,10240.699999991224,10250.699999991079,10250.749999991078,10292.449999990471,10296.499999990412,18.100000000000122,138.44999999999723,23.000000000000192,0,46.499999999999496,0.25,0,46.00000000000004,104.00000000000009
J001674,2023-01-03/TMST,TMST,AMR_28,G29_10,WS_30_20,"[""124896""]",1,10073.149999993662,10253.34999999104,10219.849999991528,10073.149999993662,10131.69999999281,10135.749999992751,10209.749999991674,10209.799999991674,10219.799999991528,10219.849999991528,10249.299999991099,10253.34999999104,18.100000000000122,94.34999999999678,14.300000000000068,0,53.199999999999115,0.25,0,38.0,56.00000000000041
J001675,2023-01-03/WTRG,WTRG,AMR_15,G9_13,WS_19_20,"[""131980""]",1,10076.69999999361,10319.549999990077,10276.449999990704,10076.69999999361,10208.999999991685,10213.049999991626,10266.34999999085,10266.39999999085,10276.399999990705,10276.449999990704,10315.499999990136,10319.549999990077,18.100000000000122,155.15000000000103,22.90000000000019,0,46.4499999999995,0.25,0,90.00000000000082,76.00000000000031
J001676,2023-01-03/WJYG,WJYG,AMR_14,G26_8,WS_13_20,"[""107334"", ""110555""]",2,10080.14999999356,10264.499999990878,10148.449999992567,10080.14999999356,10080.14999999356,10084.199999993501,10138.349999992713,10138.399999992713,10148.399999992567,10148.449999992567,10260.449999990937,10264.499999990878,18.100000000000122,97.14999999999662,11.450000000000028,0,57.44999999999887,0.2,0,0.0,104.00000000000068
J001677,2023-01-03/WMTK,WMTK,AMR_29,G29_7,WS_25_20,"[""111379""]",1,10088.949999993432,10282.699999990613,10202.149999991785,10088.949999993432,10142.549999992652,10146.599999992593,10192.049999991932,10192.099999991931,10202.099999991786,10202.149999991785,10278.649999990672,10282.699999990613,18.100000000000122,108.44999999999598,17.20000000000011,0,49.74999999999931,0.25,0,36.000000000000036,76.00000000000063
J001678,2023-01-03/TSGB,TSGB,AMR_17,G26_12,WS_2_20,"[""118518""]",1,10091.299999993398,10320.899999990057,10230.299999991375,10091.299999993398,10091.299999993398,10095.34999999334,10220.199999991522,10220.249999991522,10230.249999991376,10230.299999991375,10316.849999990116,10320.899999990057,18.100000000000122,120.94999999999527,9.55,0,80.79999999999755,0.2,0,0.0,132.00000000000156
J001679,2023-01-03/TMST,TMST,AMR_04,G29_9,WS_30_20,"[""107330""]",1,10093.799999993362,10237.699999991268,10202.949999991773,10093.799999993362,10125.249999992904,10129.299999992845,10192.84999999192,10192.89999999192,10202.899999991774,10202.949999991773,10233.649999991327,10237.699999991268,18.100000000000122,78.89999999999766,15.300000000000082,0,31.35000000000031,0.25,0,18.0,64.0000000000005
J001680,2023-01-03/WTRG,WTRG,AMR_19,G35_12,WS_19_20,"[""107327""]",1,10098.299999993296,10274.69999999073,10209.99999999167,10098.299999993296,10122.549999992943,10126.599999992884,10199.899999991818,10199.949999991817,10209.949999991672,10209.99999999167,10270.649999990788,10274.69999999073,18.100000000000122,110.74999999999585,12.35000000000004,0,34.95000000000015,0.25,0,20.0,100.00000000000027
J001681,2023-01-03/WMTK,WMTK,AMR_27,G12_13,WS_25_20,"[""107326""]",1,10114.799999993056,10309.499999990223,10234.14999999132,10114.799999993056,10141.449999992668,10145.49999999261,10224.049999991466,10224.099999991466,10234.09999999132,10234.14999999132,10305.449999990282,10309.499999990223,18.100000000000122,106.3999999999961,15.300000000000082,0,54.64999999999903,0.25,0,18.0,88.00000000000014
J001682,2023-01-03/WJYG,WJYG,AMR_32,G20_2,WS_13_20,"[""109843"", ""110097""]",2,10115.799999993042,10373.099999989297,10300.699999990351,10115.799999993042,10178.799999992125,10182.849999992066,10290.599999990498,10290.649999990497,10300.649999990352,10300.699999990351,10369.049999989356,10373.099999989297,18.100000000000122,153.90000000000074,17.20000000000011,0,67.84999999999829,0.25,0,70.00000000000111,104.00000000000124
J001683,2023-01-03/WMTK,WMTK,AMR_24,G38_13,WS_25_20,"[""107204""]",1,10117.899999993011,10283.349999990603,10218.199999991552,10117.899999993011,10145.849999992604,10149.899999992545,10208.099999991698,10208.149999991698,10218.149999991552,10218.199999991552,10279.299999990662,10283.349999990603,18.100000000000122,102.04999999999634,15.300000000000082,0,29.750000000000288,0.25,0,20.0,88.00000000000021
J001684,2023-01-03/WTRG,WTRG,AMR_20,G20_8,WS_19_20,"[""107254""]",1,10121.799999992954,10341.749999989754,10293.549999990455,10121.799999992954,10194.649999991894,10198.699999991835,10283.449999990602,10283.499999990601,10293.499999990456,10293.549999990455,10337.699999989813,10341.749999989754,18.100000000000122,122.59999999999518,19.150000000000137,0,59.84999999999874,0.25,0,70.00000000000091,64.0000000000006
J001685,2023-01-03/TSGB,TSGB,AMR_33,G20_12,WS_2_20,"[""125639""]",1,10122.599999992943,10289.399999990515,10213.399999991621,10122.599999992943,10122.599999992943,10126.649999992884,10203.299999991768,10203.349999991768,10213.349999991622,10213.399999991621,10285.349999990574,10289.399999990515,18.100000000000122,98.19999999999656,8.599999999999987,0,41.69999999999977,0.2,0,0.0,112.00000000000159
J001686,2023-01-03/TMST,TMST,AMR_01,G3_10,WS_30_20,"[""107103"", ""107398""]",2,10130.599999992826,10462.399999987998,10290.749999990496,10130.599999992826,10160.949999992385,10164.999999992326,10280.649999990643,10280.699999990642,10290.699999990497,10290.749999990496,10458.349999988057,10462.399999987998,18.100000000000122,158.25000000000173,14.300000000000068,0,140.8999999999978,0.25,0,15.999999999999993,155.99999999999835
J001687,2023-01-03/WMTK,WMTK,AMR_02,G14_10,WS_25_20,"[""110422""]",1,10140.349999992684,10324.599999990003,10257.099999990985,10140.349999992684,10177.449999992145,10181.499999992086,10246.999999991132,10247.049999991132,10257.049999990986,10257.099999990985,10320.549999990062,10324.599999990003,18.100000000000122,108.34999999999599,14.250000000000068,0,43.29999999999968,0.25,0,20.0,92.00000000000034
J001688,2023-01-03/WTRG,WTRG,AMR_06,G38_15,WS_19_20,"[""112372""]",1,10143.149999992644,10447.649999988213,10378.39999998922,10143.149999992644,10265.649999990861,10269.699999990802,10368.299999989367,10368.349999989367,10378.349999989221,10378.39999998922,10443.599999988272,10447.649999988213,18.100000000000122,168.200000000004,19.150000000000137,0,98.79999999999653,0.25,0,96.00000000000091,100.00000000000001
J001689,2023-01-03/WJYG,WJYG,AMR_11,G35_10,WS_13_20,"[""111367"", ""117025""]",2,10146.649999992593,10368.549999989364,10283.399999990603,10146.649999992593,10185.149999992032,10189.199999991974,10273.29999999075,10273.349999990749,10283.349999990603,10283.399999990603,10364.499999989423,10368.549999989364,18.100000000000122,142.7499999999982,14.300000000000068,0,46.499999999999496,0.25,0,22.0,132.00000000000063
J001690,2023-01-03/WRAU,WRAU,AMR_26,G29_6,WS_8_20,"[""110166"", ""110189"", ""110543"", ""121745"", ""131653"", ""134028""]",6,10156.149999992454,10551.5999999867,10388.999999989066,10156.149999992454,10218.199999991552,10222.249999991493,10378.899999989213,10378.949999989212,10388.949999989067,10388.999999989066,10547.549999986759,10551.5999999867,18.100000000000122,185.65000000000796,24.850000000000218,0,166.60000000000363,0.25,0,46.000000000000114,159.99999999999758
J001691,2023-01-03/WRAU,WRAU,AMR_30,G14_9,WS_8_20,"[""101080"", ""107238"", ""110262"", ""112288"", ""112332""]",5,10156.349999992452,10322.599999990032,10260.449999990937,10156.349999992452,10203.749999991762,10207.799999991703,10250.349999991084,10250.399999991083,10260.399999990937,10260.449999990937,10318.549999990091,10322.599999990032,18.100000000000122,94.0499999999968,15.300000000000082,0,38.54999999999995,0.25,0,28.0,76.00000000000114
J001692,2023-01-03/WRAU,WRAU,AMR_39,G14_7,WS_8_20,"[""101329"", ""110178"", ""110342"", ""120450"", ""124008""]",9,10158.249999992424,10353.04999998959,10276.499999990703,10158.249999992424,10189.49999999197,10193.54999999191,10266.39999999085,10266.44999999085,10276.449999990704,10276.499999990703,10348.999999989648,10353.04999998959,18.100000000000122,106.59999999999609,15.250000000000082,0,54.599999999999035,0.25,0,20.00000000000003,84.00000000000071
J001693,2023-01-03/WRAU,WRAU,AMR_23,G8_15,WS_8_20,"[""110097"", ""110426"", ""110475""]",4,10159.299999992409,10325.049999989997,10292.449999990471,10159.299999992409,10240.94999999122,10244.999999991162,10282.349999990618,10282.399999990617,10292.399999990472,10292.449999990471,10320.999999990056,10325.049999989997,18.100000000000122,97.99999999999658,12.400000000000041,0,37.000000000000036,0.25,0,70.00000000000068,36.000000000000014
J001694,2023-01-03/WMTK,WMTK,AMR_40,G12_9,WS_25_20,"[""120779""]",1,10159.699999992403,10425.899999988529,10351.349999989614,10159.699999992403,10256.549999990993,10260.599999990935,10341.24999998976,10341.29999998976,10351.299999989615,10351.349999989614,10421.849999988588,10425.899999988529,18.100000000000122,154.65000000000092,21.050000000000164,0,72.14999999999804,0.25,0,74.000000000001,104.00000000000048
J001695,2023-01-03/WRAU,WRAU,AMR_05,G11_10,WS_8_20,"[""110233"", ""112203"", ""124403""]",3,10161.799999992372,10391.349999989032,10350.19999998963,10161.799999992372,10299.049999990375,10303.099999990316,10340.099999989778,10340.149999989777,10350.149999989631,10350.19999998963,10387.29999998909,10391.349999989032,18.100000000000122,122.44999999999519,18.150000000000123,0,70.59999999999813,0.25,0,72.0000000000006,60.0000000000006
J001696,2023-01-03/WJYG,WJYG,AMR_07,G12_12,WS_13_20,"[""112010""]",1,10165.44999999232,10289.849999990509,10258.89999999096,10165.44999999232,10184.299999992045,10188.349999991986,10248.799999991106,10248.849999991106,10258.84999999096,10258.89999999096,10285.799999990568,10289.849999990509,18.100000000000122,60.19999999999872,11.400000000000027,0,34.45000000000018,0.25,0,10.0,48.0000000000003
J001697,2023-01-03/TSGB,TSGB,AMR_16,G32_8,WS_2_20,"[""110519"", ""138355""]",2,10169.799999992256,10384.59999998913,10287.74999999054,10169.799999992256,10169.799999992256,10173.849999992197,10277.649999990686,10277.699999990686,10287.69999999054,10287.74999999054,10380.549999989189,10384.59999998913,18.100000000000122,144.64999999999864,9.55,0,42.299999999999734,0.2,0,0.0,171.99999999999628
J001698,2023-01-03/TMST,TMST,AMR_37,G17_12,WS_30_20,"[""110540"", ""112287""]",3,10190.79999999195,10463.099999987988,10364.399999989424,10190.79999999195,10257.49999999098,10261.54999999092,10354.299999989571,10354.34999998957,10364.349999989425,10364.399999989424,10459.049999988047,10463.099999987988,18.100000000000122,132.0999999999958,15.300000000000082,0,106.54999999999609,0.25,0,32.0,100.00000000000017
J001699,2023-01-03/WTRG,WTRG,AMR_36,G32_10,WS_19_20,"[""107176""]",1,10200.199999991813,10479.199999987753,10420.099999988613,10200.199999991813,10320.949999990056,10324.999999989997,10409.99999998876,10410.04999998876,10420.049999988614,10420.099999988613,10475.149999987812,10479.199999987753,18.100000000000122,158.00000000000168,15.200000000000081,0,87.44999999999717,0.25,0,86.0000000000006,96.00000000000048
J001700,2023-01-03/WMTK,WMTK,AMR_31,G9_10,WS_25_20,"[""110583"", ""112294""]",2,10213.099999991626,10563.94999998652,10483.449999987692,10213.099999991626,10385.24999998912,10389.299999989062,10473.349999987839,10473.399999987838,10483.399999987692,10483.449999987692,10559.89999998658,10563.94999998652,18.100000000000122,219.40000000001564,30.6000000000003,0,82.49999999999746,0.25,0,120.00000000000188,112.00000000000077
J001701,2023-01-03/WJYG,WJYG,AMR_03,G3_12,WS_13_20,"[""110386"", ""110561""]",2,10217.299999991565,10408.099999988788,10345.099999989705,10217.299999991565,10282.049999990622,10286.099999990563,10334.999999989852,10335.049999989851,10345.049999989706,10345.099999989705,10404.049999988847,10408.099999988788,18.100000000000122,131.89999999999574,14.300000000000068,0,26.250000000000238,0.25,0,66.00000000000118,80.00000000000084
J001702,2023-01-03/TSGB,TSGB,AMR_04,G29_8,WS_2_20,"[""101012""]",1,10237.749999991267,10508.499999987327,10403.14999998886,10237.749999991267,10242.049999991204,10246.099999991146,10393.049999989007,10393.099999989006,10403.09999998886,10403.14999998886,10504.449999987386,10508.499999987327,18.100000000000122,163.10000000000284,11.400000000000027,0,77.89999999999772,0.25,0,2.0,191.99999999999486
J001703,2023-01-03/TMST,TMST,AMR_13,G23_12,WS_30_20,"[""125194""]",1,10238.19999999126,10485.64999998766,10443.04999998828,10238.19999999126,10369.099999989356,10373.149999989297,10432.949999988426,10432.999999988426,10442.99999998828,10443.04999998828,10481.599999987719,10485.64999998766,18.100000000000122,143.39999999999836,22.95000000000019,0,62.74999999999857,0.25,0,78.00000000000068,76.00000000000023
J001704,2023-01-03/WMTK,WMTK,AMR_22,G9_8,WS_25_20,"[""107225""]",1,10242.649999991196,10469.249999987898,10367.249999989383,10242.649999991196,10262.399999990908,10266.44999999085,10357.14999998953,10357.199999989529,10367.199999989383,10367.249999989383,10465.199999987957,10469.249999987898,18.100000000000122,126.14999999999498,13.400000000000055,0,68.69999999999824,0.25,0,16.0,120.00000000000045
J001705,2023-01-03/WTRG,WTRG,AMR_18,G38_12,WS_19_20,"[""113194""]",1,10243.399999991185,10572.2499999864,10499.749999987454,10243.399999991185,10431.599999988446,10435.649999988387,10489.649999987601,10489.6999999876,10499.699999987455,10499.749999987454,10568.199999986458,10572.2499999864,18.100000000000122,196.3500000000104,23.900000000000205,0,90.24999999999702,0.25,0,106.00000000000054,112.0000000000003
J001706,2023-01-03/WJYG,WJYG,AMR_35,G6_12,WS_13_20,"[""110468""]",1,10245.299999991157,10445.949999988237,10385.99999998911,10245.299999991157,10332.649999989886,10336.699999989827,10375.899999989257,10375.949999989256,10385.94999998911,10385.99999998911,10441.899999988296,10445.949999988237,18.100000000000122,131.39999999999563,19.100000000000136,0,31.800000000000317,0.25,0,80.00000000000139,68.00000000000048
J001707,2023-01-03/TSGB,TSGB,AMR_28,G32_9,WS_2_20,"[""107333""]",1,10253.39999999104,10604.949999985924,10498.69999998747,10253.39999999104,10272.149999990766,10276.199999990708,10488.599999987617,10488.649999987616,10498.64999998747,10498.69999998747,10600.899999985983,10604.949999985924,18.100000000000122,172.600000000005,19.050000000000136,0,141.54999999999794,0.25,0,12.0,171.9999999999973
J001708,2023-01-03/TMST,TMST,AMR_38,G21_12,WS_30_20,"[""112073""]",1,10254.999999991016,10440.24999998832,10398.599999988926,10254.999999991016,10302.549999990324,10306.599999990265,10388.499999989073,10388.549999989073,10398.549999988927,10398.599999988926,10436.19999998838,10440.24999998832,18.100000000000122,96.69999999999665,15.300000000000082,0,54.89999999999902,0.25,0,20.0,80.0000000000002
J001709,2023-01-03/WMTK,WMTK,AMR_14,G3_9,WS_25_20,"[""110153""]",1,10264.549999990877,10781.399999983356,10531.149999986997,10264.549999990877,10324.049999990011,10328.099999989952,10521.049999987144,10521.099999987144,10531.099999986998,10531.149999986997,10777.349999983415,10781.399999983356,18.100000000000122,250.10000000002262,32.450000000000294,0,215.95000000001485,0.25,0,68.00000000000138,203.99999999999523
J001710,2023-01-03/WRAU,WRAU,AMR_19,G15_12,WS_8_20,"[""107280"", ""110483"", ""117432""]",3,10274.749999990729,10517.649999987194,10437.099999988366,10274.749999990729,10369.699999989347,10373.749999989288,10426.999999988513,10427.049999988512,10437.049999988367,10437.099999988366,10513.599999987253,10517.649999987194,18.100000000000122,125.99999999999498,16.200000000000095,0,82.34999999999746,0.25,0,56.00000000000023,76.00000000000068
J001711,2023-01-03/WJYG,WJYG,AMR_29,G3_15,WS_13_20,"[""112040""]",1,10282.749999990612,10555.599999986642,10521.749999987134,10282.749999990612,10443.999999988266,10448.049999988207,10511.649999987281,10511.69999998728,10521.699999987135,10521.749999987134,10551.5499999867,10555.599999986642,18.100000000000122,171.20000000000468,22.05000000000018,0,61.24999999999866,0.25,0,140.00000000000136,68.00000000000077
J001712,2023-01-03/TSGB,TSGB,AMR_24,G26_8,WS_2_20,"[""110186""]",1,10283.399999990603,10608.449999985873,10515.749999987222,10283.399999990603,10344.949999989707,10348.999999989648,10505.649999987369,10505.699999987368,10515.699999987222,10515.749999987222,10604.399999985932,10608.449999985873,18.100000000000122,204.2500000000122,21.000000000000163,0,81.44999999999752,0.25,0,58.00000000000031,183.99999999999594
J001713,2023-01-03/TMST,TMST,AMR_10,G35_8,WS_30_20,"[""101065""]",1,10287.799999990539,10528.099999987042,10486.34999998765,10287.799999990539,10426.599999988519,10430.64999998846,10476.249999987796,10476.299999987796,10486.29999998765,10486.34999998765,10524.0499999871,10528.099999987042,18.100000000000122,157.05000000000146,23.000000000000192,0,41.89999999999976,0.25,0,100.0000000000009,72.00000000000067
J001714,2023-01-03/WTRG,WTRG,AMR_33,G20_12,WS_19_20,"[""125639""]",1,10289.449999990515,10420.649999988605,10334.199999989863,10289.449999990515,10289.449999990515,10293.499999990456,10324.09999999001,10324.14999999001,10334.149999989864,10334.199999989863,10416.599999988664,10420.649999988605,18.100000000000122,50.09999999999929,8.549999999999986,0,54.249999999999055,0.2,0,0.0,48.00000000000023
J001715,2023-01-03/WMTK,WMTK,AMR_07,G6_1,WS_25_20,"[""110514""]",1,10289.899999990508,10552.349999986689,10429.99999998847,10289.899999990508,10333.249999989877,10337.299999989818,10419.899999988616,10419.949999988616,10429.94999998847,10429.99999998847,10548.299999986748,10552.349999986689,18.100000000000122,177.9500000000062,22.80000000000019,0,43.349999999999675,0.25,0,34.000000000000014,171.99999999999667
J001716,2023-01-03/WRAU,WRAU,AMR_21,G20_9,WS_8_20,"[""101290"", ""110274"", ""110597""]",4,10296.549999990411,10491.79999998757,10415.199999988685,10296.549999990411,10349.649999989639,10353.69999998958,10405.099999988832,10405.149999988831,10415.149999988686,10415.199999988685,10487.749999987629,10491.79999998757,18.100000000000122,133.9499999999962,17.20000000000011,0,25.75000000000023,0.25,0,44.00000000000024,100.00000000000108
J001717,2023-01-03/WJYG,WJYG,AMR_12,G6_10,WS_13_20,"[""124210""]",1,10296.749999990408,10496.799999987497,10443.299999988276,10296.749999990408,10377.04999998924,10381.099999989181,10433.199999988423,10433.249999988422,10443.249999988277,10443.299999988276,10492.749999987556,10496.799999987497,18.100000000000122,141.09999999999783,15.250000000000082,0,25.350000000000225,0.25,0,88.00000000000128,76.0000000000008
J001718,2023-01-03/TSGB,TSGB,AMR_27,G35_12,WS_2_20,"[""111220""]",1,10309.549999990222,10713.349999984346,10573.499999986381,10309.549999990222,10433.699999988416,10437.749999988357,10563.399999986528,10563.449999986527,10573.449999986382,10573.499999986381,10709.299999984405,10713.349999984346,18.100000000000122,236.50000000001953,24.90000000000022,0,124.0499999999951,0.25,0,100.00000000000108,167.99999999999883
J001719,2023-01-03/TMST,TMST,AMR_25,G38_9,WS_30_20,"[""101182"", ""110526"", ""140089""]",3,10312.149999990184,10425.599999988533,10381.549999989174,10312.149999990184,10312.149999990184,10316.199999990125,10371.449999989321,10371.49999998932,10381.499999989175,10381.549999989174,10421.549999988592,10425.599999988533,18.100000000000122,72.849999999998,11.450000000000028,0,10.85000000000002,0.2,0,0.0,80.0000000000005
J001720,2023-01-03/WTRG,WTRG,AMR_34,G38_8,WS_19_20,"[""123788""]",1,10315.24999999014,10608.049999985878,10516.849999987206,10315.24999999014,10380.699999989187,10384.749999989128,10506.749999987353,10506.799999987352,10516.799999987206,10516.849999987206,10603.999999985937,10608.049999985878,18.100000000000122,170.15000000000444,19.050000000000136,0,85.2499999999973,0.25,0,54.00000000000013,128.0000000000005
J001721,2023-01-03/WRAU,WRAU,AMR_15,G23_2,WS_8_20,"[""110286"", ""110357"", ""110362"", ""110385"", ""111999""]",5,10319.599999990076,10689.999999984686,10536.649999986917,10319.599999990076,10392.249999989019,10396.29999998896,10526.549999987064,10526.599999987064,10536.599999986918,10536.649999986917,10685.949999984745,10689.999999984686,18.100000000000122,210.55000000001363,25.80000000000023,0,115.69999999999557,0.25,0,58.00000000000035,179.99999999999753
J001722,2023-01-03/WJYG,WJYG,AMR_17,G6_9,WS_13_20,"[""101218""]",1,10320.949999990056,10709.499999984402,10660.399999985117,10320.949999990056,10560.199999986575,10564.249999986516,10650.299999985264,10650.349999985263,10660.349999985117,10660.399999985117,10705.449999984461,10709.499999984402,18.100000000000122,206.65000000001274,28.60000000000027,0,134.94999999999644,0.25,0,130.00000000000185,80.00000000000057
J001723,2023-01-03/WMTK,WMTK,AMR_30,G0_9,WS_25_20,"[""107428""]",1,10322.649999990032,10646.649999985317,10515.19999998723,10322.649999990032,10390.649999989042,10394.699999988983,10505.099999987377,10505.149999987376,10515.14999998723,10515.19999998723,10642.599999985376,10646.649999985317,18.100000000000122,182.95000000000735,19.150000000000137,0,103.54999999999626,0.25,0,56.00000000000072,151.99999999999875
J001724,2023-01-03/TMST,TMST,AMR_02,G17_15,WS_30_20,"[""111331""]",1,10324.649999990002,10634.449999985494,10555.349999986645,10324.649999990002,10372.19999998931,10376.249999989252,10545.249999986792,10545.299999986792,10555.299999986646,10555.349999986645,10630.399999985553,10634.449999985494,18.100000000000122,134.54999999999634,17.20000000000011,0,139.69999999999752,0.25,0,28.0,103.99999999999991
J001725,2023-01-03/WRAU,WRAU,AMR_23,G26_6,WS_8_20,"[""112056"", ""136998"", ""138468""]",3,10325.099999989996,10691.449999984665,10520.799999987148,10325.099999989996,10410.399999988755,10414.449999988696,10510.699999987295,10510.749999987294,10520.749999987149,10520.799999987148,10687.399999984724,10691.449999984665,18.100000000000122,190.6000000000091,16.200000000000095,0,141.19999999999786,0.25,0,58.00000000000033,148.0000000000002
J001726,2023-01-03/WJYG,WJYG,AMR_09,G0_15,WS_13_20,"[""124702""]",1,10325.54999998999,10501.699999987426,10460.19999998803,10325.54999998999,10397.949999988936,10401.999999988877,10450.099999988177,10450.149999988176,10460.14999998803,10460.19999998803,10497.649999987485,10501.699999987426,18.100000000000122,128.2499999999949,13.400000000000055,0,16.150000000000095,0.25,0,72.00000000000122,80.00000000000082
J001727,2023-01-03/TSGB,TSGB,AMR_20,G20_8,WS_2_20,"[""107254""]",1,10341.799999989753,10486.749999987644,10421.299999988596,10341.799999989753,10341.799999989753,10345.849999989694,10411.199999988743,10411.249999988742,10421.249999988597,10421.299999988596,10482.699999987703,10486.749999987644,18.100000000000122,108.89999999999596,9.55,0,8.199999999999982,0.2,0,0.0,124.00000000000213
J001728,2023-01-03/WMTK,WMTK,AMR_39,G8_15,WS_25_20,"[""110097""]",1,10353.099999989588,10615.649999985768,10499.249999987462,10353.099999989588,10388.349999989076,10392.399999989017,10489.149999987609,10489.199999987608,10499.199999987462,10499.249999987462,10611.599999985827,10615.649999985768,18.100000000000122,120.5499999999953,12.450000000000042,0,111.19999999999582,0.25,0,32.0,96.00000000000065
J001729,2023-01-03/TMST,TMST,AMR_11,G26_12,WS_30_20,"[""122632""]",1,10368.599999989363,10545.049999986795,10510.049999987305,10368.599999989363,10440.099999988322,10444.149999988264,10499.949999987452,10499.99999998745,10509.999999987305,10510.049999987305,10540.999999986854,10545.049999986795,18.100000000000122,103.39999999999627,18.150000000000123,0,36.55000000000006,0.25,0,46.00000000000023,64.00000000000023
J001730,2023-01-03/WRAU,WRAU,AMR_32,G39_9,WS_8_20,"[""110847"", ""111330"", ""123305""]",4,10373.149999989297,10712.699999984356,10552.749999986683,10373.149999989297,10421.74999998859,10425.79999998853,10542.64999998683,10542.69999998683,10552.699999986684,10552.749999986683,10708.649999984415,10712.699999984356,18.100000000000122,203.20000000001195,14.350000000000069,0,103.64999999999625,0.25,0,56.000000000000384,183.99999999999508
J001731,2023-01-03/WTRG,WTRG,AMR_16,G32_8,WS_19_20,"[""107312"", ""110519""]",2,10384.64999998913,10612.899999985808,10460.299999988029,10384.64999998913,10384.64999998913,10388.69999998907,10450.199999988175,10450.249999988175,10460.24999998803,10460.299999988029,10608.849999985867,10612.899999985808,18.100000000000122,105.94999999999612,13.350000000000055,0,90.649999999997,0.2,0,0.0,108.00000000000031
J001732,2023-01-03/WJYG,WJYG,AMR_05,G14_9,WS_13_20,"[""112288""]",1,10391.399999989031,10547.999999986752,10503.599999987398,10391.399999989031,10432.64999998843,10436.699999988372,10493.499999987545,10493.549999987545,10503.5499999874,10503.599999987398,10543.949999986811,10547.999999986752,18.100000000000122,78.64999999999768,14.300000000000068,0,45.299999999999564,0.25,0,16.0,60.00000000000044
J001733,2023-01-03/TMST,TMST,AMR_03,G18_12,WS_30_20,"[""110585""]",1,10408.149999988787,10634.149999985499,10538.199999986895,10408.149999988787,10441.349999988304,10445.399999988245,10528.099999987042,10528.149999987041,10538.149999986896,10538.199999986895,10630.099999985558,10634.149999985499,18.100000000000122,112.24999999999577,11.400000000000027,0,83.99999999999737,0.25,0,34.0,88.0000000000002
J001734,2023-01-03/WRAU,WRAU,AMR_33,G3_12,WS_8_20,"[""107290"", ""110344"", ""110386""]",3,10420.699999988605,10601.949999985967,10568.549999986453,10420.699999988605,10493.799999987541,10497.849999987482,10558.4499999866,10558.4999999866,10568.499999986454,10568.549999986453,10597.899999986026,10601.949999985967,18.100000000000122,124.14999999999509,15.200000000000081,0,23.5500000000002,0.25,0,78.00000000000175,64.00000000000026
J001735,2023-01-03/WTRG,WTRG,AMR_25,G38_9,WS_19_20,"[""140089""]",1,10425.649999988533,10702.199999984508,10541.699999986844,10425.649999988533,10425.649999988533,10429.699999988474,10531.599999986991,10531.64999998699,10541.649999986845,10541.699999986844,10698.149999984567,10702.199999984508,18.100000000000122,121.49999999999524,13.400000000000055,0,123.34999999999513,0.2,0,0.0,132.0000000000003
J001736,2023-01-03/WMTK,WMTK,AMR_40,G11_10,WS_25_20,"[""107219""]",1,10425.949999988528,10714.999999984322,10629.24999998557,10425.949999988528,10522.04999998713,10526.099999987071,10619.149999985717,10619.199999985716,10629.19999998557,10629.24999998557,10710.949999984381,10714.999999984322,18.100000000000122,138.44999999999723,20.05000000000015,0,112.19999999999577,0.25,0,48.0000000000004,104.0000000000006
J001737,2023-01-03/WRAU,WRAU,AMR_38,G9_13,WS_8_20,"[""113218"", ""131980""]",2,10440.29999998832,10621.999999985675,10584.499999986221,10440.29999998832,10521.599999987136,10525.649999987078,10574.399999986368,10574.449999986367,10584.449999986222,10584.499999986221,10617.949999985734,10621.999999985675,18.100000000000122,90.99999999999697,15.300000000000082,0,57.049999999998896,0.25,0,46.00000000000033,48.000000000000384
J001738,2023-01-03/WJYG,WJYG,AMR_35,G26_9,WS_13_20,"[""110374""]",1,10445.999999988237,10756.149999983723,10689.899999984687,10445.999999988237,10607.649999985884,10611.699999985825,10679.799999984834,10679.849999984834,10689.849999984688,10689.899999984687,10752.099999983782,10756.149999983723,18.100000000000122,154.6000000000009,26.900000000000247,0,110.29999999999588,0.25,0,66.00000000000045,100.00000000000071
J001739,2023-01-03/TMST,TMST,AMR_06,G18_9,WS_30_20,"[""127626""]",1,10447.699999988212,10719.749999984253,10652.59999998523,10447.699999988212,10525.699999987077,10529.749999987018,10642.499999985377,10642.549999985376,10652.54999998523,10652.59999998523,10715.699999984312,10719.749999984253,18.100000000000122,170.70000000000456,18.100000000000122,0,64.89999999999846,0.25,0,84.00000000000063,100.00000000000028
J001740,2023-01-03/WJYG,WJYG,AMR_01,G12_9,WS_13_20,"[""101221""]",1,10462.449999987997,10633.649999985506,10598.899999986012,10462.449999987997,10516.799999987206,10520.849999987147,10588.799999986159,10588.849999986158,10598.849999986012,10598.899999986012,10629.599999985565,10633.649999985506,18.100000000000122,124.54999999999507,19.100000000000136,0,9.199999999999996,0.25,0,48.00000000000041,92.00000000000122
J001741,2023-01-03/TSGB,TSGB,AMR_37,G17_12,WS_2_20,"[""112287""]",1,10463.149999987987,10725.999999984162,10590.549999986133,10463.149999987987,10463.149999987987,10467.199999987928,10580.44999998628,10580.49999998628,10590.499999986134,10590.549999986133,10721.949999984221,10725.999999984162,18.100000000000122,100.9999999999964,14.350000000000069,0,129.19999999999513,0.2,0,0.0,104.00000000000094
J001742,2023-01-03/WMTK,WMTK,AMR_22,G6_12,WS_25_20,"[""107263""]",1,10469.299999987898,10756.449999983719,10597.099999986038,10469.299999987898,10506.799999987352,10510.849999987293,10586.999999986185,10587.049999986184,10597.049999986039,10597.099999986038,10752.399999983778,10756.449999983719,18.100000000000122,161.00000000000236,21.000000000000163,0,86.79999999999721,0.25,0,18.0,155.99999999999747
J001743,2023-01-03/WRAU,WRAU,AMR_36,G3_14,WS_8_20,"[""110195"", ""127405""]",2,10479.249999987753,10730.199999984101,10699.599999984546,10479.249999987753,10650.54999998526,10654.599999985201,10689.499999984693,10689.549999984692,10699.549999984547,10699.599999984546,10726.14999998416,10730.199999984101,18.100000000000122,143.6499999999984,22.85000000000019,0,66.09999999999839,0.25,0,98.00000000000144,52.00000000000007
J001744,2023-01-03/TMST,TMST,AMR_13,G17_10,WS_30_20,"[""123763""]",1,10485.699999987659,10685.59999998475,10589.44999998615,10485.699999987659,10507.59999998734,10511.649999987281,10579.349999986296,10579.399999986295,10589.39999998615,10589.44999998615,10681.549999984809,10685.59999998475,18.100000000000122,107.39999999999604,16.250000000000096,0,57.89999999999885,0.25,0,16.0,100.00000000000026
J001745,2023-01-03/WJYG,WJYG,AMR_20,G21_12,WS_13_20,"[""107268""]",1,10486.799999987643,10801.599999983062,10730.549999984096,10486.799999987643,10657.749999985155,10661.799999985096,10720.449999984243,10720.499999984242,10730.499999984097,10730.549999984096,10797.54999998312,10801.599999983062,18.100000000000122,152.8000000000005,22.95000000000019,0,120.69999999999528,0.25,0,86.00000000000131,76.00000000000051
J001746,2023-01-03/WMTK,WMTK,AMR_21,G3_2,WS_25_20,"[""110496""]",1,10491.84999998757,10780.149999983374,10697.349999984579,10491.84999998757,10540.399999986863,10544.449999986804,10687.249999984726,10687.299999984725,10697.29999998458,10697.349999984579,10776.099999983433,10780.149999983374,18.100000000000122,187.5500000000084,18.100000000000122,0,64.29999999999849,0.25,0,48.00000000000057,175.99999999999744
J001747,2023-01-03/TMST,TMST,AMR_12,G30_2,WS_30_20,"[""110609""]",1,10496.849999987497,10815.949999982853,10765.499999983587,10496.849999987497,10682.999999984788,10687.049999984729,10755.399999983734,10755.449999983734,10765.449999983588,10765.499999983587,10811.899999982912,10815.949999982853,18.100000000000122,195.65000000001024,25.75000000000023,0,79.34999999999764,0.25,0,112.00000000000144,100.00000000000138
J001748,2023-01-03/WJYG,WJYG,AMR_09,G9_8,WS_13_20,"[""131531""]",1,10503.649999987398,10676.64999998488,10615.849999985765,10503.649999987398,10544.599999986802,10548.649999986743,10605.749999985912,10605.799999985911,10615.799999985766,10615.849999985765,10672.59999998494,10676.64999998488,18.100000000000122,107.24999999999605,14.300000000000068,0,33.10000000000026,0.25,0,35.99999999999996,72.00000000000065
J001749,2023-01-03/TMST,TMST,AMR_04,G29_8,WS_30_20,"[""101193""]",1,10510.099999987304,10608.549999985871,10572.399999986397,10510.099999987304,10510.099999987304,10514.149999987245,10562.299999986544,10562.349999986543,10572.349999986398,10572.399999986397,10604.49999998593,10608.549999985871,18.100000000000122,61.74999999999863,9.55,0,8.84999999999999,0.2,0,0.0,68.00000000000063
J001750,2023-01-03/WMTK,WMTK,AMR_19,G15_12,WS_25_20,"[""110483""]",1,10517.699999987193,10696.299999984594,10644.99999998534,10517.699999987193,10517.699999987193,10521.749999987134,10634.899999985488,10634.949999985487,10644.949999985341,10644.99999998534,10692.249999984653,10696.299999984594,18.100000000000122,87.0999999999972,10.500000000000014,0,62.699999999998575,0.2,0,0.0,84.0000000000002
J001751,2023-01-03/WRAU,WRAU,AMR_10,G23_12,WS_8_20,"[""110169"", ""111237"", ""112087""]",4,10528.149999987041,10747.749999983846,10682.949999984789,10528.149999987041,10561.24999998656,10565.2999999865,10672.849999984935,10672.899999984935,10682.89999998479,10682.949999984789,10743.699999983904,10747.749999983846,18.100000000000122,120.19999999999531,13.350000000000055,0,67.6999999999983,0.25,0,32.0,100.00000000000091
J001752,2023-01-03/WJYG,WJYG,AMR_11,G20_8,WS_13_20,"[""107254""]",1,10545.099999986795,10696.399999984593,10643.149999985368,10545.099999986795,10580.349999986282,10584.399999986223,10633.049999985515,10633.099999985514,10643.099999985368,10643.149999985368,10692.349999984652,10696.399999984593,18.100000000000122,92.3499999999969,13.350000000000055,0,27.250000000000252,0.25,0,24.0,80.00000000000088
J001753,2023-01-03/TMST,TMST,AMR_05,G26_2,WS_30_20,"[""110530""]",1,10548.049999986752,10926.699999981241,10878.74999998194,10548.049999986752,10809.94999998294,10813.999999982881,10868.649999982086,10868.699999982086,10878.69999998194,10878.74999998194,10922.6499999813,10926.699999981241,18.100000000000122,241.30000000002062,37.40000000000001,0,81.59999999999751,0.25,0,181.9999999999964,96.00000000000126
J001754,2023-01-03/WRAU,WRAU,AMR_26,G0_12,WS_8_20,"[""110161"", ""110231""]",2,10551.6499999867,10900.499999981623,10863.349999982163,10551.6499999867,10750.099999983811,10754.149999983752,10853.24999998231,10853.29999998231,10863.299999982164,10863.349999982163,10896.449999981682,10900.499999981623,18.100000000000122,183.05000000000737,24.90000000000022,0,122.54999999999518,0.25,0,122.00000000000178,72.00000000000044
J001755,2023-01-03/WRAU,WRAU,AMR_07,G17_9,WS_8_20,"[""101180"", ""111307""]",3,10552.799999986682,10740.799999983947,10666.749999985024,10552.799999986682,10601.549999985973,10605.599999985914,10656.649999985171,10656.69999998517,10666.699999985025,10666.749999985024,10736.749999984006,10740.799999983947,18.100000000000122,120.74999999999528,15.300000000000082,0,33.60000000000023,0.25,0,46.00000000000023,88.00000000000122
J001756,2023-01-03/TMST,TMST,AMR_29,G15_9,WS_30_20,"[""112431""]",1,10555.649999986641,10797.699999983119,10722.149999984218,10555.649999986641,10641.199999985396,10645.249999985337,10712.049999984365,10712.099999984364,10722.099999984219,10722.149999984218,10793.649999983178,10797.699999983119,18.100000000000122,166.0000000000035,18.150000000000123,0,39.54999999999989,0.25,0,84.00000000000182,112.00000000000043
J001757,2023-01-03/TSGB,TSGB,AMR_31,G9_10,WS_2_20,"[""110227""]",1,10563.99999998652,10663.899999985066,10621.69999998568,10563.99999998652,10563.99999998652,10568.04999998646,10611.599999985827,10611.649999985826,10621.64999998568,10621.69999998568,10659.849999985125,10663.899999985066,18.100000000000122,63.9999999999985,7.599999999999981,0,10.000000000000007,0.2,0,0.0,72.00000000000085
J001758,2023-01-03/WRAU,WRAU,AMR_08,G35_9,WS_8_20,"[""110151"", ""110500""]",3,10571.899999986405,10804.349999983022,10717.499999984286,10571.899999986405,10603.499999985945,10607.549999985886,10707.399999984433,10707.449999984432,10717.449999984286,10717.499999984286,10800.29999998308,10804.349999983022,18.100000000000122,162.15000000000262,17.20000000000011,0,34.75000000000016,0.25,0,26.0,159.9999999999982
J001759,2023-01-03/TMST,TMST,AMR_18,G38_12,WS_30_20,"[""110131""]",1,10572.449999986397,10667.399999985015,10622.249999985672,10572.449999986397,10572.449999986397,10576.499999986338,10612.149999985819,10612.199999985818,10622.199999985673,10622.249999985672,10663.349999985074,10667.399999985015,18.100000000000122,63.09999999999855,11.450000000000028,0,2.1000000000000005,0.2,0,0.0,68.00000000000024
J001760,2023-01-03/TSGB,TSGB,AMR_33,G3_12,WS_2_20,"[""110561""]",1,10601.999999985966,10671.099999984961,10639.749999985417,10601.999999985966,10601.999999985966,10606.049999985908,10629.649999985564,10629.699999985563,10639.699999985418,10639.749999985417,10667.04999998502,10671.099999984961,18.100000000000122,42.299999999999734,6.699999999999984,0,1.800000000000001,0.2,0,0.0,48.0000000000004
J001761,2023-01-03/WJYG,WJYG,AMR_28,G3_10,WS_13_20,"[""101024""]",1,10604.999999985923,10999.249999980186,10897.449999981667,10604.999999985923,10755.949999983726,10759.999999983667,10887.349999981814,10887.399999981813,10897.399999981668,10897.449999981667,10995.199999980245,10999.249999980186,18.100000000000122,216.00000000001486,30.6000000000003,0,129.29999999999515,0.25,0,124.00000000000166,104.00000000000112
J001762,2023-01-03/TSGB,TSGB,AMR_34,G38_8,WS_2_20,"[""107328""]",1,10608.099999985878,10877.29999998196,10751.249999983795,10608.099999985878,10608.099999985878,10612.149999985819,10741.149999983942,10741.19999998394,10751.199999983795,10751.249999983795,10873.24999998202,10877.29999998196,18.100000000000122,161.70000000000252,13.350000000000055,0,75.84999999999783,0.2,0,0.0,195.99999999999287
J001763,2023-01-03/WRAU,WRAU,AMR_24,G26_8,WS_8_20,"[""110191"", ""110555"", ""124211""]",3,10608.499999985872,10869.09999998208,10733.549999984052,10608.499999985872,10608.499999985872,10612.549999985813,10723.4499999842,10723.499999984198,10733.499999984053,10733.549999984052,10865.049999982139,10869.09999998208,18.100000000000122,126.84999999999494,11.450000000000028,0,103.99999999999623,0.2,0,0.0,147.99999999999986
J001764,2023-01-03/TMST,TMST,AMR_04,G14_10,WS_30_20,"[""124230""]",1,10608.59999998587,10898.799999981647,10833.649999982596,10608.59999998587,10681.749999984806,10685.799999984747,10823.549999982743,10823.599999982742,10833.599999982596,10833.649999982596,10894.749999981706,10898.799999981647,18.100000000000122,138.94999999999735,16.250000000000096,0,116.64999999999552,0.25,0,38.000000000000114,112.00000000000045
J001765,2023-01-03/WMTK,WMTK,AMR_16,G32_8,WS_25_20,"[""107312"", ""110519""]",2,10612.949999985807,10727.999999984133,10675.94999998489,10612.949999985807,10612.949999985807,10616.999999985748,10665.849999985037,10665.899999985037,10675.899999984891,10675.94999998489,10723.949999984192,10727.999999984133,18.100000000000122,77.14999999999776,9.55,0,10.050000000000008,0.2,0,0.0,84.00000000000068
J001766,2023-01-03/WJYG,WJYG,AMR_39,G26_12,WS_13_20,"[""112326""]",2,10615.899999985764,10886.29999998183,10826.4999999827,10615.899999985764,10765.24999998359,10769.299999983532,10816.399999982847,10816.449999982846,10826.4499999827,10826.4999999827,10882.249999981888,10886.29999998183,18.100000000000122,167.70000000000388,25.850000000000232,0,58.49999999999881,0.25,0,98.0000000000012,88.00000000000048
J001767,2023-01-03/TMST,TMST,AMR_38,G32_9,WS_30_20,"[""107333""]",1,10622.299999985671,10875.24999998199,10816.599999982844,10622.299999985671,10746.649999983862,10750.699999983803,10806.49999998299,10806.54999998299,10816.549999982844,10816.599999982844,10871.19999998205,10875.24999998199,18.100000000000122,157.45000000000155,24.90000000000022,0,52.24999999999917,0.25,0,114.00000000000125,60.0000000000005
J001768,2023-01-03/WJYG,WJYG,AMR_03,G18_2,WS_13_20,"[""140079""]",1,10643.199999985367,10844.049999982444,10792.399999983196,10643.199999985367,10685.199999984756,10689.249999984697,10782.299999983343,10782.349999983342,10792.349999983197,10792.399999983196,10839.999999982503,10844.049999982444,18.100000000000122,113.3999999999957,14.300000000000068,0,54.799999999999024,0.25,0,23.99999999999998,96.00000000000132
J001769,2023-01-03/TMST,TMST,AMR_01,G14_9,WS_30_20,"[""112332""]",1,10652.64999998523,10856.04999998227,10799.549999983092,10652.64999998523,10659.299999985133,10663.349999985074,10789.449999983239,10789.499999983238,10799.499999983092,10799.549999983092,10851.999999982329,10856.04999998227,18.100000000000122,133.9499999999962,15.350000000000083,0,35.75000000000011,0.25,0,4.0,151.9999999999983
J001770,2023-01-03/WJYG,WJYG,AMR_02,G29_8,WS_13_20,"[""110504""]",1,10660.449999985116,10875.29999998199,10809.449999982948,10660.449999985116,10706.399999984447,10710.449999984388,10799.349999983095,10799.399999983094,10809.399999982948,10809.449999982948,10871.249999982048,10875.29999998199,18.100000000000122,140.64999999999773,18.150000000000123,0,37.699999999999996,0.25,0,46.00000000000048,116.0000000000008
J001771,2023-01-03/WRAU,WRAU,AMR_31,G12_9,WS_8_20,"[""120779"", ""122645""]",2,10666.799999985024,10862.349999982178,10783.599999983324,10666.799999985024,10731.999999984075,10736.049999984016,10773.49999998347,10773.54999998347,10783.549999983325,10783.599999983324,10858.299999982237,10862.349999982178,18.100000000000122,119.54999999999535,19.100000000000136,0,38.54999999999995,0.25,0,44.000000000000384,84.00000000000102
J001772,2023-01-03/WRAU,WRAU,AMR_18,G38_13,WS_8_20,"[""107204"", ""112217""]",2,10682.999999984788,10928.349999981217,10815.49999998286,10682.999999984788,10686.99999998473,10691.04999998467,10805.399999983007,10805.449999983006,10815.44999998286,10815.49999998286,10924.299999981276,10928.349999981217,18.100000000000122,135.59999999999658,9.5,0,81.89999999999749,0.25,0,2.0,155.9999999999978
J001773,2023-01-03/WJYG,WJYG,AMR_09,G6_1,WS_13_20,"[""113203""]",1,10689.949999984687,10926.09999998125,10863.349999982163,10689.949999984687,10720.59999998424,10724.649999984182,10853.24999998231,10853.29999998231,10863.299999982164,10863.349999982163,10922.04999998131,10926.09999998125,18.100000000000122,128.649999999995,15.250000000000082,0,73.89999999999795,0.25,0,27.999999999999957,112.00000000000139
J001774,2023-01-03/WRAU,WRAU,AMR_11,G20_8,WS_8_20,"[""110138"", ""112068""]",2,10699.649999984546,10873.84999998201,10799.549999983092,10699.649999984546,10699.649999984546,10703.699999984487,10789.449999983239,10789.499999983238,10799.499999983092,10799.549999983092,10869.79999998207,10873.84999998201,18.100000000000122,96.94999999999663,9.55,0,49.39999999999933,0.2,0,0.0,104.00000000000117
J001775,2023-01-03/WMTK,WMTK,AMR_25,G38_9,WS_25_20,"[""140089""]",1,10702.249999984508,10818.099999982822,10765.199999983592,10702.249999984508,10702.249999984508,10706.299999984449,10755.099999983739,10755.149999983738,10765.149999983592,10765.199999983592,10814.04999998288,10818.099999982822,18.100000000000122,85.59999999999728,9.55,0,2.3999999999999995,0.2,0,0.0,104.00000000000058
J001776,2023-01-03/WRAU,WRAU,AMR_27,G35_12,WS_8_20,"[""107327"", ""126832""]",2,10717.549999984285,11008.149999980056,10831.449999982628,10717.549999984285,10717.549999984285,10721.599999984226,10821.349999982775,10821.399999982774,10831.399999982628,10831.449999982628,11004.099999980115,11008.149999980056,18.100000000000122,172.90000000000506,17.15000000000011,0,82.24999999999747,0.2,0,0.0,199.99999999999162
J001777,2023-01-03/TMST,TMST,AMR_32,G39_9,WS_30_20,"[""110847""]",1,10722.199999984217,10834.549999982582,10782.49999998334,10722.199999984217,10722.199999984217,10726.249999984158,10772.399999983487,10772.449999983486,10782.44999998334,10782.49999998334,10830.499999982641,10834.549999982582,18.100000000000122,78.69999999999767,9.55,0,5.799999999999987,0.2,0,0.0,92.0000000000005
J001778,2023-01-03/WJYG,WJYG,AMR_19,G15_12,WS_13_20,"[""107280""]",1,10730.599999984095,10810.499999982932,10775.049999983448,10730.599999984095,10730.599999984095,10734.649999984036,10764.949999983595,10764.999999983595,10774.999999983449,10775.049999983448,10806.449999982991,10810.499999982932,18.100000000000122,50.14999999999929,9.55,0,1.900000000000001,0.2,0,0.0,52.000000000000526
J001779,2023-01-03/WRAU,WRAU,AMR_16,G32_8,WS_8_20,"[""101095"", ""107232"", ""107312"", ""110511"", ""110519"", ""138355""]",8,10733.599999984051,10949.549999980909,10847.399999982395,10733.599999984051,10733.599999984051,10737.649999983993,10837.299999982542,10837.349999982542,10847.349999982396,10847.399999982395,10945.499999980968,10949.549999980909,18.100000000000122,146.34999999999903,13.350000000000055,0,37.94999999999998,0.2,0,0.0,171.99999999999633
J001780,2023-01-03/WBEN,WBEN,AMR_40,G9_10,WS_2_20,"[""107224"", ""110227"", ""110382"", ""110583"", ""112371""]",5,10751.299999983794,10892.249999981743,10848.199999982384,10751.299999983794,10756.749999983715,10760.799999983656,10838.09999998253,10838.14999998253,10848.149999982385,10848.199999982384,10888.199999981802,10892.249999981743,18.100000000000122,71.2999999999981,8.549999999999986,0,42.74999999999971,0.25,0,4.0,72.00000000000065
J001781,2023-01-03/WBEN,WBEN,AMR_33,G3_12,WS_2_20,"[""110386"", ""110561"", ""112013"", ""112367""]",4,10751.299999983794,10830.59999998264,10799.449999983093,10751.299999983794,10751.299999983794,10755.349999983735,10789.34999998324,10789.39999998324,10799.399999983094,10799.449999983093,10826.549999982699,10830.59999998264,18.100000000000122,44.049999999999635,5.699999999999988,0,11.250000000000025,0.2,0,0.0,48.0000000000004
J001782,2023-01-03/WBEN,WBEN,AMR_10,G21_10,WS_2_20,"[""110357"", ""110362"", ""111276"", ""112029""]",4,10751.299999983794,11017.399999979922,10907.899999981515,10751.299999983794,10807.599999982975,10811.649999982916,10897.799999981662,10897.849999981661,10907.849999981516,10907.899999981515,11013.34999997998,11017.399999979922,18.100000000000122,143.5999999999984,16.150000000000095,0,87.99999999999714,0.25,0,36.0,124.00000000000182
J001783,2023-01-03/WBEN,WBEN,AMR_15,G23_7,WS_2_20,"[""111999"", ""112010"", ""124008""]",5,10751.299999983794,10973.249999980564,10890.849999981763,10751.299999983794,10779.249999983387,10783.299999983328,10880.74999998191,10880.79999998191,10890.799999981764,10890.849999981763,10969.199999980623,10973.249999980564,18.100000000000122,149.59999999999977,14.300000000000068,0,39.69999999999988,0.25,0,14.0,167.99999999999815
J001784,2023-01-03/WBEN,WBEN,AMR_06,G20_2,WS_2_20,"[""109843"", ""110097"", ""110499""]",3,10751.299999983794,10951.449999980881,10873.94999998201,10751.299999983794,10772.19999998349,10776.24999998343,10863.849999982156,10863.899999982155,10873.89999998201,10873.94999998201,10947.39999998094,10951.449999980881,18.100000000000122,146.54999999999907,15.300000000000082,0,19.95000000000015,0.25,0,17.999999999999975,155.99999999999844
J001785,2023-01-03/WBEN,WBEN,AMR_13,G29_12,WS_2_20,"[""110417"", ""110543"", ""125183""]",4,10751.299999983794,10998.94999998019,10924.69999998127,10751.299999983794,10841.799999982477,10845.849999982418,10914.599999981418,10914.649999981417,10924.649999981271,10924.69999998127,10994.899999980249,10998.94999998019,18.100000000000122,189.8000000000089,21.100000000000165,0,18.400000000000126,0.25,0,84.00000000000114,147.9999999999995
J001786,2023-01-03/TMST,TMST,AMR_22,G11_10,WS_30_20,"[""107396""]",2,10765.549999983587,10949.599999980908,10861.749999982187,10765.549999983587,10784.349999983313,10788.399999983254,10851.649999982334,10851.699999982333,10861.699999982187,10861.749999982187,10945.549999980967,10949.599999980908,18.100000000000122,123.59999999999512,14.300000000000068,0,27.80000000000026,0.25,0,14.0,124.00000000000011
J001787,2023-01-03/WJYG,WJYG,AMR_37,G23_12,WS_13_20,"[""112087""]",1,10775.099999983448,10898.64999998165,10846.44999998241,10775.099999983448,10794.999999983158,10799.049999983099,10836.349999982556,10836.399999982556,10846.39999998241,10846.44999998241,10894.599999981709,10898.64999998165,18.100000000000122,86.39999999999723,13.350000000000055,0,5.449999999999989,0.25,0,16.0,80.00000000000054
J001788,2023-01-03/TMST,TMST,AMR_17,G9_13,WS_30_20,"[""101021""]",1,10782.54999998334,11018.549999979905,10921.24999998132,10782.54999998334,10809.149999982952,10813.199999982893,10911.149999981468,10911.199999981467,10921.199999981322,10921.24999998132,11014.499999979964,11018.549999979905,18.100000000000122,142.34999999999812,19.150000000000137,0,56.14999999999895,0.25,0,18.0,132.0000000000004
J001789,2023-01-03/WRAU,WRAU,AMR_07,G18_9,WS_8_20,"[""110322"", ""111303""]",2,10783.649999983323,10948.84999998092,10879.299999981931,10783.649999983323,10786.699999983279,10790.74999998322,10869.199999982078,10869.249999982077,10879.249999981932,10879.299999981931,10944.799999980978,10948.84999998092,18.100000000000122,95.64999999999671,9.5,0,41.69999999999977,0.25,0,2.0,100.00000000000105
J001790,2023-01-03/WJYG,WJYG,AMR_23,G26_6,WS_13_20,"[""138468""]",1,10792.449999983195,10936.749999981095,10880.399999981915,10792.449999983195,10792.449999983195,10796.499999983136,10870.299999982062,10870.349999982061,10880.349999981916,10880.399999981915,10932.699999981154,10936.749999981095,18.100000000000122,94.54999999999677,9.55,0,21.900000000000176,0.2,0,0.0,112.00000000000105
J001791,2023-01-03/WBEN,WBEN,AMR_35,G32_12,WS_2_20,"[""112353"", ""112363"", ""138468""]",4,10799.499999983092,11121.799999978402,10978.29999998049,10799.499999983092,10837.599999982538,10841.64999998248,10968.199999980638,10968.249999980637,10978.249999980491,10978.29999998049,11117.749999978461,11121.799999978402,18.100000000000122,195.9000000000103,22.95000000000019,0,85.09999999999731,0.25,0,22.0,195.9999999999931
J001792,2023-01-03/TMST,TMST,AMR_14,G9_12,WS_30_20,"[""112284""]",1,10799.599999983091,11025.6999999798,10955.199999980827,10799.599999983091,10823.549999982743,10827.599999982684,10945.099999980974,10945.149999980973,10955.149999980827,10955.199999980827,11021.64999997986,11025.6999999798,18.100000000000122,128.99999999999508,14.300000000000068,0,64.44999999999848,0.25,0,18.0,128.00000000000063
J001793,2023-01-03/WRAU,WRAU,AMR_29,G38_12,WS_8_20,"[""110137"", ""111373""]",2,10799.599999983091,11084.299999978948,10961.79999998073,10799.599999983091,10858.04999998224,10862.099999982182,10951.699999980878,10951.749999980877,10961.749999980731,10961.79999998073,11080.249999979007,11084.299999978948,18.100000000000122,189.90000000000893,16.200000000000095,0,60.249999999998714,0.25,0,52.0,163.99999999999562
J001794,2023-01-03/WJYG,WJYG,AMR_21,G3_2,WS_13_20,"[""110496""]",1,10809.499999982947,11000.199999980172,10914.499999981419,10809.499999982947,10809.499999982947,10813.549999982888,10904.399999981566,10904.449999981565,10914.44999998142,10914.499999981419,10996.14999998023,11000.199999980172,18.100000000000122,113.4999999999957,11.400000000000027,0,47.49999999999944,0.2,0,0.0,136.00000000000207
J001795,2023-01-03/WRAU,WRAU,AMR_19,G9_14,WS_8_20,"[""112432""]",1,10815.549999982859,10936.999999981092,10903.39999998158,10815.549999982859,10839.899999982505,10843.949999982446,10893.299999981728,10893.349999981727,10903.349999981581,10903.39999998158,10932.94999998115,10936.999999981092,18.100000000000122,64.59999999999847,11.450000000000028,0,27.05000000000025,0.25,0,20.0,44.000000000000185
J001796,2023-01-03/TMST,TMST,AMR_36,G9_9,WS_30_20,"[""111281""]",2,10816.649999982843,11005.499999980095,10938.149999981075,10816.649999982843,10852.299999982324,10856.349999982265,10928.049999981222,10928.099999981221,10938.099999981076,10938.149999981075,11001.449999980154,11005.499999980095,18.100000000000122,138.54999999999725,17.15000000000011,0,14.800000000000075,0.25,0,21.999999999999964,136.00000000000063
J001797,2023-01-03/WJYG,WJYG,AMR_25,G38_15,WS_13_20,"[""112372""]",1,10826.549999982699,11034.299999979676,10931.549999981171,10826.549999982699,10846.44999998241,10850.49999998235,10921.449999981318,10921.499999981317,10931.499999981172,10931.549999981171,11030.249999979735,11034.299999979676,18.100000000000122,114.94999999999561,10.500000000000014,0,63.949999999998504,0.25,0,16.0,124.00000000000033
J001798,2023-01-03/WRAU,WRAU,AMR_33,G3_15,WS_8_20,"[""112040""]",2,10831.499999982627,10954.099999980843,10919.449999981347,10831.499999982627,10849.249999982369,10853.29999998231,10909.349999981494,10909.399999981493,10919.399999981348,10919.449999981347,10950.049999980902,10954.099999980843,18.100000000000122,61.999999999998614,9.5,0,32.75000000000028,0.25,0,10.0,48.0000000000001
J001799,2023-01-03/TMST,TMST,AMR_30,G6_8,WS_30_20,"[""107266""]",1,10833.699999982595,11219.149999976986,11107.699999978608,10833.699999982595,10873.299999982019,10877.34999998196,11097.599999978755,11097.649999978754,11107.649999978608,11107.699999978608,11215.099999977045,11219.149999976986,18.100000000000122,173.0500000000051,17.20000000000011,0,176.85000000000596,0.25,0,38.000000000000085,151.99999999999787
J001800,2023-01-03/WJYG,WJYG,AMR_32,G38_9,WS_13_20,"[""140089""]",1,10846.499999982409,11062.749999979262,10958.649999980777,10846.499999982409,10849.399999982366,10853.449999982307,10948.549999980924,10948.599999980923,10958.599999980777,10958.649999980777,11058.69999997932,11062.749999979262,18.100000000000122,130.99999999999554,11.400000000000027,0,55.499999999998984,0.25,0,2.0,147.99999999999872
J001801,2023-01-03/WRAU,WRAU,AMR_20,G12_13,WS_8_20,"[""107326""]",1,10847.449999982395,11091.69999997884,10977.749999980499,10847.449999982395,10901.799999981604,10905.849999981545,10967.649999980646,10967.699999980645,10977.6999999805,10977.749999980499,11087.6499999789,11091.69999997884,18.100000000000122,111.24999999999582,21.000000000000163,0,93.64999999999682,0.25,0,44.00000000000024,68.00000000000045
J001802,2023-01-03/WBEN,WBEN,AMR_03,G18_2,WS_2_20,"[""101135"", ""112374"", ""140079""]",4,10848.249999982383,11025.999999979796,10941.999999981019,10848.249999982383,10848.249999982383,10852.299999982324,10931.899999981166,10931.949999981165,10941.94999998102,10941.999999981019,11021.949999979855,11025.999999979796,18.100000000000122,133.09999999999602,9.5,0,16.850000000000104,0.2,0,0.0,163.9999999999993
J001803,2023-01-03/TMST,TMST,AMR_01,G3_14,WS_30_20,"[""127405""]",1,10861.799999982186,11263.599999976339,11124.599999978362,10861.799999982186,10915.949999981398,10919.999999981339,11114.499999978509,11114.549999978508,11124.549999978362,11124.599999978362,11259.549999976398,11263.599999976339,18.100000000000122,215.2500000000147,28.650000000000272,0,139.54999999999748,0.25,0,32.000000000000014,191.9999999999976
J001804,2023-01-03/WJYG,WJYG,AMR_08,G39_9,WS_13_20,"[""123305""]",1,10863.399999982163,11075.549999979075,10993.149999980275,10863.399999982163,10893.599999981723,10897.649999981664,10983.049999980421,10983.09999998042,10993.099999980275,10993.149999980275,11071.499999979134,11075.549999979075,18.100000000000122,151.65000000000023,15.300000000000082,0,26.850000000000247,0.25,0,24.0,159.99999999999622
J001805,2023-01-03/WRAU,WRAU,AMR_31,G12_12,WS_8_20,"[""107250""]",1,10863.399999982163,11090.649999978856,10993.699999980267,10863.399999982163,10923.849999981283,10927.899999981224,10983.599999980413,10983.649999980413,10993.649999980267,10993.699999980267,11086.599999978915,11090.649999978856,18.100000000000122,106.69999999999608,18.100000000000122,0,84.09999999999737,0.25,0,46.00000000000033,64.0000000000003
J001806,2023-01-03/WBEN,WBEN,AMR_11,G20_8,WS_2_20,"[""107210"", ""107254"", ""135158""]",3,10873.999999982008,11095.949999978779,10961.399999980737,10873.999999982008,10873.999999982008,10878.04999998195,10951.299999980884,10951.349999980883,10961.349999980737,10961.399999980737,11091.899999978838,11095.949999978779,18.100000000000122,114.09999999999566,9.55,0,79.9999999999976,0.2,0,0.0,124.00000000000156
J001807,2023-01-03/TMST,TMST,AMR_24,G26_8,WS_30_20,"[""112070""]",1,10878.799999981939,11013.099999979984,10972.249999980579,10878.799999981939,10878.799999981939,10882.84999998188,10962.149999980726,10962.199999980725,10972.19999998058,10972.249999980579,11009.049999980043,11013.099999979984,18.100000000000122,73.39999999999797,11.450000000000028,0,31.150000000000308,0.2,0,0.0,80.00000000000063
J001808,2023-01-03/WRAU,WRAU,AMR_02,G0_15,WS_8_20,"[""100949""]",1,10879.34999998193,11195.44999997733,11164.899999977775,10879.34999998193,11090.949999978851,11094.999999978792,11154.799999977922,11154.849999977921,11164.849999977776,11164.899999977775,11191.39999997739,11195.44999997733,18.100000000000122,140.4999999999977,22.05000000000018,0,135.1999999999965,0.25,0,88.00000000000088,60.00000000000037
J001809,2023-01-03/WJYG,WJYG,AMR_34,G38_8,WS_13_20,"[""107328""]",1,10880.449999981915,11077.399999979049,10975.899999980526,10880.449999981915,10880.449999981915,10884.499999981856,10965.799999980673,10965.849999980672,10975.849999980526,10975.899999980526,11073.349999979107,11077.399999979049,18.100000000000122,138.7999999999973,11.450000000000028,0,28.40000000000027,0.2,0,0.0,171.99999999999514
J001810,2023-01-03/WBEN,WBEN,AMR_39,G35_10,WS_2_20,"[""110290"", ""110335"", ""111367""]",3,10890.899999981762,11237.549999976718,11126.249999978338,10890.899999981762,10935.599999981112,10939.649999981053,11116.149999978485,11116.199999978484,11126.199999978338,11126.249999978338,11233.499999976777,11237.549999976718,18.100000000000122,194.60000000001,17.20000000000011,0,116.49999999999552,0.25,0,26.0,203.99999999999196
J001811,2023-01-03/WRAU,WRAU,AMR_26,G0_14,WS_8_20,"[""123094""]",1,10903.44999998158,11047.79999997948,11009.649999980034,10903.44999998158,10922.549999981302,10926.599999981243,10999.549999980181,10999.59999998018,11009.599999980035,11009.649999980034,11043.749999979538,11047.79999997948,18.100000000000122,72.949999999998,13.400000000000055,0,39.649999999999885,0.25,0,8.000000000000004,64.00000000000027
J001812,2023-01-03/WBEN,WBEN,AMR_40,G0_9,WS_2_20,"[""107428"", ""131976""]",3,10907.949999981514,11026.149999979794,10997.59999998021,10907.949999981514,10946.499999980953,10950.549999980894,10987.499999980357,10987.549999980356,10997.54999998021,10997.59999998021,11022.099999979853,11026.149999979794,18.100000000000122,75.64999999999785,13.400000000000055,0,10.800000000000018,0.25,0,23.999999999999954,60.00000000000056
J001813,2023-01-03/WRAU,WRAU,AMR_04,G12_10,WS_8_20,"[""111341""]",1,10919.499999981346,11097.549999978755,11025.199999979808,10919.499999981346,10925.049999981266,10929.099999981207,11015.099999979955,11015.149999979954,11025.149999979809,11025.199999979808,11093.499999978814,11097.549999978755,18.100000000000122,71.79999999999806,9.5,0,78.39999999999769,0.25,0,4.0,64.00000000000043
J001814,2023-01-03/TMST,TMST,AMR_37,G3_12,WS_30_20,"[""110561""]",2,10921.29999998132,11301.149999975793,11158.699999977865,10921.29999998132,11011.599999980006,11015.649999979947,11148.599999978012,11148.649999978012,11158.649999977866,11158.699999977865,11297.099999975851,11301.149999975793,18.100000000000122,197.75000000001071,19.95000000000015,0,143.79999999999845,0.25,0,64.00000000000105,151.99999999999943
J001815,2023-01-03/WBEN,WBEN,AMR_38,G12_14,WS_2_20,"[""111897"", ""112432""]",2,10924.74999998127,11383.349999974596,11295.649999975873,10924.74999998127,11195.999999977323,11200.049999977264,11285.54999997602,11285.599999976019,11295.599999975873,11295.649999975873,11379.299999974655,11383.349999974596,18.100000000000122,207.4000000000129,30.6000000000003,0,202.25000000001174,0.25,0,122.00000000000117,76.00000000000034
J001816,2023-01-03/WJYG,WJYG,AMR_18,G38_13,WS_13_20,"[""107204""]",1,10928.399999981217,11095.399999978787,11011.849999980002,10928.399999981217,10928.399999981217,10932.449999981158,11001.74999998015,11001.799999980149,11011.799999980003,11011.849999980002,11091.349999978846,11095.399999978787,18.100000000000122,107.84999999999602,11.450000000000028,0,29.400000000000283,0.2,0,0.0,132.00000000000026
J001817,2023-01-03/TMST,TMST,AMR_19,G9_10,WS_30_20,"[""107380""]",1,10938.199999981074,11205.14999997719,11141.649999978114,10938.199999981074,10990.099999980319,10994.14999998026,11131.54999997826,11131.59999997826,11141.599999978114,11141.649999978114,11201.099999977248,11205.14999997719,18.100000000000122,131.84999999999573,14.300000000000068,0,102.44999999999632,0.25,0,12.0,139.99999999999932
J001818,2023-01-03/WBEN,WBEN,AMR_05,G26_2,WS_2_20,"[""101025"", ""123094"", ""123272""]",3,10942.049999981018,11194.09999997735,11108.94999997859,10942.049999981018,10942.049999981018,10946.09999998096,11098.849999978736,11098.899999978736,11108.89999997859,11108.94999997859,11190.04999997741,11194.09999997735,18.100000000000122,146.74999999999912,9.5,0,77.49999999999774,0.2,0,0.0,183.99999999999497
J001819,2023-01-03/TMST,TMST,AMR_16,G32_8,WS_30_20,"[""107232"", ""107312""]",2,10955.249999980826,11044.699999979524,11005.0999999801,10955.249999980826,10955.249999980826,10959.299999980767,10994.999999980248,10995.049999980247,11005.049999980101,11005.0999999801,11040.649999979583,11044.699999979524,18.100000000000122,59.199999999998774,9.55,0,2.3999999999999995,0.2,0,0.0,64.00000000000067
J001820,2023-01-03/WBEN,WBEN,AMR_09,G9_2,WS_2_20,"[""115591"", ""127405""]",2,10961.449999980736,11104.849999978649,11055.199999979372,10961.449999980736,10980.999999980451,10985.049999980392,11045.099999979519,11045.149999979518,11055.149999979372,11055.199999979372,11100.799999978708,11104.849999978649,18.100000000000122,100.24999999999645,14.350000000000069,0,10.450000000000014,0.25,0,12.0,104.00000000000186
J001821,2023-01-03/WRAU,WRAU,AMR_33,G5_9,WS_8_20,"[""110190""]",1,10961.84999998073,11118.149999978456,11069.199999979168,10961.84999998073,11004.699999980106,11008.749999980048,11059.099999979315,11059.149999979314,11069.149999979169,11069.199999979168,11114.099999978514,11118.149999978456,18.100000000000122,96.09999999999668,16.250000000000096,0,25.60000000000023,0.25,0,27.99999999999995,72.0000000000006
J001822,2023-01-03/TMST,TMST,AMR_22,G6_1,WS_30_20,"[""113203""]",1,10972.299999980578,11314.549999975598,11175.749999977617,10972.299999980578,11004.39999998011,11008.449999980052,11165.649999977764,11165.699999977764,11175.699999977618,11175.749999977617,11310.499999975656,11314.549999975598,18.100000000000122,192.65000000000956,16.150000000000095,0,115.0999999999956,0.25,0,27.999999999999986,183.9999999999968
J001823,2023-01-03/WRAU,WRAU,AMR_07,G2_10,WS_8_20,"[""110210""]",2,10977.799999980498,11248.249999976562,11205.79999997718,10977.799999980498,11127.49999997832,11131.54999997826,11195.699999977327,11195.749999977326,11205.74999997718,11205.79999997718,11244.199999976621,11248.249999976562,18.100000000000122,136.69999999999683,22.000000000000178,0,93.39999999999684,0.25,0,70.0000000000012,76.00000000000068
J001824,2023-01-03/WBEN,WBEN,AMR_15,G23_13,WS_2_20,"[""110497"", ""111222""]",2,10978.34999998049,11219.849999976976,11143.29999997809,10978.34999998049,10998.2499999802,11002.299999980141,11133.199999978237,11133.249999978236,11143.24999997809,11143.29999997809,11215.799999977035,11219.849999976976,18.100000000000122,122.1999999999952,15.300000000000082,0,85.64999999999728,0.25,0,16.0,116.0000000000017
J001825,2023-01-03/WRAU,WRAU,AMR_06,G9_8,WS_8_20,"[""131531""]",1,10993.749999980266,11159.449999977855,11111.849999978547,10993.749999980266,11030.749999979727,11034.799999979668,11101.749999978694,11101.799999978693,11111.799999978548,11111.849999978547,11155.399999977913,11159.449999977855,18.100000000000122,115.89999999999556,19.150000000000137,0,12.30000000000004,0.25,0,34.000000000000014,92.00000000000102
J001826,2023-01-03/WBEN,WBEN,AMR_23,G23_12,WS_2_20,"[""110465"", ""112087""]",3,10997.649999980209,11238.8499999767,11160.349999977841,10997.649999980209,11025.249999979807,11029.299999979748,11150.249999977988,11150.299999977988,11160.299999977842,11160.349999977841,11234.799999976758,11238.8499999767,18.100000000000122,127.69999999999489,13.350000000000055,0,81.7999999999975,0.25,0,18.0,120.00000000000136
J001827,2023-01-03/WRAU,WRAU,AMR_36,G9_9,WS_8_20,"[""134599""]",1,11009.699999980034,11165.349999977769,11127.899999978314,11009.699999980034,11009.699999980034,11013.749999979975,11117.79999997846,11117.84999997846,11127.849999978314,11127.899999978314,11161.299999977828,11165.349999977769,18.100000000000122,85.99999999999726,13.400000000000055,0,37.94999999999998,0.2,0,0.0,88.00000000000065
J001828,2023-01-03/WTML,WTML,AMR_27,G39_13,WS_13_20,"[""110161"", ""110342"", ""110393"", ""112432"", ""131889""]",6,11011.899999980002,11249.399999976546,11176.849999977601,11011.899999980002,11034.499999979673,11038.549999979614,11166.749999977748,11166.799999977748,11176.799999977602,11176.849999977601,11245.349999976605,11249.399999976546,18.100000000000122,142.19999999999808,13.350000000000055,0,63.59999999999852,0.25,0,18.0,143.9999999999986
J001829,2023-01-03/WTML,WTML,AMR_21,G3_5,WS_13_20,"[""110349"", ""110386"", ""112013"", ""127627""]",5,11011.899999980002,11214.849999977048,11108.099999978602,11011.899999980002,11026.799999979785,11030.849999979726,11097.999999978749,11098.049999978748,11108.049999978603,11108.099999978602,11210.799999977107,11214.849999977048,18.100000000000122,111.04999999999583,18.100000000000122,0,55.44999999999899,0.25,0,10.0,112.00000000000149
J001830,2023-01-03/WTML,WTML,AMR_13,G29_8,WS_13_20,"[""110205"", ""110232"", ""110504"", ""112034""]",4,11011.899999980002,11221.849999976946,11142.749999978098,11011.899999980002,11028.149999979765,11032.199999979706,11132.649999978245,11132.699999978244,11142.699999978098,11142.749999978098,11217.799999977005,11221.849999976946,18.100000000000122,120.59999999999529,14.300000000000068,0,56.699999999998916,0.25,0,12.0,116.00000000000077
J001831,2023-01-03/WTML,WTML,AMR_12,G32_6,WS_13_20,"[""110231"", ""110397"", ""110606"", ""129530""]",4,11011.899999980002,11248.249999976562,11159.79999997785,11011.899999980002,11031.649999979714,11035.699999979655,11149.699999977996,11149.749999977996,11159.74999997785,11159.79999997785,11244.199999976621,11248.249999976562,18.100000000000122,143.89999999999847,16.250000000000096,0,57.84999999999885,0.25,0,12.0,147.99999999999895
J001832,2023-01-03/WTML,WTML,AMR_28,G14_9,WS_13_20,"[""107238"", ""112288"", ""123035""]",3,11011.899999980002,11308.349999975688,11210.949999977105,11011.899999980002,11089.949999978866,11093.999999978807,11200.849999977252,11200.899999977251,11210.899999977106,11210.949999977105,11304.299999975747,11308.349999975688,18.100000000000122,159.450000000002,22.90000000000019,0,95.7499999999967,0.25,0,72.00000000000108,100.0000000000017
J001833,2023-01-03/WTML,WTML,AMR_24,G20_9,WS_13_20,"[""101155"", ""101185"", ""110346""]",3,11013.149999979983,11181.899999977528,11125.649999978346,11013.149999979983,11044.599999979526,11048.649999979467,11115.549999978493,11115.599999978493,11125.599999978347,11125.649999978346,11177.849999977587,11181.899999977528,18.100000000000122,99.09999999999651,17.20000000000011,0,34.1000000000002,0.25,0,26.0,76.00000000000057
J001834,2023-01-03/WRAU,WRAU,AMR_10,G15_10,WS_8_20,"[""133910""]",1,11025.249999979807,11371.799999974764,11315.849999975579,11025.249999979807,11234.149999976768,11238.199999976709,11305.749999975726,11305.799999975725,11315.79999997558,11315.849999975579,11367.749999974823,11371.799999974764,18.100000000000122,164.95000000000326,29.600000000000286,0,133.64999999999614,0.25,0,88.00000000000031,80.00000000000088
J001835,2023-01-03/WBEN,WBEN,AMR_25,G35_12,WS_2_20,"[""101296"", ""107327"", ""110194""]",4,11055.24999997937,11413.549999974157,11213.649999977066,11055.24999997937,11081.39999997899,11085.449999978931,11203.549999977213,11203.599999977212,11213.599999977067,11213.649999977066,11409.499999974216,11413.549999974157,18.100000000000122,164.2500000000031,16.250000000000096,0,159.450000000002,0.25,0,20.0,167.99999999999696
J001836,2023-01-03/WRAU,WRAU,AMR_32,G38_9,WS_8_20,"[""101182"", ""110526"", ""112084"", ""140089""]",4,11069.249999979167,11348.899999975098,11221.949999976945,11069.249999979167,11069.249999979167,11073.299999979108,11211.849999977092,11211.899999977091,11221.899999976946,11221.949999976945,11344.849999975157,11348.899999975098,18.100000000000122,167.15000000000376,13.350000000000055,0,80.84999999999755,0.2,0,0.0,195.99999999999162
J001837,2023-01-03/TMST,TMST,AMR_34,G38_8,WS_30_20,"[""125176""]",1,11077.449999979048,11238.09999997671,11192.79999997737,11077.449999979048,11077.449999979048,11081.499999978989,11182.699999977516,11182.749999977515,11192.74999997737,11192.79999997737,11234.049999976769,11238.09999997671,18.100000000000122,76.5499999999978,9.55,0,56.24999999999894,0.2,0,0.0,84.00000000000058
J001838,2023-01-03/WTML,WTML,AMR_14,G9_12,WS_13_20,"[""101117"", ""110577"", ""124208""]",3,11108.149999978601,11226.299999976882,11193.899999977353,11108.149999978601,11108.149999978601,11112.199999978542,11183.7999999775,11183.8499999775,11193.849999977354,11193.899999977353,11222.24999997694,11226.299999976882,18.100000000000122,57.29999999999888,8.549999999999986,0,34.000000000000206,0.2,0,0.0,56.00000000000027
J001839,2023-01-03/WBEN,WBEN,AMR_17,G9_13,WS_2_20,"[""112404"", ""131980""]",3,11108.999999978589,11229.89999997683,11189.649999977415,11108.999999978589,11108.999999978589,11113.04999997853,11179.549999977562,11179.599999977561,11189.599999977416,11189.649999977415,11225.849999976888,11229.89999997683,18.100000000000122,62.349999999998595,9.55,0,30.7000000000003,0.2,0,0.0,68.00000000000085
J001840,2023-01-03/WRAU,WRAU,AMR_04,G15_9,WS_8_20,"[""110412""]",1,11111.899999978546,11322.699999975479,11253.84999997648,11111.899999978546,11136.049999978195,11140.099999978136,11243.749999976628,11243.799999976627,11253.799999976482,11253.84999997648,11318.649999975538,11322.699999975479,18.100000000000122,107.24999999999605,16.200000000000095,0,68.99999999999822,0.25,0,16.0,88.00000000000111
J001841,2023-01-03/WTML,WTML,AMR_11,G20_8,WS_13_20,"[""107210"", ""107254"", ""112068""]",3,11125.699999978346,11283.39999997605,11227.999999976857,11125.699999978346,11125.699999978346,11129.749999978287,11217.899999977004,11217.949999977003,11227.949999976858,11227.999999976857,11279.34999997611,11283.39999997605,18.100000000000122,72.949999999998,9.55,0,56.899999999998904,0.2,0,0.0,80.00000000000097
J001842,2023-01-03/WBEN,WBEN,AMR_35,G26_8,WS_2_20,"[""110191"", ""124211""]",2,11126.299999978337,11440.199999973769,11363.84999997488,11126.299999978337,11152.89999997795,11156.949999977891,11353.749999975027,11353.799999975026,11363.79999997488,11363.84999997488,11436.149999973828,11440.199999973769,18.100000000000122,160.7500000000023,15.250000000000082,0,119.54999999999535,0.25,0,24.0,148.00000000000014
J001843,2023-01-03/WRAU,WRAU,AMR_33,G3_7,WS_8_20,"[""111263""]",1,11127.949999978313,11297.649999975843,11237.899999976713,11127.949999978313,11142.5499999781,11146.599999978042,11227.79999997686,11227.84999997686,11237.849999976714,11237.899999976713,11293.599999975902,11297.649999975843,18.100000000000122,91.79999999999693,15.300000000000082,0,44.24999999999962,0.25,0,8.0,84.00000000000075
J001844,2023-01-03/WTML,WTML,AMR_20,G8_15,WS_13_20,"[""110097"", ""110426""]",3,11142.799999978097,11298.54999997583,11271.249999976228,11142.799999978097,11204.499999977199,11208.54999997714,11261.149999976375,11261.199999976374,11271.199999976228,11271.249999976228,11294.49999997589,11298.54999997583,18.100000000000122,70.19999999999816,12.450000000000042,0,54.74999999999903,0.25,0,20.0,48.00000000000023
J001845,2023-01-03/WBEN,WBEN,AMR_16,G32_8,WS_2_20,"[""110511"", ""110519""]",2,11143.349999978089,11415.749999974125,11278.59999997612,11143.349999978089,11143.349999978089,11147.39999997803,11268.499999976268,11268.549999976267,11278.549999976121,11278.59999997612,11411.699999974184,11415.749999974125,18.100000000000122,167.50000000000384,15.250000000000082,0,71.34999999999809,0.2,0,0.0,191.999999999994
J001846,2023-01-03/WTML,WTML,AMR_31,G20_12,WS_13_20,"[""110289"", ""139323""]",2,11159.849999977849,11284.399999976036,11245.049999976609,11159.849999977849,11184.599999977489,11188.64999997743,11234.949999976756,11234.999999976755,11244.99999997661,11245.049999976609,11280.349999976095,11284.399999976036,18.100000000000122,81.6999999999975,14.350000000000069,0,10.15000000000001,0.25,0,20.0,64.00000000000058
J001847,2023-01-03/WBEN,WBEN,AMR_06,G6_13,WS_2_20,"[""112347""]",1,11160.39999997784,11383.999999974587,11329.749999975376,11160.39999997784,11238.7999999767,11242.84999997664,11319.649999975523,11319.699999975523,11329.699999975377,11329.749999975376,11379.949999974646,11383.999999974587,18.100000000000122,110.89999999999584,17.20000000000011,0,77.14999999999776,0.25,0,44.000000000000156,64.00000000000068
J001848,2023-01-03/WRAU,WRAU,AMR_09,G3_1,WS_8_20,"[""101311""]",2,11164.949999977774,11380.049999974644,11269.799999976249,11164.949999977774,11188.549999977431,11192.599999977372,11259.699999976396,11259.749999976395,11269.74999997625,11269.799999976249,11375.999999974703,11380.049999974644,18.100000000000122,118.99999999999538,18.200000000000124,0,59.549999999998754,0.25,0,17.99999999999999,112.0000000000016
J001849,2023-01-03/WTML,WTML,AMR_03,G14_7,WS_13_20,"[""110178"", ""124008""]",2,11176.8999999776,11380.34999997464,11322.549999975481,11176.8999999776,11217.049999977016,11221.099999976957,11312.449999975628,11312.499999975627,11322.499999975482,11322.549999975481,11376.299999974699,11380.34999997464,18.100000000000122,107.54999999999603,18.150000000000123,0,59.39999999999876,0.25,0,33.99999999999993,76.00000000000077
J001850,2023-01-03/WBEN,WBEN,AMR_36,G9_15,WS_2_20,"[""113152""]",1,11189.699999977414,11300.349999975804,11261.49999997637,11189.699999977414,11209.649999977124,11213.699999977065,11251.399999976516,11251.449999976516,11261.44999997637,11261.49999997637,11296.299999975863,11300.349999975804,18.100000000000122,65.14999999999844,8.549999999999986,0,18.60000000000013,0.25,0,16.0,52.00000000000054
J001851,2023-01-03/WJER,WJER,AMR_24,G23_2,WS_30_20,"[""110178"", ""110357"", ""110484"", ""111999""]",6,11192.849999977368,11377.099999974687,11314.3499999756,11192.849999977368,11228.149999976855,11232.199999976796,11304.249999975747,11304.299999975747,11314.299999975601,11314.3499999756,11373.049999974746,11377.099999974687,18.100000000000122,126.14999999999498,15.250000000000082,0,24.500000000000213,0.25,0,31.999999999999922,112.00000000000128
J001852,2023-01-03/WJER,WJER,AMR_40,G20_2,WS_30_20,"[""109843"", ""110097"", ""110179"", ""111391""]",4,11192.849999977368,11423.499999974012,11367.699999974824,11192.849999977368,11247.949999976567,11251.999999976508,11357.599999974971,11357.64999997497,11367.649999974825,11367.699999974824,11419.449999974071,11423.499999974012,18.100000000000122,156.05000000000123,16.200000000000095,0,40.04999999999986,0.25,0,62.00000000000072,120.00000000000138
J001853,2023-01-03/WJER,WJER,AMR_29,G32_14,WS_30_20,"[""112432"", ""124008""]",4,11192.849999977368,11292.749999975915,11262.249999976359,11192.849999977368,11220.449999976967,11224.499999976908,11252.149999976506,11252.199999976505,11262.19999997636,11262.249999976359,11288.699999975974,11292.749999975915,18.100000000000122,64.79999999999846,14.350000000000069,0,2.3999999999999995,0.25,0,24.0,40.000000000000114
J001854,2023-01-03/WJER,WJER,AMR_18,G32_9,WS_30_20,"[""115794"", ""122980""]",2,11192.849999977368,11316.49999997557,11280.249999976097,11192.849999977368,11225.349999976896,11229.399999976837,11270.149999976244,11270.199999976243,11280.199999976097,11280.249999976097,11312.449999975628,11316.49999997557,18.100000000000122,79.9499999999976,15.300000000000082,0,10.050000000000008,0.25,0,24.0,60.0000000000005
J001855,2023-01-03/WJER,WJER,AMR_08,G21_12,WS_30_20,"[""101102"", ""101203""]",3,11192.849999977368,11335.999999975285,11297.299999975849,11192.849999977368,11239.649999976687,11243.699999976629,11287.199999975996,11287.249999975995,11297.24999997585,11297.299999975849,11331.949999975344,11335.999999975285,18.100000000000122,106.84999999999607,13.350000000000055,0,4.599999999999992,0.25,0,46.0,76.00000000000023
J001856,2023-01-03/WJER,WJER,AMR_26,G30_2,WS_30_20,"[""110233"", ""126832""]",2,11192.849999977368,11398.599999974374,11350.599999975073,11192.849999977368,11272.699999976207,11276.749999976148,11340.49999997522,11340.54999997522,11350.549999975074,11350.599999975073,11394.549999974433,11398.599999974374,18.100000000000122,154.00000000000077,18.150000000000123,0,15.250000000000082,0.25,0,96.00000000000124,96.00000000000107
J001857,2023-01-03/WTML,WTML,AMR_05,G6_9,WS_13_20,"[""101218"", ""115181""]",2,11194.14999997735,11405.499999974274,11356.699999974984,11194.14999997735,11290.749999975944,11294.799999975885,11346.599999975131,11346.64999997513,11356.649999974985,11356.699999974984,11401.449999974333,11405.499999974274,18.100000000000122,129.14999999999512,14.300000000000068,0,49.54999999999932,0.25,0,62.00000000000034,80.00000000000057
J001858,2023-01-03/WRAU,WRAU,AMR_19,G26_12,WS_8_20,"[""101183""]",1,11205.84999997718,11517.499999972644,11446.499999973677,11205.84999997718,11383.249999974598,11387.299999974539,11436.399999973824,11436.449999973824,11446.449999973678,11446.499999973677,11513.449999972703,11517.499999972644,18.100000000000122,179.80000000000663,28.800000000000274,0,84.69999999999733,0.25,0,86.00000000000063,116.00000000000122
J001859,2023-01-03/WTML,WTML,AMR_02,G32_12,WS_13_20,"[""112363"", ""138468""]",2,11210.999999977104,11518.249999972633,11441.949999973744,11210.999999977104,11330.949999975359,11334.9999999753,11431.84999997389,11431.89999997389,11441.899999973744,11441.949999973744,11514.199999972692,11518.249999972633,18.100000000000122,168.50000000000406,16.250000000000096,0,104.14999999999623,0.25,0,82.00000000000045,112.00000000000057
J001860,2023-01-03/WBEN,WBEN,AMR_21,G8_12,WS_2_20,"[""110178""]",1,11214.899999977048,11364.199999974875,11312.699999975624,11214.899999977048,11250.599999976528,11254.64999997647,11302.599999975771,11302.64999997577,11312.649999975625,11312.699999975624,11360.149999974934,11364.199999974875,18.100000000000122,91.74999999999693,15.250000000000082,0,23.950000000000205,0.25,0,31.999999999999986,64.00000000000047
J001861,2023-01-03/WRAU,WRAU,AMR_15,G18_2,WS_8_20,"[""140079""]",1,11221.999999976944,11437.099999973814,11344.349999975164,11221.999999976944,11265.59999997631,11269.649999976251,11334.24999997531,11334.29999997531,11344.299999975165,11344.349999975164,11433.049999973873,11437.099999973814,18.100000000000122,140.8999999999978,17.15000000000011,0,38.69999999999994,0.25,0,31.999999999999986,132.00000000000207
J001862,2023-01-03/WTML,WTML,AMR_14,G9_10,WS_13_20,"[""107224"", ""112294""]",2,11228.049999976856,11324.64999997545,11289.69999997596,11228.049999976856,11233.599999976776,11237.649999976717,11279.599999976106,11279.649999976105,11289.64999997596,11289.69999997596,11320.59999997551,11324.64999997545,18.100000000000122,64.84999999999846,11.450000000000028,0,1.950000000000001,0.25,0,4.0,64.0000000000005
J001863,2023-01-03/WRAU,WRAU,AMR_17,G9_12,WS_8_20,"[""110502""]",1,11237.949999976712,11346.099999975138,11287.299999975994,11237.949999976712,11241.949999976654,11245.999999976595,11277.199999976141,11277.24999997614,11287.249999975995,11287.299999975994,11342.049999975197,11346.099999975138,18.100000000000122,54.69999999999903,7.599999999999981,0,27.500000000000256,0.25,0,2.0,52.0000000000004
J001864,2023-01-03/WTML,WTML,AMR_34,G38_8,WS_13_20,"[""107328"", ""110165"", ""112279""]",3,11245.099999976608,11432.249999973885,11339.649999975232,11245.099999976608,11245.099999976608,11249.14999997655,11329.54999997538,11329.599999975379,11339.599999975233,11339.649999975232,11428.199999973944,11432.249999973885,18.100000000000122,127.99999999999487,11.450000000000028,0,29.400000000000283,0.2,0,0.0,151.9999999999978
J001865,2023-01-03/WRAU,WRAU,AMR_13,G29_12,WS_8_20,"[""101181""]",1,11253.89999997648,11465.299999973404,11399.049999974368,11253.89999997648,11272.799999976205,11276.849999976146,11388.949999974515,11388.999999974514,11398.999999974369,11399.049999974368,11461.249999973463,11465.299999973404,18.100000000000122,125.04999999999504,14.350000000000069,0,53.64999999999909,0.25,0,12.0,128.00000000000108
J001866,2023-01-03/WBEN,WBEN,AMR_07,G0_15,WS_2_20,"[""107317"", ""112324""]",2,11261.549999976369,11367.449999974828,11346.799999975128,11261.549999976369,11279.249999976111,11283.299999976052,11336.699999975275,11336.749999975274,11346.749999975129,11346.799999975128,11363.399999974887,11367.449999974828,18.100000000000122,51.39999999999922,8.549999999999986,0,27.600000000000257,0.25,0,14.000000000000002,36.00000000000001
J001867,2023-01-03/WJER,WJER,AMR_23,G23_12,WS_30_20,"[""110398"", ""111237"", ""112087""]",3,11262.299999976358,11370.399999974785,11331.399999975352,11262.299999976358,11262.299999976358,11266.349999976299,11321.2999999755,11321.349999975499,11331.349999975353,11331.399999975352,11366.349999974844,11370.399999974785,18.100000000000122,68.64999999999824,9.55,0,11.60000000000003,0.2,0,0.0,76.00000000000023
J001868,2023-01-03/WRAU,WRAU,AMR_39,G29_8,WS_8_20,"[""107034""]",1,11269.849999976248,11526.649999972511,11430.949999973904,11269.849999976248,11296.449999975861,11300.499999975802,11420.84999997405,11420.89999997405,11430.899999973904,11430.949999973904,11522.59999997257,11526.649999972511,18.100000000000122,151.65000000000023,19.050000000000136,0,67.7499999999983,0.25,0,24.0,144.00000000000054
J001869,2023-01-03/WTML,WTML,AMR_12,G35_8,WS_13_20,"[""110380"", ""110582""]",2,11271.299999976227,11540.399999972311,11424.899999973992,11271.299999976227,11303.249999975762,11307.299999975703,11414.799999974139,11414.849999974138,11424.849999973992,11424.899999973992,11536.34999997237,11540.399999972311,18.100000000000122,155.10000000000102,19.100000000000136,0,76.5499999999978,0.25,0,26.00000000000002,140.00000000000037
J001870,2023-01-03/WBEN,WBEN,AMR_01,G3_10,WS_2_20,"[""107398""]",1,11278.64999997612,11413.649999974155,11380.899999974632,11278.64999997612,11298.399999975833,11302.449999975774,11370.799999974779,11370.849999974778,11380.849999974633,11380.899999974632,11409.599999974214,11413.649999974155,18.100000000000122,65.34999999999843,12.450000000000042,0,38.84999999999993,0.25,0,12.0,52.00000000000041
J001871,2023-01-03/WJER,WJER,AMR_27,G26_2,WS_30_20,"[""101025"", ""107213""]",3,11280.299999976096,11509.899999972755,11452.049999973597,11280.299999976096,11376.89999997469,11380.949999974631,11441.949999973744,11441.999999973743,11451.999999973597,11452.049999973597,11505.849999972814,11509.899999972755,18.100000000000122,132.0999999999958,15.250000000000082,0,63.899999999998506,0.25,0,56.00000000000065,100.00000000000117
J001872,2023-01-03/WRAU,WRAU,AMR_31,G20_12,WS_8_20,"[""125639""]",2,11287.349999975993,11435.699999973835,11382.849999974604,11287.349999975993,11287.349999975993,11291.399999975934,11372.74999997475,11372.79999997475,11382.799999974604,11382.849999974604,11431.649999973894,11435.699999973835,18.100000000000122,81.09999999999754,9.55,0,39.3999999999999,0.2,0,0.0,88.000000000001
J001873,2023-01-03/WTML,WTML,AMR_11,G12_13,WS_13_20,"[""107326""]",1,11289.749999975958,11403.299999974306,11373.749999974736,11289.749999975958,11321.499999975496,11325.549999975437,11363.649999974883,11363.699999974882,11373.699999974737,11373.749999974736,11399.249999974365,11403.299999974306,18.100000000000122,71.1499999999981,15.300000000000082,0,8.74999999999999,0.25,0,26.0,44.00000000000021
J001874,2023-01-03/WBEN,WBEN,AMR_30,G11_15,WS_2_20,"[""112004""]",1,11295.699999975872,11457.699999973514,11414.999999974136,11295.699999975872,11331.349999975353,11335.399999975294,11404.899999974283,11404.949999974282,11414.949999974137,11414.999999974136,11453.649999973573,11457.699999973514,18.100000000000122,85.3499999999973,13.350000000000055,0,44.949999999999584,0.25,0,24.0,60.00000000000044
J001875,2023-01-03/WJER,WJER,AMR_29,G17_2,WS_30_20,"[""110426"", ""110523""]",3,11297.349999975848,11559.349999972035,11491.64999997302,11297.349999975848,11397.899999974385,11401.949999974326,11481.549999973167,11481.599999973167,11491.599999973021,11491.64999997302,11555.299999972094,11559.349999972035,18.100000000000122,182.60000000000727,23.900000000000205,0,37.15000000000003,0.25,0,86.00000000000117,132.00000000000094
J001876,2023-01-03/WBEN,WBEN,AMR_37,G6_10,WS_2_20,"[""107120""]",1,11312.749999975624,11441.749999973747,11397.949999974384,11312.749999975624,11327.749999975405,11331.799999975347,11387.84999997453,11387.89999997453,11397.899999974385,11397.949999974384,11437.699999973805,11441.749999973747,18.100000000000122,72.64999999999802,11.450000000000028,0,26.550000000000242,0.25,0,10.0,64.0000000000006
J001877,2023-01-03/WJER,WJER,AMR_36,G29_14,WS_30_20,"[""107344""]",1,11314.3999999756,11538.849999972334,11508.499999972775,11314.3999999756,11459.799999973484,11463.849999973425,11498.399999972922,11498.449999972921,11508.449999972776,11508.499999972775,11534.799999972392,11538.849999972334,18.100000000000122,126.54999999999495,23.900000000000205,0,55.649999999998975,0.25,0,82.0000000000004,44.00000000000004
J001878,2023-01-03/WRAU,WRAU,AMR_22,G6_1,WS_8_20,"[""113203""]",1,11315.899999975578,11475.999999973248,11414.999999974136,11315.899999975578,11315.899999975578,11319.949999975519,11404.899999974283,11404.949999974282,11414.949999974137,11414.999999974136,11471.949999973307,11475.999999973248,18.100000000000122,86.64999999999722,9.55,0,45.59999999999955,0.2,0,0.0,96.0000000000012
J001879,2023-01-03/WTML,WTML,AMR_28,G14_12,WS_13_20,"[""110325""]",1,11322.59999997548,11421.749999974038,11390.799999974488,11322.59999997548,11338.649999975247,11342.699999975188,11380.699999974635,11380.749999974634,11390.749999974489,11390.799999974488,11417.699999974096,11421.749999974038,18.100000000000122,60.249999999998714,13.400000000000055,0,7.149999999999983,0.25,0,10.0,48.0000000000003
J001880,2023-01-03/WBEN,WBEN,AMR_14,G0_8,WS_2_20,"[""112330""]",1,11329.799999975376,11479.099999973203,11449.09999997364,11329.799999975376,11364.54999997487,11368.599999974811,11438.999999973787,11439.049999973786,11449.04999997364,11449.09999997364,11475.049999973262,11479.099999973203,18.100000000000122,82.79999999999744,11.450000000000028,0,36.70000000000005,0.25,0,25.999999999999954,64.00000000000064
J001881,2023-01-03/WJER,WJER,AMR_18,G27_14,WS_30_20,"[""111897""]",1,11331.449999975352,11456.949999973525,11428.749999973936,11331.449999975352,11359.149999974949,11363.19999997489,11418.649999974083,11418.699999974082,11428.699999973936,11428.749999973936,11452.899999973584,11456.949999973525,18.100000000000122,68.44999999999825,15.300000000000082,0,23.400000000000198,0.25,0,20.0,44.00000000000004
J001882,2023-01-03/WTML,WTML,AMR_04,G17_12,WS_13_20,"[""123304""]",1,11339.699999975232,11462.749999973441,11407.84999997424,11339.699999975232,11358.049999974965,11362.099999974906,11397.749999974387,11397.799999974386,11407.79999997424,11407.84999997424,11458.6999999735,11462.749999973441,18.100000000000122,67.09999999999833,13.350000000000055,0,24.25000000000021,0.25,0,10.0,52.000000000000284
J001883,2023-01-03/WRAU,WRAU,AMR_08,G32_13,WS_8_20,"[""111312""]",1,11344.399999975163,11579.049999971749,11498.349999972923,11344.399999975163,11417.699999974096,11421.749999974038,11488.24999997307,11488.29999997307,11498.299999972924,11498.349999972923,11574.999999971807,11579.049999971749,18.100000000000122,159.400000000002,15.250000000000082,0,41.64999999999977,0.25,0,52.00000000000021,132.00000000000105
J001884,2023-01-03/WBEN,WBEN,AMR_17,G9_12,WS_2_20,"[""107172""]",1,11346.849999975128,11507.849999972785,11466.149999973391,11346.849999975128,11346.849999975128,11350.899999975069,11456.049999973538,11456.099999973538,11466.099999973392,11466.149999973391,11503.799999972844,11507.849999972785,18.100000000000122,71.04999999999811,7.599999999999981,0,64.0499999999985,0.2,0,0.0,72.00000000000085
J001885,2023-01-03/WJER,WJER,AMR_32,G38_9,WS_30_20,"[""107343"", ""140089""]",2,11350.649999975072,11455.699999973544,11411.699999974184,11350.649999975072,11350.649999975072,11354.699999975013,11401.59999997433,11401.64999997433,11411.649999974185,11411.699999974184,11451.649999973602,11455.699999973544,18.100000000000122,73.89999999999795,11.450000000000028,0,1.4000000000000006,0.2,0,0.0,84.00000000000058
J001886,2023-01-03/WTML,WTML,AMR_20,G14_10,WS_13_20,"[""124230""]",2,11356.749999974983,11548.949999972187,11511.799999972727,11356.749999974983,11398.749999974372,11402.799999974313,11501.699999972874,11501.749999972873,11511.749999972728,11511.799999972727,11544.899999972245,11548.949999972187,18.100000000000122,107.74999999999602,20.10000000000015,0,45.999999999999524,0.25,0,26.0,80.0000000000008
J001887,2023-01-03/WBEN,WBEN,AMR_33,G3_7,WS_2_20,"[""111263""]",1,11363.89999997488,11472.599999973298,11432.049999973888,11363.89999997488,11363.89999997488,11367.94999997482,11421.949999974035,11421.999999974034,11431.999999973888,11432.049999973888,11468.549999973357,11472.599999973298,18.100000000000122,60.399999999998705,7.649999999999981,0,22.350000000000183,0.2,0,0.0,68.00000000000075
J001888,2023-01-03/WJER,WJER,AMR_21,G35_14,WS_30_20,"[""111218""]",1,11367.749999974823,11571.849999971853,11525.549999972527,11367.749999974823,11473.599999973283,11477.649999973224,11515.449999972674,11515.499999972673,11525.499999972528,11525.549999972527,11567.799999971912,11571.849999971853,18.100000000000122,132.49999999999588,19.150000000000137,0,34.1000000000002,0.25,0,106.00000000000138,48.000000000000114
J001889,2023-01-03/WTML,WTML,AMR_10,G11_10,WS_13_20,"[""107219""]",1,11373.799999974735,11582.249999971702,11528.449999972485,11373.799999974735,11472.749999973295,11476.799999973236,11518.349999972632,11518.399999972631,11528.399999972486,11528.449999972485,11578.199999971761,11582.249999971702,18.100000000000122,123.09999999999515,22.95000000000019,0,44.049999999999635,0.25,0,68.00000000000094,60.00000000000041
J001890,2023-01-03/WBEN,WBEN,AMR_03,G9_8,WS_2_20,"[""107225""]",1,11380.949999974631,11547.249999972211,11500.249999972895,11380.949999974631,11422.499999974027,11426.549999973968,11490.149999973042,11490.199999973041,11500.199999972896,11500.249999972895,11543.19999997227,11547.249999972211,18.100000000000122,104.04999999999623,15.300000000000082,0,28.60000000000027,0.25,0,24.0,88.00000000000125
J001891,2023-01-03/WRAU,WRAU,AMR_24,G28_2,WS_8_20,"[""111377""]",1,11382.899999974603,11665.49999997049,11578.89999997175,11382.899999974603,11409.349999974218,11413.399999974159,11568.799999971898,11568.849999971897,11578.849999971751,11578.89999997175,11661.44999997055,11665.49999997049,18.100000000000122,165.25000000000333,20.05000000000015,0,78.94999999999766,0.25,0,14.0,179.99999999999554
J001892,2023-01-03/WTML,WTML,AMR_06,G6_12,WS_13_20,"[""112334""]",1,11390.849999974487,11495.549999972964,11458.999999973496,11390.849999974487,11394.849999974429,11398.89999997437,11448.899999973642,11448.949999973642,11458.949999973496,11458.999999973496,11491.499999973023,11495.549999972964,18.100000000000122,67.34999999999832,9.5,0,9.5,0.25,0,2.0,68.00000000000065
J001893,2023-01-03/WBEN,WBEN,AMR_38,G12_9,WS_2_20,"[""112386""]",1,11397.999999974383,11608.849999971315,11559.099999972039,11397.999999974383,11447.349999973665,11451.399999973606,11548.999999972186,11549.049999972185,11559.04999997204,11559.099999972039,11604.799999971374,11608.849999971315,18.100000000000122,120.74999999999528,15.350000000000083,0,56.39999999999893,0.25,0,14.0,124.00000000000242
J001894,2023-01-03/WRAU,WRAU,AMR_23,G38_15,WS_8_20,"[""112372""]",1,11399.099999974367,11647.399999970754,11562.699999971986,11399.099999974367,11450.549999973618,11454.59999997356,11552.599999972133,11552.649999972133,11562.649999971987,11562.699999971986,11643.349999970813,11647.399999970754,18.100000000000122,163.95000000000303,12.400000000000041,0,53.59999999999909,0.25,0,44.0,147.99999999999818
J001895,2023-01-03/WTML,WTML,AMR_11,G15_9,WS_13_20,"[""112431""]",1,11407.89999997424,11626.449999971059,11579.449999971743,11407.89999997424,11509.54999997276,11513.599999972701,11569.34999997189,11569.399999971889,11579.399999971743,11579.449999971743,11622.399999971118,11626.449999971059,18.100000000000122,123.19999999999514,22.95000000000019,0,54.049999999999066,0.25,0,58.00000000000027,64.00000000000048
J001896,2023-01-03/WJER,WJER,AMR_09,G3_1,WS_30_20,"[""110356"", ""110548""]",2,11411.749999974183,11696.849999970034,11559.64999997203,11411.749999974183,11411.749999974183,11415.799999974124,11549.549999972178,11549.599999972177,11559.599999972032,11559.64999997203,11692.799999970093,11696.849999970034,18.100000000000122,160.7500000000023,13.300000000000054,0,92.74999999999687,0.2,0,0.0,195.9999999999934
J001897,2023-01-03/WBEN,WBEN,AMR_01,G3_5,WS_2_20,"[""110339""]",1,11415.049999974135,11531.249999972444,11483.199999973143,11415.049999974135,11432.699999973878,11436.74999997382,11473.09999997329,11473.14999997329,11483.149999973144,11483.199999973143,11527.199999972503,11531.249999972444,18.100000000000122,83.04999999999742,10.500000000000014,0,4.299999999999993,0.25,0,14.0,84.00000000000132
J001898,2023-01-03/WTML,WTML,AMR_16,G32_8,WS_13_20,"[""107312"", ""138355""]",3,11424.949999973991,11569.749999971884,11494.749999972975,11424.949999973991,11424.949999973991,11428.999999973932,11484.649999973122,11484.699999973122,11494.699999972976,11494.749999972975,11565.699999971943,11569.749999971884,18.100000000000122,100.69999999999642,9.55,0,16.250000000000096,0.2,0,0.0,128.00000000000088
J001899,2023-01-03/WJER,WJER,AMR_28,G23_13,WS_30_20,"[""111222""]",1,11428.799999973935,11645.699999970779,11594.149999971529,11428.799999973935,11539.449999972325,11543.499999972266,11584.049999971676,11584.099999971675,11594.09999997153,11594.149999971529,11641.649999970838,11645.699999970779,18.100000000000122,110.14999999999588,15.250000000000082,0,73.14999999999799,0.25,0,48.00000000000013,72.00000000000014
J001900,2023-01-03/WBEN,WBEN,AMR_05,G12_13,WS_2_20,"[""112195""]",1,11432.099999973887,11694.549999970068,11644.349999970798,11432.099999973887,11533.149999972416,11537.199999972358,11634.249999970945,11634.299999970945,11644.299999970799,11644.349999970798,11690.499999970127,11694.549999970068,18.100000000000122,161.6500000000025,24.90000000000022,0,57.54999999999887,0.25,0,84.00000000000125,88.00000000000125
J001901,2023-01-03/WTML,WTML,AMR_35,G26_8,WS_13_20,"[""107334"", ""110555"", ""124211""]",4,11441.999999973743,11642.949999970819,11562.39999997199,11441.999999973743,11441.999999973743,11446.049999973684,11552.299999972138,11552.349999972137,11562.349999971992,11562.39999997199,11638.899999970878,11642.949999970819,18.100000000000122,113.74999999999568,13.400000000000055,0,55.499999999998984,0.2,0,0.0,124.00000000000057
J001902,2023-01-03/WBEN,WBEN,AMR_31,G15_12,WS_2_20,"[""110146""]",1,11449.149999973639,11656.54999997062,11576.14999997179,11449.149999973639,11477.799999973222,11481.849999973163,11566.049999971938,11566.099999971937,11576.099999971791,11576.14999997179,11652.49999997068,11656.54999997062,18.100000000000122,110.49999999999586,16.200000000000095,0,62.349999999998595,0.25,0,14.0,96.00000000000102
J001903,2023-01-03/WJER,WJER,AMR_34,G38_13,WS_30_20,"[""107204""]",1,11452.099999973596,11583.549999971683,11542.599999972279,11452.099999973596,11470.549999973327,11474.599999973268,11532.499999972426,11532.549999972425,11542.54999997228,11542.599999972279,11579.499999971742,11583.549999971683,18.100000000000122,76.24999999999781,13.400000000000055,0,23.4500000000002,0.25,0,14.0,64.00000000000021
J001904,2023-01-03/WTML,WTML,AMR_32,G38_9,WS_13_20,"[""112084"", ""125179"", ""140089""]",4,11459.049999973495,11650.499999970709,11545.099999972243,11459.049999973495,11459.049999973495,11463.099999973436,11534.99999997239,11535.049999972389,11545.049999972243,11545.099999972243,11646.449999970768,11650.499999970709,18.100000000000122,125.04999999999504,13.350000000000055,0,34.75000000000016,0.2,0,0.0,147.99999999999844
J001905,2023-01-03/WBEN,WBEN,AMR_04,G17_12,WS_2_20,"[""112287""]",1,11466.19999997339,11657.549999970606,11542.249999972284,11466.19999997339,11466.19999997339,11470.249999973332,11532.149999972431,11532.19999997243,11542.199999972285,11542.249999972284,11653.499999970665,11657.549999970606,18.100000000000122,91.14999999999696,9.5,0,72.39999999999803,0.2,0,0.0,104.00000000000122
J001906,2023-01-03/WBEN,WBEN,AMR_40,G18_10,WS_2_20,"[""107323""]",1,11483.249999973143,11667.499999970461,11593.199999971543,11483.249999973143,11504.849999972828,11508.89999997277,11583.09999997169,11583.149999971689,11593.149999971543,11593.199999971543,11663.44999997052,11667.499999970461,18.100000000000122,111.5999999999958,9.5,0,44.79999999999959,0.25,0,20.0,108.00000000000156
J001907,2023-01-03/WJER,WJER,AMR_13,G20_12,WS_30_20,"[""125639"", ""139323""]",4,11491.69999997302,11792.899999968637,11747.749999969294,11491.69999997302,11639.049999970875,11643.099999970816,11737.64999996944,11737.69999996944,11747.699999969294,11747.749999969294,11788.849999968696,11792.899999968637,18.100000000000122,167.3000000000038,26.750000000000245,0,88.7999999999971,0.25,0,90.00000000000045,88.00000000000031
J001908,2023-01-03/WTML,WTML,AMR_18,G21_12,WS_13_20,"[""101102""]",2,11494.799999972975,11693.149999970088,11630.599999970998,11494.799999972975,11547.099999972213,11551.149999972155,11620.499999971145,11620.549999971145,11630.549999971,11630.599999970998,11689.099999970147,11693.149999970088,18.100000000000122,102.69999999999631,15.250000000000082,0,62.04999999999861,0.25,0,28.0,76.0000000000006
J001909,2023-01-03/WBEN,WBEN,AMR_15,G18_9,WS_2_20,"[""110322""]",1,11500.299999972895,11771.499999968948,11610.249999971295,11500.299999972895,11521.499999972586,11525.549999972527,11600.149999971442,11600.19999997144,11610.199999971295,11610.249999971295,11767.449999969007,11771.499999968948,18.100000000000122,151.9500000000003,21.050000000000164,0,79.8499999999976,0.25,0,18.0,152.0000000000002
J001910,2023-01-03/WJER,WJER,AMR_17,G9_12,WS_30_20,"[""101117"", ""124208""]",3,11508.549999972774,11700.699999969978,11645.949999970775,11508.549999972774,11508.549999972774,11512.599999972716,11635.849999970922,11635.899999970921,11645.899999970776,11645.949999970775,11696.649999970037,11700.699999969978,18.100000000000122,107.39999999999604,9.5,0,56.9499999999989,0.2,0,0.0,128.00000000000088
J001911,2023-01-03/WRAU,WRAU,AMR_27,G26_2,WS_8_20,"[""110433""]",1,11509.949999972754,11696.549999970039,11596.399999971496,11509.949999972754,11509.949999972754,11513.999999972695,11586.299999971643,11586.349999971642,11596.349999971497,11596.399999971496,11692.499999970098,11696.549999970039,18.100000000000122,127.19999999999492,11.450000000000028,0,29.650000000000286,0.2,0,0.0,151.99999999999918
J001912,2023-01-03/WTML,WTML,AMR_37,G9_9,WS_13_20,"[""134599""]",1,11511.849999972726,11632.949999970964,11596.499999971495,11511.849999972726,11526.499999972513,11530.549999972454,11586.399999971642,11586.44999997164,11596.449999971495,11596.499999971495,11628.899999971023,11632.949999970964,18.100000000000122,73.84999999999795,11.450000000000028,0,17.450000000000113,0.25,0,8.0,68.00000000000057
J001913,2023-01-03/WJER,WJER,AMR_02,G32_12,WS_30_20,"[""138468""]",1,11525.599999972526,11621.099999971137,11576.699999971783,11525.599999972526,11525.599999972526,11529.649999972467,11566.59999997193,11566.649999971929,11576.649999971783,11576.699999971783,11617.049999971196,11621.099999971137,18.100000000000122,50.049999999999294,9.55,0,17.600000000000115,0.2,0,0.0,48.0000000000003
J001914,2023-01-03/WTML,WTML,AMR_06,G6_10,WS_13_20,"[""101318""]",1,11528.499999972484,11668.99999997044,11613.549999971247,11528.499999972484,11533.899999972406,11537.949999972347,11603.449999971393,11603.499999971393,11613.499999971247,11613.549999971247,11664.949999970499,11668.99999997044,18.100000000000122,84.24999999999736,11.400000000000027,0,26.50000000000024,0.25,0,4.0,76.0000000000004
J001915,2023-01-03/WRAU,WRAU,AMR_12,G35_8,WS_8_20,"[""110380""]",2,11540.44999997231,11748.349999969285,11644.099999970802,11540.44999997231,11540.44999997231,11544.499999972251,11633.999999970949,11634.049999970948,11644.049999970803,11644.099999970802,11744.299999969344,11748.349999969285,18.100000000000122,156.85000000000142,13.350000000000055,0,19.40000000000014,0.2,0,0.0,195.9999999999935
J001916,2023-01-03/WBEN,WBEN,AMR_39,G29_8,WS_2_20,"[""110504"", ""112034""]",3,11542.299999972283,11731.799999969526,11661.39999997055,11542.299999972283,11542.299999972283,11546.349999972224,11651.299999970697,11651.349999970696,11661.349999970551,11661.39999997055,11727.749999969585,11731.799999969526,18.100000000000122,130.54999999999544,13.350000000000055,0,27.300000000000253,0.2,0,0.0,159.99999999999827
J001917,2023-01-03/WJER,WJER,AMR_25,G35_9,WS_30_20,"[""131589""]",1,11542.649999972278,11665.149999970496,11610.849999971286,11542.649999972278,11559.999999972026,11564.049999971967,11600.749999971433,11600.799999971432,11610.799999971287,11610.849999971286,11661.099999970555,11665.149999970496,18.100000000000122,78.54999999999768,15.250000000000082,0,10.350000000000012,0.25,0,10.0,68.00000000000036
J001918,2023-01-03/WTML,WTML,AMR_19,G21_10,WS_13_20,"[""110357""]",2,11545.149999972242,11693.549999970082,11647.64999997075,11545.149999972242,11567.599999971915,11571.649999971856,11637.549999970897,11637.599999970897,11647.599999970751,11647.64999997075,11689.499999970141,11693.549999970082,18.100000000000122,87.29999999999718,15.200000000000081,0,27.550000000000257,0.25,0,14.0,76.0000000000006
J001919,2023-01-03/WBEN,WBEN,AMR_22,G6_1,WS_2_20,"[""113203""]",1,11559.149999972038,11677.049999970322,11627.299999971046,11559.149999972038,11559.149999972038,11563.19999997198,11617.199999971193,11617.249999971193,11627.249999971047,11627.299999971046,11672.999999970381,11677.049999970322,18.100000000000122,82.59999999999745,6.649999999999984,0,10.350000000000012,0.2,0,0.0,104.00000000000185
J001920,2023-01-03/WJER,WJER,AMR_20,G23_9,WS_30_20,"[""110588""]",1,11559.69999997203,11756.399999969168,11713.64999996979,11559.69999997203,11640.349999970857,11644.399999970798,11703.549999969937,11703.599999969936,11713.59999996979,11713.64999996979,11752.349999969227,11756.399999969168,18.100000000000122,129.0499999999951,19.100000000000136,0,30.200000000000294,0.25,0,60.00000000000068,84.00000000000051
J001921,2023-01-03/WTML,WTML,AMR_36,G23_12,WS_13_20,"[""112087""]",1,11562.44999997199,11707.49999996988,11664.699999970502,11562.44999997199,11587.449999971626,11591.499999971567,11654.59999997065,11654.649999970648,11664.649999970503,11664.699999970502,11703.449999969938,11707.49999996988,18.100000000000122,89.44999999999706,13.350000000000055,0,23.900000000000205,0.25,0,20.0,76.0000000000006
J001922,2023-01-03/WBEN,WBEN,AMR_29,G20_10,WS_2_20,"[""111305""]",1,11576.19999997179,11799.899999968535,11695.499999970054,11576.19999997179,11602.599999971406,11606.649999971347,11685.399999970201,11685.4499999702,11695.449999970055,11695.499999970054,11795.849999968594,11799.899999968535,18.100000000000122,127.89999999999488,15.250000000000082,0,62.1999999999986,0.25,0,22.0,116.00000000000153
J001923,2023-01-03/WJER,WJER,AMR_16,G32_8,WS_30_20,"[""107312"", ""110519"", ""138355""]",3,11576.749999971782,11670.99999997041,11627.449999971044,11576.749999971782,11576.749999971782,11580.799999971723,11617.349999971191,11617.39999997119,11627.399999971045,11627.449999971044,11666.94999997047,11670.99999997041,18.100000000000122,60.249999999998714,9.55,0,6.149999999999986,0.2,0,0.0,64.00000000000053
J001924,2023-01-03/WTML,WTML,AMR_33,G3_12,WS_13_20,"[""110344""]",1,11579.499999971742,11745.349999969329,11681.749999970254,11579.499999971742,11604.199999971383,11608.249999971324,11671.649999970401,11671.6999999704,11681.699999970255,11681.749999970254,11741.299999969387,11745.349999969329,18.100000000000122,95.44999999999672,17.20000000000011,0,34.85000000000016,0.25,0,14.0,84.00000000000067
J001925,2023-01-03/WBEN,WBEN,AMR_10,G11_10,WS_2_20,"[""107219""]",1,11593.249999971542,11722.749999969657,11678.449999970302,11593.249999971542,11593.249999971542,11597.299999971483,11668.349999970449,11668.399999970448,11678.399999970303,11678.449999970302,11718.699999969716,11722.749999969657,18.100000000000122,70.49999999999814,7.599999999999981,0,33.10000000000026,0.2,0,0.0,80.00000000000105
J001926,2023-01-03/WJER,WJER,AMR_26,G23_8,WS_30_20,"[""125583""]",1,11594.199999971528,11814.64999996832,11764.799999969046,11594.199999971528,11648.899999970732,11652.949999970673,11754.699999969193,11754.749999969192,11764.749999969046,11764.799999969046,11810.599999968379,11814.64999996832,18.100000000000122,127.79999999999488,18.150000000000123,0,56.14999999999895,0.25,0,46.00000000000004,92.00000000000045
J001927,2023-01-03/WTML,WTML,AMR_01,G5_10,WS_13_20,"[""134639""]",1,11596.549999971494,11746.299999969315,11698.799999970006,11596.549999971494,11615.199999971222,11619.249999971164,11688.699999970153,11688.749999970152,11698.749999970007,11698.799999970006,11742.249999969374,11746.299999969315,18.100000000000122,91.99999999999692,14.300000000000068,0,25.10000000000022,0.25,0,14.0,80.0000000000004
J001928,2023-01-03/WBEN,WBEN,AMR_38,G20_9,WS_2_20,"[""101155""]",1,11610.299999971294,11892.699999967184,11811.699999968363,11610.299999971294,11738.999999969421,11743.049999969362,11801.59999996851,11801.64999996851,11811.649999968364,11811.699999968363,11888.649999967243,11892.699999967184,18.100000000000122,197.15000000001058,26.850000000000247,0,40.04999999999986,0.25,0,80.00000000000065,156.00000000000003
J001929,2023-01-03/WJER,WJER,AMR_08,G32_6,WS_30_20,"[""140079""]",1,11610.899999971285,11736.749999969454,11696.44999997004,11610.899999971285,11633.799999970952,11637.849999970893,11686.349999970187,11686.399999970186,11696.39999997004,11696.44999997004,11732.699999969513,11736.749999969454,18.100000000000122,88.19999999999713,15.300000000000082,0,3.999999999999994,0.25,0,18.0,80.0000000000008
J001930,2023-01-03/WTML,WTML,AMR_30,G18_8,WS_13_20,"[""133306""]",1,11613.599999971246,11825.549999968162,11773.599999968917,11613.599999971246,11665.849999970485,11669.899999970427,11763.499999969064,11763.549999969064,11773.549999968918,11773.599999968917,11821.49999996822,11825.549999968162,18.100000000000122,107.89999999999601,13.350000000000055,0,72.34999999999803,0.25,0,36.00000000000003,80.00000000000097
J001931,2023-01-03/WBEN,WBEN,AMR_02,G23_10,WS_2_20,"[""124034""]",1,11627.349999971046,11857.049999967703,11794.599999968612,11627.349999971046,11652.599999970678,11656.64999997062,11784.499999968759,11784.549999968758,11794.549999968613,11794.599999968612,11852.999999967762,11857.049999967703,18.100000000000122,127.4499999999949,12.35000000000004,0,71.54999999999808,0.25,0,22.0,128.00000000000207
J001932,2023-01-03/WJER,WJER,AMR_34,G38_8,WS_30_20,"[""107328""]",2,11627.499999971044,11781.299999968805,11730.699999969542,11627.499999971044,11655.89999997063,11659.949999970571,11720.599999969689,11720.649999969688,11730.649999969542,11730.699999969542,11777.249999968864,11781.299999968805,18.100000000000122,91.59999999999694,15.300000000000082,0,28.55000000000027,0.25,0,14.0,84.00000000000044
J001933,2023-01-03/WTML,WTML,AMR_11,G24_13,WS_13_20,"[""117146""]",1,11630.649999970998,11789.099999968692,11720.199999969695,11630.649999970998,11664.749999970501,11668.799999970443,11710.099999969842,11710.14999996984,11720.149999969695,11720.199999969695,11785.04999996875,11789.099999968692,18.100000000000122,103.64999999999625,15.300000000000082,0,21.150000000000166,0.25,0,30.0,84.00000000000031
J001934,2023-01-03/WBEN,WBEN,AMR_35,G26_12,WS_2_20,"[""110590""]",1,11644.399999970798,11895.69999996714,11771.549999968947,11644.399999970798,11674.899999970354,11678.949999970295,11761.449999969094,11761.499999969094,11771.499999968948,11771.549999968947,11891.6499999672,11895.69999996714,18.100000000000122,131.94999999999575,17.15000000000011,0,83.84999999999738,0.25,0,12.0,136.00000000000094
J001935,2023-01-03/WJER,WJER,AMR_28,G20_8,WS_30_20,"[""107254""]",1,11645.999999970774,11945.89999996641,11880.299999967365,11645.999999970774,11756.549999969166,11760.599999969107,11870.199999967512,11870.249999967511,11880.249999967366,11880.299999967365,11941.84999996647,11945.89999996641,18.100000000000122,173.30000000000516,24.90000000000022,0,83.34999999999741,0.25,0,84.00000000000136,104.00000000000043
J001936,2023-01-03/WTML,WTML,AMR_07,G2_12,WS_13_20,"[""122697""]",2,11647.69999997075,11803.449999968483,11756.549999969166,11647.69999997075,11673.04999997038,11677.099999970322,11746.449999969313,11746.499999969312,11756.499999969166,11756.549999969166,11799.399999968542,11803.449999968483,18.100000000000122,95.8499999999967,16.200000000000095,0,25.350000000000225,0.25,0,10.0,92.0000000000012
J001937,2023-01-03/WBEN,WBEN,AMR_31,G21_2,WS_2_20,"[""110397""]",1,11661.44999997055,11943.499999966445,11862.69999996762,11661.44999997055,11761.399999969095,11765.449999969036,11852.599999967768,11852.649999967767,11862.649999967622,11862.69999996762,11939.449999966504,11943.499999966445,18.100000000000122,180.5500000000068,20.10000000000015,0,63.049999999998555,0.25,0,52.0000000000003,163.99999999999855
J001938,2023-01-03/WTML,WTML,AMR_14,G0_15,WS_13_20,"[""107317""]",1,11664.749999970501,11779.64999996883,11739.649999969412,11664.749999970501,11686.049999970191,11690.099999970133,11729.549999969558,11729.599999969558,11739.599999969412,11739.649999969412,11775.599999968888,11779.64999996883,18.100000000000122,83.5499999999974,11.450000000000028,0,1.5500000000000007,0.25,0,17.999999999999996,80.00000000000087
J001939,2023-01-03/WBEN,WBEN,AMR_40,G26_9,WS_2_20,"[""110374""]",1,11678.499999970301,12042.14999996501,11967.1999999661,11678.499999970301,11832.899999968055,11836.949999967996,11957.099999966247,11957.149999966246,11967.149999966101,11967.1999999661,12038.099999965068,12042.14999996501,18.100000000000122,190.35000000000903,21.950000000000177,0,132.999999999996,0.25,0,78.00000000000071,144.00000000000145
J001940,2023-01-03/WTML,WTML,AMR_04,G21_8,WS_13_20,"[""107573""]",1,11681.799999970253,11880.199999967366,11814.149999968327,11681.799999970253,11756.19999996917,11760.249999969112,11804.049999968474,11804.099999968474,11814.099999968328,11814.149999968327,11876.149999967425,11880.199999967366,18.100000000000122,124.94999999999504,17.20000000000011,0,37.899999999999984,0.25,0,44.00000000000031,92.00000000000068
J001941,2023-01-03/WBEN,WBEN,AMR_18,G21_12,WS_2_20,"[""112073""]",1,11695.549999970053,11888.599999967244,11828.599999968117,11695.549999970053,11695.549999970053,11699.599999969994,11818.499999968264,11818.549999968263,11828.549999968118,11828.599999968117,11884.549999967303,11888.599999967244,18.100000000000122,103.04999999999629,12.400000000000041,0,59.29999999999877,0.2,0,0.0,120.00000000000193
J001942,2023-01-03/WJER,WJER,AMR_19,G26_8,WS_30_20,"[""107334"", ""137523""]",3,11696.49999997004,11914.399999966869,11846.199999967861,11696.49999997004,11747.099999969303,11751.149999969244,11836.099999968008,11836.149999968007,11846.149999967862,11846.199999967861,11910.349999966927,11914.399999966869,18.100000000000122,109.34999999999593,16.200000000000095,0,73.99999999999794,0.25,0,34.0,80.00000000000048
J001943,2023-01-03/WTML,WTML,AMR_27,G26_13,WS_13_20,"[""107192""]",1,11698.849999970005,11870.499999967507,11797.199999968574,11698.849999970005,11741.499999969385,11745.549999969326,11787.099999968721,11787.14999996872,11797.149999968575,11797.199999968574,11866.449999967566,11870.499999967507,18.100000000000122,99.69999999999648,15.300000000000082,0,38.29999999999996,0.25,0,26.0,84.00000000000031
J001944,2023-01-03/WJER,WJER,AMR_36,G17_12,WS_30_20,"[""123304""]",1,11713.69999996979,11956.399999966257,11897.349999967117,11713.69999996979,11749.099999969274,11753.149999969215,11887.249999967264,11887.299999967263,11897.299999967117,11897.349999967117,11952.349999966316,11956.399999966257,18.100000000000122,117.79999999999545,16.250000000000096,0,90.29999999999701,0.25,0,16.0,100.00000000000026
J001945,2023-01-03/WTML,WTML,AMR_06,G3_9,WS_13_20,"[""110153""]",1,11720.249999969694,11881.199999967352,11831.349999968077,11720.249999969694,11756.89999996916,11760.949999969102,11821.249999968224,11821.299999968223,11831.299999968078,11831.349999968077,11877.14999996741,11881.199999967352,18.100000000000122,97.34999999999661,15.250000000000082,0,30.00000000000029,0.25,0,12.0,92.00000000000101
J001946,2023-01-03/WJER,WJER,AMR_10,G15_12,WS_30_20,"[""107280""]",1,11730.749999969541,11955.199999966275,11829.14999996811,11730.749999969541,11746.999999969305,11751.049999969246,11819.049999968256,11819.099999968255,11829.09999996811,11829.14999996811,11951.149999966334,11955.199999966275,18.100000000000122,115.94999999999555,12.35000000000004,0,77.79999999999772,0.25,0,12.0,112.00000000000037
J001947,2023-01-03/WTML,WTML,AMR_17,G0_9,WS_13_20,"[""131976""]",1,11739.69999996941,11925.699999966704,11865.44999996758,11739.69999996941,11766.649999969019,11770.69999996896,11855.349999967728,11855.399999967727,11865.399999967582,11865.44999996758,11921.649999966763,11925.699999966704,18.100000000000122,118.5499999999954,17.15000000000011,0,31.95000000000032,0.25,0,23.999999999999954,104.0000000000013
J001948,2023-01-03/WJER,WJER,AMR_39,G29_8,WS_30_20,"[""110232""]",1,11747.799999969293,11850.3999999678,11811.84999996836,11747.799999969293,11747.799999969293,11751.849999969234,11801.749999968508,11801.799999968507,11811.799999968362,11811.84999996836,11846.349999967859,11850.3999999678,18.100000000000122,70.24999999999815,11.450000000000028,0,2.5999999999999988,0.2,0,0.0,76.00000000000048
J001949,2023-01-03/WTML,WTML,AMR_20,G23_9,WS_13_20,"[""110588""]",3,11756.599999969165,11911.749999966907,11848.399999967829,11756.599999969165,11756.599999969165,11760.649999969106,11838.299999967976,11838.349999967975,11848.34999996783,11848.399999967829,11907.699999966966,11911.749999966907,18.100000000000122,81.39999999999752,11.450000000000028,0,43.99999999999964,0.2,0,0.0,88.00000000000074
J001950,2023-01-03/WJER,WJER,AMR_12,G35_8,WS_30_20,"[""110380""]",1,11764.849999969045,11909.899999966934,11863.249999967613,11764.849999969045,11764.849999969045,11768.899999968986,11853.14999996776,11853.19999996776,11863.199999967614,11863.249999967613,11905.849999966993,11909.899999966934,18.100000000000122,71.1999999999981,11.450000000000028,0,44.09999999999963,0.2,0,0.0,72.00000000000053
J001951,2023-01-03/WBEN,WBEN,AMR_09,G3_1,WS_2_20,"[""107383""]",1,11771.599999968947,11893.499999967173,11845.649999967869,11771.599999968947,11771.599999968947,11775.649999968888,11835.549999968016,11835.599999968015,11845.59999996787,11845.649999967869,11889.449999967232,11893.499999967173,18.100000000000122,75.79999999999784,7.649999999999981,0,20.15000000000015,0.2,0,0.0,92.0000000000013
J001952,2023-01-03/WTML,WTML,AMR_15,G18_10,WS_13_20,"[""107323""]",1,11773.649999968917,11923.999999966729,11882.499999967333,11773.649999968917,11777.649999968859,11781.6999999688,11872.39999996748,11872.449999967479,11882.449999967333,11882.499999967333,11919.949999966788,11923.999999966729,18.100000000000122,73.89999999999795,10.450000000000014,0,47.64999999999943,0.25,0,2.0,72.00000000000063
J001953,2023-01-03/WBEN,WBEN,AMR_13,G20_12,WS_2_20,"[""125639""]",1,11794.649999968611,11955.49999996627,11879.749999967373,11794.649999968611,11794.649999968611,11798.699999968552,11869.64999996752,11869.699999967519,11879.699999967374,11879.749999967373,11951.44999996633,11955.49999996627,18.100000000000122,88.44999999999712,8.549999999999986,0,45.54999999999955,0.2,0,0.0,108.00000000000188
J001954,2023-01-03/WTML,WTML,AMR_24,G29_13,WS_13_20,"[""101030""]",1,11797.249999968573,11971.949999966031,11899.399999967087,11797.249999968573,11819.49999996825,11823.54999996819,11889.299999967234,11889.349999967233,11899.349999967088,11899.399999967087,11967.89999996609,11971.949999966031,18.100000000000122,102.49999999999632,12.450000000000042,0,41.399999999999785,0.25,0,24.0,96.00000000000054
J001955,2023-01-03/WBEN,WBEN,AMR_11,G29_9,WS_2_20,"[""101325""]",1,11811.749999968362,12077.949999964489,12001.299999965604,11811.749999968362,11837.899999967982,11841.949999967923,11991.199999965751,11991.24999996575,12001.249999965605,12001.299999965604,12073.899999964548,12077.949999964489,18.100000000000122,150.75000000000003,15.300000000000082,0,81.7999999999975,0.25,0,18.0,155.99999999999986
J001956,2023-01-03/WJER,WJER,AMR_08,G28_2,WS_30_20,"[""113093""]",1,11811.89999996836,11964.999999966132,11914.399999966869,11811.89999996836,11834.54999996803,11838.599999967972,11904.299999967016,11904.349999967015,11914.34999996687,11914.399999966869,11960.949999966191,11964.999999966132,18.100000000000122,108.64999999999597,18.150000000000123,0,7.94999999999998,0.25,0,16.0,104.00000000000132
J001957,2023-01-03/WTML,WTML,AMR_16,G29_10,WS_13_20,"[""111833""]",1,11814.199999968327,12068.699999964623,11974.349999965996,11814.199999968327,11835.449999968017,11839.499999967959,11964.249999966143,11964.299999966142,11974.299999965997,11974.349999965996,12064.649999964682,12068.699999964623,18.100000000000122,120.79999999999528,15.300000000000082,0,100.04999999999646,0.25,0,14.0,108.00000000000082
J001958,2023-01-03/WBEN,WBEN,AMR_25,G35_9,WS_2_20,"[""110480""]",1,11828.649999968116,12055.799999964811,11950.149999966348,11828.649999968116,11828.649999968116,11832.699999968057,11940.049999966495,11940.099999966495,11950.099999966349,11950.149999966348,12051.74999996487,12055.799999964811,18.100000000000122,181.05000000000692,11.450000000000028,0,16.350000000000097,0.2,0,0.0,239.99999999998792
J001959,2023-01-03/WJER,WJER,AMR_26,G27_2,WS_30_20,"[""112329""]",1,11829.199999968108,11978.049999965942,11931.44999996662,11829.199999968108,11856.849999967706,11860.899999967647,11921.349999966767,11921.399999966767,11931.399999966621,11931.44999996662,11973.999999966001,11978.049999965942,18.100000000000122,102.44999999999632,16.250000000000096,0,11.800000000000033,0.25,0,23.99999999999999,92.0000000000011
J001960,2023-01-03/WTML,WTML,AMR_22,G12_1,WS_13_20,"[""135545""]",1,11831.399999968076,11973.249999966012,11916.599999966837,11831.399999968076,11852.799999967765,11856.849999967706,11906.499999966984,11906.549999966983,11916.549999966837,11916.599999966837,11969.199999966071,11973.249999966012,18.100000000000122,101.54999999999637,13.300000000000054,0,8.649999999999988,0.25,0,16.000000000000004,100.00000000000146
J001961,2023-01-03/WBEN,WBEN,AMR_23,G38_15,WS_2_20,"[""112372""]",1,11845.699999967868,12058.999999964764,11932.999999966598,11845.699999967868,11845.699999967868,11849.74999996781,11922.899999966745,11922.949999966744,11932.949999966599,11932.999999966598,12054.949999964823,12058.999999964764,18.100000000000122,135.79999999999663,9.55,0,49.64999999999932,0.2,0,0.0,167.99999999999795
J001962,2023-01-03/WJER,WJER,AMR_05,G14_9,WS_30_20,"[""101080""]",1,11846.24999996786,12014.549999965411,11954.599999966284,11846.24999996786,11863.49999996761,11867.54999996755,11944.49999996643,11944.54999996643,11954.549999966284,11954.599999966284,12010.49999996547,12014.549999965411,18.100000000000122,117.54999999999546,15.300000000000082,0,17.100000000000108,0.25,0,12.0,124.00000000000051
J001963,2023-01-03/WTML,WTML,AMR_29,G23_8,WS_13_20,"[""110401""]",1,11848.449999967828,12070.94999996459,12008.4499999655,11848.449999967828,11869.549999967521,11873.599999967462,11998.349999965647,11998.399999965646,12008.3999999655,12008.4499999655,12066.89999996465,12070.94999996459,18.100000000000122,109.8499999999959,16.250000000000096,0,78.04999999999771,0.25,0,14.0,92.00000000000071
J001964,2023-01-03/WBEN,WBEN,AMR_32,G38_13,WS_2_20,"[""107204""]",1,11862.74999996762,12146.999999963484,11984.249999965852,11862.74999996762,11879.99999996737,11884.04999996731,11974.149999965999,11974.199999965998,11984.199999965853,11984.249999965852,12142.949999963543,12146.999999963484,18.100000000000122,155.30000000000106,15.300000000000082,0,95.29999999999673,0.25,0,12.0,175.99999999999707
J001965,2023-01-03/WJER,WJER,AMR_01,G12_10,WS_30_20,"[""110568""]",2,11863.299999967612,12063.899999964693,11994.7499999657,11863.299999967612,11888.999999967238,11893.04999996718,11984.649999965846,11984.699999965846,11994.6999999657,11994.7499999657,12059.849999964752,12063.899999964693,18.100000000000122,117.44999999999547,12.400000000000041,0,52.39999999999916,0.25,0,18.0,120.00000000000063
J001966,2023-01-03/WTML,WTML,AMR_02,G23_10,WS_13_20,"[""110589""]",1,11865.49999996758,12054.399999964831,11991.399999965748,11865.49999996758,11865.49999996758,11869.549999967521,11981.299999965895,11981.349999965894,11991.349999965749,11991.399999965748,12050.34999996489,12054.399999964831,18.100000000000122,104.99999999999618,10.450000000000014,0,55.149999999999004,0.2,0,0.0,120.00000000000168
J001967,2023-01-03/WBEN,WBEN,AMR_34,G38_12,WS_2_20,"[""123305""]",1,11879.799999967372,12183.749999962949,12036.499999965092,11879.799999967372,11897.049999967121,11901.099999967062,12026.399999965239,12026.449999965238,12036.449999965093,12036.499999965092,12179.699999963008,12183.749999962949,18.100000000000122,166.9000000000037,13.350000000000055,0,105.34999999999616,0.25,0,12.0,183.99999999999616
J001968,2023-01-03/WJER,WJER,AMR_37,G9_13,WS_30_20,"[""110219""]",2,11880.349999967364,12152.899999963398,12045.849999964956,11880.349999967364,11925.34999996671,11929.39999996665,12035.749999965103,12035.799999965102,12045.799999964956,12045.849999964956,12148.849999963457,12152.899999963398,18.100000000000122,143.44999999999837,19.100000000000136,0,91.64999999999694,0.25,0,36.000000000000014,124.00000000000054
J001969,2023-01-03/WTML,WTML,AMR_39,G26_2,WS_13_20,"[""123272""]",1,11882.549999967332,12095.799999964229,12025.499999965252,11882.549999967332,11906.299999966986,11910.349999966927,12015.399999965399,12015.449999965398,12025.449999965253,12025.499999965252,12091.749999964288,12095.799999964229,18.100000000000122,136.39999999999677,15.250000000000082,0,43.24999999999968,0.25,0,17.999999999999996,136.00000000000122
J001970,2023-01-03/WJER,WJER,AMR_03,G9_10,WS_30_20,"[""107224""]",1,11897.399999967116,12122.699999963837,12028.799999965204,11897.399999967116,11911.999999966903,11916.049999966845,12018.69999996535,12018.74999996535,12028.749999965205,12028.799999965204,12118.649999963896,12122.699999963837,18.100000000000122,130.29999999999538,17.20000000000011,0,59.44999999999876,0.25,0,8.0,139.99999999999955
J001971,2023-01-03/WTML,WTML,AMR_35,G26_12,WS_13_20,"[""101146""]",1,11899.449999967086,12033.049999965142,11957.399999966243,11899.449999967086,11899.449999967086,11903.499999967027,11947.29999996639,11947.349999966389,11957.349999966244,11957.399999966243,12028.999999965201,12033.049999965142,18.100000000000122,78.1499999999977,9.55,0,27.600000000000257,0.2,0,0.0,88.00000000000045
J001972,2023-01-03/WJER,WJER,AMR_33,G9_9,WS_30_20,"[""115770""]",1,11914.449999966868,12142.149999963554,12062.899999964708,11914.449999966868,11937.599999966531,11941.649999966472,12052.799999964855,12052.849999964854,12062.849999964708,12062.899999964708,12138.099999963613,12142.149999963554,18.100000000000122,136.4999999999968,13.300000000000054,0,59.549999999998754,0.25,0,18.0,136.00000000000006
J001973,2023-01-03/WTML,WTML,AMR_21,G35_12,WS_13_20,"[""107327""]",1,11916.649999966836,12169.94999996315,12042.549999965004,11916.649999966836,11931.249999966623,11935.299999966564,12032.44999996515,12032.49999996515,12042.499999965004,12042.549999965004,12165.899999963209,12169.94999996315,18.100000000000122,117.54999999999546,13.400000000000055,0,103.99999999999623,0.25,0,8.0,124.00000000000055
J001974,2023-01-03/WJER,WJER,AMR_15,G18_10,WS_30_20,"[""107323""]",2,11931.49999996662,12068.849999964621,12011.749999965452,11931.49999996662,11931.49999996662,11935.54999996656,12001.649999965599,12001.699999965598,12011.699999965453,12011.749999965452,12064.79999996468,12068.849999964621,18.100000000000122,88.7999999999971,9.5,0,20.75000000000016,0.2,0,0.0,96.0000000000002
J001975,2023-01-03/WBEN,WBEN,AMR_20,G23_9,WS_2_20,"[""124483""]",1,11933.049999966597,12104.499999964102,12019.49999996534,11933.049999966597,11933.049999966597,11937.099999966538,12009.399999965486,12009.449999965485,12019.44999996534,12019.49999996534,12100.449999964161,12104.499999964102,18.100000000000122,142.19999999999808,9.55,0,1.4000000000000006,0.2,0,0.0,191.99999999999525
J001976,2023-01-03/WBEN,WBEN,AMR_12,G35_8,WS_2_20,"[""112359""]",1,11950.199999966348,12148.249999963466,12055.449999964816,11950.199999966348,11950.199999966348,11954.249999966289,12045.349999964963,12045.399999964962,12055.399999964817,12055.449999964816,12144.199999963525,12148.249999963466,18.100000000000122,148.34999999999948,13.350000000000055,0,18.05000000000012,0.2,0,0.0,183.99999999999667
J001977,2023-01-03/WJER,WJER,AMR_07,G6_13,WS_30_20,"[""101017""]",1,11954.649999966283,12232.199999962244,12138.199999963612,11954.649999966283,11978.449999965937,11982.499999965878,12128.099999963759,12128.149999963758,12138.149999963613,12138.199999963612,12228.149999962303,12232.199999962244,18.100000000000122,151.40000000000018,18.150000000000123,0,89.64999999999705,0.25,0,17.999999999999986,155.99999999999815
J001978,2023-01-03/WTML,WTML,AMR_18,G35_10,WS_13_20,"[""111367""]",1,11957.449999966242,12276.249999961603,12207.299999962606,11957.449999966242,12072.29999996457,12076.349999964512,12197.199999962753,12197.249999962753,12207.249999962607,12207.299999962606,12272.199999961662,12276.249999961603,18.100000000000122,187.40000000000836,22.85000000000019,0,90.19999999999702,0.25,0,88.0000000000011,132.00000000000068
J001979,2023-01-03/WBEN,WBEN,AMR_08,G38_9,WS_2_20,"[""140089""]",1,11967.2499999661,12321.449999960945,12235.599999962194,11967.2499999661,12003.549999965571,12007.599999965512,12225.499999962341,12225.54999996234,12235.549999962195,12235.599999962194,12317.399999961004,12321.449999960945,18.100000000000122,251.3000000000229,27.70000000000026,0,56.84999999999891,0.25,0,33.999999999999986,279.9999999999825
J001980,2023-01-03/WTML,WTML,AMR_24,G39_10,WS_13_20,"[""112233""]",1,11974.399999965995,12218.349999962446,12149.799999963443,11974.399999965995,12058.899999964766,12062.949999964707,12139.69999996359,12139.74999996359,12149.749999963444,12149.799999963443,12214.299999962504,12218.349999962446,18.100000000000122,179.30000000000652,22.05000000000018,0,24.25000000000021,0.25,0,66.00000000000044,151.99999999999716
J001981,2023-01-03/WBEN,WBEN,AMR_13,G29_13,WS_2_20,"[""110109""]",1,11984.299999965851,12174.249999963087,12102.64999996413,11984.299999965851,12029.0499999652,12033.099999965141,12092.549999964276,12092.599999964275,12102.59999996413,12102.64999996413,12170.199999963146,12174.249999963087,18.100000000000122,146.34999999999903,15.300000000000082,0,9.950000000000006,0.25,0,36.000000000000014,148.00000000000082
J001982,2023-01-03/WTML,WTML,AMR_26,G27_2,WS_13_20,"[""112329""]",1,11991.449999965747,12184.499999962938,12071.949999964576,11991.449999965747,11991.449999965747,11995.499999965688,12061.849999964723,12061.899999964722,12071.899999964577,12071.949999964576,12180.449999962997,12184.499999962938,18.100000000000122,113.24999999999571,11.450000000000028,0,50.049999999999294,0.2,0,0.0,132.00000000000185
J001983,2023-01-03/WJER,WJER,AMR_22,G11_1,WS_30_20,"[""110208""]",1,11994.799999965699,12250.599999961976,12165.399999963216,11994.799999965699,11998.749999965641,12002.799999965582,12155.299999963363,12155.349999963362,12165.349999963217,12165.399999963216,12246.549999962035,12250.599999961976,18.100000000000122,139.49999999999747,11.400000000000027,0,86.54999999999723,0.25,0,2.0,167.99999999999608
J001984,2023-01-03/WBEN,WBEN,AMR_27,G38_8,WS_2_20,"[""123788""]",2,12001.349999965603,12300.049999961257,12194.149999962798,12001.349999965603,12053.449999964845,12057.499999964786,12184.049999962945,12184.099999962944,12194.099999962798,12194.149999962798,12295.999999961316,12300.049999961257,18.100000000000122,213.35000000001426,22.95000000000019,0,44.049999999999635,0.25,0,38.000000000000114,223.99999999998985
J001985,2023-01-03/WTML,WTML,AMR_19,G39_9,WS_13_20,"[""123305""]",1,12008.4999999655,12316.749999961014,12241.649999962106,12008.4999999655,12066.049999964662,12070.099999964603,12231.549999962253,12231.599999962253,12241.599999962107,12241.649999962106,12312.699999961073,12316.749999961014,18.100000000000122,181.8500000000071,19.100000000000136,0,88.94999999999709,0.25,0,56.000000000000384,159.99999999999645
J001986,2023-01-03/WJER,WJER,AMR_06,G3_12,WS_30_20,"[""110386""]",2,12011.799999965451,12286.249999961457,12215.799999962483,12011.799999965451,12074.049999964545,12078.099999964486,12205.69999996263,12205.749999962629,12215.749999962483,12215.799999962483,12282.199999961516,12286.249999961457,18.100000000000122,178.20000000000627,21.000000000000163,0,56.899999999998904,0.25,0,50.000000000000384,155.99999999999784
J001987,2023-01-03/WJER,WJER,AMR_14,G2_12,WS_30_20,"[""122697""]",1,12028.849999965203,12254.249999961923,12181.799999962977,12028.849999965203,12048.149999964922,12052.199999964863,12171.699999963124,12171.749999963124,12181.749999962978,12181.799999962977,12250.199999961982,12254.249999961923,18.100000000000122,143.04999999999828,13.350000000000055,0,50.64999999999926,0.25,0,10.0,159.9999999999975
J001988,2023-01-03/WJER,WJER,AMR_09,G3_8,WS_30_20,"[""107387""]",1,12045.899999964955,12285.199999961473,12198.74999996273,12045.899999964955,12067.149999964646,12071.199999964587,12188.649999962878,12188.699999962877,12198.699999962731,12198.74999996273,12281.149999961532,12285.199999961473,18.100000000000122,163.05000000000283,15.300000000000082,0,42.59999999999972,0.25,0,17.999999999999996,183.99999999999415
J001989,2023-01-03/WTML,WTML,AMR_25,G35_9,WS_13_20,"[""101219""]",1,12055.84999996481,12229.149999962288,12166.849999963195,12055.84999996481,12055.84999996481,12059.899999964751,12156.749999963342,12156.799999963341,12166.799999963196,12166.849999963195,12225.099999962347,12229.149999962288,18.100000000000122,114.69999999999563,11.450000000000028,0,28.850000000000275,0.2,0,0.0,135.99999999999991
J001990,2023-01-03/WTML,WTML,AMR_23,G38_15,WS_13_20,"[""112372""]",1,12059.049999964764,12200.999999962698,12132.499999963695,12059.049999964764,12059.049999964764,12063.099999964705,12122.399999963842,12122.449999963841,12132.449999963696,12132.499999963695,12196.949999962757,12200.999999962698,18.100000000000122,101.44999999999638,7.649999999999981,0,14.550000000000072,0.2,0,0.0,124.00000000000036
J001991,2023-01-03/WJER,WJER,AMR_17,G0_15,WS_30_20,"[""124702""]",1,12062.949999964707,12292.699999961364,12232.849999962235,12062.949999964707,12082.849999964417,12086.899999964358,12222.749999962381,12222.79999996238,12232.799999962235,12232.849999962235,12288.649999961423,12292.699999961364,18.100000000000122,137.14999999999694,10.500000000000014,0,63.749999999998515,0.25,0,16.000000000000004,147.9999999999983
J001992,2023-01-03/WTML,WTML,AMR_32,G38_13,WS_13_20,"[""107204""]",1,12147.049999963483,12285.499999961468,12224.599999962355,12147.049999963483,12147.049999963483,12151.099999963424,12214.499999962502,12214.5499999625,12224.549999962355,12224.599999962355,12281.449999961527,12285.499999961468,18.100000000000122,103.44999999999627,9.55,0,7.149999999999983,0.2,0,0.0,132.0000000000003
